analysis_mode,configuration_id,E_x,L_x,R_x,depth,depth_centered,depth_z,budget,log2_budget,initialization_id,parameter_id,parameter_index,block_index,qubit_index,cost_type_x,gamma,n_replicates,mu_hat,exact_gradient,shot_variance,shot_sd,zero_variance_flag,SNR_est,SNR_exact,bias,absolute_bias,sign_agreement,signed_mean_ci_lo,signed_mean_ci_hi,signed_mean_ci_excludes_zero,E_y,L_y,R_y,cost_type_y,total_requested_shots,total_realized_shots,total_jobs,shifted_jobs,forward_feature_jobs,node_jacobian_jobs,objective_observable_jobs,objective_observable_settings,minimum_shots_per_job,mean_shots_per_job,median_shots_per_job,maximum_shots_per_job,zero_shot_jobs,base_shots,remainder_shots,remainder_policy
finite_shot_conditional,1,0,0,0,1,-2.2,-1.2787240261820123,250,7.965784284662087,0,theta_ell1_q3,3,1,3,global,0.0,30,0.0,0.00019226921154968935,0.0,0.0,True,,inf,-0.00019226921154968935,0.00019226921154968935,False,0.0,0.0,False,0,0,0,global,250,250,8,8,0,0,8,1,31,31.25,31.0,32,0,31,2,"sorted(block,parameter,shift,basis)"
finite_shot_conditional,1,0,0,0,1,-2.2,-1.2787240261820123,250,7.965784284662087,4,theta_ell1_q0,0,1,0,global,0.0,30,0.0,-0.00041155408405041394,0.0,0.0,True,,inf,0.00041155408405041394,0.00041155408405041394,False,0.0,0.0,False,0,0,0,global,250,250,8,8,0,0,8,1,31,31.25,31.0,32,0,31,2,"sorted(block,parameter,shift,basis)"
finite_shot_conditional,1,0,0,0,1,-2.2,-1.2787240261820123,250,7.965784284662087,4,theta_ell1_q3,3,1,3,global,0.0,30,0.0,-0.00013293210108400455,0.0,0.0,True,,inf,0.00013293210108400455,0.00013293210108400455,False,0.0,0.0,False,0,0,0,global,250,250,8,8,0,0,8,1,31,31.25,31.0,32,0,31,2,"sorted(block,parameter,shift,basis)"
finite_shot_conditional,1,0,0,0,1,-2.2,-1.2787240261820123,250,7.965784284662087,5,theta_ell1_q1,1,1,1,global,0.0,30,0.0,-0.00018749078105451122,0.0,0.0,True,,inf,0.00018749078105451122,0.00018749078105451122,False,0.0,0.0,False,0,0,0,global,250,250,8,8,0,0,8,1,31,31.25,31.0,32,0,31,2,"sorted(block,parameter,shift,basis)"
finite_shot_conditional,1,0,0,0,1,-2.2,-1.2787240261820123,250,7.965784284662087,7,theta_ell1_q2,2,1,2,global,0.0,30,0.0,0.000585495639077227,0.0,0.0,True,,inf,-0.000585495639077227,0.000585495639077227,False,0.0,0.0,False,0,0,0,global,250,250,8,8,0,0,8,1,31,31.25,31.0,32,0,31,2,"sorted(block,parameter,shift,basis)"
finite_shot_conditional,1,0,0,0,1,-2.2,-1.2787240261820123,250,7.965784284662087,7,theta_ell1_q3,3,1,3,global,0.0,30,0.0,-0.0003842868494318141,0.0,0.0,True,,inf,0.0003842868494318141,0.0003842868494318141,False,0.0,0.0,False,0,0,0,global,250,250,8,8,0,0,8,1,31,31.25,31.0,32,0,31,2,"sorted(block,parameter,shift,basis)"
finite_shot_conditional,1,0,0,0,1,-2.2,-1.2787240261820123,250,7.965784284662087,8,theta_ell1_q2,2,1,2,global,0.0,30,0.0,0.0003391040805610368,0.0,0.0,True,,inf,-0.0003391040805610368,0.0003391040805610368,False,0.0,0.0,False,0,0,0,global,250,250,8,8,0,0,8,1,31,31.25,31.0,32,0,31,2,"sorted(block,parameter,shift,basis)"
finite_shot_conditional,1,0,0,0,1,-2.2,-1.2787240261820123,250,7.965784284662087,8,theta_ell1_q3,3,1,3,global,0.0,30,0.0,0.0006501557033453675,0.0,0.0,True,,inf,-0.0006501557033453675,0.0006501557033453675,False,0.0,0.0,False,0,0,0,global,250,250,8,8,0,0,8,1,31,31.25,31.0,32,0,31,2,"sorted(block,parameter,shift,basis)"
finite_shot_conditional,1,0,0,0,1,-2.2,-1.2787240261820123,250,7.965784284662087,14,theta_ell1_q0,0,1,0,global,0.0,30,0.0,1.3354923955599673e-07,0.0,0.0,True,,inf,-1.3354923955599673e-07,1.3354923955599673e-07,False,0.0,0.0,False,0,0,0,global,250,250,8,8,0,0,8,1,31,31.25,31.0,32,0,31,2,"sorted(block,parameter,shift,basis)"
finite_shot_conditional,1,0,0,0,1,-2.2,-1.2787240261820123,250,7.965784284662087,14,theta_ell1_q2,2,1,2,global,0.0,30,0.0,6.788113676714502e-08,0.0,0.0,True,,inf,-6.788113676714502e-08,6.788113676714502e-08,False,0.0,0.0,False,0,0,0,global,250,250,8,8,0,0,8,1,31,31.25,31.0,32,0,31,2,"sorted(block,parameter,shift,basis)"
finite_shot_conditional,1,0,0,0,1,-2.2,-1.2787240261820123,250,7.965784284662087,14,theta_ell1_q3,3,1,3,global,0.0,30,0.0,-3.6598248576158454e-07,0.0,0.0,True,,inf,3.6598248576158454e-07,3.6598248576158454e-07,False,0.0,0.0,False,0,0,0,global,250,250,8,8,0,0,8,1,31,31.25,31.0,32,0,31,2,"sorted(block,parameter,shift,basis)"
finite_shot_conditional,1,0,0,0,1,-2.2,-1.2787240261820123,250,7.965784284662087,28,theta_ell1_q1,1,1,1,global,0.0,30,0.0,1.069555820631951e-06,0.0,0.0,True,,inf,-1.069555820631951e-06,1.069555820631951e-06,False,0.0,0.0,False,0,0,0,global,250,250,8,8,0,0,8,1,31,31.25,31.0,32,0,31,2,"sorted(block,parameter,shift,basis)"
finite_shot_conditional,1,0,0,0,1,-2.2,-1.2787240261820123,250,7.965784284662087,32,theta_ell1_q0,0,1,0,global,0.0,30,0.0,1.1583707498930007e-05,0.0,0.0,True,,inf,-1.1583707498930007e-05,1.1583707498930007e-05,False,0.0,0.0,False,0,0,0,global,250,250,8,8,0,0,8,1,31,31.25,31.0,32,0,31,2,"sorted(block,parameter,shift,basis)"
finite_shot_conditional,1,0,0,0,1,-2.2,-1.2787240261820123,250,7.965784284662087,32,theta_ell1_q2,2,1,2,global,0.0,30,0.0,-6.115425428132593e-05,0.0,0.0,True,,inf,6.115425428132593e-05,6.115425428132593e-05,False,0.0,0.0,False,0,0,0,global,250,250,8,8,0,0,8,1,31,31.25,31.0,32,0,31,2,"sorted(block,parameter,shift,basis)"
finite_shot_conditional,1,0,0,0,1,-2.2,-1.2787240261820123,250,7.965784284662087,32,theta_ell1_q3,3,1,3,global,0.0,30,0.0,1.2993811984718384e-05,0.0,0.0,True,,inf,-1.2993811984718384e-05,1.2993811984718384e-05,False,0.0,0.0,False,0,0,0,global,250,250,8,8,0,0,8,1,31,31.25,31.0,32,0,31,2,"sorted(block,parameter,shift,basis)"
finite_shot_conditional,1,0,0,0,1,-2.2,-1.2787240261820123,250,7.965784284662087,33,theta_ell1_q1,1,1,1,global,0.0,30,0.0,1.0018646894038863e-05,0.0,0.0,True,,inf,-1.0018646894038863e-05,1.0018646894038863e-05,False,0.0,0.0,False,0,0,0,global,250,250,8,8,0,0,8,1,31,31.25,31.0,32,0,31,2,"sorted(block,parameter,shift,basis)"
finite_shot_conditional,1,0,0,0,1,-2.2,-1.2787240261820123,250,7.965784284662087,35,theta_ell1_q0,0,1,0,global,0.0,30,0.0,0.00010906372473951098,0.0,0.0,True,,inf,-0.00010906372473951098,0.00010906372473951098,False,0.0,0.0,False,0,0,0,global,250,250,8,8,0,0,8,1,31,31.25,31.0,32,0,31,2,"sorted(block,parameter,shift,basis)"
finite_shot_conditional,1,0,0,0,1,-2.2,-1.2787240261820123,250,7.965784284662087,35,theta_ell1_q2,2,1,2,global,0.0,30,0.0,-5.472277340712317e-05,0.0,0.0,True,,inf,5.472277340712317e-05,5.472277340712317e-05,False,0.0,0.0,False,0,0,0,global,250,250,8,8,0,0,8,1,31,31.25,31.0,32,0,31,2,"sorted(block,parameter,shift,basis)"
finite_shot_conditional,1,0,0,0,1,-2.2,-1.2787240261820123,250,7.965784284662087,42,theta_ell1_q3,3,1,3,global,0.0,30,0.0,-0.0010123093438924036,0.0,0.0,True,,inf,0.0010123093438924036,0.0010123093438924036,False,0.0,0.0,False,0,0,0,global,250,250,8,8,0,0,8,1,31,31.25,31.0,32,0,31,2,"sorted(block,parameter,shift,basis)"
finite_shot_conditional,1,0,0,0,1,-2.2,-1.2787240261820123,250,7.965784284662087,44,theta_ell1_q1,1,1,1,global,0.0,30,0.0,-3.828439795228178e-05,0.0,0.0,True,,inf,3.828439795228178e-05,3.828439795228178e-05,False,0.0,0.0,False,0,0,0,global,250,250,8,8,0,0,8,1,31,31.25,31.0,32,0,31,2,"sorted(block,parameter,shift,basis)"
finite_shot_conditional,1,0,0,0,1,-2.2,-1.2787240261820123,500,8.965784284662087,1,theta_ell1_q1,1,1,1,global,0.0,30,0.0,-9.080113973602977e-06,0.0,0.0,True,,inf,9.080113973602977e-06,9.080113973602977e-06,False,0.0,0.0,False,0,0,0,global,500,500,8,8,0,0,8,1,62,62.5,62.5,63,0,62,4,"sorted(block,parameter,shift,basis)"
finite_shot_conditional,1,0,0,0,1,-2.2,-1.2787240261820123,500,8.965784284662087,4,theta_ell1_q3,3,1,3,global,0.0,30,0.0,-0.00013293210108400455,0.0,0.0,True,,inf,0.00013293210108400455,0.00013293210108400455,False,0.0,0.0,False,0,0,0,global,500,500,8,8,0,0,8,1,62,62.5,62.5,63,0,62,4,"sorted(block,parameter,shift,basis)"
finite_shot_conditional,1,0,0,0,1,-2.2,-1.2787240261820123,500,8.965784284662087,7,theta_ell1_q3,3,1,3,global,0.0,30,0.0,-0.0003842868494318141,0.0,0.0,True,,inf,0.0003842868494318141,0.0003842868494318141,False,0.0,0.0,False,0,0,0,global,500,500,8,8,0,0,8,1,62,62.5,62.5,63,0,62,4,"sorted(block,parameter,shift,basis)"
finite_shot_conditional,1,0,0,0,1,-2.2,-1.2787240261820123,500,8.965784284662087,14,theta_ell1_q0,0,1,0,global,0.0,30,0.0,1.3354923955599673e-07,0.0,0.0,True,,inf,-1.3354923955599673e-07,1.3354923955599673e-07,False,0.0,0.0,False,0,0,0,global,500,500,8,8,0,0,8,1,62,62.5,62.5,63,0,62,4,"sorted(block,parameter,shift,basis)"
finite_shot_conditional,1,0,0,0,1,-2.2,-1.2787240261820123,500,8.965784284662087,14,theta_ell1_q2,2,1,2,global,0.0,30,0.0,6.788113676714502e-08,0.0,0.0,True,,inf,-6.788113676714502e-08,6.788113676714502e-08,False,0.0,0.0,False,0,0,0,global,500,500,8,8,0,0,8,1,62,62.5,62.5,63,0,62,4,"sorted(block,parameter,shift,basis)"
finite_shot_conditional,1,0,0,0,1,-2.2,-1.2787240261820123,500,8.965784284662087,14,theta_ell1_q3,3,1,3,global,0.0,30,0.0,-3.6598248576158454e-07,0.0,0.0,True,,inf,3.6598248576158454e-07,3.6598248576158454e-07,False,0.0,0.0,False,0,0,0,global,500,500,8,8,0,0,8,1,62,62.5,62.5,63,0,62,4,"sorted(block,parameter,shift,basis)"
finite_shot_conditional,1,0,0,0,1,-2.2,-1.2787240261820123,500,8.965784284662087,28,theta_ell1_q1,1,1,1,global,0.0,30,0.0,1.069555820631951e-06,0.0,0.0,True,,inf,-1.069555820631951e-06,1.069555820631951e-06,False,0.0,0.0,False,0,0,0,global,500,500,8,8,0,0,8,1,62,62.5,62.5,63,0,62,4,"sorted(block,parameter,shift,basis)"
finite_shot_conditional,1,0,0,0,1,-2.2,-1.2787240261820123,500,8.965784284662087,32,theta_ell1_q0,0,1,0,global,0.0,30,0.0,1.1583707498930007e-05,0.0,0.0,True,,inf,-1.1583707498930007e-05,1.1583707498930007e-05,False,0.0,0.0,False,0,0,0,global,500,500,8,8,0,0,8,1,62,62.5,62.5,63,0,62,4,"sorted(block,parameter,shift,basis)"
finite_shot_conditional,1,0,0,0,1,-2.2,-1.2787240261820123,500,8.965784284662087,32,theta_ell1_q3,3,1,3,global,0.0,30,0.0,1.2993811984718384e-05,0.0,0.0,True,,inf,-1.2993811984718384e-05,1.2993811984718384e-05,False,0.0,0.0,False,0,0,0,global,500,500,8,8,0,0,8,1,62,62.5,62.5,63,0,62,4,"sorted(block,parameter,shift,basis)"
finite_shot_conditional,1,0,0,0,1,-2.2,-1.2787240261820123,500,8.965784284662087,33,theta_ell1_q1,1,1,1,global,0.0,30,0.0,1.0018646894038863e-05,0.0,0.0,True,,inf,-1.0018646894038863e-05,1.0018646894038863e-05,False,0.0,0.0,False,0,0,0,global,500,500,8,8,0,0,8,1,62,62.5,62.5,63,0,62,4,"sorted(block,parameter,shift,basis)"
finite_shot_conditional,1,0,0,0,1,-2.2,-1.2787240261820123,500,8.965784284662087,35,theta_ell1_q0,0,1,0,global,0.0,30,0.0,0.00010906372473951098,0.0,0.0,True,,inf,-0.00010906372473951098,0.00010906372473951098,False,0.0,0.0,False,0,0,0,global,500,500,8,8,0,0,8,1,62,62.5,62.5,63,0,62,4,"sorted(block,parameter,shift,basis)"
finite_shot_conditional,1,0,0,0,1,-2.2,-1.2787240261820123,500,8.965784284662087,35,theta_ell1_q2,2,1,2,global,0.0,30,0.0,-5.472277340712317e-05,0.0,0.0,True,,inf,5.472277340712317e-05,5.472277340712317e-05,False,0.0,0.0,False,0,0,0,global,500,500,8,8,0,0,8,1,62,62.5,62.5,63,0,62,4,"sorted(block,parameter,shift,basis)"
finite_shot_conditional,1,0,0,0,1,-2.2,-1.2787240261820123,500,8.965784284662087,35,theta_ell1_q3,3,1,3,global,0.0,30,0.0,-0.00021070215147234173,0.0,0.0,True,,inf,0.00021070215147234173,0.00021070215147234173,False,0.0,0.0,False,0,0,0,global,500,500,8,8,0,0,8,1,62,62.5,62.5,63,0,62,4,"sorted(block,parameter,shift,basis)"
finite_shot_conditional,1,0,0,0,1,-2.2,-1.2787240261820123,500,8.965784284662087,44,theta_ell1_q1,1,1,1,global,0.0,30,0.0,-3.828439795228178e-05,0.0,0.0,True,,inf,3.828439795228178e-05,3.828439795228178e-05,False,0.0,0.0,False,0,0,0,global,500,500,8,8,0,0,8,1,62,62.5,62.5,63,0,62,4,"sorted(block,parameter,shift,basis)"
finite_shot_conditional,1,0,0,0,1,-2.2,-1.2787240261820123,1000,9.965784284662087,0,theta_ell1_q0,0,1,0,global,0.0,30,0.0,-5.5993525219566465e-05,0.0,0.0,True,,inf,5.5993525219566465e-05,5.5993525219566465e-05,False,0.0,0.0,False,0,0,0,global,1000,1000,8,8,0,0,8,1,125,125.0,125.0,125,0,125,0,"sorted(block,parameter,shift,basis)"
finite_shot_conditional,1,0,0,0,1,-2.2,-1.2787240261820123,1000,9.965784284662087,14,theta_ell1_q0,0,1,0,global,0.0,30,0.0,1.3354923955599673e-07,0.0,0.0,True,,inf,-1.3354923955599673e-07,1.3354923955599673e-07,False,0.0,0.0,False,0,0,0,global,1000,1000,8,8,0,0,8,1,125,125.0,125.0,125,0,125,0,"sorted(block,parameter,shift,basis)"
finite_shot_conditional,1,0,0,0,1,-2.2,-1.2787240261820123,1000,9.965784284662087,14,theta_ell1_q2,2,1,2,global,0.0,30,0.0,6.788113676714502e-08,0.0,0.0,True,,inf,-6.788113676714502e-08,6.788113676714502e-08,False,0.0,0.0,False,0,0,0,global,1000,1000,8,8,0,0,8,1,125,125.0,125.0,125,0,125,0,"sorted(block,parameter,shift,basis)"
finite_shot_conditional,1,0,0,0,1,-2.2,-1.2787240261820123,1000,9.965784284662087,14,theta_ell1_q3,3,1,3,global,0.0,30,0.0,-3.6598248576158454e-07,0.0,0.0,True,,inf,3.6598248576158454e-07,3.6598248576158454e-07,False,0.0,0.0,False,0,0,0,global,1000,1000,8,8,0,0,8,1,125,125.0,125.0,125,0,125,0,"sorted(block,parameter,shift,basis)"
finite_shot_conditional,1,0,0,0,1,-2.2,-1.2787240261820123,1000,9.965784284662087,28,theta_ell1_q1,1,1,1,global,0.0,30,0.0,1.069555820631951e-06,0.0,0.0,True,,inf,-1.069555820631951e-06,1.069555820631951e-06,False,0.0,0.0,False,0,0,0,global,1000,1000,8,8,0,0,8,1,125,125.0,125.0,125,0,125,0,"sorted(block,parameter,shift,basis)"
finite_shot_conditional,1,0,0,0,1,-2.2,-1.2787240261820123,1000,9.965784284662087,32,theta_ell1_q0,0,1,0,global,0.0,30,0.0,1.1583707498930007e-05,0.0,0.0,True,,inf,-1.1583707498930007e-05,1.1583707498930007e-05,False,0.0,0.0,False,0,0,0,global,1000,1000,8,8,0,0,8,1,125,125.0,125.0,125,0,125,0,"sorted(block,parameter,shift,basis)"
finite_shot_conditional,1,0,0,0,1,-2.2,-1.2787240261820123,1000,9.965784284662087,32,theta_ell1_q3,3,1,3,global,0.0,30,0.0,1.2993811984718384e-05,0.0,0.0,True,,inf,-1.2993811984718384e-05,1.2993811984718384e-05,False,0.0,0.0,False,0,0,0,global,1000,1000,8,8,0,0,8,1,125,125.0,125.0,125,0,125,0,"sorted(block,parameter,shift,basis)"
finite_shot_conditional,1,0,0,0,1,-2.2,-1.2787240261820123,1000,9.965784284662087,33,theta_ell1_q1,1,1,1,global,0.0,30,0.0,1.0018646894038863e-05,0.0,0.0,True,,inf,-1.0018646894038863e-05,1.0018646894038863e-05,False,0.0,0.0,False,0,0,0,global,1000,1000,8,8,0,0,8,1,125,125.0,125.0,125,0,125,0,"sorted(block,parameter,shift,basis)"
finite_shot_conditional,1,0,0,0,1,-2.2,-1.2787240261820123,1000,9.965784284662087,33,theta_ell1_q2,2,1,2,global,0.0,30,0.0,4.089312362837161e-05,0.0,0.0,True,,inf,-4.089312362837161e-05,4.089312362837161e-05,False,0.0,0.0,False,0,0,0,global,1000,1000,8,8,0,0,8,1,125,125.0,125.0,125,0,125,0,"sorted(block,parameter,shift,basis)"
finite_shot_conditional,1,0,0,0,1,-2.2,-1.2787240261820123,1000,9.965784284662087,35,theta_ell1_q0,0,1,0,global,0.0,30,0.0,0.00010906372473951098,0.0,0.0,True,,inf,-0.00010906372473951098,0.00010906372473951098,False,0.0,0.0,False,0,0,0,global,1000,1000,8,8,0,0,8,1,125,125.0,125.0,125,0,125,0,"sorted(block,parameter,shift,basis)"
finite_shot_conditional,1,0,0,0,1,-2.2,-1.2787240261820123,1000,9.965784284662087,35,theta_ell1_q3,3,1,3,global,0.0,30,0.0,-0.00021070215147234173,0.0,0.0,True,,inf,0.00021070215147234173,0.00021070215147234173,False,0.0,0.0,False,0,0,0,global,1000,1000,8,8,0,0,8,1,125,125.0,125.0,125,0,125,0,"sorted(block,parameter,shift,basis)"
finite_shot_conditional,1,0,0,0,1,-2.2,-1.2787240261820123,2000,10.965784284662087,0,theta_ell1_q0,0,1,0,global,0.0,30,0.0,-5.5993525219566465e-05,0.0,0.0,True,,inf,5.5993525219566465e-05,5.5993525219566465e-05,False,0.0,0.0,False,0,0,0,global,2000,2000,8,8,0,0,8,1,250,250.0,250.0,250,0,250,0,"sorted(block,parameter,shift,basis)"
finite_shot_conditional,1,0,0,0,1,-2.2,-1.2787240261820123,2000,10.965784284662087,1,theta_ell1_q1,1,1,1,global,0.0,30,0.0,-9.080113973602977e-06,0.0,0.0,True,,inf,9.080113973602977e-06,9.080113973602977e-06,False,0.0,0.0,False,0,0,0,global,2000,2000,8,8,0,0,8,1,250,250.0,250.0,250,0,250,0,"sorted(block,parameter,shift,basis)"
finite_shot_conditional,1,0,0,0,1,-2.2,-1.2787240261820123,2000,10.965784284662087,14,theta_ell1_q0,0,1,0,global,0.0,30,0.0,1.3354923955599673e-07,0.0,0.0,True,,inf,-1.3354923955599673e-07,1.3354923955599673e-07,False,0.0,0.0,False,0,0,0,global,2000,2000,8,8,0,0,8,1,250,250.0,250.0,250,0,250,0,"sorted(block,parameter,shift,basis)"
finite_shot_conditional,1,0,0,0,1,-2.2,-1.2787240261820123,2000,10.965784284662087,14,theta_ell1_q2,2,1,2,global,0.0,30,0.0,6.788113676714502e-08,0.0,0.0,True,,inf,-6.788113676714502e-08,6.788113676714502e-08,False,0.0,0.0,False,0,0,0,global,2000,2000,8,8,0,0,8,1,250,250.0,250.0,250,0,250,0,"sorted(block,parameter,shift,basis)"
finite_shot_conditional,1,0,0,0,1,-2.2,-1.2787240261820123,2000,10.965784284662087,14,theta_ell1_q3,3,1,3,global,0.0,30,0.0,-3.6598248576158454e-07,0.0,0.0,True,,inf,3.6598248576158454e-07,3.6598248576158454e-07,False,0.0,0.0,False,0,0,0,global,2000,2000,8,8,0,0,8,1,250,250.0,250.0,250,0,250,0,"sorted(block,parameter,shift,basis)"
finite_shot_conditional,1,0,0,0,1,-2.2,-1.2787240261820123,2000,10.965784284662087,28,theta_ell1_q1,1,1,1,global,0.0,30,0.0,1.069555820631951e-06,0.0,0.0,True,,inf,-1.069555820631951e-06,1.069555820631951e-06,False,0.0,0.0,False,0,0,0,global,2000,2000,8,8,0,0,8,1,250,250.0,250.0,250,0,250,0,"sorted(block,parameter,shift,basis)"
finite_shot_conditional,1,0,0,0,1,-2.2,-1.2787240261820123,2000,10.965784284662087,32,theta_ell1_q0,0,1,0,global,0.0,30,0.0,1.1583707498930007e-05,0.0,0.0,True,,inf,-1.1583707498930007e-05,1.1583707498930007e-05,False,0.0,0.0,False,0,0,0,global,2000,2000,8,8,0,0,8,1,250,250.0,250.0,250,0,250,0,"sorted(block,parameter,shift,basis)"
finite_shot_conditional,1,0,0,0,1,-2.2,-1.2787240261820123,2000,10.965784284662087,32,theta_ell1_q2,2,1,2,global,0.0,30,0.0,-6.115425428132593e-05,0.0,0.0,True,,inf,6.115425428132593e-05,6.115425428132593e-05,False,0.0,0.0,False,0,0,0,global,2000,2000,8,8,0,0,8,1,250,250.0,250.0,250,0,250,0,"sorted(block,parameter,shift,basis)"
finite_shot_conditional,1,0,0,0,1,-2.2,-1.2787240261820123,2000,10.965784284662087,32,theta_ell1_q3,3,1,3,global,0.0,30,0.0,1.2993811984718384e-05,0.0,0.0,True,,inf,-1.2993811984718384e-05,1.2993811984718384e-05,False,0.0,0.0,False,0,0,0,global,2000,2000,8,8,0,0,8,1,250,250.0,250.0,250,0,250,0,"sorted(block,parameter,shift,basis)"
finite_shot_conditional,1,0,0,0,1,-2.2,-1.2787240261820123,2000,10.965784284662087,33,theta_ell1_q1,1,1,1,global,0.0,30,0.0,1.0018646894038863e-05,0.0,0.0,True,,inf,-1.0018646894038863e-05,1.0018646894038863e-05,False,0.0,0.0,False,0,0,0,global,2000,2000,8,8,0,0,8,1,250,250.0,250.0,250,0,250,0,"sorted(block,parameter,shift,basis)"
finite_shot_conditional,1,0,0,0,1,-2.2,-1.2787240261820123,2000,10.965784284662087,44,theta_ell1_q1,1,1,1,global,0.0,30,0.0,-3.828439795228178e-05,0.0,0.0,True,,inf,3.828439795228178e-05,3.828439795228178e-05,False,0.0,0.0,False,0,0,0,global,2000,2000,8,8,0,0,8,1,250,250.0,250.0,250,0,250,0,"sorted(block,parameter,shift,basis)"
finite_shot_conditional,1,0,0,0,2,-1.2000000000000002,-0.6974858324629158,250,7.965784284662087,1,theta_ell2_q1,5,2,1,global,0.0,30,0.0,-2.4000334845564186e-05,0.0,0.0,True,,inf,2.4000334845564186e-05,2.4000334845564186e-05,False,0.0,0.0,False,0,0,0,global,250,250,16,16,0,8,8,1,15,15.625,16.0,16,0,15,10,"sorted(block,parameter,shift,basis)"
finite_shot_conditional,1,0,0,0,2,-1.2000000000000002,-0.6974858324629158,250,7.965784284662087,7,theta_ell2_q2,6,2,2,global,0.0,30,0.0,-4.559257302405584e-05,0.0,0.0,True,,inf,4.559257302405584e-05,4.559257302405584e-05,False,0.0,0.0,False,0,0,0,global,250,250,16,16,0,8,8,1,15,15.625,16.0,16,0,15,10,"sorted(block,parameter,shift,basis)"
finite_shot_conditional,1,0,0,0,2,-1.2000000000000002,-0.6974858324629158,250,7.965784284662087,7,theta_ell2_q3,7,2,3,global,0.0,30,0.0,0.00021708449817192665,0.0,0.0,True,,inf,-0.00021708449817192665,0.00021708449817192665,False,0.0,0.0,False,0,0,0,global,250,250,16,16,0,8,8,1,15,15.625,16.0,16,0,15,10,"sorted(block,parameter,shift,basis)"
finite_shot_conditional,1,0,0,0,2,-1.2000000000000002,-0.6974858324629158,250,7.965784284662087,8,theta_ell2_q1,5,2,1,global,0.0,30,0.0,5.7477040096398646e-05,0.0,0.0,True,,inf,-5.7477040096398646e-05,5.7477040096398646e-05,False,0.0,0.0,False,0,0,0,global,250,250,16,16,0,8,8,1,15,15.625,16.0,16,0,15,10,"sorted(block,parameter,shift,basis)"
finite_shot_conditional,1,0,0,0,2,-1.2000000000000002,-0.6974858324629158,250,7.965784284662087,14,theta_ell2_q1,5,2,1,global,0.0,30,0.0,-0.00012833442818532825,0.0,0.0,True,,inf,0.00012833442818532825,0.00012833442818532825,False,0.0,0.0,False,0,0,0,global,250,250,16,16,0,8,8,1,15,15.625,16.0,16,0,15,10,"sorted(block,parameter,shift,basis)"
finite_shot_conditional,1,0,0,0,2,-1.2000000000000002,-0.6974858324629158,250,7.965784284662087,14,theta_ell2_q2,6,2,2,global,0.0,30,0.0,-0.00011281038820609712,0.0,0.0,True,,inf,0.00011281038820609712,0.00011281038820609712,False,0.0,0.0,False,0,0,0,global,250,250,16,16,0,8,8,1,15,15.625,16.0,16,0,15,10,"sorted(block,parameter,shift,basis)"
finite_shot_conditional,1,0,0,0,2,-1.2000000000000002,-0.6974858324629158,250,7.965784284662087,18,theta_ell2_q1,5,2,1,global,0.0,30,0.0,-0.00036258042300257864,0.0,0.0,True,,inf,0.00036258042300257864,0.00036258042300257864,False,0.0,0.0,False,0,0,0,global,250,250,16,16,0,8,8,1,15,15.625,16.0,16,0,15,10,"sorted(block,parameter,shift,basis)"
finite_shot_conditional,1,0,0,0,2,-1.2000000000000002,-0.6974858324629158,250,7.965784284662087,18,theta_ell2_q3,7,2,3,global,0.0,30,0.0,-9.508518829576262e-05,0.0,0.0,True,,inf,9.508518829576262e-05,9.508518829576262e-05,False,0.0,0.0,False,0,0,0,global,250,250,16,16,0,8,8,1,15,15.625,16.0,16,0,15,10,"sorted(block,parameter,shift,basis)"
finite_shot_conditional,1,0,0,0,2,-1.2000000000000002,-0.6974858324629158,250,7.965784284662087,19,theta_ell2_q1,5,2,1,global,0.0,30,0.0,-8.799787995877884e-05,0.0,0.0,True,,inf,8.799787995877884e-05,8.799787995877884e-05,False,0.0,0.0,False,0,0,0,global,250,250,16,16,0,8,8,1,15,15.625,16.0,16,0,15,10,"sorted(block,parameter,shift,basis)"
finite_shot_conditional,1,0,0,0,2,-1.2000000000000002,-0.6974858324629158,250,7.965784284662087,20,theta_ell2_q1,5,2,1,global,0.0,30,0.0,0.0001480084303113749,0.0,0.0,True,,inf,-0.0001480084303113749,0.0001480084303113749,False,0.0,0.0,False,0,0,0,global,250,250,16,16,0,8,8,1,15,15.625,16.0,16,0,15,10,"sorted(block,parameter,shift,basis)"
finite_shot_conditional,1,0,0,0,2,-1.2000000000000002,-0.6974858324629158,250,7.965784284662087,33,theta_ell2_q0,4,2,0,global,0.0,30,0.0,-0.00011039529178447083,0.0,0.0,True,,inf,0.00011039529178447083,0.00011039529178447083,False,0.0,0.0,False,0,0,0,global,250,250,16,16,0,8,8,1,15,15.625,16.0,16,0,15,10,"sorted(block,parameter,shift,basis)"
finite_shot_conditional,1,0,0,0,2,-1.2000000000000002,-0.6974858324629158,250,7.965784284662087,33,theta_ell2_q1,5,2,1,global,0.0,30,0.0,-8.570836399623971e-05,0.0,0.0,True,,inf,8.570836399623971e-05,8.570836399623971e-05,False,0.0,0.0,False,0,0,0,global,250,250,16,16,0,8,8,1,15,15.625,16.0,16,0,15,10,"sorted(block,parameter,shift,basis)"
finite_shot_conditional,1,0,0,0,2,-1.2000000000000002,-0.6974858324629158,250,7.965784284662087,34,theta_ell2_q1,5,2,1,global,0.0,30,0.0,0.0010872493741101996,0.0,0.0,True,,inf,-0.0010872493741101996,0.0010872493741101996,False,0.0,0.0,False,0,0,0,global,250,250,16,16,0,8,8,1,15,15.625,16.0,16,0,15,10,"sorted(block,parameter,shift,basis)"
finite_shot_conditional,1,0,0,0,2,-1.2000000000000002,-0.6974858324629158,250,7.965784284662087,36,theta_ell1_q0,0,1,0,global,0.0,30,0.0,-3.1301862301571783e-06,0.0,0.0,True,,inf,3.1301862301571783e-06,3.1301862301571783e-06,False,0.0,0.0,False,0,0,0,global,250,250,16,16,0,8,8,1,15,15.625,16.0,16,0,15,10,"sorted(block,parameter,shift,basis)"
finite_shot_conditional,1,0,0,0,2,-1.2000000000000002,-0.6974858324629158,250,7.965784284662087,36,theta_ell1_q1,1,1,1,global,0.0,30,0.0,3.225561116762913e-05,0.0,0.0,True,,inf,-3.225561116762913e-05,3.225561116762913e-05,False,0.0,0.0,False,0,0,0,global,250,250,16,16,0,8,8,1,15,15.625,16.0,16,0,15,10,"sorted(block,parameter,shift,basis)"
finite_shot_conditional,1,0,0,0,2,-1.2000000000000002,-0.6974858324629158,250,7.965784284662087,36,theta_ell1_q2,2,1,2,global,0.0,30,0.0,2.762859250263726e-06,0.0,0.0,True,,inf,-2.762859250263726e-06,2.762859250263726e-06,False,0.0,0.0,False,0,0,0,global,250,250,16,16,0,8,8,1,15,15.625,16.0,16,0,15,10,"sorted(block,parameter,shift,basis)"
finite_shot_conditional,1,0,0,0,2,-1.2000000000000002,-0.6974858324629158,250,7.965784284662087,36,theta_ell1_q3,3,1,3,global,0.0,30,0.0,3.966415531981336e-07,0.0,0.0,True,,inf,-3.966415531981336e-07,3.966415531981336e-07,False,0.0,0.0,False,0,0,0,global,250,250,16,16,0,8,8,1,15,15.625,16.0,16,0,15,10,"sorted(block,parameter,shift,basis)"
finite_shot_conditional,1,0,0,0,2,-1.2000000000000002,-0.6974858324629158,250,7.965784284662087,36,theta_ell2_q0,4,2,0,global,0.0,30,0.0,-3.3744409283664734e-05,0.0,0.0,True,,inf,3.3744409283664734e-05,3.3744409283664734e-05,False,0.0,0.0,False,0,0,0,global,250,250,16,16,0,8,8,1,15,15.625,16.0,16,0,15,10,"sorted(block,parameter,shift,basis)"
finite_shot_conditional,1,0,0,0,2,-1.2000000000000002,-0.6974858324629158,250,7.965784284662087,36,theta_ell2_q1,5,2,1,global,0.0,30,0.0,5.341218756821364e-05,0.0,0.0,True,,inf,-5.341218756821364e-05,5.341218756821364e-05,False,0.0,0.0,False,0,0,0,global,250,250,16,16,0,8,8,1,15,15.625,16.0,16,0,15,10,"sorted(block,parameter,shift,basis)"
finite_shot_conditional,1,0,0,0,2,-1.2000000000000002,-0.6974858324629158,250,7.965784284662087,36,theta_ell2_q2,6,2,2,global,0.0,30,0.0,2.1583496360166876e-05,0.0,0.0,True,,inf,-2.1583496360166876e-05,2.1583496360166876e-05,False,0.0,0.0,False,0,0,0,global,250,250,16,16,0,8,8,1,15,15.625,16.0,16,0,15,10,"sorted(block,parameter,shift,basis)"
finite_shot_conditional,1,0,0,0,2,-1.2000000000000002,-0.6974858324629158,250,7.965784284662087,36,theta_ell2_q3,7,2,3,global,0.0,30,0.0,1.0312172909254791e-05,0.0,0.0,True,,inf,-1.0312172909254791e-05,1.0312172909254791e-05,False,0.0,0.0,False,0,0,0,global,250,250,16,16,0,8,8,1,15,15.625,16.0,16,0,15,10,"sorted(block,parameter,shift,basis)"
finite_shot_conditional,1,0,0,0,2,-1.2000000000000002,-0.6974858324629158,250,7.965784284662087,38,theta_ell2_q1,5,2,1,global,0.0,30,0.0,2.690042111286317e-07,0.0,0.0,True,,inf,-2.690042111286317e-07,2.690042111286317e-07,False,0.0,0.0,False,0,0,0,global,250,250,16,16,0,8,8,1,15,15.625,16.0,16,0,15,10,"sorted(block,parameter,shift,basis)"
finite_shot_conditional,1,0,0,0,2,-1.2000000000000002,-0.6974858324629158,250,7.965784284662087,38,theta_ell2_q2,6,2,2,global,0.0,30,0.0,-1.0378805211930242e-05,0.0,0.0,True,,inf,1.0378805211930242e-05,1.0378805211930242e-05,False,0.0,0.0,False,0,0,0,global,250,250,16,16,0,8,8,1,15,15.625,16.0,16,0,15,10,"sorted(block,parameter,shift,basis)"
finite_shot_conditional,1,0,0,0,2,-1.2000000000000002,-0.6974858324629158,250,7.965784284662087,38,theta_ell2_q3,7,2,3,global,0.0,30,0.0,-2.455504526771568e-05,0.0,0.0,True,,inf,2.455504526771568e-05,2.455504526771568e-05,False,0.0,0.0,False,0,0,0,global,250,250,16,16,0,8,8,1,15,15.625,16.0,16,0,15,10,"sorted(block,parameter,shift,basis)"
finite_shot_conditional,1,0,0,0,2,-1.2000000000000002,-0.6974858324629158,250,7.965784284662087,39,theta_ell2_q0,4,2,0,global,0.0,30,0.0,2.141702161728709e-07,0.0,0.0,True,,inf,-2.141702161728709e-07,2.141702161728709e-07,False,0.0,0.0,False,0,0,0,global,250,250,16,16,0,8,8,1,15,15.625,16.0,16,0,15,10,"sorted(block,parameter,shift,basis)"
finite_shot_conditional,1,0,0,0,2,-1.2000000000000002,-0.6974858324629158,250,7.965784284662087,39,theta_ell2_q2,6,2,2,global,0.0,30,0.0,1.28168989310673e-08,0.0,0.0,True,,inf,-1.28168989310673e-08,1.28168989310673e-08,False,0.0,0.0,False,0,0,0,global,250,250,16,16,0,8,8,1,15,15.625,16.0,16,0,15,10,"sorted(block,parameter,shift,basis)"
finite_shot_conditional,1,0,0,0,2,-1.2000000000000002,-0.6974858324629158,250,7.965784284662087,39,theta_ell2_q3,7,2,3,global,0.0,30,0.0,-5.862178766302684e-07,0.0,0.0,True,,inf,5.862178766302684e-07,5.862178766302684e-07,False,0.0,0.0,False,0,0,0,global,250,250,16,16,0,8,8,1,15,15.625,16.0,16,0,15,10,"sorted(block,parameter,shift,basis)"
finite_shot_conditional,1,0,0,0,2,-1.2000000000000002,-0.6974858324629158,250,7.965784284662087,45,theta_ell2_q0,4,2,0,global,0.0,30,0.0,0.00014364842029096492,0.0,0.0,True,,inf,-0.00014364842029096492,0.00014364842029096492,False,0.0,0.0,False,0,0,0,global,250,250,16,16,0,8,8,1,15,15.625,16.0,16,0,15,10,"sorted(block,parameter,shift,basis)"
finite_shot_conditional,1,0,0,0,2,-1.2000000000000002,-0.6974858324629158,250,7.965784284662087,45,theta_ell2_q1,5,2,1,global,0.0,30,0.0,0.001096624388117251,0.0,0.0,True,,inf,-0.001096624388117251,0.001096624388117251,False,0.0,0.0,False,0,0,0,global,250,250,16,16,0,8,8,1,15,15.625,16.0,16,0,15,10,"sorted(block,parameter,shift,basis)"
finite_shot_conditional,1,0,0,0,2,-1.2000000000000002,-0.6974858324629158,250,7.965784284662087,45,theta_ell2_q3,7,2,3,global,0.0,30,0.0,-0.0002856876888021609,0.0,0.0,True,,inf,0.0002856876888021609,0.0002856876888021609,False,0.0,0.0,False,0,0,0,global,250,250,16,16,0,8,8,1,15,15.625,16.0,16,0,15,10,"sorted(block,parameter,shift,basis)"
finite_shot_conditional,1,0,0,0,2,-1.2000000000000002,-0.6974858324629158,250,7.965784284662087,48,theta_ell2_q2,6,2,2,global,0.0,30,0.0,1.9472403931741766e-05,0.0,0.0,True,,inf,-1.9472403931741766e-05,1.9472403931741766e-05,False,0.0,0.0,False,0,0,0,global,250,250,16,16,0,8,8,1,15,15.625,16.0,16,0,15,10,"sorted(block,parameter,shift,basis)"
finite_shot_conditional,1,0,0,0,2,-1.2000000000000002,-0.6974858324629158,250,7.965784284662087,48,theta_ell2_q3,7,2,3,global,0.0,30,0.0,0.0003380430644049359,0.0,0.0,True,,inf,-0.0003380430644049359,0.0003380430644049359,False,0.0,0.0,False,0,0,0,global,250,250,16,16,0,8,8,1,15,15.625,16.0,16,0,15,10,"sorted(block,parameter,shift,basis)"
finite_shot_conditional,1,0,0,0,2,-1.2000000000000002,-0.6974858324629158,500,8.965784284662087,1,theta_ell2_q1,5,2,1,global,0.0,30,0.0,-2.4000334845564186e-05,0.0,0.0,True,,inf,2.4000334845564186e-05,2.4000334845564186e-05,False,0.0,0.0,False,0,0,0,global,500,500,16,16,0,8,8,1,31,31.25,31.0,32,0,31,4,"sorted(block,parameter,shift,basis)"
finite_shot_conditional,1,0,0,0,2,-1.2000000000000002,-0.6974858324629158,500,8.965784284662087,7,theta_ell2_q3,7,2,3,global,0.0,30,0.0,0.00021708449817192665,0.0,0.0,True,,inf,-0.00021708449817192665,0.00021708449817192665,False,0.0,0.0,False,0,0,0,global,500,500,16,16,0,8,8,1,31,31.25,31.0,32,0,31,4,"sorted(block,parameter,shift,basis)"
finite_shot_conditional,1,0,0,0,2,-1.2000000000000002,-0.6974858324629158,500,8.965784284662087,14,theta_ell2_q1,5,2,1,global,0.0,30,0.0,-0.00012833442818532825,0.0,0.0,True,,inf,0.00012833442818532825,0.00012833442818532825,False,0.0,0.0,False,0,0,0,global,500,500,16,16,0,8,8,1,31,31.25,31.0,32,0,31,4,"sorted(block,parameter,shift,basis)"
finite_shot_conditional,1,0,0,0,2,-1.2000000000000002,-0.6974858324629158,500,8.965784284662087,18,theta_ell2_q3,7,2,3,global,0.0,30,0.0,-9.508518829576262e-05,0.0,0.0,True,,inf,9.508518829576262e-05,9.508518829576262e-05,False,0.0,0.0,False,0,0,0,global,500,500,16,16,0,8,8,1,31,31.25,31.0,32,0,31,4,"sorted(block,parameter,shift,basis)"
finite_shot_conditional,1,0,0,0,2,-1.2000000000000002,-0.6974858324629158,500,8.965784284662087,19,theta_ell2_q1,5,2,1,global,0.0,30,0.0,-8.799787995877884e-05,0.0,0.0,True,,inf,8.799787995877884e-05,8.799787995877884e-05,False,0.0,0.0,False,0,0,0,global,500,500,16,16,0,8,8,1,31,31.25,31.0,32,0,31,4,"sorted(block,parameter,shift,basis)"
finite_shot_conditional,1,0,0,0,2,-1.2000000000000002,-0.6974858324629158,500,8.965784284662087,20,theta_ell2_q1,5,2,1,global,0.0,30,0.0,0.0001480084303113749,0.0,0.0,True,,inf,-0.0001480084303113749,0.0001480084303113749,False,0.0,0.0,False,0,0,0,global,500,500,16,16,0,8,8,1,31,31.25,31.0,32,0,31,4,"sorted(block,parameter,shift,basis)"
finite_shot_conditional,1,0,0,0,2,-1.2000000000000002,-0.6974858324629158,500,8.965784284662087,33,theta_ell2_q0,4,2,0,global,0.0,30,0.0,-0.00011039529178447083,0.0,0.0,True,,inf,0.00011039529178447083,0.00011039529178447083,False,0.0,0.0,False,0,0,0,global,500,500,16,16,0,8,8,1,31,31.25,31.0,32,0,31,4,"sorted(block,parameter,shift,basis)"
finite_shot_conditional,1,0,0,0,2,-1.2000000000000002,-0.6974858324629158,500,8.965784284662087,33,theta_ell2_q1,5,2,1,global,0.0,30,0.0,-8.570836399623971e-05,0.0,0.0,True,,inf,8.570836399623971e-05,8.570836399623971e-05,False,0.0,0.0,False,0,0,0,global,500,500,16,16,0,8,8,1,31,31.25,31.0,32,0,31,4,"sorted(block,parameter,shift,basis)"
finite_shot_conditional,1,0,0,0,2,-1.2000000000000002,-0.6974858324629158,500,8.965784284662087,36,theta_ell1_q0,0,1,0,global,0.0,30,0.0,-3.1301862301571783e-06,0.0,0.0,True,,inf,3.1301862301571783e-06,3.1301862301571783e-06,False,0.0,0.0,False,0,0,0,global,500,500,16,16,0,8,8,1,31,31.25,31.0,32,0,31,4,"sorted(block,parameter,shift,basis)"
finite_shot_conditional,1,0,0,0,2,-1.2000000000000002,-0.6974858324629158,500,8.965784284662087,36,theta_ell1_q1,1,1,1,global,0.0,30,0.0,3.225561116762913e-05,0.0,0.0,True,,inf,-3.225561116762913e-05,3.225561116762913e-05,False,0.0,0.0,False,0,0,0,global,500,500,16,16,0,8,8,1,31,31.25,31.0,32,0,31,4,"sorted(block,parameter,shift,basis)"
finite_shot_conditional,1,0,0,0,2,-1.2000000000000002,-0.6974858324629158,500,8.965784284662087,36,theta_ell1_q2,2,1,2,global,0.0,30,0.0,2.762859250263726e-06,0.0,0.0,True,,inf,-2.762859250263726e-06,2.762859250263726e-06,False,0.0,0.0,False,0,0,0,global,500,500,16,16,0,8,8,1,31,31.25,31.0,32,0,31,4,"sorted(block,parameter,shift,basis)"
finite_shot_conditional,1,0,0,0,2,-1.2000000000000002,-0.6974858324629158,500,8.965784284662087,36,theta_ell1_q3,3,1,3,global,0.0,30,0.0,3.966415531981336e-07,0.0,0.0,True,,inf,-3.966415531981336e-07,3.966415531981336e-07,False,0.0,0.0,False,0,0,0,global,500,500,16,16,0,8,8,1,31,31.25,31.0,32,0,31,4,"sorted(block,parameter,shift,basis)"
finite_shot_conditional,1,0,0,0,2,-1.2000000000000002,-0.6974858324629158,500,8.965784284662087,36,theta_ell2_q0,4,2,0,global,0.0,30,0.0,-3.3744409283664734e-05,0.0,0.0,True,,inf,3.3744409283664734e-05,3.3744409283664734e-05,False,0.0,0.0,False,0,0,0,global,500,500,16,16,0,8,8,1,31,31.25,31.0,32,0,31,4,"sorted(block,parameter,shift,basis)"
finite_shot_conditional,1,0,0,0,2,-1.2000000000000002,-0.6974858324629158,500,8.965784284662087,36,theta_ell2_q1,5,2,1,global,0.0,30,0.0,5.341218756821364e-05,0.0,0.0,True,,inf,-5.341218756821364e-05,5.341218756821364e-05,False,0.0,0.0,False,0,0,0,global,500,500,16,16,0,8,8,1,31,31.25,31.0,32,0,31,4,"sorted(block,parameter,shift,basis)"
finite_shot_conditional,1,0,0,0,2,-1.2000000000000002,-0.6974858324629158,500,8.965784284662087,36,theta_ell2_q2,6,2,2,global,0.0,30,0.0,2.1583496360166876e-05,0.0,0.0,True,,inf,-2.1583496360166876e-05,2.1583496360166876e-05,False,0.0,0.0,False,0,0,0,global,500,500,16,16,0,8,8,1,31,31.25,31.0,32,0,31,4,"sorted(block,parameter,shift,basis)"
finite_shot_conditional,1,0,0,0,2,-1.2000000000000002,-0.6974858324629158,500,8.965784284662087,36,theta_ell2_q3,7,2,3,global,0.0,30,0.0,1.0312172909254791e-05,0.0,0.0,True,,inf,-1.0312172909254791e-05,1.0312172909254791e-05,False,0.0,0.0,False,0,0,0,global,500,500,16,16,0,8,8,1,31,31.25,31.0,32,0,31,4,"sorted(block,parameter,shift,basis)"
finite_shot_conditional,1,0,0,0,2,-1.2000000000000002,-0.6974858324629158,500,8.965784284662087,38,theta_ell2_q1,5,2,1,global,0.0,30,0.0,2.690042111286317e-07,0.0,0.0,True,,inf,-2.690042111286317e-07,2.690042111286317e-07,False,0.0,0.0,False,0,0,0,global,500,500,16,16,0,8,8,1,31,31.25,31.0,32,0,31,4,"sorted(block,parameter,shift,basis)"
finite_shot_conditional,1,0,0,0,2,-1.2000000000000002,-0.6974858324629158,500,8.965784284662087,38,theta_ell2_q2,6,2,2,global,0.0,30,0.0,-1.0378805211930242e-05,0.0,0.0,True,,inf,1.0378805211930242e-05,1.0378805211930242e-05,False,0.0,0.0,False,0,0,0,global,500,500,16,16,0,8,8,1,31,31.25,31.0,32,0,31,4,"sorted(block,parameter,shift,basis)"
finite_shot_conditional,1,0,0,0,2,-1.2000000000000002,-0.6974858324629158,500,8.965784284662087,38,theta_ell2_q3,7,2,3,global,0.0,30,0.0,-2.455504526771568e-05,0.0,0.0,True,,inf,2.455504526771568e-05,2.455504526771568e-05,False,0.0,0.0,False,0,0,0,global,500,500,16,16,0,8,8,1,31,31.25,31.0,32,0,31,4,"sorted(block,parameter,shift,basis)"
finite_shot_conditional,1,0,0,0,2,-1.2000000000000002,-0.6974858324629158,500,8.965784284662087,39,theta_ell2_q0,4,2,0,global,0.0,30,0.0,2.141702161728709e-07,0.0,0.0,True,,inf,-2.141702161728709e-07,2.141702161728709e-07,False,0.0,0.0,False,0,0,0,global,500,500,16,16,0,8,8,1,31,31.25,31.0,32,0,31,4,"sorted(block,parameter,shift,basis)"
finite_shot_conditional,1,0,0,0,2,-1.2000000000000002,-0.6974858324629158,500,8.965784284662087,39,theta_ell2_q2,6,2,2,global,0.0,30,0.0,1.28168989310673e-08,0.0,0.0,True,,inf,-1.28168989310673e-08,1.28168989310673e-08,False,0.0,0.0,False,0,0,0,global,500,500,16,16,0,8,8,1,31,31.25,31.0,32,0,31,4,"sorted(block,parameter,shift,basis)"
finite_shot_conditional,1,0,0,0,2,-1.2000000000000002,-0.6974858324629158,500,8.965784284662087,39,theta_ell2_q3,7,2,3,global,0.0,30,0.0,-5.862178766302684e-07,0.0,0.0,True,,inf,5.862178766302684e-07,5.862178766302684e-07,False,0.0,0.0,False,0,0,0,global,500,500,16,16,0,8,8,1,31,31.25,31.0,32,0,31,4,"sorted(block,parameter,shift,basis)"
finite_shot_conditional,1,0,0,0,2,-1.2000000000000002,-0.6974858324629158,500,8.965784284662087,45,theta_ell2_q0,4,2,0,global,0.0,30,0.0,0.00014364842029096492,0.0,0.0,True,,inf,-0.00014364842029096492,0.00014364842029096492,False,0.0,0.0,False,0,0,0,global,500,500,16,16,0,8,8,1,31,31.25,31.0,32,0,31,4,"sorted(block,parameter,shift,basis)"
finite_shot_conditional,1,0,0,0,2,-1.2000000000000002,-0.6974858324629158,500,8.965784284662087,45,theta_ell2_q3,7,2,3,global,0.0,30,0.0,-0.0002856876888021609,0.0,0.0,True,,inf,0.0002856876888021609,0.0002856876888021609,False,0.0,0.0,False,0,0,0,global,500,500,16,16,0,8,8,1,31,31.25,31.0,32,0,31,4,"sorted(block,parameter,shift,basis)"
finite_shot_conditional,1,0,0,0,2,-1.2000000000000002,-0.6974858324629158,500,8.965784284662087,48,theta_ell2_q0,4,2,0,global,0.0,30,0.0,-0.0001688049454856566,0.0,0.0,True,,inf,0.0001688049454856566,0.0001688049454856566,False,0.0,0.0,False,0,0,0,global,500,500,16,16,0,8,8,1,31,31.25,31.0,32,0,31,4,"sorted(block,parameter,shift,basis)"
finite_shot_conditional,1,0,0,0,2,-1.2000000000000002,-0.6974858324629158,500,8.965784284662087,48,theta_ell2_q3,7,2,3,global,0.0,30,0.0,0.0003380430644049359,0.0,0.0,True,,inf,-0.0003380430644049359,0.0003380430644049359,False,0.0,0.0,False,0,0,0,global,500,500,16,16,0,8,8,1,31,31.25,31.0,32,0,31,4,"sorted(block,parameter,shift,basis)"
finite_shot_conditional,1,0,0,0,2,-1.2000000000000002,-0.6974858324629158,1000,9.965784284662087,1,theta_ell2_q1,5,2,1,global,0.0,30,0.0,-2.4000334845564186e-05,0.0,0.0,True,,inf,2.4000334845564186e-05,2.4000334845564186e-05,False,0.0,0.0,False,0,0,0,global,1000,1000,16,16,0,8,8,1,62,62.5,62.5,63,0,62,8,"sorted(block,parameter,shift,basis)"
finite_shot_conditional,1,0,0,0,2,-1.2000000000000002,-0.6974858324629158,1000,9.965784284662087,7,theta_ell2_q2,6,2,2,global,0.0,30,0.0,-4.559257302405584e-05,0.0,0.0,True,,inf,4.559257302405584e-05,4.559257302405584e-05,False,0.0,0.0,False,0,0,0,global,1000,1000,16,16,0,8,8,1,62,62.5,62.5,63,0,62,8,"sorted(block,parameter,shift,basis)"
finite_shot_conditional,1,0,0,0,2,-1.2000000000000002,-0.6974858324629158,1000,9.965784284662087,14,theta_ell2_q1,5,2,1,global,0.0,30,0.0,-0.00012833442818532825,0.0,0.0,True,,inf,0.00012833442818532825,0.00012833442818532825,False,0.0,0.0,False,0,0,0,global,1000,1000,16,16,0,8,8,1,62,62.5,62.5,63,0,62,8,"sorted(block,parameter,shift,basis)"
finite_shot_conditional,1,0,0,0,2,-1.2000000000000002,-0.6974858324629158,1000,9.965784284662087,14,theta_ell2_q2,6,2,2,global,0.0,30,0.0,-0.00011281038820609712,0.0,0.0,True,,inf,0.00011281038820609712,0.00011281038820609712,False,0.0,0.0,False,0,0,0,global,1000,1000,16,16,0,8,8,1,62,62.5,62.5,63,0,62,8,"sorted(block,parameter,shift,basis)"
finite_shot_conditional,1,0,0,0,2,-1.2000000000000002,-0.6974858324629158,1000,9.965784284662087,18,theta_ell2_q3,7,2,3,global,0.0,30,0.0,-9.508518829576262e-05,0.0,0.0,True,,inf,9.508518829576262e-05,9.508518829576262e-05,False,0.0,0.0,False,0,0,0,global,1000,1000,16,16,0,8,8,1,62,62.5,62.5,63,0,62,8,"sorted(block,parameter,shift,basis)"
finite_shot_conditional,1,0,0,0,2,-1.2000000000000002,-0.6974858324629158,1000,9.965784284662087,33,theta_ell2_q0,4,2,0,global,0.0,30,0.0,-0.00011039529178447083,0.0,0.0,True,,inf,0.00011039529178447083,0.00011039529178447083,False,0.0,0.0,False,0,0,0,global,1000,1000,16,16,0,8,8,1,62,62.5,62.5,63,0,62,8,"sorted(block,parameter,shift,basis)"
finite_shot_conditional,1,0,0,0,2,-1.2000000000000002,-0.6974858324629158,1000,9.965784284662087,33,theta_ell2_q1,5,2,1,global,0.0,30,0.0,-8.570836399623971e-05,0.0,0.0,True,,inf,8.570836399623971e-05,8.570836399623971e-05,False,0.0,0.0,False,0,0,0,global,1000,1000,16,16,0,8,8,1,62,62.5,62.5,63,0,62,8,"sorted(block,parameter,shift,basis)"
finite_shot_conditional,1,0,0,0,2,-1.2000000000000002,-0.6974858324629158,1000,9.965784284662087,36,theta_ell2_q0,4,2,0,global,0.0,30,0.0,-3.3744409283664734e-05,0.0,0.0,True,,inf,3.3744409283664734e-05,3.3744409283664734e-05,False,0.0,0.0,False,0,0,0,global,1000,1000,16,16,0,8,8,1,62,62.5,62.5,63,0,62,8,"sorted(block,parameter,shift,basis)"
finite_shot_conditional,1,0,0,0,2,-1.2000000000000002,-0.6974858324629158,1000,9.965784284662087,36,theta_ell2_q2,6,2,2,global,0.0,30,0.0,2.1583496360166876e-05,0.0,0.0,True,,inf,-2.1583496360166876e-05,2.1583496360166876e-05,False,0.0,0.0,False,0,0,0,global,1000,1000,16,16,0,8,8,1,62,62.5,62.5,63,0,62,8,"sorted(block,parameter,shift,basis)"
finite_shot_conditional,1,0,0,0,2,-1.2000000000000002,-0.6974858324629158,1000,9.965784284662087,36,theta_ell2_q3,7,2,3,global,0.0,30,0.0,1.0312172909254791e-05,0.0,0.0,True,,inf,-1.0312172909254791e-05,1.0312172909254791e-05,False,0.0,0.0,False,0,0,0,global,1000,1000,16,16,0,8,8,1,62,62.5,62.5,63,0,62,8,"sorted(block,parameter,shift,basis)"
finite_shot_conditional,1,0,0,0,2,-1.2000000000000002,-0.6974858324629158,1000,9.965784284662087,38,theta_ell2_q1,5,2,1,global,0.0,30,0.0,2.690042111286317e-07,0.0,0.0,True,,inf,-2.690042111286317e-07,2.690042111286317e-07,False,0.0,0.0,False,0,0,0,global,1000,1000,16,16,0,8,8,1,62,62.5,62.5,63,0,62,8,"sorted(block,parameter,shift,basis)"
finite_shot_conditional,1,0,0,0,2,-1.2000000000000002,-0.6974858324629158,1000,9.965784284662087,39,theta_ell2_q0,4,2,0,global,0.0,30,0.0,2.141702161728709e-07,0.0,0.0,True,,inf,-2.141702161728709e-07,2.141702161728709e-07,False,0.0,0.0,False,0,0,0,global,1000,1000,16,16,0,8,8,1,62,62.5,62.5,63,0,62,8,"sorted(block,parameter,shift,basis)"
finite_shot_conditional,1,0,0,0,2,-1.2000000000000002,-0.6974858324629158,1000,9.965784284662087,39,theta_ell2_q2,6,2,2,global,0.0,30,0.0,1.28168989310673e-08,0.0,0.0,True,,inf,-1.28168989310673e-08,1.28168989310673e-08,False,0.0,0.0,False,0,0,0,global,1000,1000,16,16,0,8,8,1,62,62.5,62.5,63,0,62,8,"sorted(block,parameter,shift,basis)"
finite_shot_conditional,1,0,0,0,2,-1.2000000000000002,-0.6974858324629158,1000,9.965784284662087,39,theta_ell2_q3,7,2,3,global,0.0,30,0.0,-5.862178766302684e-07,0.0,0.0,True,,inf,5.862178766302684e-07,5.862178766302684e-07,False,0.0,0.0,False,0,0,0,global,1000,1000,16,16,0,8,8,1,62,62.5,62.5,63,0,62,8,"sorted(block,parameter,shift,basis)"
finite_shot_conditional,1,0,0,0,2,-1.2000000000000002,-0.6974858324629158,1000,9.965784284662087,45,theta_ell2_q3,7,2,3,global,0.0,30,0.0,-0.0002856876888021609,0.0,0.0,True,,inf,0.0002856876888021609,0.0002856876888021609,False,0.0,0.0,False,0,0,0,global,1000,1000,16,16,0,8,8,1,62,62.5,62.5,63,0,62,8,"sorted(block,parameter,shift,basis)"
finite_shot_conditional,1,0,0,0,2,-1.2000000000000002,-0.6974858324629158,1000,9.965784284662087,48,theta_ell2_q0,4,2,0,global,0.0,30,0.0,-0.0001688049454856566,0.0,0.0,True,,inf,0.0001688049454856566,0.0001688049454856566,False,0.0,0.0,False,0,0,0,global,1000,1000,16,16,0,8,8,1,62,62.5,62.5,63,0,62,8,"sorted(block,parameter,shift,basis)"
finite_shot_conditional,1,0,0,0,2,-1.2000000000000002,-0.6974858324629158,2000,10.965784284662087,7,theta_ell2_q2,6,2,2,global,0.0,30,0.0,-4.559257302405584e-05,0.0,0.0,True,,inf,4.559257302405584e-05,4.559257302405584e-05,False,0.0,0.0,False,0,0,0,global,2000,2000,16,16,0,8,8,1,125,125.0,125.0,125,0,125,0,"sorted(block,parameter,shift,basis)"
finite_shot_conditional,1,0,0,0,2,-1.2000000000000002,-0.6974858324629158,2000,10.965784284662087,14,theta_ell2_q1,5,2,1,global,0.0,30,0.0,-0.00012833442818532825,0.0,0.0,True,,inf,0.00012833442818532825,0.00012833442818532825,False,0.0,0.0,False,0,0,0,global,2000,2000,16,16,0,8,8,1,125,125.0,125.0,125,0,125,0,"sorted(block,parameter,shift,basis)"
finite_shot_conditional,1,0,0,0,2,-1.2000000000000002,-0.6974858324629158,2000,10.965784284662087,19,theta_ell2_q1,5,2,1,global,0.0,30,0.0,-8.799787995877884e-05,0.0,0.0,True,,inf,8.799787995877884e-05,8.799787995877884e-05,False,0.0,0.0,False,0,0,0,global,2000,2000,16,16,0,8,8,1,125,125.0,125.0,125,0,125,0,"sorted(block,parameter,shift,basis)"
finite_shot_conditional,1,0,0,0,2,-1.2000000000000002,-0.6974858324629158,2000,10.965784284662087,36,theta_ell2_q2,6,2,2,global,0.0,30,0.0,2.1583496360166876e-05,0.0,0.0,True,,inf,-2.1583496360166876e-05,2.1583496360166876e-05,False,0.0,0.0,False,0,0,0,global,2000,2000,16,16,0,8,8,1,125,125.0,125.0,125,0,125,0,"sorted(block,parameter,shift,basis)"
finite_shot_conditional,1,0,0,0,2,-1.2000000000000002,-0.6974858324629158,2000,10.965784284662087,36,theta_ell2_q3,7,2,3,global,0.0,30,0.0,1.0312172909254791e-05,0.0,0.0,True,,inf,-1.0312172909254791e-05,1.0312172909254791e-05,False,0.0,0.0,False,0,0,0,global,2000,2000,16,16,0,8,8,1,125,125.0,125.0,125,0,125,0,"sorted(block,parameter,shift,basis)"
finite_shot_conditional,1,0,0,0,2,-1.2000000000000002,-0.6974858324629158,2000,10.965784284662087,38,theta_ell2_q1,5,2,1,global,0.0,30,0.0,2.690042111286317e-07,0.0,0.0,True,,inf,-2.690042111286317e-07,2.690042111286317e-07,False,0.0,0.0,False,0,0,0,global,2000,2000,16,16,0,8,8,1,125,125.0,125.0,125,0,125,0,"sorted(block,parameter,shift,basis)"
finite_shot_conditional,1,0,0,0,2,-1.2000000000000002,-0.6974858324629158,2000,10.965784284662087,39,theta_ell2_q0,4,2,0,global,0.0,30,0.0,2.141702161728709e-07,0.0,0.0,True,,inf,-2.141702161728709e-07,2.141702161728709e-07,False,0.0,0.0,False,0,0,0,global,2000,2000,16,16,0,8,8,1,125,125.0,125.0,125,0,125,0,"sorted(block,parameter,shift,basis)"
finite_shot_conditional,1,0,0,0,2,-1.2000000000000002,-0.6974858324629158,2000,10.965784284662087,39,theta_ell2_q2,6,2,2,global,0.0,30,0.0,1.28168989310673e-08,0.0,0.0,True,,inf,-1.28168989310673e-08,1.28168989310673e-08,False,0.0,0.0,False,0,0,0,global,2000,2000,16,16,0,8,8,1,125,125.0,125.0,125,0,125,0,"sorted(block,parameter,shift,basis)"
finite_shot_conditional,1,0,0,0,2,-1.2000000000000002,-0.6974858324629158,2000,10.965784284662087,39,theta_ell2_q3,7,2,3,global,0.0,30,0.0,-5.862178766302684e-07,0.0,0.0,True,,inf,5.862178766302684e-07,5.862178766302684e-07,False,0.0,0.0,False,0,0,0,global,2000,2000,16,16,0,8,8,1,125,125.0,125.0,125,0,125,0,"sorted(block,parameter,shift,basis)"
finite_shot_conditional,1,0,0,0,3,-0.20000000000000018,-0.11624763874381938,250,7.965784284662087,5,theta_ell3_q0,8,3,0,global,0.0,30,0.0,-1.999603330749e-06,0.0,0.0,True,,inf,1.999603330749e-06,1.999603330749e-06,False,0.0,0.0,False,0,0,0,global,250,250,24,24,0,16,8,1,10,10.416666666666666,10.0,11,0,10,10,"sorted(block,parameter,shift,basis)"
finite_shot_conditional,1,0,0,0,3,-0.20000000000000018,-0.11624763874381938,250,7.965784284662087,5,theta_ell3_q2,10,3,2,global,0.0,30,0.0,-5.152917075645913e-06,0.0,0.0,True,,inf,5.152917075645913e-06,5.152917075645913e-06,False,0.0,0.0,False,0,0,0,global,250,250,24,24,0,16,8,1,10,10.416666666666666,10.0,11,0,10,10,"sorted(block,parameter,shift,basis)"
finite_shot_conditional,1,0,0,0,3,-0.20000000000000018,-0.11624763874381938,250,7.965784284662087,5,theta_ell3_q3,11,3,3,global,0.0,30,0.0,2.8591484756423924e-06,0.0,0.0,True,,inf,-2.8591484756423924e-06,2.8591484756423924e-06,False,0.0,0.0,False,0,0,0,global,250,250,24,24,0,16,8,1,10,10.416666666666666,10.0,11,0,10,10,"sorted(block,parameter,shift,basis)"
finite_shot_conditional,1,0,0,0,3,-0.20000000000000018,-0.11624763874381938,250,7.965784284662087,12,theta_ell3_q1,9,3,1,global,0.0,30,0.0,0.00012205365577599991,0.0,0.0,True,,inf,-0.00012205365577599991,0.00012205365577599991,False,0.0,0.0,False,0,0,0,global,250,250,24,24,0,16,8,1,10,10.416666666666666,10.0,11,0,10,10,"sorted(block,parameter,shift,basis)"
finite_shot_conditional,1,0,0,0,3,-0.20000000000000018,-0.11624763874381938,250,7.965784284662087,17,theta_ell3_q0,8,3,0,global,0.0,30,0.0,0.0006065216345740865,0.0,0.0,True,,inf,-0.0006065216345740865,0.0006065216345740865,False,0.0,0.0,False,0,0,0,global,250,250,24,24,0,16,8,1,10,10.416666666666666,10.0,11,0,10,10,"sorted(block,parameter,shift,basis)"
finite_shot_conditional,1,0,0,0,3,-0.20000000000000018,-0.11624763874381938,250,7.965784284662087,17,theta_ell3_q2,10,3,2,global,0.0,30,0.0,0.00017775604275677148,0.0,0.0,True,,inf,-0.00017775604275677148,0.00017775604275677148,False,0.0,0.0,False,0,0,0,global,250,250,24,24,0,16,8,1,10,10.416666666666666,10.0,11,0,10,10,"sorted(block,parameter,shift,basis)"
finite_shot_conditional,1,0,0,0,3,-0.20000000000000018,-0.11624763874381938,250,7.965784284662087,19,theta_ell3_q3,11,3,3,global,0.0,30,0.0,0.001494461818138948,0.0,0.0,True,,inf,-0.001494461818138948,0.001494461818138948,False,0.0,0.0,False,0,0,0,global,250,250,24,24,0,16,8,1,10,10.416666666666666,10.0,11,0,10,10,"sorted(block,parameter,shift,basis)"
finite_shot_conditional,1,0,0,0,3,-0.20000000000000018,-0.11624763874381938,250,7.965784284662087,20,theta_ell3_q1,9,3,1,global,0.0,30,0.0,-0.0033019653771449997,0.0,0.0,True,,inf,0.0033019653771449997,0.0033019653771449997,False,0.0,0.0,False,0,0,0,global,250,250,24,24,0,16,8,1,10,10.416666666666666,10.0,11,0,10,10,"sorted(block,parameter,shift,basis)"
finite_shot_conditional,1,0,0,0,3,-0.20000000000000018,-0.11624763874381938,250,7.965784284662087,20,theta_ell3_q2,10,3,2,global,0.0,30,0.0,-1.5058295447289982e-05,0.0,0.0,True,,inf,1.5058295447289982e-05,1.5058295447289982e-05,False,0.0,0.0,False,0,0,0,global,250,250,24,24,0,16,8,1,10,10.416666666666666,10.0,11,0,10,10,"sorted(block,parameter,shift,basis)"
finite_shot_conditional,1,0,0,0,3,-0.20000000000000018,-0.11624763874381938,250,7.965784284662087,20,theta_ell3_q3,11,3,3,global,0.0,30,0.0,0.0019099055294173328,0.0,0.0,True,,inf,-0.0019099055294173328,0.0019099055294173328,False,0.0,0.0,False,0,0,0,global,250,250,24,24,0,16,8,1,10,10.416666666666666,10.0,11,0,10,10,"sorted(block,parameter,shift,basis)"
finite_shot_conditional,1,0,0,0,3,-0.20000000000000018,-0.11624763874381938,250,7.965784284662087,24,theta_ell3_q0,8,3,0,global,0.0,30,0.0,0.0015530470857508805,0.0,0.0,True,,inf,-0.0015530470857508805,0.0015530470857508805,False,0.0,0.0,False,0,0,0,global,250,250,24,24,0,16,8,1,10,10.416666666666666,10.0,11,0,10,10,"sorted(block,parameter,shift,basis)"
finite_shot_conditional,1,0,0,0,3,-0.20000000000000018,-0.11624763874381938,250,7.965784284662087,24,theta_ell3_q3,11,3,3,global,0.0,30,0.0,0.00023845022681201478,0.0,0.0,True,,inf,-0.00023845022681201478,0.00023845022681201478,False,0.0,0.0,False,0,0,0,global,250,250,24,24,0,16,8,1,10,10.416666666666666,10.0,11,0,10,10,"sorted(block,parameter,shift,basis)"
finite_shot_conditional,1,0,0,0,3,-0.20000000000000018,-0.11624763874381938,250,7.965784284662087,28,theta_ell3_q0,8,3,0,global,0.0,30,0.0,0.0011522888787881547,0.0,0.0,True,,inf,-0.0011522888787881547,0.0011522888787881547,False,0.0,0.0,False,0,0,0,global,250,250,24,24,0,16,8,1,10,10.416666666666666,10.0,11,0,10,10,"sorted(block,parameter,shift,basis)"
finite_shot_conditional,1,0,0,0,3,-0.20000000000000018,-0.11624763874381938,250,7.965784284662087,28,theta_ell3_q3,11,3,3,global,0.0,30,0.0,-0.0001123585118021353,0.0,0.0,True,,inf,0.0001123585118021353,0.0001123585118021353,False,0.0,0.0,False,0,0,0,global,250,250,24,24,0,16,8,1,10,10.416666666666666,10.0,11,0,10,10,"sorted(block,parameter,shift,basis)"
finite_shot_conditional,1,0,0,0,3,-0.20000000000000018,-0.11624763874381938,250,7.965784284662087,29,theta_ell3_q0,8,3,0,global,0.0,30,0.0,3.8676452491948066e-05,0.0,0.0,True,,inf,-3.8676452491948066e-05,3.8676452491948066e-05,False,0.0,0.0,False,0,0,0,global,250,250,24,24,0,16,8,1,10,10.416666666666666,10.0,11,0,10,10,"sorted(block,parameter,shift,basis)"
finite_shot_conditional,1,0,0,0,3,-0.20000000000000018,-0.11624763874381938,250,7.965784284662087,29,theta_ell3_q2,10,3,2,global,0.0,30,0.0,5.562236509215612e-05,0.0,0.0,True,,inf,-5.562236509215612e-05,5.562236509215612e-05,False,0.0,0.0,False,0,0,0,global,250,250,24,24,0,16,8,1,10,10.416666666666666,10.0,11,0,10,10,"sorted(block,parameter,shift,basis)"
finite_shot_conditional,1,0,0,0,3,-0.20000000000000018,-0.11624763874381938,250,7.965784284662087,29,theta_ell3_q3,11,3,3,global,0.0,30,0.0,7.386579701390561e-05,0.0,0.0,True,,inf,-7.386579701390561e-05,7.386579701390561e-05,False,0.0,0.0,False,0,0,0,global,250,250,24,24,0,16,8,1,10,10.416666666666666,10.0,11,0,10,10,"sorted(block,parameter,shift,basis)"
finite_shot_conditional,1,0,0,0,3,-0.20000000000000018,-0.11624763874381938,250,7.965784284662087,33,theta_ell3_q0,8,3,0,global,0.0,30,0.0,0.0005224725205315583,0.0,0.0,True,,inf,-0.0005224725205315583,0.0005224725205315583,False,0.0,0.0,False,0,0,0,global,250,250,24,24,0,16,8,1,10,10.416666666666666,10.0,11,0,10,10,"sorted(block,parameter,shift,basis)"
finite_shot_conditional,1,0,0,0,3,-0.20000000000000018,-0.11624763874381938,250,7.965784284662087,33,theta_ell3_q2,10,3,2,global,0.0,30,0.0,0.0009742240238027611,0.0,0.0,True,,inf,-0.0009742240238027611,0.0009742240238027611,False,0.0,0.0,False,0,0,0,global,250,250,24,24,0,16,8,1,10,10.416666666666666,10.0,11,0,10,10,"sorted(block,parameter,shift,basis)"
finite_shot_conditional,1,0,0,0,3,-0.20000000000000018,-0.11624763874381938,250,7.965784284662087,33,theta_ell3_q3,11,3,3,global,0.0,30,0.0,-0.0014497744900703324,0.0,0.0,True,,inf,0.0014497744900703324,0.0014497744900703324,False,0.0,0.0,False,0,0,0,global,250,250,24,24,0,16,8,1,10,10.416666666666666,10.0,11,0,10,10,"sorted(block,parameter,shift,basis)"
finite_shot_conditional,1,0,0,0,3,-0.20000000000000018,-0.11624763874381938,250,7.965784284662087,34,theta_ell3_q2,10,3,2,global,0.0,30,0.0,-0.000985972019440673,0.0,0.0,True,,inf,0.000985972019440673,0.000985972019440673,False,0.0,0.0,False,0,0,0,global,250,250,24,24,0,16,8,1,10,10.416666666666666,10.0,11,0,10,10,"sorted(block,parameter,shift,basis)"
finite_shot_conditional,1,0,0,0,3,-0.20000000000000018,-0.11624763874381938,250,7.965784284662087,35,theta_ell3_q0,8,3,0,global,0.0,30,0.0,0.0002314067506500872,0.0,0.0,True,,inf,-0.0002314067506500872,0.0002314067506500872,False,0.0,0.0,False,0,0,0,global,250,250,24,24,0,16,8,1,10,10.416666666666666,10.0,11,0,10,10,"sorted(block,parameter,shift,basis)"
finite_shot_conditional,1,0,0,0,3,-0.20000000000000018,-0.11624763874381938,250,7.965784284662087,35,theta_ell3_q2,10,3,2,global,0.0,30,0.0,-0.0005933279642595934,0.0,0.0,True,,inf,0.0005933279642595934,0.0005933279642595934,False,0.0,0.0,False,0,0,0,global,250,250,24,24,0,16,8,1,10,10.416666666666666,10.0,11,0,10,10,"sorted(block,parameter,shift,basis)"
finite_shot_conditional,1,0,0,0,3,-0.20000000000000018,-0.11624763874381938,250,7.965784284662087,39,theta_ell3_q1,9,3,1,global,0.0,30,0.0,-6.400670365031003e-05,0.0,0.0,True,,inf,6.400670365031003e-05,6.400670365031003e-05,False,0.0,0.0,False,0,0,0,global,250,250,24,24,0,16,8,1,10,10.416666666666666,10.0,11,0,10,10,"sorted(block,parameter,shift,basis)"
finite_shot_conditional,1,0,0,0,3,-0.20000000000000018,-0.11624763874381938,250,7.965784284662087,39,theta_ell3_q3,11,3,3,global,0.0,30,0.0,0.00022177519005783797,0.0,0.0,True,,inf,-0.00022177519005783797,0.00022177519005783797,False,0.0,0.0,False,0,0,0,global,250,250,24,24,0,16,8,1,10,10.416666666666666,10.0,11,0,10,10,"sorted(block,parameter,shift,basis)"
finite_shot_conditional,1,0,0,0,3,-0.20000000000000018,-0.11624763874381938,250,7.965784284662087,41,theta_ell3_q3,11,3,3,global,0.0,30,0.0,-0.0014375316427641671,0.0,0.0,True,,inf,0.0014375316427641671,0.0014375316427641671,False,0.0,0.0,False,0,0,0,global,250,250,24,24,0,16,8,1,10,10.416666666666666,10.0,11,0,10,10,"sorted(block,parameter,shift,basis)"
finite_shot_conditional,1,0,0,0,3,-0.20000000000000018,-0.11624763874381938,250,7.965784284662087,42,theta_ell3_q1,9,3,1,global,0.0,30,0.0,0.00015665677451004445,0.0,0.0,True,,inf,-0.00015665677451004445,0.00015665677451004445,False,0.0,0.0,False,0,0,0,global,250,250,24,24,0,16,8,1,10,10.416666666666666,10.0,11,0,10,10,"sorted(block,parameter,shift,basis)"
finite_shot_conditional,1,0,0,0,3,-0.20000000000000018,-0.11624763874381938,250,7.965784284662087,48,theta_ell3_q0,8,3,0,global,0.0,30,0.0,-0.000645222838596915,0.0,0.0,True,,inf,0.000645222838596915,0.000645222838596915,False,0.0,0.0,False,0,0,0,global,250,250,24,24,0,16,8,1,10,10.416666666666666,10.0,11,0,10,10,"sorted(block,parameter,shift,basis)"
finite_shot_conditional,1,0,0,0,3,-0.20000000000000018,-0.11624763874381938,250,7.965784284662087,49,theta_ell3_q1,9,3,1,global,0.0,30,0.0,-1.066953331685383e-06,0.0,0.0,True,,inf,1.066953331685383e-06,1.066953331685383e-06,False,0.0,0.0,False,0,0,0,global,250,250,24,24,0,16,8,1,10,10.416666666666666,10.0,11,0,10,10,"sorted(block,parameter,shift,basis)"
finite_shot_conditional,1,0,0,0,3,-0.20000000000000018,-0.11624763874381938,500,8.965784284662087,5,theta_ell3_q0,8,3,0,global,0.0,30,0.0,-1.999603330749e-06,0.0,0.0,True,,inf,1.999603330749e-06,1.999603330749e-06,False,0.0,0.0,False,0,0,0,global,500,500,24,24,0,16,8,1,20,20.833333333333332,21.0,21,0,20,20,"sorted(block,parameter,shift,basis)"
finite_shot_conditional,1,0,0,0,3,-0.20000000000000018,-0.11624763874381938,500,8.965784284662087,5,theta_ell3_q2,10,3,2,global,0.0,30,0.0,-5.152917075645913e-06,0.0,0.0,True,,inf,5.152917075645913e-06,5.152917075645913e-06,False,0.0,0.0,False,0,0,0,global,500,500,24,24,0,16,8,1,20,20.833333333333332,21.0,21,0,20,20,"sorted(block,parameter,shift,basis)"
finite_shot_conditional,1,0,0,0,3,-0.20000000000000018,-0.11624763874381938,500,8.965784284662087,5,theta_ell3_q3,11,3,3,global,0.0,30,0.0,2.8591484756423924e-06,0.0,0.0,True,,inf,-2.8591484756423924e-06,2.8591484756423924e-06,False,0.0,0.0,False,0,0,0,global,500,500,24,24,0,16,8,1,20,20.833333333333332,21.0,21,0,20,20,"sorted(block,parameter,shift,basis)"
finite_shot_conditional,1,0,0,0,3,-0.20000000000000018,-0.11624763874381938,500,8.965784284662087,12,theta_ell3_q1,9,3,1,global,0.0,30,0.0,0.00012205365577599991,0.0,0.0,True,,inf,-0.00012205365577599991,0.00012205365577599991,False,0.0,0.0,False,0,0,0,global,500,500,24,24,0,16,8,1,20,20.833333333333332,21.0,21,0,20,20,"sorted(block,parameter,shift,basis)"
finite_shot_conditional,1,0,0,0,3,-0.20000000000000018,-0.11624763874381938,500,8.965784284662087,17,theta_ell3_q1,9,3,1,global,0.0,30,0.0,0.00033389539412592706,0.0,0.0,True,,inf,-0.00033389539412592706,0.00033389539412592706,False,0.0,0.0,False,0,0,0,global,500,500,24,24,0,16,8,1,20,20.833333333333332,21.0,21,0,20,20,"sorted(block,parameter,shift,basis)"
finite_shot_conditional,1,0,0,0,3,-0.20000000000000018,-0.11624763874381938,500,8.965784284662087,17,theta_ell3_q2,10,3,2,global,0.0,30,0.0,0.00017775604275677148,0.0,0.0,True,,inf,-0.00017775604275677148,0.00017775604275677148,False,0.0,0.0,False,0,0,0,global,500,500,24,24,0,16,8,1,20,20.833333333333332,21.0,21,0,20,20,"sorted(block,parameter,shift,basis)"
finite_shot_conditional,1,0,0,0,3,-0.20000000000000018,-0.11624763874381938,500,8.965784284662087,19,theta_ell3_q3,11,3,3,global,0.0,30,0.0,0.001494461818138948,0.0,0.0,True,,inf,-0.001494461818138948,0.001494461818138948,False,0.0,0.0,False,0,0,0,global,500,500,24,24,0,16,8,1,20,20.833333333333332,21.0,21,0,20,20,"sorted(block,parameter,shift,basis)"
finite_shot_conditional,1,0,0,0,3,-0.20000000000000018,-0.11624763874381938,500,8.965784284662087,24,theta_ell3_q0,8,3,0,global,0.0,30,0.0,0.0015530470857508805,0.0,0.0,True,,inf,-0.0015530470857508805,0.0015530470857508805,False,0.0,0.0,False,0,0,0,global,500,500,24,24,0,16,8,1,20,20.833333333333332,21.0,21,0,20,20,"sorted(block,parameter,shift,basis)"
finite_shot_conditional,1,0,0,0,3,-0.20000000000000018,-0.11624763874381938,500,8.965784284662087,24,theta_ell3_q3,11,3,3,global,0.0,30,0.0,0.00023845022681201478,0.0,0.0,True,,inf,-0.00023845022681201478,0.00023845022681201478,False,0.0,0.0,False,0,0,0,global,500,500,24,24,0,16,8,1,20,20.833333333333332,21.0,21,0,20,20,"sorted(block,parameter,shift,basis)"
finite_shot_conditional,1,0,0,0,3,-0.20000000000000018,-0.11624763874381938,500,8.965784284662087,28,theta_ell3_q3,11,3,3,global,0.0,30,0.0,-0.0001123585118021353,0.0,0.0,True,,inf,0.0001123585118021353,0.0001123585118021353,False,0.0,0.0,False,0,0,0,global,500,500,24,24,0,16,8,1,20,20.833333333333332,21.0,21,0,20,20,"sorted(block,parameter,shift,basis)"
finite_shot_conditional,1,0,0,0,3,-0.20000000000000018,-0.11624763874381938,500,8.965784284662087,29,theta_ell3_q0,8,3,0,global,0.0,30,0.0,3.8676452491948066e-05,0.0,0.0,True,,inf,-3.8676452491948066e-05,3.8676452491948066e-05,False,0.0,0.0,False,0,0,0,global,500,500,24,24,0,16,8,1,20,20.833333333333332,21.0,21,0,20,20,"sorted(block,parameter,shift,basis)"
finite_shot_conditional,1,0,0,0,3,-0.20000000000000018,-0.11624763874381938,500,8.965784284662087,29,theta_ell3_q2,10,3,2,global,0.0,30,0.0,5.562236509215612e-05,0.0,0.0,True,,inf,-5.562236509215612e-05,5.562236509215612e-05,False,0.0,0.0,False,0,0,0,global,500,500,24,24,0,16,8,1,20,20.833333333333332,21.0,21,0,20,20,"sorted(block,parameter,shift,basis)"
finite_shot_conditional,1,0,0,0,3,-0.20000000000000018,-0.11624763874381938,500,8.965784284662087,29,theta_ell3_q3,11,3,3,global,0.0,30,0.0,7.386579701390561e-05,0.0,0.0,True,,inf,-7.386579701390561e-05,7.386579701390561e-05,False,0.0,0.0,False,0,0,0,global,500,500,24,24,0,16,8,1,20,20.833333333333332,21.0,21,0,20,20,"sorted(block,parameter,shift,basis)"
finite_shot_conditional,1,0,0,0,3,-0.20000000000000018,-0.11624763874381938,500,8.965784284662087,33,theta_ell3_q2,10,3,2,global,0.0,30,0.0,0.0009742240238027611,0.0,0.0,True,,inf,-0.0009742240238027611,0.0009742240238027611,False,0.0,0.0,False,0,0,0,global,500,500,24,24,0,16,8,1,20,20.833333333333332,21.0,21,0,20,20,"sorted(block,parameter,shift,basis)"
finite_shot_conditional,1,0,0,0,3,-0.20000000000000018,-0.11624763874381938,500,8.965784284662087,34,theta_ell3_q2,10,3,2,global,0.0,30,0.0,-0.000985972019440673,0.0,0.0,True,,inf,0.000985972019440673,0.000985972019440673,False,0.0,0.0,False,0,0,0,global,500,500,24,24,0,16,8,1,20,20.833333333333332,21.0,21,0,20,20,"sorted(block,parameter,shift,basis)"
finite_shot_conditional,1,0,0,0,3,-0.20000000000000018,-0.11624763874381938,500,8.965784284662087,35,theta_ell3_q0,8,3,0,global,0.0,30,0.0,0.0002314067506500872,0.0,0.0,True,,inf,-0.0002314067506500872,0.0002314067506500872,False,0.0,0.0,False,0,0,0,global,500,500,24,24,0,16,8,1,20,20.833333333333332,21.0,21,0,20,20,"sorted(block,parameter,shift,basis)"
finite_shot_conditional,1,0,0,0,3,-0.20000000000000018,-0.11624763874381938,500,8.965784284662087,35,theta_ell3_q2,10,3,2,global,0.0,30,0.0,-0.0005933279642595934,0.0,0.0,True,,inf,0.0005933279642595934,0.0005933279642595934,False,0.0,0.0,False,0,0,0,global,500,500,24,24,0,16,8,1,20,20.833333333333332,21.0,21,0,20,20,"sorted(block,parameter,shift,basis)"
finite_shot_conditional,1,0,0,0,3,-0.20000000000000018,-0.11624763874381938,500,8.965784284662087,39,theta_ell3_q3,11,3,3,global,0.0,30,0.0,0.00022177519005783797,0.0,0.0,True,,inf,-0.00022177519005783797,0.00022177519005783797,False,0.0,0.0,False,0,0,0,global,500,500,24,24,0,16,8,1,20,20.833333333333332,21.0,21,0,20,20,"sorted(block,parameter,shift,basis)"
finite_shot_conditional,1,0,0,0,3,-0.20000000000000018,-0.11624763874381938,500,8.965784284662087,42,theta_ell3_q1,9,3,1,global,0.0,30,0.0,0.00015665677451004445,0.0,0.0,True,,inf,-0.00015665677451004445,0.00015665677451004445,False,0.0,0.0,False,0,0,0,global,500,500,24,24,0,16,8,1,20,20.833333333333332,21.0,21,0,20,20,"sorted(block,parameter,shift,basis)"
finite_shot_conditional,1,0,0,0,3,-0.20000000000000018,-0.11624763874381938,500,8.965784284662087,48,theta_ell3_q0,8,3,0,global,0.0,30,0.0,-0.000645222838596915,0.0,0.0,True,,inf,0.000645222838596915,0.000645222838596915,False,0.0,0.0,False,0,0,0,global,500,500,24,24,0,16,8,1,20,20.833333333333332,21.0,21,0,20,20,"sorted(block,parameter,shift,basis)"
finite_shot_conditional,1,0,0,0,3,-0.20000000000000018,-0.11624763874381938,500,8.965784284662087,49,theta_ell3_q1,9,3,1,global,0.0,30,0.0,-1.066953331685383e-06,0.0,0.0,True,,inf,1.066953331685383e-06,1.066953331685383e-06,False,0.0,0.0,False,0,0,0,global,500,500,24,24,0,16,8,1,20,20.833333333333332,21.0,21,0,20,20,"sorted(block,parameter,shift,basis)"
finite_shot_conditional,1,0,0,0,3,-0.20000000000000018,-0.11624763874381938,1000,9.965784284662087,5,theta_ell3_q0,8,3,0,global,0.0,30,0.0,-1.999603330749e-06,0.0,0.0,True,,inf,1.999603330749e-06,1.999603330749e-06,False,0.0,0.0,False,0,0,0,global,1000,1000,24,24,0,16,8,1,41,41.666666666666664,42.0,42,0,41,16,"sorted(block,parameter,shift,basis)"
finite_shot_conditional,1,0,0,0,3,-0.20000000000000018,-0.11624763874381938,1000,9.965784284662087,5,theta_ell3_q2,10,3,2,global,0.0,30,0.0,-5.152917075645913e-06,0.0,0.0,True,,inf,5.152917075645913e-06,5.152917075645913e-06,False,0.0,0.0,False,0,0,0,global,1000,1000,24,24,0,16,8,1,41,41.666666666666664,42.0,42,0,41,16,"sorted(block,parameter,shift,basis)"
finite_shot_conditional,1,0,0,0,3,-0.20000000000000018,-0.11624763874381938,1000,9.965784284662087,5,theta_ell3_q3,11,3,3,global,0.0,30,0.0,2.8591484756423924e-06,0.0,0.0,True,,inf,-2.8591484756423924e-06,2.8591484756423924e-06,False,0.0,0.0,False,0,0,0,global,1000,1000,24,24,0,16,8,1,41,41.666666666666664,42.0,42,0,41,16,"sorted(block,parameter,shift,basis)"
finite_shot_conditional,1,0,0,0,3,-0.20000000000000018,-0.11624763874381938,1000,9.965784284662087,12,theta_ell3_q1,9,3,1,global,0.0,30,0.0,0.00012205365577599991,0.0,0.0,True,,inf,-0.00012205365577599991,0.00012205365577599991,False,0.0,0.0,False,0,0,0,global,1000,1000,24,24,0,16,8,1,41,41.666666666666664,42.0,42,0,41,16,"sorted(block,parameter,shift,basis)"
finite_shot_conditional,1,0,0,0,3,-0.20000000000000018,-0.11624763874381938,1000,9.965784284662087,17,theta_ell3_q1,9,3,1,global,0.0,30,0.0,0.00033389539412592706,0.0,0.0,True,,inf,-0.00033389539412592706,0.00033389539412592706,False,0.0,0.0,False,0,0,0,global,1000,1000,24,24,0,16,8,1,41,41.666666666666664,42.0,42,0,41,16,"sorted(block,parameter,shift,basis)"
finite_shot_conditional,1,0,0,0,3,-0.20000000000000018,-0.11624763874381938,1000,9.965784284662087,17,theta_ell3_q2,10,3,2,global,0.0,30,0.0,0.00017775604275677148,0.0,0.0,True,,inf,-0.00017775604275677148,0.00017775604275677148,False,0.0,0.0,False,0,0,0,global,1000,1000,24,24,0,16,8,1,41,41.666666666666664,42.0,42,0,41,16,"sorted(block,parameter,shift,basis)"
finite_shot_conditional,1,0,0,0,3,-0.20000000000000018,-0.11624763874381938,1000,9.965784284662087,28,theta_ell3_q3,11,3,3,global,0.0,30,0.0,-0.0001123585118021353,0.0,0.0,True,,inf,0.0001123585118021353,0.0001123585118021353,False,0.0,0.0,False,0,0,0,global,1000,1000,24,24,0,16,8,1,41,41.666666666666664,42.0,42,0,41,16,"sorted(block,parameter,shift,basis)"
finite_shot_conditional,1,0,0,0,3,-0.20000000000000018,-0.11624763874381938,1000,9.965784284662087,29,theta_ell3_q0,8,3,0,global,0.0,30,0.0,3.8676452491948066e-05,0.0,0.0,True,,inf,-3.8676452491948066e-05,3.8676452491948066e-05,False,0.0,0.0,False,0,0,0,global,1000,1000,24,24,0,16,8,1,41,41.666666666666664,42.0,42,0,41,16,"sorted(block,parameter,shift,basis)"
finite_shot_conditional,1,0,0,0,3,-0.20000000000000018,-0.11624763874381938,1000,9.965784284662087,29,theta_ell3_q3,11,3,3,global,0.0,30,0.0,7.386579701390561e-05,0.0,0.0,True,,inf,-7.386579701390561e-05,7.386579701390561e-05,False,0.0,0.0,False,0,0,0,global,1000,1000,24,24,0,16,8,1,41,41.666666666666664,42.0,42,0,41,16,"sorted(block,parameter,shift,basis)"
finite_shot_conditional,1,0,0,0,3,-0.20000000000000018,-0.11624763874381938,1000,9.965784284662087,35,theta_ell3_q0,8,3,0,global,0.0,30,0.0,0.0002314067506500872,0.0,0.0,True,,inf,-0.0002314067506500872,0.0002314067506500872,False,0.0,0.0,False,0,0,0,global,1000,1000,24,24,0,16,8,1,41,41.666666666666664,42.0,42,0,41,16,"sorted(block,parameter,shift,basis)"
finite_shot_conditional,1,0,0,0,3,-0.20000000000000018,-0.11624763874381938,1000,9.965784284662087,40,theta_ell3_q0,8,3,0,global,0.0,30,0.0,0.00028846791578512887,0.0,0.0,True,,inf,-0.00028846791578512887,0.00028846791578512887,False,0.0,0.0,False,0,0,0,global,1000,1000,24,24,0,16,8,1,41,41.666666666666664,42.0,42,0,41,16,"sorted(block,parameter,shift,basis)"
finite_shot_conditional,1,0,0,0,3,-0.20000000000000018,-0.11624763874381938,1000,9.965784284662087,49,theta_ell3_q1,9,3,1,global,0.0,30,0.0,-1.066953331685383e-06,0.0,0.0,True,,inf,1.066953331685383e-06,1.066953331685383e-06,False,0.0,0.0,False,0,0,0,global,1000,1000,24,24,0,16,8,1,41,41.666666666666664,42.0,42,0,41,16,"sorted(block,parameter,shift,basis)"
finite_shot_conditional,1,0,0,0,3,-0.20000000000000018,-0.11624763874381938,2000,10.965784284662087,5,theta_ell3_q0,8,3,0,global,0.0,30,0.0,-1.999603330749e-06,0.0,0.0,True,,inf,1.999603330749e-06,1.999603330749e-06,False,0.0,0.0,False,0,0,0,global,2000,2000,24,24,0,16,8,1,83,83.33333333333333,83.0,84,0,83,8,"sorted(block,parameter,shift,basis)"
finite_shot_conditional,1,0,0,0,3,-0.20000000000000018,-0.11624763874381938,2000,10.965784284662087,5,theta_ell3_q2,10,3,2,global,0.0,30,0.0,-5.152917075645913e-06,0.0,0.0,True,,inf,5.152917075645913e-06,5.152917075645913e-06,False,0.0,0.0,False,0,0,0,global,2000,2000,24,24,0,16,8,1,83,83.33333333333333,83.0,84,0,83,8,"sorted(block,parameter,shift,basis)"
finite_shot_conditional,1,0,0,0,3,-0.20000000000000018,-0.11624763874381938,2000,10.965784284662087,5,theta_ell3_q3,11,3,3,global,0.0,30,0.0,2.8591484756423924e-06,0.0,0.0,True,,inf,-2.8591484756423924e-06,2.8591484756423924e-06,False,0.0,0.0,False,0,0,0,global,2000,2000,24,24,0,16,8,1,83,83.33333333333333,83.0,84,0,83,8,"sorted(block,parameter,shift,basis)"
finite_shot_conditional,1,0,0,0,3,-0.20000000000000018,-0.11624763874381938,2000,10.965784284662087,12,theta_ell3_q1,9,3,1,global,0.0,30,0.0,0.00012205365577599991,0.0,0.0,True,,inf,-0.00012205365577599991,0.00012205365577599991,False,0.0,0.0,False,0,0,0,global,2000,2000,24,24,0,16,8,1,83,83.33333333333333,83.0,84,0,83,8,"sorted(block,parameter,shift,basis)"
finite_shot_conditional,1,0,0,0,3,-0.20000000000000018,-0.11624763874381938,2000,10.965784284662087,29,theta_ell3_q2,10,3,2,global,0.0,30,0.0,5.562236509215612e-05,0.0,0.0,True,,inf,-5.562236509215612e-05,5.562236509215612e-05,False,0.0,0.0,False,0,0,0,global,2000,2000,24,24,0,16,8,1,83,83.33333333333333,83.0,84,0,83,8,"sorted(block,parameter,shift,basis)"
finite_shot_conditional,1,0,0,0,3,-0.20000000000000018,-0.11624763874381938,2000,10.965784284662087,29,theta_ell3_q3,11,3,3,global,0.0,30,0.0,7.386579701390561e-05,0.0,0.0,True,,inf,-7.386579701390561e-05,7.386579701390561e-05,False,0.0,0.0,False,0,0,0,global,2000,2000,24,24,0,16,8,1,83,83.33333333333333,83.0,84,0,83,8,"sorted(block,parameter,shift,basis)"
finite_shot_conditional,1,0,0,0,3,-0.20000000000000018,-0.11624763874381938,2000,10.965784284662087,35,theta_ell3_q0,8,3,0,global,0.0,30,0.0,0.0002314067506500872,0.0,0.0,True,,inf,-0.0002314067506500872,0.0002314067506500872,False,0.0,0.0,False,0,0,0,global,2000,2000,24,24,0,16,8,1,83,83.33333333333333,83.0,84,0,83,8,"sorted(block,parameter,shift,basis)"
finite_shot_conditional,1,0,0,0,3,-0.20000000000000018,-0.11624763874381938,2000,10.965784284662087,35,theta_ell3_q3,11,3,3,global,0.0,30,0.0,-0.0002076967534980212,0.0,0.0,True,,inf,0.0002076967534980212,0.0002076967534980212,False,0.0,0.0,False,0,0,0,global,2000,2000,24,24,0,16,8,1,83,83.33333333333333,83.0,84,0,83,8,"sorted(block,parameter,shift,basis)"
finite_shot_conditional,1,0,0,0,3,-0.20000000000000018,-0.11624763874381938,2000,10.965784284662087,42,theta_ell3_q1,9,3,1,global,0.0,30,0.0,0.00015665677451004445,0.0,0.0,True,,inf,-0.00015665677451004445,0.00015665677451004445,False,0.0,0.0,False,0,0,0,global,2000,2000,24,24,0,16,8,1,83,83.33333333333333,83.0,84,0,83,8,"sorted(block,parameter,shift,basis)"
finite_shot_conditional,1,0,0,0,3,-0.20000000000000018,-0.11624763874381938,2000,10.965784284662087,49,theta_ell3_q1,9,3,1,global,0.0,30,0.0,-1.066953331685383e-06,0.0,0.0,True,,inf,1.066953331685383e-06,1.066953331685383e-06,False,0.0,0.0,False,0,0,0,global,2000,2000,24,24,0,16,8,1,83,83.33333333333333,83.0,84,0,83,8,"sorted(block,parameter,shift,basis)"
finite_shot_conditional,1,0,0,0,4,0.7999999999999998,0.464990554975277,250,7.965784284662087,1,theta_ell4_q3,15,4,3,global,0.0,30,0.0,-0.0012662390402500279,0.0,0.0,True,,inf,0.0012662390402500279,0.0012662390402500279,False,0.0,0.0,False,0,0,0,global,250,250,32,32,0,24,8,1,7,7.8125,8.0,8,0,7,26,"sorted(block,parameter,shift,basis)"
finite_shot_conditional,1,0,0,0,4,0.7999999999999998,0.464990554975277,250,7.965784284662087,2,theta_ell4_q1,13,4,1,global,0.0,30,0.0,0.0002595682046264147,0.0,0.0,True,,inf,-0.0002595682046264147,0.0002595682046264147,False,0.0,0.0,False,0,0,0,global,250,250,32,32,0,24,8,1,7,7.8125,8.0,8,0,7,26,"sorted(block,parameter,shift,basis)"
finite_shot_conditional,1,0,0,0,4,0.7999999999999998,0.464990554975277,250,7.965784284662087,2,theta_ell4_q2,14,4,2,global,0.0,30,0.0,-0.0011141283884787967,0.0,0.0,True,,inf,0.0011141283884787967,0.0011141283884787967,False,0.0,0.0,False,0,0,0,global,250,250,32,32,0,24,8,1,7,7.8125,8.0,8,0,7,26,"sorted(block,parameter,shift,basis)"
finite_shot_conditional,1,0,0,0,4,0.7999999999999998,0.464990554975277,250,7.965784284662087,14,theta_ell1_q0,0,1,0,global,0.0,30,0.0,-1.6029311858709856e-08,0.0,0.0,True,,inf,1.6029311858709856e-08,1.6029311858709856e-08,False,0.0,0.0,False,0,0,0,global,250,250,32,32,0,24,8,1,7,7.8125,8.0,8,0,7,26,"sorted(block,parameter,shift,basis)"
finite_shot_conditional,1,0,0,0,4,0.7999999999999998,0.464990554975277,250,7.965784284662087,14,theta_ell1_q1,1,1,1,global,0.0,30,0.0,2.1557720665507935e-09,0.0,0.0,True,,inf,-2.1557720665507935e-09,2.1557720665507935e-09,False,0.0,0.0,False,0,0,0,global,250,250,32,32,0,24,8,1,7,7.8125,8.0,8,0,7,26,"sorted(block,parameter,shift,basis)"
finite_shot_conditional,1,0,0,0,4,0.7999999999999998,0.464990554975277,250,7.965784284662087,14,theta_ell1_q2,2,1,2,global,0.0,30,0.0,-9.683149700569333e-10,0.0,0.0,True,,inf,9.683149700569333e-10,9.683149700569333e-10,False,0.0,0.0,False,0,0,0,global,250,250,32,32,0,24,8,1,7,7.8125,8.0,8,0,7,26,"sorted(block,parameter,shift,basis)"
finite_shot_conditional,1,0,0,0,4,0.7999999999999998,0.464990554975277,250,7.965784284662087,14,theta_ell1_q3,3,1,3,global,0.0,30,0.0,1.3018653631092701e-08,0.0,0.0,True,,inf,-1.3018653631092701e-08,1.3018653631092701e-08,False,0.0,0.0,False,0,0,0,global,250,250,32,32,0,24,8,1,7,7.8125,8.0,8,0,7,26,"sorted(block,parameter,shift,basis)"
finite_shot_conditional,1,0,0,0,4,0.7999999999999998,0.464990554975277,250,7.965784284662087,14,theta_ell2_q0,4,2,0,global,0.0,30,0.0,-3.3498064899904096e-09,0.0,0.0,True,,inf,3.3498064899904096e-09,3.3498064899904096e-09,False,0.0,0.0,False,0,0,0,global,250,250,32,32,0,24,8,1,7,7.8125,8.0,8,0,7,26,"sorted(block,parameter,shift,basis)"
finite_shot_conditional,1,0,0,0,4,0.7999999999999998,0.464990554975277,250,7.965784284662087,14,theta_ell2_q1,5,2,1,global,0.0,30,0.0,-2.2037534245573134e-09,0.0,0.0,True,,inf,2.2037534245573134e-09,2.2037534245573134e-09,False,0.0,0.0,False,0,0,0,global,250,250,32,32,0,24,8,1,7,7.8125,8.0,8,0,7,26,"sorted(block,parameter,shift,basis)"
finite_shot_conditional,1,0,0,0,4,0.7999999999999998,0.464990554975277,250,7.965784284662087,14,theta_ell2_q2,6,2,2,global,0.0,30,0.0,-9.381065539959695e-08,0.0,0.0,True,,inf,9.381065539959695e-08,9.381065539959695e-08,False,0.0,0.0,False,0,0,0,global,250,250,32,32,0,24,8,1,7,7.8125,8.0,8,0,7,26,"sorted(block,parameter,shift,basis)"
finite_shot_conditional,1,0,0,0,4,0.7999999999999998,0.464990554975277,250,7.965784284662087,14,theta_ell2_q3,7,2,3,global,0.0,30,0.0,-1.4250829039707543e-08,0.0,0.0,True,,inf,1.4250829039707543e-08,1.4250829039707543e-08,False,0.0,0.0,False,0,0,0,global,250,250,32,32,0,24,8,1,7,7.8125,8.0,8,0,7,26,"sorted(block,parameter,shift,basis)"
finite_shot_conditional,1,0,0,0,4,0.7999999999999998,0.464990554975277,250,7.965784284662087,14,theta_ell3_q0,8,3,0,global,0.0,30,0.0,7.458214370590291e-08,0.0,0.0,True,,inf,-7.458214370590291e-08,7.458214370590291e-08,False,0.0,0.0,False,0,0,0,global,250,250,32,32,0,24,8,1,7,7.8125,8.0,8,0,7,26,"sorted(block,parameter,shift,basis)"
finite_shot_conditional,1,0,0,0,4,0.7999999999999998,0.464990554975277,250,7.965784284662087,14,theta_ell3_q1,9,3,1,global,0.0,30,0.0,-2.4532123138129084e-08,0.0,0.0,True,,inf,2.4532123138129084e-08,2.4532123138129084e-08,False,0.0,0.0,False,0,0,0,global,250,250,32,32,0,24,8,1,7,7.8125,8.0,8,0,7,26,"sorted(block,parameter,shift,basis)"
finite_shot_conditional,1,0,0,0,4,0.7999999999999998,0.464990554975277,250,7.965784284662087,14,theta_ell3_q2,10,3,2,global,0.0,30,0.0,1.1122504951737722e-07,0.0,0.0,True,,inf,-1.1122504951737722e-07,1.1122504951737722e-07,False,0.0,0.0,False,0,0,0,global,250,250,32,32,0,24,8,1,7,7.8125,8.0,8,0,7,26,"sorted(block,parameter,shift,basis)"
finite_shot_conditional,1,0,0,0,4,0.7999999999999998,0.464990554975277,250,7.965784284662087,14,theta_ell3_q3,11,3,3,global,0.0,30,0.0,4.639798236458755e-08,0.0,0.0,True,,inf,-4.639798236458755e-08,4.639798236458755e-08,False,0.0,0.0,False,0,0,0,global,250,250,32,32,0,24,8,1,7,7.8125,8.0,8,0,7,26,"sorted(block,parameter,shift,basis)"
finite_shot_conditional,1,0,0,0,4,0.7999999999999998,0.464990554975277,250,7.965784284662087,14,theta_ell4_q0,12,4,0,global,0.0,30,0.0,1.8090742948118077e-07,0.0,0.0,True,,inf,-1.8090742948118077e-07,1.8090742948118077e-07,False,0.0,0.0,False,0,0,0,global,250,250,32,32,0,24,8,1,7,7.8125,8.0,8,0,7,26,"sorted(block,parameter,shift,basis)"
finite_shot_conditional,1,0,0,0,4,0.7999999999999998,0.464990554975277,250,7.965784284662087,14,theta_ell4_q1,13,4,1,global,0.0,30,0.0,-1.7971011145867521e-07,0.0,0.0,True,,inf,1.7971011145867521e-07,1.7971011145867521e-07,False,0.0,0.0,False,0,0,0,global,250,250,32,32,0,24,8,1,7,7.8125,8.0,8,0,7,26,"sorted(block,parameter,shift,basis)"
finite_shot_conditional,1,0,0,0,4,0.7999999999999998,0.464990554975277,250,7.965784284662087,14,theta_ell4_q2,14,4,2,global,0.0,30,0.0,7.699115200932027e-08,0.0,0.0,True,,inf,-7.699115200932027e-08,7.699115200932027e-08,False,0.0,0.0,False,0,0,0,global,250,250,32,32,0,24,8,1,7,7.8125,8.0,8,0,7,26,"sorted(block,parameter,shift,basis)"
finite_shot_conditional,1,0,0,0,4,0.7999999999999998,0.464990554975277,250,7.965784284662087,14,theta_ell4_q3,15,4,3,global,0.0,30,0.0,1.5683822235379452e-07,0.0,0.0,True,,inf,-1.5683822235379452e-07,1.5683822235379452e-07,False,0.0,0.0,False,0,0,0,global,250,250,32,32,0,24,8,1,7,7.8125,8.0,8,0,7,26,"sorted(block,parameter,shift,basis)"
finite_shot_conditional,1,0,0,0,4,0.7999999999999998,0.464990554975277,250,7.965784284662087,19,theta_ell4_q0,12,4,0,global,0.0,30,0.0,-0.0003603272076747599,0.0,0.0,True,,inf,0.0003603272076747599,0.0003603272076747599,False,0.0,0.0,False,0,0,0,global,250,250,32,32,0,24,8,1,7,7.8125,8.0,8,0,7,26,"sorted(block,parameter,shift,basis)"
finite_shot_conditional,1,0,0,0,4,0.7999999999999998,0.464990554975277,250,7.965784284662087,19,theta_ell4_q2,14,4,2,global,0.0,30,0.0,-4.1469638359770133e-05,0.0,0.0,True,,inf,4.1469638359770133e-05,4.1469638359770133e-05,False,0.0,0.0,False,0,0,0,global,250,250,32,32,0,24,8,1,7,7.8125,8.0,8,0,7,26,"sorted(block,parameter,shift,basis)"
finite_shot_conditional,1,0,0,0,4,0.7999999999999998,0.464990554975277,250,7.965784284662087,19,theta_ell4_q3,15,4,3,global,0.0,30,0.0,0.00013875894749748596,0.0,0.0,True,,inf,-0.00013875894749748596,0.00013875894749748596,False,0.0,0.0,False,0,0,0,global,250,250,32,32,0,24,8,1,7,7.8125,8.0,8,0,7,26,"sorted(block,parameter,shift,basis)"
finite_shot_conditional,1,0,0,0,4,0.7999999999999998,0.464990554975277,250,7.965784284662087,22,theta_ell4_q3,15,4,3,global,0.0,30,0.0,-0.000874469302779568,0.0,0.0,True,,inf,0.000874469302779568,0.000874469302779568,False,0.0,0.0,False,0,0,0,global,250,250,32,32,0,24,8,1,7,7.8125,8.0,8,0,7,26,"sorted(block,parameter,shift,basis)"
finite_shot_conditional,1,0,0,0,4,0.7999999999999998,0.464990554975277,250,7.965784284662087,23,theta_ell4_q0,12,4,0,global,0.0,30,0.0,-0.0005645403533561244,0.0,0.0,True,,inf,0.0005645403533561244,0.0005645403533561244,False,0.0,0.0,False,0,0,0,global,250,250,32,32,0,24,8,1,7,7.8125,8.0,8,0,7,26,"sorted(block,parameter,shift,basis)"
finite_shot_conditional,1,0,0,0,4,0.7999999999999998,0.464990554975277,250,7.965784284662087,24,theta_ell4_q1,13,4,1,global,0.0,30,0.0,0.00022730235273493715,0.0,0.0,True,,inf,-0.00022730235273493715,0.00022730235273493715,False,0.0,0.0,False,0,0,0,global,250,250,32,32,0,24,8,1,7,7.8125,8.0,8,0,7,26,"sorted(block,parameter,shift,basis)"
finite_shot_conditional,1,0,0,0,4,0.7999999999999998,0.464990554975277,250,7.965784284662087,26,theta_ell4_q3,15,4,3,global,0.0,30,0.0,0.000762680414517547,0.0,0.0,True,,inf,-0.000762680414517547,0.000762680414517547,False,0.0,0.0,False,0,0,0,global,250,250,32,32,0,24,8,1,7,7.8125,8.0,8,0,7,26,"sorted(block,parameter,shift,basis)"
finite_shot_conditional,1,0,0,0,4,0.7999999999999998,0.464990554975277,250,7.965784284662087,28,theta_ell4_q1,13,4,1,global,0.0,30,0.0,-1.9202197831358347e-05,0.0,0.0,True,,inf,1.9202197831358347e-05,1.9202197831358347e-05,False,0.0,0.0,False,0,0,0,global,250,250,32,32,0,24,8,1,7,7.8125,8.0,8,0,7,26,"sorted(block,parameter,shift,basis)"
finite_shot_conditional,1,0,0,0,4,0.7999999999999998,0.464990554975277,250,7.965784284662087,29,theta_ell4_q3,15,4,3,global,0.0,30,0.0,-0.0008110170638898073,0.0,0.0,True,,inf,0.0008110170638898073,0.0008110170638898073,False,0.0,0.0,False,0,0,0,global,250,250,32,32,0,24,8,1,7,7.8125,8.0,8,0,7,26,"sorted(block,parameter,shift,basis)"
finite_shot_conditional,1,0,0,0,4,0.7999999999999998,0.464990554975277,250,7.965784284662087,30,theta_ell4_q2,14,4,2,global,0.0,30,0.0,-0.0016740771809766186,0.0,0.0,True,,inf,0.0016740771809766186,0.0016740771809766186,False,0.0,0.0,False,0,0,0,global,250,250,32,32,0,24,8,1,7,7.8125,8.0,8,0,7,26,"sorted(block,parameter,shift,basis)"
finite_shot_conditional,1,0,0,0,4,0.7999999999999998,0.464990554975277,250,7.965784284662087,34,theta_ell4_q1,13,4,1,global,0.0,30,0.0,-0.0072893247817274465,0.0,0.0,True,,inf,0.0072893247817274465,0.0072893247817274465,False,0.0,0.0,False,0,0,0,global,250,250,32,32,0,24,8,1,7,7.8125,8.0,8,0,7,26,"sorted(block,parameter,shift,basis)"
finite_shot_conditional,1,0,0,0,4,0.7999999999999998,0.464990554975277,250,7.965784284662087,36,theta_ell4_q0,12,4,0,global,0.0,30,0.0,-7.682804124886644e-05,0.0,0.0,True,,inf,7.682804124886644e-05,7.682804124886644e-05,False,0.0,0.0,False,0,0,0,global,250,250,32,32,0,24,8,1,7,7.8125,8.0,8,0,7,26,"sorted(block,parameter,shift,basis)"
finite_shot_conditional,1,0,0,0,4,0.7999999999999998,0.464990554975277,250,7.965784284662087,36,theta_ell4_q1,13,4,1,global,0.0,30,0.0,-4.0518311112403005e-05,0.0,0.0,True,,inf,4.0518311112403005e-05,4.0518311112403005e-05,False,0.0,0.0,False,0,0,0,global,250,250,32,32,0,24,8,1,7,7.8125,8.0,8,0,7,26,"sorted(block,parameter,shift,basis)"
finite_shot_conditional,1,0,0,0,4,0.7999999999999998,0.464990554975277,250,7.965784284662087,36,theta_ell4_q3,15,4,3,global,0.0,30,0.0,-1.552112566505226e-05,0.0,0.0,True,,inf,1.552112566505226e-05,1.552112566505226e-05,False,0.0,0.0,False,0,0,0,global,250,250,32,32,0,24,8,1,7,7.8125,8.0,8,0,7,26,"sorted(block,parameter,shift,basis)"
finite_shot_conditional,1,0,0,0,4,0.7999999999999998,0.464990554975277,250,7.965784284662087,37,theta_ell4_q1,13,4,1,global,0.0,30,0.0,0.002625779194659006,0.0,0.0,True,,inf,-0.002625779194659006,0.002625779194659006,False,0.0,0.0,False,0,0,0,global,250,250,32,32,0,24,8,1,7,7.8125,8.0,8,0,7,26,"sorted(block,parameter,shift,basis)"
finite_shot_conditional,1,0,0,0,4,0.7999999999999998,0.464990554975277,250,7.965784284662087,42,theta_ell4_q2,14,4,2,global,0.0,30,0.0,-0.0036072491223629877,0.0,0.0,True,,inf,0.0036072491223629877,0.0036072491223629877,False,0.0,0.0,False,0,0,0,global,250,250,32,32,0,24,8,1,7,7.8125,8.0,8,0,7,26,"sorted(block,parameter,shift,basis)"
finite_shot_conditional,1,0,0,0,4,0.7999999999999998,0.464990554975277,250,7.965784284662087,44,theta_ell4_q3,15,4,3,global,0.0,30,0.0,0.0009122171687876435,0.0,0.0,True,,inf,-0.0009122171687876435,0.0009122171687876435,False,0.0,0.0,False,0,0,0,global,250,250,32,32,0,24,8,1,7,7.8125,8.0,8,0,7,26,"sorted(block,parameter,shift,basis)"
finite_shot_conditional,1,0,0,0,4,0.7999999999999998,0.464990554975277,250,7.965784284662087,48,theta_ell4_q1,13,4,1,global,0.0,30,0.0,1.6255776980056424e-07,0.0,0.0,True,,inf,-1.6255776980056424e-07,1.6255776980056424e-07,False,0.0,0.0,False,0,0,0,global,250,250,32,32,0,24,8,1,7,7.8125,8.0,8,0,7,26,"sorted(block,parameter,shift,basis)"
finite_shot_conditional,1,0,0,0,4,0.7999999999999998,0.464990554975277,250,7.965784284662087,48,theta_ell4_q3,15,4,3,global,0.0,30,0.0,9.785176948162722e-07,0.0,0.0,True,,inf,-9.785176948162722e-07,9.785176948162722e-07,False,0.0,0.0,False,0,0,0,global,250,250,32,32,0,24,8,1,7,7.8125,8.0,8,0,7,26,"sorted(block,parameter,shift,basis)"
finite_shot_conditional,1,0,0,0,4,0.7999999999999998,0.464990554975277,250,7.965784284662087,49,theta_ell4_q1,13,4,1,global,0.0,30,0.0,0.0008394786649975616,0.0,0.0,True,,inf,-0.0008394786649975616,0.0008394786649975616,False,0.0,0.0,False,0,0,0,global,250,250,32,32,0,24,8,1,7,7.8125,8.0,8,0,7,26,"sorted(block,parameter,shift,basis)"
finite_shot_conditional,1,0,0,0,4,0.7999999999999998,0.464990554975277,500,8.965784284662087,1,theta_ell4_q1,13,4,1,global,0.0,30,0.0,-0.001839857564096159,0.0,0.0,True,,inf,0.001839857564096159,0.001839857564096159,False,0.0,0.0,False,0,0,0,global,500,500,32,32,0,24,8,1,15,15.625,16.0,16,0,15,20,"sorted(block,parameter,shift,basis)"
finite_shot_conditional,1,0,0,0,4,0.7999999999999998,0.464990554975277,500,8.965784284662087,2,theta_ell4_q1,13,4,1,global,0.0,30,0.0,0.0002595682046264147,0.0,0.0,True,,inf,-0.0002595682046264147,0.0002595682046264147,False,0.0,0.0,False,0,0,0,global,500,500,32,32,0,24,8,1,15,15.625,16.0,16,0,15,20,"sorted(block,parameter,shift,basis)"
finite_shot_conditional,1,0,0,0,4,0.7999999999999998,0.464990554975277,500,8.965784284662087,2,theta_ell4_q2,14,4,2,global,0.0,30,0.0,-0.0011141283884787967,0.0,0.0,True,,inf,0.0011141283884787967,0.0011141283884787967,False,0.0,0.0,False,0,0,0,global,500,500,32,32,0,24,8,1,15,15.625,16.0,16,0,15,20,"sorted(block,parameter,shift,basis)"
finite_shot_conditional,1,0,0,0,4,0.7999999999999998,0.464990554975277,500,8.965784284662087,10,theta_ell4_q1,13,4,1,global,0.0,30,0.0,0.00029699438147856583,0.0,0.0,True,,inf,-0.00029699438147856583,0.00029699438147856583,False,0.0,0.0,False,0,0,0,global,500,500,32,32,0,24,8,1,15,15.625,16.0,16,0,15,20,"sorted(block,parameter,shift,basis)"
finite_shot_conditional,1,0,0,0,4,0.7999999999999998,0.464990554975277,500,8.965784284662087,11,theta_ell4_q2,14,4,2,global,0.0,30,0.0,-0.001545411919626316,0.0,0.0,True,,inf,0.001545411919626316,0.001545411919626316,False,0.0,0.0,False,0,0,0,global,500,500,32,32,0,24,8,1,15,15.625,16.0,16,0,15,20,"sorted(block,parameter,shift,basis)"
finite_shot_conditional,1,0,0,0,4,0.7999999999999998,0.464990554975277,500,8.965784284662087,14,theta_ell1_q0,0,1,0,global,0.0,30,0.0,-1.6029311858709856e-08,0.0,0.0,True,,inf,1.6029311858709856e-08,1.6029311858709856e-08,False,0.0,0.0,False,0,0,0,global,500,500,32,32,0,24,8,1,15,15.625,16.0,16,0,15,20,"sorted(block,parameter,shift,basis)"
finite_shot_conditional,1,0,0,0,4,0.7999999999999998,0.464990554975277,500,8.965784284662087,14,theta_ell1_q1,1,1,1,global,0.0,30,0.0,2.1557720665507935e-09,0.0,0.0,True,,inf,-2.1557720665507935e-09,2.1557720665507935e-09,False,0.0,0.0,False,0,0,0,global,500,500,32,32,0,24,8,1,15,15.625,16.0,16,0,15,20,"sorted(block,parameter,shift,basis)"
finite_shot_conditional,1,0,0,0,4,0.7999999999999998,0.464990554975277,500,8.965784284662087,14,theta_ell1_q2,2,1,2,global,0.0,30,0.0,-9.683149700569333e-10,0.0,0.0,True,,inf,9.683149700569333e-10,9.683149700569333e-10,False,0.0,0.0,False,0,0,0,global,500,500,32,32,0,24,8,1,15,15.625,16.0,16,0,15,20,"sorted(block,parameter,shift,basis)"
finite_shot_conditional,1,0,0,0,4,0.7999999999999998,0.464990554975277,500,8.965784284662087,14,theta_ell1_q3,3,1,3,global,0.0,30,0.0,1.3018653631092701e-08,0.0,0.0,True,,inf,-1.3018653631092701e-08,1.3018653631092701e-08,False,0.0,0.0,False,0,0,0,global,500,500,32,32,0,24,8,1,15,15.625,16.0,16,0,15,20,"sorted(block,parameter,shift,basis)"
finite_shot_conditional,1,0,0,0,4,0.7999999999999998,0.464990554975277,500,8.965784284662087,14,theta_ell2_q0,4,2,0,global,0.0,30,0.0,-3.3498064899904096e-09,0.0,0.0,True,,inf,3.3498064899904096e-09,3.3498064899904096e-09,False,0.0,0.0,False,0,0,0,global,500,500,32,32,0,24,8,1,15,15.625,16.0,16,0,15,20,"sorted(block,parameter,shift,basis)"
finite_shot_conditional,1,0,0,0,4,0.7999999999999998,0.464990554975277,500,8.965784284662087,14,theta_ell2_q1,5,2,1,global,0.0,30,0.0,-2.2037534245573134e-09,0.0,0.0,True,,inf,2.2037534245573134e-09,2.2037534245573134e-09,False,0.0,0.0,False,0,0,0,global,500,500,32,32,0,24,8,1,15,15.625,16.0,16,0,15,20,"sorted(block,parameter,shift,basis)"
finite_shot_conditional,1,0,0,0,4,0.7999999999999998,0.464990554975277,500,8.965784284662087,14,theta_ell2_q2,6,2,2,global,0.0,30,0.0,-9.381065539959695e-08,0.0,0.0,True,,inf,9.381065539959695e-08,9.381065539959695e-08,False,0.0,0.0,False,0,0,0,global,500,500,32,32,0,24,8,1,15,15.625,16.0,16,0,15,20,"sorted(block,parameter,shift,basis)"
finite_shot_conditional,1,0,0,0,4,0.7999999999999998,0.464990554975277,500,8.965784284662087,14,theta_ell2_q3,7,2,3,global,0.0,30,0.0,-1.4250829039707543e-08,0.0,0.0,True,,inf,1.4250829039707543e-08,1.4250829039707543e-08,False,0.0,0.0,False,0,0,0,global,500,500,32,32,0,24,8,1,15,15.625,16.0,16,0,15,20,"sorted(block,parameter,shift,basis)"
finite_shot_conditional,1,0,0,0,4,0.7999999999999998,0.464990554975277,500,8.965784284662087,14,theta_ell3_q0,8,3,0,global,0.0,30,0.0,7.458214370590291e-08,0.0,0.0,True,,inf,-7.458214370590291e-08,7.458214370590291e-08,False,0.0,0.0,False,0,0,0,global,500,500,32,32,0,24,8,1,15,15.625,16.0,16,0,15,20,"sorted(block,parameter,shift,basis)"
finite_shot_conditional,1,0,0,0,4,0.7999999999999998,0.464990554975277,500,8.965784284662087,14,theta_ell3_q1,9,3,1,global,0.0,30,0.0,-2.4532123138129084e-08,0.0,0.0,True,,inf,2.4532123138129084e-08,2.4532123138129084e-08,False,0.0,0.0,False,0,0,0,global,500,500,32,32,0,24,8,1,15,15.625,16.0,16,0,15,20,"sorted(block,parameter,shift,basis)"
finite_shot_conditional,1,0,0,0,4,0.7999999999999998,0.464990554975277,500,8.965784284662087,14,theta_ell3_q2,10,3,2,global,0.0,30,0.0,1.1122504951737722e-07,0.0,0.0,True,,inf,-1.1122504951737722e-07,1.1122504951737722e-07,False,0.0,0.0,False,0,0,0,global,500,500,32,32,0,24,8,1,15,15.625,16.0,16,0,15,20,"sorted(block,parameter,shift,basis)"
finite_shot_conditional,1,0,0,0,4,0.7999999999999998,0.464990554975277,500,8.965784284662087,14,theta_ell3_q3,11,3,3,global,0.0,30,0.0,4.639798236458755e-08,0.0,0.0,True,,inf,-4.639798236458755e-08,4.639798236458755e-08,False,0.0,0.0,False,0,0,0,global,500,500,32,32,0,24,8,1,15,15.625,16.0,16,0,15,20,"sorted(block,parameter,shift,basis)"
finite_shot_conditional,1,0,0,0,4,0.7999999999999998,0.464990554975277,500,8.965784284662087,14,theta_ell4_q0,12,4,0,global,0.0,30,0.0,1.8090742948118077e-07,0.0,0.0,True,,inf,-1.8090742948118077e-07,1.8090742948118077e-07,False,0.0,0.0,False,0,0,0,global,500,500,32,32,0,24,8,1,15,15.625,16.0,16,0,15,20,"sorted(block,parameter,shift,basis)"
finite_shot_conditional,1,0,0,0,4,0.7999999999999998,0.464990554975277,500,8.965784284662087,14,theta_ell4_q1,13,4,1,global,0.0,30,0.0,-1.7971011145867521e-07,0.0,0.0,True,,inf,1.7971011145867521e-07,1.7971011145867521e-07,False,0.0,0.0,False,0,0,0,global,500,500,32,32,0,24,8,1,15,15.625,16.0,16,0,15,20,"sorted(block,parameter,shift,basis)"
finite_shot_conditional,1,0,0,0,4,0.7999999999999998,0.464990554975277,500,8.965784284662087,14,theta_ell4_q2,14,4,2,global,0.0,30,0.0,7.699115200932027e-08,0.0,0.0,True,,inf,-7.699115200932027e-08,7.699115200932027e-08,False,0.0,0.0,False,0,0,0,global,500,500,32,32,0,24,8,1,15,15.625,16.0,16,0,15,20,"sorted(block,parameter,shift,basis)"
finite_shot_conditional,1,0,0,0,4,0.7999999999999998,0.464990554975277,500,8.965784284662087,14,theta_ell4_q3,15,4,3,global,0.0,30,0.0,1.5683822235379452e-07,0.0,0.0,True,,inf,-1.5683822235379452e-07,1.5683822235379452e-07,False,0.0,0.0,False,0,0,0,global,500,500,32,32,0,24,8,1,15,15.625,16.0,16,0,15,20,"sorted(block,parameter,shift,basis)"
finite_shot_conditional,1,0,0,0,4,0.7999999999999998,0.464990554975277,500,8.965784284662087,19,theta_ell4_q0,12,4,0,global,0.0,30,0.0,-0.0003603272076747599,0.0,0.0,True,,inf,0.0003603272076747599,0.0003603272076747599,False,0.0,0.0,False,0,0,0,global,500,500,32,32,0,24,8,1,15,15.625,16.0,16,0,15,20,"sorted(block,parameter,shift,basis)"
finite_shot_conditional,1,0,0,0,4,0.7999999999999998,0.464990554975277,500,8.965784284662087,19,theta_ell4_q2,14,4,2,global,0.0,30,0.0,-4.1469638359770133e-05,0.0,0.0,True,,inf,4.1469638359770133e-05,4.1469638359770133e-05,False,0.0,0.0,False,0,0,0,global,500,500,32,32,0,24,8,1,15,15.625,16.0,16,0,15,20,"sorted(block,parameter,shift,basis)"
finite_shot_conditional,1,0,0,0,4,0.7999999999999998,0.464990554975277,500,8.965784284662087,19,theta_ell4_q3,15,4,3,global,0.0,30,0.0,0.00013875894749748596,0.0,0.0,True,,inf,-0.00013875894749748596,0.00013875894749748596,False,0.0,0.0,False,0,0,0,global,500,500,32,32,0,24,8,1,15,15.625,16.0,16,0,15,20,"sorted(block,parameter,shift,basis)"
finite_shot_conditional,1,0,0,0,4,0.7999999999999998,0.464990554975277,500,8.965784284662087,23,theta_ell4_q0,12,4,0,global,0.0,30,0.0,-0.0005645403533561244,0.0,0.0,True,,inf,0.0005645403533561244,0.0005645403533561244,False,0.0,0.0,False,0,0,0,global,500,500,32,32,0,24,8,1,15,15.625,16.0,16,0,15,20,"sorted(block,parameter,shift,basis)"
finite_shot_conditional,1,0,0,0,4,0.7999999999999998,0.464990554975277,500,8.965784284662087,24,theta_ell4_q1,13,4,1,global,0.0,30,0.0,0.00022730235273493715,0.0,0.0,True,,inf,-0.00022730235273493715,0.00022730235273493715,False,0.0,0.0,False,0,0,0,global,500,500,32,32,0,24,8,1,15,15.625,16.0,16,0,15,20,"sorted(block,parameter,shift,basis)"
finite_shot_conditional,1,0,0,0,4,0.7999999999999998,0.464990554975277,500,8.965784284662087,28,theta_ell4_q1,13,4,1,global,0.0,30,0.0,-1.9202197831358347e-05,0.0,0.0,True,,inf,1.9202197831358347e-05,1.9202197831358347e-05,False,0.0,0.0,False,0,0,0,global,500,500,32,32,0,24,8,1,15,15.625,16.0,16,0,15,20,"sorted(block,parameter,shift,basis)"
finite_shot_conditional,1,0,0,0,4,0.7999999999999998,0.464990554975277,500,8.965784284662087,28,theta_ell4_q2,14,4,2,global,0.0,30,0.0,-0.00012569801389789026,0.0,0.0,True,,inf,0.00012569801389789026,0.00012569801389789026,False,0.0,0.0,False,0,0,0,global,500,500,32,32,0,24,8,1,15,15.625,16.0,16,0,15,20,"sorted(block,parameter,shift,basis)"
finite_shot_conditional,1,0,0,0,4,0.7999999999999998,0.464990554975277,500,8.965784284662087,36,theta_ell4_q0,12,4,0,global,0.0,30,0.0,-7.682804124886644e-05,0.0,0.0,True,,inf,7.682804124886644e-05,7.682804124886644e-05,False,0.0,0.0,False,0,0,0,global,500,500,32,32,0,24,8,1,15,15.625,16.0,16,0,15,20,"sorted(block,parameter,shift,basis)"
finite_shot_conditional,1,0,0,0,4,0.7999999999999998,0.464990554975277,500,8.965784284662087,36,theta_ell4_q1,13,4,1,global,0.0,30,0.0,-4.0518311112403005e-05,0.0,0.0,True,,inf,4.0518311112403005e-05,4.0518311112403005e-05,False,0.0,0.0,False,0,0,0,global,500,500,32,32,0,24,8,1,15,15.625,16.0,16,0,15,20,"sorted(block,parameter,shift,basis)"
finite_shot_conditional,1,0,0,0,4,0.7999999999999998,0.464990554975277,500,8.965784284662087,36,theta_ell4_q3,15,4,3,global,0.0,30,0.0,-1.552112566505226e-05,0.0,0.0,True,,inf,1.552112566505226e-05,1.552112566505226e-05,False,0.0,0.0,False,0,0,0,global,500,500,32,32,0,24,8,1,15,15.625,16.0,16,0,15,20,"sorted(block,parameter,shift,basis)"
finite_shot_conditional,1,0,0,0,4,0.7999999999999998,0.464990554975277,500,8.965784284662087,45,theta_ell4_q0,12,4,0,global,0.0,30,0.0,-0.0005167270834194326,0.0,0.0,True,,inf,0.0005167270834194326,0.0005167270834194326,False,0.0,0.0,False,0,0,0,global,500,500,32,32,0,24,8,1,15,15.625,16.0,16,0,15,20,"sorted(block,parameter,shift,basis)"
finite_shot_conditional,1,0,0,0,4,0.7999999999999998,0.464990554975277,500,8.965784284662087,48,theta_ell4_q1,13,4,1,global,0.0,30,0.0,1.6255776980056424e-07,0.0,0.0,True,,inf,-1.6255776980056424e-07,1.6255776980056424e-07,False,0.0,0.0,False,0,0,0,global,500,500,32,32,0,24,8,1,15,15.625,16.0,16,0,15,20,"sorted(block,parameter,shift,basis)"
finite_shot_conditional,1,0,0,0,4,0.7999999999999998,0.464990554975277,500,8.965784284662087,48,theta_ell4_q2,14,4,2,global,0.0,30,0.0,5.852349475088392e-06,0.0,0.0,True,,inf,-5.852349475088392e-06,5.852349475088392e-06,False,0.0,0.0,False,0,0,0,global,500,500,32,32,0,24,8,1,15,15.625,16.0,16,0,15,20,"sorted(block,parameter,shift,basis)"
finite_shot_conditional,1,0,0,0,4,0.7999999999999998,0.464990554975277,500,8.965784284662087,48,theta_ell4_q3,15,4,3,global,0.0,30,0.0,9.785176948162722e-07,0.0,0.0,True,,inf,-9.785176948162722e-07,9.785176948162722e-07,False,0.0,0.0,False,0,0,0,global,500,500,32,32,0,24,8,1,15,15.625,16.0,16,0,15,20,"sorted(block,parameter,shift,basis)"
finite_shot_conditional,1,0,0,0,4,0.7999999999999998,0.464990554975277,1000,9.965784284662087,10,theta_ell4_q1,13,4,1,global,0.0,30,0.0,0.00029699438147856583,0.0,0.0,True,,inf,-0.00029699438147856583,0.00029699438147856583,False,0.0,0.0,False,0,0,0,global,1000,1000,32,32,0,24,8,1,31,31.25,31.0,32,0,31,8,"sorted(block,parameter,shift,basis)"
finite_shot_conditional,1,0,0,0,4,0.7999999999999998,0.464990554975277,1000,9.965784284662087,11,theta_ell4_q2,14,4,2,global,0.0,30,0.0,-0.001545411919626316,0.0,0.0,True,,inf,0.001545411919626316,0.001545411919626316,False,0.0,0.0,False,0,0,0,global,1000,1000,32,32,0,24,8,1,31,31.25,31.0,32,0,31,8,"sorted(block,parameter,shift,basis)"
finite_shot_conditional,1,0,0,0,4,0.7999999999999998,0.464990554975277,1000,9.965784284662087,14,theta_ell1_q0,0,1,0,global,0.0,30,0.0,-1.6029311858709856e-08,0.0,0.0,True,,inf,1.6029311858709856e-08,1.6029311858709856e-08,False,0.0,0.0,False,0,0,0,global,1000,1000,32,32,0,24,8,1,31,31.25,31.0,32,0,31,8,"sorted(block,parameter,shift,basis)"
finite_shot_conditional,1,0,0,0,4,0.7999999999999998,0.464990554975277,1000,9.965784284662087,14,theta_ell1_q1,1,1,1,global,0.0,30,0.0,2.1557720665507935e-09,0.0,0.0,True,,inf,-2.1557720665507935e-09,2.1557720665507935e-09,False,0.0,0.0,False,0,0,0,global,1000,1000,32,32,0,24,8,1,31,31.25,31.0,32,0,31,8,"sorted(block,parameter,shift,basis)"
finite_shot_conditional,1,0,0,0,4,0.7999999999999998,0.464990554975277,1000,9.965784284662087,14,theta_ell1_q2,2,1,2,global,0.0,30,0.0,-9.683149700569333e-10,0.0,0.0,True,,inf,9.683149700569333e-10,9.683149700569333e-10,False,0.0,0.0,False,0,0,0,global,1000,1000,32,32,0,24,8,1,31,31.25,31.0,32,0,31,8,"sorted(block,parameter,shift,basis)"
finite_shot_conditional,1,0,0,0,4,0.7999999999999998,0.464990554975277,1000,9.965784284662087,14,theta_ell1_q3,3,1,3,global,0.0,30,0.0,1.3018653631092701e-08,0.0,0.0,True,,inf,-1.3018653631092701e-08,1.3018653631092701e-08,False,0.0,0.0,False,0,0,0,global,1000,1000,32,32,0,24,8,1,31,31.25,31.0,32,0,31,8,"sorted(block,parameter,shift,basis)"
finite_shot_conditional,1,0,0,0,4,0.7999999999999998,0.464990554975277,1000,9.965784284662087,14,theta_ell2_q0,4,2,0,global,0.0,30,0.0,-3.3498064899904096e-09,0.0,0.0,True,,inf,3.3498064899904096e-09,3.3498064899904096e-09,False,0.0,0.0,False,0,0,0,global,1000,1000,32,32,0,24,8,1,31,31.25,31.0,32,0,31,8,"sorted(block,parameter,shift,basis)"
finite_shot_conditional,1,0,0,0,4,0.7999999999999998,0.464990554975277,1000,9.965784284662087,14,theta_ell2_q1,5,2,1,global,0.0,30,0.0,-2.2037534245573134e-09,0.0,0.0,True,,inf,2.2037534245573134e-09,2.2037534245573134e-09,False,0.0,0.0,False,0,0,0,global,1000,1000,32,32,0,24,8,1,31,31.25,31.0,32,0,31,8,"sorted(block,parameter,shift,basis)"
finite_shot_conditional,1,0,0,0,4,0.7999999999999998,0.464990554975277,1000,9.965784284662087,14,theta_ell2_q2,6,2,2,global,0.0,30,0.0,-9.381065539959695e-08,0.0,0.0,True,,inf,9.381065539959695e-08,9.381065539959695e-08,False,0.0,0.0,False,0,0,0,global,1000,1000,32,32,0,24,8,1,31,31.25,31.0,32,0,31,8,"sorted(block,parameter,shift,basis)"
finite_shot_conditional,1,0,0,0,4,0.7999999999999998,0.464990554975277,1000,9.965784284662087,14,theta_ell2_q3,7,2,3,global,0.0,30,0.0,-1.4250829039707543e-08,0.0,0.0,True,,inf,1.4250829039707543e-08,1.4250829039707543e-08,False,0.0,0.0,False,0,0,0,global,1000,1000,32,32,0,24,8,1,31,31.25,31.0,32,0,31,8,"sorted(block,parameter,shift,basis)"
finite_shot_conditional,1,0,0,0,4,0.7999999999999998,0.464990554975277,1000,9.965784284662087,14,theta_ell3_q0,8,3,0,global,0.0,30,0.0,7.458214370590291e-08,0.0,0.0,True,,inf,-7.458214370590291e-08,7.458214370590291e-08,False,0.0,0.0,False,0,0,0,global,1000,1000,32,32,0,24,8,1,31,31.25,31.0,32,0,31,8,"sorted(block,parameter,shift,basis)"
finite_shot_conditional,1,0,0,0,4,0.7999999999999998,0.464990554975277,1000,9.965784284662087,14,theta_ell3_q1,9,3,1,global,0.0,30,0.0,-2.4532123138129084e-08,0.0,0.0,True,,inf,2.4532123138129084e-08,2.4532123138129084e-08,False,0.0,0.0,False,0,0,0,global,1000,1000,32,32,0,24,8,1,31,31.25,31.0,32,0,31,8,"sorted(block,parameter,shift,basis)"
finite_shot_conditional,1,0,0,0,4,0.7999999999999998,0.464990554975277,1000,9.965784284662087,14,theta_ell3_q2,10,3,2,global,0.0,30,0.0,1.1122504951737722e-07,0.0,0.0,True,,inf,-1.1122504951737722e-07,1.1122504951737722e-07,False,0.0,0.0,False,0,0,0,global,1000,1000,32,32,0,24,8,1,31,31.25,31.0,32,0,31,8,"sorted(block,parameter,shift,basis)"
finite_shot_conditional,1,0,0,0,4,0.7999999999999998,0.464990554975277,1000,9.965784284662087,14,theta_ell3_q3,11,3,3,global,0.0,30,0.0,4.639798236458755e-08,0.0,0.0,True,,inf,-4.639798236458755e-08,4.639798236458755e-08,False,0.0,0.0,False,0,0,0,global,1000,1000,32,32,0,24,8,1,31,31.25,31.0,32,0,31,8,"sorted(block,parameter,shift,basis)"
finite_shot_conditional,1,0,0,0,4,0.7999999999999998,0.464990554975277,1000,9.965784284662087,14,theta_ell4_q0,12,4,0,global,0.0,30,0.0,1.8090742948118077e-07,0.0,0.0,True,,inf,-1.8090742948118077e-07,1.8090742948118077e-07,False,0.0,0.0,False,0,0,0,global,1000,1000,32,32,0,24,8,1,31,31.25,31.0,32,0,31,8,"sorted(block,parameter,shift,basis)"
finite_shot_conditional,1,0,0,0,4,0.7999999999999998,0.464990554975277,1000,9.965784284662087,14,theta_ell4_q1,13,4,1,global,0.0,30,0.0,-1.7971011145867521e-07,0.0,0.0,True,,inf,1.7971011145867521e-07,1.7971011145867521e-07,False,0.0,0.0,False,0,0,0,global,1000,1000,32,32,0,24,8,1,31,31.25,31.0,32,0,31,8,"sorted(block,parameter,shift,basis)"
finite_shot_conditional,1,0,0,0,4,0.7999999999999998,0.464990554975277,1000,9.965784284662087,14,theta_ell4_q2,14,4,2,global,0.0,30,0.0,7.699115200932027e-08,0.0,0.0,True,,inf,-7.699115200932027e-08,7.699115200932027e-08,False,0.0,0.0,False,0,0,0,global,1000,1000,32,32,0,24,8,1,31,31.25,31.0,32,0,31,8,"sorted(block,parameter,shift,basis)"
finite_shot_conditional,1,0,0,0,4,0.7999999999999998,0.464990554975277,1000,9.965784284662087,14,theta_ell4_q3,15,4,3,global,0.0,30,0.0,1.5683822235379452e-07,0.0,0.0,True,,inf,-1.5683822235379452e-07,1.5683822235379452e-07,False,0.0,0.0,False,0,0,0,global,1000,1000,32,32,0,24,8,1,31,31.25,31.0,32,0,31,8,"sorted(block,parameter,shift,basis)"
finite_shot_conditional,1,0,0,0,4,0.7999999999999998,0.464990554975277,1000,9.965784284662087,19,theta_ell4_q2,14,4,2,global,0.0,30,0.0,-4.1469638359770133e-05,0.0,0.0,True,,inf,4.1469638359770133e-05,4.1469638359770133e-05,False,0.0,0.0,False,0,0,0,global,1000,1000,32,32,0,24,8,1,31,31.25,31.0,32,0,31,8,"sorted(block,parameter,shift,basis)"
finite_shot_conditional,1,0,0,0,4,0.7999999999999998,0.464990554975277,1000,9.965784284662087,19,theta_ell4_q3,15,4,3,global,0.0,30,0.0,0.00013875894749748596,0.0,0.0,True,,inf,-0.00013875894749748596,0.00013875894749748596,False,0.0,0.0,False,0,0,0,global,1000,1000,32,32,0,24,8,1,31,31.25,31.0,32,0,31,8,"sorted(block,parameter,shift,basis)"
finite_shot_conditional,1,0,0,0,4,0.7999999999999998,0.464990554975277,1000,9.965784284662087,23,theta_ell4_q0,12,4,0,global,0.0,30,0.0,-0.0005645403533561244,0.0,0.0,True,,inf,0.0005645403533561244,0.0005645403533561244,False,0.0,0.0,False,0,0,0,global,1000,1000,32,32,0,24,8,1,31,31.25,31.0,32,0,31,8,"sorted(block,parameter,shift,basis)"
finite_shot_conditional,1,0,0,0,4,0.7999999999999998,0.464990554975277,1000,9.965784284662087,28,theta_ell4_q1,13,4,1,global,0.0,30,0.0,-1.9202197831358347e-05,0.0,0.0,True,,inf,1.9202197831358347e-05,1.9202197831358347e-05,False,0.0,0.0,False,0,0,0,global,1000,1000,32,32,0,24,8,1,31,31.25,31.0,32,0,31,8,"sorted(block,parameter,shift,basis)"
finite_shot_conditional,1,0,0,0,4,0.7999999999999998,0.464990554975277,1000,9.965784284662087,36,theta_ell4_q1,13,4,1,global,0.0,30,0.0,-4.0518311112403005e-05,0.0,0.0,True,,inf,4.0518311112403005e-05,4.0518311112403005e-05,False,0.0,0.0,False,0,0,0,global,1000,1000,32,32,0,24,8,1,31,31.25,31.0,32,0,31,8,"sorted(block,parameter,shift,basis)"
finite_shot_conditional,1,0,0,0,4,0.7999999999999998,0.464990554975277,1000,9.965784284662087,36,theta_ell4_q3,15,4,3,global,0.0,30,0.0,-1.552112566505226e-05,0.0,0.0,True,,inf,1.552112566505226e-05,1.552112566505226e-05,False,0.0,0.0,False,0,0,0,global,1000,1000,32,32,0,24,8,1,31,31.25,31.0,32,0,31,8,"sorted(block,parameter,shift,basis)"
finite_shot_conditional,1,0,0,0,4,0.7999999999999998,0.464990554975277,1000,9.965784284662087,48,theta_ell4_q1,13,4,1,global,0.0,30,0.0,1.6255776980056424e-07,0.0,0.0,True,,inf,-1.6255776980056424e-07,1.6255776980056424e-07,False,0.0,0.0,False,0,0,0,global,1000,1000,32,32,0,24,8,1,31,31.25,31.0,32,0,31,8,"sorted(block,parameter,shift,basis)"
finite_shot_conditional,1,0,0,0,4,0.7999999999999998,0.464990554975277,1000,9.965784284662087,48,theta_ell4_q2,14,4,2,global,0.0,30,0.0,5.852349475088392e-06,0.0,0.0,True,,inf,-5.852349475088392e-06,5.852349475088392e-06,False,0.0,0.0,False,0,0,0,global,1000,1000,32,32,0,24,8,1,31,31.25,31.0,32,0,31,8,"sorted(block,parameter,shift,basis)"
finite_shot_conditional,1,0,0,0,4,0.7999999999999998,0.464990554975277,1000,9.965784284662087,48,theta_ell4_q3,15,4,3,global,0.0,30,0.0,9.785176948162722e-07,0.0,0.0,True,,inf,-9.785176948162722e-07,9.785176948162722e-07,False,0.0,0.0,False,0,0,0,global,1000,1000,32,32,0,24,8,1,31,31.25,31.0,32,0,31,8,"sorted(block,parameter,shift,basis)"
finite_shot_conditional,1,0,0,0,4,0.7999999999999998,0.464990554975277,2000,10.965784284662087,14,theta_ell1_q0,0,1,0,global,0.0,30,0.0,-1.6029311858709856e-08,0.0,0.0,True,,inf,1.6029311858709856e-08,1.6029311858709856e-08,False,0.0,0.0,False,0,0,0,global,2000,2000,32,32,0,24,8,1,62,62.5,62.5,63,0,62,16,"sorted(block,parameter,shift,basis)"
finite_shot_conditional,1,0,0,0,4,0.7999999999999998,0.464990554975277,2000,10.965784284662087,14,theta_ell1_q1,1,1,1,global,0.0,30,0.0,2.1557720665507935e-09,0.0,0.0,True,,inf,-2.1557720665507935e-09,2.1557720665507935e-09,False,0.0,0.0,False,0,0,0,global,2000,2000,32,32,0,24,8,1,62,62.5,62.5,63,0,62,16,"sorted(block,parameter,shift,basis)"
finite_shot_conditional,1,0,0,0,4,0.7999999999999998,0.464990554975277,2000,10.965784284662087,14,theta_ell1_q2,2,1,2,global,0.0,30,0.0,-9.683149700569333e-10,0.0,0.0,True,,inf,9.683149700569333e-10,9.683149700569333e-10,False,0.0,0.0,False,0,0,0,global,2000,2000,32,32,0,24,8,1,62,62.5,62.5,63,0,62,16,"sorted(block,parameter,shift,basis)"
finite_shot_conditional,1,0,0,0,4,0.7999999999999998,0.464990554975277,2000,10.965784284662087,14,theta_ell1_q3,3,1,3,global,0.0,30,0.0,1.3018653631092701e-08,0.0,0.0,True,,inf,-1.3018653631092701e-08,1.3018653631092701e-08,False,0.0,0.0,False,0,0,0,global,2000,2000,32,32,0,24,8,1,62,62.5,62.5,63,0,62,16,"sorted(block,parameter,shift,basis)"
finite_shot_conditional,1,0,0,0,4,0.7999999999999998,0.464990554975277,2000,10.965784284662087,14,theta_ell2_q0,4,2,0,global,0.0,30,0.0,-3.3498064899904096e-09,0.0,0.0,True,,inf,3.3498064899904096e-09,3.3498064899904096e-09,False,0.0,0.0,False,0,0,0,global,2000,2000,32,32,0,24,8,1,62,62.5,62.5,63,0,62,16,"sorted(block,parameter,shift,basis)"
finite_shot_conditional,1,0,0,0,4,0.7999999999999998,0.464990554975277,2000,10.965784284662087,14,theta_ell2_q1,5,2,1,global,0.0,30,0.0,-2.2037534245573134e-09,0.0,0.0,True,,inf,2.2037534245573134e-09,2.2037534245573134e-09,False,0.0,0.0,False,0,0,0,global,2000,2000,32,32,0,24,8,1,62,62.5,62.5,63,0,62,16,"sorted(block,parameter,shift,basis)"
finite_shot_conditional,1,0,0,0,4,0.7999999999999998,0.464990554975277,2000,10.965784284662087,14,theta_ell2_q2,6,2,2,global,0.0,30,0.0,-9.381065539959695e-08,0.0,0.0,True,,inf,9.381065539959695e-08,9.381065539959695e-08,False,0.0,0.0,False,0,0,0,global,2000,2000,32,32,0,24,8,1,62,62.5,62.5,63,0,62,16,"sorted(block,parameter,shift,basis)"
finite_shot_conditional,1,0,0,0,4,0.7999999999999998,0.464990554975277,2000,10.965784284662087,14,theta_ell2_q3,7,2,3,global,0.0,30,0.0,-1.4250829039707543e-08,0.0,0.0,True,,inf,1.4250829039707543e-08,1.4250829039707543e-08,False,0.0,0.0,False,0,0,0,global,2000,2000,32,32,0,24,8,1,62,62.5,62.5,63,0,62,16,"sorted(block,parameter,shift,basis)"
finite_shot_conditional,1,0,0,0,4,0.7999999999999998,0.464990554975277,2000,10.965784284662087,14,theta_ell3_q0,8,3,0,global,0.0,30,0.0,7.458214370590291e-08,0.0,0.0,True,,inf,-7.458214370590291e-08,7.458214370590291e-08,False,0.0,0.0,False,0,0,0,global,2000,2000,32,32,0,24,8,1,62,62.5,62.5,63,0,62,16,"sorted(block,parameter,shift,basis)"
finite_shot_conditional,1,0,0,0,4,0.7999999999999998,0.464990554975277,2000,10.965784284662087,14,theta_ell3_q1,9,3,1,global,0.0,30,0.0,-2.4532123138129084e-08,0.0,0.0,True,,inf,2.4532123138129084e-08,2.4532123138129084e-08,False,0.0,0.0,False,0,0,0,global,2000,2000,32,32,0,24,8,1,62,62.5,62.5,63,0,62,16,"sorted(block,parameter,shift,basis)"
finite_shot_conditional,1,0,0,0,4,0.7999999999999998,0.464990554975277,2000,10.965784284662087,14,theta_ell3_q2,10,3,2,global,0.0,30,0.0,1.1122504951737722e-07,0.0,0.0,True,,inf,-1.1122504951737722e-07,1.1122504951737722e-07,False,0.0,0.0,False,0,0,0,global,2000,2000,32,32,0,24,8,1,62,62.5,62.5,63,0,62,16,"sorted(block,parameter,shift,basis)"
finite_shot_conditional,1,0,0,0,4,0.7999999999999998,0.464990554975277,2000,10.965784284662087,14,theta_ell3_q3,11,3,3,global,0.0,30,0.0,4.639798236458755e-08,0.0,0.0,True,,inf,-4.639798236458755e-08,4.639798236458755e-08,False,0.0,0.0,False,0,0,0,global,2000,2000,32,32,0,24,8,1,62,62.5,62.5,63,0,62,16,"sorted(block,parameter,shift,basis)"
finite_shot_conditional,1,0,0,0,4,0.7999999999999998,0.464990554975277,2000,10.965784284662087,14,theta_ell4_q0,12,4,0,global,0.0,30,0.0,1.8090742948118077e-07,0.0,0.0,True,,inf,-1.8090742948118077e-07,1.8090742948118077e-07,False,0.0,0.0,False,0,0,0,global,2000,2000,32,32,0,24,8,1,62,62.5,62.5,63,0,62,16,"sorted(block,parameter,shift,basis)"
finite_shot_conditional,1,0,0,0,4,0.7999999999999998,0.464990554975277,2000,10.965784284662087,14,theta_ell4_q1,13,4,1,global,0.0,30,0.0,-1.7971011145867521e-07,0.0,0.0,True,,inf,1.7971011145867521e-07,1.7971011145867521e-07,False,0.0,0.0,False,0,0,0,global,2000,2000,32,32,0,24,8,1,62,62.5,62.5,63,0,62,16,"sorted(block,parameter,shift,basis)"
finite_shot_conditional,1,0,0,0,4,0.7999999999999998,0.464990554975277,2000,10.965784284662087,14,theta_ell4_q2,14,4,2,global,0.0,30,0.0,7.699115200932027e-08,0.0,0.0,True,,inf,-7.699115200932027e-08,7.699115200932027e-08,False,0.0,0.0,False,0,0,0,global,2000,2000,32,32,0,24,8,1,62,62.5,62.5,63,0,62,16,"sorted(block,parameter,shift,basis)"
finite_shot_conditional,1,0,0,0,4,0.7999999999999998,0.464990554975277,2000,10.965784284662087,14,theta_ell4_q3,15,4,3,global,0.0,30,0.0,1.5683822235379452e-07,0.0,0.0,True,,inf,-1.5683822235379452e-07,1.5683822235379452e-07,False,0.0,0.0,False,0,0,0,global,2000,2000,32,32,0,24,8,1,62,62.5,62.5,63,0,62,16,"sorted(block,parameter,shift,basis)"
finite_shot_conditional,1,0,0,0,4,0.7999999999999998,0.464990554975277,2000,10.965784284662087,19,theta_ell4_q3,15,4,3,global,0.0,30,0.0,0.00013875894749748596,0.0,0.0,True,,inf,-0.00013875894749748596,0.00013875894749748596,False,0.0,0.0,False,0,0,0,global,2000,2000,32,32,0,24,8,1,62,62.5,62.5,63,0,62,16,"sorted(block,parameter,shift,basis)"
finite_shot_conditional,1,0,0,0,4,0.7999999999999998,0.464990554975277,2000,10.965784284662087,28,theta_ell4_q1,13,4,1,global,0.0,30,0.0,-1.9202197831358347e-05,0.0,0.0,True,,inf,1.9202197831358347e-05,1.9202197831358347e-05,False,0.0,0.0,False,0,0,0,global,2000,2000,32,32,0,24,8,1,62,62.5,62.5,63,0,62,16,"sorted(block,parameter,shift,basis)"
finite_shot_conditional,1,0,0,0,4,0.7999999999999998,0.464990554975277,2000,10.965784284662087,28,theta_ell4_q2,14,4,2,global,0.0,30,0.0,-0.00012569801389789026,0.0,0.0,True,,inf,0.00012569801389789026,0.00012569801389789026,False,0.0,0.0,False,0,0,0,global,2000,2000,32,32,0,24,8,1,62,62.5,62.5,63,0,62,16,"sorted(block,parameter,shift,basis)"
finite_shot_conditional,1,0,0,0,4,0.7999999999999998,0.464990554975277,2000,10.965784284662087,36,theta_ell4_q1,13,4,1,global,0.0,30,0.0,-4.0518311112403005e-05,0.0,0.0,True,,inf,4.0518311112403005e-05,4.0518311112403005e-05,False,0.0,0.0,False,0,0,0,global,2000,2000,32,32,0,24,8,1,62,62.5,62.5,63,0,62,16,"sorted(block,parameter,shift,basis)"
finite_shot_conditional,1,0,0,0,4,0.7999999999999998,0.464990554975277,2000,10.965784284662087,36,theta_ell4_q3,15,4,3,global,0.0,30,0.0,-1.552112566505226e-05,0.0,0.0,True,,inf,1.552112566505226e-05,1.552112566505226e-05,False,0.0,0.0,False,0,0,0,global,2000,2000,32,32,0,24,8,1,62,62.5,62.5,63,0,62,16,"sorted(block,parameter,shift,basis)"
finite_shot_conditional,1,0,0,0,4,0.7999999999999998,0.464990554975277,2000,10.965784284662087,48,theta_ell4_q1,13,4,1,global,0.0,30,0.0,1.6255776980056424e-07,0.0,0.0,True,,inf,-1.6255776980056424e-07,1.6255776980056424e-07,False,0.0,0.0,False,0,0,0,global,2000,2000,32,32,0,24,8,1,62,62.5,62.5,63,0,62,16,"sorted(block,parameter,shift,basis)"
finite_shot_conditional,1,0,0,0,4,0.7999999999999998,0.464990554975277,2000,10.965784284662087,48,theta_ell4_q2,14,4,2,global,0.0,30,0.0,5.852349475088392e-06,0.0,0.0,True,,inf,-5.852349475088392e-06,5.852349475088392e-06,False,0.0,0.0,False,0,0,0,global,2000,2000,32,32,0,24,8,1,62,62.5,62.5,63,0,62,16,"sorted(block,parameter,shift,basis)"
finite_shot_conditional,1,0,0,0,4,0.7999999999999998,0.464990554975277,2000,10.965784284662087,48,theta_ell4_q3,15,4,3,global,0.0,30,0.0,9.785176948162722e-07,0.0,0.0,True,,inf,-9.785176948162722e-07,9.785176948162722e-07,False,0.0,0.0,False,0,0,0,global,2000,2000,32,32,0,24,8,1,62,62.5,62.5,63,0,62,16,"sorted(block,parameter,shift,basis)"
finite_shot_conditional,1,0,0,0,6,2.8,1.6274669424134698,250,7.965784284662087,3,theta_ell6_q0,20,6,0,global,0.0,30,0.0,0.000719070233268948,0.0,0.0,True,,inf,-0.000719070233268948,0.000719070233268948,False,0.0,0.0,False,0,0,0,global,250,250,48,48,0,40,8,1,5,5.208333333333333,5.0,6,0,5,10,"sorted(block,parameter,shift,basis)"
finite_shot_conditional,1,0,0,0,6,2.8,1.6274669424134698,250,7.965784284662087,3,theta_ell6_q2,22,6,2,global,0.0,30,0.0,0.00015020594920844843,0.0,0.0,True,,inf,-0.00015020594920844843,0.00015020594920844843,False,0.0,0.0,False,0,0,0,global,250,250,48,48,0,40,8,1,5,5.208333333333333,5.0,6,0,5,10,"sorted(block,parameter,shift,basis)"
finite_shot_conditional,1,0,0,0,6,2.8,1.6274669424134698,250,7.965784284662087,4,theta_ell1_q0,0,1,0,global,0.0,30,0.0,-2.040299244157565e-05,0.0,0.0,True,,inf,2.040299244157565e-05,2.040299244157565e-05,False,0.0,0.0,False,0,0,0,global,250,250,48,48,0,40,8,1,5,5.208333333333333,5.0,6,0,5,10,"sorted(block,parameter,shift,basis)"
finite_shot_conditional,1,0,0,0,6,2.8,1.6274669424134698,250,7.965784284662087,4,theta_ell1_q1,1,1,1,global,0.0,30,0.0,-6.562726971075101e-06,0.0,0.0,True,,inf,6.562726971075101e-06,6.562726971075101e-06,False,0.0,0.0,False,0,0,0,global,250,250,48,48,0,40,8,1,5,5.208333333333333,5.0,6,0,5,10,"sorted(block,parameter,shift,basis)"
finite_shot_conditional,1,0,0,0,6,2.8,1.6274669424134698,250,7.965784284662087,4,theta_ell1_q2,2,1,2,global,0.0,30,0.0,8.162499630361989e-07,0.0,0.0,True,,inf,-8.162499630361989e-07,8.162499630361989e-07,False,0.0,0.0,False,0,0,0,global,250,250,48,48,0,40,8,1,5,5.208333333333333,5.0,6,0,5,10,"sorted(block,parameter,shift,basis)"
finite_shot_conditional,1,0,0,0,6,2.8,1.6274669424134698,250,7.965784284662087,4,theta_ell1_q3,3,1,3,global,0.0,30,0.0,-1.5980547147239303e-05,0.0,0.0,True,,inf,1.5980547147239303e-05,1.5980547147239303e-05,False,0.0,0.0,False,0,0,0,global,250,250,48,48,0,40,8,1,5,5.208333333333333,5.0,6,0,5,10,"sorted(block,parameter,shift,basis)"
finite_shot_conditional,1,0,0,0,6,2.8,1.6274669424134698,250,7.965784284662087,4,theta_ell2_q0,4,2,0,global,0.0,30,0.0,-2.1802490714017025e-06,0.0,0.0,True,,inf,2.1802490714017025e-06,2.1802490714017025e-06,False,0.0,0.0,False,0,0,0,global,250,250,48,48,0,40,8,1,5,5.208333333333333,5.0,6,0,5,10,"sorted(block,parameter,shift,basis)"
finite_shot_conditional,1,0,0,0,6,2.8,1.6274669424134698,250,7.965784284662087,4,theta_ell2_q1,5,2,1,global,0.0,30,0.0,-1.3340248300985666e-05,0.0,0.0,True,,inf,1.3340248300985666e-05,1.3340248300985666e-05,False,0.0,0.0,False,0,0,0,global,250,250,48,48,0,40,8,1,5,5.208333333333333,5.0,6,0,5,10,"sorted(block,parameter,shift,basis)"
finite_shot_conditional,1,0,0,0,6,2.8,1.6274669424134698,250,7.965784284662087,4,theta_ell2_q2,6,2,2,global,0.0,30,0.0,-2.652849628837441e-05,0.0,0.0,True,,inf,2.652849628837441e-05,2.652849628837441e-05,False,0.0,0.0,False,0,0,0,global,250,250,48,48,0,40,8,1,5,5.208333333333333,5.0,6,0,5,10,"sorted(block,parameter,shift,basis)"
finite_shot_conditional,1,0,0,0,6,2.8,1.6274669424134698,250,7.965784284662087,4,theta_ell2_q3,7,2,3,global,0.0,30,0.0,5.205048639444377e-07,0.0,0.0,True,,inf,-5.205048639444377e-07,5.205048639444377e-07,False,0.0,0.0,False,0,0,0,global,250,250,48,48,0,40,8,1,5,5.208333333333333,5.0,6,0,5,10,"sorted(block,parameter,shift,basis)"
finite_shot_conditional,1,0,0,0,6,2.8,1.6274669424134698,250,7.965784284662087,4,theta_ell3_q0,8,3,0,global,0.0,30,0.0,1.4451588526007309e-05,0.0,0.0,True,,inf,-1.4451588526007309e-05,1.4451588526007309e-05,False,0.0,0.0,False,0,0,0,global,250,250,48,48,0,40,8,1,5,5.208333333333333,5.0,6,0,5,10,"sorted(block,parameter,shift,basis)"
finite_shot_conditional,1,0,0,0,6,2.8,1.6274669424134698,250,7.965784284662087,4,theta_ell3_q1,9,3,1,global,0.0,30,0.0,3.738437501793657e-05,0.0,0.0,True,,inf,-3.738437501793657e-05,3.738437501793657e-05,False,0.0,0.0,False,0,0,0,global,250,250,48,48,0,40,8,1,5,5.208333333333333,5.0,6,0,5,10,"sorted(block,parameter,shift,basis)"
finite_shot_conditional,1,0,0,0,6,2.8,1.6274669424134698,250,7.965784284662087,4,theta_ell3_q2,10,3,2,global,0.0,30,0.0,3.376061982674714e-05,0.0,0.0,True,,inf,-3.376061982674714e-05,3.376061982674714e-05,False,0.0,0.0,False,0,0,0,global,250,250,48,48,0,40,8,1,5,5.208333333333333,5.0,6,0,5,10,"sorted(block,parameter,shift,basis)"
finite_shot_conditional,1,0,0,0,6,2.8,1.6274669424134698,250,7.965784284662087,4,theta_ell3_q3,11,3,3,global,0.0,30,0.0,-8.558783972489925e-06,0.0,0.0,True,,inf,8.558783972489925e-06,8.558783972489925e-06,False,0.0,0.0,False,0,0,0,global,250,250,48,48,0,40,8,1,5,5.208333333333333,5.0,6,0,5,10,"sorted(block,parameter,shift,basis)"
finite_shot_conditional,1,0,0,0,6,2.8,1.6274669424134698,250,7.965784284662087,4,theta_ell4_q0,12,4,0,global,0.0,30,0.0,6.659970215764034e-05,0.0,0.0,True,,inf,-6.659970215764034e-05,6.659970215764034e-05,False,0.0,0.0,False,0,0,0,global,250,250,48,48,0,40,8,1,5,5.208333333333333,5.0,6,0,5,10,"sorted(block,parameter,shift,basis)"
finite_shot_conditional,1,0,0,0,6,2.8,1.6274669424134698,250,7.965784284662087,4,theta_ell4_q1,13,4,1,global,0.0,30,0.0,8.297014770646038e-05,0.0,0.0,True,,inf,-8.297014770646038e-05,8.297014770646038e-05,False,0.0,0.0,False,0,0,0,global,250,250,48,48,0,40,8,1,5,5.208333333333333,5.0,6,0,5,10,"sorted(block,parameter,shift,basis)"
finite_shot_conditional,1,0,0,0,6,2.8,1.6274669424134698,250,7.965784284662087,4,theta_ell4_q2,14,4,2,global,0.0,30,0.0,0.00014730903011582442,0.0,0.0,True,,inf,-0.00014730903011582442,0.00014730903011582442,False,0.0,0.0,False,0,0,0,global,250,250,48,48,0,40,8,1,5,5.208333333333333,5.0,6,0,5,10,"sorted(block,parameter,shift,basis)"
finite_shot_conditional,1,0,0,0,6,2.8,1.6274669424134698,250,7.965784284662087,4,theta_ell4_q3,15,4,3,global,0.0,30,0.0,-7.053711994488523e-05,0.0,0.0,True,,inf,7.053711994488523e-05,7.053711994488523e-05,False,0.0,0.0,False,0,0,0,global,250,250,48,48,0,40,8,1,5,5.208333333333333,5.0,6,0,5,10,"sorted(block,parameter,shift,basis)"
finite_shot_conditional,1,0,0,0,6,2.8,1.6274669424134698,250,7.965784284662087,4,theta_ell5_q0,16,5,0,global,0.0,30,0.0,0.00013419580815396257,0.0,0.0,True,,inf,-0.00013419580815396257,0.00013419580815396257,False,0.0,0.0,False,0,0,0,global,250,250,48,48,0,40,8,1,5,5.208333333333333,5.0,6,0,5,10,"sorted(block,parameter,shift,basis)"
finite_shot_conditional,1,0,0,0,6,2.8,1.6274669424134698,250,7.965784284662087,4,theta_ell5_q1,17,5,1,global,0.0,30,0.0,-0.00021057259102901367,0.0,0.0,True,,inf,0.00021057259102901367,0.00021057259102901367,False,0.0,0.0,False,0,0,0,global,250,250,48,48,0,40,8,1,5,5.208333333333333,5.0,6,0,5,10,"sorted(block,parameter,shift,basis)"
finite_shot_conditional,1,0,0,0,6,2.8,1.6274669424134698,250,7.965784284662087,4,theta_ell5_q2,18,5,2,global,0.0,30,0.0,-6.771210413860139e-05,0.0,0.0,True,,inf,6.771210413860139e-05,6.771210413860139e-05,False,0.0,0.0,False,0,0,0,global,250,250,48,48,0,40,8,1,5,5.208333333333333,5.0,6,0,5,10,"sorted(block,parameter,shift,basis)"
finite_shot_conditional,1,0,0,0,6,2.8,1.6274669424134698,250,7.965784284662087,4,theta_ell5_q3,19,5,3,global,0.0,30,0.0,-1.8655777795576708e-06,0.0,0.0,True,,inf,1.8655777795576708e-06,1.8655777795576708e-06,False,0.0,0.0,False,0,0,0,global,250,250,48,48,0,40,8,1,5,5.208333333333333,5.0,6,0,5,10,"sorted(block,parameter,shift,basis)"
finite_shot_conditional,1,0,0,0,6,2.8,1.6274669424134698,250,7.965784284662087,4,theta_ell6_q0,20,6,0,global,0.0,30,0.0,0.00013199771319905018,0.0,0.0,True,,inf,-0.00013199771319905018,0.00013199771319905018,False,0.0,0.0,False,0,0,0,global,250,250,48,48,0,40,8,1,5,5.208333333333333,5.0,6,0,5,10,"sorted(block,parameter,shift,basis)"
finite_shot_conditional,1,0,0,0,6,2.8,1.6274669424134698,250,7.965784284662087,4,theta_ell6_q1,21,6,1,global,0.0,30,0.0,-0.00013408990598673398,0.0,0.0,True,,inf,0.00013408990598673398,0.00013408990598673398,False,0.0,0.0,False,0,0,0,global,250,250,48,48,0,40,8,1,5,5.208333333333333,5.0,6,0,5,10,"sorted(block,parameter,shift,basis)"
finite_shot_conditional,1,0,0,0,6,2.8,1.6274669424134698,250,7.965784284662087,4,theta_ell6_q2,22,6,2,global,0.0,30,0.0,-0.0005548306429386529,0.0,0.0,True,,inf,0.0005548306429386529,0.0005548306429386529,False,0.0,0.0,False,0,0,0,global,250,250,48,48,0,40,8,1,5,5.208333333333333,5.0,6,0,5,10,"sorted(block,parameter,shift,basis)"
finite_shot_conditional,1,0,0,0,6,2.8,1.6274669424134698,250,7.965784284662087,4,theta_ell6_q3,23,6,3,global,0.0,30,0.0,-0.00013008935847558245,0.0,0.0,True,,inf,0.00013008935847558245,0.00013008935847558245,False,0.0,0.0,False,0,0,0,global,250,250,48,48,0,40,8,1,5,5.208333333333333,5.0,6,0,5,10,"sorted(block,parameter,shift,basis)"
finite_shot_conditional,1,0,0,0,6,2.8,1.6274669424134698,250,7.965784284662087,5,theta_ell6_q3,23,6,3,global,0.0,30,0.0,0.0009359531098254159,0.0,0.0,True,,inf,-0.0009359531098254159,0.0009359531098254159,False,0.0,0.0,False,0,0,0,global,250,250,48,48,0,40,8,1,5,5.208333333333333,5.0,6,0,5,10,"sorted(block,parameter,shift,basis)"
finite_shot_conditional,1,0,0,0,6,2.8,1.6274669424134698,250,7.965784284662087,6,theta_ell6_q2,22,6,2,global,0.0,30,0.0,0.001592239552283603,0.0,0.0,True,,inf,-0.001592239552283603,0.001592239552283603,False,0.0,0.0,False,0,0,0,global,250,250,48,48,0,40,8,1,5,5.208333333333333,5.0,6,0,5,10,"sorted(block,parameter,shift,basis)"
finite_shot_conditional,1,0,0,0,6,2.8,1.6274669424134698,250,7.965784284662087,7,theta_ell6_q1,21,6,1,global,0.0,30,0.0,0.0002558513434365861,0.0,0.0,True,,inf,-0.0002558513434365861,0.0002558513434365861,False,0.0,0.0,False,0,0,0,global,250,250,48,48,0,40,8,1,5,5.208333333333333,5.0,6,0,5,10,"sorted(block,parameter,shift,basis)"
finite_shot_conditional,1,0,0,0,6,2.8,1.6274669424134698,250,7.965784284662087,10,theta_ell6_q0,20,6,0,global,0.0,30,0.0,-0.0031683044336683897,0.0,0.0,True,,inf,0.0031683044336683897,0.0031683044336683897,False,0.0,0.0,False,0,0,0,global,250,250,48,48,0,40,8,1,5,5.208333333333333,5.0,6,0,5,10,"sorted(block,parameter,shift,basis)"
finite_shot_conditional,1,0,0,0,6,2.8,1.6274669424134698,250,7.965784284662087,12,theta_ell6_q0,20,6,0,global,0.0,30,0.0,-2.3116142634838077e-05,0.0,0.0,True,,inf,2.3116142634838077e-05,2.3116142634838077e-05,False,0.0,0.0,False,0,0,0,global,250,250,48,48,0,40,8,1,5,5.208333333333333,5.0,6,0,5,10,"sorted(block,parameter,shift,basis)"
finite_shot_conditional,1,0,0,0,6,2.8,1.6274669424134698,250,7.965784284662087,12,theta_ell6_q2,22,6,2,global,0.0,30,0.0,-0.003655107564075777,0.0,0.0,True,,inf,0.003655107564075777,0.003655107564075777,False,0.0,0.0,False,0,0,0,global,250,250,48,48,0,40,8,1,5,5.208333333333333,5.0,6,0,5,10,"sorted(block,parameter,shift,basis)"
finite_shot_conditional,1,0,0,0,6,2.8,1.6274669424134698,250,7.965784284662087,12,theta_ell6_q3,23,6,3,global,0.0,30,0.0,-7.986153751299296e-05,0.0,0.0,True,,inf,7.986153751299296e-05,7.986153751299296e-05,False,0.0,0.0,False,0,0,0,global,250,250,48,48,0,40,8,1,5,5.208333333333333,5.0,6,0,5,10,"sorted(block,parameter,shift,basis)"
finite_shot_conditional,1,0,0,0,6,2.8,1.6274669424134698,250,7.965784284662087,14,theta_ell6_q1,21,6,1,global,0.0,30,0.0,-0.000698991599070331,0.0,0.0,True,,inf,0.000698991599070331,0.000698991599070331,False,0.0,0.0,False,0,0,0,global,250,250,48,48,0,40,8,1,5,5.208333333333333,5.0,6,0,5,10,"sorted(block,parameter,shift,basis)"
finite_shot_conditional,1,0,0,0,6,2.8,1.6274669424134698,250,7.965784284662087,14,theta_ell6_q2,22,6,2,global,0.0,30,0.0,0.0012880276433471227,0.0,0.0,True,,inf,-0.0012880276433471227,0.0012880276433471227,False,0.0,0.0,False,0,0,0,global,250,250,48,48,0,40,8,1,5,5.208333333333333,5.0,6,0,5,10,"sorted(block,parameter,shift,basis)"
finite_shot_conditional,1,0,0,0,6,2.8,1.6274669424134698,250,7.965784284662087,18,theta_ell6_q2,22,6,2,global,0.0,30,0.0,-0.00052919903002413,0.0,0.0,True,,inf,0.00052919903002413,0.00052919903002413,False,0.0,0.0,False,0,0,0,global,250,250,48,48,0,40,8,1,5,5.208333333333333,5.0,6,0,5,10,"sorted(block,parameter,shift,basis)"
finite_shot_conditional,1,0,0,0,6,2.8,1.6274669424134698,250,7.965784284662087,19,theta_ell6_q0,20,6,0,global,0.0,30,0.0,-2.6025232594539816e-05,0.0,0.0,True,,inf,2.6025232594539816e-05,2.6025232594539816e-05,False,0.0,0.0,False,0,0,0,global,250,250,48,48,0,40,8,1,5,5.208333333333333,5.0,6,0,5,10,"sorted(block,parameter,shift,basis)"
finite_shot_conditional,1,0,0,0,6,2.8,1.6274669424134698,250,7.965784284662087,19,theta_ell6_q2,22,6,2,global,0.0,30,0.0,0.00019803145520796983,0.0,0.0,True,,inf,-0.00019803145520796983,0.00019803145520796983,False,0.0,0.0,False,0,0,0,global,250,250,48,48,0,40,8,1,5,5.208333333333333,5.0,6,0,5,10,"sorted(block,parameter,shift,basis)"
finite_shot_conditional,1,0,0,0,6,2.8,1.6274669424134698,250,7.965784284662087,19,theta_ell6_q3,23,6,3,global,0.0,30,0.0,-9.916266654785844e-05,0.0,0.0,True,,inf,9.916266654785844e-05,9.916266654785844e-05,False,0.0,0.0,False,0,0,0,global,250,250,48,48,0,40,8,1,5,5.208333333333333,5.0,6,0,5,10,"sorted(block,parameter,shift,basis)"
finite_shot_conditional,1,0,0,0,6,2.8,1.6274669424134698,250,7.965784284662087,20,theta_ell6_q0,20,6,0,global,0.0,30,0.0,-0.000713963098439574,0.0,0.0,True,,inf,0.000713963098439574,0.000713963098439574,False,0.0,0.0,False,0,0,0,global,250,250,48,48,0,40,8,1,5,5.208333333333333,5.0,6,0,5,10,"sorted(block,parameter,shift,basis)"
finite_shot_conditional,1,0,0,0,6,2.8,1.6274669424134698,250,7.965784284662087,20,theta_ell6_q1,21,6,1,global,0.0,30,0.0,-6.981782865306263e-05,0.0,0.0,True,,inf,6.981782865306263e-05,6.981782865306263e-05,False,0.0,0.0,False,0,0,0,global,250,250,48,48,0,40,8,1,5,5.208333333333333,5.0,6,0,5,10,"sorted(block,parameter,shift,basis)"
finite_shot_conditional,1,0,0,0,6,2.8,1.6274669424134698,250,7.965784284662087,24,theta_ell6_q0,20,6,0,global,0.0,30,0.0,0.002401486401028552,0.0,0.0,True,,inf,-0.002401486401028552,0.002401486401028552,False,0.0,0.0,False,0,0,0,global,250,250,48,48,0,40,8,1,5,5.208333333333333,5.0,6,0,5,10,"sorted(block,parameter,shift,basis)"
finite_shot_conditional,1,0,0,0,6,2.8,1.6274669424134698,250,7.965784284662087,24,theta_ell6_q1,21,6,1,global,0.0,30,0.0,-0.0024838713623332453,0.0,0.0,True,,inf,0.0024838713623332453,0.0024838713623332453,False,0.0,0.0,False,0,0,0,global,250,250,48,48,0,40,8,1,5,5.208333333333333,5.0,6,0,5,10,"sorted(block,parameter,shift,basis)"
finite_shot_conditional,1,0,0,0,6,2.8,1.6274669424134698,250,7.965784284662087,25,theta_ell6_q0,20,6,0,global,0.0,30,0.0,-0.0008858438607016184,0.0,0.0,True,,inf,0.0008858438607016184,0.0008858438607016184,False,0.0,0.0,False,0,0,0,global,250,250,48,48,0,40,8,1,5,5.208333333333333,5.0,6,0,5,10,"sorted(block,parameter,shift,basis)"
finite_shot_conditional,1,0,0,0,6,2.8,1.6274669424134698,250,7.965784284662087,27,theta_ell6_q0,20,6,0,global,0.0,30,0.0,-0.0068729304546570336,0.0,0.0,True,,inf,0.0068729304546570336,0.0068729304546570336,False,0.0,0.0,False,0,0,0,global,250,250,48,48,0,40,8,1,5,5.208333333333333,5.0,6,0,5,10,"sorted(block,parameter,shift,basis)"
finite_shot_conditional,1,0,0,0,6,2.8,1.6274669424134698,250,7.965784284662087,29,theta_ell6_q0,20,6,0,global,0.0,30,0.0,-0.0011836314596062047,0.0,0.0,True,,inf,0.0011836314596062047,0.0011836314596062047,False,0.0,0.0,False,0,0,0,global,250,250,48,48,0,40,8,1,5,5.208333333333333,5.0,6,0,5,10,"sorted(block,parameter,shift,basis)"
finite_shot_conditional,1,0,0,0,6,2.8,1.6274669424134698,250,7.965784284662087,33,theta_ell6_q3,23,6,3,global,0.0,30,0.0,0.00106950855211968,0.0,0.0,True,,inf,-0.00106950855211968,0.00106950855211968,False,0.0,0.0,False,0,0,0,global,250,250,48,48,0,40,8,1,5,5.208333333333333,5.0,6,0,5,10,"sorted(block,parameter,shift,basis)"
finite_shot_conditional,1,0,0,0,6,2.8,1.6274669424134698,250,7.965784284662087,34,theta_ell6_q1,21,6,1,global,0.0,30,0.0,-0.007451537017453713,0.0,0.0,True,,inf,0.007451537017453713,0.007451537017453713,False,0.0,0.0,False,0,0,0,global,250,250,48,48,0,40,8,1,5,5.208333333333333,5.0,6,0,5,10,"sorted(block,parameter,shift,basis)"
finite_shot_conditional,1,0,0,0,6,2.8,1.6274669424134698,250,7.965784284662087,34,theta_ell6_q2,22,6,2,global,0.0,30,0.0,0.004899724023483321,0.0,0.0,True,,inf,-0.004899724023483321,0.004899724023483321,False,0.0,0.0,False,0,0,0,global,250,250,48,48,0,40,8,1,5,5.208333333333333,5.0,6,0,5,10,"sorted(block,parameter,shift,basis)"
finite_shot_conditional,1,0,0,0,6,2.8,1.6274669424134698,250,7.965784284662087,35,theta_ell6_q0,20,6,0,global,0.0,30,0.0,-0.0014068232885589005,0.0,0.0,True,,inf,0.0014068232885589005,0.0014068232885589005,False,0.0,0.0,False,0,0,0,global,250,250,48,48,0,40,8,1,5,5.208333333333333,5.0,6,0,5,10,"sorted(block,parameter,shift,basis)"
finite_shot_conditional,1,0,0,0,6,2.8,1.6274669424134698,250,7.965784284662087,35,theta_ell6_q2,22,6,2,global,0.0,30,0.0,-0.0005384198662795603,0.0,0.0,True,,inf,0.0005384198662795603,0.0005384198662795603,False,0.0,0.0,False,0,0,0,global,250,250,48,48,0,40,8,1,5,5.208333333333333,5.0,6,0,5,10,"sorted(block,parameter,shift,basis)"
finite_shot_conditional,1,0,0,0,6,2.8,1.6274669424134698,250,7.965784284662087,35,theta_ell6_q3,23,6,3,global,0.0,30,0.0,-0.0001875622904397578,0.0,0.0,True,,inf,0.0001875622904397578,0.0001875622904397578,False,0.0,0.0,False,0,0,0,global,250,250,48,48,0,40,8,1,5,5.208333333333333,5.0,6,0,5,10,"sorted(block,parameter,shift,basis)"
finite_shot_conditional,1,0,0,0,6,2.8,1.6274669424134698,250,7.965784284662087,38,theta_ell6_q0,20,6,0,global,0.0,30,0.0,-0.004206050727996069,0.0,0.0,True,,inf,0.004206050727996069,0.004206050727996069,False,0.0,0.0,False,0,0,0,global,250,250,48,48,0,40,8,1,5,5.208333333333333,5.0,6,0,5,10,"sorted(block,parameter,shift,basis)"
finite_shot_conditional,1,0,0,0,6,2.8,1.6274669424134698,250,7.965784284662087,39,theta_ell6_q1,21,6,1,global,0.0,30,0.0,-0.006797653245115998,0.0,0.0,True,,inf,0.006797653245115998,0.006797653245115998,False,0.0,0.0,False,0,0,0,global,250,250,48,48,0,40,8,1,5,5.208333333333333,5.0,6,0,5,10,"sorted(block,parameter,shift,basis)"
finite_shot_conditional,1,0,0,0,6,2.8,1.6274669424134698,250,7.965784284662087,42,theta_ell6_q0,20,6,0,global,0.0,30,0.0,-8.941417255858841e-05,0.0,0.0,True,,inf,8.941417255858841e-05,8.941417255858841e-05,False,0.0,0.0,False,0,0,0,global,250,250,48,48,0,40,8,1,5,5.208333333333333,5.0,6,0,5,10,"sorted(block,parameter,shift,basis)"
finite_shot_conditional,1,0,0,0,6,2.8,1.6274669424134698,250,7.965784284662087,42,theta_ell6_q3,23,6,3,global,0.0,30,0.0,-6.38590257600602e-05,0.0,0.0,True,,inf,6.38590257600602e-05,6.38590257600602e-05,False,0.0,0.0,False,0,0,0,global,250,250,48,48,0,40,8,1,5,5.208333333333333,5.0,6,0,5,10,"sorted(block,parameter,shift,basis)"
finite_shot_conditional,1,0,0,0,6,2.8,1.6274669424134698,250,7.965784284662087,44,theta_ell6_q2,22,6,2,global,0.0,30,0.0,0.004604679987176397,0.0,0.0,True,,inf,-0.004604679987176397,0.004604679987176397,False,0.0,0.0,False,0,0,0,global,250,250,48,48,0,40,8,1,5,5.208333333333333,5.0,6,0,5,10,"sorted(block,parameter,shift,basis)"
finite_shot_conditional,1,0,0,0,6,2.8,1.6274669424134698,250,7.965784284662087,44,theta_ell6_q3,23,6,3,global,0.0,30,0.0,0.0031481005315171506,0.0,0.0,True,,inf,-0.0031481005315171506,0.0031481005315171506,False,0.0,0.0,False,0,0,0,global,250,250,48,48,0,40,8,1,5,5.208333333333333,5.0,6,0,5,10,"sorted(block,parameter,shift,basis)"
finite_shot_conditional,1,0,0,0,6,2.8,1.6274669424134698,250,7.965784284662087,46,theta_ell6_q3,23,6,3,global,0.0,30,0.0,0.0038294044441326003,0.0,0.0,True,,inf,-0.0038294044441326003,0.0038294044441326003,False,0.0,0.0,False,0,0,0,global,250,250,48,48,0,40,8,1,5,5.208333333333333,5.0,6,0,5,10,"sorted(block,parameter,shift,basis)"
finite_shot_conditional,1,0,0,0,6,2.8,1.6274669424134698,250,7.965784284662087,48,theta_ell6_q0,20,6,0,global,0.0,30,0.0,0.0018386028945106547,0.0,0.0,True,,inf,-0.0018386028945106547,0.0018386028945106547,False,0.0,0.0,False,0,0,0,global,250,250,48,48,0,40,8,1,5,5.208333333333333,5.0,6,0,5,10,"sorted(block,parameter,shift,basis)"
finite_shot_conditional,1,0,0,0,6,2.8,1.6274669424134698,250,7.965784284662087,48,theta_ell6_q2,22,6,2,global,0.0,30,0.0,-0.001635609546849326,0.0,0.0,True,,inf,0.001635609546849326,0.001635609546849326,False,0.0,0.0,False,0,0,0,global,250,250,48,48,0,40,8,1,5,5.208333333333333,5.0,6,0,5,10,"sorted(block,parameter,shift,basis)"
finite_shot_conditional,1,0,0,0,6,2.8,1.6274669424134698,250,7.965784284662087,49,theta_ell6_q0,20,6,0,global,0.0,30,0.0,0.00244407441595329,0.0,0.0,True,,inf,-0.00244407441595329,0.00244407441595329,False,0.0,0.0,False,0,0,0,global,250,250,48,48,0,40,8,1,5,5.208333333333333,5.0,6,0,5,10,"sorted(block,parameter,shift,basis)"
finite_shot_conditional,1,0,0,0,6,2.8,1.6274669424134698,250,7.965784284662087,49,theta_ell6_q1,21,6,1,global,0.0,30,0.0,9.828074244710994e-05,0.0,0.0,True,,inf,-9.828074244710994e-05,9.828074244710994e-05,False,0.0,0.0,False,0,0,0,global,250,250,48,48,0,40,8,1,5,5.208333333333333,5.0,6,0,5,10,"sorted(block,parameter,shift,basis)"
finite_shot_conditional,1,0,0,0,6,2.8,1.6274669424134698,500,8.965784284662087,1,theta_ell6_q1,21,6,1,global,0.0,30,0.0,-0.00020669085577851298,0.0,0.0,True,,inf,0.00020669085577851298,0.00020669085577851298,False,0.0,0.0,False,0,0,0,global,500,500,48,48,0,40,8,1,10,10.416666666666666,10.0,11,0,10,20,"sorted(block,parameter,shift,basis)"
finite_shot_conditional,1,0,0,0,6,2.8,1.6274669424134698,500,8.965784284662087,3,theta_ell6_q2,22,6,2,global,0.0,30,0.0,0.00015020594920844843,0.0,0.0,True,,inf,-0.00015020594920844843,0.00015020594920844843,False,0.0,0.0,False,0,0,0,global,500,500,48,48,0,40,8,1,10,10.416666666666666,10.0,11,0,10,20,"sorted(block,parameter,shift,basis)"
finite_shot_conditional,1,0,0,0,6,2.8,1.6274669424134698,500,8.965784284662087,3,theta_ell6_q3,23,6,3,global,0.0,30,0.0,-0.0029494069820120705,0.0,0.0,True,,inf,0.0029494069820120705,0.0029494069820120705,False,0.0,0.0,False,0,0,0,global,500,500,48,48,0,40,8,1,10,10.416666666666666,10.0,11,0,10,20,"sorted(block,parameter,shift,basis)"
finite_shot_conditional,1,0,0,0,6,2.8,1.6274669424134698,500,8.965784284662087,4,theta_ell6_q0,20,6,0,global,0.0,30,0.0,0.00013199771319905018,0.0,0.0,True,,inf,-0.00013199771319905018,0.00013199771319905018,False,0.0,0.0,False,0,0,0,global,500,500,48,48,0,40,8,1,10,10.416666666666666,10.0,11,0,10,20,"sorted(block,parameter,shift,basis)"
finite_shot_conditional,1,0,0,0,6,2.8,1.6274669424134698,500,8.965784284662087,4,theta_ell6_q1,21,6,1,global,0.0,30,0.0,-0.00013408990598673398,0.0,0.0,True,,inf,0.00013408990598673398,0.00013408990598673398,False,0.0,0.0,False,0,0,0,global,500,500,48,48,0,40,8,1,10,10.416666666666666,10.0,11,0,10,20,"sorted(block,parameter,shift,basis)"
finite_shot_conditional,1,0,0,0,6,2.8,1.6274669424134698,500,8.965784284662087,4,theta_ell6_q3,23,6,3,global,0.0,30,0.0,-0.00013008935847558245,0.0,0.0,True,,inf,0.00013008935847558245,0.00013008935847558245,False,0.0,0.0,False,0,0,0,global,500,500,48,48,0,40,8,1,10,10.416666666666666,10.0,11,0,10,20,"sorted(block,parameter,shift,basis)"
finite_shot_conditional,1,0,0,0,6,2.8,1.6274669424134698,500,8.965784284662087,5,theta_ell6_q2,22,6,2,global,0.0,30,0.0,0.001031250403765116,0.0,0.0,True,,inf,-0.001031250403765116,0.001031250403765116,False,0.0,0.0,False,0,0,0,global,500,500,48,48,0,40,8,1,10,10.416666666666666,10.0,11,0,10,20,"sorted(block,parameter,shift,basis)"
finite_shot_conditional,1,0,0,0,6,2.8,1.6274669424134698,500,8.965784284662087,5,theta_ell6_q3,23,6,3,global,0.0,30,0.0,0.0009359531098254159,0.0,0.0,True,,inf,-0.0009359531098254159,0.0009359531098254159,False,0.0,0.0,False,0,0,0,global,500,500,48,48,0,40,8,1,10,10.416666666666666,10.0,11,0,10,20,"sorted(block,parameter,shift,basis)"
finite_shot_conditional,1,0,0,0,6,2.8,1.6274669424134698,500,8.965784284662087,10,theta_ell6_q3,23,6,3,global,0.0,30,0.0,-0.0029236479769177426,0.0,0.0,True,,inf,0.0029236479769177426,0.0029236479769177426,False,0.0,0.0,False,0,0,0,global,500,500,48,48,0,40,8,1,10,10.416666666666666,10.0,11,0,10,20,"sorted(block,parameter,shift,basis)"
finite_shot_conditional,1,0,0,0,6,2.8,1.6274669424134698,500,8.965784284662087,12,theta_ell6_q0,20,6,0,global,0.0,30,0.0,-2.3116142634838077e-05,0.0,0.0,True,,inf,2.3116142634838077e-05,2.3116142634838077e-05,False,0.0,0.0,False,0,0,0,global,500,500,48,48,0,40,8,1,10,10.416666666666666,10.0,11,0,10,20,"sorted(block,parameter,shift,basis)"
finite_shot_conditional,1,0,0,0,6,2.8,1.6274669424134698,500,8.965784284662087,12,theta_ell6_q3,23,6,3,global,0.0,30,0.0,-7.986153751299296e-05,0.0,0.0,True,,inf,7.986153751299296e-05,7.986153751299296e-05,False,0.0,0.0,False,0,0,0,global,500,500,48,48,0,40,8,1,10,10.416666666666666,10.0,11,0,10,20,"sorted(block,parameter,shift,basis)"
finite_shot_conditional,1,0,0,0,6,2.8,1.6274669424134698,500,8.965784284662087,14,theta_ell6_q1,21,6,1,global,0.0,30,0.0,-0.000698991599070331,0.0,0.0,True,,inf,0.000698991599070331,0.000698991599070331,False,0.0,0.0,False,0,0,0,global,500,500,48,48,0,40,8,1,10,10.416666666666666,10.0,11,0,10,20,"sorted(block,parameter,shift,basis)"
finite_shot_conditional,1,0,0,0,6,2.8,1.6274669424134698,500,8.965784284662087,14,theta_ell6_q2,22,6,2,global,0.0,30,0.0,0.0012880276433471227,0.0,0.0,True,,inf,-0.0012880276433471227,0.0012880276433471227,False,0.0,0.0,False,0,0,0,global,500,500,48,48,0,40,8,1,10,10.416666666666666,10.0,11,0,10,20,"sorted(block,parameter,shift,basis)"
finite_shot_conditional,1,0,0,0,6,2.8,1.6274669424134698,500,8.965784284662087,19,theta_ell6_q0,20,6,0,global,0.0,30,0.0,-2.6025232594539816e-05,0.0,0.0,True,,inf,2.6025232594539816e-05,2.6025232594539816e-05,False,0.0,0.0,False,0,0,0,global,500,500,48,48,0,40,8,1,10,10.416666666666666,10.0,11,0,10,20,"sorted(block,parameter,shift,basis)"
finite_shot_conditional,1,0,0,0,6,2.8,1.6274669424134698,500,8.965784284662087,19,theta_ell6_q3,23,6,3,global,0.0,30,0.0,-9.916266654785844e-05,0.0,0.0,True,,inf,9.916266654785844e-05,9.916266654785844e-05,False,0.0,0.0,False,0,0,0,global,500,500,48,48,0,40,8,1,10,10.416666666666666,10.0,11,0,10,20,"sorted(block,parameter,shift,basis)"
finite_shot_conditional,1,0,0,0,6,2.8,1.6274669424134698,500,8.965784284662087,20,theta_ell6_q1,21,6,1,global,0.0,30,0.0,-6.981782865306263e-05,0.0,0.0,True,,inf,6.981782865306263e-05,6.981782865306263e-05,False,0.0,0.0,False,0,0,0,global,500,500,48,48,0,40,8,1,10,10.416666666666666,10.0,11,0,10,20,"sorted(block,parameter,shift,basis)"
finite_shot_conditional,1,0,0,0,6,2.8,1.6274669424134698,500,8.965784284662087,24,theta_ell6_q2,22,6,2,global,0.0,30,0.0,0.0036456047703413708,0.0,0.0,True,,inf,-0.0036456047703413708,0.0036456047703413708,False,0.0,0.0,False,0,0,0,global,500,500,48,48,0,40,8,1,10,10.416666666666666,10.0,11,0,10,20,"sorted(block,parameter,shift,basis)"
finite_shot_conditional,1,0,0,0,6,2.8,1.6274669424134698,500,8.965784284662087,29,theta_ell6_q0,20,6,0,global,0.0,30,0.0,-0.0011836314596062047,0.0,0.0,True,,inf,0.0011836314596062047,0.0011836314596062047,False,0.0,0.0,False,0,0,0,global,500,500,48,48,0,40,8,1,10,10.416666666666666,10.0,11,0,10,20,"sorted(block,parameter,shift,basis)"
finite_shot_conditional,1,0,0,0,6,2.8,1.6274669424134698,500,8.965784284662087,33,theta_ell6_q1,21,6,1,global,0.0,30,0.0,0.0004124298839554008,0.0,0.0,True,,inf,-0.0004124298839554008,0.0004124298839554008,False,0.0,0.0,False,0,0,0,global,500,500,48,48,0,40,8,1,10,10.416666666666666,10.0,11,0,10,20,"sorted(block,parameter,shift,basis)"
finite_shot_conditional,1,0,0,0,6,2.8,1.6274669424134698,500,8.965784284662087,35,theta_ell6_q3,23,6,3,global,0.0,30,0.0,-0.0001875622904397578,0.0,0.0,True,,inf,0.0001875622904397578,0.0001875622904397578,False,0.0,0.0,False,0,0,0,global,500,500,48,48,0,40,8,1,10,10.416666666666666,10.0,11,0,10,20,"sorted(block,parameter,shift,basis)"
finite_shot_conditional,1,0,0,0,6,2.8,1.6274669424134698,500,8.965784284662087,40,theta_ell6_q3,23,6,3,global,0.0,30,0.0,-0.00181153331121503,0.0,0.0,True,,inf,0.00181153331121503,0.00181153331121503,False,0.0,0.0,False,0,0,0,global,500,500,48,48,0,40,8,1,10,10.416666666666666,10.0,11,0,10,20,"sorted(block,parameter,shift,basis)"
finite_shot_conditional,1,0,0,0,6,2.8,1.6274669424134698,500,8.965784284662087,42,theta_ell6_q0,20,6,0,global,0.0,30,0.0,-8.941417255858841e-05,0.0,0.0,True,,inf,8.941417255858841e-05,8.941417255858841e-05,False,0.0,0.0,False,0,0,0,global,500,500,48,48,0,40,8,1,10,10.416666666666666,10.0,11,0,10,20,"sorted(block,parameter,shift,basis)"
finite_shot_conditional,1,0,0,0,6,2.8,1.6274669424134698,500,8.965784284662087,42,theta_ell6_q2,22,6,2,global,0.0,30,0.0,0.000388416528567026,0.0,0.0,True,,inf,-0.000388416528567026,0.000388416528567026,False,0.0,0.0,False,0,0,0,global,500,500,48,48,0,40,8,1,10,10.416666666666666,10.0,11,0,10,20,"sorted(block,parameter,shift,basis)"
finite_shot_conditional,1,0,0,0,6,2.8,1.6274669424134698,500,8.965784284662087,42,theta_ell6_q3,23,6,3,global,0.0,30,0.0,-6.38590257600602e-05,0.0,0.0,True,,inf,6.38590257600602e-05,6.38590257600602e-05,False,0.0,0.0,False,0,0,0,global,500,500,48,48,0,40,8,1,10,10.416666666666666,10.0,11,0,10,20,"sorted(block,parameter,shift,basis)"
finite_shot_conditional,1,0,0,0,6,2.8,1.6274669424134698,500,8.965784284662087,46,theta_ell6_q3,23,6,3,global,0.0,30,0.0,0.0038294044441326003,0.0,0.0,True,,inf,-0.0038294044441326003,0.0038294044441326003,False,0.0,0.0,False,0,0,0,global,500,500,48,48,0,40,8,1,10,10.416666666666666,10.0,11,0,10,20,"sorted(block,parameter,shift,basis)"
finite_shot_conditional,1,0,0,0,6,2.8,1.6274669424134698,500,8.965784284662087,49,theta_ell6_q1,21,6,1,global,0.0,30,0.0,9.828074244710994e-05,0.0,0.0,True,,inf,-9.828074244710994e-05,9.828074244710994e-05,False,0.0,0.0,False,0,0,0,global,500,500,48,48,0,40,8,1,10,10.416666666666666,10.0,11,0,10,20,"sorted(block,parameter,shift,basis)"
finite_shot_conditional,1,0,0,0,6,2.8,1.6274669424134698,1000,9.965784284662087,3,theta_ell6_q0,20,6,0,global,0.0,30,0.0,0.000719070233268948,0.0,0.0,True,,inf,-0.000719070233268948,0.000719070233268948,False,0.0,0.0,False,0,0,0,global,1000,1000,48,48,0,40,8,1,20,20.833333333333332,21.0,21,0,20,40,"sorted(block,parameter,shift,basis)"
finite_shot_conditional,1,0,0,0,6,2.8,1.6274669424134698,1000,9.965784284662087,4,theta_ell6_q0,20,6,0,global,0.0,30,0.0,0.00013199771319905018,0.0,0.0,True,,inf,-0.00013199771319905018,0.00013199771319905018,False,0.0,0.0,False,0,0,0,global,1000,1000,48,48,0,40,8,1,20,20.833333333333332,21.0,21,0,20,40,"sorted(block,parameter,shift,basis)"
finite_shot_conditional,1,0,0,0,6,2.8,1.6274669424134698,1000,9.965784284662087,4,theta_ell6_q1,21,6,1,global,0.0,30,0.0,-0.00013408990598673398,0.0,0.0,True,,inf,0.00013408990598673398,0.00013408990598673398,False,0.0,0.0,False,0,0,0,global,1000,1000,48,48,0,40,8,1,20,20.833333333333332,21.0,21,0,20,40,"sorted(block,parameter,shift,basis)"
finite_shot_conditional,1,0,0,0,6,2.8,1.6274669424134698,1000,9.965784284662087,4,theta_ell6_q3,23,6,3,global,0.0,30,0.0,-0.00013008935847558245,0.0,0.0,True,,inf,0.00013008935847558245,0.00013008935847558245,False,0.0,0.0,False,0,0,0,global,1000,1000,48,48,0,40,8,1,20,20.833333333333332,21.0,21,0,20,40,"sorted(block,parameter,shift,basis)"
finite_shot_conditional,1,0,0,0,6,2.8,1.6274669424134698,1000,9.965784284662087,5,theta_ell6_q2,22,6,2,global,0.0,30,0.0,0.001031250403765116,0.0,0.0,True,,inf,-0.001031250403765116,0.001031250403765116,False,0.0,0.0,False,0,0,0,global,1000,1000,48,48,0,40,8,1,20,20.833333333333332,21.0,21,0,20,40,"sorted(block,parameter,shift,basis)"
finite_shot_conditional,1,0,0,0,6,2.8,1.6274669424134698,1000,9.965784284662087,7,theta_ell6_q1,21,6,1,global,0.0,30,0.0,0.0002558513434365861,0.0,0.0,True,,inf,-0.0002558513434365861,0.0002558513434365861,False,0.0,0.0,False,0,0,0,global,1000,1000,48,48,0,40,8,1,20,20.833333333333332,21.0,21,0,20,40,"sorted(block,parameter,shift,basis)"
finite_shot_conditional,1,0,0,0,6,2.8,1.6274669424134698,1000,9.965784284662087,19,theta_ell6_q0,20,6,0,global,0.0,30,0.0,-2.6025232594539816e-05,0.0,0.0,True,,inf,2.6025232594539816e-05,2.6025232594539816e-05,False,0.0,0.0,False,0,0,0,global,1000,1000,48,48,0,40,8,1,20,20.833333333333332,21.0,21,0,20,40,"sorted(block,parameter,shift,basis)"
finite_shot_conditional,1,0,0,0,6,2.8,1.6274669424134698,1000,9.965784284662087,19,theta_ell6_q3,23,6,3,global,0.0,30,0.0,-9.916266654785844e-05,0.0,0.0,True,,inf,9.916266654785844e-05,9.916266654785844e-05,False,0.0,0.0,False,0,0,0,global,1000,1000,48,48,0,40,8,1,20,20.833333333333332,21.0,21,0,20,40,"sorted(block,parameter,shift,basis)"
finite_shot_conditional,1,0,0,0,6,2.8,1.6274669424134698,1000,9.965784284662087,20,theta_ell6_q1,21,6,1,global,0.0,30,0.0,-6.981782865306263e-05,0.0,0.0,True,,inf,6.981782865306263e-05,6.981782865306263e-05,False,0.0,0.0,False,0,0,0,global,1000,1000,48,48,0,40,8,1,20,20.833333333333332,21.0,21,0,20,40,"sorted(block,parameter,shift,basis)"
finite_shot_conditional,1,0,0,0,6,2.8,1.6274669424134698,1000,9.965784284662087,33,theta_ell6_q1,21,6,1,global,0.0,30,0.0,0.0004124298839554008,0.0,0.0,True,,inf,-0.0004124298839554008,0.0004124298839554008,False,0.0,0.0,False,0,0,0,global,1000,1000,48,48,0,40,8,1,20,20.833333333333332,21.0,21,0,20,40,"sorted(block,parameter,shift,basis)"
finite_shot_conditional,1,0,0,0,6,2.8,1.6274669424134698,1000,9.965784284662087,40,theta_ell6_q1,21,6,1,global,0.0,30,0.0,-0.0001472611993728612,0.0,0.0,True,,inf,0.0001472611993728612,0.0001472611993728612,False,0.0,0.0,False,0,0,0,global,1000,1000,48,48,0,40,8,1,20,20.833333333333332,21.0,21,0,20,40,"sorted(block,parameter,shift,basis)"
finite_shot_conditional,1,0,0,0,6,2.8,1.6274669424134698,1000,9.965784284662087,42,theta_ell6_q0,20,6,0,global,0.0,30,0.0,-8.941417255858841e-05,0.0,0.0,True,,inf,8.941417255858841e-05,8.941417255858841e-05,False,0.0,0.0,False,0,0,0,global,1000,1000,48,48,0,40,8,1,20,20.833333333333332,21.0,21,0,20,40,"sorted(block,parameter,shift,basis)"
finite_shot_conditional,1,0,0,0,6,2.8,1.6274669424134698,1000,9.965784284662087,42,theta_ell6_q3,23,6,3,global,0.0,30,0.0,-6.38590257600602e-05,0.0,0.0,True,,inf,6.38590257600602e-05,6.38590257600602e-05,False,0.0,0.0,False,0,0,0,global,1000,1000,48,48,0,40,8,1,20,20.833333333333332,21.0,21,0,20,40,"sorted(block,parameter,shift,basis)"
finite_shot_conditional,1,0,0,0,6,2.8,1.6274669424134698,1000,9.965784284662087,49,theta_ell6_q1,21,6,1,global,0.0,30,0.0,9.828074244710994e-05,0.0,0.0,True,,inf,-9.828074244710994e-05,9.828074244710994e-05,False,0.0,0.0,False,0,0,0,global,1000,1000,48,48,0,40,8,1,20,20.833333333333332,21.0,21,0,20,40,"sorted(block,parameter,shift,basis)"
finite_shot_conditional,1,0,0,0,6,2.8,1.6274669424134698,2000,10.965784284662087,3,theta_ell6_q2,22,6,2,global,0.0,30,0.0,0.00015020594920844843,0.0,0.0,True,,inf,-0.00015020594920844843,0.00015020594920844843,False,0.0,0.0,False,0,0,0,global,2000,2000,48,48,0,40,8,1,41,41.666666666666664,42.0,42,0,41,32,"sorted(block,parameter,shift,basis)"
finite_shot_conditional,1,0,0,0,6,2.8,1.6274669424134698,2000,10.965784284662087,4,theta_ell6_q3,23,6,3,global,0.0,30,0.0,-0.00013008935847558245,0.0,0.0,True,,inf,0.00013008935847558245,0.00013008935847558245,False,0.0,0.0,False,0,0,0,global,2000,2000,48,48,0,40,8,1,41,41.666666666666664,42.0,42,0,41,32,"sorted(block,parameter,shift,basis)"
finite_shot_conditional,1,0,0,0,6,2.8,1.6274669424134698,2000,10.965784284662087,12,theta_ell6_q0,20,6,0,global,0.0,30,0.0,-2.3116142634838077e-05,0.0,0.0,True,,inf,2.3116142634838077e-05,2.3116142634838077e-05,False,0.0,0.0,False,0,0,0,global,2000,2000,48,48,0,40,8,1,41,41.666666666666664,42.0,42,0,41,32,"sorted(block,parameter,shift,basis)"
finite_shot_conditional,1,0,0,0,6,2.8,1.6274669424134698,2000,10.965784284662087,19,theta_ell6_q0,20,6,0,global,0.0,30,0.0,-2.6025232594539816e-05,0.0,0.0,True,,inf,2.6025232594539816e-05,2.6025232594539816e-05,False,0.0,0.0,False,0,0,0,global,2000,2000,48,48,0,40,8,1,41,41.666666666666664,42.0,42,0,41,32,"sorted(block,parameter,shift,basis)"
finite_shot_conditional,1,0,0,0,6,2.8,1.6274669424134698,2000,10.965784284662087,19,theta_ell6_q2,22,6,2,global,0.0,30,0.0,0.00019803145520796983,0.0,0.0,True,,inf,-0.00019803145520796983,0.00019803145520796983,False,0.0,0.0,False,0,0,0,global,2000,2000,48,48,0,40,8,1,41,41.666666666666664,42.0,42,0,41,32,"sorted(block,parameter,shift,basis)"
finite_shot_conditional,1,0,0,0,6,2.8,1.6274669424134698,2000,10.965784284662087,19,theta_ell6_q3,23,6,3,global,0.0,30,0.0,-9.916266654785844e-05,0.0,0.0,True,,inf,9.916266654785844e-05,9.916266654785844e-05,False,0.0,0.0,False,0,0,0,global,2000,2000,48,48,0,40,8,1,41,41.666666666666664,42.0,42,0,41,32,"sorted(block,parameter,shift,basis)"
finite_shot_conditional,1,0,0,0,6,2.8,1.6274669424134698,2000,10.965784284662087,20,theta_ell6_q1,21,6,1,global,0.0,30,0.0,-6.981782865306263e-05,0.0,0.0,True,,inf,6.981782865306263e-05,6.981782865306263e-05,False,0.0,0.0,False,0,0,0,global,2000,2000,48,48,0,40,8,1,41,41.666666666666664,42.0,42,0,41,32,"sorted(block,parameter,shift,basis)"
finite_shot_conditional,1,0,0,0,6,2.8,1.6274669424134698,2000,10.965784284662087,29,theta_ell6_q0,20,6,0,global,0.0,30,0.0,-0.0011836314596062047,0.0,0.0,True,,inf,0.0011836314596062047,0.0011836314596062047,False,0.0,0.0,False,0,0,0,global,2000,2000,48,48,0,40,8,1,41,41.666666666666664,42.0,42,0,41,32,"sorted(block,parameter,shift,basis)"
finite_shot_conditional,1,0,0,0,6,2.8,1.6274669424134698,2000,10.965784284662087,42,theta_ell6_q0,20,6,0,global,0.0,30,0.0,-8.941417255858841e-05,0.0,0.0,True,,inf,8.941417255858841e-05,8.941417255858841e-05,False,0.0,0.0,False,0,0,0,global,2000,2000,48,48,0,40,8,1,41,41.666666666666664,42.0,42,0,41,32,"sorted(block,parameter,shift,basis)"
finite_shot_conditional,1,0,0,0,6,2.8,1.6274669424134698,2000,10.965784284662087,42,theta_ell6_q3,23,6,3,global,0.0,30,0.0,-6.38590257600602e-05,0.0,0.0,True,,inf,6.38590257600602e-05,6.38590257600602e-05,False,0.0,0.0,False,0,0,0,global,2000,2000,48,48,0,40,8,1,41,41.666666666666664,42.0,42,0,41,32,"sorted(block,parameter,shift,basis)"
finite_shot_conditional,2,1,0,0,1,-2.2,-1.2787240261820123,250,7.965784284662087,4,theta_ell1_q0,0,1,0,global,0.0,30,0.0,0.0009291989819598667,0.0,0.0,True,,inf,-0.0009291989819598667,0.0009291989819598667,False,0.0,0.0,False,1,0,0,global,250,250,8,8,0,0,8,1,31,31.25,31.0,32,0,31,2,"sorted(block,parameter,shift,basis)"
finite_shot_conditional,2,1,0,0,1,-2.2,-1.2787240261820123,250,7.965784284662087,4,theta_ell1_q3,3,1,3,global,0.0,30,0.0,0.00021726030427815513,0.0,0.0,True,,inf,-0.00021726030427815513,0.00021726030427815513,False,0.0,0.0,False,1,0,0,global,250,250,8,8,0,0,8,1,31,31.25,31.0,32,0,31,2,"sorted(block,parameter,shift,basis)"
finite_shot_conditional,2,1,0,0,1,-2.2,-1.2787240261820123,250,7.965784284662087,17,theta_ell1_q0,0,1,0,global,0.0,30,0.0,0.00032147197426463103,0.0,0.0,True,,inf,-0.00032147197426463103,0.00032147197426463103,False,0.0,0.0,False,1,0,0,global,250,250,8,8,0,0,8,1,31,31.25,31.0,32,0,31,2,"sorted(block,parameter,shift,basis)"
finite_shot_conditional,2,1,0,0,1,-2.2,-1.2787240261820123,250,7.965784284662087,17,theta_ell1_q1,1,1,1,global,0.0,30,0.0,-0.0005174742933530263,0.0,0.0,True,,inf,0.0005174742933530263,0.0005174742933530263,False,0.0,0.0,False,1,0,0,global,250,250,8,8,0,0,8,1,31,31.25,31.0,32,0,31,2,"sorted(block,parameter,shift,basis)"
finite_shot_conditional,2,1,0,0,1,-2.2,-1.2787240261820123,250,7.965784284662087,28,theta_ell1_q0,0,1,0,global,0.0,30,0.0,-3.841238374185929e-05,0.0,0.0,True,,inf,3.841238374185929e-05,3.841238374185929e-05,False,0.0,0.0,False,1,0,0,global,250,250,8,8,0,0,8,1,31,31.25,31.0,32,0,31,2,"sorted(block,parameter,shift,basis)"
finite_shot_conditional,2,1,0,0,1,-2.2,-1.2787240261820123,250,7.965784284662087,28,theta_ell1_q3,3,1,3,global,0.0,30,0.0,0.00043327637350804027,0.0,0.0,True,,inf,-0.00043327637350804027,0.00043327637350804027,False,0.0,0.0,False,1,0,0,global,250,250,8,8,0,0,8,1,31,31.25,31.0,32,0,31,2,"sorted(block,parameter,shift,basis)"
finite_shot_conditional,2,1,0,0,1,-2.2,-1.2787240261820123,250,7.965784284662087,33,theta_ell1_q0,0,1,0,global,0.0,30,0.0,1.6191885535143946e-06,0.0,0.0,True,,inf,-1.6191885535143946e-06,1.6191885535143946e-06,False,0.0,0.0,False,1,0,0,global,250,250,8,8,0,0,8,1,31,31.25,31.0,32,0,31,2,"sorted(block,parameter,shift,basis)"
finite_shot_conditional,2,1,0,0,1,-2.2,-1.2787240261820123,250,7.965784284662087,33,theta_ell1_q1,1,1,1,global,0.0,30,0.0,-3.267388404709637e-05,0.0,0.0,True,,inf,3.267388404709637e-05,3.267388404709637e-05,False,0.0,0.0,False,1,0,0,global,250,250,8,8,0,0,8,1,31,31.25,31.0,32,0,31,2,"sorted(block,parameter,shift,basis)"
finite_shot_conditional,2,1,0,0,1,-2.2,-1.2787240261820123,250,7.965784284662087,39,theta_ell1_q1,1,1,1,global,0.0,30,0.0,9.619579485264929e-05,0.0,0.0,True,,inf,-9.619579485264929e-05,9.619579485264929e-05,False,0.0,0.0,False,1,0,0,global,250,250,8,8,0,0,8,1,31,31.25,31.0,32,0,31,2,"sorted(block,parameter,shift,basis)"
finite_shot_conditional,2,1,0,0,1,-2.2,-1.2787240261820123,250,7.965784284662087,39,theta_ell1_q3,3,1,3,global,0.0,30,0.0,9.493488509770831e-05,0.0,0.0,True,,inf,-9.493488509770831e-05,9.493488509770831e-05,False,0.0,0.0,False,1,0,0,global,250,250,8,8,0,0,8,1,31,31.25,31.0,32,0,31,2,"sorted(block,parameter,shift,basis)"
finite_shot_conditional,2,1,0,0,1,-2.2,-1.2787240261820123,250,7.965784284662087,42,theta_ell1_q3,3,1,3,global,0.0,30,0.0,-0.0007636312461206107,0.0,0.0,True,,inf,0.0007636312461206107,0.0007636312461206107,False,0.0,0.0,False,1,0,0,global,250,250,8,8,0,0,8,1,31,31.25,31.0,32,0,31,2,"sorted(block,parameter,shift,basis)"
finite_shot_conditional,2,1,0,0,1,-2.2,-1.2787240261820123,250,7.965784284662087,44,theta_ell1_q2,2,1,2,global,0.0,30,0.0,0.0007576615393258268,0.0,0.0,True,,inf,-0.0007576615393258268,0.0007576615393258268,False,0.0,0.0,False,1,0,0,global,250,250,8,8,0,0,8,1,31,31.25,31.0,32,0,31,2,"sorted(block,parameter,shift,basis)"
finite_shot_conditional,2,1,0,0,1,-2.2,-1.2787240261820123,500,8.965784284662087,0,theta_ell1_q0,0,1,0,global,0.0,30,0.0,0.00012232738266310106,0.0,0.0,True,,inf,-0.00012232738266310106,0.00012232738266310106,False,0.0,0.0,False,1,0,0,global,500,500,8,8,0,0,8,1,62,62.5,62.5,63,0,62,4,"sorted(block,parameter,shift,basis)"
finite_shot_conditional,2,1,0,0,1,-2.2,-1.2787240261820123,500,8.965784284662087,4,theta_ell1_q3,3,1,3,global,0.0,30,0.0,0.00021726030427815513,0.0,0.0,True,,inf,-0.00021726030427815513,0.00021726030427815513,False,0.0,0.0,False,1,0,0,global,500,500,8,8,0,0,8,1,62,62.5,62.5,63,0,62,4,"sorted(block,parameter,shift,basis)"
finite_shot_conditional,2,1,0,0,1,-2.2,-1.2787240261820123,500,8.965784284662087,14,theta_ell1_q1,1,1,1,global,0.0,30,0.0,0.0004063742847186802,0.0,0.0,True,,inf,-0.0004063742847186802,0.0004063742847186802,False,0.0,0.0,False,1,0,0,global,500,500,8,8,0,0,8,1,62,62.5,62.5,63,0,62,4,"sorted(block,parameter,shift,basis)"
finite_shot_conditional,2,1,0,0,1,-2.2,-1.2787240261820123,500,8.965784284662087,14,theta_ell1_q3,3,1,3,global,0.0,30,0.0,0.00011354967748311573,0.0,0.0,True,,inf,-0.00011354967748311573,0.00011354967748311573,False,0.0,0.0,False,1,0,0,global,500,500,8,8,0,0,8,1,62,62.5,62.5,63,0,62,4,"sorted(block,parameter,shift,basis)"
finite_shot_conditional,2,1,0,0,1,-2.2,-1.2787240261820123,500,8.965784284662087,28,theta_ell1_q0,0,1,0,global,0.0,30,0.0,-3.841238374185929e-05,0.0,0.0,True,,inf,3.841238374185929e-05,3.841238374185929e-05,False,0.0,0.0,False,1,0,0,global,500,500,8,8,0,0,8,1,62,62.5,62.5,63,0,62,4,"sorted(block,parameter,shift,basis)"
finite_shot_conditional,2,1,0,0,1,-2.2,-1.2787240261820123,500,8.965784284662087,33,theta_ell1_q0,0,1,0,global,0.0,30,0.0,1.6191885535143946e-06,0.0,0.0,True,,inf,-1.6191885535143946e-06,1.6191885535143946e-06,False,0.0,0.0,False,1,0,0,global,500,500,8,8,0,0,8,1,62,62.5,62.5,63,0,62,4,"sorted(block,parameter,shift,basis)"
finite_shot_conditional,2,1,0,0,1,-2.2,-1.2787240261820123,500,8.965784284662087,39,theta_ell1_q1,1,1,1,global,0.0,30,0.0,9.619579485264929e-05,0.0,0.0,True,,inf,-9.619579485264929e-05,9.619579485264929e-05,False,0.0,0.0,False,1,0,0,global,500,500,8,8,0,0,8,1,62,62.5,62.5,63,0,62,4,"sorted(block,parameter,shift,basis)"
finite_shot_conditional,2,1,0,0,1,-2.2,-1.2787240261820123,1000,9.965784284662087,28,theta_ell1_q0,0,1,0,global,0.0,30,0.0,-3.841238374185929e-05,0.0,0.0,True,,inf,3.841238374185929e-05,3.841238374185929e-05,False,0.0,0.0,False,1,0,0,global,1000,1000,8,8,0,0,8,1,125,125.0,125.0,125,0,125,0,"sorted(block,parameter,shift,basis)"
finite_shot_conditional,2,1,0,0,1,-2.2,-1.2787240261820123,1000,9.965784284662087,33,theta_ell1_q0,0,1,0,global,0.0,30,0.0,1.6191885535143946e-06,0.0,0.0,True,,inf,-1.6191885535143946e-06,1.6191885535143946e-06,False,0.0,0.0,False,1,0,0,global,1000,1000,8,8,0,0,8,1,125,125.0,125.0,125,0,125,0,"sorted(block,parameter,shift,basis)"
finite_shot_conditional,2,1,0,0,1,-2.2,-1.2787240261820123,1000,9.965784284662087,33,theta_ell1_q1,1,1,1,global,0.0,30,0.0,-3.267388404709637e-05,0.0,0.0,True,,inf,3.267388404709637e-05,3.267388404709637e-05,False,0.0,0.0,False,1,0,0,global,1000,1000,8,8,0,0,8,1,125,125.0,125.0,125,0,125,0,"sorted(block,parameter,shift,basis)"
finite_shot_conditional,2,1,0,0,1,-2.2,-1.2787240261820123,1000,9.965784284662087,39,theta_ell1_q3,3,1,3,global,0.0,30,0.0,9.493488509770831e-05,0.0,0.0,True,,inf,-9.493488509770831e-05,9.493488509770831e-05,False,0.0,0.0,False,1,0,0,global,1000,1000,8,8,0,0,8,1,125,125.0,125.0,125,0,125,0,"sorted(block,parameter,shift,basis)"
finite_shot_conditional,2,1,0,0,1,-2.2,-1.2787240261820123,2000,10.965784284662087,33,theta_ell1_q0,0,1,0,global,0.0,30,0.0,1.6191885535143946e-06,0.0,0.0,True,,inf,-1.6191885535143946e-06,1.6191885535143946e-06,False,0.0,0.0,False,1,0,0,global,2000,2000,8,8,0,0,8,1,250,250.0,250.0,250,0,250,0,"sorted(block,parameter,shift,basis)"
finite_shot_conditional,2,1,0,0,2,-1.2000000000000002,-0.6974858324629158,250,7.965784284662087,8,theta_ell2_q1,5,2,1,global,0.0,30,0.0,0.0004265314560513156,0.0,0.0,True,,inf,-0.0004265314560513156,0.0004265314560513156,False,0.0,0.0,False,1,0,0,global,250,250,16,16,0,8,8,1,15,15.625,16.0,16,0,15,10,"sorted(block,parameter,shift,basis)"
finite_shot_conditional,2,1,0,0,2,-1.2000000000000002,-0.6974858324629158,250,7.965784284662087,14,theta_ell2_q1,5,2,1,global,0.0,30,0.0,0.003594465676807823,0.0,0.0,True,,inf,-0.003594465676807823,0.003594465676807823,False,0.0,0.0,False,1,0,0,global,250,250,16,16,0,8,8,1,15,15.625,16.0,16,0,15,10,"sorted(block,parameter,shift,basis)"
finite_shot_conditional,2,1,0,0,2,-1.2000000000000002,-0.6974858324629158,250,7.965784284662087,24,theta_ell2_q3,7,2,3,global,0.0,30,0.0,-0.0007868337168044914,0.0,0.0,True,,inf,0.0007868337168044914,0.0007868337168044914,False,0.0,0.0,False,1,0,0,global,250,250,16,16,0,8,8,1,15,15.625,16.0,16,0,15,10,"sorted(block,parameter,shift,basis)"
finite_shot_conditional,2,1,0,0,2,-1.2000000000000002,-0.6974858324629158,250,7.965784284662087,37,theta_ell2_q0,4,2,0,global,0.0,30,0.0,3.814978153549031e-05,0.0,0.0,True,,inf,-3.814978153549031e-05,3.814978153549031e-05,False,0.0,0.0,False,1,0,0,global,250,250,16,16,0,8,8,1,15,15.625,16.0,16,0,15,10,"sorted(block,parameter,shift,basis)"
finite_shot_conditional,2,1,0,0,2,-1.2000000000000002,-0.6974858324629158,250,7.965784284662087,40,theta_ell2_q3,7,2,3,global,0.0,30,0.0,0.000878559319057004,0.0,0.0,True,,inf,-0.000878559319057004,0.000878559319057004,False,0.0,0.0,False,1,0,0,global,250,250,16,16,0,8,8,1,15,15.625,16.0,16,0,15,10,"sorted(block,parameter,shift,basis)"
finite_shot_conditional,2,1,0,0,2,-1.2000000000000002,-0.6974858324629158,500,8.965784284662087,8,theta_ell2_q1,5,2,1,global,0.0,30,0.0,0.0004265314560513156,0.0,0.0,True,,inf,-0.0004265314560513156,0.0004265314560513156,False,0.0,0.0,False,1,0,0,global,500,500,16,16,0,8,8,1,31,31.25,31.0,32,0,31,4,"sorted(block,parameter,shift,basis)"
finite_shot_conditional,2,1,0,0,2,-1.2000000000000002,-0.6974858324629158,500,8.965784284662087,24,theta_ell2_q3,7,2,3,global,0.0,30,0.0,-0.0007868337168044914,0.0,0.0,True,,inf,0.0007868337168044914,0.0007868337168044914,False,0.0,0.0,False,1,0,0,global,500,500,16,16,0,8,8,1,31,31.25,31.0,32,0,31,4,"sorted(block,parameter,shift,basis)"
finite_shot_conditional,2,1,0,0,2,-1.2000000000000002,-0.6974858324629158,500,8.965784284662087,28,theta_ell2_q0,4,2,0,global,0.0,30,0.0,0.00019257194283534007,0.0,0.0,True,,inf,-0.00019257194283534007,0.00019257194283534007,False,0.0,0.0,False,1,0,0,global,500,500,16,16,0,8,8,1,31,31.25,31.0,32,0,31,4,"sorted(block,parameter,shift,basis)"
finite_shot_conditional,2,1,0,0,2,-1.2000000000000002,-0.6974858324629158,500,8.965784284662087,37,theta_ell2_q0,4,2,0,global,0.0,30,0.0,3.814978153549031e-05,0.0,0.0,True,,inf,-3.814978153549031e-05,3.814978153549031e-05,False,0.0,0.0,False,1,0,0,global,500,500,16,16,0,8,8,1,31,31.25,31.0,32,0,31,4,"sorted(block,parameter,shift,basis)"
finite_shot_conditional,2,1,0,0,2,-1.2000000000000002,-0.6974858324629158,500,8.965784284662087,37,theta_ell2_q2,6,2,2,global,0.0,30,0.0,0.00011355315359212748,0.0,0.0,True,,inf,-0.00011355315359212748,0.00011355315359212748,False,0.0,0.0,False,1,0,0,global,500,500,16,16,0,8,8,1,31,31.25,31.0,32,0,31,4,"sorted(block,parameter,shift,basis)"
finite_shot_conditional,2,1,0,0,2,-1.2000000000000002,-0.6974858324629158,500,8.965784284662087,43,theta_ell2_q1,5,2,1,global,0.0,30,0.0,0.0008314628209669661,0.0,0.0,True,,inf,-0.0008314628209669661,0.0008314628209669661,False,0.0,0.0,False,1,0,0,global,500,500,16,16,0,8,8,1,31,31.25,31.0,32,0,31,4,"sorted(block,parameter,shift,basis)"
finite_shot_conditional,2,1,0,0,2,-1.2000000000000002,-0.6974858324629158,1000,9.965784284662087,37,theta_ell2_q0,4,2,0,global,0.0,30,0.0,3.814978153549031e-05,0.0,0.0,True,,inf,-3.814978153549031e-05,3.814978153549031e-05,False,0.0,0.0,False,1,0,0,global,1000,1000,16,16,0,8,8,1,62,62.5,62.5,63,0,62,8,"sorted(block,parameter,shift,basis)"
finite_shot_conditional,2,1,0,0,2,-1.2000000000000002,-0.6974858324629158,2000,10.965784284662087,37,theta_ell2_q0,4,2,0,global,0.0,30,0.0,3.814978153549031e-05,0.0,0.0,True,,inf,-3.814978153549031e-05,3.814978153549031e-05,False,0.0,0.0,False,1,0,0,global,2000,2000,16,16,0,8,8,1,125,125.0,125.0,125,0,125,0,"sorted(block,parameter,shift,basis)"
finite_shot_conditional,2,1,0,0,3,-0.20000000000000018,-0.11624763874381938,250,7.965784284662087,5,theta_ell3_q0,8,3,0,global,0.0,30,0.0,0.00011808201307833555,0.0,0.0,True,,inf,-0.00011808201307833555,0.00011808201307833555,False,0.0,0.0,False,1,0,0,global,250,250,24,24,0,16,8,1,10,10.416666666666666,10.0,11,0,10,10,"sorted(block,parameter,shift,basis)"
finite_shot_conditional,2,1,0,0,3,-0.20000000000000018,-0.11624763874381938,250,7.965784284662087,5,theta_ell3_q2,10,3,2,global,0.0,30,0.0,-0.0004362924174768912,0.0,0.0,True,,inf,0.0004362924174768912,0.0004362924174768912,False,0.0,0.0,False,1,0,0,global,250,250,24,24,0,16,8,1,10,10.416666666666666,10.0,11,0,10,10,"sorted(block,parameter,shift,basis)"
finite_shot_conditional,2,1,0,0,3,-0.20000000000000018,-0.11624763874381938,250,7.965784284662087,7,theta_ell3_q0,8,3,0,global,0.0,30,0.0,-0.00021155217033519413,0.0,0.0,True,,inf,0.00021155217033519413,0.00021155217033519413,False,0.0,0.0,False,1,0,0,global,250,250,24,24,0,16,8,1,10,10.416666666666666,10.0,11,0,10,10,"sorted(block,parameter,shift,basis)"
finite_shot_conditional,2,1,0,0,3,-0.20000000000000018,-0.11624763874381938,250,7.965784284662087,7,theta_ell3_q1,9,3,1,global,0.0,30,0.0,0.002347855698436485,0.0,0.0,True,,inf,-0.002347855698436485,0.002347855698436485,False,0.0,0.0,False,1,0,0,global,250,250,24,24,0,16,8,1,10,10.416666666666666,10.0,11,0,10,10,"sorted(block,parameter,shift,basis)"
finite_shot_conditional,2,1,0,0,3,-0.20000000000000018,-0.11624763874381938,250,7.965784284662087,7,theta_ell3_q3,11,3,3,global,0.0,30,0.0,0.0015247194330264557,0.0,0.0,True,,inf,-0.0015247194330264557,0.0015247194330264557,False,0.0,0.0,False,1,0,0,global,250,250,24,24,0,16,8,1,10,10.416666666666666,10.0,11,0,10,10,"sorted(block,parameter,shift,basis)"
finite_shot_conditional,2,1,0,0,3,-0.20000000000000018,-0.11624763874381938,250,7.965784284662087,9,theta_ell3_q1,9,3,1,global,0.0,30,0.0,-0.00011904538819129673,0.0,0.0,True,,inf,0.00011904538819129673,0.00011904538819129673,False,0.0,0.0,False,1,0,0,global,250,250,24,24,0,16,8,1,10,10.416666666666666,10.0,11,0,10,10,"sorted(block,parameter,shift,basis)"
finite_shot_conditional,2,1,0,0,3,-0.20000000000000018,-0.11624763874381938,250,7.965784284662087,9,theta_ell3_q2,10,3,2,global,0.0,30,0.0,-0.0002657997627720232,0.0,0.0,True,,inf,0.0002657997627720232,0.0002657997627720232,False,0.0,0.0,False,1,0,0,global,250,250,24,24,0,16,8,1,10,10.416666666666666,10.0,11,0,10,10,"sorted(block,parameter,shift,basis)"
finite_shot_conditional,2,1,0,0,3,-0.20000000000000018,-0.11624763874381938,250,7.965784284662087,16,theta_ell3_q0,8,3,0,global,0.0,30,0.0,-0.0012066518126841452,0.0,0.0,True,,inf,0.0012066518126841452,0.0012066518126841452,False,0.0,0.0,False,1,0,0,global,250,250,24,24,0,16,8,1,10,10.416666666666666,10.0,11,0,10,10,"sorted(block,parameter,shift,basis)"
finite_shot_conditional,2,1,0,0,3,-0.20000000000000018,-0.11624763874381938,250,7.965784284662087,24,theta_ell3_q1,9,3,1,global,0.0,30,0.0,-0.0008024419832692864,0.0,0.0,True,,inf,0.0008024419832692864,0.0008024419832692864,False,0.0,0.0,False,1,0,0,global,250,250,24,24,0,16,8,1,10,10.416666666666666,10.0,11,0,10,10,"sorted(block,parameter,shift,basis)"
finite_shot_conditional,2,1,0,0,3,-0.20000000000000018,-0.11624763874381938,250,7.965784284662087,24,theta_ell3_q2,10,3,2,global,0.0,30,0.0,5.174803218355173e-05,0.0,0.0,True,,inf,-5.174803218355173e-05,5.174803218355173e-05,False,0.0,0.0,False,1,0,0,global,250,250,24,24,0,16,8,1,10,10.416666666666666,10.0,11,0,10,10,"sorted(block,parameter,shift,basis)"
finite_shot_conditional,2,1,0,0,3,-0.20000000000000018,-0.11624763874381938,250,7.965784284662087,28,theta_ell3_q3,11,3,3,global,0.0,30,0.0,0.0006489331867358672,0.0,0.0,True,,inf,-0.0006489331867358672,0.0006489331867358672,False,0.0,0.0,False,1,0,0,global,250,250,24,24,0,16,8,1,10,10.416666666666666,10.0,11,0,10,10,"sorted(block,parameter,shift,basis)"
finite_shot_conditional,2,1,0,0,3,-0.20000000000000018,-0.11624763874381938,250,7.965784284662087,35,theta_ell3_q1,9,3,1,global,0.0,30,0.0,5.1073062743656195e-05,0.0,0.0,True,,inf,-5.1073062743656195e-05,5.1073062743656195e-05,False,0.0,0.0,False,1,0,0,global,250,250,24,24,0,16,8,1,10,10.416666666666666,10.0,11,0,10,10,"sorted(block,parameter,shift,basis)"
finite_shot_conditional,2,1,0,0,3,-0.20000000000000018,-0.11624763874381938,500,8.965784284662087,5,theta_ell3_q0,8,3,0,global,0.0,30,0.0,0.00011808201307833555,0.0,0.0,True,,inf,-0.00011808201307833555,0.00011808201307833555,False,0.0,0.0,False,1,0,0,global,500,500,24,24,0,16,8,1,20,20.833333333333332,21.0,21,0,20,20,"sorted(block,parameter,shift,basis)"
finite_shot_conditional,2,1,0,0,3,-0.20000000000000018,-0.11624763874381938,500,8.965784284662087,5,theta_ell3_q2,10,3,2,global,0.0,30,0.0,-0.0004362924174768912,0.0,0.0,True,,inf,0.0004362924174768912,0.0004362924174768912,False,0.0,0.0,False,1,0,0,global,500,500,24,24,0,16,8,1,20,20.833333333333332,21.0,21,0,20,20,"sorted(block,parameter,shift,basis)"
finite_shot_conditional,2,1,0,0,3,-0.20000000000000018,-0.11624763874381938,500,8.965784284662087,7,theta_ell3_q3,11,3,3,global,0.0,30,0.0,0.0015247194330264557,0.0,0.0,True,,inf,-0.0015247194330264557,0.0015247194330264557,False,0.0,0.0,False,1,0,0,global,500,500,24,24,0,16,8,1,20,20.833333333333332,21.0,21,0,20,20,"sorted(block,parameter,shift,basis)"
finite_shot_conditional,2,1,0,0,3,-0.20000000000000018,-0.11624763874381938,500,8.965784284662087,9,theta_ell3_q1,9,3,1,global,0.0,30,0.0,-0.00011904538819129673,0.0,0.0,True,,inf,0.00011904538819129673,0.00011904538819129673,False,0.0,0.0,False,1,0,0,global,500,500,24,24,0,16,8,1,20,20.833333333333332,21.0,21,0,20,20,"sorted(block,parameter,shift,basis)"
finite_shot_conditional,2,1,0,0,3,-0.20000000000000018,-0.11624763874381938,500,8.965784284662087,16,theta_ell3_q0,8,3,0,global,0.0,30,0.0,-0.0012066518126841452,0.0,0.0,True,,inf,0.0012066518126841452,0.0012066518126841452,False,0.0,0.0,False,1,0,0,global,500,500,24,24,0,16,8,1,20,20.833333333333332,21.0,21,0,20,20,"sorted(block,parameter,shift,basis)"
finite_shot_conditional,2,1,0,0,3,-0.20000000000000018,-0.11624763874381938,500,8.965784284662087,24,theta_ell3_q2,10,3,2,global,0.0,30,0.0,5.174803218355173e-05,0.0,0.0,True,,inf,-5.174803218355173e-05,5.174803218355173e-05,False,0.0,0.0,False,1,0,0,global,500,500,24,24,0,16,8,1,20,20.833333333333332,21.0,21,0,20,20,"sorted(block,parameter,shift,basis)"
finite_shot_conditional,2,1,0,0,3,-0.20000000000000018,-0.11624763874381938,500,8.965784284662087,24,theta_ell3_q3,11,3,3,global,0.0,30,0.0,-0.00012161762461215808,0.0,0.0,True,,inf,0.00012161762461215808,0.00012161762461215808,False,0.0,0.0,False,1,0,0,global,500,500,24,24,0,16,8,1,20,20.833333333333332,21.0,21,0,20,20,"sorted(block,parameter,shift,basis)"
finite_shot_conditional,2,1,0,0,3,-0.20000000000000018,-0.11624763874381938,500,8.965784284662087,28,theta_ell3_q1,9,3,1,global,0.0,30,0.0,-0.00027770428634027455,0.0,0.0,True,,inf,0.00027770428634027455,0.00027770428634027455,False,0.0,0.0,False,1,0,0,global,500,500,24,24,0,16,8,1,20,20.833333333333332,21.0,21,0,20,20,"sorted(block,parameter,shift,basis)"
finite_shot_conditional,2,1,0,0,3,-0.20000000000000018,-0.11624763874381938,500,8.965784284662087,35,theta_ell3_q1,9,3,1,global,0.0,30,0.0,5.1073062743656195e-05,0.0,0.0,True,,inf,-5.1073062743656195e-05,5.1073062743656195e-05,False,0.0,0.0,False,1,0,0,global,500,500,24,24,0,16,8,1,20,20.833333333333332,21.0,21,0,20,20,"sorted(block,parameter,shift,basis)"
finite_shot_conditional,2,1,0,0,3,-0.20000000000000018,-0.11624763874381938,1000,9.965784284662087,9,theta_ell3_q1,9,3,1,global,0.0,30,0.0,-0.00011904538819129673,0.0,0.0,True,,inf,0.00011904538819129673,0.00011904538819129673,False,0.0,0.0,False,1,0,0,global,1000,1000,24,24,0,16,8,1,41,41.666666666666664,42.0,42,0,41,16,"sorted(block,parameter,shift,basis)"
finite_shot_conditional,2,1,0,0,3,-0.20000000000000018,-0.11624763874381938,1000,9.965784284662087,24,theta_ell3_q2,10,3,2,global,0.0,30,0.0,5.174803218355173e-05,0.0,0.0,True,,inf,-5.174803218355173e-05,5.174803218355173e-05,False,0.0,0.0,False,1,0,0,global,1000,1000,24,24,0,16,8,1,41,41.666666666666664,42.0,42,0,41,16,"sorted(block,parameter,shift,basis)"
finite_shot_conditional,2,1,0,0,3,-0.20000000000000018,-0.11624763874381938,1000,9.965784284662087,24,theta_ell3_q3,11,3,3,global,0.0,30,0.0,-0.00012161762461215808,0.0,0.0,True,,inf,0.00012161762461215808,0.00012161762461215808,False,0.0,0.0,False,1,0,0,global,1000,1000,24,24,0,16,8,1,41,41.666666666666664,42.0,42,0,41,16,"sorted(block,parameter,shift,basis)"
finite_shot_conditional,2,1,0,0,3,-0.20000000000000018,-0.11624763874381938,1000,9.965784284662087,28,theta_ell3_q1,9,3,1,global,0.0,30,0.0,-0.00027770428634027455,0.0,0.0,True,,inf,0.00027770428634027455,0.00027770428634027455,False,0.0,0.0,False,1,0,0,global,1000,1000,24,24,0,16,8,1,41,41.666666666666664,42.0,42,0,41,16,"sorted(block,parameter,shift,basis)"
finite_shot_conditional,2,1,0,0,3,-0.20000000000000018,-0.11624763874381938,1000,9.965784284662087,35,theta_ell3_q3,11,3,3,global,0.0,30,0.0,5.8442743179565326e-05,0.0,0.0,True,,inf,-5.8442743179565326e-05,5.8442743179565326e-05,False,0.0,0.0,False,1,0,0,global,1000,1000,24,24,0,16,8,1,41,41.666666666666664,42.0,42,0,41,16,"sorted(block,parameter,shift,basis)"
finite_shot_conditional,2,1,0,0,3,-0.20000000000000018,-0.11624763874381938,2000,10.965784284662087,24,theta_ell3_q2,10,3,2,global,0.0,30,0.0,5.174803218355173e-05,0.0,0.0,True,,inf,-5.174803218355173e-05,5.174803218355173e-05,False,0.0,0.0,False,1,0,0,global,2000,2000,24,24,0,16,8,1,83,83.33333333333333,83.0,84,0,83,8,"sorted(block,parameter,shift,basis)"
finite_shot_conditional,2,1,0,0,4,0.7999999999999998,0.464990554975277,250,7.965784284662087,6,theta_ell4_q0,12,4,0,global,0.0,30,0.0,0.0038045853351192926,0.0,0.0,True,,inf,-0.0038045853351192926,0.0038045853351192926,False,0.0,0.0,False,1,0,0,global,250,250,32,32,0,24,8,1,7,7.8125,8.0,8,0,7,26,"sorted(block,parameter,shift,basis)"
finite_shot_conditional,2,1,0,0,4,0.7999999999999998,0.464990554975277,250,7.965784284662087,7,theta_ell4_q0,12,4,0,global,0.0,30,0.0,-0.0001331933428815879,0.0,0.0,True,,inf,0.0001331933428815879,0.0001331933428815879,False,0.0,0.0,False,1,0,0,global,250,250,32,32,0,24,8,1,7,7.8125,8.0,8,0,7,26,"sorted(block,parameter,shift,basis)"
finite_shot_conditional,2,1,0,0,4,0.7999999999999998,0.464990554975277,250,7.965784284662087,7,theta_ell4_q2,14,4,2,global,0.0,30,0.0,-1.9127760355341916e-05,0.0,0.0,True,,inf,1.9127760355341916e-05,1.9127760355341916e-05,False,0.0,0.0,False,1,0,0,global,250,250,32,32,0,24,8,1,7,7.8125,8.0,8,0,7,26,"sorted(block,parameter,shift,basis)"
finite_shot_conditional,2,1,0,0,4,0.7999999999999998,0.464990554975277,250,7.965784284662087,7,theta_ell4_q3,15,4,3,global,0.0,30,0.0,-0.0002069726989566978,0.0,0.0,True,,inf,0.0002069726989566978,0.0002069726989566978,False,0.0,0.0,False,1,0,0,global,250,250,32,32,0,24,8,1,7,7.8125,8.0,8,0,7,26,"sorted(block,parameter,shift,basis)"
finite_shot_conditional,2,1,0,0,4,0.7999999999999998,0.464990554975277,250,7.965784284662087,8,theta_ell4_q1,13,4,1,global,0.0,30,0.0,-0.0002932900362315749,0.0,0.0,True,,inf,0.0002932900362315749,0.0002932900362315749,False,0.0,0.0,False,1,0,0,global,250,250,32,32,0,24,8,1,7,7.8125,8.0,8,0,7,26,"sorted(block,parameter,shift,basis)"
finite_shot_conditional,2,1,0,0,4,0.7999999999999998,0.464990554975277,250,7.965784284662087,10,theta_ell4_q1,13,4,1,global,0.0,30,0.0,0.0012256895488171882,0.0,0.0,True,,inf,-0.0012256895488171882,0.0012256895488171882,False,0.0,0.0,False,1,0,0,global,250,250,32,32,0,24,8,1,7,7.8125,8.0,8,0,7,26,"sorted(block,parameter,shift,basis)"
finite_shot_conditional,2,1,0,0,4,0.7999999999999998,0.464990554975277,250,7.965784284662087,16,theta_ell4_q3,15,4,3,global,0.0,30,0.0,0.0010005243895657712,0.0,0.0,True,,inf,-0.0010005243895657712,0.0010005243895657712,False,0.0,0.0,False,1,0,0,global,250,250,32,32,0,24,8,1,7,7.8125,8.0,8,0,7,26,"sorted(block,parameter,shift,basis)"
finite_shot_conditional,2,1,0,0,4,0.7999999999999998,0.464990554975277,250,7.965784284662087,18,theta_ell4_q1,13,4,1,global,0.0,30,0.0,-5.336852060372488e-05,0.0,0.0,True,,inf,5.336852060372488e-05,5.336852060372488e-05,False,0.0,0.0,False,1,0,0,global,250,250,32,32,0,24,8,1,7,7.8125,8.0,8,0,7,26,"sorted(block,parameter,shift,basis)"
finite_shot_conditional,2,1,0,0,4,0.7999999999999998,0.464990554975277,250,7.965784284662087,22,theta_ell4_q1,13,4,1,global,0.0,30,0.0,-0.003826553087504958,0.0,0.0,True,,inf,0.003826553087504958,0.003826553087504958,False,0.0,0.0,False,1,0,0,global,250,250,32,32,0,24,8,1,7,7.8125,8.0,8,0,7,26,"sorted(block,parameter,shift,basis)"
finite_shot_conditional,2,1,0,0,4,0.7999999999999998,0.464990554975277,250,7.965784284662087,29,theta_ell4_q0,12,4,0,global,0.0,30,0.0,-0.0010755730775006134,0.0,0.0,True,,inf,0.0010755730775006134,0.0010755730775006134,False,0.0,0.0,False,1,0,0,global,250,250,32,32,0,24,8,1,7,7.8125,8.0,8,0,7,26,"sorted(block,parameter,shift,basis)"
finite_shot_conditional,2,1,0,0,4,0.7999999999999998,0.464990554975277,250,7.965784284662087,29,theta_ell4_q1,13,4,1,global,0.0,30,0.0,-0.003398354970799322,0.0,0.0,True,,inf,0.003398354970799322,0.003398354970799322,False,0.0,0.0,False,1,0,0,global,250,250,32,32,0,24,8,1,7,7.8125,8.0,8,0,7,26,"sorted(block,parameter,shift,basis)"
finite_shot_conditional,2,1,0,0,4,0.7999999999999998,0.464990554975277,250,7.965784284662087,30,theta_ell4_q2,14,4,2,global,0.0,30,0.0,-0.002949100368778712,0.0,0.0,True,,inf,0.002949100368778712,0.002949100368778712,False,0.0,0.0,False,1,0,0,global,250,250,32,32,0,24,8,1,7,7.8125,8.0,8,0,7,26,"sorted(block,parameter,shift,basis)"
finite_shot_conditional,2,1,0,0,4,0.7999999999999998,0.464990554975277,250,7.965784284662087,32,theta_ell4_q0,12,4,0,global,0.0,30,0.0,5.600212130729698e-05,0.0,0.0,True,,inf,-5.600212130729698e-05,5.600212130729698e-05,False,0.0,0.0,False,1,0,0,global,250,250,32,32,0,24,8,1,7,7.8125,8.0,8,0,7,26,"sorted(block,parameter,shift,basis)"
finite_shot_conditional,2,1,0,0,4,0.7999999999999998,0.464990554975277,250,7.965784284662087,32,theta_ell4_q3,15,4,3,global,0.0,30,0.0,-3.354765971902429e-05,0.0,0.0,True,,inf,3.354765971902429e-05,3.354765971902429e-05,False,0.0,0.0,False,1,0,0,global,250,250,32,32,0,24,8,1,7,7.8125,8.0,8,0,7,26,"sorted(block,parameter,shift,basis)"
finite_shot_conditional,2,1,0,0,4,0.7999999999999998,0.464990554975277,250,7.965784284662087,35,theta_ell4_q1,13,4,1,global,0.0,30,0.0,0.0014317847193253685,0.0,0.0,True,,inf,-0.0014317847193253685,0.0014317847193253685,False,0.0,0.0,False,1,0,0,global,250,250,32,32,0,24,8,1,7,7.8125,8.0,8,0,7,26,"sorted(block,parameter,shift,basis)"
finite_shot_conditional,2,1,0,0,4,0.7999999999999998,0.464990554975277,250,7.965784284662087,35,theta_ell4_q2,14,4,2,global,0.0,30,0.0,0.0006984992439909576,0.0,0.0,True,,inf,-0.0006984992439909576,0.0006984992439909576,False,0.0,0.0,False,1,0,0,global,250,250,32,32,0,24,8,1,7,7.8125,8.0,8,0,7,26,"sorted(block,parameter,shift,basis)"
finite_shot_conditional,2,1,0,0,4,0.7999999999999998,0.464990554975277,250,7.965784284662087,40,theta_ell4_q0,12,4,0,global,0.0,30,0.0,0.003961966175987486,0.0,0.0,True,,inf,-0.003961966175987486,0.003961966175987486,False,0.0,0.0,False,1,0,0,global,250,250,32,32,0,24,8,1,7,7.8125,8.0,8,0,7,26,"sorted(block,parameter,shift,basis)"
finite_shot_conditional,2,1,0,0,4,0.7999999999999998,0.464990554975277,250,7.965784284662087,41,theta_ell4_q0,12,4,0,global,0.0,30,0.0,0.00035576722742491906,0.0,0.0,True,,inf,-0.00035576722742491906,0.00035576722742491906,False,0.0,0.0,False,1,0,0,global,250,250,32,32,0,24,8,1,7,7.8125,8.0,8,0,7,26,"sorted(block,parameter,shift,basis)"
finite_shot_conditional,2,1,0,0,4,0.7999999999999998,0.464990554975277,250,7.965784284662087,41,theta_ell4_q2,14,4,2,global,0.0,30,0.0,-0.0005898271213178874,0.0,0.0,True,,inf,0.0005898271213178874,0.0005898271213178874,False,0.0,0.0,False,1,0,0,global,250,250,32,32,0,24,8,1,7,7.8125,8.0,8,0,7,26,"sorted(block,parameter,shift,basis)"
finite_shot_conditional,2,1,0,0,4,0.7999999999999998,0.464990554975277,250,7.965784284662087,41,theta_ell4_q3,15,4,3,global,0.0,30,0.0,0.0010274877794203552,0.0,0.0,True,,inf,-0.0010274877794203552,0.0010274877794203552,False,0.0,0.0,False,1,0,0,global,250,250,32,32,0,24,8,1,7,7.8125,8.0,8,0,7,26,"sorted(block,parameter,shift,basis)"
finite_shot_conditional,2,1,0,0,4,0.7999999999999998,0.464990554975277,250,7.965784284662087,42,theta_ell4_q0,12,4,0,global,0.0,30,0.0,-0.0024727534673271157,0.0,0.0,True,,inf,0.0024727534673271157,0.0024727534673271157,False,0.0,0.0,False,1,0,0,global,250,250,32,32,0,24,8,1,7,7.8125,8.0,8,0,7,26,"sorted(block,parameter,shift,basis)"
finite_shot_conditional,2,1,0,0,4,0.7999999999999998,0.464990554975277,250,7.965784284662087,42,theta_ell4_q1,13,4,1,global,0.0,30,0.0,0.0006084448517468255,0.0,0.0,True,,inf,-0.0006084448517468255,0.0006084448517468255,False,0.0,0.0,False,1,0,0,global,250,250,32,32,0,24,8,1,7,7.8125,8.0,8,0,7,26,"sorted(block,parameter,shift,basis)"
finite_shot_conditional,2,1,0,0,4,0.7999999999999998,0.464990554975277,250,7.965784284662087,44,theta_ell4_q2,14,4,2,global,0.0,30,0.0,0.00015398884856138162,0.0,0.0,True,,inf,-0.00015398884856138162,0.00015398884856138162,False,0.0,0.0,False,1,0,0,global,250,250,32,32,0,24,8,1,7,7.8125,8.0,8,0,7,26,"sorted(block,parameter,shift,basis)"
finite_shot_conditional,2,1,0,0,4,0.7999999999999998,0.464990554975277,250,7.965784284662087,44,theta_ell4_q3,15,4,3,global,0.0,30,0.0,-0.0008218085302018618,0.0,0.0,True,,inf,0.0008218085302018618,0.0008218085302018618,False,0.0,0.0,False,1,0,0,global,250,250,32,32,0,24,8,1,7,7.8125,8.0,8,0,7,26,"sorted(block,parameter,shift,basis)"
finite_shot_conditional,2,1,0,0,4,0.7999999999999998,0.464990554975277,250,7.965784284662087,45,theta_ell4_q2,14,4,2,global,0.0,30,0.0,-0.0009201719717145673,0.0,0.0,True,,inf,0.0009201719717145673,0.0009201719717145673,False,0.0,0.0,False,1,0,0,global,250,250,32,32,0,24,8,1,7,7.8125,8.0,8,0,7,26,"sorted(block,parameter,shift,basis)"
finite_shot_conditional,2,1,0,0,4,0.7999999999999998,0.464990554975277,250,7.965784284662087,45,theta_ell4_q3,15,4,3,global,0.0,30,0.0,0.0005558533238657071,0.0,0.0,True,,inf,-0.0005558533238657071,0.0005558533238657071,False,0.0,0.0,False,1,0,0,global,250,250,32,32,0,24,8,1,7,7.8125,8.0,8,0,7,26,"sorted(block,parameter,shift,basis)"
finite_shot_conditional,2,1,0,0,4,0.7999999999999998,0.464990554975277,250,7.965784284662087,47,theta_ell4_q1,13,4,1,global,0.0,30,0.0,0.000288328652102543,0.0,0.0,True,,inf,-0.000288328652102543,0.000288328652102543,False,0.0,0.0,False,1,0,0,global,250,250,32,32,0,24,8,1,7,7.8125,8.0,8,0,7,26,"sorted(block,parameter,shift,basis)"
finite_shot_conditional,2,1,0,0,4,0.7999999999999998,0.464990554975277,250,7.965784284662087,47,theta_ell4_q3,15,4,3,global,0.0,30,0.0,-0.0005061213950156018,0.0,0.0,True,,inf,0.0005061213950156018,0.0005061213950156018,False,0.0,0.0,False,1,0,0,global,250,250,32,32,0,24,8,1,7,7.8125,8.0,8,0,7,26,"sorted(block,parameter,shift,basis)"
finite_shot_conditional,2,1,0,0,4,0.7999999999999998,0.464990554975277,500,8.965784284662087,7,theta_ell4_q2,14,4,2,global,0.0,30,0.0,-1.9127760355341916e-05,0.0,0.0,True,,inf,1.9127760355341916e-05,1.9127760355341916e-05,False,0.0,0.0,False,1,0,0,global,500,500,32,32,0,24,8,1,15,15.625,16.0,16,0,15,20,"sorted(block,parameter,shift,basis)"
finite_shot_conditional,2,1,0,0,4,0.7999999999999998,0.464990554975277,500,8.965784284662087,7,theta_ell4_q3,15,4,3,global,0.0,30,0.0,-0.0002069726989566978,0.0,0.0,True,,inf,0.0002069726989566978,0.0002069726989566978,False,0.0,0.0,False,1,0,0,global,500,500,32,32,0,24,8,1,15,15.625,16.0,16,0,15,20,"sorted(block,parameter,shift,basis)"
finite_shot_conditional,2,1,0,0,4,0.7999999999999998,0.464990554975277,500,8.965784284662087,8,theta_ell4_q1,13,4,1,global,0.0,30,0.0,-0.0002932900362315749,0.0,0.0,True,,inf,0.0002932900362315749,0.0002932900362315749,False,0.0,0.0,False,1,0,0,global,500,500,32,32,0,24,8,1,15,15.625,16.0,16,0,15,20,"sorted(block,parameter,shift,basis)"
finite_shot_conditional,2,1,0,0,4,0.7999999999999998,0.464990554975277,500,8.965784284662087,18,theta_ell4_q1,13,4,1,global,0.0,30,0.0,-5.336852060372488e-05,0.0,0.0,True,,inf,5.336852060372488e-05,5.336852060372488e-05,False,0.0,0.0,False,1,0,0,global,500,500,32,32,0,24,8,1,15,15.625,16.0,16,0,15,20,"sorted(block,parameter,shift,basis)"
finite_shot_conditional,2,1,0,0,4,0.7999999999999998,0.464990554975277,500,8.965784284662087,32,theta_ell4_q0,12,4,0,global,0.0,30,0.0,5.600212130729698e-05,0.0,0.0,True,,inf,-5.600212130729698e-05,5.600212130729698e-05,False,0.0,0.0,False,1,0,0,global,500,500,32,32,0,24,8,1,15,15.625,16.0,16,0,15,20,"sorted(block,parameter,shift,basis)"
finite_shot_conditional,2,1,0,0,4,0.7999999999999998,0.464990554975277,500,8.965784284662087,32,theta_ell4_q3,15,4,3,global,0.0,30,0.0,-3.354765971902429e-05,0.0,0.0,True,,inf,3.354765971902429e-05,3.354765971902429e-05,False,0.0,0.0,False,1,0,0,global,500,500,32,32,0,24,8,1,15,15.625,16.0,16,0,15,20,"sorted(block,parameter,shift,basis)"
finite_shot_conditional,2,1,0,0,4,0.7999999999999998,0.464990554975277,500,8.965784284662087,35,theta_ell4_q2,14,4,2,global,0.0,30,0.0,0.0006984992439909576,0.0,0.0,True,,inf,-0.0006984992439909576,0.0006984992439909576,False,0.0,0.0,False,1,0,0,global,500,500,32,32,0,24,8,1,15,15.625,16.0,16,0,15,20,"sorted(block,parameter,shift,basis)"
finite_shot_conditional,2,1,0,0,4,0.7999999999999998,0.464990554975277,500,8.965784284662087,41,theta_ell4_q0,12,4,0,global,0.0,30,0.0,0.00035576722742491906,0.0,0.0,True,,inf,-0.00035576722742491906,0.00035576722742491906,False,0.0,0.0,False,1,0,0,global,500,500,32,32,0,24,8,1,15,15.625,16.0,16,0,15,20,"sorted(block,parameter,shift,basis)"
finite_shot_conditional,2,1,0,0,4,0.7999999999999998,0.464990554975277,500,8.965784284662087,41,theta_ell4_q2,14,4,2,global,0.0,30,0.0,-0.0005898271213178874,0.0,0.0,True,,inf,0.0005898271213178874,0.0005898271213178874,False,0.0,0.0,False,1,0,0,global,500,500,32,32,0,24,8,1,15,15.625,16.0,16,0,15,20,"sorted(block,parameter,shift,basis)"
finite_shot_conditional,2,1,0,0,4,0.7999999999999998,0.464990554975277,500,8.965784284662087,42,theta_ell4_q1,13,4,1,global,0.0,30,0.0,0.0006084448517468255,0.0,0.0,True,,inf,-0.0006084448517468255,0.0006084448517468255,False,0.0,0.0,False,1,0,0,global,500,500,32,32,0,24,8,1,15,15.625,16.0,16,0,15,20,"sorted(block,parameter,shift,basis)"
finite_shot_conditional,2,1,0,0,4,0.7999999999999998,0.464990554975277,500,8.965784284662087,44,theta_ell4_q2,14,4,2,global,0.0,30,0.0,0.00015398884856138162,0.0,0.0,True,,inf,-0.00015398884856138162,0.00015398884856138162,False,0.0,0.0,False,1,0,0,global,500,500,32,32,0,24,8,1,15,15.625,16.0,16,0,15,20,"sorted(block,parameter,shift,basis)"
finite_shot_conditional,2,1,0,0,4,0.7999999999999998,0.464990554975277,500,8.965784284662087,45,theta_ell4_q3,15,4,3,global,0.0,30,0.0,0.0005558533238657071,0.0,0.0,True,,inf,-0.0005558533238657071,0.0005558533238657071,False,0.0,0.0,False,1,0,0,global,500,500,32,32,0,24,8,1,15,15.625,16.0,16,0,15,20,"sorted(block,parameter,shift,basis)"
finite_shot_conditional,2,1,0,0,4,0.7999999999999998,0.464990554975277,1000,9.965784284662087,7,theta_ell4_q2,14,4,2,global,0.0,30,0.0,-1.9127760355341916e-05,0.0,0.0,True,,inf,1.9127760355341916e-05,1.9127760355341916e-05,False,0.0,0.0,False,1,0,0,global,1000,1000,32,32,0,24,8,1,31,31.25,31.0,32,0,31,8,"sorted(block,parameter,shift,basis)"
finite_shot_conditional,2,1,0,0,4,0.7999999999999998,0.464990554975277,1000,9.965784284662087,32,theta_ell4_q0,12,4,0,global,0.0,30,0.0,5.600212130729698e-05,0.0,0.0,True,,inf,-5.600212130729698e-05,5.600212130729698e-05,False,0.0,0.0,False,1,0,0,global,1000,1000,32,32,0,24,8,1,31,31.25,31.0,32,0,31,8,"sorted(block,parameter,shift,basis)"
finite_shot_conditional,2,1,0,0,4,0.7999999999999998,0.464990554975277,1000,9.965784284662087,32,theta_ell4_q3,15,4,3,global,0.0,30,0.0,-3.354765971902429e-05,0.0,0.0,True,,inf,3.354765971902429e-05,3.354765971902429e-05,False,0.0,0.0,False,1,0,0,global,1000,1000,32,32,0,24,8,1,31,31.25,31.0,32,0,31,8,"sorted(block,parameter,shift,basis)"
finite_shot_conditional,2,1,0,0,4,0.7999999999999998,0.464990554975277,1000,9.965784284662087,34,theta_ell4_q1,13,4,1,global,0.0,30,0.0,0.00024237634497431548,0.0,0.0,True,,inf,-0.00024237634497431548,0.00024237634497431548,False,0.0,0.0,False,1,0,0,global,1000,1000,32,32,0,24,8,1,31,31.25,31.0,32,0,31,8,"sorted(block,parameter,shift,basis)"
finite_shot_conditional,2,1,0,0,4,0.7999999999999998,0.464990554975277,1000,9.965784284662087,41,theta_ell4_q0,12,4,0,global,0.0,30,0.0,0.00035576722742491906,0.0,0.0,True,,inf,-0.00035576722742491906,0.00035576722742491906,False,0.0,0.0,False,1,0,0,global,1000,1000,32,32,0,24,8,1,31,31.25,31.0,32,0,31,8,"sorted(block,parameter,shift,basis)"
finite_shot_conditional,2,1,0,0,4,0.7999999999999998,0.464990554975277,1000,9.965784284662087,44,theta_ell4_q2,14,4,2,global,0.0,30,0.0,0.00015398884856138162,0.0,0.0,True,,inf,-0.00015398884856138162,0.00015398884856138162,False,0.0,0.0,False,1,0,0,global,1000,1000,32,32,0,24,8,1,31,31.25,31.0,32,0,31,8,"sorted(block,parameter,shift,basis)"
finite_shot_conditional,2,1,0,0,4,0.7999999999999998,0.464990554975277,1000,9.965784284662087,47,theta_ell4_q1,13,4,1,global,0.0,30,0.0,0.000288328652102543,0.0,0.0,True,,inf,-0.000288328652102543,0.000288328652102543,False,0.0,0.0,False,1,0,0,global,1000,1000,32,32,0,24,8,1,31,31.25,31.0,32,0,31,8,"sorted(block,parameter,shift,basis)"
finite_shot_conditional,2,1,0,0,4,0.7999999999999998,0.464990554975277,2000,10.965784284662087,18,theta_ell4_q1,13,4,1,global,0.0,30,0.0,-5.336852060372488e-05,0.0,0.0,True,,inf,5.336852060372488e-05,5.336852060372488e-05,False,0.0,0.0,False,1,0,0,global,2000,2000,32,32,0,24,8,1,62,62.5,62.5,63,0,62,16,"sorted(block,parameter,shift,basis)"
finite_shot_conditional,2,1,0,0,4,0.7999999999999998,0.464990554975277,2000,10.965784284662087,32,theta_ell4_q3,15,4,3,global,0.0,30,0.0,-3.354765971902429e-05,0.0,0.0,True,,inf,3.354765971902429e-05,3.354765971902429e-05,False,0.0,0.0,False,1,0,0,global,2000,2000,32,32,0,24,8,1,62,62.5,62.5,63,0,62,16,"sorted(block,parameter,shift,basis)"
finite_shot_conditional,2,1,0,0,4,0.7999999999999998,0.464990554975277,2000,10.965784284662087,35,theta_ell4_q2,14,4,2,global,0.0,30,0.0,0.0006984992439909576,0.0,0.0,True,,inf,-0.0006984992439909576,0.0006984992439909576,False,0.0,0.0,False,1,0,0,global,2000,2000,32,32,0,24,8,1,62,62.5,62.5,63,0,62,16,"sorted(block,parameter,shift,basis)"
finite_shot_conditional,2,1,0,0,4,0.7999999999999998,0.464990554975277,2000,10.965784284662087,44,theta_ell4_q2,14,4,2,global,0.0,30,0.0,0.00015398884856138162,0.0,0.0,True,,inf,-0.00015398884856138162,0.00015398884856138162,False,0.0,0.0,False,1,0,0,global,2000,2000,32,32,0,24,8,1,62,62.5,62.5,63,0,62,16,"sorted(block,parameter,shift,basis)"
finite_shot_conditional,2,1,0,0,4,0.7999999999999998,0.464990554975277,2000,10.965784284662087,47,theta_ell4_q3,15,4,3,global,0.0,30,0.0,-0.0005061213950156018,0.0,0.0,True,,inf,0.0005061213950156018,0.0005061213950156018,False,0.0,0.0,False,1,0,0,global,2000,2000,32,32,0,24,8,1,62,62.5,62.5,63,0,62,16,"sorted(block,parameter,shift,basis)"
finite_shot_conditional,2,1,0,0,6,2.8,1.6274669424134698,250,7.965784284662087,3,theta_ell6_q0,20,6,0,global,0.0,30,0.0,0.001422816468696908,0.0,0.0,True,,inf,-0.001422816468696908,0.001422816468696908,False,0.0,0.0,False,1,0,0,global,250,250,48,48,0,40,8,1,5,5.208333333333333,5.0,6,0,5,10,"sorted(block,parameter,shift,basis)"
finite_shot_conditional,2,1,0,0,6,2.8,1.6274669424134698,250,7.965784284662087,4,theta_ell6_q1,21,6,1,global,0.0,30,0.0,0.004635099020289413,0.0,0.0,True,,inf,-0.004635099020289413,0.004635099020289413,False,0.0,0.0,False,1,0,0,global,250,250,48,48,0,40,8,1,5,5.208333333333333,5.0,6,0,5,10,"sorted(block,parameter,shift,basis)"
finite_shot_conditional,2,1,0,0,6,2.8,1.6274669424134698,250,7.965784284662087,10,theta_ell6_q0,20,6,0,global,0.0,30,0.0,0.001484358594463664,0.0,0.0,True,,inf,-0.001484358594463664,0.001484358594463664,False,0.0,0.0,False,1,0,0,global,250,250,48,48,0,40,8,1,5,5.208333333333333,5.0,6,0,5,10,"sorted(block,parameter,shift,basis)"
finite_shot_conditional,2,1,0,0,6,2.8,1.6274669424134698,250,7.965784284662087,11,theta_ell6_q0,20,6,0,global,0.0,30,0.0,0.004428819845859189,0.0,0.0,True,,inf,-0.004428819845859189,0.004428819845859189,False,0.0,0.0,False,1,0,0,global,250,250,48,48,0,40,8,1,5,5.208333333333333,5.0,6,0,5,10,"sorted(block,parameter,shift,basis)"
finite_shot_conditional,2,1,0,0,6,2.8,1.6274669424134698,250,7.965784284662087,11,theta_ell6_q3,23,6,3,global,0.0,30,0.0,-0.0021424204986800754,0.0,0.0,True,,inf,0.0021424204986800754,0.0021424204986800754,False,0.0,0.0,False,1,0,0,global,250,250,48,48,0,40,8,1,5,5.208333333333333,5.0,6,0,5,10,"sorted(block,parameter,shift,basis)"
finite_shot_conditional,2,1,0,0,6,2.8,1.6274669424134698,250,7.965784284662087,18,theta_ell6_q0,20,6,0,global,0.0,30,0.0,-0.0017874156202895009,0.0,0.0,True,,inf,0.0017874156202895009,0.0017874156202895009,False,0.0,0.0,False,1,0,0,global,250,250,48,48,0,40,8,1,5,5.208333333333333,5.0,6,0,5,10,"sorted(block,parameter,shift,basis)"
finite_shot_conditional,2,1,0,0,6,2.8,1.6274669424134698,250,7.965784284662087,22,theta_ell6_q3,23,6,3,global,0.0,30,0.0,0.00035488203280331643,0.0,0.0,True,,inf,-0.00035488203280331643,0.00035488203280331643,False,0.0,0.0,False,1,0,0,global,250,250,48,48,0,40,8,1,5,5.208333333333333,5.0,6,0,5,10,"sorted(block,parameter,shift,basis)"
finite_shot_conditional,2,1,0,0,6,2.8,1.6274669424134698,250,7.965784284662087,30,theta_ell6_q1,21,6,1,global,0.0,30,0.0,4.725910151770485e-06,0.0,0.0,True,,inf,-4.725910151770485e-06,4.725910151770485e-06,False,0.0,0.0,False,1,0,0,global,250,250,48,48,0,40,8,1,5,5.208333333333333,5.0,6,0,5,10,"sorted(block,parameter,shift,basis)"
finite_shot_conditional,2,1,0,0,6,2.8,1.6274669424134698,250,7.965784284662087,32,theta_ell6_q1,21,6,1,global,0.0,30,0.0,0.000647477634808935,0.0,0.0,True,,inf,-0.000647477634808935,0.000647477634808935,False,0.0,0.0,False,1,0,0,global,250,250,48,48,0,40,8,1,5,5.208333333333333,5.0,6,0,5,10,"sorted(block,parameter,shift,basis)"
finite_shot_conditional,2,1,0,0,6,2.8,1.6274669424134698,250,7.965784284662087,32,theta_ell6_q3,23,6,3,global,0.0,30,0.0,0.00032451176966580286,0.0,0.0,True,,inf,-0.00032451176966580286,0.00032451176966580286,False,0.0,0.0,False,1,0,0,global,250,250,48,48,0,40,8,1,5,5.208333333333333,5.0,6,0,5,10,"sorted(block,parameter,shift,basis)"
finite_shot_conditional,2,1,0,0,6,2.8,1.6274669424134698,250,7.965784284662087,37,theta_ell6_q1,21,6,1,global,0.0,30,0.0,9.89491222482819e-05,0.0,0.0,True,,inf,-9.89491222482819e-05,9.89491222482819e-05,False,0.0,0.0,False,1,0,0,global,250,250,48,48,0,40,8,1,5,5.208333333333333,5.0,6,0,5,10,"sorted(block,parameter,shift,basis)"
finite_shot_conditional,2,1,0,0,6,2.8,1.6274669424134698,250,7.965784284662087,37,theta_ell6_q3,23,6,3,global,0.0,30,0.0,-8.000249203232723e-05,0.0,0.0,True,,inf,8.000249203232723e-05,8.000249203232723e-05,False,0.0,0.0,False,1,0,0,global,250,250,48,48,0,40,8,1,5,5.208333333333333,5.0,6,0,5,10,"sorted(block,parameter,shift,basis)"
finite_shot_conditional,2,1,0,0,6,2.8,1.6274669424134698,250,7.965784284662087,41,theta_ell6_q0,20,6,0,global,0.0,30,0.0,-0.0009422844420503562,0.0,0.0,True,,inf,0.0009422844420503562,0.0009422844420503562,False,0.0,0.0,False,1,0,0,global,250,250,48,48,0,40,8,1,5,5.208333333333333,5.0,6,0,5,10,"sorted(block,parameter,shift,basis)"
finite_shot_conditional,2,1,0,0,6,2.8,1.6274669424134698,250,7.965784284662087,44,theta_ell6_q3,23,6,3,global,0.0,30,0.0,0.0008351514829692541,0.0,0.0,True,,inf,-0.0008351514829692541,0.0008351514829692541,False,0.0,0.0,False,1,0,0,global,250,250,48,48,0,40,8,1,5,5.208333333333333,5.0,6,0,5,10,"sorted(block,parameter,shift,basis)"
finite_shot_conditional,2,1,0,0,6,2.8,1.6274669424134698,250,7.965784284662087,47,theta_ell6_q0,20,6,0,global,0.0,30,0.0,0.001065565027854265,0.0,0.0,True,,inf,-0.001065565027854265,0.001065565027854265,False,0.0,0.0,False,1,0,0,global,250,250,48,48,0,40,8,1,5,5.208333333333333,5.0,6,0,5,10,"sorted(block,parameter,shift,basis)"
finite_shot_conditional,2,1,0,0,6,2.8,1.6274669424134698,250,7.965784284662087,47,theta_ell6_q2,22,6,2,global,0.0,30,0.0,-0.001866988146850268,0.0,0.0,True,,inf,0.001866988146850268,0.001866988146850268,False,0.0,0.0,False,1,0,0,global,250,250,48,48,0,40,8,1,5,5.208333333333333,5.0,6,0,5,10,"sorted(block,parameter,shift,basis)"
finite_shot_conditional,2,1,0,0,6,2.8,1.6274669424134698,250,7.965784284662087,47,theta_ell6_q3,23,6,3,global,0.0,30,0.0,-0.00019947134426062663,0.0,0.0,True,,inf,0.00019947134426062663,0.00019947134426062663,False,0.0,0.0,False,1,0,0,global,250,250,48,48,0,40,8,1,5,5.208333333333333,5.0,6,0,5,10,"sorted(block,parameter,shift,basis)"
finite_shot_conditional,2,1,0,0,6,2.8,1.6274669424134698,250,7.965784284662087,48,theta_ell6_q0,20,6,0,global,0.0,30,0.0,0.0033162627247338428,0.0,0.0,True,,inf,-0.0033162627247338428,0.0033162627247338428,False,0.0,0.0,False,1,0,0,global,250,250,48,48,0,40,8,1,5,5.208333333333333,5.0,6,0,5,10,"sorted(block,parameter,shift,basis)"
finite_shot_conditional,2,1,0,0,6,2.8,1.6274669424134698,250,7.965784284662087,48,theta_ell6_q2,22,6,2,global,0.0,30,0.0,-0.004845473028892544,0.0,0.0,True,,inf,0.004845473028892544,0.004845473028892544,False,0.0,0.0,False,1,0,0,global,250,250,48,48,0,40,8,1,5,5.208333333333333,5.0,6,0,5,10,"sorted(block,parameter,shift,basis)"
finite_shot_conditional,2,1,0,0,6,2.8,1.6274669424134698,500,8.965784284662087,17,theta_ell6_q3,23,6,3,global,0.0,30,0.0,0.0016744701839608855,0.0,0.0,True,,inf,-0.0016744701839608855,0.0016744701839608855,False,0.0,0.0,False,1,0,0,global,500,500,48,48,0,40,8,1,10,10.416666666666666,10.0,11,0,10,20,"sorted(block,parameter,shift,basis)"
finite_shot_conditional,2,1,0,0,6,2.8,1.6274669424134698,500,8.965784284662087,22,theta_ell6_q1,21,6,1,global,0.0,30,0.0,0.00034385100536943325,0.0,0.0,True,,inf,-0.00034385100536943325,0.00034385100536943325,False,0.0,0.0,False,1,0,0,global,500,500,48,48,0,40,8,1,10,10.416666666666666,10.0,11,0,10,20,"sorted(block,parameter,shift,basis)"
finite_shot_conditional,2,1,0,0,6,2.8,1.6274669424134698,500,8.965784284662087,27,theta_ell6_q1,21,6,1,global,0.0,30,0.0,-0.00560677602343046,0.0,0.0,True,,inf,0.00560677602343046,0.00560677602343046,False,0.0,0.0,False,1,0,0,global,500,500,48,48,0,40,8,1,10,10.416666666666666,10.0,11,0,10,20,"sorted(block,parameter,shift,basis)"
finite_shot_conditional,2,1,0,0,6,2.8,1.6274669424134698,500,8.965784284662087,30,theta_ell6_q1,21,6,1,global,0.0,30,0.0,4.725910151770485e-06,0.0,0.0,True,,inf,-4.725910151770485e-06,4.725910151770485e-06,False,0.0,0.0,False,1,0,0,global,500,500,48,48,0,40,8,1,10,10.416666666666666,10.0,11,0,10,20,"sorted(block,parameter,shift,basis)"
finite_shot_conditional,2,1,0,0,6,2.8,1.6274669424134698,500,8.965784284662087,37,theta_ell1_q0,0,1,0,global,0.0,30,0.0,7.387069479978239e-07,0.0,0.0,True,,inf,-7.387069479978239e-07,7.387069479978239e-07,False,0.0,0.0,False,1,0,0,global,500,500,48,48,0,40,8,1,10,10.416666666666666,10.0,11,0,10,20,"sorted(block,parameter,shift,basis)"
finite_shot_conditional,2,1,0,0,6,2.8,1.6274669424134698,500,8.965784284662087,37,theta_ell1_q1,1,1,1,global,0.0,30,0.0,1.3246965416330993e-05,0.0,0.0,True,,inf,-1.3246965416330993e-05,1.3246965416330993e-05,False,0.0,0.0,False,1,0,0,global,500,500,48,48,0,40,8,1,10,10.416666666666666,10.0,11,0,10,20,"sorted(block,parameter,shift,basis)"
finite_shot_conditional,2,1,0,0,6,2.8,1.6274669424134698,500,8.965784284662087,37,theta_ell1_q2,2,1,2,global,0.0,30,0.0,1.838526341482372e-07,0.0,0.0,True,,inf,-1.838526341482372e-07,1.838526341482372e-07,False,0.0,0.0,False,1,0,0,global,500,500,48,48,0,40,8,1,10,10.416666666666666,10.0,11,0,10,20,"sorted(block,parameter,shift,basis)"
finite_shot_conditional,2,1,0,0,6,2.8,1.6274669424134698,500,8.965784284662087,37,theta_ell1_q3,3,1,3,global,0.0,30,0.0,9.509909494886026e-06,0.0,0.0,True,,inf,-9.509909494886026e-06,9.509909494886026e-06,False,0.0,0.0,False,1,0,0,global,500,500,48,48,0,40,8,1,10,10.416666666666666,10.0,11,0,10,20,"sorted(block,parameter,shift,basis)"
finite_shot_conditional,2,1,0,0,6,2.8,1.6274669424134698,500,8.965784284662087,37,theta_ell2_q0,4,2,0,global,0.0,30,0.0,1.226888931200128e-05,0.0,0.0,True,,inf,-1.226888931200128e-05,1.226888931200128e-05,False,0.0,0.0,False,1,0,0,global,500,500,48,48,0,40,8,1,10,10.416666666666666,10.0,11,0,10,20,"sorted(block,parameter,shift,basis)"
finite_shot_conditional,2,1,0,0,6,2.8,1.6274669424134698,500,8.965784284662087,37,theta_ell2_q1,5,2,1,global,0.0,30,0.0,-9.442879063364717e-06,0.0,0.0,True,,inf,9.442879063364717e-06,9.442879063364717e-06,False,0.0,0.0,False,1,0,0,global,500,500,48,48,0,40,8,1,10,10.416666666666666,10.0,11,0,10,20,"sorted(block,parameter,shift,basis)"
finite_shot_conditional,2,1,0,0,6,2.8,1.6274669424134698,500,8.965784284662087,37,theta_ell2_q2,6,2,2,global,0.0,30,0.0,1.3710176732744015e-05,0.0,0.0,True,,inf,-1.3710176732744015e-05,1.3710176732744015e-05,False,0.0,0.0,False,1,0,0,global,500,500,48,48,0,40,8,1,10,10.416666666666666,10.0,11,0,10,20,"sorted(block,parameter,shift,basis)"
finite_shot_conditional,2,1,0,0,6,2.8,1.6274669424134698,500,8.965784284662087,37,theta_ell2_q3,7,2,3,global,0.0,30,0.0,1.5839194362931195e-05,0.0,0.0,True,,inf,-1.5839194362931195e-05,1.5839194362931195e-05,False,0.0,0.0,False,1,0,0,global,500,500,48,48,0,40,8,1,10,10.416666666666666,10.0,11,0,10,20,"sorted(block,parameter,shift,basis)"
finite_shot_conditional,2,1,0,0,6,2.8,1.6274669424134698,500,8.965784284662087,37,theta_ell3_q0,8,3,0,global,0.0,30,0.0,5.07407770361827e-07,0.0,0.0,True,,inf,-5.07407770361827e-07,5.07407770361827e-07,False,0.0,0.0,False,1,0,0,global,500,500,48,48,0,40,8,1,10,10.416666666666666,10.0,11,0,10,20,"sorted(block,parameter,shift,basis)"
finite_shot_conditional,2,1,0,0,6,2.8,1.6274669424134698,500,8.965784284662087,37,theta_ell3_q1,9,3,1,global,0.0,30,0.0,3.007035327485129e-05,0.0,0.0,True,,inf,-3.007035327485129e-05,3.007035327485129e-05,False,0.0,0.0,False,1,0,0,global,500,500,48,48,0,40,8,1,10,10.416666666666666,10.0,11,0,10,20,"sorted(block,parameter,shift,basis)"
finite_shot_conditional,2,1,0,0,6,2.8,1.6274669424134698,500,8.965784284662087,37,theta_ell3_q2,10,3,2,global,0.0,30,0.0,3.5440040866053237e-06,0.0,0.0,True,,inf,-3.5440040866053237e-06,3.5440040866053237e-06,False,0.0,0.0,False,1,0,0,global,500,500,48,48,0,40,8,1,10,10.416666666666666,10.0,11,0,10,20,"sorted(block,parameter,shift,basis)"
finite_shot_conditional,2,1,0,0,6,2.8,1.6274669424134698,500,8.965784284662087,37,theta_ell3_q3,11,3,3,global,0.0,30,0.0,2.6428876041142597e-05,0.0,0.0,True,,inf,-2.6428876041142597e-05,2.6428876041142597e-05,False,0.0,0.0,False,1,0,0,global,500,500,48,48,0,40,8,1,10,10.416666666666666,10.0,11,0,10,20,"sorted(block,parameter,shift,basis)"
finite_shot_conditional,2,1,0,0,6,2.8,1.6274669424134698,500,8.965784284662087,37,theta_ell4_q0,12,4,0,global,0.0,30,0.0,5.702854586710063e-06,0.0,0.0,True,,inf,-5.702854586710063e-06,5.702854586710063e-06,False,0.0,0.0,False,1,0,0,global,500,500,48,48,0,40,8,1,10,10.416666666666666,10.0,11,0,10,20,"sorted(block,parameter,shift,basis)"
finite_shot_conditional,2,1,0,0,6,2.8,1.6274669424134698,500,8.965784284662087,37,theta_ell4_q1,13,4,1,global,0.0,30,0.0,1.9057635195002061e-07,0.0,0.0,True,,inf,-1.9057635195002061e-07,1.9057635195002061e-07,False,0.0,0.0,False,1,0,0,global,500,500,48,48,0,40,8,1,10,10.416666666666666,10.0,11,0,10,20,"sorted(block,parameter,shift,basis)"
finite_shot_conditional,2,1,0,0,6,2.8,1.6274669424134698,500,8.965784284662087,37,theta_ell4_q2,14,4,2,global,0.0,30,0.0,5.65436564699932e-06,0.0,0.0,True,,inf,-5.65436564699932e-06,5.65436564699932e-06,False,0.0,0.0,False,1,0,0,global,500,500,48,48,0,40,8,1,10,10.416666666666666,10.0,11,0,10,20,"sorted(block,parameter,shift,basis)"
finite_shot_conditional,2,1,0,0,6,2.8,1.6274669424134698,500,8.965784284662087,37,theta_ell4_q3,15,4,3,global,0.0,30,0.0,-3.641177735651866e-05,0.0,0.0,True,,inf,3.641177735651866e-05,3.641177735651866e-05,False,0.0,0.0,False,1,0,0,global,500,500,48,48,0,40,8,1,10,10.416666666666666,10.0,11,0,10,20,"sorted(block,parameter,shift,basis)"
finite_shot_conditional,2,1,0,0,6,2.8,1.6274669424134698,500,8.965784284662087,37,theta_ell5_q0,16,5,0,global,0.0,30,0.0,7.343533438456025e-05,0.0,0.0,True,,inf,-7.343533438456025e-05,7.343533438456025e-05,False,0.0,0.0,False,1,0,0,global,500,500,48,48,0,40,8,1,10,10.416666666666666,10.0,11,0,10,20,"sorted(block,parameter,shift,basis)"
finite_shot_conditional,2,1,0,0,6,2.8,1.6274669424134698,500,8.965784284662087,37,theta_ell5_q1,17,5,1,global,0.0,30,0.0,8.586527774252461e-05,0.0,0.0,True,,inf,-8.586527774252461e-05,8.586527774252461e-05,False,0.0,0.0,False,1,0,0,global,500,500,48,48,0,40,8,1,10,10.416666666666666,10.0,11,0,10,20,"sorted(block,parameter,shift,basis)"
finite_shot_conditional,2,1,0,0,6,2.8,1.6274669424134698,500,8.965784284662087,37,theta_ell5_q2,18,5,2,global,0.0,30,0.0,-5.7163176099785024e-05,0.0,0.0,True,,inf,5.7163176099785024e-05,5.7163176099785024e-05,False,0.0,0.0,False,1,0,0,global,500,500,48,48,0,40,8,1,10,10.416666666666666,10.0,11,0,10,20,"sorted(block,parameter,shift,basis)"
finite_shot_conditional,2,1,0,0,6,2.8,1.6274669424134698,500,8.965784284662087,37,theta_ell5_q3,19,5,3,global,0.0,30,0.0,0.00016219792061862223,0.0,0.0,True,,inf,-0.00016219792061862223,0.00016219792061862223,False,0.0,0.0,False,1,0,0,global,500,500,48,48,0,40,8,1,10,10.416666666666666,10.0,11,0,10,20,"sorted(block,parameter,shift,basis)"
finite_shot_conditional,2,1,0,0,6,2.8,1.6274669424134698,500,8.965784284662087,37,theta_ell6_q0,20,6,0,global,0.0,30,0.0,-0.00014108114251837334,0.0,0.0,True,,inf,0.00014108114251837334,0.00014108114251837334,False,0.0,0.0,False,1,0,0,global,500,500,48,48,0,40,8,1,10,10.416666666666666,10.0,11,0,10,20,"sorted(block,parameter,shift,basis)"
finite_shot_conditional,2,1,0,0,6,2.8,1.6274669424134698,500,8.965784284662087,37,theta_ell6_q1,21,6,1,global,0.0,30,0.0,9.89491222482819e-05,0.0,0.0,True,,inf,-9.89491222482819e-05,9.89491222482819e-05,False,0.0,0.0,False,1,0,0,global,500,500,48,48,0,40,8,1,10,10.416666666666666,10.0,11,0,10,20,"sorted(block,parameter,shift,basis)"
finite_shot_conditional,2,1,0,0,6,2.8,1.6274669424134698,500,8.965784284662087,37,theta_ell6_q2,22,6,2,global,0.0,30,0.0,0.00030559228047599696,0.0,0.0,True,,inf,-0.00030559228047599696,0.00030559228047599696,False,0.0,0.0,False,1,0,0,global,500,500,48,48,0,40,8,1,10,10.416666666666666,10.0,11,0,10,20,"sorted(block,parameter,shift,basis)"
finite_shot_conditional,2,1,0,0,6,2.8,1.6274669424134698,500,8.965784284662087,37,theta_ell6_q3,23,6,3,global,0.0,30,0.0,-8.000249203232723e-05,0.0,0.0,True,,inf,8.000249203232723e-05,8.000249203232723e-05,False,0.0,0.0,False,1,0,0,global,500,500,48,48,0,40,8,1,10,10.416666666666666,10.0,11,0,10,20,"sorted(block,parameter,shift,basis)"
finite_shot_conditional,2,1,0,0,6,2.8,1.6274669424134698,500,8.965784284662087,41,theta_ell6_q1,21,6,1,global,0.0,30,0.0,-0.00041333169844476325,0.0,0.0,True,,inf,0.00041333169844476325,0.00041333169844476325,False,0.0,0.0,False,1,0,0,global,500,500,48,48,0,40,8,1,10,10.416666666666666,10.0,11,0,10,20,"sorted(block,parameter,shift,basis)"
finite_shot_conditional,2,1,0,0,6,2.8,1.6274669424134698,500,8.965784284662087,44,theta_ell6_q3,23,6,3,global,0.0,30,0.0,0.0008351514829692541,0.0,0.0,True,,inf,-0.0008351514829692541,0.0008351514829692541,False,0.0,0.0,False,1,0,0,global,500,500,48,48,0,40,8,1,10,10.416666666666666,10.0,11,0,10,20,"sorted(block,parameter,shift,basis)"
finite_shot_conditional,2,1,0,0,6,2.8,1.6274669424134698,500,8.965784284662087,47,theta_ell6_q3,23,6,3,global,0.0,30,0.0,-0.00019947134426062663,0.0,0.0,True,,inf,0.00019947134426062663,0.00019947134426062663,False,0.0,0.0,False,1,0,0,global,500,500,48,48,0,40,8,1,10,10.416666666666666,10.0,11,0,10,20,"sorted(block,parameter,shift,basis)"
finite_shot_conditional,2,1,0,0,6,2.8,1.6274669424134698,500,8.965784284662087,48,theta_ell6_q2,22,6,2,global,0.0,30,0.0,-0.004845473028892544,0.0,0.0,True,,inf,0.004845473028892544,0.004845473028892544,False,0.0,0.0,False,1,0,0,global,500,500,48,48,0,40,8,1,10,10.416666666666666,10.0,11,0,10,20,"sorted(block,parameter,shift,basis)"
finite_shot_conditional,2,1,0,0,6,2.8,1.6274669424134698,1000,9.965784284662087,11,theta_ell6_q3,23,6,3,global,0.0,30,0.0,-0.0021424204986800754,0.0,0.0,True,,inf,0.0021424204986800754,0.0021424204986800754,False,0.0,0.0,False,1,0,0,global,1000,1000,48,48,0,40,8,1,20,20.833333333333332,21.0,21,0,20,40,"sorted(block,parameter,shift,basis)"
finite_shot_conditional,2,1,0,0,6,2.8,1.6274669424134698,1000,9.965784284662087,22,theta_ell6_q3,23,6,3,global,0.0,30,0.0,0.00035488203280331643,0.0,0.0,True,,inf,-0.00035488203280331643,0.00035488203280331643,False,0.0,0.0,False,1,0,0,global,1000,1000,48,48,0,40,8,1,20,20.833333333333332,21.0,21,0,20,40,"sorted(block,parameter,shift,basis)"
finite_shot_conditional,2,1,0,0,6,2.8,1.6274669424134698,1000,9.965784284662087,30,theta_ell6_q1,21,6,1,global,0.0,30,0.0,4.725910151770485e-06,0.0,0.0,True,,inf,-4.725910151770485e-06,4.725910151770485e-06,False,0.0,0.0,False,1,0,0,global,1000,1000,48,48,0,40,8,1,20,20.833333333333332,21.0,21,0,20,40,"sorted(block,parameter,shift,basis)"
finite_shot_conditional,2,1,0,0,6,2.8,1.6274669424134698,1000,9.965784284662087,37,theta_ell6_q0,20,6,0,global,0.0,30,0.0,-0.00014108114251837334,0.0,0.0,True,,inf,0.00014108114251837334,0.00014108114251837334,False,0.0,0.0,False,1,0,0,global,1000,1000,48,48,0,40,8,1,20,20.833333333333332,21.0,21,0,20,40,"sorted(block,parameter,shift,basis)"
finite_shot_conditional,2,1,0,0,6,2.8,1.6274669424134698,1000,9.965784284662087,37,theta_ell6_q1,21,6,1,global,0.0,30,0.0,9.89491222482819e-05,0.0,0.0,True,,inf,-9.89491222482819e-05,9.89491222482819e-05,False,0.0,0.0,False,1,0,0,global,1000,1000,48,48,0,40,8,1,20,20.833333333333332,21.0,21,0,20,40,"sorted(block,parameter,shift,basis)"
finite_shot_conditional,2,1,0,0,6,2.8,1.6274669424134698,1000,9.965784284662087,37,theta_ell6_q3,23,6,3,global,0.0,30,0.0,-8.000249203232723e-05,0.0,0.0,True,,inf,8.000249203232723e-05,8.000249203232723e-05,False,0.0,0.0,False,1,0,0,global,1000,1000,48,48,0,40,8,1,20,20.833333333333332,21.0,21,0,20,40,"sorted(block,parameter,shift,basis)"
finite_shot_conditional,2,1,0,0,6,2.8,1.6274669424134698,1000,9.965784284662087,41,theta_ell6_q1,21,6,1,global,0.0,30,0.0,-0.00041333169844476325,0.0,0.0,True,,inf,0.00041333169844476325,0.00041333169844476325,False,0.0,0.0,False,1,0,0,global,1000,1000,48,48,0,40,8,1,20,20.833333333333332,21.0,21,0,20,40,"sorted(block,parameter,shift,basis)"
finite_shot_conditional,2,1,0,0,6,2.8,1.6274669424134698,1000,9.965784284662087,44,theta_ell6_q3,23,6,3,global,0.0,30,0.0,0.0008351514829692541,0.0,0.0,True,,inf,-0.0008351514829692541,0.0008351514829692541,False,0.0,0.0,False,1,0,0,global,1000,1000,48,48,0,40,8,1,20,20.833333333333332,21.0,21,0,20,40,"sorted(block,parameter,shift,basis)"
finite_shot_conditional,2,1,0,0,6,2.8,1.6274669424134698,1000,9.965784284662087,47,theta_ell6_q3,23,6,3,global,0.0,30,0.0,-0.00019947134426062663,0.0,0.0,True,,inf,0.00019947134426062663,0.00019947134426062663,False,0.0,0.0,False,1,0,0,global,1000,1000,48,48,0,40,8,1,20,20.833333333333332,21.0,21,0,20,40,"sorted(block,parameter,shift,basis)"
finite_shot_conditional,2,1,0,0,6,2.8,1.6274669424134698,2000,10.965784284662087,30,theta_ell6_q1,21,6,1,global,0.0,30,0.0,4.725910151770485e-06,0.0,0.0,True,,inf,-4.725910151770485e-06,4.725910151770485e-06,False,0.0,0.0,False,1,0,0,global,2000,2000,48,48,0,40,8,1,41,41.666666666666664,42.0,42,0,41,32,"sorted(block,parameter,shift,basis)"
finite_shot_conditional,2,1,0,0,6,2.8,1.6274669424134698,2000,10.965784284662087,37,theta_ell6_q0,20,6,0,global,0.0,30,0.0,-0.00014108114251837334,0.0,0.0,True,,inf,0.00014108114251837334,0.00014108114251837334,False,0.0,0.0,False,1,0,0,global,2000,2000,48,48,0,40,8,1,41,41.666666666666664,42.0,42,0,41,32,"sorted(block,parameter,shift,basis)"
finite_shot_conditional,2,1,0,0,6,2.8,1.6274669424134698,2000,10.965784284662087,37,theta_ell6_q1,21,6,1,global,0.0,30,0.0,9.89491222482819e-05,0.0,0.0,True,,inf,-9.89491222482819e-05,9.89491222482819e-05,False,0.0,0.0,False,1,0,0,global,2000,2000,48,48,0,40,8,1,41,41.666666666666664,42.0,42,0,41,32,"sorted(block,parameter,shift,basis)"
finite_shot_conditional,2,1,0,0,6,2.8,1.6274669424134698,2000,10.965784284662087,37,theta_ell6_q3,23,6,3,global,0.0,30,0.0,-8.000249203232723e-05,0.0,0.0,True,,inf,8.000249203232723e-05,8.000249203232723e-05,False,0.0,0.0,False,1,0,0,global,2000,2000,48,48,0,40,8,1,41,41.666666666666664,42.0,42,0,41,32,"sorted(block,parameter,shift,basis)"
finite_shot_conditional,2,1,0,0,6,2.8,1.6274669424134698,2000,10.965784284662087,41,theta_ell6_q1,21,6,1,global,0.0,30,0.0,-0.00041333169844476325,0.0,0.0,True,,inf,0.00041333169844476325,0.00041333169844476325,False,0.0,0.0,False,1,0,0,global,2000,2000,48,48,0,40,8,1,41,41.666666666666664,42.0,42,0,41,32,"sorted(block,parameter,shift,basis)"
finite_shot_conditional,4,0,0,1,1,-2.2,-1.2787240261820123,250,7.965784284662087,0,theta_ell1_q0,0,1,0,global,1.0,30,0.0,-5.5993525219566465e-05,0.0,0.0,True,,inf,5.5993525219566465e-05,5.5993525219566465e-05,False,0.0,0.0,False,0,0,1,global,250,250,8,8,0,0,8,1,31,31.25,31.0,32,0,31,2,"sorted(block,parameter,shift,basis)"
finite_shot_conditional,4,0,0,1,1,-2.2,-1.2787240261820123,250,7.965784284662087,0,theta_ell1_q3,3,1,3,global,1.0,30,0.0,0.00019226921154968935,0.0,0.0,True,,inf,-0.00019226921154968935,0.00019226921154968935,False,0.0,0.0,False,0,0,1,global,250,250,8,8,0,0,8,1,31,31.25,31.0,32,0,31,2,"sorted(block,parameter,shift,basis)"
finite_shot_conditional,4,0,0,1,1,-2.2,-1.2787240261820123,250,7.965784284662087,1,theta_ell1_q1,1,1,1,global,1.0,30,0.0,-9.080113973602977e-06,0.0,0.0,True,,inf,9.080113973602977e-06,9.080113973602977e-06,False,0.0,0.0,False,0,0,1,global,250,250,8,8,0,0,8,1,31,31.25,31.0,32,0,31,2,"sorted(block,parameter,shift,basis)"
finite_shot_conditional,4,0,0,1,1,-2.2,-1.2787240261820123,250,7.965784284662087,4,theta_ell1_q3,3,1,3,global,1.0,30,0.0,-0.00013293210108400455,0.0,0.0,True,,inf,0.00013293210108400455,0.00013293210108400455,False,0.0,0.0,False,0,0,1,global,250,250,8,8,0,0,8,1,31,31.25,31.0,32,0,31,2,"sorted(block,parameter,shift,basis)"
finite_shot_conditional,4,0,0,1,1,-2.2,-1.2787240261820123,250,7.965784284662087,5,theta_ell1_q1,1,1,1,global,1.0,30,0.0,-0.00018749078105451122,0.0,0.0,True,,inf,0.00018749078105451122,0.00018749078105451122,False,0.0,0.0,False,0,0,1,global,250,250,8,8,0,0,8,1,31,31.25,31.0,32,0,31,2,"sorted(block,parameter,shift,basis)"
finite_shot_conditional,4,0,0,1,1,-2.2,-1.2787240261820123,250,7.965784284662087,7,theta_ell1_q0,0,1,0,global,1.0,30,0.0,0.00019040030455319545,0.0,0.0,True,,inf,-0.00019040030455319545,0.00019040030455319545,False,0.0,0.0,False,0,0,1,global,250,250,8,8,0,0,8,1,31,31.25,31.0,32,0,31,2,"sorted(block,parameter,shift,basis)"
finite_shot_conditional,4,0,0,1,1,-2.2,-1.2787240261820123,250,7.965784284662087,7,theta_ell1_q2,2,1,2,global,1.0,30,0.0,0.000585495639077227,0.0,0.0,True,,inf,-0.000585495639077227,0.000585495639077227,False,0.0,0.0,False,0,0,1,global,250,250,8,8,0,0,8,1,31,31.25,31.0,32,0,31,2,"sorted(block,parameter,shift,basis)"
finite_shot_conditional,4,0,0,1,1,-2.2,-1.2787240261820123,250,7.965784284662087,8,theta_ell1_q2,2,1,2,global,1.0,30,0.0,0.0003391040805610368,0.0,0.0,True,,inf,-0.0003391040805610368,0.0003391040805610368,False,0.0,0.0,False,0,0,1,global,250,250,8,8,0,0,8,1,31,31.25,31.0,32,0,31,2,"sorted(block,parameter,shift,basis)"
finite_shot_conditional,4,0,0,1,1,-2.2,-1.2787240261820123,250,7.965784284662087,12,theta_ell1_q1,1,1,1,global,1.0,30,0.0,-0.0018493608791499416,0.0,0.0,True,,inf,0.0018493608791499416,0.0018493608791499416,False,0.0,0.0,False,0,0,1,global,250,250,8,8,0,0,8,1,31,31.25,31.0,32,0,31,2,"sorted(block,parameter,shift,basis)"
finite_shot_conditional,4,0,0,1,1,-2.2,-1.2787240261820123,250,7.965784284662087,14,theta_ell1_q0,0,1,0,global,1.0,30,0.0,1.3354923955599673e-07,0.0,0.0,True,,inf,-1.3354923955599673e-07,1.3354923955599673e-07,False,0.0,0.0,False,0,0,1,global,250,250,8,8,0,0,8,1,31,31.25,31.0,32,0,31,2,"sorted(block,parameter,shift,basis)"
finite_shot_conditional,4,0,0,1,1,-2.2,-1.2787240261820123,250,7.965784284662087,14,theta_ell1_q2,2,1,2,global,1.0,30,0.0,6.788113676714502e-08,0.0,0.0,True,,inf,-6.788113676714502e-08,6.788113676714502e-08,False,0.0,0.0,False,0,0,1,global,250,250,8,8,0,0,8,1,31,31.25,31.0,32,0,31,2,"sorted(block,parameter,shift,basis)"
finite_shot_conditional,4,0,0,1,1,-2.2,-1.2787240261820123,250,7.965784284662087,14,theta_ell1_q3,3,1,3,global,1.0,30,0.0,-3.6598248576158454e-07,0.0,0.0,True,,inf,3.6598248576158454e-07,3.6598248576158454e-07,False,0.0,0.0,False,0,0,1,global,250,250,8,8,0,0,8,1,31,31.25,31.0,32,0,31,2,"sorted(block,parameter,shift,basis)"
finite_shot_conditional,4,0,0,1,1,-2.2,-1.2787240261820123,250,7.965784284662087,28,theta_ell1_q1,1,1,1,global,1.0,30,0.0,1.069555820631951e-06,0.0,0.0,True,,inf,-1.069555820631951e-06,1.069555820631951e-06,False,0.0,0.0,False,0,0,1,global,250,250,8,8,0,0,8,1,31,31.25,31.0,32,0,31,2,"sorted(block,parameter,shift,basis)"
finite_shot_conditional,4,0,0,1,1,-2.2,-1.2787240261820123,250,7.965784284662087,31,theta_ell1_q1,1,1,1,global,1.0,30,0.0,8.891152123496893e-05,0.0,0.0,True,,inf,-8.891152123496893e-05,8.891152123496893e-05,False,0.0,0.0,False,0,0,1,global,250,250,8,8,0,0,8,1,31,31.25,31.0,32,0,31,2,"sorted(block,parameter,shift,basis)"
finite_shot_conditional,4,0,0,1,1,-2.2,-1.2787240261820123,250,7.965784284662087,32,theta_ell1_q0,0,1,0,global,1.0,30,0.0,1.1583707498930007e-05,0.0,0.0,True,,inf,-1.1583707498930007e-05,1.1583707498930007e-05,False,0.0,0.0,False,0,0,1,global,250,250,8,8,0,0,8,1,31,31.25,31.0,32,0,31,2,"sorted(block,parameter,shift,basis)"
finite_shot_conditional,4,0,0,1,1,-2.2,-1.2787240261820123,250,7.965784284662087,32,theta_ell1_q2,2,1,2,global,1.0,30,0.0,-6.115425428132593e-05,0.0,0.0,True,,inf,6.115425428132593e-05,6.115425428132593e-05,False,0.0,0.0,False,0,0,1,global,250,250,8,8,0,0,8,1,31,31.25,31.0,32,0,31,2,"sorted(block,parameter,shift,basis)"
finite_shot_conditional,4,0,0,1,1,-2.2,-1.2787240261820123,250,7.965784284662087,32,theta_ell1_q3,3,1,3,global,1.0,30,0.0,1.2993811984718384e-05,0.0,0.0,True,,inf,-1.2993811984718384e-05,1.2993811984718384e-05,False,0.0,0.0,False,0,0,1,global,250,250,8,8,0,0,8,1,31,31.25,31.0,32,0,31,2,"sorted(block,parameter,shift,basis)"
finite_shot_conditional,4,0,0,1,1,-2.2,-1.2787240261820123,250,7.965784284662087,33,theta_ell1_q1,1,1,1,global,1.0,30,0.0,1.0018646894038863e-05,0.0,0.0,True,,inf,-1.0018646894038863e-05,1.0018646894038863e-05,False,0.0,0.0,False,0,0,1,global,250,250,8,8,0,0,8,1,31,31.25,31.0,32,0,31,2,"sorted(block,parameter,shift,basis)"
finite_shot_conditional,4,0,0,1,1,-2.2,-1.2787240261820123,250,7.965784284662087,33,theta_ell1_q2,2,1,2,global,1.0,30,0.0,4.089312362837161e-05,0.0,0.0,True,,inf,-4.089312362837161e-05,4.089312362837161e-05,False,0.0,0.0,False,0,0,1,global,250,250,8,8,0,0,8,1,31,31.25,31.0,32,0,31,2,"sorted(block,parameter,shift,basis)"
finite_shot_conditional,4,0,0,1,1,-2.2,-1.2787240261820123,250,7.965784284662087,35,theta_ell1_q0,0,1,0,global,1.0,30,0.0,0.00010906372473951098,0.0,0.0,True,,inf,-0.00010906372473951098,0.00010906372473951098,False,0.0,0.0,False,0,0,1,global,250,250,8,8,0,0,8,1,31,31.25,31.0,32,0,31,2,"sorted(block,parameter,shift,basis)"
finite_shot_conditional,4,0,0,1,1,-2.2,-1.2787240261820123,250,7.965784284662087,35,theta_ell1_q2,2,1,2,global,1.0,30,0.0,-5.472277340712317e-05,0.0,0.0,True,,inf,5.472277340712317e-05,5.472277340712317e-05,False,0.0,0.0,False,0,0,1,global,250,250,8,8,0,0,8,1,31,31.25,31.0,32,0,31,2,"sorted(block,parameter,shift,basis)"
finite_shot_conditional,4,0,0,1,1,-2.2,-1.2787240261820123,250,7.965784284662087,35,theta_ell1_q3,3,1,3,global,1.0,30,0.0,-0.00021070215147234173,0.0,0.0,True,,inf,0.00021070215147234173,0.00021070215147234173,False,0.0,0.0,False,0,0,1,global,250,250,8,8,0,0,8,1,31,31.25,31.0,32,0,31,2,"sorted(block,parameter,shift,basis)"
finite_shot_conditional,4,0,0,1,1,-2.2,-1.2787240261820123,500,8.965784284662087,0,theta_ell1_q3,3,1,3,global,1.0,30,0.0,0.00019226921154968935,0.0,0.0,True,,inf,-0.00019226921154968935,0.00019226921154968935,False,0.0,0.0,False,0,0,1,global,500,500,8,8,0,0,8,1,62,62.5,62.5,63,0,62,4,"sorted(block,parameter,shift,basis)"
finite_shot_conditional,4,0,0,1,1,-2.2,-1.2787240261820123,500,8.965784284662087,1,theta_ell1_q1,1,1,1,global,1.0,30,0.0,-9.080113973602977e-06,0.0,0.0,True,,inf,9.080113973602977e-06,9.080113973602977e-06,False,0.0,0.0,False,0,0,1,global,500,500,8,8,0,0,8,1,62,62.5,62.5,63,0,62,4,"sorted(block,parameter,shift,basis)"
finite_shot_conditional,4,0,0,1,1,-2.2,-1.2787240261820123,500,8.965784284662087,4,theta_ell1_q3,3,1,3,global,1.0,30,0.0,-0.00013293210108400455,0.0,0.0,True,,inf,0.00013293210108400455,0.00013293210108400455,False,0.0,0.0,False,0,0,1,global,500,500,8,8,0,0,8,1,62,62.5,62.5,63,0,62,4,"sorted(block,parameter,shift,basis)"
finite_shot_conditional,4,0,0,1,1,-2.2,-1.2787240261820123,500,8.965784284662087,7,theta_ell1_q2,2,1,2,global,1.0,30,0.0,0.000585495639077227,0.0,0.0,True,,inf,-0.000585495639077227,0.000585495639077227,False,0.0,0.0,False,0,0,1,global,500,500,8,8,0,0,8,1,62,62.5,62.5,63,0,62,4,"sorted(block,parameter,shift,basis)"
finite_shot_conditional,4,0,0,1,1,-2.2,-1.2787240261820123,500,8.965784284662087,8,theta_ell1_q0,0,1,0,global,1.0,30,0.0,-0.00015178254415665338,0.0,0.0,True,,inf,0.00015178254415665338,0.00015178254415665338,False,0.0,0.0,False,0,0,1,global,500,500,8,8,0,0,8,1,62,62.5,62.5,63,0,62,4,"sorted(block,parameter,shift,basis)"
finite_shot_conditional,4,0,0,1,1,-2.2,-1.2787240261820123,500,8.965784284662087,8,theta_ell1_q3,3,1,3,global,1.0,30,0.0,0.0006501557033453675,0.0,0.0,True,,inf,-0.0006501557033453675,0.0006501557033453675,False,0.0,0.0,False,0,0,1,global,500,500,8,8,0,0,8,1,62,62.5,62.5,63,0,62,4,"sorted(block,parameter,shift,basis)"
finite_shot_conditional,4,0,0,1,1,-2.2,-1.2787240261820123,500,8.965784284662087,14,theta_ell1_q0,0,1,0,global,1.0,30,0.0,1.3354923955599673e-07,0.0,0.0,True,,inf,-1.3354923955599673e-07,1.3354923955599673e-07,False,0.0,0.0,False,0,0,1,global,500,500,8,8,0,0,8,1,62,62.5,62.5,63,0,62,4,"sorted(block,parameter,shift,basis)"
finite_shot_conditional,4,0,0,1,1,-2.2,-1.2787240261820123,500,8.965784284662087,14,theta_ell1_q2,2,1,2,global,1.0,30,0.0,6.788113676714502e-08,0.0,0.0,True,,inf,-6.788113676714502e-08,6.788113676714502e-08,False,0.0,0.0,False,0,0,1,global,500,500,8,8,0,0,8,1,62,62.5,62.5,63,0,62,4,"sorted(block,parameter,shift,basis)"
finite_shot_conditional,4,0,0,1,1,-2.2,-1.2787240261820123,500,8.965784284662087,14,theta_ell1_q3,3,1,3,global,1.0,30,0.0,-3.6598248576158454e-07,0.0,0.0,True,,inf,3.6598248576158454e-07,3.6598248576158454e-07,False,0.0,0.0,False,0,0,1,global,500,500,8,8,0,0,8,1,62,62.5,62.5,63,0,62,4,"sorted(block,parameter,shift,basis)"
finite_shot_conditional,4,0,0,1,1,-2.2,-1.2787240261820123,500,8.965784284662087,28,theta_ell1_q1,1,1,1,global,1.0,30,0.0,1.069555820631951e-06,0.0,0.0,True,,inf,-1.069555820631951e-06,1.069555820631951e-06,False,0.0,0.0,False,0,0,1,global,500,500,8,8,0,0,8,1,62,62.5,62.5,63,0,62,4,"sorted(block,parameter,shift,basis)"
finite_shot_conditional,4,0,0,1,1,-2.2,-1.2787240261820123,500,8.965784284662087,31,theta_ell1_q1,1,1,1,global,1.0,30,0.0,8.891152123496893e-05,0.0,0.0,True,,inf,-8.891152123496893e-05,8.891152123496893e-05,False,0.0,0.0,False,0,0,1,global,500,500,8,8,0,0,8,1,62,62.5,62.5,63,0,62,4,"sorted(block,parameter,shift,basis)"
finite_shot_conditional,4,0,0,1,1,-2.2,-1.2787240261820123,500,8.965784284662087,32,theta_ell1_q0,0,1,0,global,1.0,30,0.0,1.1583707498930007e-05,0.0,0.0,True,,inf,-1.1583707498930007e-05,1.1583707498930007e-05,False,0.0,0.0,False,0,0,1,global,500,500,8,8,0,0,8,1,62,62.5,62.5,63,0,62,4,"sorted(block,parameter,shift,basis)"
finite_shot_conditional,4,0,0,1,1,-2.2,-1.2787240261820123,500,8.965784284662087,32,theta_ell1_q2,2,1,2,global,1.0,30,0.0,-6.115425428132593e-05,0.0,0.0,True,,inf,6.115425428132593e-05,6.115425428132593e-05,False,0.0,0.0,False,0,0,1,global,500,500,8,8,0,0,8,1,62,62.5,62.5,63,0,62,4,"sorted(block,parameter,shift,basis)"
finite_shot_conditional,4,0,0,1,1,-2.2,-1.2787240261820123,500,8.965784284662087,32,theta_ell1_q3,3,1,3,global,1.0,30,0.0,1.2993811984718384e-05,0.0,0.0,True,,inf,-1.2993811984718384e-05,1.2993811984718384e-05,False,0.0,0.0,False,0,0,1,global,500,500,8,8,0,0,8,1,62,62.5,62.5,63,0,62,4,"sorted(block,parameter,shift,basis)"
finite_shot_conditional,4,0,0,1,1,-2.2,-1.2787240261820123,500,8.965784284662087,33,theta_ell1_q1,1,1,1,global,1.0,30,0.0,1.0018646894038863e-05,0.0,0.0,True,,inf,-1.0018646894038863e-05,1.0018646894038863e-05,False,0.0,0.0,False,0,0,1,global,500,500,8,8,0,0,8,1,62,62.5,62.5,63,0,62,4,"sorted(block,parameter,shift,basis)"
finite_shot_conditional,4,0,0,1,1,-2.2,-1.2787240261820123,500,8.965784284662087,35,theta_ell1_q0,0,1,0,global,1.0,30,0.0,0.00010906372473951098,0.0,0.0,True,,inf,-0.00010906372473951098,0.00010906372473951098,False,0.0,0.0,False,0,0,1,global,500,500,8,8,0,0,8,1,62,62.5,62.5,63,0,62,4,"sorted(block,parameter,shift,basis)"
finite_shot_conditional,4,0,0,1,1,-2.2,-1.2787240261820123,500,8.965784284662087,35,theta_ell1_q2,2,1,2,global,1.0,30,0.0,-5.472277340712317e-05,0.0,0.0,True,,inf,5.472277340712317e-05,5.472277340712317e-05,False,0.0,0.0,False,0,0,1,global,500,500,8,8,0,0,8,1,62,62.5,62.5,63,0,62,4,"sorted(block,parameter,shift,basis)"
finite_shot_conditional,4,0,0,1,1,-2.2,-1.2787240261820123,500,8.965784284662087,44,theta_ell1_q1,1,1,1,global,1.0,30,0.0,-3.828439795228178e-05,0.0,0.0,True,,inf,3.828439795228178e-05,3.828439795228178e-05,False,0.0,0.0,False,0,0,1,global,500,500,8,8,0,0,8,1,62,62.5,62.5,63,0,62,4,"sorted(block,parameter,shift,basis)"
finite_shot_conditional,4,0,0,1,1,-2.2,-1.2787240261820123,1000,9.965784284662087,0,theta_ell1_q3,3,1,3,global,1.0,30,0.0,0.00019226921154968935,0.0,0.0,True,,inf,-0.00019226921154968935,0.00019226921154968935,False,0.0,0.0,False,0,0,1,global,1000,1000,8,8,0,0,8,1,125,125.0,125.0,125,0,125,0,"sorted(block,parameter,shift,basis)"
finite_shot_conditional,4,0,0,1,1,-2.2,-1.2787240261820123,1000,9.965784284662087,8,theta_ell1_q0,0,1,0,global,1.0,30,0.0,-0.00015178254415665338,0.0,0.0,True,,inf,0.00015178254415665338,0.00015178254415665338,False,0.0,0.0,False,0,0,1,global,1000,1000,8,8,0,0,8,1,125,125.0,125.0,125,0,125,0,"sorted(block,parameter,shift,basis)"
finite_shot_conditional,4,0,0,1,1,-2.2,-1.2787240261820123,1000,9.965784284662087,14,theta_ell1_q0,0,1,0,global,1.0,30,0.0,1.3354923955599673e-07,0.0,0.0,True,,inf,-1.3354923955599673e-07,1.3354923955599673e-07,False,0.0,0.0,False,0,0,1,global,1000,1000,8,8,0,0,8,1,125,125.0,125.0,125,0,125,0,"sorted(block,parameter,shift,basis)"
finite_shot_conditional,4,0,0,1,1,-2.2,-1.2787240261820123,1000,9.965784284662087,14,theta_ell1_q2,2,1,2,global,1.0,30,0.0,6.788113676714502e-08,0.0,0.0,True,,inf,-6.788113676714502e-08,6.788113676714502e-08,False,0.0,0.0,False,0,0,1,global,1000,1000,8,8,0,0,8,1,125,125.0,125.0,125,0,125,0,"sorted(block,parameter,shift,basis)"
finite_shot_conditional,4,0,0,1,1,-2.2,-1.2787240261820123,1000,9.965784284662087,14,theta_ell1_q3,3,1,3,global,1.0,30,0.0,-3.6598248576158454e-07,0.0,0.0,True,,inf,3.6598248576158454e-07,3.6598248576158454e-07,False,0.0,0.0,False,0,0,1,global,1000,1000,8,8,0,0,8,1,125,125.0,125.0,125,0,125,0,"sorted(block,parameter,shift,basis)"
finite_shot_conditional,4,0,0,1,1,-2.2,-1.2787240261820123,1000,9.965784284662087,28,theta_ell1_q1,1,1,1,global,1.0,30,0.0,1.069555820631951e-06,0.0,0.0,True,,inf,-1.069555820631951e-06,1.069555820631951e-06,False,0.0,0.0,False,0,0,1,global,1000,1000,8,8,0,0,8,1,125,125.0,125.0,125,0,125,0,"sorted(block,parameter,shift,basis)"
finite_shot_conditional,4,0,0,1,1,-2.2,-1.2787240261820123,1000,9.965784284662087,32,theta_ell1_q0,0,1,0,global,1.0,30,0.0,1.1583707498930007e-05,0.0,0.0,True,,inf,-1.1583707498930007e-05,1.1583707498930007e-05,False,0.0,0.0,False,0,0,1,global,1000,1000,8,8,0,0,8,1,125,125.0,125.0,125,0,125,0,"sorted(block,parameter,shift,basis)"
finite_shot_conditional,4,0,0,1,1,-2.2,-1.2787240261820123,1000,9.965784284662087,32,theta_ell1_q3,3,1,3,global,1.0,30,0.0,1.2993811984718384e-05,0.0,0.0,True,,inf,-1.2993811984718384e-05,1.2993811984718384e-05,False,0.0,0.0,False,0,0,1,global,1000,1000,8,8,0,0,8,1,125,125.0,125.0,125,0,125,0,"sorted(block,parameter,shift,basis)"
finite_shot_conditional,4,0,0,1,1,-2.2,-1.2787240261820123,1000,9.965784284662087,33,theta_ell1_q1,1,1,1,global,1.0,30,0.0,1.0018646894038863e-05,0.0,0.0,True,,inf,-1.0018646894038863e-05,1.0018646894038863e-05,False,0.0,0.0,False,0,0,1,global,1000,1000,8,8,0,0,8,1,125,125.0,125.0,125,0,125,0,"sorted(block,parameter,shift,basis)"
finite_shot_conditional,4,0,0,1,1,-2.2,-1.2787240261820123,1000,9.965784284662087,33,theta_ell1_q2,2,1,2,global,1.0,30,0.0,4.089312362837161e-05,0.0,0.0,True,,inf,-4.089312362837161e-05,4.089312362837161e-05,False,0.0,0.0,False,0,0,1,global,1000,1000,8,8,0,0,8,1,125,125.0,125.0,125,0,125,0,"sorted(block,parameter,shift,basis)"
finite_shot_conditional,4,0,0,1,1,-2.2,-1.2787240261820123,1000,9.965784284662087,44,theta_ell1_q1,1,1,1,global,1.0,30,0.0,-3.828439795228178e-05,0.0,0.0,True,,inf,3.828439795228178e-05,3.828439795228178e-05,False,0.0,0.0,False,0,0,1,global,1000,1000,8,8,0,0,8,1,125,125.0,125.0,125,0,125,0,"sorted(block,parameter,shift,basis)"
finite_shot_conditional,4,0,0,1,1,-2.2,-1.2787240261820123,2000,10.965784284662087,14,theta_ell1_q0,0,1,0,global,1.0,30,0.0,1.3354923955599673e-07,0.0,0.0,True,,inf,-1.3354923955599673e-07,1.3354923955599673e-07,False,0.0,0.0,False,0,0,1,global,2000,2000,8,8,0,0,8,1,250,250.0,250.0,250,0,250,0,"sorted(block,parameter,shift,basis)"
finite_shot_conditional,4,0,0,1,1,-2.2,-1.2787240261820123,2000,10.965784284662087,14,theta_ell1_q2,2,1,2,global,1.0,30,0.0,6.788113676714502e-08,0.0,0.0,True,,inf,-6.788113676714502e-08,6.788113676714502e-08,False,0.0,0.0,False,0,0,1,global,2000,2000,8,8,0,0,8,1,250,250.0,250.0,250,0,250,0,"sorted(block,parameter,shift,basis)"
finite_shot_conditional,4,0,0,1,1,-2.2,-1.2787240261820123,2000,10.965784284662087,14,theta_ell1_q3,3,1,3,global,1.0,30,0.0,-3.6598248576158454e-07,0.0,0.0,True,,inf,3.6598248576158454e-07,3.6598248576158454e-07,False,0.0,0.0,False,0,0,1,global,2000,2000,8,8,0,0,8,1,250,250.0,250.0,250,0,250,0,"sorted(block,parameter,shift,basis)"
finite_shot_conditional,4,0,0,1,1,-2.2,-1.2787240261820123,2000,10.965784284662087,28,theta_ell1_q1,1,1,1,global,1.0,30,0.0,1.069555820631951e-06,0.0,0.0,True,,inf,-1.069555820631951e-06,1.069555820631951e-06,False,0.0,0.0,False,0,0,1,global,2000,2000,8,8,0,0,8,1,250,250.0,250.0,250,0,250,0,"sorted(block,parameter,shift,basis)"
finite_shot_conditional,4,0,0,1,1,-2.2,-1.2787240261820123,2000,10.965784284662087,32,theta_ell1_q0,0,1,0,global,1.0,30,0.0,1.1583707498930007e-05,0.0,0.0,True,,inf,-1.1583707498930007e-05,1.1583707498930007e-05,False,0.0,0.0,False,0,0,1,global,2000,2000,8,8,0,0,8,1,250,250.0,250.0,250,0,250,0,"sorted(block,parameter,shift,basis)"
finite_shot_conditional,4,0,0,1,1,-2.2,-1.2787240261820123,2000,10.965784284662087,32,theta_ell1_q3,3,1,3,global,1.0,30,0.0,1.2993811984718384e-05,0.0,0.0,True,,inf,-1.2993811984718384e-05,1.2993811984718384e-05,False,0.0,0.0,False,0,0,1,global,2000,2000,8,8,0,0,8,1,250,250.0,250.0,250,0,250,0,"sorted(block,parameter,shift,basis)"
finite_shot_conditional,4,0,0,1,1,-2.2,-1.2787240261820123,2000,10.965784284662087,33,theta_ell1_q1,1,1,1,global,1.0,30,0.0,1.0018646894038863e-05,0.0,0.0,True,,inf,-1.0018646894038863e-05,1.0018646894038863e-05,False,0.0,0.0,False,0,0,1,global,2000,2000,8,8,0,0,8,1,250,250.0,250.0,250,0,250,0,"sorted(block,parameter,shift,basis)"
finite_shot_conditional,4,0,0,1,1,-2.2,-1.2787240261820123,2000,10.965784284662087,35,theta_ell1_q2,2,1,2,global,1.0,30,0.0,-5.472277340712317e-05,0.0,0.0,True,,inf,5.472277340712317e-05,5.472277340712317e-05,False,0.0,0.0,False,0,0,1,global,2000,2000,8,8,0,0,8,1,250,250.0,250.0,250,0,250,0,"sorted(block,parameter,shift,basis)"
finite_shot_conditional,4,0,0,1,2,-1.2000000000000002,-0.6974858324629158,250,7.965784284662087,1,theta_ell2_q1,5,2,1,global,1.0,30,0.0,-2.4000334845564186e-05,0.0,0.0,True,,inf,2.4000334845564186e-05,2.4000334845564186e-05,False,0.0,0.0,False,0,0,1,global,250,250,16,16,0,8,8,1,15,15.625,16.0,16,0,15,10,"sorted(block,parameter,shift,basis)"
finite_shot_conditional,4,0,0,1,2,-1.2000000000000002,-0.6974858324629158,250,7.965784284662087,7,theta_ell2_q2,6,2,2,global,1.0,30,0.0,-4.559257302405584e-05,0.0,0.0,True,,inf,4.559257302405584e-05,4.559257302405584e-05,False,0.0,0.0,False,0,0,1,global,250,250,16,16,0,8,8,1,15,15.625,16.0,16,0,15,10,"sorted(block,parameter,shift,basis)"
finite_shot_conditional,4,0,0,1,2,-1.2000000000000002,-0.6974858324629158,250,7.965784284662087,7,theta_ell2_q3,7,2,3,global,1.0,30,0.0,0.00021708449817192665,0.0,0.0,True,,inf,-0.00021708449817192665,0.00021708449817192665,False,0.0,0.0,False,0,0,1,global,250,250,16,16,0,8,8,1,15,15.625,16.0,16,0,15,10,"sorted(block,parameter,shift,basis)"
finite_shot_conditional,4,0,0,1,2,-1.2000000000000002,-0.6974858324629158,250,7.965784284662087,14,theta_ell2_q1,5,2,1,global,1.0,30,0.0,-0.00012833442818532825,0.0,0.0,True,,inf,0.00012833442818532825,0.00012833442818532825,False,0.0,0.0,False,0,0,1,global,250,250,16,16,0,8,8,1,15,15.625,16.0,16,0,15,10,"sorted(block,parameter,shift,basis)"
finite_shot_conditional,4,0,0,1,2,-1.2000000000000002,-0.6974858324629158,250,7.965784284662087,14,theta_ell2_q2,6,2,2,global,1.0,30,0.0,-0.00011281038820609712,0.0,0.0,True,,inf,0.00011281038820609712,0.00011281038820609712,False,0.0,0.0,False,0,0,1,global,250,250,16,16,0,8,8,1,15,15.625,16.0,16,0,15,10,"sorted(block,parameter,shift,basis)"
finite_shot_conditional,4,0,0,1,2,-1.2000000000000002,-0.6974858324629158,250,7.965784284662087,18,theta_ell2_q3,7,2,3,global,1.0,30,0.0,-9.508518829576262e-05,0.0,0.0,True,,inf,9.508518829576262e-05,9.508518829576262e-05,False,0.0,0.0,False,0,0,1,global,250,250,16,16,0,8,8,1,15,15.625,16.0,16,0,15,10,"sorted(block,parameter,shift,basis)"
finite_shot_conditional,4,0,0,1,2,-1.2000000000000002,-0.6974858324629158,250,7.965784284662087,19,theta_ell2_q1,5,2,1,global,1.0,30,0.0,-8.799787995877884e-05,0.0,0.0,True,,inf,8.799787995877884e-05,8.799787995877884e-05,False,0.0,0.0,False,0,0,1,global,250,250,16,16,0,8,8,1,15,15.625,16.0,16,0,15,10,"sorted(block,parameter,shift,basis)"
finite_shot_conditional,4,0,0,1,2,-1.2000000000000002,-0.6974858324629158,250,7.965784284662087,20,theta_ell2_q1,5,2,1,global,1.0,30,0.0,0.0001480084303113749,0.0,0.0,True,,inf,-0.0001480084303113749,0.0001480084303113749,False,0.0,0.0,False,0,0,1,global,250,250,16,16,0,8,8,1,15,15.625,16.0,16,0,15,10,"sorted(block,parameter,shift,basis)"
finite_shot_conditional,4,0,0,1,2,-1.2000000000000002,-0.6974858324629158,250,7.965784284662087,33,theta_ell2_q0,4,2,0,global,1.0,30,0.0,-0.00011039529178447083,0.0,0.0,True,,inf,0.00011039529178447083,0.00011039529178447083,False,0.0,0.0,False,0,0,1,global,250,250,16,16,0,8,8,1,15,15.625,16.0,16,0,15,10,"sorted(block,parameter,shift,basis)"
finite_shot_conditional,4,0,0,1,2,-1.2000000000000002,-0.6974858324629158,250,7.965784284662087,33,theta_ell2_q1,5,2,1,global,1.0,30,0.0,-8.570836399623971e-05,0.0,0.0,True,,inf,8.570836399623971e-05,8.570836399623971e-05,False,0.0,0.0,False,0,0,1,global,250,250,16,16,0,8,8,1,15,15.625,16.0,16,0,15,10,"sorted(block,parameter,shift,basis)"
finite_shot_conditional,4,0,0,1,2,-1.2000000000000002,-0.6974858324629158,250,7.965784284662087,36,theta_ell2_q0,4,2,0,global,1.0,30,0.0,-3.3744409283664734e-05,0.0,0.0,True,,inf,3.3744409283664734e-05,3.3744409283664734e-05,False,0.0,0.0,False,0,0,1,global,250,250,16,16,0,8,8,1,15,15.625,16.0,16,0,15,10,"sorted(block,parameter,shift,basis)"
finite_shot_conditional,4,0,0,1,2,-1.2000000000000002,-0.6974858324629158,250,7.965784284662087,36,theta_ell2_q3,7,2,3,global,1.0,30,0.0,1.0312172909254791e-05,0.0,0.0,True,,inf,-1.0312172909254791e-05,1.0312172909254791e-05,False,0.0,0.0,False,0,0,1,global,250,250,16,16,0,8,8,1,15,15.625,16.0,16,0,15,10,"sorted(block,parameter,shift,basis)"
finite_shot_conditional,4,0,0,1,2,-1.2000000000000002,-0.6974858324629158,250,7.965784284662087,38,theta_ell2_q1,5,2,1,global,1.0,30,0.0,2.690042111286317e-07,0.0,0.0,True,,inf,-2.690042111286317e-07,2.690042111286317e-07,False,0.0,0.0,False,0,0,1,global,250,250,16,16,0,8,8,1,15,15.625,16.0,16,0,15,10,"sorted(block,parameter,shift,basis)"
finite_shot_conditional,4,0,0,1,2,-1.2000000000000002,-0.6974858324629158,250,7.965784284662087,38,theta_ell2_q2,6,2,2,global,1.0,30,0.0,-1.0378805211930242e-05,0.0,0.0,True,,inf,1.0378805211930242e-05,1.0378805211930242e-05,False,0.0,0.0,False,0,0,1,global,250,250,16,16,0,8,8,1,15,15.625,16.0,16,0,15,10,"sorted(block,parameter,shift,basis)"
finite_shot_conditional,4,0,0,1,2,-1.2000000000000002,-0.6974858324629158,250,7.965784284662087,38,theta_ell2_q3,7,2,3,global,1.0,30,0.0,-2.455504526771568e-05,0.0,0.0,True,,inf,2.455504526771568e-05,2.455504526771568e-05,False,0.0,0.0,False,0,0,1,global,250,250,16,16,0,8,8,1,15,15.625,16.0,16,0,15,10,"sorted(block,parameter,shift,basis)"
finite_shot_conditional,4,0,0,1,2,-1.2000000000000002,-0.6974858324629158,250,7.965784284662087,39,theta_ell2_q0,4,2,0,global,1.0,30,0.0,2.141702161728709e-07,0.0,0.0,True,,inf,-2.141702161728709e-07,2.141702161728709e-07,False,0.0,0.0,False,0,0,1,global,250,250,16,16,0,8,8,1,15,15.625,16.0,16,0,15,10,"sorted(block,parameter,shift,basis)"
finite_shot_conditional,4,0,0,1,2,-1.2000000000000002,-0.6974858324629158,250,7.965784284662087,39,theta_ell2_q2,6,2,2,global,1.0,30,0.0,1.28168989310673e-08,0.0,0.0,True,,inf,-1.28168989310673e-08,1.28168989310673e-08,False,0.0,0.0,False,0,0,1,global,250,250,16,16,0,8,8,1,15,15.625,16.0,16,0,15,10,"sorted(block,parameter,shift,basis)"
finite_shot_conditional,4,0,0,1,2,-1.2000000000000002,-0.6974858324629158,250,7.965784284662087,39,theta_ell2_q3,7,2,3,global,1.0,30,0.0,-5.862178766302684e-07,0.0,0.0,True,,inf,5.862178766302684e-07,5.862178766302684e-07,False,0.0,0.0,False,0,0,1,global,250,250,16,16,0,8,8,1,15,15.625,16.0,16,0,15,10,"sorted(block,parameter,shift,basis)"
finite_shot_conditional,4,0,0,1,2,-1.2000000000000002,-0.6974858324629158,250,7.965784284662087,45,theta_ell2_q0,4,2,0,global,1.0,30,0.0,0.00014364842029096492,0.0,0.0,True,,inf,-0.00014364842029096492,0.00014364842029096492,False,0.0,0.0,False,0,0,1,global,250,250,16,16,0,8,8,1,15,15.625,16.0,16,0,15,10,"sorted(block,parameter,shift,basis)"
finite_shot_conditional,4,0,0,1,2,-1.2000000000000002,-0.6974858324629158,250,7.965784284662087,45,theta_ell2_q1,5,2,1,global,1.0,30,0.0,0.001096624388117251,0.0,0.0,True,,inf,-0.001096624388117251,0.001096624388117251,False,0.0,0.0,False,0,0,1,global,250,250,16,16,0,8,8,1,15,15.625,16.0,16,0,15,10,"sorted(block,parameter,shift,basis)"
finite_shot_conditional,4,0,0,1,2,-1.2000000000000002,-0.6974858324629158,250,7.965784284662087,48,theta_ell2_q0,4,2,0,global,1.0,30,0.0,-0.0001688049454856566,0.0,0.0,True,,inf,0.0001688049454856566,0.0001688049454856566,False,0.0,0.0,False,0,0,1,global,250,250,16,16,0,8,8,1,15,15.625,16.0,16,0,15,10,"sorted(block,parameter,shift,basis)"
finite_shot_conditional,4,0,0,1,2,-1.2000000000000002,-0.6974858324629158,250,7.965784284662087,48,theta_ell2_q2,6,2,2,global,1.0,30,0.0,1.9472403931741766e-05,0.0,0.0,True,,inf,-1.9472403931741766e-05,1.9472403931741766e-05,False,0.0,0.0,False,0,0,1,global,250,250,16,16,0,8,8,1,15,15.625,16.0,16,0,15,10,"sorted(block,parameter,shift,basis)"
finite_shot_conditional,4,0,0,1,2,-1.2000000000000002,-0.6974858324629158,250,7.965784284662087,48,theta_ell2_q3,7,2,3,global,1.0,30,0.0,0.0003380430644049359,0.0,0.0,True,,inf,-0.0003380430644049359,0.0003380430644049359,False,0.0,0.0,False,0,0,1,global,250,250,16,16,0,8,8,1,15,15.625,16.0,16,0,15,10,"sorted(block,parameter,shift,basis)"
finite_shot_conditional,4,0,0,1,2,-1.2000000000000002,-0.6974858324629158,500,8.965784284662087,7,theta_ell2_q2,6,2,2,global,1.0,30,0.0,-4.559257302405584e-05,0.0,0.0,True,,inf,4.559257302405584e-05,4.559257302405584e-05,False,0.0,0.0,False,0,0,1,global,500,500,16,16,0,8,8,1,31,31.25,31.0,32,0,31,4,"sorted(block,parameter,shift,basis)"
finite_shot_conditional,4,0,0,1,2,-1.2000000000000002,-0.6974858324629158,500,8.965784284662087,8,theta_ell2_q1,5,2,1,global,1.0,30,0.0,5.7477040096398646e-05,0.0,0.0,True,,inf,-5.7477040096398646e-05,5.7477040096398646e-05,False,0.0,0.0,False,0,0,1,global,500,500,16,16,0,8,8,1,31,31.25,31.0,32,0,31,4,"sorted(block,parameter,shift,basis)"
finite_shot_conditional,4,0,0,1,2,-1.2000000000000002,-0.6974858324629158,500,8.965784284662087,14,theta_ell2_q1,5,2,1,global,1.0,30,0.0,-0.00012833442818532825,0.0,0.0,True,,inf,0.00012833442818532825,0.00012833442818532825,False,0.0,0.0,False,0,0,1,global,500,500,16,16,0,8,8,1,31,31.25,31.0,32,0,31,4,"sorted(block,parameter,shift,basis)"
finite_shot_conditional,4,0,0,1,2,-1.2000000000000002,-0.6974858324629158,500,8.965784284662087,14,theta_ell2_q2,6,2,2,global,1.0,30,0.0,-0.00011281038820609712,0.0,0.0,True,,inf,0.00011281038820609712,0.00011281038820609712,False,0.0,0.0,False,0,0,1,global,500,500,16,16,0,8,8,1,31,31.25,31.0,32,0,31,4,"sorted(block,parameter,shift,basis)"
finite_shot_conditional,4,0,0,1,2,-1.2000000000000002,-0.6974858324629158,500,8.965784284662087,18,theta_ell2_q3,7,2,3,global,1.0,30,0.0,-9.508518829576262e-05,0.0,0.0,True,,inf,9.508518829576262e-05,9.508518829576262e-05,False,0.0,0.0,False,0,0,1,global,500,500,16,16,0,8,8,1,31,31.25,31.0,32,0,31,4,"sorted(block,parameter,shift,basis)"
finite_shot_conditional,4,0,0,1,2,-1.2000000000000002,-0.6974858324629158,500,8.965784284662087,33,theta_ell2_q0,4,2,0,global,1.0,30,0.0,-0.00011039529178447083,0.0,0.0,True,,inf,0.00011039529178447083,0.00011039529178447083,False,0.0,0.0,False,0,0,1,global,500,500,16,16,0,8,8,1,31,31.25,31.0,32,0,31,4,"sorted(block,parameter,shift,basis)"
finite_shot_conditional,4,0,0,1,2,-1.2000000000000002,-0.6974858324629158,500,8.965784284662087,33,theta_ell2_q1,5,2,1,global,1.0,30,0.0,-8.570836399623971e-05,0.0,0.0,True,,inf,8.570836399623971e-05,8.570836399623971e-05,False,0.0,0.0,False,0,0,1,global,500,500,16,16,0,8,8,1,31,31.25,31.0,32,0,31,4,"sorted(block,parameter,shift,basis)"
finite_shot_conditional,4,0,0,1,2,-1.2000000000000002,-0.6974858324629158,500,8.965784284662087,36,theta_ell1_q0,0,1,0,global,1.0,30,0.0,-3.1301862301571783e-06,0.0,0.0,True,,inf,3.1301862301571783e-06,3.1301862301571783e-06,False,0.0,0.0,False,0,0,1,global,500,500,16,16,0,8,8,1,31,31.25,31.0,32,0,31,4,"sorted(block,parameter,shift,basis)"
finite_shot_conditional,4,0,0,1,2,-1.2000000000000002,-0.6974858324629158,500,8.965784284662087,36,theta_ell1_q1,1,1,1,global,1.0,30,0.0,3.225561116762913e-05,0.0,0.0,True,,inf,-3.225561116762913e-05,3.225561116762913e-05,False,0.0,0.0,False,0,0,1,global,500,500,16,16,0,8,8,1,31,31.25,31.0,32,0,31,4,"sorted(block,parameter,shift,basis)"
finite_shot_conditional,4,0,0,1,2,-1.2000000000000002,-0.6974858324629158,500,8.965784284662087,36,theta_ell1_q2,2,1,2,global,1.0,30,0.0,2.762859250263726e-06,0.0,0.0,True,,inf,-2.762859250263726e-06,2.762859250263726e-06,False,0.0,0.0,False,0,0,1,global,500,500,16,16,0,8,8,1,31,31.25,31.0,32,0,31,4,"sorted(block,parameter,shift,basis)"
finite_shot_conditional,4,0,0,1,2,-1.2000000000000002,-0.6974858324629158,500,8.965784284662087,36,theta_ell1_q3,3,1,3,global,1.0,30,0.0,3.966415531981336e-07,0.0,0.0,True,,inf,-3.966415531981336e-07,3.966415531981336e-07,False,0.0,0.0,False,0,0,1,global,500,500,16,16,0,8,8,1,31,31.25,31.0,32,0,31,4,"sorted(block,parameter,shift,basis)"
finite_shot_conditional,4,0,0,1,2,-1.2000000000000002,-0.6974858324629158,500,8.965784284662087,36,theta_ell2_q0,4,2,0,global,1.0,30,0.0,-3.3744409283664734e-05,0.0,0.0,True,,inf,3.3744409283664734e-05,3.3744409283664734e-05,False,0.0,0.0,False,0,0,1,global,500,500,16,16,0,8,8,1,31,31.25,31.0,32,0,31,4,"sorted(block,parameter,shift,basis)"
finite_shot_conditional,4,0,0,1,2,-1.2000000000000002,-0.6974858324629158,500,8.965784284662087,36,theta_ell2_q1,5,2,1,global,1.0,30,0.0,5.341218756821364e-05,0.0,0.0,True,,inf,-5.341218756821364e-05,5.341218756821364e-05,False,0.0,0.0,False,0,0,1,global,500,500,16,16,0,8,8,1,31,31.25,31.0,32,0,31,4,"sorted(block,parameter,shift,basis)"
finite_shot_conditional,4,0,0,1,2,-1.2000000000000002,-0.6974858324629158,500,8.965784284662087,36,theta_ell2_q2,6,2,2,global,1.0,30,0.0,2.1583496360166876e-05,0.0,0.0,True,,inf,-2.1583496360166876e-05,2.1583496360166876e-05,False,0.0,0.0,False,0,0,1,global,500,500,16,16,0,8,8,1,31,31.25,31.0,32,0,31,4,"sorted(block,parameter,shift,basis)"
finite_shot_conditional,4,0,0,1,2,-1.2000000000000002,-0.6974858324629158,500,8.965784284662087,36,theta_ell2_q3,7,2,3,global,1.0,30,0.0,1.0312172909254791e-05,0.0,0.0,True,,inf,-1.0312172909254791e-05,1.0312172909254791e-05,False,0.0,0.0,False,0,0,1,global,500,500,16,16,0,8,8,1,31,31.25,31.0,32,0,31,4,"sorted(block,parameter,shift,basis)"
finite_shot_conditional,4,0,0,1,2,-1.2000000000000002,-0.6974858324629158,500,8.965784284662087,38,theta_ell2_q1,5,2,1,global,1.0,30,0.0,2.690042111286317e-07,0.0,0.0,True,,inf,-2.690042111286317e-07,2.690042111286317e-07,False,0.0,0.0,False,0,0,1,global,500,500,16,16,0,8,8,1,31,31.25,31.0,32,0,31,4,"sorted(block,parameter,shift,basis)"
finite_shot_conditional,4,0,0,1,2,-1.2000000000000002,-0.6974858324629158,500,8.965784284662087,38,theta_ell2_q2,6,2,2,global,1.0,30,0.0,-1.0378805211930242e-05,0.0,0.0,True,,inf,1.0378805211930242e-05,1.0378805211930242e-05,False,0.0,0.0,False,0,0,1,global,500,500,16,16,0,8,8,1,31,31.25,31.0,32,0,31,4,"sorted(block,parameter,shift,basis)"
finite_shot_conditional,4,0,0,1,2,-1.2000000000000002,-0.6974858324629158,500,8.965784284662087,39,theta_ell2_q0,4,2,0,global,1.0,30,0.0,2.141702161728709e-07,0.0,0.0,True,,inf,-2.141702161728709e-07,2.141702161728709e-07,False,0.0,0.0,False,0,0,1,global,500,500,16,16,0,8,8,1,31,31.25,31.0,32,0,31,4,"sorted(block,parameter,shift,basis)"
finite_shot_conditional,4,0,0,1,2,-1.2000000000000002,-0.6974858324629158,500,8.965784284662087,39,theta_ell2_q2,6,2,2,global,1.0,30,0.0,1.28168989310673e-08,0.0,0.0,True,,inf,-1.28168989310673e-08,1.28168989310673e-08,False,0.0,0.0,False,0,0,1,global,500,500,16,16,0,8,8,1,31,31.25,31.0,32,0,31,4,"sorted(block,parameter,shift,basis)"
finite_shot_conditional,4,0,0,1,2,-1.2000000000000002,-0.6974858324629158,500,8.965784284662087,39,theta_ell2_q3,7,2,3,global,1.0,30,0.0,-5.862178766302684e-07,0.0,0.0,True,,inf,5.862178766302684e-07,5.862178766302684e-07,False,0.0,0.0,False,0,0,1,global,500,500,16,16,0,8,8,1,31,31.25,31.0,32,0,31,4,"sorted(block,parameter,shift,basis)"
finite_shot_conditional,4,0,0,1,2,-1.2000000000000002,-0.6974858324629158,500,8.965784284662087,45,theta_ell2_q0,4,2,0,global,1.0,30,0.0,0.00014364842029096492,0.0,0.0,True,,inf,-0.00014364842029096492,0.00014364842029096492,False,0.0,0.0,False,0,0,1,global,500,500,16,16,0,8,8,1,31,31.25,31.0,32,0,31,4,"sorted(block,parameter,shift,basis)"
finite_shot_conditional,4,0,0,1,2,-1.2000000000000002,-0.6974858324629158,500,8.965784284662087,48,theta_ell2_q0,4,2,0,global,1.0,30,0.0,-0.0001688049454856566,0.0,0.0,True,,inf,0.0001688049454856566,0.0001688049454856566,False,0.0,0.0,False,0,0,1,global,500,500,16,16,0,8,8,1,31,31.25,31.0,32,0,31,4,"sorted(block,parameter,shift,basis)"
finite_shot_conditional,4,0,0,1,2,-1.2000000000000002,-0.6974858324629158,500,8.965784284662087,48,theta_ell2_q2,6,2,2,global,1.0,30,0.0,1.9472403931741766e-05,0.0,0.0,True,,inf,-1.9472403931741766e-05,1.9472403931741766e-05,False,0.0,0.0,False,0,0,1,global,500,500,16,16,0,8,8,1,31,31.25,31.0,32,0,31,4,"sorted(block,parameter,shift,basis)"
finite_shot_conditional,4,0,0,1,2,-1.2000000000000002,-0.6974858324629158,1000,9.965784284662087,7,theta_ell2_q2,6,2,2,global,1.0,30,0.0,-4.559257302405584e-05,0.0,0.0,True,,inf,4.559257302405584e-05,4.559257302405584e-05,False,0.0,0.0,False,0,0,1,global,1000,1000,16,16,0,8,8,1,62,62.5,62.5,63,0,62,8,"sorted(block,parameter,shift,basis)"
finite_shot_conditional,4,0,0,1,2,-1.2000000000000002,-0.6974858324629158,1000,9.965784284662087,14,theta_ell2_q1,5,2,1,global,1.0,30,0.0,-0.00012833442818532825,0.0,0.0,True,,inf,0.00012833442818532825,0.00012833442818532825,False,0.0,0.0,False,0,0,1,global,1000,1000,16,16,0,8,8,1,62,62.5,62.5,63,0,62,8,"sorted(block,parameter,shift,basis)"
finite_shot_conditional,4,0,0,1,2,-1.2000000000000002,-0.6974858324629158,1000,9.965784284662087,14,theta_ell2_q2,6,2,2,global,1.0,30,0.0,-0.00011281038820609712,0.0,0.0,True,,inf,0.00011281038820609712,0.00011281038820609712,False,0.0,0.0,False,0,0,1,global,1000,1000,16,16,0,8,8,1,62,62.5,62.5,63,0,62,8,"sorted(block,parameter,shift,basis)"
finite_shot_conditional,4,0,0,1,2,-1.2000000000000002,-0.6974858324629158,1000,9.965784284662087,18,theta_ell2_q3,7,2,3,global,1.0,30,0.0,-9.508518829576262e-05,0.0,0.0,True,,inf,9.508518829576262e-05,9.508518829576262e-05,False,0.0,0.0,False,0,0,1,global,1000,1000,16,16,0,8,8,1,62,62.5,62.5,63,0,62,8,"sorted(block,parameter,shift,basis)"
finite_shot_conditional,4,0,0,1,2,-1.2000000000000002,-0.6974858324629158,1000,9.965784284662087,19,theta_ell2_q1,5,2,1,global,1.0,30,0.0,-8.799787995877884e-05,0.0,0.0,True,,inf,8.799787995877884e-05,8.799787995877884e-05,False,0.0,0.0,False,0,0,1,global,1000,1000,16,16,0,8,8,1,62,62.5,62.5,63,0,62,8,"sorted(block,parameter,shift,basis)"
finite_shot_conditional,4,0,0,1,2,-1.2000000000000002,-0.6974858324629158,1000,9.965784284662087,33,theta_ell2_q0,4,2,0,global,1.0,30,0.0,-0.00011039529178447083,0.0,0.0,True,,inf,0.00011039529178447083,0.00011039529178447083,False,0.0,0.0,False,0,0,1,global,1000,1000,16,16,0,8,8,1,62,62.5,62.5,63,0,62,8,"sorted(block,parameter,shift,basis)"
finite_shot_conditional,4,0,0,1,2,-1.2000000000000002,-0.6974858324629158,1000,9.965784284662087,36,theta_ell2_q1,5,2,1,global,1.0,30,0.0,5.341218756821364e-05,0.0,0.0,True,,inf,-5.341218756821364e-05,5.341218756821364e-05,False,0.0,0.0,False,0,0,1,global,1000,1000,16,16,0,8,8,1,62,62.5,62.5,63,0,62,8,"sorted(block,parameter,shift,basis)"
finite_shot_conditional,4,0,0,1,2,-1.2000000000000002,-0.6974858324629158,1000,9.965784284662087,36,theta_ell2_q2,6,2,2,global,1.0,30,0.0,2.1583496360166876e-05,0.0,0.0,True,,inf,-2.1583496360166876e-05,2.1583496360166876e-05,False,0.0,0.0,False,0,0,1,global,1000,1000,16,16,0,8,8,1,62,62.5,62.5,63,0,62,8,"sorted(block,parameter,shift,basis)"
finite_shot_conditional,4,0,0,1,2,-1.2000000000000002,-0.6974858324629158,1000,9.965784284662087,36,theta_ell2_q3,7,2,3,global,1.0,30,0.0,1.0312172909254791e-05,0.0,0.0,True,,inf,-1.0312172909254791e-05,1.0312172909254791e-05,False,0.0,0.0,False,0,0,1,global,1000,1000,16,16,0,8,8,1,62,62.5,62.5,63,0,62,8,"sorted(block,parameter,shift,basis)"
finite_shot_conditional,4,0,0,1,2,-1.2000000000000002,-0.6974858324629158,1000,9.965784284662087,38,theta_ell2_q1,5,2,1,global,1.0,30,0.0,2.690042111286317e-07,0.0,0.0,True,,inf,-2.690042111286317e-07,2.690042111286317e-07,False,0.0,0.0,False,0,0,1,global,1000,1000,16,16,0,8,8,1,62,62.5,62.5,63,0,62,8,"sorted(block,parameter,shift,basis)"
finite_shot_conditional,4,0,0,1,2,-1.2000000000000002,-0.6974858324629158,1000,9.965784284662087,38,theta_ell2_q2,6,2,2,global,1.0,30,0.0,-1.0378805211930242e-05,0.0,0.0,True,,inf,1.0378805211930242e-05,1.0378805211930242e-05,False,0.0,0.0,False,0,0,1,global,1000,1000,16,16,0,8,8,1,62,62.5,62.5,63,0,62,8,"sorted(block,parameter,shift,basis)"
finite_shot_conditional,4,0,0,1,2,-1.2000000000000002,-0.6974858324629158,1000,9.965784284662087,39,theta_ell2_q0,4,2,0,global,1.0,30,0.0,2.141702161728709e-07,0.0,0.0,True,,inf,-2.141702161728709e-07,2.141702161728709e-07,False,0.0,0.0,False,0,0,1,global,1000,1000,16,16,0,8,8,1,62,62.5,62.5,63,0,62,8,"sorted(block,parameter,shift,basis)"
finite_shot_conditional,4,0,0,1,2,-1.2000000000000002,-0.6974858324629158,1000,9.965784284662087,39,theta_ell2_q2,6,2,2,global,1.0,30,0.0,1.28168989310673e-08,0.0,0.0,True,,inf,-1.28168989310673e-08,1.28168989310673e-08,False,0.0,0.0,False,0,0,1,global,1000,1000,16,16,0,8,8,1,62,62.5,62.5,63,0,62,8,"sorted(block,parameter,shift,basis)"
finite_shot_conditional,4,0,0,1,2,-1.2000000000000002,-0.6974858324629158,1000,9.965784284662087,39,theta_ell2_q3,7,2,3,global,1.0,30,0.0,-5.862178766302684e-07,0.0,0.0,True,,inf,5.862178766302684e-07,5.862178766302684e-07,False,0.0,0.0,False,0,0,1,global,1000,1000,16,16,0,8,8,1,62,62.5,62.5,63,0,62,8,"sorted(block,parameter,shift,basis)"
finite_shot_conditional,4,0,0,1,2,-1.2000000000000002,-0.6974858324629158,2000,10.965784284662087,1,theta_ell2_q1,5,2,1,global,1.0,30,0.0,-2.4000334845564186e-05,0.0,0.0,True,,inf,2.4000334845564186e-05,2.4000334845564186e-05,False,0.0,0.0,False,0,0,1,global,2000,2000,16,16,0,8,8,1,125,125.0,125.0,125,0,125,0,"sorted(block,parameter,shift,basis)"
finite_shot_conditional,4,0,0,1,2,-1.2000000000000002,-0.6974858324629158,2000,10.965784284662087,19,theta_ell2_q1,5,2,1,global,1.0,30,0.0,-8.799787995877884e-05,0.0,0.0,True,,inf,8.799787995877884e-05,8.799787995877884e-05,False,0.0,0.0,False,0,0,1,global,2000,2000,16,16,0,8,8,1,125,125.0,125.0,125,0,125,0,"sorted(block,parameter,shift,basis)"
finite_shot_conditional,4,0,0,1,2,-1.2000000000000002,-0.6974858324629158,2000,10.965784284662087,33,theta_ell2_q0,4,2,0,global,1.0,30,0.0,-0.00011039529178447083,0.0,0.0,True,,inf,0.00011039529178447083,0.00011039529178447083,False,0.0,0.0,False,0,0,1,global,2000,2000,16,16,0,8,8,1,125,125.0,125.0,125,0,125,0,"sorted(block,parameter,shift,basis)"
finite_shot_conditional,4,0,0,1,2,-1.2000000000000002,-0.6974858324629158,2000,10.965784284662087,33,theta_ell2_q1,5,2,1,global,1.0,30,0.0,-8.570836399623971e-05,0.0,0.0,True,,inf,8.570836399623971e-05,8.570836399623971e-05,False,0.0,0.0,False,0,0,1,global,2000,2000,16,16,0,8,8,1,125,125.0,125.0,125,0,125,0,"sorted(block,parameter,shift,basis)"
finite_shot_conditional,4,0,0,1,2,-1.2000000000000002,-0.6974858324629158,2000,10.965784284662087,36,theta_ell2_q2,6,2,2,global,1.0,30,0.0,2.1583496360166876e-05,0.0,0.0,True,,inf,-2.1583496360166876e-05,2.1583496360166876e-05,False,0.0,0.0,False,0,0,1,global,2000,2000,16,16,0,8,8,1,125,125.0,125.0,125,0,125,0,"sorted(block,parameter,shift,basis)"
finite_shot_conditional,4,0,0,1,2,-1.2000000000000002,-0.6974858324629158,2000,10.965784284662087,36,theta_ell2_q3,7,2,3,global,1.0,30,0.0,1.0312172909254791e-05,0.0,0.0,True,,inf,-1.0312172909254791e-05,1.0312172909254791e-05,False,0.0,0.0,False,0,0,1,global,2000,2000,16,16,0,8,8,1,125,125.0,125.0,125,0,125,0,"sorted(block,parameter,shift,basis)"
finite_shot_conditional,4,0,0,1,2,-1.2000000000000002,-0.6974858324629158,2000,10.965784284662087,38,theta_ell2_q1,5,2,1,global,1.0,30,0.0,2.690042111286317e-07,0.0,0.0,True,,inf,-2.690042111286317e-07,2.690042111286317e-07,False,0.0,0.0,False,0,0,1,global,2000,2000,16,16,0,8,8,1,125,125.0,125.0,125,0,125,0,"sorted(block,parameter,shift,basis)"
finite_shot_conditional,4,0,0,1,2,-1.2000000000000002,-0.6974858324629158,2000,10.965784284662087,39,theta_ell2_q0,4,2,0,global,1.0,30,0.0,2.141702161728709e-07,0.0,0.0,True,,inf,-2.141702161728709e-07,2.141702161728709e-07,False,0.0,0.0,False,0,0,1,global,2000,2000,16,16,0,8,8,1,125,125.0,125.0,125,0,125,0,"sorted(block,parameter,shift,basis)"
finite_shot_conditional,4,0,0,1,2,-1.2000000000000002,-0.6974858324629158,2000,10.965784284662087,39,theta_ell2_q2,6,2,2,global,1.0,30,0.0,1.28168989310673e-08,0.0,0.0,True,,inf,-1.28168989310673e-08,1.28168989310673e-08,False,0.0,0.0,False,0,0,1,global,2000,2000,16,16,0,8,8,1,125,125.0,125.0,125,0,125,0,"sorted(block,parameter,shift,basis)"
finite_shot_conditional,4,0,0,1,2,-1.2000000000000002,-0.6974858324629158,2000,10.965784284662087,39,theta_ell2_q3,7,2,3,global,1.0,30,0.0,-5.862178766302684e-07,0.0,0.0,True,,inf,5.862178766302684e-07,5.862178766302684e-07,False,0.0,0.0,False,0,0,1,global,2000,2000,16,16,0,8,8,1,125,125.0,125.0,125,0,125,0,"sorted(block,parameter,shift,basis)"
finite_shot_conditional,4,0,0,1,3,-0.20000000000000018,-0.11624763874381938,250,7.965784284662087,17,theta_ell3_q1,9,3,1,global,1.0,30,0.0,3.73405924833925e-05,0.0,0.0,True,,inf,-3.73405924833925e-05,3.73405924833925e-05,False,0.0,0.0,False,0,0,1,global,250,250,24,24,0,16,8,1,10,10.416666666666666,10.0,11,0,10,10,"sorted(block,parameter,shift,basis)"
finite_shot_conditional,4,0,0,1,3,-0.20000000000000018,-0.11624763874381938,250,7.965784284662087,17,theta_ell3_q2,10,3,2,global,1.0,30,0.0,-0.00010138948316884555,0.0,0.0,True,,inf,0.00010138948316884555,0.00010138948316884555,False,0.0,0.0,False,0,0,1,global,250,250,24,24,0,16,8,1,10,10.416666666666666,10.0,11,0,10,10,"sorted(block,parameter,shift,basis)"
finite_shot_conditional,4,0,0,1,3,-0.20000000000000018,-0.11624763874381938,250,7.965784284662087,19,theta_ell3_q0,8,3,0,global,1.0,30,0.0,0.0020467165468786575,0.0,0.0,True,,inf,-0.0020467165468786575,0.0020467165468786575,False,0.0,0.0,False,0,0,1,global,250,250,24,24,0,16,8,1,10,10.416666666666666,10.0,11,0,10,10,"sorted(block,parameter,shift,basis)"
finite_shot_conditional,4,0,0,1,3,-0.20000000000000018,-0.11624763874381938,250,7.965784284662087,19,theta_ell3_q1,9,3,1,global,1.0,30,0.0,0.0009985634044643033,0.0,0.0,True,,inf,-0.0009985634044643033,0.0009985634044643033,False,0.0,0.0,False,0,0,1,global,250,250,24,24,0,16,8,1,10,10.416666666666666,10.0,11,0,10,10,"sorted(block,parameter,shift,basis)"
finite_shot_conditional,4,0,0,1,3,-0.20000000000000018,-0.11624763874381938,250,7.965784284662087,19,theta_ell3_q3,11,3,3,global,1.0,30,0.0,0.001964288859211627,0.0,0.0,True,,inf,-0.001964288859211627,0.001964288859211627,False,0.0,0.0,False,0,0,1,global,250,250,24,24,0,16,8,1,10,10.416666666666666,10.0,11,0,10,10,"sorted(block,parameter,shift,basis)"
finite_shot_conditional,4,0,0,1,3,-0.20000000000000018,-0.11624763874381938,250,7.965784284662087,20,theta_ell1_q0,0,1,0,global,1.0,30,0.0,-1.1223321366962808e-05,0.0,0.0,True,,inf,1.1223321366962808e-05,1.1223321366962808e-05,False,0.0,0.0,False,0,0,1,global,250,250,24,24,0,16,8,1,10,10.416666666666666,10.0,11,0,10,10,"sorted(block,parameter,shift,basis)"
finite_shot_conditional,4,0,0,1,3,-0.20000000000000018,-0.11624763874381938,250,7.965784284662087,20,theta_ell1_q1,1,1,1,global,1.0,30,0.0,0.000189028874076548,0.0,0.0,True,,inf,-0.000189028874076548,0.000189028874076548,False,0.0,0.0,False,0,0,1,global,250,250,24,24,0,16,8,1,10,10.416666666666666,10.0,11,0,10,10,"sorted(block,parameter,shift,basis)"
finite_shot_conditional,4,0,0,1,3,-0.20000000000000018,-0.11624763874381938,250,7.965784284662087,20,theta_ell1_q2,2,1,2,global,1.0,30,0.0,0.00010206104148769231,0.0,0.0,True,,inf,-0.00010206104148769231,0.00010206104148769231,False,0.0,0.0,False,0,0,1,global,250,250,24,24,0,16,8,1,10,10.416666666666666,10.0,11,0,10,10,"sorted(block,parameter,shift,basis)"
finite_shot_conditional,4,0,0,1,3,-0.20000000000000018,-0.11624763874381938,250,7.965784284662087,20,theta_ell1_q3,3,1,3,global,1.0,30,0.0,-6.0807268988403345e-05,0.0,0.0,True,,inf,6.0807268988403345e-05,6.0807268988403345e-05,False,0.0,0.0,False,0,0,1,global,250,250,24,24,0,16,8,1,10,10.416666666666666,10.0,11,0,10,10,"sorted(block,parameter,shift,basis)"
finite_shot_conditional,4,0,0,1,3,-0.20000000000000018,-0.11624763874381938,250,7.965784284662087,20,theta_ell2_q0,4,2,0,global,1.0,30,0.0,2.520313575158733e-06,0.0,0.0,True,,inf,-2.520313575158733e-06,2.520313575158733e-06,False,0.0,0.0,False,0,0,1,global,250,250,24,24,0,16,8,1,10,10.416666666666666,10.0,11,0,10,10,"sorted(block,parameter,shift,basis)"
finite_shot_conditional,4,0,0,1,3,-0.20000000000000018,-0.11624763874381938,250,7.965784284662087,20,theta_ell2_q1,5,2,1,global,1.0,30,0.0,2.8963175333456328e-05,0.0,0.0,True,,inf,-2.8963175333456328e-05,2.8963175333456328e-05,False,0.0,0.0,False,0,0,1,global,250,250,24,24,0,16,8,1,10,10.416666666666666,10.0,11,0,10,10,"sorted(block,parameter,shift,basis)"
finite_shot_conditional,4,0,0,1,3,-0.20000000000000018,-0.11624763874381938,250,7.965784284662087,20,theta_ell2_q2,6,2,2,global,1.0,30,0.0,-7.736973396486463e-05,0.0,0.0,True,,inf,7.736973396486463e-05,7.736973396486463e-05,False,0.0,0.0,False,0,0,1,global,250,250,24,24,0,16,8,1,10,10.416666666666666,10.0,11,0,10,10,"sorted(block,parameter,shift,basis)"
finite_shot_conditional,4,0,0,1,3,-0.20000000000000018,-0.11624763874381938,250,7.965784284662087,20,theta_ell2_q3,7,2,3,global,1.0,30,0.0,-1.5686640857315553e-07,0.0,0.0,True,,inf,1.5686640857315553e-07,1.5686640857315553e-07,False,0.0,0.0,False,0,0,1,global,250,250,24,24,0,16,8,1,10,10.416666666666666,10.0,11,0,10,10,"sorted(block,parameter,shift,basis)"
finite_shot_conditional,4,0,0,1,3,-0.20000000000000018,-0.11624763874381938,250,7.965784284662087,20,theta_ell3_q0,8,3,0,global,1.0,30,0.0,6.836231307766338e-05,0.0,0.0,True,,inf,-6.836231307766338e-05,6.836231307766338e-05,False,0.0,0.0,False,0,0,1,global,250,250,24,24,0,16,8,1,10,10.416666666666666,10.0,11,0,10,10,"sorted(block,parameter,shift,basis)"
finite_shot_conditional,4,0,0,1,3,-0.20000000000000018,-0.11624763874381938,250,7.965784284662087,20,theta_ell3_q1,9,3,1,global,1.0,30,0.0,0.0002563151655107232,0.0,0.0,True,,inf,-0.0002563151655107232,0.0002563151655107232,False,0.0,0.0,False,0,0,1,global,250,250,24,24,0,16,8,1,10,10.416666666666666,10.0,11,0,10,10,"sorted(block,parameter,shift,basis)"
finite_shot_conditional,4,0,0,1,3,-0.20000000000000018,-0.11624763874381938,250,7.965784284662087,20,theta_ell3_q2,10,3,2,global,1.0,30,0.0,-3.962680177127531e-05,0.0,0.0,True,,inf,3.962680177127531e-05,3.962680177127531e-05,False,0.0,0.0,False,0,0,1,global,250,250,24,24,0,16,8,1,10,10.416666666666666,10.0,11,0,10,10,"sorted(block,parameter,shift,basis)"
finite_shot_conditional,4,0,0,1,3,-0.20000000000000018,-0.11624763874381938,250,7.965784284662087,20,theta_ell3_q3,11,3,3,global,1.0,30,0.0,-1.8583867201271698e-05,0.0,0.0,True,,inf,1.8583867201271698e-05,1.8583867201271698e-05,False,0.0,0.0,False,0,0,1,global,250,250,24,24,0,16,8,1,10,10.416666666666666,10.0,11,0,10,10,"sorted(block,parameter,shift,basis)"
finite_shot_conditional,4,0,0,1,3,-0.20000000000000018,-0.11624763874381938,250,7.965784284662087,26,theta_ell3_q3,11,3,3,global,1.0,30,0.0,-0.003378250987974951,0.0,0.0,True,,inf,0.003378250987974951,0.003378250987974951,False,0.0,0.0,False,0,0,1,global,250,250,24,24,0,16,8,1,10,10.416666666666666,10.0,11,0,10,10,"sorted(block,parameter,shift,basis)"
finite_shot_conditional,4,0,0,1,3,-0.20000000000000018,-0.11624763874381938,250,7.965784284662087,29,theta_ell3_q0,8,3,0,global,1.0,30,0.0,2.7090835140575198e-05,0.0,0.0,True,,inf,-2.7090835140575198e-05,2.7090835140575198e-05,False,0.0,0.0,False,0,0,1,global,250,250,24,24,0,16,8,1,10,10.416666666666666,10.0,11,0,10,10,"sorted(block,parameter,shift,basis)"
finite_shot_conditional,4,0,0,1,3,-0.20000000000000018,-0.11624763874381938,250,7.965784284662087,29,theta_ell3_q2,10,3,2,global,1.0,30,0.0,4.002274849246312e-05,0.0,0.0,True,,inf,-4.002274849246312e-05,4.002274849246312e-05,False,0.0,0.0,False,0,0,1,global,250,250,24,24,0,16,8,1,10,10.416666666666666,10.0,11,0,10,10,"sorted(block,parameter,shift,basis)"
finite_shot_conditional,4,0,0,1,3,-0.20000000000000018,-0.11624763874381938,250,7.965784284662087,29,theta_ell3_q3,11,3,3,global,1.0,30,0.0,5.848680729031441e-05,0.0,0.0,True,,inf,-5.848680729031441e-05,5.848680729031441e-05,False,0.0,0.0,False,0,0,1,global,250,250,24,24,0,16,8,1,10,10.416666666666666,10.0,11,0,10,10,"sorted(block,parameter,shift,basis)"
finite_shot_conditional,4,0,0,1,3,-0.20000000000000018,-0.11624763874381938,250,7.965784284662087,33,theta_ell3_q0,8,3,0,global,1.0,30,0.0,-1.2893028511096194e-05,0.0,0.0,True,,inf,1.2893028511096194e-05,1.2893028511096194e-05,False,0.0,0.0,False,0,0,1,global,250,250,24,24,0,16,8,1,10,10.416666666666666,10.0,11,0,10,10,"sorted(block,parameter,shift,basis)"
finite_shot_conditional,4,0,0,1,3,-0.20000000000000018,-0.11624763874381938,250,7.965784284662087,33,theta_ell3_q2,10,3,2,global,1.0,30,0.0,1.651885394954311e-05,0.0,0.0,True,,inf,-1.651885394954311e-05,1.651885394954311e-05,False,0.0,0.0,False,0,0,1,global,250,250,24,24,0,16,8,1,10,10.416666666666666,10.0,11,0,10,10,"sorted(block,parameter,shift,basis)"
finite_shot_conditional,4,0,0,1,3,-0.20000000000000018,-0.11624763874381938,250,7.965784284662087,33,theta_ell3_q3,11,3,3,global,1.0,30,0.0,-7.2993338312565825e-06,0.0,0.0,True,,inf,7.2993338312565825e-06,7.2993338312565825e-06,False,0.0,0.0,False,0,0,1,global,250,250,24,24,0,16,8,1,10,10.416666666666666,10.0,11,0,10,10,"sorted(block,parameter,shift,basis)"
finite_shot_conditional,4,0,0,1,3,-0.20000000000000018,-0.11624763874381938,250,7.965784284662087,35,theta_ell3_q0,8,3,0,global,1.0,30,0.0,0.00021825498558164513,0.0,0.0,True,,inf,-0.00021825498558164513,0.00021825498558164513,False,0.0,0.0,False,0,0,1,global,250,250,24,24,0,16,8,1,10,10.416666666666666,10.0,11,0,10,10,"sorted(block,parameter,shift,basis)"
finite_shot_conditional,4,0,0,1,3,-0.20000000000000018,-0.11624763874381938,250,7.965784284662087,35,theta_ell3_q1,9,3,1,global,1.0,30,0.0,-0.0008716264354977632,0.0,0.0,True,,inf,0.0008716264354977632,0.0008716264354977632,False,0.0,0.0,False,0,0,1,global,250,250,24,24,0,16,8,1,10,10.416666666666666,10.0,11,0,10,10,"sorted(block,parameter,shift,basis)"
finite_shot_conditional,4,0,0,1,3,-0.20000000000000018,-0.11624763874381938,250,7.965784284662087,35,theta_ell3_q2,10,3,2,global,1.0,30,0.0,-0.0005591029751705334,0.0,0.0,True,,inf,0.0005591029751705334,0.0005591029751705334,False,0.0,0.0,False,0,0,1,global,250,250,24,24,0,16,8,1,10,10.416666666666666,10.0,11,0,10,10,"sorted(block,parameter,shift,basis)"
finite_shot_conditional,4,0,0,1,3,-0.20000000000000018,-0.11624763874381938,250,7.965784284662087,37,theta_ell3_q0,8,3,0,global,1.0,30,0.0,-0.000330228828451018,0.0,0.0,True,,inf,0.000330228828451018,0.000330228828451018,False,0.0,0.0,False,0,0,1,global,250,250,24,24,0,16,8,1,10,10.416666666666666,10.0,11,0,10,10,"sorted(block,parameter,shift,basis)"
finite_shot_conditional,4,0,0,1,3,-0.20000000000000018,-0.11624763874381938,250,7.965784284662087,41,theta_ell3_q0,8,3,0,global,1.0,30,0.0,0.0009123966505939496,0.0,0.0,True,,inf,-0.0009123966505939496,0.0009123966505939496,False,0.0,0.0,False,0,0,1,global,250,250,24,24,0,16,8,1,10,10.416666666666666,10.0,11,0,10,10,"sorted(block,parameter,shift,basis)"
finite_shot_conditional,4,0,0,1,3,-0.20000000000000018,-0.11624763874381938,250,7.965784284662087,41,theta_ell3_q3,11,3,3,global,1.0,30,0.0,-0.00017067826068872805,0.0,0.0,True,,inf,0.00017067826068872805,0.00017067826068872805,False,0.0,0.0,False,0,0,1,global,250,250,24,24,0,16,8,1,10,10.416666666666666,10.0,11,0,10,10,"sorted(block,parameter,shift,basis)"
finite_shot_conditional,4,0,0,1,3,-0.20000000000000018,-0.11624763874381938,250,7.965784284662087,42,theta_ell3_q0,8,3,0,global,1.0,30,0.0,-4.410760482842502e-05,0.0,0.0,True,,inf,4.410760482842502e-05,4.410760482842502e-05,False,0.0,0.0,False,0,0,1,global,250,250,24,24,0,16,8,1,10,10.416666666666666,10.0,11,0,10,10,"sorted(block,parameter,shift,basis)"
finite_shot_conditional,4,0,0,1,3,-0.20000000000000018,-0.11624763874381938,250,7.965784284662087,42,theta_ell3_q1,9,3,1,global,1.0,30,0.0,0.00024129701024799832,0.0,0.0,True,,inf,-0.00024129701024799832,0.00024129701024799832,False,0.0,0.0,False,0,0,1,global,250,250,24,24,0,16,8,1,10,10.416666666666666,10.0,11,0,10,10,"sorted(block,parameter,shift,basis)"
finite_shot_conditional,4,0,0,1,3,-0.20000000000000018,-0.11624763874381938,250,7.965784284662087,42,theta_ell3_q3,11,3,3,global,1.0,30,0.0,5.8605165079717025e-06,0.0,0.0,True,,inf,-5.8605165079717025e-06,5.8605165079717025e-06,False,0.0,0.0,False,0,0,1,global,250,250,24,24,0,16,8,1,10,10.416666666666666,10.0,11,0,10,10,"sorted(block,parameter,shift,basis)"
finite_shot_conditional,4,0,0,1,3,-0.20000000000000018,-0.11624763874381938,250,7.965784284662087,43,theta_ell3_q0,8,3,0,global,1.0,30,0.0,-5.322759270259825e-05,0.0,0.0,True,,inf,5.322759270259825e-05,5.322759270259825e-05,False,0.0,0.0,False,0,0,1,global,250,250,24,24,0,16,8,1,10,10.416666666666666,10.0,11,0,10,10,"sorted(block,parameter,shift,basis)"
finite_shot_conditional,4,0,0,1,3,-0.20000000000000018,-0.11624763874381938,250,7.965784284662087,43,theta_ell3_q2,10,3,2,global,1.0,30,0.0,0.00013099348896877805,0.0,0.0,True,,inf,-0.00013099348896877805,0.00013099348896877805,False,0.0,0.0,False,0,0,1,global,250,250,24,24,0,16,8,1,10,10.416666666666666,10.0,11,0,10,10,"sorted(block,parameter,shift,basis)"
finite_shot_conditional,4,0,0,1,3,-0.20000000000000018,-0.11624763874381938,250,7.965784284662087,43,theta_ell3_q3,11,3,3,global,1.0,30,0.0,-0.00011516564378338812,0.0,0.0,True,,inf,0.00011516564378338812,0.00011516564378338812,False,0.0,0.0,False,0,0,1,global,250,250,24,24,0,16,8,1,10,10.416666666666666,10.0,11,0,10,10,"sorted(block,parameter,shift,basis)"
finite_shot_conditional,4,0,0,1,3,-0.20000000000000018,-0.11624763874381938,250,7.965784284662087,48,theta_ell3_q0,8,3,0,global,1.0,30,0.0,-0.00017763435743423095,0.0,0.0,True,,inf,0.00017763435743423095,0.00017763435743423095,False,0.0,0.0,False,0,0,1,global,250,250,24,24,0,16,8,1,10,10.416666666666666,10.0,11,0,10,10,"sorted(block,parameter,shift,basis)"
finite_shot_conditional,4,0,0,1,3,-0.20000000000000018,-0.11624763874381938,250,7.965784284662087,48,theta_ell3_q3,11,3,3,global,1.0,30,0.0,0.00031285447723511384,0.0,0.0,True,,inf,-0.00031285447723511384,0.00031285447723511384,False,0.0,0.0,False,0,0,1,global,250,250,24,24,0,16,8,1,10,10.416666666666666,10.0,11,0,10,10,"sorted(block,parameter,shift,basis)"
finite_shot_conditional,4,0,0,1,3,-0.20000000000000018,-0.11624763874381938,250,7.965784284662087,49,theta_ell3_q1,9,3,1,global,1.0,30,0.0,-0.00022203071517734596,0.0,0.0,True,,inf,0.00022203071517734596,0.00022203071517734596,False,0.0,0.0,False,0,0,1,global,250,250,24,24,0,16,8,1,10,10.416666666666666,10.0,11,0,10,10,"sorted(block,parameter,shift,basis)"
finite_shot_conditional,4,0,0,1,3,-0.20000000000000018,-0.11624763874381938,500,8.965784284662087,5,theta_ell3_q0,8,3,0,global,1.0,30,0.0,0.000410010604403821,0.0,0.0,True,,inf,-0.000410010604403821,0.000410010604403821,False,0.0,0.0,False,0,0,1,global,500,500,24,24,0,16,8,1,20,20.833333333333332,21.0,21,0,20,20,"sorted(block,parameter,shift,basis)"
finite_shot_conditional,4,0,0,1,3,-0.20000000000000018,-0.11624763874381938,500,8.965784284662087,17,theta_ell3_q1,9,3,1,global,1.0,30,0.0,3.73405924833925e-05,0.0,0.0,True,,inf,-3.73405924833925e-05,3.73405924833925e-05,False,0.0,0.0,False,0,0,1,global,500,500,24,24,0,16,8,1,20,20.833333333333332,21.0,21,0,20,20,"sorted(block,parameter,shift,basis)"
finite_shot_conditional,4,0,0,1,3,-0.20000000000000018,-0.11624763874381938,500,8.965784284662087,17,theta_ell3_q2,10,3,2,global,1.0,30,0.0,-0.00010138948316884555,0.0,0.0,True,,inf,0.00010138948316884555,0.00010138948316884555,False,0.0,0.0,False,0,0,1,global,500,500,24,24,0,16,8,1,20,20.833333333333332,21.0,21,0,20,20,"sorted(block,parameter,shift,basis)"
finite_shot_conditional,4,0,0,1,3,-0.20000000000000018,-0.11624763874381938,500,8.965784284662087,20,theta_ell3_q0,8,3,0,global,1.0,30,0.0,6.836231307766338e-05,0.0,0.0,True,,inf,-6.836231307766338e-05,6.836231307766338e-05,False,0.0,0.0,False,0,0,1,global,500,500,24,24,0,16,8,1,20,20.833333333333332,21.0,21,0,20,20,"sorted(block,parameter,shift,basis)"
finite_shot_conditional,4,0,0,1,3,-0.20000000000000018,-0.11624763874381938,500,8.965784284662087,20,theta_ell3_q2,10,3,2,global,1.0,30,0.0,-3.962680177127531e-05,0.0,0.0,True,,inf,3.962680177127531e-05,3.962680177127531e-05,False,0.0,0.0,False,0,0,1,global,500,500,24,24,0,16,8,1,20,20.833333333333332,21.0,21,0,20,20,"sorted(block,parameter,shift,basis)"
finite_shot_conditional,4,0,0,1,3,-0.20000000000000018,-0.11624763874381938,500,8.965784284662087,20,theta_ell3_q3,11,3,3,global,1.0,30,0.0,-1.8583867201271698e-05,0.0,0.0,True,,inf,1.8583867201271698e-05,1.8583867201271698e-05,False,0.0,0.0,False,0,0,1,global,500,500,24,24,0,16,8,1,20,20.833333333333332,21.0,21,0,20,20,"sorted(block,parameter,shift,basis)"
finite_shot_conditional,4,0,0,1,3,-0.20000000000000018,-0.11624763874381938,500,8.965784284662087,29,theta_ell3_q0,8,3,0,global,1.0,30,0.0,2.7090835140575198e-05,0.0,0.0,True,,inf,-2.7090835140575198e-05,2.7090835140575198e-05,False,0.0,0.0,False,0,0,1,global,500,500,24,24,0,16,8,1,20,20.833333333333332,21.0,21,0,20,20,"sorted(block,parameter,shift,basis)"
finite_shot_conditional,4,0,0,1,3,-0.20000000000000018,-0.11624763874381938,500,8.965784284662087,29,theta_ell3_q2,10,3,2,global,1.0,30,0.0,4.002274849246312e-05,0.0,0.0,True,,inf,-4.002274849246312e-05,4.002274849246312e-05,False,0.0,0.0,False,0,0,1,global,500,500,24,24,0,16,8,1,20,20.833333333333332,21.0,21,0,20,20,"sorted(block,parameter,shift,basis)"
finite_shot_conditional,4,0,0,1,3,-0.20000000000000018,-0.11624763874381938,500,8.965784284662087,29,theta_ell3_q3,11,3,3,global,1.0,30,0.0,5.848680729031441e-05,0.0,0.0,True,,inf,-5.848680729031441e-05,5.848680729031441e-05,False,0.0,0.0,False,0,0,1,global,500,500,24,24,0,16,8,1,20,20.833333333333332,21.0,21,0,20,20,"sorted(block,parameter,shift,basis)"
finite_shot_conditional,4,0,0,1,3,-0.20000000000000018,-0.11624763874381938,500,8.965784284662087,33,theta_ell3_q0,8,3,0,global,1.0,30,0.0,-1.2893028511096194e-05,0.0,0.0,True,,inf,1.2893028511096194e-05,1.2893028511096194e-05,False,0.0,0.0,False,0,0,1,global,500,500,24,24,0,16,8,1,20,20.833333333333332,21.0,21,0,20,20,"sorted(block,parameter,shift,basis)"
finite_shot_conditional,4,0,0,1,3,-0.20000000000000018,-0.11624763874381938,500,8.965784284662087,33,theta_ell3_q2,10,3,2,global,1.0,30,0.0,1.651885394954311e-05,0.0,0.0,True,,inf,-1.651885394954311e-05,1.651885394954311e-05,False,0.0,0.0,False,0,0,1,global,500,500,24,24,0,16,8,1,20,20.833333333333332,21.0,21,0,20,20,"sorted(block,parameter,shift,basis)"
finite_shot_conditional,4,0,0,1,3,-0.20000000000000018,-0.11624763874381938,500,8.965784284662087,33,theta_ell3_q3,11,3,3,global,1.0,30,0.0,-7.2993338312565825e-06,0.0,0.0,True,,inf,7.2993338312565825e-06,7.2993338312565825e-06,False,0.0,0.0,False,0,0,1,global,500,500,24,24,0,16,8,1,20,20.833333333333332,21.0,21,0,20,20,"sorted(block,parameter,shift,basis)"
finite_shot_conditional,4,0,0,1,3,-0.20000000000000018,-0.11624763874381938,500,8.965784284662087,35,theta_ell3_q0,8,3,0,global,1.0,30,0.0,0.00021825498558164513,0.0,0.0,True,,inf,-0.00021825498558164513,0.00021825498558164513,False,0.0,0.0,False,0,0,1,global,500,500,24,24,0,16,8,1,20,20.833333333333332,21.0,21,0,20,20,"sorted(block,parameter,shift,basis)"
finite_shot_conditional,4,0,0,1,3,-0.20000000000000018,-0.11624763874381938,500,8.965784284662087,35,theta_ell3_q2,10,3,2,global,1.0,30,0.0,-0.0005591029751705334,0.0,0.0,True,,inf,0.0005591029751705334,0.0005591029751705334,False,0.0,0.0,False,0,0,1,global,500,500,24,24,0,16,8,1,20,20.833333333333332,21.0,21,0,20,20,"sorted(block,parameter,shift,basis)"
finite_shot_conditional,4,0,0,1,3,-0.20000000000000018,-0.11624763874381938,500,8.965784284662087,37,theta_ell3_q0,8,3,0,global,1.0,30,0.0,-0.000330228828451018,0.0,0.0,True,,inf,0.000330228828451018,0.000330228828451018,False,0.0,0.0,False,0,0,1,global,500,500,24,24,0,16,8,1,20,20.833333333333332,21.0,21,0,20,20,"sorted(block,parameter,shift,basis)"
finite_shot_conditional,4,0,0,1,3,-0.20000000000000018,-0.11624763874381938,500,8.965784284662087,41,theta_ell3_q0,8,3,0,global,1.0,30,0.0,0.0009123966505939496,0.0,0.0,True,,inf,-0.0009123966505939496,0.0009123966505939496,False,0.0,0.0,False,0,0,1,global,500,500,24,24,0,16,8,1,20,20.833333333333332,21.0,21,0,20,20,"sorted(block,parameter,shift,basis)"
finite_shot_conditional,4,0,0,1,3,-0.20000000000000018,-0.11624763874381938,500,8.965784284662087,41,theta_ell3_q3,11,3,3,global,1.0,30,0.0,-0.00017067826068872805,0.0,0.0,True,,inf,0.00017067826068872805,0.00017067826068872805,False,0.0,0.0,False,0,0,1,global,500,500,24,24,0,16,8,1,20,20.833333333333332,21.0,21,0,20,20,"sorted(block,parameter,shift,basis)"
finite_shot_conditional,4,0,0,1,3,-0.20000000000000018,-0.11624763874381938,500,8.965784284662087,42,theta_ell3_q0,8,3,0,global,1.0,30,0.0,-4.410760482842502e-05,0.0,0.0,True,,inf,4.410760482842502e-05,4.410760482842502e-05,False,0.0,0.0,False,0,0,1,global,500,500,24,24,0,16,8,1,20,20.833333333333332,21.0,21,0,20,20,"sorted(block,parameter,shift,basis)"
finite_shot_conditional,4,0,0,1,3,-0.20000000000000018,-0.11624763874381938,500,8.965784284662087,42,theta_ell3_q1,9,3,1,global,1.0,30,0.0,0.00024129701024799832,0.0,0.0,True,,inf,-0.00024129701024799832,0.00024129701024799832,False,0.0,0.0,False,0,0,1,global,500,500,24,24,0,16,8,1,20,20.833333333333332,21.0,21,0,20,20,"sorted(block,parameter,shift,basis)"
finite_shot_conditional,4,0,0,1,3,-0.20000000000000018,-0.11624763874381938,500,8.965784284662087,42,theta_ell3_q3,11,3,3,global,1.0,30,0.0,5.8605165079717025e-06,0.0,0.0,True,,inf,-5.8605165079717025e-06,5.8605165079717025e-06,False,0.0,0.0,False,0,0,1,global,500,500,24,24,0,16,8,1,20,20.833333333333332,21.0,21,0,20,20,"sorted(block,parameter,shift,basis)"
finite_shot_conditional,4,0,0,1,3,-0.20000000000000018,-0.11624763874381938,500,8.965784284662087,43,theta_ell3_q0,8,3,0,global,1.0,30,0.0,-5.322759270259825e-05,0.0,0.0,True,,inf,5.322759270259825e-05,5.322759270259825e-05,False,0.0,0.0,False,0,0,1,global,500,500,24,24,0,16,8,1,20,20.833333333333332,21.0,21,0,20,20,"sorted(block,parameter,shift,basis)"
finite_shot_conditional,4,0,0,1,3,-0.20000000000000018,-0.11624763874381938,500,8.965784284662087,43,theta_ell3_q2,10,3,2,global,1.0,30,0.0,0.00013099348896877805,0.0,0.0,True,,inf,-0.00013099348896877805,0.00013099348896877805,False,0.0,0.0,False,0,0,1,global,500,500,24,24,0,16,8,1,20,20.833333333333332,21.0,21,0,20,20,"sorted(block,parameter,shift,basis)"
finite_shot_conditional,4,0,0,1,3,-0.20000000000000018,-0.11624763874381938,500,8.965784284662087,48,theta_ell3_q0,8,3,0,global,1.0,30,0.0,-0.00017763435743423095,0.0,0.0,True,,inf,0.00017763435743423095,0.00017763435743423095,False,0.0,0.0,False,0,0,1,global,500,500,24,24,0,16,8,1,20,20.833333333333332,21.0,21,0,20,20,"sorted(block,parameter,shift,basis)"
finite_shot_conditional,4,0,0,1,3,-0.20000000000000018,-0.11624763874381938,500,8.965784284662087,48,theta_ell3_q2,10,3,2,global,1.0,30,0.0,-0.0003989947174064534,0.0,0.0,True,,inf,0.0003989947174064534,0.0003989947174064534,False,0.0,0.0,False,0,0,1,global,500,500,24,24,0,16,8,1,20,20.833333333333332,21.0,21,0,20,20,"sorted(block,parameter,shift,basis)"
finite_shot_conditional,4,0,0,1,3,-0.20000000000000018,-0.11624763874381938,500,8.965784284662087,49,theta_ell3_q1,9,3,1,global,1.0,30,0.0,-0.00022203071517734596,0.0,0.0,True,,inf,0.00022203071517734596,0.00022203071517734596,False,0.0,0.0,False,0,0,1,global,500,500,24,24,0,16,8,1,20,20.833333333333332,21.0,21,0,20,20,"sorted(block,parameter,shift,basis)"
finite_shot_conditional,4,0,0,1,3,-0.20000000000000018,-0.11624763874381938,1000,9.965784284662087,17,theta_ell3_q0,8,3,0,global,1.0,30,0.0,0.00022321142399778227,0.0,0.0,True,,inf,-0.00022321142399778227,0.00022321142399778227,False,0.0,0.0,False,0,0,1,global,1000,1000,24,24,0,16,8,1,41,41.666666666666664,42.0,42,0,41,16,"sorted(block,parameter,shift,basis)"
finite_shot_conditional,4,0,0,1,3,-0.20000000000000018,-0.11624763874381938,1000,9.965784284662087,17,theta_ell3_q1,9,3,1,global,1.0,30,0.0,3.73405924833925e-05,0.0,0.0,True,,inf,-3.73405924833925e-05,3.73405924833925e-05,False,0.0,0.0,False,0,0,1,global,1000,1000,24,24,0,16,8,1,41,41.666666666666664,42.0,42,0,41,16,"sorted(block,parameter,shift,basis)"
finite_shot_conditional,4,0,0,1,3,-0.20000000000000018,-0.11624763874381938,1000,9.965784284662087,20,theta_ell3_q2,10,3,2,global,1.0,30,0.0,-3.962680177127531e-05,0.0,0.0,True,,inf,3.962680177127531e-05,3.962680177127531e-05,False,0.0,0.0,False,0,0,1,global,1000,1000,24,24,0,16,8,1,41,41.666666666666664,42.0,42,0,41,16,"sorted(block,parameter,shift,basis)"
finite_shot_conditional,4,0,0,1,3,-0.20000000000000018,-0.11624763874381938,1000,9.965784284662087,20,theta_ell3_q3,11,3,3,global,1.0,30,0.0,-1.8583867201271698e-05,0.0,0.0,True,,inf,1.8583867201271698e-05,1.8583867201271698e-05,False,0.0,0.0,False,0,0,1,global,1000,1000,24,24,0,16,8,1,41,41.666666666666664,42.0,42,0,41,16,"sorted(block,parameter,shift,basis)"
finite_shot_conditional,4,0,0,1,3,-0.20000000000000018,-0.11624763874381938,1000,9.965784284662087,29,theta_ell3_q0,8,3,0,global,1.0,30,0.0,2.7090835140575198e-05,0.0,0.0,True,,inf,-2.7090835140575198e-05,2.7090835140575198e-05,False,0.0,0.0,False,0,0,1,global,1000,1000,24,24,0,16,8,1,41,41.666666666666664,42.0,42,0,41,16,"sorted(block,parameter,shift,basis)"
finite_shot_conditional,4,0,0,1,3,-0.20000000000000018,-0.11624763874381938,1000,9.965784284662087,29,theta_ell3_q2,10,3,2,global,1.0,30,0.0,4.002274849246312e-05,0.0,0.0,True,,inf,-4.002274849246312e-05,4.002274849246312e-05,False,0.0,0.0,False,0,0,1,global,1000,1000,24,24,0,16,8,1,41,41.666666666666664,42.0,42,0,41,16,"sorted(block,parameter,shift,basis)"
finite_shot_conditional,4,0,0,1,3,-0.20000000000000018,-0.11624763874381938,1000,9.965784284662087,29,theta_ell3_q3,11,3,3,global,1.0,30,0.0,5.848680729031441e-05,0.0,0.0,True,,inf,-5.848680729031441e-05,5.848680729031441e-05,False,0.0,0.0,False,0,0,1,global,1000,1000,24,24,0,16,8,1,41,41.666666666666664,42.0,42,0,41,16,"sorted(block,parameter,shift,basis)"
finite_shot_conditional,4,0,0,1,3,-0.20000000000000018,-0.11624763874381938,1000,9.965784284662087,33,theta_ell3_q0,8,3,0,global,1.0,30,0.0,-1.2893028511096194e-05,0.0,0.0,True,,inf,1.2893028511096194e-05,1.2893028511096194e-05,False,0.0,0.0,False,0,0,1,global,1000,1000,24,24,0,16,8,1,41,41.666666666666664,42.0,42,0,41,16,"sorted(block,parameter,shift,basis)"
finite_shot_conditional,4,0,0,1,3,-0.20000000000000018,-0.11624763874381938,1000,9.965784284662087,33,theta_ell3_q2,10,3,2,global,1.0,30,0.0,1.651885394954311e-05,0.0,0.0,True,,inf,-1.651885394954311e-05,1.651885394954311e-05,False,0.0,0.0,False,0,0,1,global,1000,1000,24,24,0,16,8,1,41,41.666666666666664,42.0,42,0,41,16,"sorted(block,parameter,shift,basis)"
finite_shot_conditional,4,0,0,1,3,-0.20000000000000018,-0.11624763874381938,1000,9.965784284662087,33,theta_ell3_q3,11,3,3,global,1.0,30,0.0,-7.2993338312565825e-06,0.0,0.0,True,,inf,7.2993338312565825e-06,7.2993338312565825e-06,False,0.0,0.0,False,0,0,1,global,1000,1000,24,24,0,16,8,1,41,41.666666666666664,42.0,42,0,41,16,"sorted(block,parameter,shift,basis)"
finite_shot_conditional,4,0,0,1,3,-0.20000000000000018,-0.11624763874381938,1000,9.965784284662087,35,theta_ell3_q0,8,3,0,global,1.0,30,0.0,0.00021825498558164513,0.0,0.0,True,,inf,-0.00021825498558164513,0.00021825498558164513,False,0.0,0.0,False,0,0,1,global,1000,1000,24,24,0,16,8,1,41,41.666666666666664,42.0,42,0,41,16,"sorted(block,parameter,shift,basis)"
finite_shot_conditional,4,0,0,1,3,-0.20000000000000018,-0.11624763874381938,1000,9.965784284662087,35,theta_ell3_q3,11,3,3,global,1.0,30,0.0,-0.00019587098140960713,0.0,0.0,True,,inf,0.00019587098140960713,0.00019587098140960713,False,0.0,0.0,False,0,0,1,global,1000,1000,24,24,0,16,8,1,41,41.666666666666664,42.0,42,0,41,16,"sorted(block,parameter,shift,basis)"
finite_shot_conditional,4,0,0,1,3,-0.20000000000000018,-0.11624763874381938,1000,9.965784284662087,41,theta_ell3_q3,11,3,3,global,1.0,30,0.0,-0.00017067826068872805,0.0,0.0,True,,inf,0.00017067826068872805,0.00017067826068872805,False,0.0,0.0,False,0,0,1,global,1000,1000,24,24,0,16,8,1,41,41.666666666666664,42.0,42,0,41,16,"sorted(block,parameter,shift,basis)"
finite_shot_conditional,4,0,0,1,3,-0.20000000000000018,-0.11624763874381938,1000,9.965784284662087,42,theta_ell3_q0,8,3,0,global,1.0,30,0.0,-4.410760482842502e-05,0.0,0.0,True,,inf,4.410760482842502e-05,4.410760482842502e-05,False,0.0,0.0,False,0,0,1,global,1000,1000,24,24,0,16,8,1,41,41.666666666666664,42.0,42,0,41,16,"sorted(block,parameter,shift,basis)"
finite_shot_conditional,4,0,0,1,3,-0.20000000000000018,-0.11624763874381938,1000,9.965784284662087,42,theta_ell3_q1,9,3,1,global,1.0,30,0.0,0.00024129701024799832,0.0,0.0,True,,inf,-0.00024129701024799832,0.00024129701024799832,False,0.0,0.0,False,0,0,1,global,1000,1000,24,24,0,16,8,1,41,41.666666666666664,42.0,42,0,41,16,"sorted(block,parameter,shift,basis)"
finite_shot_conditional,4,0,0,1,3,-0.20000000000000018,-0.11624763874381938,1000,9.965784284662087,42,theta_ell3_q3,11,3,3,global,1.0,30,0.0,5.8605165079717025e-06,0.0,0.0,True,,inf,-5.8605165079717025e-06,5.8605165079717025e-06,False,0.0,0.0,False,0,0,1,global,1000,1000,24,24,0,16,8,1,41,41.666666666666664,42.0,42,0,41,16,"sorted(block,parameter,shift,basis)"
finite_shot_conditional,4,0,0,1,3,-0.20000000000000018,-0.11624763874381938,1000,9.965784284662087,48,theta_ell3_q0,8,3,0,global,1.0,30,0.0,-0.00017763435743423095,0.0,0.0,True,,inf,0.00017763435743423095,0.00017763435743423095,False,0.0,0.0,False,0,0,1,global,1000,1000,24,24,0,16,8,1,41,41.666666666666664,42.0,42,0,41,16,"sorted(block,parameter,shift,basis)"
finite_shot_conditional,4,0,0,1,3,-0.20000000000000018,-0.11624763874381938,1000,9.965784284662087,48,theta_ell3_q2,10,3,2,global,1.0,30,0.0,-0.0003989947174064534,0.0,0.0,True,,inf,0.0003989947174064534,0.0003989947174064534,False,0.0,0.0,False,0,0,1,global,1000,1000,24,24,0,16,8,1,41,41.666666666666664,42.0,42,0,41,16,"sorted(block,parameter,shift,basis)"
finite_shot_conditional,4,0,0,1,3,-0.20000000000000018,-0.11624763874381938,1000,9.965784284662087,48,theta_ell3_q3,11,3,3,global,1.0,30,0.0,0.00031285447723511384,0.0,0.0,True,,inf,-0.00031285447723511384,0.00031285447723511384,False,0.0,0.0,False,0,0,1,global,1000,1000,24,24,0,16,8,1,41,41.666666666666664,42.0,42,0,41,16,"sorted(block,parameter,shift,basis)"
finite_shot_conditional,4,0,0,1,3,-0.20000000000000018,-0.11624763874381938,2000,10.965784284662087,17,theta_ell3_q1,9,3,1,global,1.0,30,0.0,3.73405924833925e-05,0.0,0.0,True,,inf,-3.73405924833925e-05,3.73405924833925e-05,False,0.0,0.0,False,0,0,1,global,2000,2000,24,24,0,16,8,1,83,83.33333333333333,83.0,84,0,83,8,"sorted(block,parameter,shift,basis)"
finite_shot_conditional,4,0,0,1,3,-0.20000000000000018,-0.11624763874381938,2000,10.965784284662087,20,theta_ell3_q0,8,3,0,global,1.0,30,0.0,6.836231307766338e-05,0.0,0.0,True,,inf,-6.836231307766338e-05,6.836231307766338e-05,False,0.0,0.0,False,0,0,1,global,2000,2000,24,24,0,16,8,1,83,83.33333333333333,83.0,84,0,83,8,"sorted(block,parameter,shift,basis)"
finite_shot_conditional,4,0,0,1,3,-0.20000000000000018,-0.11624763874381938,2000,10.965784284662087,20,theta_ell3_q2,10,3,2,global,1.0,30,0.0,-3.962680177127531e-05,0.0,0.0,True,,inf,3.962680177127531e-05,3.962680177127531e-05,False,0.0,0.0,False,0,0,1,global,2000,2000,24,24,0,16,8,1,83,83.33333333333333,83.0,84,0,83,8,"sorted(block,parameter,shift,basis)"
finite_shot_conditional,4,0,0,1,3,-0.20000000000000018,-0.11624763874381938,2000,10.965784284662087,29,theta_ell3_q0,8,3,0,global,1.0,30,0.0,2.7090835140575198e-05,0.0,0.0,True,,inf,-2.7090835140575198e-05,2.7090835140575198e-05,False,0.0,0.0,False,0,0,1,global,2000,2000,24,24,0,16,8,1,83,83.33333333333333,83.0,84,0,83,8,"sorted(block,parameter,shift,basis)"
finite_shot_conditional,4,0,0,1,3,-0.20000000000000018,-0.11624763874381938,2000,10.965784284662087,29,theta_ell3_q2,10,3,2,global,1.0,30,0.0,4.002274849246312e-05,0.0,0.0,True,,inf,-4.002274849246312e-05,4.002274849246312e-05,False,0.0,0.0,False,0,0,1,global,2000,2000,24,24,0,16,8,1,83,83.33333333333333,83.0,84,0,83,8,"sorted(block,parameter,shift,basis)"
finite_shot_conditional,4,0,0,1,3,-0.20000000000000018,-0.11624763874381938,2000,10.965784284662087,29,theta_ell3_q3,11,3,3,global,1.0,30,0.0,5.848680729031441e-05,0.0,0.0,True,,inf,-5.848680729031441e-05,5.848680729031441e-05,False,0.0,0.0,False,0,0,1,global,2000,2000,24,24,0,16,8,1,83,83.33333333333333,83.0,84,0,83,8,"sorted(block,parameter,shift,basis)"
finite_shot_conditional,4,0,0,1,3,-0.20000000000000018,-0.11624763874381938,2000,10.965784284662087,33,theta_ell3_q0,8,3,0,global,1.0,30,0.0,-1.2893028511096194e-05,0.0,0.0,True,,inf,1.2893028511096194e-05,1.2893028511096194e-05,False,0.0,0.0,False,0,0,1,global,2000,2000,24,24,0,16,8,1,83,83.33333333333333,83.0,84,0,83,8,"sorted(block,parameter,shift,basis)"
finite_shot_conditional,4,0,0,1,3,-0.20000000000000018,-0.11624763874381938,2000,10.965784284662087,33,theta_ell3_q2,10,3,2,global,1.0,30,0.0,1.651885394954311e-05,0.0,0.0,True,,inf,-1.651885394954311e-05,1.651885394954311e-05,False,0.0,0.0,False,0,0,1,global,2000,2000,24,24,0,16,8,1,83,83.33333333333333,83.0,84,0,83,8,"sorted(block,parameter,shift,basis)"
finite_shot_conditional,4,0,0,1,3,-0.20000000000000018,-0.11624763874381938,2000,10.965784284662087,33,theta_ell3_q3,11,3,3,global,1.0,30,0.0,-7.2993338312565825e-06,0.0,0.0,True,,inf,7.2993338312565825e-06,7.2993338312565825e-06,False,0.0,0.0,False,0,0,1,global,2000,2000,24,24,0,16,8,1,83,83.33333333333333,83.0,84,0,83,8,"sorted(block,parameter,shift,basis)"
finite_shot_conditional,4,0,0,1,3,-0.20000000000000018,-0.11624763874381938,2000,10.965784284662087,35,theta_ell3_q0,8,3,0,global,1.0,30,0.0,0.00021825498558164513,0.0,0.0,True,,inf,-0.00021825498558164513,0.00021825498558164513,False,0.0,0.0,False,0,0,1,global,2000,2000,24,24,0,16,8,1,83,83.33333333333333,83.0,84,0,83,8,"sorted(block,parameter,shift,basis)"
finite_shot_conditional,4,0,0,1,3,-0.20000000000000018,-0.11624763874381938,2000,10.965784284662087,35,theta_ell3_q3,11,3,3,global,1.0,30,0.0,-0.00019587098140960713,0.0,0.0,True,,inf,0.00019587098140960713,0.00019587098140960713,False,0.0,0.0,False,0,0,1,global,2000,2000,24,24,0,16,8,1,83,83.33333333333333,83.0,84,0,83,8,"sorted(block,parameter,shift,basis)"
finite_shot_conditional,4,0,0,1,3,-0.20000000000000018,-0.11624763874381938,2000,10.965784284662087,42,theta_ell3_q0,8,3,0,global,1.0,30,0.0,-4.410760482842502e-05,0.0,0.0,True,,inf,4.410760482842502e-05,4.410760482842502e-05,False,0.0,0.0,False,0,0,1,global,2000,2000,24,24,0,16,8,1,83,83.33333333333333,83.0,84,0,83,8,"sorted(block,parameter,shift,basis)"
finite_shot_conditional,4,0,0,1,3,-0.20000000000000018,-0.11624763874381938,2000,10.965784284662087,42,theta_ell3_q3,11,3,3,global,1.0,30,0.0,5.8605165079717025e-06,0.0,0.0,True,,inf,-5.8605165079717025e-06,5.8605165079717025e-06,False,0.0,0.0,False,0,0,1,global,2000,2000,24,24,0,16,8,1,83,83.33333333333333,83.0,84,0,83,8,"sorted(block,parameter,shift,basis)"
finite_shot_conditional,4,0,0,1,3,-0.20000000000000018,-0.11624763874381938,2000,10.965784284662087,43,theta_ell3_q0,8,3,0,global,1.0,30,0.0,-5.322759270259825e-05,0.0,0.0,True,,inf,5.322759270259825e-05,5.322759270259825e-05,False,0.0,0.0,False,0,0,1,global,2000,2000,24,24,0,16,8,1,83,83.33333333333333,83.0,84,0,83,8,"sorted(block,parameter,shift,basis)"
finite_shot_conditional,4,0,0,1,3,-0.20000000000000018,-0.11624763874381938,2000,10.965784284662087,43,theta_ell3_q3,11,3,3,global,1.0,30,0.0,-0.00011516564378338812,0.0,0.0,True,,inf,0.00011516564378338812,0.00011516564378338812,False,0.0,0.0,False,0,0,1,global,2000,2000,24,24,0,16,8,1,83,83.33333333333333,83.0,84,0,83,8,"sorted(block,parameter,shift,basis)"
finite_shot_conditional,4,0,0,1,3,-0.20000000000000018,-0.11624763874381938,2000,10.965784284662087,48,theta_ell3_q0,8,3,0,global,1.0,30,0.0,-0.00017763435743423095,0.0,0.0,True,,inf,0.00017763435743423095,0.00017763435743423095,False,0.0,0.0,False,0,0,1,global,2000,2000,24,24,0,16,8,1,83,83.33333333333333,83.0,84,0,83,8,"sorted(block,parameter,shift,basis)"
finite_shot_conditional,4,0,0,1,4,0.7999999999999998,0.464990554975277,250,7.965784284662087,2,theta_ell4_q1,13,4,1,global,1.0,30,0.0,9.067832311115964e-05,0.0,0.0,True,,inf,-9.067832311115964e-05,9.067832311115964e-05,False,0.0,0.0,False,0,0,1,global,250,250,32,32,0,24,8,1,7,7.8125,8.0,8,0,7,26,"sorted(block,parameter,shift,basis)"
finite_shot_conditional,4,0,0,1,4,0.7999999999999998,0.464990554975277,250,7.965784284662087,2,theta_ell4_q2,14,4,2,global,1.0,30,0.0,-0.00067116596879363,0.0,0.0,True,,inf,0.00067116596879363,0.00067116596879363,False,0.0,0.0,False,0,0,1,global,250,250,32,32,0,24,8,1,7,7.8125,8.0,8,0,7,26,"sorted(block,parameter,shift,basis)"
finite_shot_conditional,4,0,0,1,4,0.7999999999999998,0.464990554975277,250,7.965784284662087,8,theta_ell4_q1,13,4,1,global,1.0,30,0.0,-0.0002944267059991068,0.0,0.0,True,,inf,0.0002944267059991068,0.0002944267059991068,False,0.0,0.0,False,0,0,1,global,250,250,32,32,0,24,8,1,7,7.8125,8.0,8,0,7,26,"sorted(block,parameter,shift,basis)"
finite_shot_conditional,4,0,0,1,4,0.7999999999999998,0.464990554975277,250,7.965784284662087,11,theta_ell4_q0,12,4,0,global,1.0,30,0.0,0.00032408583627185905,0.0,0.0,True,,inf,-0.00032408583627185905,0.00032408583627185905,False,0.0,0.0,False,0,0,1,global,250,250,32,32,0,24,8,1,7,7.8125,8.0,8,0,7,26,"sorted(block,parameter,shift,basis)"
finite_shot_conditional,4,0,0,1,4,0.7999999999999998,0.464990554975277,250,7.965784284662087,11,theta_ell4_q3,15,4,3,global,1.0,30,0.0,0.0010465448705668234,0.0,0.0,True,,inf,-0.0010465448705668234,0.0010465448705668234,False,0.0,0.0,False,0,0,1,global,250,250,32,32,0,24,8,1,7,7.8125,8.0,8,0,7,26,"sorted(block,parameter,shift,basis)"
finite_shot_conditional,4,0,0,1,4,0.7999999999999998,0.464990554975277,250,7.965784284662087,14,theta_ell1_q0,0,1,0,global,1.0,30,0.0,-1.1102687171923684e-05,0.0,0.0,True,,inf,1.1102687171923684e-05,1.1102687171923684e-05,False,0.0,0.0,False,0,0,1,global,250,250,32,32,0,24,8,1,7,7.8125,8.0,8,0,7,26,"sorted(block,parameter,shift,basis)"
finite_shot_conditional,4,0,0,1,4,0.7999999999999998,0.464990554975277,250,7.965784284662087,14,theta_ell1_q1,1,1,1,global,1.0,30,0.0,1.1120408332722605e-05,0.0,0.0,True,,inf,-1.1120408332722605e-05,1.1120408332722605e-05,False,0.0,0.0,False,0,0,1,global,250,250,32,32,0,24,8,1,7,7.8125,8.0,8,0,7,26,"sorted(block,parameter,shift,basis)"
finite_shot_conditional,4,0,0,1,4,0.7999999999999998,0.464990554975277,250,7.965784284662087,14,theta_ell1_q2,2,1,2,global,1.0,30,0.0,2.5008598158861736e-06,0.0,0.0,True,,inf,-2.5008598158861736e-06,2.5008598158861736e-06,False,0.0,0.0,False,0,0,1,global,250,250,32,32,0,24,8,1,7,7.8125,8.0,8,0,7,26,"sorted(block,parameter,shift,basis)"
finite_shot_conditional,4,0,0,1,4,0.7999999999999998,0.464990554975277,250,7.965784284662087,14,theta_ell1_q3,3,1,3,global,1.0,30,0.0,-9.26081733157015e-06,0.0,0.0,True,,inf,9.26081733157015e-06,9.26081733157015e-06,False,0.0,0.0,False,0,0,1,global,250,250,32,32,0,24,8,1,7,7.8125,8.0,8,0,7,26,"sorted(block,parameter,shift,basis)"
finite_shot_conditional,4,0,0,1,4,0.7999999999999998,0.464990554975277,250,7.965784284662087,14,theta_ell2_q0,4,2,0,global,1.0,30,0.0,-1.3480589154320944e-06,0.0,0.0,True,,inf,1.3480589154320944e-06,1.3480589154320944e-06,False,0.0,0.0,False,0,0,1,global,250,250,32,32,0,24,8,1,7,7.8125,8.0,8,0,7,26,"sorted(block,parameter,shift,basis)"
finite_shot_conditional,4,0,0,1,4,0.7999999999999998,0.464990554975277,250,7.965784284662087,14,theta_ell2_q1,5,2,1,global,1.0,30,0.0,-1.6598703845513872e-06,0.0,0.0,True,,inf,1.6598703845513872e-06,1.6598703845513872e-06,False,0.0,0.0,False,0,0,1,global,250,250,32,32,0,24,8,1,7,7.8125,8.0,8,0,7,26,"sorted(block,parameter,shift,basis)"
finite_shot_conditional,4,0,0,1,4,0.7999999999999998,0.464990554975277,250,7.965784284662087,14,theta_ell2_q2,6,2,2,global,1.0,30,0.0,1.538701976791441e-05,0.0,0.0,True,,inf,-1.538701976791441e-05,1.538701976791441e-05,False,0.0,0.0,False,0,0,1,global,250,250,32,32,0,24,8,1,7,7.8125,8.0,8,0,7,26,"sorted(block,parameter,shift,basis)"
finite_shot_conditional,4,0,0,1,4,0.7999999999999998,0.464990554975277,250,7.965784284662087,14,theta_ell2_q3,7,2,3,global,1.0,30,0.0,7.657890799332385e-07,0.0,0.0,True,,inf,-7.657890799332385e-07,7.657890799332385e-07,False,0.0,0.0,False,0,0,1,global,250,250,32,32,0,24,8,1,7,7.8125,8.0,8,0,7,26,"sorted(block,parameter,shift,basis)"
finite_shot_conditional,4,0,0,1,4,0.7999999999999998,0.464990554975277,250,7.965784284662087,14,theta_ell3_q0,8,3,0,global,1.0,30,0.0,-1.574112820611908e-05,0.0,0.0,True,,inf,1.574112820611908e-05,1.574112820611908e-05,False,0.0,0.0,False,0,0,1,global,250,250,32,32,0,24,8,1,7,7.8125,8.0,8,0,7,26,"sorted(block,parameter,shift,basis)"
finite_shot_conditional,4,0,0,1,4,0.7999999999999998,0.464990554975277,250,7.965784284662087,14,theta_ell3_q1,9,3,1,global,1.0,30,0.0,-4.2814931368154635e-07,0.0,0.0,True,,inf,4.2814931368154635e-07,4.2814931368154635e-07,False,0.0,0.0,False,0,0,1,global,250,250,32,32,0,24,8,1,7,7.8125,8.0,8,0,7,26,"sorted(block,parameter,shift,basis)"
finite_shot_conditional,4,0,0,1,4,0.7999999999999998,0.464990554975277,250,7.965784284662087,14,theta_ell3_q2,10,3,2,global,1.0,30,0.0,-1.5139477427388575e-05,0.0,0.0,True,,inf,1.5139477427388575e-05,1.5139477427388575e-05,False,0.0,0.0,False,0,0,1,global,250,250,32,32,0,24,8,1,7,7.8125,8.0,8,0,7,26,"sorted(block,parameter,shift,basis)"
finite_shot_conditional,4,0,0,1,4,0.7999999999999998,0.464990554975277,250,7.965784284662087,14,theta_ell3_q3,11,3,3,global,1.0,30,0.0,-3.1204957779094833e-06,0.0,0.0,True,,inf,3.1204957779094833e-06,3.1204957779094833e-06,False,0.0,0.0,False,0,0,1,global,250,250,32,32,0,24,8,1,7,7.8125,8.0,8,0,7,26,"sorted(block,parameter,shift,basis)"
finite_shot_conditional,4,0,0,1,4,0.7999999999999998,0.464990554975277,250,7.965784284662087,14,theta_ell4_q0,12,4,0,global,1.0,30,0.0,-3.5409717032419685e-06,0.0,0.0,True,,inf,3.5409717032419685e-06,3.5409717032419685e-06,False,0.0,0.0,False,0,0,1,global,250,250,32,32,0,24,8,1,7,7.8125,8.0,8,0,7,26,"sorted(block,parameter,shift,basis)"
finite_shot_conditional,4,0,0,1,4,0.7999999999999998,0.464990554975277,250,7.965784284662087,14,theta_ell4_q1,13,4,1,global,1.0,30,0.0,1.748863249462218e-05,0.0,0.0,True,,inf,-1.748863249462218e-05,1.748863249462218e-05,False,0.0,0.0,False,0,0,1,global,250,250,32,32,0,24,8,1,7,7.8125,8.0,8,0,7,26,"sorted(block,parameter,shift,basis)"
finite_shot_conditional,4,0,0,1,4,0.7999999999999998,0.464990554975277,250,7.965784284662087,14,theta_ell4_q2,14,4,2,global,1.0,30,0.0,1.0618357303426862e-06,0.0,0.0,True,,inf,-1.0618357303426862e-06,1.0618357303426862e-06,False,0.0,0.0,False,0,0,1,global,250,250,32,32,0,24,8,1,7,7.8125,8.0,8,0,7,26,"sorted(block,parameter,shift,basis)"
finite_shot_conditional,4,0,0,1,4,0.7999999999999998,0.464990554975277,250,7.965784284662087,14,theta_ell4_q3,15,4,3,global,1.0,30,0.0,2.975816270622822e-07,0.0,0.0,True,,inf,-2.975816270622822e-07,2.975816270622822e-07,False,0.0,0.0,False,0,0,1,global,250,250,32,32,0,24,8,1,7,7.8125,8.0,8,0,7,26,"sorted(block,parameter,shift,basis)"
finite_shot_conditional,4,0,0,1,4,0.7999999999999998,0.464990554975277,250,7.965784284662087,24,theta_ell4_q1,13,4,1,global,1.0,30,0.0,0.00039752888402733166,0.0,0.0,True,,inf,-0.00039752888402733166,0.00039752888402733166,False,0.0,0.0,False,0,0,1,global,250,250,32,32,0,24,8,1,7,7.8125,8.0,8,0,7,26,"sorted(block,parameter,shift,basis)"
finite_shot_conditional,4,0,0,1,4,0.7999999999999998,0.464990554975277,250,7.965784284662087,28,theta_ell4_q1,13,4,1,global,1.0,30,0.0,-0.0020530885104890206,0.0,0.0,True,,inf,0.0020530885104890206,0.0020530885104890206,False,0.0,0.0,False,0,0,1,global,250,250,32,32,0,24,8,1,7,7.8125,8.0,8,0,7,26,"sorted(block,parameter,shift,basis)"
finite_shot_conditional,4,0,0,1,4,0.7999999999999998,0.464990554975277,250,7.965784284662087,30,theta_ell4_q2,14,4,2,global,1.0,30,0.0,-0.004506569824282103,0.0,0.0,True,,inf,0.004506569824282103,0.004506569824282103,False,0.0,0.0,False,0,0,1,global,250,250,32,32,0,24,8,1,7,7.8125,8.0,8,0,7,26,"sorted(block,parameter,shift,basis)"
finite_shot_conditional,4,0,0,1,4,0.7999999999999998,0.464990554975277,250,7.965784284662087,31,theta_ell4_q1,13,4,1,global,1.0,30,0.0,4.4343029680316004e-05,0.0,0.0,True,,inf,-4.4343029680316004e-05,4.4343029680316004e-05,False,0.0,0.0,False,0,0,1,global,250,250,32,32,0,24,8,1,7,7.8125,8.0,8,0,7,26,"sorted(block,parameter,shift,basis)"
finite_shot_conditional,4,0,0,1,4,0.7999999999999998,0.464990554975277,250,7.965784284662087,31,theta_ell4_q2,14,4,2,global,1.0,30,0.0,-0.001120302811454088,0.0,0.0,True,,inf,0.001120302811454088,0.001120302811454088,False,0.0,0.0,False,0,0,1,global,250,250,32,32,0,24,8,1,7,7.8125,8.0,8,0,7,26,"sorted(block,parameter,shift,basis)"
finite_shot_conditional,4,0,0,1,4,0.7999999999999998,0.464990554975277,250,7.965784284662087,36,theta_ell4_q0,12,4,0,global,1.0,30,0.0,6.793275516592256e-05,0.0,0.0,True,,inf,-6.793275516592256e-05,6.793275516592256e-05,False,0.0,0.0,False,0,0,1,global,250,250,32,32,0,24,8,1,7,7.8125,8.0,8,0,7,26,"sorted(block,parameter,shift,basis)"
finite_shot_conditional,4,0,0,1,4,0.7999999999999998,0.464990554975277,250,7.965784284662087,36,theta_ell4_q1,13,4,1,global,1.0,30,0.0,0.0002719043853159908,0.0,0.0,True,,inf,-0.0002719043853159908,0.0002719043853159908,False,0.0,0.0,False,0,0,1,global,250,250,32,32,0,24,8,1,7,7.8125,8.0,8,0,7,26,"sorted(block,parameter,shift,basis)"
finite_shot_conditional,4,0,0,1,4,0.7999999999999998,0.464990554975277,250,7.965784284662087,36,theta_ell4_q3,15,4,3,global,1.0,30,0.0,5.527368181479364e-05,0.0,0.0,True,,inf,-5.527368181479364e-05,5.527368181479364e-05,False,0.0,0.0,False,0,0,1,global,250,250,32,32,0,24,8,1,7,7.8125,8.0,8,0,7,26,"sorted(block,parameter,shift,basis)"
finite_shot_conditional,4,0,0,1,4,0.7999999999999998,0.464990554975277,250,7.965784284662087,43,theta_ell4_q0,12,4,0,global,1.0,30,0.0,-0.00011402013624728369,0.0,0.0,True,,inf,0.00011402013624728369,0.00011402013624728369,False,0.0,0.0,False,0,0,1,global,250,250,32,32,0,24,8,1,7,7.8125,8.0,8,0,7,26,"sorted(block,parameter,shift,basis)"
finite_shot_conditional,4,0,0,1,4,0.7999999999999998,0.464990554975277,250,7.965784284662087,43,theta_ell4_q2,14,4,2,global,1.0,30,0.0,5.735919794519484e-05,0.0,0.0,True,,inf,-5.735919794519484e-05,5.735919794519484e-05,False,0.0,0.0,False,0,0,1,global,250,250,32,32,0,24,8,1,7,7.8125,8.0,8,0,7,26,"sorted(block,parameter,shift,basis)"
finite_shot_conditional,4,0,0,1,4,0.7999999999999998,0.464990554975277,250,7.965784284662087,43,theta_ell4_q3,15,4,3,global,1.0,30,0.0,0.00011100148647702479,0.0,0.0,True,,inf,-0.00011100148647702479,0.00011100148647702479,False,0.0,0.0,False,0,0,1,global,250,250,32,32,0,24,8,1,7,7.8125,8.0,8,0,7,26,"sorted(block,parameter,shift,basis)"
finite_shot_conditional,4,0,0,1,4,0.7999999999999998,0.464990554975277,250,7.965784284662087,44,theta_ell4_q1,13,4,1,global,1.0,30,0.0,0.0013348541914796619,0.0,0.0,True,,inf,-0.0013348541914796619,0.0013348541914796619,False,0.0,0.0,False,0,0,1,global,250,250,32,32,0,24,8,1,7,7.8125,8.0,8,0,7,26,"sorted(block,parameter,shift,basis)"
finite_shot_conditional,4,0,0,1,4,0.7999999999999998,0.464990554975277,250,7.965784284662087,44,theta_ell4_q3,15,4,3,global,1.0,30,0.0,0.0007275013461925384,0.0,0.0,True,,inf,-0.0007275013461925384,0.0007275013461925384,False,0.0,0.0,False,0,0,1,global,250,250,32,32,0,24,8,1,7,7.8125,8.0,8,0,7,26,"sorted(block,parameter,shift,basis)"
finite_shot_conditional,4,0,0,1,4,0.7999999999999998,0.464990554975277,250,7.965784284662087,49,theta_ell4_q2,14,4,2,global,1.0,30,0.0,0.00241801447029405,0.0,0.0,True,,inf,-0.00241801447029405,0.00241801447029405,False,0.0,0.0,False,0,0,1,global,250,250,32,32,0,24,8,1,7,7.8125,8.0,8,0,7,26,"sorted(block,parameter,shift,basis)"
finite_shot_conditional,4,0,0,1,4,0.7999999999999998,0.464990554975277,500,8.965784284662087,2,theta_ell4_q1,13,4,1,global,1.0,30,0.0,9.067832311115964e-05,0.0,0.0,True,,inf,-9.067832311115964e-05,9.067832311115964e-05,False,0.0,0.0,False,0,0,1,global,500,500,32,32,0,24,8,1,15,15.625,16.0,16,0,15,20,"sorted(block,parameter,shift,basis)"
finite_shot_conditional,4,0,0,1,4,0.7999999999999998,0.464990554975277,500,8.965784284662087,2,theta_ell4_q2,14,4,2,global,1.0,30,0.0,-0.00067116596879363,0.0,0.0,True,,inf,0.00067116596879363,0.00067116596879363,False,0.0,0.0,False,0,0,1,global,500,500,32,32,0,24,8,1,15,15.625,16.0,16,0,15,20,"sorted(block,parameter,shift,basis)"
finite_shot_conditional,4,0,0,1,4,0.7999999999999998,0.464990554975277,500,8.965784284662087,8,theta_ell4_q1,13,4,1,global,1.0,30,0.0,-0.0002944267059991068,0.0,0.0,True,,inf,0.0002944267059991068,0.0002944267059991068,False,0.0,0.0,False,0,0,1,global,500,500,32,32,0,24,8,1,15,15.625,16.0,16,0,15,20,"sorted(block,parameter,shift,basis)"
finite_shot_conditional,4,0,0,1,4,0.7999999999999998,0.464990554975277,500,8.965784284662087,11,theta_ell4_q2,14,4,2,global,1.0,30,0.0,-0.0011919407555225359,0.0,0.0,True,,inf,0.0011919407555225359,0.0011919407555225359,False,0.0,0.0,False,0,0,1,global,500,500,32,32,0,24,8,1,15,15.625,16.0,16,0,15,20,"sorted(block,parameter,shift,basis)"
finite_shot_conditional,4,0,0,1,4,0.7999999999999998,0.464990554975277,500,8.965784284662087,14,theta_ell1_q0,0,1,0,global,1.0,30,0.0,-1.1102687171923684e-05,0.0,0.0,True,,inf,1.1102687171923684e-05,1.1102687171923684e-05,False,0.0,0.0,False,0,0,1,global,500,500,32,32,0,24,8,1,15,15.625,16.0,16,0,15,20,"sorted(block,parameter,shift,basis)"
finite_shot_conditional,4,0,0,1,4,0.7999999999999998,0.464990554975277,500,8.965784284662087,14,theta_ell1_q1,1,1,1,global,1.0,30,0.0,1.1120408332722605e-05,0.0,0.0,True,,inf,-1.1120408332722605e-05,1.1120408332722605e-05,False,0.0,0.0,False,0,0,1,global,500,500,32,32,0,24,8,1,15,15.625,16.0,16,0,15,20,"sorted(block,parameter,shift,basis)"
finite_shot_conditional,4,0,0,1,4,0.7999999999999998,0.464990554975277,500,8.965784284662087,14,theta_ell1_q2,2,1,2,global,1.0,30,0.0,2.5008598158861736e-06,0.0,0.0,True,,inf,-2.5008598158861736e-06,2.5008598158861736e-06,False,0.0,0.0,False,0,0,1,global,500,500,32,32,0,24,8,1,15,15.625,16.0,16,0,15,20,"sorted(block,parameter,shift,basis)"
finite_shot_conditional,4,0,0,1,4,0.7999999999999998,0.464990554975277,500,8.965784284662087,14,theta_ell1_q3,3,1,3,global,1.0,30,0.0,-9.26081733157015e-06,0.0,0.0,True,,inf,9.26081733157015e-06,9.26081733157015e-06,False,0.0,0.0,False,0,0,1,global,500,500,32,32,0,24,8,1,15,15.625,16.0,16,0,15,20,"sorted(block,parameter,shift,basis)"
finite_shot_conditional,4,0,0,1,4,0.7999999999999998,0.464990554975277,500,8.965784284662087,14,theta_ell2_q0,4,2,0,global,1.0,30,0.0,-1.3480589154320944e-06,0.0,0.0,True,,inf,1.3480589154320944e-06,1.3480589154320944e-06,False,0.0,0.0,False,0,0,1,global,500,500,32,32,0,24,8,1,15,15.625,16.0,16,0,15,20,"sorted(block,parameter,shift,basis)"
finite_shot_conditional,4,0,0,1,4,0.7999999999999998,0.464990554975277,500,8.965784284662087,14,theta_ell2_q1,5,2,1,global,1.0,30,0.0,-1.6598703845513872e-06,0.0,0.0,True,,inf,1.6598703845513872e-06,1.6598703845513872e-06,False,0.0,0.0,False,0,0,1,global,500,500,32,32,0,24,8,1,15,15.625,16.0,16,0,15,20,"sorted(block,parameter,shift,basis)"
finite_shot_conditional,4,0,0,1,4,0.7999999999999998,0.464990554975277,500,8.965784284662087,14,theta_ell2_q2,6,2,2,global,1.0,30,0.0,1.538701976791441e-05,0.0,0.0,True,,inf,-1.538701976791441e-05,1.538701976791441e-05,False,0.0,0.0,False,0,0,1,global,500,500,32,32,0,24,8,1,15,15.625,16.0,16,0,15,20,"sorted(block,parameter,shift,basis)"
finite_shot_conditional,4,0,0,1,4,0.7999999999999998,0.464990554975277,500,8.965784284662087,14,theta_ell2_q3,7,2,3,global,1.0,30,0.0,7.657890799332385e-07,0.0,0.0,True,,inf,-7.657890799332385e-07,7.657890799332385e-07,False,0.0,0.0,False,0,0,1,global,500,500,32,32,0,24,8,1,15,15.625,16.0,16,0,15,20,"sorted(block,parameter,shift,basis)"
finite_shot_conditional,4,0,0,1,4,0.7999999999999998,0.464990554975277,500,8.965784284662087,14,theta_ell3_q0,8,3,0,global,1.0,30,0.0,-1.574112820611908e-05,0.0,0.0,True,,inf,1.574112820611908e-05,1.574112820611908e-05,False,0.0,0.0,False,0,0,1,global,500,500,32,32,0,24,8,1,15,15.625,16.0,16,0,15,20,"sorted(block,parameter,shift,basis)"
finite_shot_conditional,4,0,0,1,4,0.7999999999999998,0.464990554975277,500,8.965784284662087,14,theta_ell3_q1,9,3,1,global,1.0,30,0.0,-4.2814931368154635e-07,0.0,0.0,True,,inf,4.2814931368154635e-07,4.2814931368154635e-07,False,0.0,0.0,False,0,0,1,global,500,500,32,32,0,24,8,1,15,15.625,16.0,16,0,15,20,"sorted(block,parameter,shift,basis)"
finite_shot_conditional,4,0,0,1,4,0.7999999999999998,0.464990554975277,500,8.965784284662087,14,theta_ell3_q2,10,3,2,global,1.0,30,0.0,-1.5139477427388575e-05,0.0,0.0,True,,inf,1.5139477427388575e-05,1.5139477427388575e-05,False,0.0,0.0,False,0,0,1,global,500,500,32,32,0,24,8,1,15,15.625,16.0,16,0,15,20,"sorted(block,parameter,shift,basis)"
finite_shot_conditional,4,0,0,1,4,0.7999999999999998,0.464990554975277,500,8.965784284662087,14,theta_ell3_q3,11,3,3,global,1.0,30,0.0,-3.1204957779094833e-06,0.0,0.0,True,,inf,3.1204957779094833e-06,3.1204957779094833e-06,False,0.0,0.0,False,0,0,1,global,500,500,32,32,0,24,8,1,15,15.625,16.0,16,0,15,20,"sorted(block,parameter,shift,basis)"
finite_shot_conditional,4,0,0,1,4,0.7999999999999998,0.464990554975277,500,8.965784284662087,14,theta_ell4_q0,12,4,0,global,1.0,30,0.0,-3.5409717032419685e-06,0.0,0.0,True,,inf,3.5409717032419685e-06,3.5409717032419685e-06,False,0.0,0.0,False,0,0,1,global,500,500,32,32,0,24,8,1,15,15.625,16.0,16,0,15,20,"sorted(block,parameter,shift,basis)"
finite_shot_conditional,4,0,0,1,4,0.7999999999999998,0.464990554975277,500,8.965784284662087,14,theta_ell4_q1,13,4,1,global,1.0,30,0.0,1.748863249462218e-05,0.0,0.0,True,,inf,-1.748863249462218e-05,1.748863249462218e-05,False,0.0,0.0,False,0,0,1,global,500,500,32,32,0,24,8,1,15,15.625,16.0,16,0,15,20,"sorted(block,parameter,shift,basis)"
finite_shot_conditional,4,0,0,1,4,0.7999999999999998,0.464990554975277,500,8.965784284662087,14,theta_ell4_q2,14,4,2,global,1.0,30,0.0,1.0618357303426862e-06,0.0,0.0,True,,inf,-1.0618357303426862e-06,1.0618357303426862e-06,False,0.0,0.0,False,0,0,1,global,500,500,32,32,0,24,8,1,15,15.625,16.0,16,0,15,20,"sorted(block,parameter,shift,basis)"
finite_shot_conditional,4,0,0,1,4,0.7999999999999998,0.464990554975277,500,8.965784284662087,14,theta_ell4_q3,15,4,3,global,1.0,30,0.0,2.975816270622822e-07,0.0,0.0,True,,inf,-2.975816270622822e-07,2.975816270622822e-07,False,0.0,0.0,False,0,0,1,global,500,500,32,32,0,24,8,1,15,15.625,16.0,16,0,15,20,"sorted(block,parameter,shift,basis)"
finite_shot_conditional,4,0,0,1,4,0.7999999999999998,0.464990554975277,500,8.965784284662087,19,theta_ell4_q2,14,4,2,global,1.0,30,0.0,-0.0014462762830098619,0.0,0.0,True,,inf,0.0014462762830098619,0.0014462762830098619,False,0.0,0.0,False,0,0,1,global,500,500,32,32,0,24,8,1,15,15.625,16.0,16,0,15,20,"sorted(block,parameter,shift,basis)"
finite_shot_conditional,4,0,0,1,4,0.7999999999999998,0.464990554975277,500,8.965784284662087,20,theta_ell4_q1,13,4,1,global,1.0,30,0.0,4.697742819625983e-05,0.0,0.0,True,,inf,-4.697742819625983e-05,4.697742819625983e-05,False,0.0,0.0,False,0,0,1,global,500,500,32,32,0,24,8,1,15,15.625,16.0,16,0,15,20,"sorted(block,parameter,shift,basis)"
finite_shot_conditional,4,0,0,1,4,0.7999999999999998,0.464990554975277,500,8.965784284662087,22,theta_ell4_q3,15,4,3,global,1.0,30,0.0,-0.0030603507729698443,0.0,0.0,True,,inf,0.0030603507729698443,0.0030603507729698443,False,0.0,0.0,False,0,0,1,global,500,500,32,32,0,24,8,1,15,15.625,16.0,16,0,15,20,"sorted(block,parameter,shift,basis)"
finite_shot_conditional,4,0,0,1,4,0.7999999999999998,0.464990554975277,500,8.965784284662087,31,theta_ell4_q1,13,4,1,global,1.0,30,0.0,4.4343029680316004e-05,0.0,0.0,True,,inf,-4.4343029680316004e-05,4.4343029680316004e-05,False,0.0,0.0,False,0,0,1,global,500,500,32,32,0,24,8,1,15,15.625,16.0,16,0,15,20,"sorted(block,parameter,shift,basis)"
finite_shot_conditional,4,0,0,1,4,0.7999999999999998,0.464990554975277,500,8.965784284662087,36,theta_ell4_q0,12,4,0,global,1.0,30,0.0,6.793275516592256e-05,0.0,0.0,True,,inf,-6.793275516592256e-05,6.793275516592256e-05,False,0.0,0.0,False,0,0,1,global,500,500,32,32,0,24,8,1,15,15.625,16.0,16,0,15,20,"sorted(block,parameter,shift,basis)"
finite_shot_conditional,4,0,0,1,4,0.7999999999999998,0.464990554975277,500,8.965784284662087,36,theta_ell4_q3,15,4,3,global,1.0,30,0.0,5.527368181479364e-05,0.0,0.0,True,,inf,-5.527368181479364e-05,5.527368181479364e-05,False,0.0,0.0,False,0,0,1,global,500,500,32,32,0,24,8,1,15,15.625,16.0,16,0,15,20,"sorted(block,parameter,shift,basis)"
finite_shot_conditional,4,0,0,1,4,0.7999999999999998,0.464990554975277,500,8.965784284662087,43,theta_ell4_q0,12,4,0,global,1.0,30,0.0,-0.00011402013624728369,0.0,0.0,True,,inf,0.00011402013624728369,0.00011402013624728369,False,0.0,0.0,False,0,0,1,global,500,500,32,32,0,24,8,1,15,15.625,16.0,16,0,15,20,"sorted(block,parameter,shift,basis)"
finite_shot_conditional,4,0,0,1,4,0.7999999999999998,0.464990554975277,500,8.965784284662087,43,theta_ell4_q2,14,4,2,global,1.0,30,0.0,5.735919794519484e-05,0.0,0.0,True,,inf,-5.735919794519484e-05,5.735919794519484e-05,False,0.0,0.0,False,0,0,1,global,500,500,32,32,0,24,8,1,15,15.625,16.0,16,0,15,20,"sorted(block,parameter,shift,basis)"
finite_shot_conditional,4,0,0,1,4,0.7999999999999998,0.464990554975277,500,8.965784284662087,43,theta_ell4_q3,15,4,3,global,1.0,30,0.0,0.00011100148647702479,0.0,0.0,True,,inf,-0.00011100148647702479,0.00011100148647702479,False,0.0,0.0,False,0,0,1,global,500,500,32,32,0,24,8,1,15,15.625,16.0,16,0,15,20,"sorted(block,parameter,shift,basis)"
finite_shot_conditional,4,0,0,1,4,0.7999999999999998,0.464990554975277,1000,9.965784284662087,2,theta_ell4_q1,13,4,1,global,1.0,30,0.0,9.067832311115964e-05,0.0,0.0,True,,inf,-9.067832311115964e-05,9.067832311115964e-05,False,0.0,0.0,False,0,0,1,global,1000,1000,32,32,0,24,8,1,31,31.25,31.0,32,0,31,8,"sorted(block,parameter,shift,basis)"
finite_shot_conditional,4,0,0,1,4,0.7999999999999998,0.464990554975277,1000,9.965784284662087,14,theta_ell4_q0,12,4,0,global,1.0,30,0.0,-3.5409717032419685e-06,0.0,0.0,True,,inf,3.5409717032419685e-06,3.5409717032419685e-06,False,0.0,0.0,False,0,0,1,global,1000,1000,32,32,0,24,8,1,31,31.25,31.0,32,0,31,8,"sorted(block,parameter,shift,basis)"
finite_shot_conditional,4,0,0,1,4,0.7999999999999998,0.464990554975277,1000,9.965784284662087,14,theta_ell4_q2,14,4,2,global,1.0,30,0.0,1.0618357303426862e-06,0.0,0.0,True,,inf,-1.0618357303426862e-06,1.0618357303426862e-06,False,0.0,0.0,False,0,0,1,global,1000,1000,32,32,0,24,8,1,31,31.25,31.0,32,0,31,8,"sorted(block,parameter,shift,basis)"
finite_shot_conditional,4,0,0,1,4,0.7999999999999998,0.464990554975277,1000,9.965784284662087,14,theta_ell4_q3,15,4,3,global,1.0,30,0.0,2.975816270622822e-07,0.0,0.0,True,,inf,-2.975816270622822e-07,2.975816270622822e-07,False,0.0,0.0,False,0,0,1,global,1000,1000,32,32,0,24,8,1,31,31.25,31.0,32,0,31,8,"sorted(block,parameter,shift,basis)"
finite_shot_conditional,4,0,0,1,4,0.7999999999999998,0.464990554975277,1000,9.965784284662087,23,theta_ell4_q0,12,4,0,global,1.0,30,0.0,-0.00019982567327803125,0.0,0.0,True,,inf,0.00019982567327803125,0.00019982567327803125,False,0.0,0.0,False,0,0,1,global,1000,1000,32,32,0,24,8,1,31,31.25,31.0,32,0,31,8,"sorted(block,parameter,shift,basis)"
finite_shot_conditional,4,0,0,1,4,0.7999999999999998,0.464990554975277,1000,9.965784284662087,24,theta_ell4_q1,13,4,1,global,1.0,30,0.0,0.00039752888402733166,0.0,0.0,True,,inf,-0.00039752888402733166,0.00039752888402733166,False,0.0,0.0,False,0,0,1,global,1000,1000,32,32,0,24,8,1,31,31.25,31.0,32,0,31,8,"sorted(block,parameter,shift,basis)"
finite_shot_conditional,4,0,0,1,4,0.7999999999999998,0.464990554975277,1000,9.965784284662087,28,theta_ell4_q2,14,4,2,global,1.0,30,0.0,-0.0017804189833861006,0.0,0.0,True,,inf,0.0017804189833861006,0.0017804189833861006,False,0.0,0.0,False,0,0,1,global,1000,1000,32,32,0,24,8,1,31,31.25,31.0,32,0,31,8,"sorted(block,parameter,shift,basis)"
finite_shot_conditional,4,0,0,1,4,0.7999999999999998,0.464990554975277,1000,9.965784284662087,36,theta_ell4_q0,12,4,0,global,1.0,30,0.0,6.793275516592256e-05,0.0,0.0,True,,inf,-6.793275516592256e-05,6.793275516592256e-05,False,0.0,0.0,False,0,0,1,global,1000,1000,32,32,0,24,8,1,31,31.25,31.0,32,0,31,8,"sorted(block,parameter,shift,basis)"
finite_shot_conditional,4,0,0,1,4,0.7999999999999998,0.464990554975277,1000,9.965784284662087,36,theta_ell4_q3,15,4,3,global,1.0,30,0.0,5.527368181479364e-05,0.0,0.0,True,,inf,-5.527368181479364e-05,5.527368181479364e-05,False,0.0,0.0,False,0,0,1,global,1000,1000,32,32,0,24,8,1,31,31.25,31.0,32,0,31,8,"sorted(block,parameter,shift,basis)"
finite_shot_conditional,4,0,0,1,4,0.7999999999999998,0.464990554975277,1000,9.965784284662087,43,theta_ell4_q0,12,4,0,global,1.0,30,0.0,-0.00011402013624728369,0.0,0.0,True,,inf,0.00011402013624728369,0.00011402013624728369,False,0.0,0.0,False,0,0,1,global,1000,1000,32,32,0,24,8,1,31,31.25,31.0,32,0,31,8,"sorted(block,parameter,shift,basis)"
finite_shot_conditional,4,0,0,1,4,0.7999999999999998,0.464990554975277,1000,9.965784284662087,43,theta_ell4_q2,14,4,2,global,1.0,30,0.0,5.735919794519484e-05,0.0,0.0,True,,inf,-5.735919794519484e-05,5.735919794519484e-05,False,0.0,0.0,False,0,0,1,global,1000,1000,32,32,0,24,8,1,31,31.25,31.0,32,0,31,8,"sorted(block,parameter,shift,basis)"
finite_shot_conditional,4,0,0,1,4,0.7999999999999998,0.464990554975277,1000,9.965784284662087,43,theta_ell4_q3,15,4,3,global,1.0,30,0.0,0.00011100148647702479,0.0,0.0,True,,inf,-0.00011100148647702479,0.00011100148647702479,False,0.0,0.0,False,0,0,1,global,1000,1000,32,32,0,24,8,1,31,31.25,31.0,32,0,31,8,"sorted(block,parameter,shift,basis)"
finite_shot_conditional,4,0,0,1,4,0.7999999999999998,0.464990554975277,2000,10.965784284662087,2,theta_ell4_q1,13,4,1,global,1.0,30,0.0,9.067832311115964e-05,0.0,0.0,True,,inf,-9.067832311115964e-05,9.067832311115964e-05,False,0.0,0.0,False,0,0,1,global,2000,2000,32,32,0,24,8,1,62,62.5,62.5,63,0,62,16,"sorted(block,parameter,shift,basis)"
finite_shot_conditional,4,0,0,1,4,0.7999999999999998,0.464990554975277,2000,10.965784284662087,8,theta_ell4_q1,13,4,1,global,1.0,30,0.0,-0.0002944267059991068,0.0,0.0,True,,inf,0.0002944267059991068,0.0002944267059991068,False,0.0,0.0,False,0,0,1,global,2000,2000,32,32,0,24,8,1,62,62.5,62.5,63,0,62,16,"sorted(block,parameter,shift,basis)"
finite_shot_conditional,4,0,0,1,4,0.7999999999999998,0.464990554975277,2000,10.965784284662087,14,theta_ell4_q0,12,4,0,global,1.0,30,0.0,-3.5409717032419685e-06,0.0,0.0,True,,inf,3.5409717032419685e-06,3.5409717032419685e-06,False,0.0,0.0,False,0,0,1,global,2000,2000,32,32,0,24,8,1,62,62.5,62.5,63,0,62,16,"sorted(block,parameter,shift,basis)"
finite_shot_conditional,4,0,0,1,4,0.7999999999999998,0.464990554975277,2000,10.965784284662087,14,theta_ell4_q2,14,4,2,global,1.0,30,0.0,1.0618357303426862e-06,0.0,0.0,True,,inf,-1.0618357303426862e-06,1.0618357303426862e-06,False,0.0,0.0,False,0,0,1,global,2000,2000,32,32,0,24,8,1,62,62.5,62.5,63,0,62,16,"sorted(block,parameter,shift,basis)"
finite_shot_conditional,4,0,0,1,4,0.7999999999999998,0.464990554975277,2000,10.965784284662087,14,theta_ell4_q3,15,4,3,global,1.0,30,0.0,2.975816270622822e-07,0.0,0.0,True,,inf,-2.975816270622822e-07,2.975816270622822e-07,False,0.0,0.0,False,0,0,1,global,2000,2000,32,32,0,24,8,1,62,62.5,62.5,63,0,62,16,"sorted(block,parameter,shift,basis)"
finite_shot_conditional,4,0,0,1,4,0.7999999999999998,0.464990554975277,2000,10.965784284662087,31,theta_ell4_q1,13,4,1,global,1.0,30,0.0,4.4343029680316004e-05,0.0,0.0,True,,inf,-4.4343029680316004e-05,4.4343029680316004e-05,False,0.0,0.0,False,0,0,1,global,2000,2000,32,32,0,24,8,1,62,62.5,62.5,63,0,62,16,"sorted(block,parameter,shift,basis)"
finite_shot_conditional,4,0,0,1,4,0.7999999999999998,0.464990554975277,2000,10.965784284662087,36,theta_ell4_q0,12,4,0,global,1.0,30,0.0,6.793275516592256e-05,0.0,0.0,True,,inf,-6.793275516592256e-05,6.793275516592256e-05,False,0.0,0.0,False,0,0,1,global,2000,2000,32,32,0,24,8,1,62,62.5,62.5,63,0,62,16,"sorted(block,parameter,shift,basis)"
finite_shot_conditional,4,0,0,1,4,0.7999999999999998,0.464990554975277,2000,10.965784284662087,36,theta_ell4_q3,15,4,3,global,1.0,30,0.0,5.527368181479364e-05,0.0,0.0,True,,inf,-5.527368181479364e-05,5.527368181479364e-05,False,0.0,0.0,False,0,0,1,global,2000,2000,32,32,0,24,8,1,62,62.5,62.5,63,0,62,16,"sorted(block,parameter,shift,basis)"
finite_shot_conditional,4,0,0,1,4,0.7999999999999998,0.464990554975277,2000,10.965784284662087,43,theta_ell4_q0,12,4,0,global,1.0,30,0.0,-0.00011402013624728369,0.0,0.0,True,,inf,0.00011402013624728369,0.00011402013624728369,False,0.0,0.0,False,0,0,1,global,2000,2000,32,32,0,24,8,1,62,62.5,62.5,63,0,62,16,"sorted(block,parameter,shift,basis)"
finite_shot_conditional,4,0,0,1,4,0.7999999999999998,0.464990554975277,2000,10.965784284662087,43,theta_ell4_q2,14,4,2,global,1.0,30,0.0,5.735919794519484e-05,0.0,0.0,True,,inf,-5.735919794519484e-05,5.735919794519484e-05,False,0.0,0.0,False,0,0,1,global,2000,2000,32,32,0,24,8,1,62,62.5,62.5,63,0,62,16,"sorted(block,parameter,shift,basis)"
finite_shot_conditional,4,0,0,1,4,0.7999999999999998,0.464990554975277,2000,10.965784284662087,43,theta_ell4_q3,15,4,3,global,1.0,30,0.0,0.00011100148647702479,0.0,0.0,True,,inf,-0.00011100148647702479,0.00011100148647702479,False,0.0,0.0,False,0,0,1,global,2000,2000,32,32,0,24,8,1,62,62.5,62.5,63,0,62,16,"sorted(block,parameter,shift,basis)"
finite_shot_conditional,4,0,0,1,6,2.8,1.6274669424134698,250,7.965784284662087,1,theta_ell6_q1,21,6,1,global,1.0,30,0.0,0.0010066506242939477,0.0,0.0,True,,inf,-0.0010066506242939477,0.0010066506242939477,False,0.0,0.0,False,0,0,1,global,250,250,48,48,0,40,8,1,5,5.208333333333333,5.0,6,0,5,10,"sorted(block,parameter,shift,basis)"
finite_shot_conditional,4,0,0,1,6,2.8,1.6274669424134698,250,7.965784284662087,4,theta_ell1_q0,0,1,0,global,1.0,30,0.0,1.1491427030704714e-06,0.0,0.0,True,,inf,-1.1491427030704714e-06,1.1491427030704714e-06,False,0.0,0.0,False,0,0,1,global,250,250,48,48,0,40,8,1,5,5.208333333333333,5.0,6,0,5,10,"sorted(block,parameter,shift,basis)"
finite_shot_conditional,4,0,0,1,6,2.8,1.6274669424134698,250,7.965784284662087,4,theta_ell1_q1,1,1,1,global,1.0,30,0.0,1.3692522377029306e-06,0.0,0.0,True,,inf,-1.3692522377029306e-06,1.3692522377029306e-06,False,0.0,0.0,False,0,0,1,global,250,250,48,48,0,40,8,1,5,5.208333333333333,5.0,6,0,5,10,"sorted(block,parameter,shift,basis)"
finite_shot_conditional,4,0,0,1,6,2.8,1.6274669424134698,250,7.965784284662087,4,theta_ell1_q2,2,1,2,global,1.0,30,0.0,-2.6777638244467915e-07,0.0,0.0,True,,inf,2.6777638244467915e-07,2.6777638244467915e-07,False,0.0,0.0,False,0,0,1,global,250,250,48,48,0,40,8,1,5,5.208333333333333,5.0,6,0,5,10,"sorted(block,parameter,shift,basis)"
finite_shot_conditional,4,0,0,1,6,2.8,1.6274669424134698,250,7.965784284662087,4,theta_ell1_q3,3,1,3,global,1.0,30,0.0,9.208155378319498e-06,0.0,0.0,True,,inf,-9.208155378319498e-06,9.208155378319498e-06,False,0.0,0.0,False,0,0,1,global,250,250,48,48,0,40,8,1,5,5.208333333333333,5.0,6,0,5,10,"sorted(block,parameter,shift,basis)"
finite_shot_conditional,4,0,0,1,6,2.8,1.6274669424134698,250,7.965784284662087,4,theta_ell2_q0,4,2,0,global,1.0,30,0.0,3.665230192619231e-06,0.0,0.0,True,,inf,-3.665230192619231e-06,3.665230192619231e-06,False,0.0,0.0,False,0,0,1,global,250,250,48,48,0,40,8,1,5,5.208333333333333,5.0,6,0,5,10,"sorted(block,parameter,shift,basis)"
finite_shot_conditional,4,0,0,1,6,2.8,1.6274669424134698,250,7.965784284662087,4,theta_ell2_q1,5,2,1,global,1.0,30,0.0,2.954791334472345e-05,0.0,0.0,True,,inf,-2.954791334472345e-05,2.954791334472345e-05,False,0.0,0.0,False,0,0,1,global,250,250,48,48,0,40,8,1,5,5.208333333333333,5.0,6,0,5,10,"sorted(block,parameter,shift,basis)"
finite_shot_conditional,4,0,0,1,6,2.8,1.6274669424134698,250,7.965784284662087,4,theta_ell2_q2,6,2,2,global,1.0,30,0.0,2.0395785768768232e-05,0.0,0.0,True,,inf,-2.0395785768768232e-05,2.0395785768768232e-05,False,0.0,0.0,False,0,0,1,global,250,250,48,48,0,40,8,1,5,5.208333333333333,5.0,6,0,5,10,"sorted(block,parameter,shift,basis)"
finite_shot_conditional,4,0,0,1,6,2.8,1.6274669424134698,250,7.965784284662087,4,theta_ell2_q3,7,2,3,global,1.0,30,0.0,-1.7359725552124718e-07,0.0,0.0,True,,inf,1.7359725552124718e-07,1.7359725552124718e-07,False,0.0,0.0,False,0,0,1,global,250,250,48,48,0,40,8,1,5,5.208333333333333,5.0,6,0,5,10,"sorted(block,parameter,shift,basis)"
finite_shot_conditional,4,0,0,1,6,2.8,1.6274669424134698,250,7.965784284662087,4,theta_ell3_q0,8,3,0,global,1.0,30,0.0,2.5026041856871303e-06,0.0,0.0,True,,inf,-2.5026041856871303e-06,2.5026041856871303e-06,False,0.0,0.0,False,0,0,1,global,250,250,48,48,0,40,8,1,5,5.208333333333333,5.0,6,0,5,10,"sorted(block,parameter,shift,basis)"
finite_shot_conditional,4,0,0,1,6,2.8,1.6274669424134698,250,7.965784284662087,4,theta_ell3_q1,9,3,1,global,1.0,30,0.0,-2.8200442500566324e-05,0.0,0.0,True,,inf,2.8200442500566324e-05,2.8200442500566324e-05,False,0.0,0.0,False,0,0,1,global,250,250,48,48,0,40,8,1,5,5.208333333333333,5.0,6,0,5,10,"sorted(block,parameter,shift,basis)"
finite_shot_conditional,4,0,0,1,6,2.8,1.6274669424134698,250,7.965784284662087,4,theta_ell3_q2,10,3,2,global,1.0,30,0.0,1.751132411101465e-06,0.0,0.0,True,,inf,-1.751132411101465e-06,1.751132411101465e-06,False,0.0,0.0,False,0,0,1,global,250,250,48,48,0,40,8,1,5,5.208333333333333,5.0,6,0,5,10,"sorted(block,parameter,shift,basis)"
finite_shot_conditional,4,0,0,1,6,2.8,1.6274669424134698,250,7.965784284662087,4,theta_ell3_q3,11,3,3,global,1.0,30,0.0,6.947982084046486e-06,0.0,0.0,True,,inf,-6.947982084046486e-06,6.947982084046486e-06,False,0.0,0.0,False,0,0,1,global,250,250,48,48,0,40,8,1,5,5.208333333333333,5.0,6,0,5,10,"sorted(block,parameter,shift,basis)"
finite_shot_conditional,4,0,0,1,6,2.8,1.6274669424134698,250,7.965784284662087,4,theta_ell4_q0,12,4,0,global,1.0,30,0.0,-5.994326716854662e-06,0.0,0.0,True,,inf,5.994326716854662e-06,5.994326716854662e-06,False,0.0,0.0,False,0,0,1,global,250,250,48,48,0,40,8,1,5,5.208333333333333,5.0,6,0,5,10,"sorted(block,parameter,shift,basis)"
finite_shot_conditional,4,0,0,1,6,2.8,1.6274669424134698,250,7.965784284662087,4,theta_ell4_q1,13,4,1,global,1.0,30,0.0,5.390920546820422e-05,0.0,0.0,True,,inf,-5.390920546820422e-05,5.390920546820422e-05,False,0.0,0.0,False,0,0,1,global,250,250,48,48,0,40,8,1,5,5.208333333333333,5.0,6,0,5,10,"sorted(block,parameter,shift,basis)"
finite_shot_conditional,4,0,0,1,6,2.8,1.6274669424134698,250,7.965784284662087,4,theta_ell4_q2,14,4,2,global,1.0,30,0.0,-2.9052304832389747e-05,0.0,0.0,True,,inf,2.9052304832389747e-05,2.9052304832389747e-05,False,0.0,0.0,False,0,0,1,global,250,250,48,48,0,40,8,1,5,5.208333333333333,5.0,6,0,5,10,"sorted(block,parameter,shift,basis)"
finite_shot_conditional,4,0,0,1,6,2.8,1.6274669424134698,250,7.965784284662087,4,theta_ell4_q3,15,4,3,global,1.0,30,0.0,1.0691219736201275e-05,0.0,0.0,True,,inf,-1.0691219736201275e-05,1.0691219736201275e-05,False,0.0,0.0,False,0,0,1,global,250,250,48,48,0,40,8,1,5,5.208333333333333,5.0,6,0,5,10,"sorted(block,parameter,shift,basis)"
finite_shot_conditional,4,0,0,1,6,2.8,1.6274669424134698,250,7.965784284662087,4,theta_ell5_q0,16,5,0,global,1.0,30,0.0,9.169713807453414e-06,0.0,0.0,True,,inf,-9.169713807453414e-06,9.169713807453414e-06,False,0.0,0.0,False,0,0,1,global,250,250,48,48,0,40,8,1,5,5.208333333333333,5.0,6,0,5,10,"sorted(block,parameter,shift,basis)"
finite_shot_conditional,4,0,0,1,6,2.8,1.6274669424134698,250,7.965784284662087,4,theta_ell5_q1,17,5,1,global,1.0,30,0.0,-7.076914832011796e-05,0.0,0.0,True,,inf,7.076914832011796e-05,7.076914832011796e-05,False,0.0,0.0,False,0,0,1,global,250,250,48,48,0,40,8,1,5,5.208333333333333,5.0,6,0,5,10,"sorted(block,parameter,shift,basis)"
finite_shot_conditional,4,0,0,1,6,2.8,1.6274669424134698,250,7.965784284662087,4,theta_ell5_q2,18,5,2,global,1.0,30,0.0,-8.586821991982846e-06,0.0,0.0,True,,inf,8.586821991982846e-06,8.586821991982846e-06,False,0.0,0.0,False,0,0,1,global,250,250,48,48,0,40,8,1,5,5.208333333333333,5.0,6,0,5,10,"sorted(block,parameter,shift,basis)"
finite_shot_conditional,4,0,0,1,6,2.8,1.6274669424134698,250,7.965784284662087,4,theta_ell5_q3,19,5,3,global,1.0,30,0.0,7.227223144465617e-07,0.0,0.0,True,,inf,-7.227223144465617e-07,7.227223144465617e-07,False,0.0,0.0,False,0,0,1,global,250,250,48,48,0,40,8,1,5,5.208333333333333,5.0,6,0,5,10,"sorted(block,parameter,shift,basis)"
finite_shot_conditional,4,0,0,1,6,2.8,1.6274669424134698,250,7.965784284662087,4,theta_ell6_q0,20,6,0,global,1.0,30,0.0,4.356365361835035e-05,0.0,0.0,True,,inf,-4.356365361835035e-05,4.356365361835035e-05,False,0.0,0.0,False,0,0,1,global,250,250,48,48,0,40,8,1,5,5.208333333333333,5.0,6,0,5,10,"sorted(block,parameter,shift,basis)"
finite_shot_conditional,4,0,0,1,6,2.8,1.6274669424134698,250,7.965784284662087,4,theta_ell6_q1,21,6,1,global,1.0,30,0.0,-3.1081812438382705e-05,0.0,0.0,True,,inf,3.1081812438382705e-05,3.1081812438382705e-05,False,0.0,0.0,False,0,0,1,global,250,250,48,48,0,40,8,1,5,5.208333333333333,5.0,6,0,5,10,"sorted(block,parameter,shift,basis)"
finite_shot_conditional,4,0,0,1,6,2.8,1.6274669424134698,250,7.965784284662087,4,theta_ell6_q2,22,6,2,global,1.0,30,0.0,-8.947956263161139e-05,0.0,0.0,True,,inf,8.947956263161139e-05,8.947956263161139e-05,False,0.0,0.0,False,0,0,1,global,250,250,48,48,0,40,8,1,5,5.208333333333333,5.0,6,0,5,10,"sorted(block,parameter,shift,basis)"
finite_shot_conditional,4,0,0,1,6,2.8,1.6274669424134698,250,7.965784284662087,4,theta_ell6_q3,23,6,3,global,1.0,30,0.0,-2.0683540519095267e-05,0.0,0.0,True,,inf,2.0683540519095267e-05,2.0683540519095267e-05,False,0.0,0.0,False,0,0,1,global,250,250,48,48,0,40,8,1,5,5.208333333333333,5.0,6,0,5,10,"sorted(block,parameter,shift,basis)"
finite_shot_conditional,4,0,0,1,6,2.8,1.6274669424134698,250,7.965784284662087,5,theta_ell6_q1,21,6,1,global,1.0,30,0.0,-0.0030081422199330077,0.0,0.0,True,,inf,0.0030081422199330077,0.0030081422199330077,False,0.0,0.0,False,0,0,1,global,250,250,48,48,0,40,8,1,5,5.208333333333333,5.0,6,0,5,10,"sorted(block,parameter,shift,basis)"
finite_shot_conditional,4,0,0,1,6,2.8,1.6274669424134698,250,7.965784284662087,5,theta_ell6_q2,22,6,2,global,1.0,30,0.0,-0.0027870023407786104,0.0,0.0,True,,inf,0.0027870023407786104,0.0027870023407786104,False,0.0,0.0,False,0,0,1,global,250,250,48,48,0,40,8,1,5,5.208333333333333,5.0,6,0,5,10,"sorted(block,parameter,shift,basis)"
finite_shot_conditional,4,0,0,1,6,2.8,1.6274669424134698,250,7.965784284662087,7,theta_ell6_q2,22,6,2,global,1.0,30,0.0,-0.00010576669898942903,0.0,0.0,True,,inf,0.00010576669898942903,0.00010576669898942903,False,0.0,0.0,False,0,0,1,global,250,250,48,48,0,40,8,1,5,5.208333333333333,5.0,6,0,5,10,"sorted(block,parameter,shift,basis)"
finite_shot_conditional,4,0,0,1,6,2.8,1.6274669424134698,250,7.965784284662087,18,theta_ell6_q0,20,6,0,global,1.0,30,0.0,-0.003371480590754372,0.0,0.0,True,,inf,0.003371480590754372,0.003371480590754372,False,0.0,0.0,False,0,0,1,global,250,250,48,48,0,40,8,1,5,5.208333333333333,5.0,6,0,5,10,"sorted(block,parameter,shift,basis)"
finite_shot_conditional,4,0,0,1,6,2.8,1.6274669424134698,250,7.965784284662087,18,theta_ell6_q2,22,6,2,global,1.0,30,0.0,-0.0013050568821139086,0.0,0.0,True,,inf,0.0013050568821139086,0.0013050568821139086,False,0.0,0.0,False,0,0,1,global,250,250,48,48,0,40,8,1,5,5.208333333333333,5.0,6,0,5,10,"sorted(block,parameter,shift,basis)"
finite_shot_conditional,4,0,0,1,6,2.8,1.6274669424134698,250,7.965784284662087,19,theta_ell6_q0,20,6,0,global,1.0,30,0.0,-2.048737728965744e-06,0.0,0.0,True,,inf,2.048737728965744e-06,2.048737728965744e-06,False,0.0,0.0,False,0,0,1,global,250,250,48,48,0,40,8,1,5,5.208333333333333,5.0,6,0,5,10,"sorted(block,parameter,shift,basis)"
finite_shot_conditional,4,0,0,1,6,2.8,1.6274669424134698,250,7.965784284662087,19,theta_ell6_q2,22,6,2,global,1.0,30,0.0,7.4888562929809055e-06,0.0,0.0,True,,inf,-7.4888562929809055e-06,7.4888562929809055e-06,False,0.0,0.0,False,0,0,1,global,250,250,48,48,0,40,8,1,5,5.208333333333333,5.0,6,0,5,10,"sorted(block,parameter,shift,basis)"
finite_shot_conditional,4,0,0,1,6,2.8,1.6274669424134698,250,7.965784284662087,19,theta_ell6_q3,23,6,3,global,1.0,30,0.0,-4.032939778464417e-06,0.0,0.0,True,,inf,4.032939778464417e-06,4.032939778464417e-06,False,0.0,0.0,False,0,0,1,global,250,250,48,48,0,40,8,1,5,5.208333333333333,5.0,6,0,5,10,"sorted(block,parameter,shift,basis)"
finite_shot_conditional,4,0,0,1,6,2.8,1.6274669424134698,250,7.965784284662087,20,theta_ell6_q0,20,6,0,global,1.0,30,0.0,-0.0004048455914391069,0.0,0.0,True,,inf,0.0004048455914391069,0.0004048455914391069,False,0.0,0.0,False,0,0,1,global,250,250,48,48,0,40,8,1,5,5.208333333333333,5.0,6,0,5,10,"sorted(block,parameter,shift,basis)"
finite_shot_conditional,4,0,0,1,6,2.8,1.6274669424134698,250,7.965784284662087,20,theta_ell6_q1,21,6,1,global,1.0,30,0.0,-5.749104909746894e-06,0.0,0.0,True,,inf,5.749104909746894e-06,5.749104909746894e-06,False,0.0,0.0,False,0,0,1,global,250,250,48,48,0,40,8,1,5,5.208333333333333,5.0,6,0,5,10,"sorted(block,parameter,shift,basis)"
finite_shot_conditional,4,0,0,1,6,2.8,1.6274669424134698,250,7.965784284662087,24,theta_ell1_q0,0,1,0,global,1.0,30,0.0,2.589291229604621e-07,0.0,0.0,True,,inf,-2.589291229604621e-07,2.589291229604621e-07,False,0.0,0.0,False,0,0,1,global,250,250,48,48,0,40,8,1,5,5.208333333333333,5.0,6,0,5,10,"sorted(block,parameter,shift,basis)"
finite_shot_conditional,4,0,0,1,6,2.8,1.6274669424134698,250,7.965784284662087,24,theta_ell1_q1,1,1,1,global,1.0,30,0.0,-3.493954149753762e-06,0.0,0.0,True,,inf,3.493954149753762e-06,3.493954149753762e-06,False,0.0,0.0,False,0,0,1,global,250,250,48,48,0,40,8,1,5,5.208333333333333,5.0,6,0,5,10,"sorted(block,parameter,shift,basis)"
finite_shot_conditional,4,0,0,1,6,2.8,1.6274669424134698,250,7.965784284662087,24,theta_ell1_q2,2,1,2,global,1.0,30,0.0,1.640633755509115e-08,0.0,0.0,True,,inf,-1.640633755509115e-08,1.640633755509115e-08,False,0.0,0.0,False,0,0,1,global,250,250,48,48,0,40,8,1,5,5.208333333333333,5.0,6,0,5,10,"sorted(block,parameter,shift,basis)"
finite_shot_conditional,4,0,0,1,6,2.8,1.6274669424134698,250,7.965784284662087,24,theta_ell1_q3,3,1,3,global,1.0,30,0.0,3.7072688673124187e-07,0.0,0.0,True,,inf,-3.7072688673124187e-07,3.7072688673124187e-07,False,0.0,0.0,False,0,0,1,global,250,250,48,48,0,40,8,1,5,5.208333333333333,5.0,6,0,5,10,"sorted(block,parameter,shift,basis)"
finite_shot_conditional,4,0,0,1,6,2.8,1.6274669424134698,250,7.965784284662087,24,theta_ell2_q0,4,2,0,global,1.0,30,0.0,-2.0451819925061414e-06,0.0,0.0,True,,inf,2.0451819925061414e-06,2.0451819925061414e-06,False,0.0,0.0,False,0,0,1,global,250,250,48,48,0,40,8,1,5,5.208333333333333,5.0,6,0,5,10,"sorted(block,parameter,shift,basis)"
finite_shot_conditional,4,0,0,1,6,2.8,1.6274669424134698,250,7.965784284662087,24,theta_ell2_q1,5,2,1,global,1.0,30,0.0,2.851250377152091e-07,0.0,0.0,True,,inf,-2.851250377152091e-07,2.851250377152091e-07,False,0.0,0.0,False,0,0,1,global,250,250,48,48,0,40,8,1,5,5.208333333333333,5.0,6,0,5,10,"sorted(block,parameter,shift,basis)"
finite_shot_conditional,4,0,0,1,6,2.8,1.6274669424134698,250,7.965784284662087,24,theta_ell2_q2,6,2,2,global,1.0,30,0.0,1.3103273055989322e-06,0.0,0.0,True,,inf,-1.3103273055989322e-06,1.3103273055989322e-06,False,0.0,0.0,False,0,0,1,global,250,250,48,48,0,40,8,1,5,5.208333333333333,5.0,6,0,5,10,"sorted(block,parameter,shift,basis)"
finite_shot_conditional,4,0,0,1,6,2.8,1.6274669424134698,250,7.965784284662087,24,theta_ell2_q3,7,2,3,global,1.0,30,0.0,1.0983866934511707e-06,0.0,0.0,True,,inf,-1.0983866934511707e-06,1.0983866934511707e-06,False,0.0,0.0,False,0,0,1,global,250,250,48,48,0,40,8,1,5,5.208333333333333,5.0,6,0,5,10,"sorted(block,parameter,shift,basis)"
finite_shot_conditional,4,0,0,1,6,2.8,1.6274669424134698,250,7.965784284662087,24,theta_ell3_q0,8,3,0,global,1.0,30,0.0,-1.1756338654713816e-06,0.0,0.0,True,,inf,1.1756338654713816e-06,1.1756338654713816e-06,False,0.0,0.0,False,0,0,1,global,250,250,48,48,0,40,8,1,5,5.208333333333333,5.0,6,0,5,10,"sorted(block,parameter,shift,basis)"
finite_shot_conditional,4,0,0,1,6,2.8,1.6274669424134698,250,7.965784284662087,24,theta_ell3_q1,9,3,1,global,1.0,30,0.0,1.3211760480793193e-07,0.0,0.0,True,,inf,-1.3211760480793193e-07,1.3211760480793193e-07,False,0.0,0.0,False,0,0,1,global,250,250,48,48,0,40,8,1,5,5.208333333333333,5.0,6,0,5,10,"sorted(block,parameter,shift,basis)"
finite_shot_conditional,4,0,0,1,6,2.8,1.6274669424134698,250,7.965784284662087,24,theta_ell3_q2,10,3,2,global,1.0,30,0.0,-1.44199246066515e-07,0.0,0.0,True,,inf,1.44199246066515e-07,1.44199246066515e-07,False,0.0,0.0,False,0,0,1,global,250,250,48,48,0,40,8,1,5,5.208333333333333,5.0,6,0,5,10,"sorted(block,parameter,shift,basis)"
finite_shot_conditional,4,0,0,1,6,2.8,1.6274669424134698,250,7.965784284662087,24,theta_ell3_q3,11,3,3,global,1.0,30,0.0,-1.6682942815520788e-06,0.0,0.0,True,,inf,1.6682942815520788e-06,1.6682942815520788e-06,False,0.0,0.0,False,0,0,1,global,250,250,48,48,0,40,8,1,5,5.208333333333333,5.0,6,0,5,10,"sorted(block,parameter,shift,basis)"
finite_shot_conditional,4,0,0,1,6,2.8,1.6274669424134698,250,7.965784284662087,24,theta_ell4_q0,12,4,0,global,1.0,30,0.0,4.718396732714452e-06,0.0,0.0,True,,inf,-4.718396732714452e-06,4.718396732714452e-06,False,0.0,0.0,False,0,0,1,global,250,250,48,48,0,40,8,1,5,5.208333333333333,5.0,6,0,5,10,"sorted(block,parameter,shift,basis)"
finite_shot_conditional,4,0,0,1,6,2.8,1.6274669424134698,250,7.965784284662087,24,theta_ell4_q1,13,4,1,global,1.0,30,0.0,-3.0247376928185544e-06,0.0,0.0,True,,inf,3.0247376928185544e-06,3.0247376928185544e-06,False,0.0,0.0,False,0,0,1,global,250,250,48,48,0,40,8,1,5,5.208333333333333,5.0,6,0,5,10,"sorted(block,parameter,shift,basis)"
finite_shot_conditional,4,0,0,1,6,2.8,1.6274669424134698,250,7.965784284662087,24,theta_ell4_q2,14,4,2,global,1.0,30,0.0,5.091517836199317e-07,0.0,0.0,True,,inf,-5.091517836199317e-07,5.091517836199317e-07,False,0.0,0.0,False,0,0,1,global,250,250,48,48,0,40,8,1,5,5.208333333333333,5.0,6,0,5,10,"sorted(block,parameter,shift,basis)"
finite_shot_conditional,4,0,0,1,6,2.8,1.6274669424134698,250,7.965784284662087,24,theta_ell4_q3,15,4,3,global,1.0,30,0.0,-1.390622460148792e-06,0.0,0.0,True,,inf,1.390622460148792e-06,1.390622460148792e-06,False,0.0,0.0,False,0,0,1,global,250,250,48,48,0,40,8,1,5,5.208333333333333,5.0,6,0,5,10,"sorted(block,parameter,shift,basis)"
finite_shot_conditional,4,0,0,1,6,2.8,1.6274669424134698,250,7.965784284662087,24,theta_ell5_q0,16,5,0,global,1.0,30,0.0,-3.3742474862699434e-06,0.0,0.0,True,,inf,3.3742474862699434e-06,3.3742474862699434e-06,False,0.0,0.0,False,0,0,1,global,250,250,48,48,0,40,8,1,5,5.208333333333333,5.0,6,0,5,10,"sorted(block,parameter,shift,basis)"
finite_shot_conditional,4,0,0,1,6,2.8,1.6274669424134698,250,7.965784284662087,24,theta_ell5_q1,17,5,1,global,1.0,30,0.0,2.4088740940033553e-06,0.0,0.0,True,,inf,-2.4088740940033553e-06,2.4088740940033553e-06,False,0.0,0.0,False,0,0,1,global,250,250,48,48,0,40,8,1,5,5.208333333333333,5.0,6,0,5,10,"sorted(block,parameter,shift,basis)"
finite_shot_conditional,4,0,0,1,6,2.8,1.6274669424134698,250,7.965784284662087,24,theta_ell5_q2,18,5,2,global,1.0,30,0.0,2.296172928802372e-08,0.0,0.0,True,,inf,-2.296172928802372e-08,2.296172928802372e-08,False,0.0,0.0,False,0,0,1,global,250,250,48,48,0,40,8,1,5,5.208333333333333,5.0,6,0,5,10,"sorted(block,parameter,shift,basis)"
finite_shot_conditional,4,0,0,1,6,2.8,1.6274669424134698,250,7.965784284662087,24,theta_ell5_q3,19,5,3,global,1.0,30,0.0,4.5429870172419807e-07,0.0,0.0,True,,inf,-4.5429870172419807e-07,4.5429870172419807e-07,False,0.0,0.0,False,0,0,1,global,250,250,48,48,0,40,8,1,5,5.208333333333333,5.0,6,0,5,10,"sorted(block,parameter,shift,basis)"
finite_shot_conditional,4,0,0,1,6,2.8,1.6274669424134698,250,7.965784284662087,24,theta_ell6_q0,20,6,0,global,1.0,30,0.0,1.55863541739798e-07,0.0,0.0,True,,inf,-1.55863541739798e-07,1.55863541739798e-07,False,0.0,0.0,False,0,0,1,global,250,250,48,48,0,40,8,1,5,5.208333333333333,5.0,6,0,5,10,"sorted(block,parameter,shift,basis)"
finite_shot_conditional,4,0,0,1,6,2.8,1.6274669424134698,250,7.965784284662087,24,theta_ell6_q1,21,6,1,global,1.0,30,0.0,5.329239362972249e-06,0.0,0.0,True,,inf,-5.329239362972249e-06,5.329239362972249e-06,False,0.0,0.0,False,0,0,1,global,250,250,48,48,0,40,8,1,5,5.208333333333333,5.0,6,0,5,10,"sorted(block,parameter,shift,basis)"
finite_shot_conditional,4,0,0,1,6,2.8,1.6274669424134698,250,7.965784284662087,24,theta_ell6_q2,22,6,2,global,1.0,30,0.0,1.1974976927842107e-06,0.0,0.0,True,,inf,-1.1974976927842107e-06,1.1974976927842107e-06,False,0.0,0.0,False,0,0,1,global,250,250,48,48,0,40,8,1,5,5.208333333333333,5.0,6,0,5,10,"sorted(block,parameter,shift,basis)"
finite_shot_conditional,4,0,0,1,6,2.8,1.6274669424134698,250,7.965784284662087,24,theta_ell6_q3,23,6,3,global,1.0,30,0.0,1.1006527222967577e-06,0.0,0.0,True,,inf,-1.1006527222967577e-06,1.1006527222967577e-06,False,0.0,0.0,False,0,0,1,global,250,250,48,48,0,40,8,1,5,5.208333333333333,5.0,6,0,5,10,"sorted(block,parameter,shift,basis)"
finite_shot_conditional,4,0,0,1,6,2.8,1.6274669424134698,250,7.965784284662087,25,theta_ell6_q0,20,6,0,global,1.0,30,0.0,-0.0007046957568441758,0.0,0.0,True,,inf,0.0007046957568441758,0.0007046957568441758,False,0.0,0.0,False,0,0,1,global,250,250,48,48,0,40,8,1,5,5.208333333333333,5.0,6,0,5,10,"sorted(block,parameter,shift,basis)"
finite_shot_conditional,4,0,0,1,6,2.8,1.6274669424134698,250,7.965784284662087,29,theta_ell6_q0,20,6,0,global,1.0,30,0.0,0.00029597494685695835,0.0,0.0,True,,inf,-0.00029597494685695835,0.00029597494685695835,False,0.0,0.0,False,0,0,1,global,250,250,48,48,0,40,8,1,5,5.208333333333333,5.0,6,0,5,10,"sorted(block,parameter,shift,basis)"
finite_shot_conditional,4,0,0,1,6,2.8,1.6274669424134698,250,7.965784284662087,33,theta_ell6_q0,20,6,0,global,1.0,30,0.0,-6.842282470509442e-05,0.0,0.0,True,,inf,6.842282470509442e-05,6.842282470509442e-05,False,0.0,0.0,False,0,0,1,global,250,250,48,48,0,40,8,1,5,5.208333333333333,5.0,6,0,5,10,"sorted(block,parameter,shift,basis)"
finite_shot_conditional,4,0,0,1,6,2.8,1.6274669424134698,250,7.965784284662087,33,theta_ell6_q1,21,6,1,global,1.0,30,0.0,9.161798251999809e-06,0.0,0.0,True,,inf,-9.161798251999809e-06,9.161798251999809e-06,False,0.0,0.0,False,0,0,1,global,250,250,48,48,0,40,8,1,5,5.208333333333333,5.0,6,0,5,10,"sorted(block,parameter,shift,basis)"
finite_shot_conditional,4,0,0,1,6,2.8,1.6274669424134698,250,7.965784284662087,34,theta_ell6_q0,20,6,0,global,1.0,30,0.0,0.00916961616524653,0.0,0.0,True,,inf,-0.00916961616524653,0.00916961616524653,False,0.0,0.0,False,0,0,1,global,250,250,48,48,0,40,8,1,5,5.208333333333333,5.0,6,0,5,10,"sorted(block,parameter,shift,basis)"
finite_shot_conditional,4,0,0,1,6,2.8,1.6274669424134698,250,7.965784284662087,35,theta_ell6_q0,20,6,0,global,1.0,30,0.0,-6.184649508711448e-05,0.0,0.0,True,,inf,6.184649508711448e-05,6.184649508711448e-05,False,0.0,0.0,False,0,0,1,global,250,250,48,48,0,40,8,1,5,5.208333333333333,5.0,6,0,5,10,"sorted(block,parameter,shift,basis)"
finite_shot_conditional,4,0,0,1,6,2.8,1.6274669424134698,250,7.965784284662087,35,theta_ell6_q2,22,6,2,global,1.0,30,0.0,-9.307543776260196e-06,0.0,0.0,True,,inf,9.307543776260196e-06,9.307543776260196e-06,False,0.0,0.0,False,0,0,1,global,250,250,48,48,0,40,8,1,5,5.208333333333333,5.0,6,0,5,10,"sorted(block,parameter,shift,basis)"
finite_shot_conditional,4,0,0,1,6,2.8,1.6274669424134698,250,7.965784284662087,39,theta_ell6_q1,21,6,1,global,1.0,30,0.0,-3.5594209294997903e-06,0.0,0.0,True,,inf,3.5594209294997903e-06,3.5594209294997903e-06,False,0.0,0.0,False,0,0,1,global,250,250,48,48,0,40,8,1,5,5.208333333333333,5.0,6,0,5,10,"sorted(block,parameter,shift,basis)"
finite_shot_conditional,4,0,0,1,6,2.8,1.6274669424134698,250,7.965784284662087,39,theta_ell6_q2,22,6,2,global,1.0,30,0.0,0.000142648721938754,0.0,0.0,True,,inf,-0.000142648721938754,0.000142648721938754,False,0.0,0.0,False,0,0,1,global,250,250,48,48,0,40,8,1,5,5.208333333333333,5.0,6,0,5,10,"sorted(block,parameter,shift,basis)"
finite_shot_conditional,4,0,0,1,6,2.8,1.6274669424134698,250,7.965784284662087,41,theta_ell6_q0,20,6,0,global,1.0,30,0.0,-0.011526198391485665,0.0,0.0,True,,inf,0.011526198391485665,0.011526198391485665,False,0.0,0.0,False,0,0,1,global,250,250,48,48,0,40,8,1,5,5.208333333333333,5.0,6,0,5,10,"sorted(block,parameter,shift,basis)"
finite_shot_conditional,4,0,0,1,6,2.8,1.6274669424134698,250,7.965784284662087,42,theta_ell6_q0,20,6,0,global,1.0,30,0.0,-1.2949809361006981e-05,0.0,0.0,True,,inf,1.2949809361006981e-05,1.2949809361006981e-05,False,0.0,0.0,False,0,0,1,global,250,250,48,48,0,40,8,1,5,5.208333333333333,5.0,6,0,5,10,"sorted(block,parameter,shift,basis)"
finite_shot_conditional,4,0,0,1,6,2.8,1.6274669424134698,250,7.965784284662087,42,theta_ell6_q2,22,6,2,global,1.0,30,0.0,4.029597055726919e-05,0.0,0.0,True,,inf,-4.029597055726919e-05,4.029597055726919e-05,False,0.0,0.0,False,0,0,1,global,250,250,48,48,0,40,8,1,5,5.208333333333333,5.0,6,0,5,10,"sorted(block,parameter,shift,basis)"
finite_shot_conditional,4,0,0,1,6,2.8,1.6274669424134698,250,7.965784284662087,42,theta_ell6_q3,23,6,3,global,1.0,30,0.0,-5.692560082648512e-06,0.0,0.0,True,,inf,5.692560082648512e-06,5.692560082648512e-06,False,0.0,0.0,False,0,0,1,global,250,250,48,48,0,40,8,1,5,5.208333333333333,5.0,6,0,5,10,"sorted(block,parameter,shift,basis)"
finite_shot_conditional,4,0,0,1,6,2.8,1.6274669424134698,250,7.965784284662087,44,theta_ell6_q1,21,6,1,global,1.0,30,0.0,0.0007503382944586412,0.0,0.0,True,,inf,-0.0007503382944586412,0.0007503382944586412,False,0.0,0.0,False,0,0,1,global,250,250,48,48,0,40,8,1,5,5.208333333333333,5.0,6,0,5,10,"sorted(block,parameter,shift,basis)"
finite_shot_conditional,4,0,0,1,6,2.8,1.6274669424134698,250,7.965784284662087,46,theta_ell6_q0,20,6,0,global,1.0,30,0.0,3.751315802663635e-05,0.0,0.0,True,,inf,-3.751315802663635e-05,3.751315802663635e-05,False,0.0,0.0,False,0,0,1,global,250,250,48,48,0,40,8,1,5,5.208333333333333,5.0,6,0,5,10,"sorted(block,parameter,shift,basis)"
finite_shot_conditional,4,0,0,1,6,2.8,1.6274669424134698,250,7.965784284662087,46,theta_ell6_q1,21,6,1,global,1.0,30,0.0,-9.589595461600986e-07,0.0,0.0,True,,inf,9.589595461600986e-07,9.589595461600986e-07,False,0.0,0.0,False,0,0,1,global,250,250,48,48,0,40,8,1,5,5.208333333333333,5.0,6,0,5,10,"sorted(block,parameter,shift,basis)"
finite_shot_conditional,4,0,0,1,6,2.8,1.6274669424134698,250,7.965784284662087,46,theta_ell6_q3,23,6,3,global,1.0,30,0.0,-5.1019995471468516e-05,0.0,0.0,True,,inf,5.1019995471468516e-05,5.1019995471468516e-05,False,0.0,0.0,False,0,0,1,global,250,250,48,48,0,40,8,1,5,5.208333333333333,5.0,6,0,5,10,"sorted(block,parameter,shift,basis)"
finite_shot_conditional,4,0,0,1,6,2.8,1.6274669424134698,250,7.965784284662087,47,theta_ell6_q0,20,6,0,global,1.0,30,0.0,-6.943371558870703e-05,0.0,0.0,True,,inf,6.943371558870703e-05,6.943371558870703e-05,False,0.0,0.0,False,0,0,1,global,250,250,48,48,0,40,8,1,5,5.208333333333333,5.0,6,0,5,10,"sorted(block,parameter,shift,basis)"
finite_shot_conditional,4,0,0,1,6,2.8,1.6274669424134698,250,7.965784284662087,47,theta_ell6_q2,22,6,2,global,1.0,30,0.0,0.0032290507986421635,0.0,0.0,True,,inf,-0.0032290507986421635,0.0032290507986421635,False,0.0,0.0,False,0,0,1,global,250,250,48,48,0,40,8,1,5,5.208333333333333,5.0,6,0,5,10,"sorted(block,parameter,shift,basis)"
finite_shot_conditional,4,0,0,1,6,2.8,1.6274669424134698,250,7.965784284662087,48,theta_ell6_q0,20,6,0,global,1.0,30,0.0,-0.0032033421731549883,0.0,0.0,True,,inf,0.0032033421731549883,0.0032033421731549883,False,0.0,0.0,False,0,0,1,global,250,250,48,48,0,40,8,1,5,5.208333333333333,5.0,6,0,5,10,"sorted(block,parameter,shift,basis)"
finite_shot_conditional,4,0,0,1,6,2.8,1.6274669424134698,250,7.965784284662087,48,theta_ell6_q2,22,6,2,global,1.0,30,0.0,-0.00022858966875743958,0.0,0.0,True,,inf,0.00022858966875743958,0.00022858966875743958,False,0.0,0.0,False,0,0,1,global,250,250,48,48,0,40,8,1,5,5.208333333333333,5.0,6,0,5,10,"sorted(block,parameter,shift,basis)"
finite_shot_conditional,4,0,0,1,6,2.8,1.6274669424134698,250,7.965784284662087,49,theta_ell6_q0,20,6,0,global,1.0,30,0.0,0.003875026339416554,0.0,0.0,True,,inf,-0.003875026339416554,0.003875026339416554,False,0.0,0.0,False,0,0,1,global,250,250,48,48,0,40,8,1,5,5.208333333333333,5.0,6,0,5,10,"sorted(block,parameter,shift,basis)"
finite_shot_conditional,4,0,0,1,6,2.8,1.6274669424134698,500,8.965784284662087,4,theta_ell6_q0,20,6,0,global,1.0,30,0.0,4.356365361835035e-05,0.0,0.0,True,,inf,-4.356365361835035e-05,4.356365361835035e-05,False,0.0,0.0,False,0,0,1,global,500,500,48,48,0,40,8,1,10,10.416666666666666,10.0,11,0,10,20,"sorted(block,parameter,shift,basis)"
finite_shot_conditional,4,0,0,1,6,2.8,1.6274669424134698,500,8.965784284662087,4,theta_ell6_q1,21,6,1,global,1.0,30,0.0,-3.1081812438382705e-05,0.0,0.0,True,,inf,3.1081812438382705e-05,3.1081812438382705e-05,False,0.0,0.0,False,0,0,1,global,500,500,48,48,0,40,8,1,10,10.416666666666666,10.0,11,0,10,20,"sorted(block,parameter,shift,basis)"
finite_shot_conditional,4,0,0,1,6,2.8,1.6274669424134698,500,8.965784284662087,4,theta_ell6_q3,23,6,3,global,1.0,30,0.0,-2.0683540519095267e-05,0.0,0.0,True,,inf,2.0683540519095267e-05,2.0683540519095267e-05,False,0.0,0.0,False,0,0,1,global,500,500,48,48,0,40,8,1,10,10.416666666666666,10.0,11,0,10,20,"sorted(block,parameter,shift,basis)"
finite_shot_conditional,4,0,0,1,6,2.8,1.6274669424134698,500,8.965784284662087,7,theta_ell6_q0,20,6,0,global,1.0,30,0.0,-0.0007887940848084196,0.0,0.0,True,,inf,0.0007887940848084196,0.0007887940848084196,False,0.0,0.0,False,0,0,1,global,500,500,48,48,0,40,8,1,10,10.416666666666666,10.0,11,0,10,20,"sorted(block,parameter,shift,basis)"
finite_shot_conditional,4,0,0,1,6,2.8,1.6274669424134698,500,8.965784284662087,7,theta_ell6_q2,22,6,2,global,1.0,30,0.0,-0.00010576669898942903,0.0,0.0,True,,inf,0.00010576669898942903,0.00010576669898942903,False,0.0,0.0,False,0,0,1,global,500,500,48,48,0,40,8,1,10,10.416666666666666,10.0,11,0,10,20,"sorted(block,parameter,shift,basis)"
finite_shot_conditional,4,0,0,1,6,2.8,1.6274669424134698,500,8.965784284662087,19,theta_ell6_q0,20,6,0,global,1.0,30,0.0,-2.048737728965744e-06,0.0,0.0,True,,inf,2.048737728965744e-06,2.048737728965744e-06,False,0.0,0.0,False,0,0,1,global,500,500,48,48,0,40,8,1,10,10.416666666666666,10.0,11,0,10,20,"sorted(block,parameter,shift,basis)"
finite_shot_conditional,4,0,0,1,6,2.8,1.6274669424134698,500,8.965784284662087,19,theta_ell6_q2,22,6,2,global,1.0,30,0.0,7.4888562929809055e-06,0.0,0.0,True,,inf,-7.4888562929809055e-06,7.4888562929809055e-06,False,0.0,0.0,False,0,0,1,global,500,500,48,48,0,40,8,1,10,10.416666666666666,10.0,11,0,10,20,"sorted(block,parameter,shift,basis)"
finite_shot_conditional,4,0,0,1,6,2.8,1.6274669424134698,500,8.965784284662087,20,theta_ell6_q0,20,6,0,global,1.0,30,0.0,-0.0004048455914391069,0.0,0.0,True,,inf,0.0004048455914391069,0.0004048455914391069,False,0.0,0.0,False,0,0,1,global,500,500,48,48,0,40,8,1,10,10.416666666666666,10.0,11,0,10,20,"sorted(block,parameter,shift,basis)"
finite_shot_conditional,4,0,0,1,6,2.8,1.6274669424134698,500,8.965784284662087,20,theta_ell6_q1,21,6,1,global,1.0,30,0.0,-5.749104909746894e-06,0.0,0.0,True,,inf,5.749104909746894e-06,5.749104909746894e-06,False,0.0,0.0,False,0,0,1,global,500,500,48,48,0,40,8,1,10,10.416666666666666,10.0,11,0,10,20,"sorted(block,parameter,shift,basis)"
finite_shot_conditional,4,0,0,1,6,2.8,1.6274669424134698,500,8.965784284662087,24,theta_ell1_q0,0,1,0,global,1.0,30,0.0,2.589291229604621e-07,0.0,0.0,True,,inf,-2.589291229604621e-07,2.589291229604621e-07,False,0.0,0.0,False,0,0,1,global,500,500,48,48,0,40,8,1,10,10.416666666666666,10.0,11,0,10,20,"sorted(block,parameter,shift,basis)"
finite_shot_conditional,4,0,0,1,6,2.8,1.6274669424134698,500,8.965784284662087,24,theta_ell1_q1,1,1,1,global,1.0,30,0.0,-3.493954149753762e-06,0.0,0.0,True,,inf,3.493954149753762e-06,3.493954149753762e-06,False,0.0,0.0,False,0,0,1,global,500,500,48,48,0,40,8,1,10,10.416666666666666,10.0,11,0,10,20,"sorted(block,parameter,shift,basis)"
finite_shot_conditional,4,0,0,1,6,2.8,1.6274669424134698,500,8.965784284662087,24,theta_ell1_q2,2,1,2,global,1.0,30,0.0,1.640633755509115e-08,0.0,0.0,True,,inf,-1.640633755509115e-08,1.640633755509115e-08,False,0.0,0.0,False,0,0,1,global,500,500,48,48,0,40,8,1,10,10.416666666666666,10.0,11,0,10,20,"sorted(block,parameter,shift,basis)"
finite_shot_conditional,4,0,0,1,6,2.8,1.6274669424134698,500,8.965784284662087,24,theta_ell1_q3,3,1,3,global,1.0,30,0.0,3.7072688673124187e-07,0.0,0.0,True,,inf,-3.7072688673124187e-07,3.7072688673124187e-07,False,0.0,0.0,False,0,0,1,global,500,500,48,48,0,40,8,1,10,10.416666666666666,10.0,11,0,10,20,"sorted(block,parameter,shift,basis)"
finite_shot_conditional,4,0,0,1,6,2.8,1.6274669424134698,500,8.965784284662087,24,theta_ell2_q0,4,2,0,global,1.0,30,0.0,-2.0451819925061414e-06,0.0,0.0,True,,inf,2.0451819925061414e-06,2.0451819925061414e-06,False,0.0,0.0,False,0,0,1,global,500,500,48,48,0,40,8,1,10,10.416666666666666,10.0,11,0,10,20,"sorted(block,parameter,shift,basis)"
finite_shot_conditional,4,0,0,1,6,2.8,1.6274669424134698,500,8.965784284662087,24,theta_ell2_q1,5,2,1,global,1.0,30,0.0,2.851250377152091e-07,0.0,0.0,True,,inf,-2.851250377152091e-07,2.851250377152091e-07,False,0.0,0.0,False,0,0,1,global,500,500,48,48,0,40,8,1,10,10.416666666666666,10.0,11,0,10,20,"sorted(block,parameter,shift,basis)"
finite_shot_conditional,4,0,0,1,6,2.8,1.6274669424134698,500,8.965784284662087,24,theta_ell2_q2,6,2,2,global,1.0,30,0.0,1.3103273055989322e-06,0.0,0.0,True,,inf,-1.3103273055989322e-06,1.3103273055989322e-06,False,0.0,0.0,False,0,0,1,global,500,500,48,48,0,40,8,1,10,10.416666666666666,10.0,11,0,10,20,"sorted(block,parameter,shift,basis)"
finite_shot_conditional,4,0,0,1,6,2.8,1.6274669424134698,500,8.965784284662087,24,theta_ell2_q3,7,2,3,global,1.0,30,0.0,1.0983866934511707e-06,0.0,0.0,True,,inf,-1.0983866934511707e-06,1.0983866934511707e-06,False,0.0,0.0,False,0,0,1,global,500,500,48,48,0,40,8,1,10,10.416666666666666,10.0,11,0,10,20,"sorted(block,parameter,shift,basis)"
finite_shot_conditional,4,0,0,1,6,2.8,1.6274669424134698,500,8.965784284662087,24,theta_ell3_q0,8,3,0,global,1.0,30,0.0,-1.1756338654713816e-06,0.0,0.0,True,,inf,1.1756338654713816e-06,1.1756338654713816e-06,False,0.0,0.0,False,0,0,1,global,500,500,48,48,0,40,8,1,10,10.416666666666666,10.0,11,0,10,20,"sorted(block,parameter,shift,basis)"
finite_shot_conditional,4,0,0,1,6,2.8,1.6274669424134698,500,8.965784284662087,24,theta_ell3_q1,9,3,1,global,1.0,30,0.0,1.3211760480793193e-07,0.0,0.0,True,,inf,-1.3211760480793193e-07,1.3211760480793193e-07,False,0.0,0.0,False,0,0,1,global,500,500,48,48,0,40,8,1,10,10.416666666666666,10.0,11,0,10,20,"sorted(block,parameter,shift,basis)"
finite_shot_conditional,4,0,0,1,6,2.8,1.6274669424134698,500,8.965784284662087,24,theta_ell3_q2,10,3,2,global,1.0,30,0.0,-1.44199246066515e-07,0.0,0.0,True,,inf,1.44199246066515e-07,1.44199246066515e-07,False,0.0,0.0,False,0,0,1,global,500,500,48,48,0,40,8,1,10,10.416666666666666,10.0,11,0,10,20,"sorted(block,parameter,shift,basis)"
finite_shot_conditional,4,0,0,1,6,2.8,1.6274669424134698,500,8.965784284662087,24,theta_ell3_q3,11,3,3,global,1.0,30,0.0,-1.6682942815520788e-06,0.0,0.0,True,,inf,1.6682942815520788e-06,1.6682942815520788e-06,False,0.0,0.0,False,0,0,1,global,500,500,48,48,0,40,8,1,10,10.416666666666666,10.0,11,0,10,20,"sorted(block,parameter,shift,basis)"
finite_shot_conditional,4,0,0,1,6,2.8,1.6274669424134698,500,8.965784284662087,24,theta_ell4_q0,12,4,0,global,1.0,30,0.0,4.718396732714452e-06,0.0,0.0,True,,inf,-4.718396732714452e-06,4.718396732714452e-06,False,0.0,0.0,False,0,0,1,global,500,500,48,48,0,40,8,1,10,10.416666666666666,10.0,11,0,10,20,"sorted(block,parameter,shift,basis)"
finite_shot_conditional,4,0,0,1,6,2.8,1.6274669424134698,500,8.965784284662087,24,theta_ell4_q1,13,4,1,global,1.0,30,0.0,-3.0247376928185544e-06,0.0,0.0,True,,inf,3.0247376928185544e-06,3.0247376928185544e-06,False,0.0,0.0,False,0,0,1,global,500,500,48,48,0,40,8,1,10,10.416666666666666,10.0,11,0,10,20,"sorted(block,parameter,shift,basis)"
finite_shot_conditional,4,0,0,1,6,2.8,1.6274669424134698,500,8.965784284662087,24,theta_ell4_q2,14,4,2,global,1.0,30,0.0,5.091517836199317e-07,0.0,0.0,True,,inf,-5.091517836199317e-07,5.091517836199317e-07,False,0.0,0.0,False,0,0,1,global,500,500,48,48,0,40,8,1,10,10.416666666666666,10.0,11,0,10,20,"sorted(block,parameter,shift,basis)"
finite_shot_conditional,4,0,0,1,6,2.8,1.6274669424134698,500,8.965784284662087,24,theta_ell4_q3,15,4,3,global,1.0,30,0.0,-1.390622460148792e-06,0.0,0.0,True,,inf,1.390622460148792e-06,1.390622460148792e-06,False,0.0,0.0,False,0,0,1,global,500,500,48,48,0,40,8,1,10,10.416666666666666,10.0,11,0,10,20,"sorted(block,parameter,shift,basis)"
finite_shot_conditional,4,0,0,1,6,2.8,1.6274669424134698,500,8.965784284662087,24,theta_ell5_q0,16,5,0,global,1.0,30,0.0,-3.3742474862699434e-06,0.0,0.0,True,,inf,3.3742474862699434e-06,3.3742474862699434e-06,False,0.0,0.0,False,0,0,1,global,500,500,48,48,0,40,8,1,10,10.416666666666666,10.0,11,0,10,20,"sorted(block,parameter,shift,basis)"
finite_shot_conditional,4,0,0,1,6,2.8,1.6274669424134698,500,8.965784284662087,24,theta_ell5_q1,17,5,1,global,1.0,30,0.0,2.4088740940033553e-06,0.0,0.0,True,,inf,-2.4088740940033553e-06,2.4088740940033553e-06,False,0.0,0.0,False,0,0,1,global,500,500,48,48,0,40,8,1,10,10.416666666666666,10.0,11,0,10,20,"sorted(block,parameter,shift,basis)"
finite_shot_conditional,4,0,0,1,6,2.8,1.6274669424134698,500,8.965784284662087,24,theta_ell5_q2,18,5,2,global,1.0,30,0.0,2.296172928802372e-08,0.0,0.0,True,,inf,-2.296172928802372e-08,2.296172928802372e-08,False,0.0,0.0,False,0,0,1,global,500,500,48,48,0,40,8,1,10,10.416666666666666,10.0,11,0,10,20,"sorted(block,parameter,shift,basis)"
finite_shot_conditional,4,0,0,1,6,2.8,1.6274669424134698,500,8.965784284662087,24,theta_ell5_q3,19,5,3,global,1.0,30,0.0,4.5429870172419807e-07,0.0,0.0,True,,inf,-4.5429870172419807e-07,4.5429870172419807e-07,False,0.0,0.0,False,0,0,1,global,500,500,48,48,0,40,8,1,10,10.416666666666666,10.0,11,0,10,20,"sorted(block,parameter,shift,basis)"
finite_shot_conditional,4,0,0,1,6,2.8,1.6274669424134698,500,8.965784284662087,24,theta_ell6_q0,20,6,0,global,1.0,30,0.0,1.55863541739798e-07,0.0,0.0,True,,inf,-1.55863541739798e-07,1.55863541739798e-07,False,0.0,0.0,False,0,0,1,global,500,500,48,48,0,40,8,1,10,10.416666666666666,10.0,11,0,10,20,"sorted(block,parameter,shift,basis)"
finite_shot_conditional,4,0,0,1,6,2.8,1.6274669424134698,500,8.965784284662087,24,theta_ell6_q1,21,6,1,global,1.0,30,0.0,5.329239362972249e-06,0.0,0.0,True,,inf,-5.329239362972249e-06,5.329239362972249e-06,False,0.0,0.0,False,0,0,1,global,500,500,48,48,0,40,8,1,10,10.416666666666666,10.0,11,0,10,20,"sorted(block,parameter,shift,basis)"
finite_shot_conditional,4,0,0,1,6,2.8,1.6274669424134698,500,8.965784284662087,24,theta_ell6_q2,22,6,2,global,1.0,30,0.0,1.1974976927842107e-06,0.0,0.0,True,,inf,-1.1974976927842107e-06,1.1974976927842107e-06,False,0.0,0.0,False,0,0,1,global,500,500,48,48,0,40,8,1,10,10.416666666666666,10.0,11,0,10,20,"sorted(block,parameter,shift,basis)"
finite_shot_conditional,4,0,0,1,6,2.8,1.6274669424134698,500,8.965784284662087,24,theta_ell6_q3,23,6,3,global,1.0,30,0.0,1.1006527222967577e-06,0.0,0.0,True,,inf,-1.1006527222967577e-06,1.1006527222967577e-06,False,0.0,0.0,False,0,0,1,global,500,500,48,48,0,40,8,1,10,10.416666666666666,10.0,11,0,10,20,"sorted(block,parameter,shift,basis)"
finite_shot_conditional,4,0,0,1,6,2.8,1.6274669424134698,500,8.965784284662087,27,theta_ell6_q0,20,6,0,global,1.0,30,0.0,0.0005789696618260787,0.0,0.0,True,,inf,-0.0005789696618260787,0.0005789696618260787,False,0.0,0.0,False,0,0,1,global,500,500,48,48,0,40,8,1,10,10.416666666666666,10.0,11,0,10,20,"sorted(block,parameter,shift,basis)"
finite_shot_conditional,4,0,0,1,6,2.8,1.6274669424134698,500,8.965784284662087,29,theta_ell6_q3,23,6,3,global,1.0,30,0.0,0.0036912326739265144,0.0,0.0,True,,inf,-0.0036912326739265144,0.0036912326739265144,False,0.0,0.0,False,0,0,1,global,500,500,48,48,0,40,8,1,10,10.416666666666666,10.0,11,0,10,20,"sorted(block,parameter,shift,basis)"
finite_shot_conditional,4,0,0,1,6,2.8,1.6274669424134698,500,8.965784284662087,33,theta_ell6_q0,20,6,0,global,1.0,30,0.0,-6.842282470509442e-05,0.0,0.0,True,,inf,6.842282470509442e-05,6.842282470509442e-05,False,0.0,0.0,False,0,0,1,global,500,500,48,48,0,40,8,1,10,10.416666666666666,10.0,11,0,10,20,"sorted(block,parameter,shift,basis)"
finite_shot_conditional,4,0,0,1,6,2.8,1.6274669424134698,500,8.965784284662087,33,theta_ell6_q1,21,6,1,global,1.0,30,0.0,9.161798251999809e-06,0.0,0.0,True,,inf,-9.161798251999809e-06,9.161798251999809e-06,False,0.0,0.0,False,0,0,1,global,500,500,48,48,0,40,8,1,10,10.416666666666666,10.0,11,0,10,20,"sorted(block,parameter,shift,basis)"
finite_shot_conditional,4,0,0,1,6,2.8,1.6274669424134698,500,8.965784284662087,35,theta_ell6_q0,20,6,0,global,1.0,30,0.0,-6.184649508711448e-05,0.0,0.0,True,,inf,6.184649508711448e-05,6.184649508711448e-05,False,0.0,0.0,False,0,0,1,global,500,500,48,48,0,40,8,1,10,10.416666666666666,10.0,11,0,10,20,"sorted(block,parameter,shift,basis)"
finite_shot_conditional,4,0,0,1,6,2.8,1.6274669424134698,500,8.965784284662087,35,theta_ell6_q2,22,6,2,global,1.0,30,0.0,-9.307543776260196e-06,0.0,0.0,True,,inf,9.307543776260196e-06,9.307543776260196e-06,False,0.0,0.0,False,0,0,1,global,500,500,48,48,0,40,8,1,10,10.416666666666666,10.0,11,0,10,20,"sorted(block,parameter,shift,basis)"
finite_shot_conditional,4,0,0,1,6,2.8,1.6274669424134698,500,8.965784284662087,35,theta_ell6_q3,23,6,3,global,1.0,30,0.0,-3.682196800125492e-05,0.0,0.0,True,,inf,3.682196800125492e-05,3.682196800125492e-05,False,0.0,0.0,False,0,0,1,global,500,500,48,48,0,40,8,1,10,10.416666666666666,10.0,11,0,10,20,"sorted(block,parameter,shift,basis)"
finite_shot_conditional,4,0,0,1,6,2.8,1.6274669424134698,500,8.965784284662087,39,theta_ell6_q1,21,6,1,global,1.0,30,0.0,-3.5594209294997903e-06,0.0,0.0,True,,inf,3.5594209294997903e-06,3.5594209294997903e-06,False,0.0,0.0,False,0,0,1,global,500,500,48,48,0,40,8,1,10,10.416666666666666,10.0,11,0,10,20,"sorted(block,parameter,shift,basis)"
finite_shot_conditional,4,0,0,1,6,2.8,1.6274669424134698,500,8.965784284662087,39,theta_ell6_q2,22,6,2,global,1.0,30,0.0,0.000142648721938754,0.0,0.0,True,,inf,-0.000142648721938754,0.000142648721938754,False,0.0,0.0,False,0,0,1,global,500,500,48,48,0,40,8,1,10,10.416666666666666,10.0,11,0,10,20,"sorted(block,parameter,shift,basis)"
finite_shot_conditional,4,0,0,1,6,2.8,1.6274669424134698,500,8.965784284662087,42,theta_ell6_q0,20,6,0,global,1.0,30,0.0,-1.2949809361006981e-05,0.0,0.0,True,,inf,1.2949809361006981e-05,1.2949809361006981e-05,False,0.0,0.0,False,0,0,1,global,500,500,48,48,0,40,8,1,10,10.416666666666666,10.0,11,0,10,20,"sorted(block,parameter,shift,basis)"
finite_shot_conditional,4,0,0,1,6,2.8,1.6274669424134698,500,8.965784284662087,42,theta_ell6_q2,22,6,2,global,1.0,30,0.0,4.029597055726919e-05,0.0,0.0,True,,inf,-4.029597055726919e-05,4.029597055726919e-05,False,0.0,0.0,False,0,0,1,global,500,500,48,48,0,40,8,1,10,10.416666666666666,10.0,11,0,10,20,"sorted(block,parameter,shift,basis)"
finite_shot_conditional,4,0,0,1,6,2.8,1.6274669424134698,500,8.965784284662087,42,theta_ell6_q3,23,6,3,global,1.0,30,0.0,-5.692560082648512e-06,0.0,0.0,True,,inf,5.692560082648512e-06,5.692560082648512e-06,False,0.0,0.0,False,0,0,1,global,500,500,48,48,0,40,8,1,10,10.416666666666666,10.0,11,0,10,20,"sorted(block,parameter,shift,basis)"
finite_shot_conditional,4,0,0,1,6,2.8,1.6274669424134698,500,8.965784284662087,44,theta_ell6_q1,21,6,1,global,1.0,30,0.0,0.0007503382944586412,0.0,0.0,True,,inf,-0.0007503382944586412,0.0007503382944586412,False,0.0,0.0,False,0,0,1,global,500,500,48,48,0,40,8,1,10,10.416666666666666,10.0,11,0,10,20,"sorted(block,parameter,shift,basis)"
finite_shot_conditional,4,0,0,1,6,2.8,1.6274669424134698,500,8.965784284662087,46,theta_ell6_q0,20,6,0,global,1.0,30,0.0,3.751315802663635e-05,0.0,0.0,True,,inf,-3.751315802663635e-05,3.751315802663635e-05,False,0.0,0.0,False,0,0,1,global,500,500,48,48,0,40,8,1,10,10.416666666666666,10.0,11,0,10,20,"sorted(block,parameter,shift,basis)"
finite_shot_conditional,4,0,0,1,6,2.8,1.6274669424134698,500,8.965784284662087,46,theta_ell6_q1,21,6,1,global,1.0,30,0.0,-9.589595461600986e-07,0.0,0.0,True,,inf,9.589595461600986e-07,9.589595461600986e-07,False,0.0,0.0,False,0,0,1,global,500,500,48,48,0,40,8,1,10,10.416666666666666,10.0,11,0,10,20,"sorted(block,parameter,shift,basis)"
finite_shot_conditional,4,0,0,1,6,2.8,1.6274669424134698,500,8.965784284662087,49,theta_ell6_q1,21,6,1,global,1.0,30,0.0,0.0009731045398219118,0.0,0.0,True,,inf,-0.0009731045398219118,0.0009731045398219118,False,0.0,0.0,False,0,0,1,global,500,500,48,48,0,40,8,1,10,10.416666666666666,10.0,11,0,10,20,"sorted(block,parameter,shift,basis)"
finite_shot_conditional,4,0,0,1,6,2.8,1.6274669424134698,1000,9.965784284662087,4,theta_ell6_q2,22,6,2,global,1.0,30,0.0,-8.947956263161139e-05,0.0,0.0,True,,inf,8.947956263161139e-05,8.947956263161139e-05,False,0.0,0.0,False,0,0,1,global,1000,1000,48,48,0,40,8,1,20,20.833333333333332,21.0,21,0,20,40,"sorted(block,parameter,shift,basis)"
finite_shot_conditional,4,0,0,1,6,2.8,1.6274669424134698,1000,9.965784284662087,4,theta_ell6_q3,23,6,3,global,1.0,30,0.0,-2.0683540519095267e-05,0.0,0.0,True,,inf,2.0683540519095267e-05,2.0683540519095267e-05,False,0.0,0.0,False,0,0,1,global,1000,1000,48,48,0,40,8,1,20,20.833333333333332,21.0,21,0,20,40,"sorted(block,parameter,shift,basis)"
finite_shot_conditional,4,0,0,1,6,2.8,1.6274669424134698,1000,9.965784284662087,7,theta_ell6_q0,20,6,0,global,1.0,30,0.0,-0.0007887940848084196,0.0,0.0,True,,inf,0.0007887940848084196,0.0007887940848084196,False,0.0,0.0,False,0,0,1,global,1000,1000,48,48,0,40,8,1,20,20.833333333333332,21.0,21,0,20,40,"sorted(block,parameter,shift,basis)"
finite_shot_conditional,4,0,0,1,6,2.8,1.6274669424134698,1000,9.965784284662087,7,theta_ell6_q2,22,6,2,global,1.0,30,0.0,-0.00010576669898942903,0.0,0.0,True,,inf,0.00010576669898942903,0.00010576669898942903,False,0.0,0.0,False,0,0,1,global,1000,1000,48,48,0,40,8,1,20,20.833333333333332,21.0,21,0,20,40,"sorted(block,parameter,shift,basis)"
finite_shot_conditional,4,0,0,1,6,2.8,1.6274669424134698,1000,9.965784284662087,19,theta_ell6_q0,20,6,0,global,1.0,30,0.0,-2.048737728965744e-06,0.0,0.0,True,,inf,2.048737728965744e-06,2.048737728965744e-06,False,0.0,0.0,False,0,0,1,global,1000,1000,48,48,0,40,8,1,20,20.833333333333332,21.0,21,0,20,40,"sorted(block,parameter,shift,basis)"
finite_shot_conditional,4,0,0,1,6,2.8,1.6274669424134698,1000,9.965784284662087,19,theta_ell6_q2,22,6,2,global,1.0,30,0.0,7.4888562929809055e-06,0.0,0.0,True,,inf,-7.4888562929809055e-06,7.4888562929809055e-06,False,0.0,0.0,False,0,0,1,global,1000,1000,48,48,0,40,8,1,20,20.833333333333332,21.0,21,0,20,40,"sorted(block,parameter,shift,basis)"
finite_shot_conditional,4,0,0,1,6,2.8,1.6274669424134698,1000,9.965784284662087,19,theta_ell6_q3,23,6,3,global,1.0,30,0.0,-4.032939778464417e-06,0.0,0.0,True,,inf,4.032939778464417e-06,4.032939778464417e-06,False,0.0,0.0,False,0,0,1,global,1000,1000,48,48,0,40,8,1,20,20.833333333333332,21.0,21,0,20,40,"sorted(block,parameter,shift,basis)"
finite_shot_conditional,4,0,0,1,6,2.8,1.6274669424134698,1000,9.965784284662087,20,theta_ell6_q1,21,6,1,global,1.0,30,0.0,-5.749104909746894e-06,0.0,0.0,True,,inf,5.749104909746894e-06,5.749104909746894e-06,False,0.0,0.0,False,0,0,1,global,1000,1000,48,48,0,40,8,1,20,20.833333333333332,21.0,21,0,20,40,"sorted(block,parameter,shift,basis)"
finite_shot_conditional,4,0,0,1,6,2.8,1.6274669424134698,1000,9.965784284662087,24,theta_ell1_q0,0,1,0,global,1.0,30,0.0,2.589291229604621e-07,0.0,0.0,True,,inf,-2.589291229604621e-07,2.589291229604621e-07,False,0.0,0.0,False,0,0,1,global,1000,1000,48,48,0,40,8,1,20,20.833333333333332,21.0,21,0,20,40,"sorted(block,parameter,shift,basis)"
finite_shot_conditional,4,0,0,1,6,2.8,1.6274669424134698,1000,9.965784284662087,24,theta_ell1_q1,1,1,1,global,1.0,30,0.0,-3.493954149753762e-06,0.0,0.0,True,,inf,3.493954149753762e-06,3.493954149753762e-06,False,0.0,0.0,False,0,0,1,global,1000,1000,48,48,0,40,8,1,20,20.833333333333332,21.0,21,0,20,40,"sorted(block,parameter,shift,basis)"
finite_shot_conditional,4,0,0,1,6,2.8,1.6274669424134698,1000,9.965784284662087,24,theta_ell1_q2,2,1,2,global,1.0,30,0.0,1.640633755509115e-08,0.0,0.0,True,,inf,-1.640633755509115e-08,1.640633755509115e-08,False,0.0,0.0,False,0,0,1,global,1000,1000,48,48,0,40,8,1,20,20.833333333333332,21.0,21,0,20,40,"sorted(block,parameter,shift,basis)"
finite_shot_conditional,4,0,0,1,6,2.8,1.6274669424134698,1000,9.965784284662087,24,theta_ell1_q3,3,1,3,global,1.0,30,0.0,3.7072688673124187e-07,0.0,0.0,True,,inf,-3.7072688673124187e-07,3.7072688673124187e-07,False,0.0,0.0,False,0,0,1,global,1000,1000,48,48,0,40,8,1,20,20.833333333333332,21.0,21,0,20,40,"sorted(block,parameter,shift,basis)"
finite_shot_conditional,4,0,0,1,6,2.8,1.6274669424134698,1000,9.965784284662087,24,theta_ell2_q0,4,2,0,global,1.0,30,0.0,-2.0451819925061414e-06,0.0,0.0,True,,inf,2.0451819925061414e-06,2.0451819925061414e-06,False,0.0,0.0,False,0,0,1,global,1000,1000,48,48,0,40,8,1,20,20.833333333333332,21.0,21,0,20,40,"sorted(block,parameter,shift,basis)"
finite_shot_conditional,4,0,0,1,6,2.8,1.6274669424134698,1000,9.965784284662087,24,theta_ell2_q1,5,2,1,global,1.0,30,0.0,2.851250377152091e-07,0.0,0.0,True,,inf,-2.851250377152091e-07,2.851250377152091e-07,False,0.0,0.0,False,0,0,1,global,1000,1000,48,48,0,40,8,1,20,20.833333333333332,21.0,21,0,20,40,"sorted(block,parameter,shift,basis)"
finite_shot_conditional,4,0,0,1,6,2.8,1.6274669424134698,1000,9.965784284662087,24,theta_ell2_q2,6,2,2,global,1.0,30,0.0,1.3103273055989322e-06,0.0,0.0,True,,inf,-1.3103273055989322e-06,1.3103273055989322e-06,False,0.0,0.0,False,0,0,1,global,1000,1000,48,48,0,40,8,1,20,20.833333333333332,21.0,21,0,20,40,"sorted(block,parameter,shift,basis)"
finite_shot_conditional,4,0,0,1,6,2.8,1.6274669424134698,1000,9.965784284662087,24,theta_ell2_q3,7,2,3,global,1.0,30,0.0,1.0983866934511707e-06,0.0,0.0,True,,inf,-1.0983866934511707e-06,1.0983866934511707e-06,False,0.0,0.0,False,0,0,1,global,1000,1000,48,48,0,40,8,1,20,20.833333333333332,21.0,21,0,20,40,"sorted(block,parameter,shift,basis)"
finite_shot_conditional,4,0,0,1,6,2.8,1.6274669424134698,1000,9.965784284662087,24,theta_ell3_q0,8,3,0,global,1.0,30,0.0,-1.1756338654713816e-06,0.0,0.0,True,,inf,1.1756338654713816e-06,1.1756338654713816e-06,False,0.0,0.0,False,0,0,1,global,1000,1000,48,48,0,40,8,1,20,20.833333333333332,21.0,21,0,20,40,"sorted(block,parameter,shift,basis)"
finite_shot_conditional,4,0,0,1,6,2.8,1.6274669424134698,1000,9.965784284662087,24,theta_ell3_q1,9,3,1,global,1.0,30,0.0,1.3211760480793193e-07,0.0,0.0,True,,inf,-1.3211760480793193e-07,1.3211760480793193e-07,False,0.0,0.0,False,0,0,1,global,1000,1000,48,48,0,40,8,1,20,20.833333333333332,21.0,21,0,20,40,"sorted(block,parameter,shift,basis)"
finite_shot_conditional,4,0,0,1,6,2.8,1.6274669424134698,1000,9.965784284662087,24,theta_ell3_q2,10,3,2,global,1.0,30,0.0,-1.44199246066515e-07,0.0,0.0,True,,inf,1.44199246066515e-07,1.44199246066515e-07,False,0.0,0.0,False,0,0,1,global,1000,1000,48,48,0,40,8,1,20,20.833333333333332,21.0,21,0,20,40,"sorted(block,parameter,shift,basis)"
finite_shot_conditional,4,0,0,1,6,2.8,1.6274669424134698,1000,9.965784284662087,24,theta_ell3_q3,11,3,3,global,1.0,30,0.0,-1.6682942815520788e-06,0.0,0.0,True,,inf,1.6682942815520788e-06,1.6682942815520788e-06,False,0.0,0.0,False,0,0,1,global,1000,1000,48,48,0,40,8,1,20,20.833333333333332,21.0,21,0,20,40,"sorted(block,parameter,shift,basis)"
finite_shot_conditional,4,0,0,1,6,2.8,1.6274669424134698,1000,9.965784284662087,24,theta_ell4_q0,12,4,0,global,1.0,30,0.0,4.718396732714452e-06,0.0,0.0,True,,inf,-4.718396732714452e-06,4.718396732714452e-06,False,0.0,0.0,False,0,0,1,global,1000,1000,48,48,0,40,8,1,20,20.833333333333332,21.0,21,0,20,40,"sorted(block,parameter,shift,basis)"
finite_shot_conditional,4,0,0,1,6,2.8,1.6274669424134698,1000,9.965784284662087,24,theta_ell4_q1,13,4,1,global,1.0,30,0.0,-3.0247376928185544e-06,0.0,0.0,True,,inf,3.0247376928185544e-06,3.0247376928185544e-06,False,0.0,0.0,False,0,0,1,global,1000,1000,48,48,0,40,8,1,20,20.833333333333332,21.0,21,0,20,40,"sorted(block,parameter,shift,basis)"
finite_shot_conditional,4,0,0,1,6,2.8,1.6274669424134698,1000,9.965784284662087,24,theta_ell4_q2,14,4,2,global,1.0,30,0.0,5.091517836199317e-07,0.0,0.0,True,,inf,-5.091517836199317e-07,5.091517836199317e-07,False,0.0,0.0,False,0,0,1,global,1000,1000,48,48,0,40,8,1,20,20.833333333333332,21.0,21,0,20,40,"sorted(block,parameter,shift,basis)"
finite_shot_conditional,4,0,0,1,6,2.8,1.6274669424134698,1000,9.965784284662087,24,theta_ell4_q3,15,4,3,global,1.0,30,0.0,-1.390622460148792e-06,0.0,0.0,True,,inf,1.390622460148792e-06,1.390622460148792e-06,False,0.0,0.0,False,0,0,1,global,1000,1000,48,48,0,40,8,1,20,20.833333333333332,21.0,21,0,20,40,"sorted(block,parameter,shift,basis)"
finite_shot_conditional,4,0,0,1,6,2.8,1.6274669424134698,1000,9.965784284662087,24,theta_ell5_q0,16,5,0,global,1.0,30,0.0,-3.3742474862699434e-06,0.0,0.0,True,,inf,3.3742474862699434e-06,3.3742474862699434e-06,False,0.0,0.0,False,0,0,1,global,1000,1000,48,48,0,40,8,1,20,20.833333333333332,21.0,21,0,20,40,"sorted(block,parameter,shift,basis)"
finite_shot_conditional,4,0,0,1,6,2.8,1.6274669424134698,1000,9.965784284662087,24,theta_ell5_q1,17,5,1,global,1.0,30,0.0,2.4088740940033553e-06,0.0,0.0,True,,inf,-2.4088740940033553e-06,2.4088740940033553e-06,False,0.0,0.0,False,0,0,1,global,1000,1000,48,48,0,40,8,1,20,20.833333333333332,21.0,21,0,20,40,"sorted(block,parameter,shift,basis)"
finite_shot_conditional,4,0,0,1,6,2.8,1.6274669424134698,1000,9.965784284662087,24,theta_ell5_q2,18,5,2,global,1.0,30,0.0,2.296172928802372e-08,0.0,0.0,True,,inf,-2.296172928802372e-08,2.296172928802372e-08,False,0.0,0.0,False,0,0,1,global,1000,1000,48,48,0,40,8,1,20,20.833333333333332,21.0,21,0,20,40,"sorted(block,parameter,shift,basis)"
finite_shot_conditional,4,0,0,1,6,2.8,1.6274669424134698,1000,9.965784284662087,24,theta_ell5_q3,19,5,3,global,1.0,30,0.0,4.5429870172419807e-07,0.0,0.0,True,,inf,-4.5429870172419807e-07,4.5429870172419807e-07,False,0.0,0.0,False,0,0,1,global,1000,1000,48,48,0,40,8,1,20,20.833333333333332,21.0,21,0,20,40,"sorted(block,parameter,shift,basis)"
finite_shot_conditional,4,0,0,1,6,2.8,1.6274669424134698,1000,9.965784284662087,24,theta_ell6_q0,20,6,0,global,1.0,30,0.0,1.55863541739798e-07,0.0,0.0,True,,inf,-1.55863541739798e-07,1.55863541739798e-07,False,0.0,0.0,False,0,0,1,global,1000,1000,48,48,0,40,8,1,20,20.833333333333332,21.0,21,0,20,40,"sorted(block,parameter,shift,basis)"
finite_shot_conditional,4,0,0,1,6,2.8,1.6274669424134698,1000,9.965784284662087,24,theta_ell6_q1,21,6,1,global,1.0,30,0.0,5.329239362972249e-06,0.0,0.0,True,,inf,-5.329239362972249e-06,5.329239362972249e-06,False,0.0,0.0,False,0,0,1,global,1000,1000,48,48,0,40,8,1,20,20.833333333333332,21.0,21,0,20,40,"sorted(block,parameter,shift,basis)"
finite_shot_conditional,4,0,0,1,6,2.8,1.6274669424134698,1000,9.965784284662087,24,theta_ell6_q2,22,6,2,global,1.0,30,0.0,1.1974976927842107e-06,0.0,0.0,True,,inf,-1.1974976927842107e-06,1.1974976927842107e-06,False,0.0,0.0,False,0,0,1,global,1000,1000,48,48,0,40,8,1,20,20.833333333333332,21.0,21,0,20,40,"sorted(block,parameter,shift,basis)"
finite_shot_conditional,4,0,0,1,6,2.8,1.6274669424134698,1000,9.965784284662087,24,theta_ell6_q3,23,6,3,global,1.0,30,0.0,1.1006527222967577e-06,0.0,0.0,True,,inf,-1.1006527222967577e-06,1.1006527222967577e-06,False,0.0,0.0,False,0,0,1,global,1000,1000,48,48,0,40,8,1,20,20.833333333333332,21.0,21,0,20,40,"sorted(block,parameter,shift,basis)"
finite_shot_conditional,4,0,0,1,6,2.8,1.6274669424134698,1000,9.965784284662087,25,theta_ell6_q0,20,6,0,global,1.0,30,0.0,-0.0007046957568441758,0.0,0.0,True,,inf,0.0007046957568441758,0.0007046957568441758,False,0.0,0.0,False,0,0,1,global,1000,1000,48,48,0,40,8,1,20,20.833333333333332,21.0,21,0,20,40,"sorted(block,parameter,shift,basis)"
finite_shot_conditional,4,0,0,1,6,2.8,1.6274669424134698,1000,9.965784284662087,33,theta_ell6_q1,21,6,1,global,1.0,30,0.0,9.161798251999809e-06,0.0,0.0,True,,inf,-9.161798251999809e-06,9.161798251999809e-06,False,0.0,0.0,False,0,0,1,global,1000,1000,48,48,0,40,8,1,20,20.833333333333332,21.0,21,0,20,40,"sorted(block,parameter,shift,basis)"
finite_shot_conditional,4,0,0,1,6,2.8,1.6274669424134698,1000,9.965784284662087,35,theta_ell6_q0,20,6,0,global,1.0,30,0.0,-6.184649508711448e-05,0.0,0.0,True,,inf,6.184649508711448e-05,6.184649508711448e-05,False,0.0,0.0,False,0,0,1,global,1000,1000,48,48,0,40,8,1,20,20.833333333333332,21.0,21,0,20,40,"sorted(block,parameter,shift,basis)"
finite_shot_conditional,4,0,0,1,6,2.8,1.6274669424134698,1000,9.965784284662087,35,theta_ell6_q2,22,6,2,global,1.0,30,0.0,-9.307543776260196e-06,0.0,0.0,True,,inf,9.307543776260196e-06,9.307543776260196e-06,False,0.0,0.0,False,0,0,1,global,1000,1000,48,48,0,40,8,1,20,20.833333333333332,21.0,21,0,20,40,"sorted(block,parameter,shift,basis)"
finite_shot_conditional,4,0,0,1,6,2.8,1.6274669424134698,1000,9.965784284662087,35,theta_ell6_q3,23,6,3,global,1.0,30,0.0,-3.682196800125492e-05,0.0,0.0,True,,inf,3.682196800125492e-05,3.682196800125492e-05,False,0.0,0.0,False,0,0,1,global,1000,1000,48,48,0,40,8,1,20,20.833333333333332,21.0,21,0,20,40,"sorted(block,parameter,shift,basis)"
finite_shot_conditional,4,0,0,1,6,2.8,1.6274669424134698,1000,9.965784284662087,39,theta_ell6_q1,21,6,1,global,1.0,30,0.0,-3.5594209294997903e-06,0.0,0.0,True,,inf,3.5594209294997903e-06,3.5594209294997903e-06,False,0.0,0.0,False,0,0,1,global,1000,1000,48,48,0,40,8,1,20,20.833333333333332,21.0,21,0,20,40,"sorted(block,parameter,shift,basis)"
finite_shot_conditional,4,0,0,1,6,2.8,1.6274669424134698,1000,9.965784284662087,42,theta_ell6_q0,20,6,0,global,1.0,30,0.0,-1.2949809361006981e-05,0.0,0.0,True,,inf,1.2949809361006981e-05,1.2949809361006981e-05,False,0.0,0.0,False,0,0,1,global,1000,1000,48,48,0,40,8,1,20,20.833333333333332,21.0,21,0,20,40,"sorted(block,parameter,shift,basis)"
finite_shot_conditional,4,0,0,1,6,2.8,1.6274669424134698,1000,9.965784284662087,42,theta_ell6_q2,22,6,2,global,1.0,30,0.0,4.029597055726919e-05,0.0,0.0,True,,inf,-4.029597055726919e-05,4.029597055726919e-05,False,0.0,0.0,False,0,0,1,global,1000,1000,48,48,0,40,8,1,20,20.833333333333332,21.0,21,0,20,40,"sorted(block,parameter,shift,basis)"
finite_shot_conditional,4,0,0,1,6,2.8,1.6274669424134698,1000,9.965784284662087,42,theta_ell6_q3,23,6,3,global,1.0,30,0.0,-5.692560082648512e-06,0.0,0.0,True,,inf,5.692560082648512e-06,5.692560082648512e-06,False,0.0,0.0,False,0,0,1,global,1000,1000,48,48,0,40,8,1,20,20.833333333333332,21.0,21,0,20,40,"sorted(block,parameter,shift,basis)"
finite_shot_conditional,4,0,0,1,6,2.8,1.6274669424134698,1000,9.965784284662087,44,theta_ell6_q1,21,6,1,global,1.0,30,0.0,0.0007503382944586412,0.0,0.0,True,,inf,-0.0007503382944586412,0.0007503382944586412,False,0.0,0.0,False,0,0,1,global,1000,1000,48,48,0,40,8,1,20,20.833333333333332,21.0,21,0,20,40,"sorted(block,parameter,shift,basis)"
finite_shot_conditional,4,0,0,1,6,2.8,1.6274669424134698,1000,9.965784284662087,46,theta_ell6_q0,20,6,0,global,1.0,30,0.0,3.751315802663635e-05,0.0,0.0,True,,inf,-3.751315802663635e-05,3.751315802663635e-05,False,0.0,0.0,False,0,0,1,global,1000,1000,48,48,0,40,8,1,20,20.833333333333332,21.0,21,0,20,40,"sorted(block,parameter,shift,basis)"
finite_shot_conditional,4,0,0,1,6,2.8,1.6274669424134698,1000,9.965784284662087,46,theta_ell6_q1,21,6,1,global,1.0,30,0.0,-9.589595461600986e-07,0.0,0.0,True,,inf,9.589595461600986e-07,9.589595461600986e-07,False,0.0,0.0,False,0,0,1,global,1000,1000,48,48,0,40,8,1,20,20.833333333333332,21.0,21,0,20,40,"sorted(block,parameter,shift,basis)"
finite_shot_conditional,4,0,0,1,6,2.8,1.6274669424134698,2000,10.965784284662087,4,theta_ell6_q1,21,6,1,global,1.0,30,0.0,-3.1081812438382705e-05,0.0,0.0,True,,inf,3.1081812438382705e-05,3.1081812438382705e-05,False,0.0,0.0,False,0,0,1,global,2000,2000,48,48,0,40,8,1,41,41.666666666666664,42.0,42,0,41,32,"sorted(block,parameter,shift,basis)"
finite_shot_conditional,4,0,0,1,6,2.8,1.6274669424134698,2000,10.965784284662087,4,theta_ell6_q3,23,6,3,global,1.0,30,0.0,-2.0683540519095267e-05,0.0,0.0,True,,inf,2.0683540519095267e-05,2.0683540519095267e-05,False,0.0,0.0,False,0,0,1,global,2000,2000,48,48,0,40,8,1,41,41.666666666666664,42.0,42,0,41,32,"sorted(block,parameter,shift,basis)"
finite_shot_conditional,4,0,0,1,6,2.8,1.6274669424134698,2000,10.965784284662087,19,theta_ell6_q0,20,6,0,global,1.0,30,0.0,-2.048737728965744e-06,0.0,0.0,True,,inf,2.048737728965744e-06,2.048737728965744e-06,False,0.0,0.0,False,0,0,1,global,2000,2000,48,48,0,40,8,1,41,41.666666666666664,42.0,42,0,41,32,"sorted(block,parameter,shift,basis)"
finite_shot_conditional,4,0,0,1,6,2.8,1.6274669424134698,2000,10.965784284662087,19,theta_ell6_q2,22,6,2,global,1.0,30,0.0,7.4888562929809055e-06,0.0,0.0,True,,inf,-7.4888562929809055e-06,7.4888562929809055e-06,False,0.0,0.0,False,0,0,1,global,2000,2000,48,48,0,40,8,1,41,41.666666666666664,42.0,42,0,41,32,"sorted(block,parameter,shift,basis)"
finite_shot_conditional,4,0,0,1,6,2.8,1.6274669424134698,2000,10.965784284662087,19,theta_ell6_q3,23,6,3,global,1.0,30,0.0,-4.032939778464417e-06,0.0,0.0,True,,inf,4.032939778464417e-06,4.032939778464417e-06,False,0.0,0.0,False,0,0,1,global,2000,2000,48,48,0,40,8,1,41,41.666666666666664,42.0,42,0,41,32,"sorted(block,parameter,shift,basis)"
finite_shot_conditional,4,0,0,1,6,2.8,1.6274669424134698,2000,10.965784284662087,20,theta_ell6_q1,21,6,1,global,1.0,30,0.0,-5.749104909746894e-06,0.0,0.0,True,,inf,5.749104909746894e-06,5.749104909746894e-06,False,0.0,0.0,False,0,0,1,global,2000,2000,48,48,0,40,8,1,41,41.666666666666664,42.0,42,0,41,32,"sorted(block,parameter,shift,basis)"
finite_shot_conditional,4,0,0,1,6,2.8,1.6274669424134698,2000,10.965784284662087,24,theta_ell1_q0,0,1,0,global,1.0,30,0.0,2.589291229604621e-07,0.0,0.0,True,,inf,-2.589291229604621e-07,2.589291229604621e-07,False,0.0,0.0,False,0,0,1,global,2000,2000,48,48,0,40,8,1,41,41.666666666666664,42.0,42,0,41,32,"sorted(block,parameter,shift,basis)"
finite_shot_conditional,4,0,0,1,6,2.8,1.6274669424134698,2000,10.965784284662087,24,theta_ell1_q1,1,1,1,global,1.0,30,0.0,-3.493954149753762e-06,0.0,0.0,True,,inf,3.493954149753762e-06,3.493954149753762e-06,False,0.0,0.0,False,0,0,1,global,2000,2000,48,48,0,40,8,1,41,41.666666666666664,42.0,42,0,41,32,"sorted(block,parameter,shift,basis)"
finite_shot_conditional,4,0,0,1,6,2.8,1.6274669424134698,2000,10.965784284662087,24,theta_ell1_q2,2,1,2,global,1.0,30,0.0,1.640633755509115e-08,0.0,0.0,True,,inf,-1.640633755509115e-08,1.640633755509115e-08,False,0.0,0.0,False,0,0,1,global,2000,2000,48,48,0,40,8,1,41,41.666666666666664,42.0,42,0,41,32,"sorted(block,parameter,shift,basis)"
finite_shot_conditional,4,0,0,1,6,2.8,1.6274669424134698,2000,10.965784284662087,24,theta_ell1_q3,3,1,3,global,1.0,30,0.0,3.7072688673124187e-07,0.0,0.0,True,,inf,-3.7072688673124187e-07,3.7072688673124187e-07,False,0.0,0.0,False,0,0,1,global,2000,2000,48,48,0,40,8,1,41,41.666666666666664,42.0,42,0,41,32,"sorted(block,parameter,shift,basis)"
finite_shot_conditional,4,0,0,1,6,2.8,1.6274669424134698,2000,10.965784284662087,24,theta_ell2_q0,4,2,0,global,1.0,30,0.0,-2.0451819925061414e-06,0.0,0.0,True,,inf,2.0451819925061414e-06,2.0451819925061414e-06,False,0.0,0.0,False,0,0,1,global,2000,2000,48,48,0,40,8,1,41,41.666666666666664,42.0,42,0,41,32,"sorted(block,parameter,shift,basis)"
finite_shot_conditional,4,0,0,1,6,2.8,1.6274669424134698,2000,10.965784284662087,24,theta_ell2_q1,5,2,1,global,1.0,30,0.0,2.851250377152091e-07,0.0,0.0,True,,inf,-2.851250377152091e-07,2.851250377152091e-07,False,0.0,0.0,False,0,0,1,global,2000,2000,48,48,0,40,8,1,41,41.666666666666664,42.0,42,0,41,32,"sorted(block,parameter,shift,basis)"
finite_shot_conditional,4,0,0,1,6,2.8,1.6274669424134698,2000,10.965784284662087,24,theta_ell2_q2,6,2,2,global,1.0,30,0.0,1.3103273055989322e-06,0.0,0.0,True,,inf,-1.3103273055989322e-06,1.3103273055989322e-06,False,0.0,0.0,False,0,0,1,global,2000,2000,48,48,0,40,8,1,41,41.666666666666664,42.0,42,0,41,32,"sorted(block,parameter,shift,basis)"
finite_shot_conditional,4,0,0,1,6,2.8,1.6274669424134698,2000,10.965784284662087,24,theta_ell2_q3,7,2,3,global,1.0,30,0.0,1.0983866934511707e-06,0.0,0.0,True,,inf,-1.0983866934511707e-06,1.0983866934511707e-06,False,0.0,0.0,False,0,0,1,global,2000,2000,48,48,0,40,8,1,41,41.666666666666664,42.0,42,0,41,32,"sorted(block,parameter,shift,basis)"
finite_shot_conditional,4,0,0,1,6,2.8,1.6274669424134698,2000,10.965784284662087,24,theta_ell3_q0,8,3,0,global,1.0,30,0.0,-1.1756338654713816e-06,0.0,0.0,True,,inf,1.1756338654713816e-06,1.1756338654713816e-06,False,0.0,0.0,False,0,0,1,global,2000,2000,48,48,0,40,8,1,41,41.666666666666664,42.0,42,0,41,32,"sorted(block,parameter,shift,basis)"
finite_shot_conditional,4,0,0,1,6,2.8,1.6274669424134698,2000,10.965784284662087,24,theta_ell3_q1,9,3,1,global,1.0,30,0.0,1.3211760480793193e-07,0.0,0.0,True,,inf,-1.3211760480793193e-07,1.3211760480793193e-07,False,0.0,0.0,False,0,0,1,global,2000,2000,48,48,0,40,8,1,41,41.666666666666664,42.0,42,0,41,32,"sorted(block,parameter,shift,basis)"
finite_shot_conditional,4,0,0,1,6,2.8,1.6274669424134698,2000,10.965784284662087,24,theta_ell3_q2,10,3,2,global,1.0,30,0.0,-1.44199246066515e-07,0.0,0.0,True,,inf,1.44199246066515e-07,1.44199246066515e-07,False,0.0,0.0,False,0,0,1,global,2000,2000,48,48,0,40,8,1,41,41.666666666666664,42.0,42,0,41,32,"sorted(block,parameter,shift,basis)"
finite_shot_conditional,4,0,0,1,6,2.8,1.6274669424134698,2000,10.965784284662087,24,theta_ell3_q3,11,3,3,global,1.0,30,0.0,-1.6682942815520788e-06,0.0,0.0,True,,inf,1.6682942815520788e-06,1.6682942815520788e-06,False,0.0,0.0,False,0,0,1,global,2000,2000,48,48,0,40,8,1,41,41.666666666666664,42.0,42,0,41,32,"sorted(block,parameter,shift,basis)"
finite_shot_conditional,4,0,0,1,6,2.8,1.6274669424134698,2000,10.965784284662087,24,theta_ell4_q0,12,4,0,global,1.0,30,0.0,4.718396732714452e-06,0.0,0.0,True,,inf,-4.718396732714452e-06,4.718396732714452e-06,False,0.0,0.0,False,0,0,1,global,2000,2000,48,48,0,40,8,1,41,41.666666666666664,42.0,42,0,41,32,"sorted(block,parameter,shift,basis)"
finite_shot_conditional,4,0,0,1,6,2.8,1.6274669424134698,2000,10.965784284662087,24,theta_ell4_q1,13,4,1,global,1.0,30,0.0,-3.0247376928185544e-06,0.0,0.0,True,,inf,3.0247376928185544e-06,3.0247376928185544e-06,False,0.0,0.0,False,0,0,1,global,2000,2000,48,48,0,40,8,1,41,41.666666666666664,42.0,42,0,41,32,"sorted(block,parameter,shift,basis)"
finite_shot_conditional,4,0,0,1,6,2.8,1.6274669424134698,2000,10.965784284662087,24,theta_ell4_q2,14,4,2,global,1.0,30,0.0,5.091517836199317e-07,0.0,0.0,True,,inf,-5.091517836199317e-07,5.091517836199317e-07,False,0.0,0.0,False,0,0,1,global,2000,2000,48,48,0,40,8,1,41,41.666666666666664,42.0,42,0,41,32,"sorted(block,parameter,shift,basis)"
finite_shot_conditional,4,0,0,1,6,2.8,1.6274669424134698,2000,10.965784284662087,24,theta_ell4_q3,15,4,3,global,1.0,30,0.0,-1.390622460148792e-06,0.0,0.0,True,,inf,1.390622460148792e-06,1.390622460148792e-06,False,0.0,0.0,False,0,0,1,global,2000,2000,48,48,0,40,8,1,41,41.666666666666664,42.0,42,0,41,32,"sorted(block,parameter,shift,basis)"
finite_shot_conditional,4,0,0,1,6,2.8,1.6274669424134698,2000,10.965784284662087,24,theta_ell5_q0,16,5,0,global,1.0,30,0.0,-3.3742474862699434e-06,0.0,0.0,True,,inf,3.3742474862699434e-06,3.3742474862699434e-06,False,0.0,0.0,False,0,0,1,global,2000,2000,48,48,0,40,8,1,41,41.666666666666664,42.0,42,0,41,32,"sorted(block,parameter,shift,basis)"
finite_shot_conditional,4,0,0,1,6,2.8,1.6274669424134698,2000,10.965784284662087,24,theta_ell5_q1,17,5,1,global,1.0,30,0.0,2.4088740940033553e-06,0.0,0.0,True,,inf,-2.4088740940033553e-06,2.4088740940033553e-06,False,0.0,0.0,False,0,0,1,global,2000,2000,48,48,0,40,8,1,41,41.666666666666664,42.0,42,0,41,32,"sorted(block,parameter,shift,basis)"
finite_shot_conditional,4,0,0,1,6,2.8,1.6274669424134698,2000,10.965784284662087,24,theta_ell5_q2,18,5,2,global,1.0,30,0.0,2.296172928802372e-08,0.0,0.0,True,,inf,-2.296172928802372e-08,2.296172928802372e-08,False,0.0,0.0,False,0,0,1,global,2000,2000,48,48,0,40,8,1,41,41.666666666666664,42.0,42,0,41,32,"sorted(block,parameter,shift,basis)"
finite_shot_conditional,4,0,0,1,6,2.8,1.6274669424134698,2000,10.965784284662087,24,theta_ell5_q3,19,5,3,global,1.0,30,0.0,4.5429870172419807e-07,0.0,0.0,True,,inf,-4.5429870172419807e-07,4.5429870172419807e-07,False,0.0,0.0,False,0,0,1,global,2000,2000,48,48,0,40,8,1,41,41.666666666666664,42.0,42,0,41,32,"sorted(block,parameter,shift,basis)"
finite_shot_conditional,4,0,0,1,6,2.8,1.6274669424134698,2000,10.965784284662087,24,theta_ell6_q0,20,6,0,global,1.0,30,0.0,1.55863541739798e-07,0.0,0.0,True,,inf,-1.55863541739798e-07,1.55863541739798e-07,False,0.0,0.0,False,0,0,1,global,2000,2000,48,48,0,40,8,1,41,41.666666666666664,42.0,42,0,41,32,"sorted(block,parameter,shift,basis)"
finite_shot_conditional,4,0,0,1,6,2.8,1.6274669424134698,2000,10.965784284662087,24,theta_ell6_q1,21,6,1,global,1.0,30,0.0,5.329239362972249e-06,0.0,0.0,True,,inf,-5.329239362972249e-06,5.329239362972249e-06,False,0.0,0.0,False,0,0,1,global,2000,2000,48,48,0,40,8,1,41,41.666666666666664,42.0,42,0,41,32,"sorted(block,parameter,shift,basis)"
finite_shot_conditional,4,0,0,1,6,2.8,1.6274669424134698,2000,10.965784284662087,24,theta_ell6_q2,22,6,2,global,1.0,30,0.0,1.1974976927842107e-06,0.0,0.0,True,,inf,-1.1974976927842107e-06,1.1974976927842107e-06,False,0.0,0.0,False,0,0,1,global,2000,2000,48,48,0,40,8,1,41,41.666666666666664,42.0,42,0,41,32,"sorted(block,parameter,shift,basis)"
finite_shot_conditional,4,0,0,1,6,2.8,1.6274669424134698,2000,10.965784284662087,24,theta_ell6_q3,23,6,3,global,1.0,30,0.0,1.1006527222967577e-06,0.0,0.0,True,,inf,-1.1006527222967577e-06,1.1006527222967577e-06,False,0.0,0.0,False,0,0,1,global,2000,2000,48,48,0,40,8,1,41,41.666666666666664,42.0,42,0,41,32,"sorted(block,parameter,shift,basis)"
finite_shot_conditional,4,0,0,1,6,2.8,1.6274669424134698,2000,10.965784284662087,33,theta_ell6_q1,21,6,1,global,1.0,30,0.0,9.161798251999809e-06,0.0,0.0,True,,inf,-9.161798251999809e-06,9.161798251999809e-06,False,0.0,0.0,False,0,0,1,global,2000,2000,48,48,0,40,8,1,41,41.666666666666664,42.0,42,0,41,32,"sorted(block,parameter,shift,basis)"
finite_shot_conditional,4,0,0,1,6,2.8,1.6274669424134698,2000,10.965784284662087,35,theta_ell6_q0,20,6,0,global,1.0,30,0.0,-6.184649508711448e-05,0.0,0.0,True,,inf,6.184649508711448e-05,6.184649508711448e-05,False,0.0,0.0,False,0,0,1,global,2000,2000,48,48,0,40,8,1,41,41.666666666666664,42.0,42,0,41,32,"sorted(block,parameter,shift,basis)"
finite_shot_conditional,4,0,0,1,6,2.8,1.6274669424134698,2000,10.965784284662087,35,theta_ell6_q2,22,6,2,global,1.0,30,0.0,-9.307543776260196e-06,0.0,0.0,True,,inf,9.307543776260196e-06,9.307543776260196e-06,False,0.0,0.0,False,0,0,1,global,2000,2000,48,48,0,40,8,1,41,41.666666666666664,42.0,42,0,41,32,"sorted(block,parameter,shift,basis)"
finite_shot_conditional,4,0,0,1,6,2.8,1.6274669424134698,2000,10.965784284662087,35,theta_ell6_q3,23,6,3,global,1.0,30,0.0,-3.682196800125492e-05,0.0,0.0,True,,inf,3.682196800125492e-05,3.682196800125492e-05,False,0.0,0.0,False,0,0,1,global,2000,2000,48,48,0,40,8,1,41,41.666666666666664,42.0,42,0,41,32,"sorted(block,parameter,shift,basis)"
finite_shot_conditional,4,0,0,1,6,2.8,1.6274669424134698,2000,10.965784284662087,39,theta_ell6_q1,21,6,1,global,1.0,30,0.0,-3.5594209294997903e-06,0.0,0.0,True,,inf,3.5594209294997903e-06,3.5594209294997903e-06,False,0.0,0.0,False,0,0,1,global,2000,2000,48,48,0,40,8,1,41,41.666666666666664,42.0,42,0,41,32,"sorted(block,parameter,shift,basis)"
finite_shot_conditional,4,0,0,1,6,2.8,1.6274669424134698,2000,10.965784284662087,42,theta_ell6_q0,20,6,0,global,1.0,30,0.0,-1.2949809361006981e-05,0.0,0.0,True,,inf,1.2949809361006981e-05,1.2949809361006981e-05,False,0.0,0.0,False,0,0,1,global,2000,2000,48,48,0,40,8,1,41,41.666666666666664,42.0,42,0,41,32,"sorted(block,parameter,shift,basis)"
finite_shot_conditional,4,0,0,1,6,2.8,1.6274669424134698,2000,10.965784284662087,42,theta_ell6_q2,22,6,2,global,1.0,30,0.0,4.029597055726919e-05,0.0,0.0,True,,inf,-4.029597055726919e-05,4.029597055726919e-05,False,0.0,0.0,False,0,0,1,global,2000,2000,48,48,0,40,8,1,41,41.666666666666664,42.0,42,0,41,32,"sorted(block,parameter,shift,basis)"
finite_shot_conditional,4,0,0,1,6,2.8,1.6274669424134698,2000,10.965784284662087,42,theta_ell6_q3,23,6,3,global,1.0,30,0.0,-5.692560082648512e-06,0.0,0.0,True,,inf,5.692560082648512e-06,5.692560082648512e-06,False,0.0,0.0,False,0,0,1,global,2000,2000,48,48,0,40,8,1,41,41.666666666666664,42.0,42,0,41,32,"sorted(block,parameter,shift,basis)"
finite_shot_conditional,4,0,0,1,6,2.8,1.6274669424134698,2000,10.965784284662087,46,theta_ell6_q0,20,6,0,global,1.0,30,0.0,3.751315802663635e-05,0.0,0.0,True,,inf,-3.751315802663635e-05,3.751315802663635e-05,False,0.0,0.0,False,0,0,1,global,2000,2000,48,48,0,40,8,1,41,41.666666666666664,42.0,42,0,41,32,"sorted(block,parameter,shift,basis)"
finite_shot_conditional,4,0,0,1,6,2.8,1.6274669424134698,2000,10.965784284662087,46,theta_ell6_q1,21,6,1,global,1.0,30,0.0,-9.589595461600986e-07,0.0,0.0,True,,inf,9.589595461600986e-07,9.589595461600986e-07,False,0.0,0.0,False,0,0,1,global,2000,2000,48,48,0,40,8,1,41,41.666666666666664,42.0,42,0,41,32,"sorted(block,parameter,shift,basis)"
finite_shot_conditional,6,1,0,1,1,-2.2,-1.2787240261820123,250,7.965784284662087,4,theta_ell1_q3,3,1,3,global,1.0,30,0.0,0.00021726030427815513,0.0,0.0,True,,inf,-0.00021726030427815513,0.00021726030427815513,False,0.0,0.0,False,1,0,1,global,250,250,8,8,0,0,8,1,31,31.25,31.0,32,0,31,2,"sorted(block,parameter,shift,basis)"
finite_shot_conditional,6,1,0,1,1,-2.2,-1.2787240261820123,250,7.965784284662087,14,theta_ell1_q1,1,1,1,global,1.0,30,0.0,0.0004063742847186802,0.0,0.0,True,,inf,-0.0004063742847186802,0.0004063742847186802,False,0.0,0.0,False,1,0,1,global,250,250,8,8,0,0,8,1,31,31.25,31.0,32,0,31,2,"sorted(block,parameter,shift,basis)"
finite_shot_conditional,6,1,0,1,1,-2.2,-1.2787240261820123,250,7.965784284662087,17,theta_ell1_q0,0,1,0,global,1.0,30,0.0,0.00032147197426463103,0.0,0.0,True,,inf,-0.00032147197426463103,0.00032147197426463103,False,0.0,0.0,False,1,0,1,global,250,250,8,8,0,0,8,1,31,31.25,31.0,32,0,31,2,"sorted(block,parameter,shift,basis)"
finite_shot_conditional,6,1,0,1,1,-2.2,-1.2787240261820123,250,7.965784284662087,28,theta_ell1_q0,0,1,0,global,1.0,30,0.0,-3.841238374185929e-05,0.0,0.0,True,,inf,3.841238374185929e-05,3.841238374185929e-05,False,0.0,0.0,False,1,0,1,global,250,250,8,8,0,0,8,1,31,31.25,31.0,32,0,31,2,"sorted(block,parameter,shift,basis)"
finite_shot_conditional,6,1,0,1,1,-2.2,-1.2787240261820123,250,7.965784284662087,30,theta_ell1_q0,0,1,0,global,1.0,30,0.0,0.0008680837907060757,0.0,0.0,True,,inf,-0.0008680837907060757,0.0008680837907060757,False,0.0,0.0,False,1,0,1,global,250,250,8,8,0,0,8,1,31,31.25,31.0,32,0,31,2,"sorted(block,parameter,shift,basis)"
finite_shot_conditional,6,1,0,1,1,-2.2,-1.2787240261820123,250,7.965784284662087,33,theta_ell1_q0,0,1,0,global,1.0,30,0.0,1.6191885535143946e-06,0.0,0.0,True,,inf,-1.6191885535143946e-06,1.6191885535143946e-06,False,0.0,0.0,False,1,0,1,global,250,250,8,8,0,0,8,1,31,31.25,31.0,32,0,31,2,"sorted(block,parameter,shift,basis)"
finite_shot_conditional,6,1,0,1,1,-2.2,-1.2787240261820123,250,7.965784284662087,33,theta_ell1_q1,1,1,1,global,1.0,30,0.0,-3.267388404709637e-05,0.0,0.0,True,,inf,3.267388404709637e-05,3.267388404709637e-05,False,0.0,0.0,False,1,0,1,global,250,250,8,8,0,0,8,1,31,31.25,31.0,32,0,31,2,"sorted(block,parameter,shift,basis)"
finite_shot_conditional,6,1,0,1,1,-2.2,-1.2787240261820123,250,7.965784284662087,33,theta_ell1_q3,3,1,3,global,1.0,30,0.0,-4.5788043970262926e-05,0.0,0.0,True,,inf,4.5788043970262926e-05,4.5788043970262926e-05,False,0.0,0.0,False,1,0,1,global,250,250,8,8,0,0,8,1,31,31.25,31.0,32,0,31,2,"sorted(block,parameter,shift,basis)"
finite_shot_conditional,6,1,0,1,1,-2.2,-1.2787240261820123,250,7.965784284662087,39,theta_ell1_q0,0,1,0,global,1.0,30,0.0,0.00023738157389541215,0.0,0.0,True,,inf,-0.00023738157389541215,0.00023738157389541215,False,0.0,0.0,False,1,0,1,global,250,250,8,8,0,0,8,1,31,31.25,31.0,32,0,31,2,"sorted(block,parameter,shift,basis)"
finite_shot_conditional,6,1,0,1,1,-2.2,-1.2787240261820123,250,7.965784284662087,39,theta_ell1_q2,2,1,2,global,1.0,30,0.0,-0.000439497994924265,0.0,0.0,True,,inf,0.000439497994924265,0.000439497994924265,False,0.0,0.0,False,1,0,1,global,250,250,8,8,0,0,8,1,31,31.25,31.0,32,0,31,2,"sorted(block,parameter,shift,basis)"
finite_shot_conditional,6,1,0,1,1,-2.2,-1.2787240261820123,250,7.965784284662087,39,theta_ell1_q3,3,1,3,global,1.0,30,0.0,9.493488509770831e-05,0.0,0.0,True,,inf,-9.493488509770831e-05,9.493488509770831e-05,False,0.0,0.0,False,1,0,1,global,250,250,8,8,0,0,8,1,31,31.25,31.0,32,0,31,2,"sorted(block,parameter,shift,basis)"
finite_shot_conditional,6,1,0,1,1,-2.2,-1.2787240261820123,250,7.965784284662087,44,theta_ell1_q0,0,1,0,global,1.0,30,0.0,-0.0006559057602409379,0.0,0.0,True,,inf,0.0006559057602409379,0.0006559057602409379,False,0.0,0.0,False,1,0,1,global,250,250,8,8,0,0,8,1,31,31.25,31.0,32,0,31,2,"sorted(block,parameter,shift,basis)"
finite_shot_conditional,6,1,0,1,1,-2.2,-1.2787240261820123,250,7.965784284662087,49,theta_ell1_q2,2,1,2,global,1.0,30,0.0,-4.359974517342824e-05,0.0,0.0,True,,inf,4.359974517342824e-05,4.359974517342824e-05,False,0.0,0.0,False,1,0,1,global,250,250,8,8,0,0,8,1,31,31.25,31.0,32,0,31,2,"sorted(block,parameter,shift,basis)"
finite_shot_conditional,6,1,0,1,1,-2.2,-1.2787240261820123,500,8.965784284662087,0,theta_ell1_q0,0,1,0,global,1.0,30,0.0,0.00012232738266310106,0.0,0.0,True,,inf,-0.00012232738266310106,0.00012232738266310106,False,0.0,0.0,False,1,0,1,global,500,500,8,8,0,0,8,1,62,62.5,62.5,63,0,62,4,"sorted(block,parameter,shift,basis)"
finite_shot_conditional,6,1,0,1,1,-2.2,-1.2787240261820123,500,8.965784284662087,7,theta_ell1_q3,3,1,3,global,1.0,30,0.0,-0.00011370915930708492,0.0,0.0,True,,inf,0.00011370915930708492,0.00011370915930708492,False,0.0,0.0,False,1,0,1,global,500,500,8,8,0,0,8,1,62,62.5,62.5,63,0,62,4,"sorted(block,parameter,shift,basis)"
finite_shot_conditional,6,1,0,1,1,-2.2,-1.2787240261820123,500,8.965784284662087,14,theta_ell1_q3,3,1,3,global,1.0,30,0.0,0.00011354967748311573,0.0,0.0,True,,inf,-0.00011354967748311573,0.00011354967748311573,False,0.0,0.0,False,1,0,1,global,500,500,8,8,0,0,8,1,62,62.5,62.5,63,0,62,4,"sorted(block,parameter,shift,basis)"
finite_shot_conditional,6,1,0,1,1,-2.2,-1.2787240261820123,500,8.965784284662087,17,theta_ell1_q0,0,1,0,global,1.0,30,0.0,0.00032147197426463103,0.0,0.0,True,,inf,-0.00032147197426463103,0.00032147197426463103,False,0.0,0.0,False,1,0,1,global,500,500,8,8,0,0,8,1,62,62.5,62.5,63,0,62,4,"sorted(block,parameter,shift,basis)"
finite_shot_conditional,6,1,0,1,1,-2.2,-1.2787240261820123,500,8.965784284662087,17,theta_ell1_q1,1,1,1,global,1.0,30,0.0,-0.0005174742933530263,0.0,0.0,True,,inf,0.0005174742933530263,0.0005174742933530263,False,0.0,0.0,False,1,0,1,global,500,500,8,8,0,0,8,1,62,62.5,62.5,63,0,62,4,"sorted(block,parameter,shift,basis)"
finite_shot_conditional,6,1,0,1,1,-2.2,-1.2787240261820123,500,8.965784284662087,28,theta_ell1_q0,0,1,0,global,1.0,30,0.0,-3.841238374185929e-05,0.0,0.0,True,,inf,3.841238374185929e-05,3.841238374185929e-05,False,0.0,0.0,False,1,0,1,global,500,500,8,8,0,0,8,1,62,62.5,62.5,63,0,62,4,"sorted(block,parameter,shift,basis)"
finite_shot_conditional,6,1,0,1,1,-2.2,-1.2787240261820123,500,8.965784284662087,33,theta_ell1_q0,0,1,0,global,1.0,30,0.0,1.6191885535143946e-06,0.0,0.0,True,,inf,-1.6191885535143946e-06,1.6191885535143946e-06,False,0.0,0.0,False,1,0,1,global,500,500,8,8,0,0,8,1,62,62.5,62.5,63,0,62,4,"sorted(block,parameter,shift,basis)"
finite_shot_conditional,6,1,0,1,1,-2.2,-1.2787240261820123,500,8.965784284662087,33,theta_ell1_q1,1,1,1,global,1.0,30,0.0,-3.267388404709637e-05,0.0,0.0,True,,inf,3.267388404709637e-05,3.267388404709637e-05,False,0.0,0.0,False,1,0,1,global,500,500,8,8,0,0,8,1,62,62.5,62.5,63,0,62,4,"sorted(block,parameter,shift,basis)"
finite_shot_conditional,6,1,0,1,1,-2.2,-1.2787240261820123,500,8.965784284662087,39,theta_ell1_q0,0,1,0,global,1.0,30,0.0,0.00023738157389541215,0.0,0.0,True,,inf,-0.00023738157389541215,0.00023738157389541215,False,0.0,0.0,False,1,0,1,global,500,500,8,8,0,0,8,1,62,62.5,62.5,63,0,62,4,"sorted(block,parameter,shift,basis)"
finite_shot_conditional,6,1,0,1,1,-2.2,-1.2787240261820123,500,8.965784284662087,39,theta_ell1_q1,1,1,1,global,1.0,30,0.0,9.619579485264929e-05,0.0,0.0,True,,inf,-9.619579485264929e-05,9.619579485264929e-05,False,0.0,0.0,False,1,0,1,global,500,500,8,8,0,0,8,1,62,62.5,62.5,63,0,62,4,"sorted(block,parameter,shift,basis)"
finite_shot_conditional,6,1,0,1,1,-2.2,-1.2787240261820123,500,8.965784284662087,39,theta_ell1_q2,2,1,2,global,1.0,30,0.0,-0.000439497994924265,0.0,0.0,True,,inf,0.000439497994924265,0.000439497994924265,False,0.0,0.0,False,1,0,1,global,500,500,8,8,0,0,8,1,62,62.5,62.5,63,0,62,4,"sorted(block,parameter,shift,basis)"
finite_shot_conditional,6,1,0,1,1,-2.2,-1.2787240261820123,500,8.965784284662087,39,theta_ell1_q3,3,1,3,global,1.0,30,0.0,9.493488509770831e-05,0.0,0.0,True,,inf,-9.493488509770831e-05,9.493488509770831e-05,False,0.0,0.0,False,1,0,1,global,500,500,8,8,0,0,8,1,62,62.5,62.5,63,0,62,4,"sorted(block,parameter,shift,basis)"
finite_shot_conditional,6,1,0,1,1,-2.2,-1.2787240261820123,500,8.965784284662087,42,theta_ell1_q1,1,1,1,global,1.0,30,0.0,-0.00039190815115719424,0.0,0.0,True,,inf,0.00039190815115719424,0.00039190815115719424,False,0.0,0.0,False,1,0,1,global,500,500,8,8,0,0,8,1,62,62.5,62.5,63,0,62,4,"sorted(block,parameter,shift,basis)"
finite_shot_conditional,6,1,0,1,1,-2.2,-1.2787240261820123,500,8.965784284662087,44,theta_ell1_q0,0,1,0,global,1.0,30,0.0,-0.0006559057602409379,0.0,0.0,True,,inf,0.0006559057602409379,0.0006559057602409379,False,0.0,0.0,False,1,0,1,global,500,500,8,8,0,0,8,1,62,62.5,62.5,63,0,62,4,"sorted(block,parameter,shift,basis)"
finite_shot_conditional,6,1,0,1,1,-2.2,-1.2787240261820123,1000,9.965784284662087,4,theta_ell1_q3,3,1,3,global,1.0,30,0.0,0.00021726030427815513,0.0,0.0,True,,inf,-0.00021726030427815513,0.00021726030427815513,False,0.0,0.0,False,1,0,1,global,1000,1000,8,8,0,0,8,1,125,125.0,125.0,125,0,125,0,"sorted(block,parameter,shift,basis)"
finite_shot_conditional,6,1,0,1,1,-2.2,-1.2787240261820123,1000,9.965784284662087,33,theta_ell1_q0,0,1,0,global,1.0,30,0.0,1.6191885535143946e-06,0.0,0.0,True,,inf,-1.6191885535143946e-06,1.6191885535143946e-06,False,0.0,0.0,False,1,0,1,global,1000,1000,8,8,0,0,8,1,125,125.0,125.0,125,0,125,0,"sorted(block,parameter,shift,basis)"
finite_shot_conditional,6,1,0,1,1,-2.2,-1.2787240261820123,1000,9.965784284662087,39,theta_ell1_q0,0,1,0,global,1.0,30,0.0,0.00023738157389541215,0.0,0.0,True,,inf,-0.00023738157389541215,0.00023738157389541215,False,0.0,0.0,False,1,0,1,global,1000,1000,8,8,0,0,8,1,125,125.0,125.0,125,0,125,0,"sorted(block,parameter,shift,basis)"
finite_shot_conditional,6,1,0,1,1,-2.2,-1.2787240261820123,1000,9.965784284662087,39,theta_ell1_q1,1,1,1,global,1.0,30,0.0,9.619579485264929e-05,0.0,0.0,True,,inf,-9.619579485264929e-05,9.619579485264929e-05,False,0.0,0.0,False,1,0,1,global,1000,1000,8,8,0,0,8,1,125,125.0,125.0,125,0,125,0,"sorted(block,parameter,shift,basis)"
finite_shot_conditional,6,1,0,1,1,-2.2,-1.2787240261820123,2000,10.965784284662087,33,theta_ell1_q0,0,1,0,global,1.0,30,0.0,1.6191885535143946e-06,0.0,0.0,True,,inf,-1.6191885535143946e-06,1.6191885535143946e-06,False,0.0,0.0,False,1,0,1,global,2000,2000,8,8,0,0,8,1,250,250.0,250.0,250,0,250,0,"sorted(block,parameter,shift,basis)"
finite_shot_conditional,6,1,0,1,2,-1.2000000000000002,-0.6974858324629158,250,7.965784284662087,8,theta_ell2_q1,5,2,1,global,1.0,30,0.0,0.0004265314560513156,0.0,0.0,True,,inf,-0.0004265314560513156,0.0004265314560513156,False,0.0,0.0,False,1,0,1,global,250,250,16,16,0,8,8,1,15,15.625,16.0,16,0,15,10,"sorted(block,parameter,shift,basis)"
finite_shot_conditional,6,1,0,1,2,-1.2000000000000002,-0.6974858324629158,250,7.965784284662087,28,theta_ell2_q0,4,2,0,global,1.0,30,0.0,0.00019257194283534007,0.0,0.0,True,,inf,-0.00019257194283534007,0.00019257194283534007,False,0.0,0.0,False,1,0,1,global,250,250,16,16,0,8,8,1,15,15.625,16.0,16,0,15,10,"sorted(block,parameter,shift,basis)"
finite_shot_conditional,6,1,0,1,2,-1.2000000000000002,-0.6974858324629158,250,7.965784284662087,37,theta_ell2_q0,4,2,0,global,1.0,30,0.0,3.814978153549031e-05,0.0,0.0,True,,inf,-3.814978153549031e-05,3.814978153549031e-05,False,0.0,0.0,False,1,0,1,global,250,250,16,16,0,8,8,1,15,15.625,16.0,16,0,15,10,"sorted(block,parameter,shift,basis)"
finite_shot_conditional,6,1,0,1,2,-1.2000000000000002,-0.6974858324629158,250,7.965784284662087,37,theta_ell2_q2,6,2,2,global,1.0,30,0.0,0.00011355315359212748,0.0,0.0,True,,inf,-0.00011355315359212748,0.00011355315359212748,False,0.0,0.0,False,1,0,1,global,250,250,16,16,0,8,8,1,15,15.625,16.0,16,0,15,10,"sorted(block,parameter,shift,basis)"
finite_shot_conditional,6,1,0,1,2,-1.2000000000000002,-0.6974858324629158,500,8.965784284662087,37,theta_ell2_q0,4,2,0,global,1.0,30,0.0,3.814978153549031e-05,0.0,0.0,True,,inf,-3.814978153549031e-05,3.814978153549031e-05,False,0.0,0.0,False,1,0,1,global,500,500,16,16,0,8,8,1,31,31.25,31.0,32,0,31,4,"sorted(block,parameter,shift,basis)"
finite_shot_conditional,6,1,0,1,2,-1.2000000000000002,-0.6974858324629158,500,8.965784284662087,43,theta_ell2_q1,5,2,1,global,1.0,30,0.0,0.0008314628209669661,0.0,0.0,True,,inf,-0.0008314628209669661,0.0008314628209669661,False,0.0,0.0,False,1,0,1,global,500,500,16,16,0,8,8,1,31,31.25,31.0,32,0,31,4,"sorted(block,parameter,shift,basis)"
finite_shot_conditional,6,1,0,1,2,-1.2000000000000002,-0.6974858324629158,2000,10.965784284662087,37,theta_ell2_q0,4,2,0,global,1.0,30,0.0,3.814978153549031e-05,0.0,0.0,True,,inf,-3.814978153549031e-05,3.814978153549031e-05,False,0.0,0.0,False,1,0,1,global,2000,2000,16,16,0,8,8,1,125,125.0,125.0,125,0,125,0,"sorted(block,parameter,shift,basis)"
finite_shot_conditional,6,1,0,1,3,-0.20000000000000018,-0.11624763874381938,250,7.965784284662087,0,theta_ell3_q2,10,3,2,global,1.0,30,0.0,1.2004205095339504e-05,0.0,0.0,True,,inf,-1.2004205095339504e-05,1.2004205095339504e-05,False,0.0,0.0,False,1,0,1,global,250,250,24,24,0,16,8,1,10,10.416666666666666,10.0,11,0,10,10,"sorted(block,parameter,shift,basis)"
finite_shot_conditional,6,1,0,1,3,-0.20000000000000018,-0.11624763874381938,250,7.965784284662087,11,theta_ell3_q2,10,3,2,global,1.0,30,0.0,0.0005744480381766337,0.0,0.0,True,,inf,-0.0005744480381766337,0.0005744480381766337,False,0.0,0.0,False,1,0,1,global,250,250,24,24,0,16,8,1,10,10.416666666666666,10.0,11,0,10,10,"sorted(block,parameter,shift,basis)"
finite_shot_conditional,6,1,0,1,3,-0.20000000000000018,-0.11624763874381938,250,7.965784284662087,16,theta_ell3_q0,8,3,0,global,1.0,30,0.0,3.0183211310208513e-05,0.0,0.0,True,,inf,-3.0183211310208513e-05,3.0183211310208513e-05,False,0.0,0.0,False,1,0,1,global,250,250,24,24,0,16,8,1,10,10.416666666666666,10.0,11,0,10,10,"sorted(block,parameter,shift,basis)"
finite_shot_conditional,6,1,0,1,3,-0.20000000000000018,-0.11624763874381938,250,7.965784284662087,16,theta_ell3_q3,11,3,3,global,1.0,30,0.0,-0.00010272252708309892,0.0,0.0,True,,inf,0.00010272252708309892,0.00010272252708309892,False,0.0,0.0,False,1,0,1,global,250,250,24,24,0,16,8,1,10,10.416666666666666,10.0,11,0,10,10,"sorted(block,parameter,shift,basis)"
finite_shot_conditional,6,1,0,1,3,-0.20000000000000018,-0.11624763874381938,250,7.965784284662087,18,theta_ell3_q1,9,3,1,global,1.0,30,0.0,0.00015002126645136116,0.0,0.0,True,,inf,-0.00015002126645136116,0.00015002126645136116,False,0.0,0.0,False,1,0,1,global,250,250,24,24,0,16,8,1,10,10.416666666666666,10.0,11,0,10,10,"sorted(block,parameter,shift,basis)"
finite_shot_conditional,6,1,0,1,3,-0.20000000000000018,-0.11624763874381938,250,7.965784284662087,18,theta_ell3_q3,11,3,3,global,1.0,30,0.0,-0.0007655358156134495,0.0,0.0,True,,inf,0.0007655358156134495,0.0007655358156134495,False,0.0,0.0,False,1,0,1,global,250,250,24,24,0,16,8,1,10,10.416666666666666,10.0,11,0,10,10,"sorted(block,parameter,shift,basis)"
finite_shot_conditional,6,1,0,1,3,-0.20000000000000018,-0.11624763874381938,250,7.965784284662087,20,theta_ell3_q0,8,3,0,global,1.0,30,0.0,-0.0009066905028307648,0.0,0.0,True,,inf,0.0009066905028307648,0.0009066905028307648,False,0.0,0.0,False,1,0,1,global,250,250,24,24,0,16,8,1,10,10.416666666666666,10.0,11,0,10,10,"sorted(block,parameter,shift,basis)"
finite_shot_conditional,6,1,0,1,3,-0.20000000000000018,-0.11624763874381938,250,7.965784284662087,20,theta_ell3_q1,9,3,1,global,1.0,30,0.0,0.0009288952859607402,0.0,0.0,True,,inf,-0.0009288952859607402,0.0009288952859607402,False,0.0,0.0,False,1,0,1,global,250,250,24,24,0,16,8,1,10,10.416666666666666,10.0,11,0,10,10,"sorted(block,parameter,shift,basis)"
finite_shot_conditional,6,1,0,1,3,-0.20000000000000018,-0.11624763874381938,250,7.965784284662087,24,theta_ell3_q1,9,3,1,global,1.0,30,0.0,0.0001207207113578801,0.0,0.0,True,,inf,-0.0001207207113578801,0.0001207207113578801,False,0.0,0.0,False,1,0,1,global,250,250,24,24,0,16,8,1,10,10.416666666666666,10.0,11,0,10,10,"sorted(block,parameter,shift,basis)"
finite_shot_conditional,6,1,0,1,3,-0.20000000000000018,-0.11624763874381938,250,7.965784284662087,24,theta_ell3_q2,10,3,2,global,1.0,30,0.0,-1.2821183906996936e-05,0.0,0.0,True,,inf,1.2821183906996936e-05,1.2821183906996936e-05,False,0.0,0.0,False,1,0,1,global,250,250,24,24,0,16,8,1,10,10.416666666666666,10.0,11,0,10,10,"sorted(block,parameter,shift,basis)"
finite_shot_conditional,6,1,0,1,3,-0.20000000000000018,-0.11624763874381938,250,7.965784284662087,26,theta_ell3_q1,9,3,1,global,1.0,30,0.0,0.002471299353525025,0.0,0.0,True,,inf,-0.002471299353525025,0.002471299353525025,False,0.0,0.0,False,1,0,1,global,250,250,24,24,0,16,8,1,10,10.416666666666666,10.0,11,0,10,10,"sorted(block,parameter,shift,basis)"
finite_shot_conditional,6,1,0,1,3,-0.20000000000000018,-0.11624763874381938,250,7.965784284662087,29,theta_ell3_q2,10,3,2,global,1.0,30,0.0,0.0023483929223432898,0.0,0.0,True,,inf,-0.0023483929223432898,0.0023483929223432898,False,0.0,0.0,False,1,0,1,global,250,250,24,24,0,16,8,1,10,10.416666666666666,10.0,11,0,10,10,"sorted(block,parameter,shift,basis)"
finite_shot_conditional,6,1,0,1,3,-0.20000000000000018,-0.11624763874381938,250,7.965784284662087,35,theta_ell3_q3,11,3,3,global,1.0,30,0.0,0.000524454024073584,0.0,0.0,True,,inf,-0.000524454024073584,0.000524454024073584,False,0.0,0.0,False,1,0,1,global,250,250,24,24,0,16,8,1,10,10.416666666666666,10.0,11,0,10,10,"sorted(block,parameter,shift,basis)"
finite_shot_conditional,6,1,0,1,3,-0.20000000000000018,-0.11624763874381938,250,7.965784284662087,42,theta_ell3_q1,9,3,1,global,1.0,30,0.0,-0.001180519029288174,0.0,0.0,True,,inf,0.001180519029288174,0.001180519029288174,False,0.0,0.0,False,1,0,1,global,250,250,24,24,0,16,8,1,10,10.416666666666666,10.0,11,0,10,10,"sorted(block,parameter,shift,basis)"
finite_shot_conditional,6,1,0,1,3,-0.20000000000000018,-0.11624763874381938,500,8.965784284662087,0,theta_ell3_q2,10,3,2,global,1.0,30,0.0,1.2004205095339504e-05,0.0,0.0,True,,inf,-1.2004205095339504e-05,1.2004205095339504e-05,False,0.0,0.0,False,1,0,1,global,500,500,24,24,0,16,8,1,20,20.833333333333332,21.0,21,0,20,20,"sorted(block,parameter,shift,basis)"
finite_shot_conditional,6,1,0,1,3,-0.20000000000000018,-0.11624763874381938,500,8.965784284662087,11,theta_ell3_q2,10,3,2,global,1.0,30,0.0,0.0005744480381766337,0.0,0.0,True,,inf,-0.0005744480381766337,0.0005744480381766337,False,0.0,0.0,False,1,0,1,global,500,500,24,24,0,16,8,1,20,20.833333333333332,21.0,21,0,20,20,"sorted(block,parameter,shift,basis)"
finite_shot_conditional,6,1,0,1,3,-0.20000000000000018,-0.11624763874381938,500,8.965784284662087,16,theta_ell3_q0,8,3,0,global,1.0,30,0.0,3.0183211310208513e-05,0.0,0.0,True,,inf,-3.0183211310208513e-05,3.0183211310208513e-05,False,0.0,0.0,False,1,0,1,global,500,500,24,24,0,16,8,1,20,20.833333333333332,21.0,21,0,20,20,"sorted(block,parameter,shift,basis)"
finite_shot_conditional,6,1,0,1,3,-0.20000000000000018,-0.11624763874381938,500,8.965784284662087,16,theta_ell3_q3,11,3,3,global,1.0,30,0.0,-0.00010272252708309892,0.0,0.0,True,,inf,0.00010272252708309892,0.00010272252708309892,False,0.0,0.0,False,1,0,1,global,500,500,24,24,0,16,8,1,20,20.833333333333332,21.0,21,0,20,20,"sorted(block,parameter,shift,basis)"
finite_shot_conditional,6,1,0,1,3,-0.20000000000000018,-0.11624763874381938,500,8.965784284662087,18,theta_ell3_q0,8,3,0,global,1.0,30,0.0,0.0002841299760534266,0.0,0.0,True,,inf,-0.0002841299760534266,0.0002841299760534266,False,0.0,0.0,False,1,0,1,global,500,500,24,24,0,16,8,1,20,20.833333333333332,21.0,21,0,20,20,"sorted(block,parameter,shift,basis)"
finite_shot_conditional,6,1,0,1,3,-0.20000000000000018,-0.11624763874381938,500,8.965784284662087,18,theta_ell3_q1,9,3,1,global,1.0,30,0.0,0.00015002126645136116,0.0,0.0,True,,inf,-0.00015002126645136116,0.00015002126645136116,False,0.0,0.0,False,1,0,1,global,500,500,24,24,0,16,8,1,20,20.833333333333332,21.0,21,0,20,20,"sorted(block,parameter,shift,basis)"
finite_shot_conditional,6,1,0,1,3,-0.20000000000000018,-0.11624763874381938,500,8.965784284662087,18,theta_ell3_q3,11,3,3,global,1.0,30,0.0,-0.0007655358156134495,0.0,0.0,True,,inf,0.0007655358156134495,0.0007655358156134495,False,0.0,0.0,False,1,0,1,global,500,500,24,24,0,16,8,1,20,20.833333333333332,21.0,21,0,20,20,"sorted(block,parameter,shift,basis)"
finite_shot_conditional,6,1,0,1,3,-0.20000000000000018,-0.11624763874381938,500,8.965784284662087,20,theta_ell3_q1,9,3,1,global,1.0,30,0.0,0.0009288952859607402,0.0,0.0,True,,inf,-0.0009288952859607402,0.0009288952859607402,False,0.0,0.0,False,1,0,1,global,500,500,24,24,0,16,8,1,20,20.833333333333332,21.0,21,0,20,20,"sorted(block,parameter,shift,basis)"
finite_shot_conditional,6,1,0,1,3,-0.20000000000000018,-0.11624763874381938,500,8.965784284662087,24,theta_ell3_q1,9,3,1,global,1.0,30,0.0,0.0001207207113578801,0.0,0.0,True,,inf,-0.0001207207113578801,0.0001207207113578801,False,0.0,0.0,False,1,0,1,global,500,500,24,24,0,16,8,1,20,20.833333333333332,21.0,21,0,20,20,"sorted(block,parameter,shift,basis)"
finite_shot_conditional,6,1,0,1,3,-0.20000000000000018,-0.11624763874381938,500,8.965784284662087,24,theta_ell3_q2,10,3,2,global,1.0,30,0.0,-1.2821183906996936e-05,0.0,0.0,True,,inf,1.2821183906996936e-05,1.2821183906996936e-05,False,0.0,0.0,False,1,0,1,global,500,500,24,24,0,16,8,1,20,20.833333333333332,21.0,21,0,20,20,"sorted(block,parameter,shift,basis)"
finite_shot_conditional,6,1,0,1,3,-0.20000000000000018,-0.11624763874381938,500,8.965784284662087,26,theta_ell3_q2,10,3,2,global,1.0,30,0.0,0.0013953688017380728,0.0,0.0,True,,inf,-0.0013953688017380728,0.0013953688017380728,False,0.0,0.0,False,1,0,1,global,500,500,24,24,0,16,8,1,20,20.833333333333332,21.0,21,0,20,20,"sorted(block,parameter,shift,basis)"
finite_shot_conditional,6,1,0,1,3,-0.20000000000000018,-0.11624763874381938,500,8.965784284662087,42,theta_ell3_q2,10,3,2,global,1.0,30,0.0,-0.0017888730415702159,0.0,0.0,True,,inf,0.0017888730415702159,0.0017888730415702159,False,0.0,0.0,False,1,0,1,global,500,500,24,24,0,16,8,1,20,20.833333333333332,21.0,21,0,20,20,"sorted(block,parameter,shift,basis)"
finite_shot_conditional,6,1,0,1,3,-0.20000000000000018,-0.11624763874381938,1000,9.965784284662087,0,theta_ell3_q2,10,3,2,global,1.0,30,0.0,1.2004205095339504e-05,0.0,0.0,True,,inf,-1.2004205095339504e-05,1.2004205095339504e-05,False,0.0,0.0,False,1,0,1,global,1000,1000,24,24,0,16,8,1,41,41.666666666666664,42.0,42,0,41,16,"sorted(block,parameter,shift,basis)"
finite_shot_conditional,6,1,0,1,3,-0.20000000000000018,-0.11624763874381938,1000,9.965784284662087,16,theta_ell3_q3,11,3,3,global,1.0,30,0.0,-0.00010272252708309892,0.0,0.0,True,,inf,0.00010272252708309892,0.00010272252708309892,False,0.0,0.0,False,1,0,1,global,1000,1000,24,24,0,16,8,1,41,41.666666666666664,42.0,42,0,41,16,"sorted(block,parameter,shift,basis)"
finite_shot_conditional,6,1,0,1,3,-0.20000000000000018,-0.11624763874381938,1000,9.965784284662087,18,theta_ell3_q1,9,3,1,global,1.0,30,0.0,0.00015002126645136116,0.0,0.0,True,,inf,-0.00015002126645136116,0.00015002126645136116,False,0.0,0.0,False,1,0,1,global,1000,1000,24,24,0,16,8,1,41,41.666666666666664,42.0,42,0,41,16,"sorted(block,parameter,shift,basis)"
finite_shot_conditional,6,1,0,1,3,-0.20000000000000018,-0.11624763874381938,1000,9.965784284662087,24,theta_ell3_q2,10,3,2,global,1.0,30,0.0,-1.2821183906996936e-05,0.0,0.0,True,,inf,1.2821183906996936e-05,1.2821183906996936e-05,False,0.0,0.0,False,1,0,1,global,1000,1000,24,24,0,16,8,1,41,41.666666666666664,42.0,42,0,41,16,"sorted(block,parameter,shift,basis)"
finite_shot_conditional,6,1,0,1,3,-0.20000000000000018,-0.11624763874381938,2000,10.965784284662087,0,theta_ell3_q2,10,3,2,global,1.0,30,0.0,1.2004205095339504e-05,0.0,0.0,True,,inf,-1.2004205095339504e-05,1.2004205095339504e-05,False,0.0,0.0,False,1,0,1,global,2000,2000,24,24,0,16,8,1,83,83.33333333333333,83.0,84,0,83,8,"sorted(block,parameter,shift,basis)"
finite_shot_conditional,6,1,0,1,3,-0.20000000000000018,-0.11624763874381938,2000,10.965784284662087,16,theta_ell3_q0,8,3,0,global,1.0,30,0.0,3.0183211310208513e-05,0.0,0.0,True,,inf,-3.0183211310208513e-05,3.0183211310208513e-05,False,0.0,0.0,False,1,0,1,global,2000,2000,24,24,0,16,8,1,83,83.33333333333333,83.0,84,0,83,8,"sorted(block,parameter,shift,basis)"
finite_shot_conditional,6,1,0,1,3,-0.20000000000000018,-0.11624763874381938,2000,10.965784284662087,16,theta_ell3_q3,11,3,3,global,1.0,30,0.0,-0.00010272252708309892,0.0,0.0,True,,inf,0.00010272252708309892,0.00010272252708309892,False,0.0,0.0,False,1,0,1,global,2000,2000,24,24,0,16,8,1,83,83.33333333333333,83.0,84,0,83,8,"sorted(block,parameter,shift,basis)"
finite_shot_conditional,6,1,0,1,3,-0.20000000000000018,-0.11624763874381938,2000,10.965784284662087,24,theta_ell3_q2,10,3,2,global,1.0,30,0.0,-1.2821183906996936e-05,0.0,0.0,True,,inf,1.2821183906996936e-05,1.2821183906996936e-05,False,0.0,0.0,False,1,0,1,global,2000,2000,24,24,0,16,8,1,83,83.33333333333333,83.0,84,0,83,8,"sorted(block,parameter,shift,basis)"
finite_shot_conditional,6,1,0,1,4,0.7999999999999998,0.464990554975277,250,7.965784284662087,2,theta_ell4_q0,12,4,0,global,1.0,30,0.0,0.0010685164427491345,0.0,0.0,True,,inf,-0.0010685164427491345,0.0010685164427491345,False,0.0,0.0,False,1,0,1,global,250,250,32,32,0,24,8,1,7,7.8125,8.0,8,0,7,26,"sorted(block,parameter,shift,basis)"
finite_shot_conditional,6,1,0,1,4,0.7999999999999998,0.464990554975277,250,7.965784284662087,6,theta_ell4_q2,14,4,2,global,1.0,30,0.0,0.00048803929492230447,0.0,0.0,True,,inf,-0.00048803929492230447,0.00048803929492230447,False,0.0,0.0,False,1,0,1,global,250,250,32,32,0,24,8,1,7,7.8125,8.0,8,0,7,26,"sorted(block,parameter,shift,basis)"
finite_shot_conditional,6,1,0,1,4,0.7999999999999998,0.464990554975277,250,7.965784284662087,6,theta_ell4_q3,15,4,3,global,1.0,30,0.0,0.0009358448440252576,0.0,0.0,True,,inf,-0.0009358448440252576,0.0009358448440252576,False,0.0,0.0,False,1,0,1,global,250,250,32,32,0,24,8,1,7,7.8125,8.0,8,0,7,26,"sorted(block,parameter,shift,basis)"
finite_shot_conditional,6,1,0,1,4,0.7999999999999998,0.464990554975277,250,7.965784284662087,16,theta_ell4_q3,15,4,3,global,1.0,30,0.0,0.00044126302196151324,0.0,0.0,True,,inf,-0.00044126302196151324,0.00044126302196151324,False,0.0,0.0,False,1,0,1,global,250,250,32,32,0,24,8,1,7,7.8125,8.0,8,0,7,26,"sorted(block,parameter,shift,basis)"
finite_shot_conditional,6,1,0,1,4,0.7999999999999998,0.464990554975277,250,7.965784284662087,19,theta_ell4_q3,15,4,3,global,1.0,30,0.0,0.0027052578128338167,0.0,0.0,True,,inf,-0.0027052578128338167,0.0027052578128338167,False,0.0,0.0,False,1,0,1,global,250,250,32,32,0,24,8,1,7,7.8125,8.0,8,0,7,26,"sorted(block,parameter,shift,basis)"
finite_shot_conditional,6,1,0,1,4,0.7999999999999998,0.464990554975277,250,7.965784284662087,22,theta_ell4_q0,12,4,0,global,1.0,30,0.0,-0.0010816381782590145,0.0,0.0,True,,inf,0.0010816381782590145,0.0010816381782590145,False,0.0,0.0,False,1,0,1,global,250,250,32,32,0,24,8,1,7,7.8125,8.0,8,0,7,26,"sorted(block,parameter,shift,basis)"
finite_shot_conditional,6,1,0,1,4,0.7999999999999998,0.464990554975277,250,7.965784284662087,22,theta_ell4_q2,14,4,2,global,1.0,30,0.0,0.00036809162874512635,0.0,0.0,True,,inf,-0.00036809162874512635,0.00036809162874512635,False,0.0,0.0,False,1,0,1,global,250,250,32,32,0,24,8,1,7,7.8125,8.0,8,0,7,26,"sorted(block,parameter,shift,basis)"
finite_shot_conditional,6,1,0,1,4,0.7999999999999998,0.464990554975277,250,7.965784284662087,22,theta_ell4_q3,15,4,3,global,1.0,30,0.0,-0.000668084596324503,0.0,0.0,True,,inf,0.000668084596324503,0.000668084596324503,False,0.0,0.0,False,1,0,1,global,250,250,32,32,0,24,8,1,7,7.8125,8.0,8,0,7,26,"sorted(block,parameter,shift,basis)"
finite_shot_conditional,6,1,0,1,4,0.7999999999999998,0.464990554975277,250,7.965784284662087,23,theta_ell4_q2,14,4,2,global,1.0,30,0.0,0.0007445733046468339,0.0,0.0,True,,inf,-0.0007445733046468339,0.0007445733046468339,False,0.0,0.0,False,1,0,1,global,250,250,32,32,0,24,8,1,7,7.8125,8.0,8,0,7,26,"sorted(block,parameter,shift,basis)"
finite_shot_conditional,6,1,0,1,4,0.7999999999999998,0.464990554975277,250,7.965784284662087,23,theta_ell4_q3,15,4,3,global,1.0,30,0.0,-0.001956649830523627,0.0,0.0,True,,inf,0.001956649830523627,0.001956649830523627,False,0.0,0.0,False,1,0,1,global,250,250,32,32,0,24,8,1,7,7.8125,8.0,8,0,7,26,"sorted(block,parameter,shift,basis)"
finite_shot_conditional,6,1,0,1,4,0.7999999999999998,0.464990554975277,250,7.965784284662087,26,theta_ell4_q3,15,4,3,global,1.0,30,0.0,7.015450792580147e-05,0.0,0.0,True,,inf,-7.015450792580147e-05,7.015450792580147e-05,False,0.0,0.0,False,1,0,1,global,250,250,32,32,0,24,8,1,7,7.8125,8.0,8,0,7,26,"sorted(block,parameter,shift,basis)"
finite_shot_conditional,6,1,0,1,4,0.7999999999999998,0.464990554975277,250,7.965784284662087,30,theta_ell4_q0,12,4,0,global,1.0,30,0.0,-0.00040493159746490814,0.0,0.0,True,,inf,0.00040493159746490814,0.00040493159746490814,False,0.0,0.0,False,1,0,1,global,250,250,32,32,0,24,8,1,7,7.8125,8.0,8,0,7,26,"sorted(block,parameter,shift,basis)"
finite_shot_conditional,6,1,0,1,4,0.7999999999999998,0.464990554975277,250,7.965784284662087,30,theta_ell4_q2,14,4,2,global,1.0,30,0.0,-0.0004998360542012859,0.0,0.0,True,,inf,0.0004998360542012859,0.0004998360542012859,False,0.0,0.0,False,1,0,1,global,250,250,32,32,0,24,8,1,7,7.8125,8.0,8,0,7,26,"sorted(block,parameter,shift,basis)"
finite_shot_conditional,6,1,0,1,4,0.7999999999999998,0.464990554975277,250,7.965784284662087,32,theta_ell4_q0,12,4,0,global,1.0,30,0.0,0.002362931591141204,0.0,0.0,True,,inf,-0.002362931591141204,0.002362931591141204,False,0.0,0.0,False,1,0,1,global,250,250,32,32,0,24,8,1,7,7.8125,8.0,8,0,7,26,"sorted(block,parameter,shift,basis)"
finite_shot_conditional,6,1,0,1,4,0.7999999999999998,0.464990554975277,250,7.965784284662087,32,theta_ell4_q2,14,4,2,global,1.0,30,0.0,0.0035976898569141103,0.0,0.0,True,,inf,-0.0035976898569141103,0.0035976898569141103,False,0.0,0.0,False,1,0,1,global,250,250,32,32,0,24,8,1,7,7.8125,8.0,8,0,7,26,"sorted(block,parameter,shift,basis)"
finite_shot_conditional,6,1,0,1,4,0.7999999999999998,0.464990554975277,250,7.965784284662087,32,theta_ell4_q3,15,4,3,global,1.0,30,0.0,-0.0011178187520913263,0.0,0.0,True,,inf,0.0011178187520913263,0.0011178187520913263,False,0.0,0.0,False,1,0,1,global,250,250,32,32,0,24,8,1,7,7.8125,8.0,8,0,7,26,"sorted(block,parameter,shift,basis)"
finite_shot_conditional,6,1,0,1,4,0.7999999999999998,0.464990554975277,250,7.965784284662087,40,theta_ell4_q2,14,4,2,global,1.0,30,0.0,-0.0002883304203572523,0.0,0.0,True,,inf,0.0002883304203572523,0.0002883304203572523,False,0.0,0.0,False,1,0,1,global,250,250,32,32,0,24,8,1,7,7.8125,8.0,8,0,7,26,"sorted(block,parameter,shift,basis)"
finite_shot_conditional,6,1,0,1,4,0.7999999999999998,0.464990554975277,250,7.965784284662087,41,theta_ell4_q0,12,4,0,global,1.0,30,0.0,-0.00011714745886792777,0.0,0.0,True,,inf,0.00011714745886792777,0.00011714745886792777,False,0.0,0.0,False,1,0,1,global,250,250,32,32,0,24,8,1,7,7.8125,8.0,8,0,7,26,"sorted(block,parameter,shift,basis)"
finite_shot_conditional,6,1,0,1,4,0.7999999999999998,0.464990554975277,250,7.965784284662087,41,theta_ell4_q3,15,4,3,global,1.0,30,0.0,-0.001340414430547221,0.0,0.0,True,,inf,0.001340414430547221,0.001340414430547221,False,0.0,0.0,False,1,0,1,global,250,250,32,32,0,24,8,1,7,7.8125,8.0,8,0,7,26,"sorted(block,parameter,shift,basis)"
finite_shot_conditional,6,1,0,1,4,0.7999999999999998,0.464990554975277,250,7.965784284662087,43,theta_ell4_q2,14,4,2,global,1.0,30,0.0,0.005395580314851434,0.0,0.0,True,,inf,-0.005395580314851434,0.005395580314851434,False,0.0,0.0,False,1,0,1,global,250,250,32,32,0,24,8,1,7,7.8125,8.0,8,0,7,26,"sorted(block,parameter,shift,basis)"
finite_shot_conditional,6,1,0,1,4,0.7999999999999998,0.464990554975277,250,7.965784284662087,47,theta_ell4_q1,13,4,1,global,1.0,30,0.0,0.0016805036465202816,0.0,0.0,True,,inf,-0.0016805036465202816,0.0016805036465202816,False,0.0,0.0,False,1,0,1,global,250,250,32,32,0,24,8,1,7,7.8125,8.0,8,0,7,26,"sorted(block,parameter,shift,basis)"
finite_shot_conditional,6,1,0,1,4,0.7999999999999998,0.464990554975277,500,8.965784284662087,6,theta_ell4_q2,14,4,2,global,1.0,30,0.0,0.00048803929492230447,0.0,0.0,True,,inf,-0.00048803929492230447,0.00048803929492230447,False,0.0,0.0,False,1,0,1,global,500,500,32,32,0,24,8,1,15,15.625,16.0,16,0,15,20,"sorted(block,parameter,shift,basis)"
finite_shot_conditional,6,1,0,1,4,0.7999999999999998,0.464990554975277,500,8.965784284662087,10,theta_ell4_q2,14,4,2,global,1.0,30,0.0,0.0008540875237905143,0.0,0.0,True,,inf,-0.0008540875237905143,0.0008540875237905143,False,0.0,0.0,False,1,0,1,global,500,500,32,32,0,24,8,1,15,15.625,16.0,16,0,15,20,"sorted(block,parameter,shift,basis)"
finite_shot_conditional,6,1,0,1,4,0.7999999999999998,0.464990554975277,500,8.965784284662087,22,theta_ell4_q3,15,4,3,global,1.0,30,0.0,-0.000668084596324503,0.0,0.0,True,,inf,0.000668084596324503,0.000668084596324503,False,0.0,0.0,False,1,0,1,global,500,500,32,32,0,24,8,1,15,15.625,16.0,16,0,15,20,"sorted(block,parameter,shift,basis)"
finite_shot_conditional,6,1,0,1,4,0.7999999999999998,0.464990554975277,500,8.965784284662087,26,theta_ell4_q3,15,4,3,global,1.0,30,0.0,7.015450792580147e-05,0.0,0.0,True,,inf,-7.015450792580147e-05,7.015450792580147e-05,False,0.0,0.0,False,1,0,1,global,500,500,32,32,0,24,8,1,15,15.625,16.0,16,0,15,20,"sorted(block,parameter,shift,basis)"
finite_shot_conditional,6,1,0,1,4,0.7999999999999998,0.464990554975277,500,8.965784284662087,30,theta_ell4_q2,14,4,2,global,1.0,30,0.0,-0.0004998360542012859,0.0,0.0,True,,inf,0.0004998360542012859,0.0004998360542012859,False,0.0,0.0,False,1,0,1,global,500,500,32,32,0,24,8,1,15,15.625,16.0,16,0,15,20,"sorted(block,parameter,shift,basis)"
finite_shot_conditional,6,1,0,1,4,0.7999999999999998,0.464990554975277,500,8.965784284662087,40,theta_ell4_q2,14,4,2,global,1.0,30,0.0,-0.0002883304203572523,0.0,0.0,True,,inf,0.0002883304203572523,0.0002883304203572523,False,0.0,0.0,False,1,0,1,global,500,500,32,32,0,24,8,1,15,15.625,16.0,16,0,15,20,"sorted(block,parameter,shift,basis)"
finite_shot_conditional,6,1,0,1,4,0.7999999999999998,0.464990554975277,500,8.965784284662087,44,theta_ell4_q3,15,4,3,global,1.0,30,0.0,-0.0015903642255513106,0.0,0.0,True,,inf,0.0015903642255513106,0.0015903642255513106,False,0.0,0.0,False,1,0,1,global,500,500,32,32,0,24,8,1,15,15.625,16.0,16,0,15,20,"sorted(block,parameter,shift,basis)"
finite_shot_conditional,6,1,0,1,4,0.7999999999999998,0.464990554975277,1000,9.965784284662087,6,theta_ell4_q3,15,4,3,global,1.0,30,0.0,0.0009358448440252576,0.0,0.0,True,,inf,-0.0009358448440252576,0.0009358448440252576,False,0.0,0.0,False,1,0,1,global,1000,1000,32,32,0,24,8,1,31,31.25,31.0,32,0,31,8,"sorted(block,parameter,shift,basis)"
finite_shot_conditional,6,1,0,1,4,0.7999999999999998,0.464990554975277,1000,9.965784284662087,41,theta_ell4_q0,12,4,0,global,1.0,30,0.0,-0.00011714745886792777,0.0,0.0,True,,inf,0.00011714745886792777,0.00011714745886792777,False,0.0,0.0,False,1,0,1,global,1000,1000,32,32,0,24,8,1,31,31.25,31.0,32,0,31,8,"sorted(block,parameter,shift,basis)"
finite_shot_conditional,6,1,0,1,4,0.7999999999999998,0.464990554975277,2000,10.965784284662087,40,theta_ell4_q2,14,4,2,global,1.0,30,0.0,-0.0002883304203572523,0.0,0.0,True,,inf,0.0002883304203572523,0.0002883304203572523,False,0.0,0.0,False,1,0,1,global,2000,2000,32,32,0,24,8,1,62,62.5,62.5,63,0,62,16,"sorted(block,parameter,shift,basis)"
finite_shot_conditional,6,1,0,1,4,0.7999999999999998,0.464990554975277,2000,10.965784284662087,41,theta_ell4_q0,12,4,0,global,1.0,30,0.0,-0.00011714745886792777,0.0,0.0,True,,inf,0.00011714745886792777,0.00011714745886792777,False,0.0,0.0,False,1,0,1,global,2000,2000,32,32,0,24,8,1,62,62.5,62.5,63,0,62,16,"sorted(block,parameter,shift,basis)"
finite_shot_conditional,6,1,0,1,6,2.8,1.6274669424134698,250,7.965784284662087,3,theta_ell6_q0,20,6,0,global,1.0,30,0.0,8.31886186315467e-05,0.0,0.0,True,,inf,-8.31886186315467e-05,8.31886186315467e-05,False,0.0,0.0,False,1,0,1,global,250,250,48,48,0,40,8,1,5,5.208333333333333,5.0,6,0,5,10,"sorted(block,parameter,shift,basis)"
finite_shot_conditional,6,1,0,1,6,2.8,1.6274669424134698,250,7.965784284662087,3,theta_ell6_q2,22,6,2,global,1.0,30,0.0,0.000595283412066161,0.0,0.0,True,,inf,-0.000595283412066161,0.000595283412066161,False,0.0,0.0,False,1,0,1,global,250,250,48,48,0,40,8,1,5,5.208333333333333,5.0,6,0,5,10,"sorted(block,parameter,shift,basis)"
finite_shot_conditional,6,1,0,1,6,2.8,1.6274669424134698,250,7.965784284662087,4,theta_ell6_q1,21,6,1,global,1.0,30,0.0,0.0012183969046944965,0.0,0.0,True,,inf,-0.0012183969046944965,0.0012183969046944965,False,0.0,0.0,False,1,0,1,global,250,250,48,48,0,40,8,1,5,5.208333333333333,5.0,6,0,5,10,"sorted(block,parameter,shift,basis)"
finite_shot_conditional,6,1,0,1,6,2.8,1.6274669424134698,250,7.965784284662087,4,theta_ell6_q2,22,6,2,global,1.0,30,0.0,-0.009933193062279355,0.0,0.0,True,,inf,0.009933193062279355,0.009933193062279355,False,0.0,0.0,False,1,0,1,global,250,250,48,48,0,40,8,1,5,5.208333333333333,5.0,6,0,5,10,"sorted(block,parameter,shift,basis)"
finite_shot_conditional,6,1,0,1,6,2.8,1.6274669424134698,250,7.965784284662087,5,theta_ell6_q1,21,6,1,global,1.0,30,0.0,-0.0004230883203231728,0.0,0.0,True,,inf,0.0004230883203231728,0.0004230883203231728,False,0.0,0.0,False,1,0,1,global,250,250,48,48,0,40,8,1,5,5.208333333333333,5.0,6,0,5,10,"sorted(block,parameter,shift,basis)"
finite_shot_conditional,6,1,0,1,6,2.8,1.6274669424134698,250,7.965784284662087,6,theta_ell6_q3,23,6,3,global,1.0,30,0.0,-8.371012144658962e-05,0.0,0.0,True,,inf,8.371012144658962e-05,8.371012144658962e-05,False,0.0,0.0,False,1,0,1,global,250,250,48,48,0,40,8,1,5,5.208333333333333,5.0,6,0,5,10,"sorted(block,parameter,shift,basis)"
finite_shot_conditional,6,1,0,1,6,2.8,1.6274669424134698,250,7.965784284662087,10,theta_ell6_q0,20,6,0,global,1.0,30,0.0,0.0011647105279830594,0.0,0.0,True,,inf,-0.0011647105279830594,0.0011647105279830594,False,0.0,0.0,False,1,0,1,global,250,250,48,48,0,40,8,1,5,5.208333333333333,5.0,6,0,5,10,"sorted(block,parameter,shift,basis)"
finite_shot_conditional,6,1,0,1,6,2.8,1.6274669424134698,250,7.965784284662087,10,theta_ell6_q2,22,6,2,global,1.0,30,0.0,-0.00044626048119877915,0.0,0.0,True,,inf,0.00044626048119877915,0.00044626048119877915,False,0.0,0.0,False,1,0,1,global,250,250,48,48,0,40,8,1,5,5.208333333333333,5.0,6,0,5,10,"sorted(block,parameter,shift,basis)"
finite_shot_conditional,6,1,0,1,6,2.8,1.6274669424134698,250,7.965784284662087,10,theta_ell6_q3,23,6,3,global,1.0,30,0.0,-0.0033604518440959463,0.0,0.0,True,,inf,0.0033604518440959463,0.0033604518440959463,False,0.0,0.0,False,1,0,1,global,250,250,48,48,0,40,8,1,5,5.208333333333333,5.0,6,0,5,10,"sorted(block,parameter,shift,basis)"
finite_shot_conditional,6,1,0,1,6,2.8,1.6274669424134698,250,7.965784284662087,21,theta_ell6_q0,20,6,0,global,1.0,30,0.0,-0.00524086035873178,0.0,0.0,True,,inf,0.00524086035873178,0.00524086035873178,False,0.0,0.0,False,1,0,1,global,250,250,48,48,0,40,8,1,5,5.208333333333333,5.0,6,0,5,10,"sorted(block,parameter,shift,basis)"
finite_shot_conditional,6,1,0,1,6,2.8,1.6274669424134698,250,7.965784284662087,21,theta_ell6_q1,21,6,1,global,1.0,30,0.0,0.00358075497852417,0.0,0.0,True,,inf,-0.00358075497852417,0.00358075497852417,False,0.0,0.0,False,1,0,1,global,250,250,48,48,0,40,8,1,5,5.208333333333333,5.0,6,0,5,10,"sorted(block,parameter,shift,basis)"
finite_shot_conditional,6,1,0,1,6,2.8,1.6274669424134698,250,7.965784284662087,23,theta_ell6_q3,23,6,3,global,1.0,30,0.0,0.0016905604997359824,0.0,0.0,True,,inf,-0.0016905604997359824,0.0016905604997359824,False,0.0,0.0,False,1,0,1,global,250,250,48,48,0,40,8,1,5,5.208333333333333,5.0,6,0,5,10,"sorted(block,parameter,shift,basis)"
finite_shot_conditional,6,1,0,1,6,2.8,1.6274669424134698,250,7.965784284662087,24,theta_ell6_q0,20,6,0,global,1.0,30,0.0,-0.0001336374000624474,0.0,0.0,True,,inf,0.0001336374000624474,0.0001336374000624474,False,0.0,0.0,False,1,0,1,global,250,250,48,48,0,40,8,1,5,5.208333333333333,5.0,6,0,5,10,"sorted(block,parameter,shift,basis)"
finite_shot_conditional,6,1,0,1,6,2.8,1.6274669424134698,250,7.965784284662087,24,theta_ell6_q2,22,6,2,global,1.0,30,0.0,-0.0009713753697374594,0.0,0.0,True,,inf,0.0009713753697374594,0.0009713753697374594,False,0.0,0.0,False,1,0,1,global,250,250,48,48,0,40,8,1,5,5.208333333333333,5.0,6,0,5,10,"sorted(block,parameter,shift,basis)"
finite_shot_conditional,6,1,0,1,6,2.8,1.6274669424134698,250,7.965784284662087,25,theta_ell6_q1,21,6,1,global,1.0,30,0.0,-0.0012947542134603696,0.0,0.0,True,,inf,0.0012947542134603696,0.0012947542134603696,False,0.0,0.0,False,1,0,1,global,250,250,48,48,0,40,8,1,5,5.208333333333333,5.0,6,0,5,10,"sorted(block,parameter,shift,basis)"
finite_shot_conditional,6,1,0,1,6,2.8,1.6274669424134698,250,7.965784284662087,27,theta_ell6_q0,20,6,0,global,1.0,30,0.0,0.001042938568703855,0.0,0.0,True,,inf,-0.001042938568703855,0.001042938568703855,False,0.0,0.0,False,1,0,1,global,250,250,48,48,0,40,8,1,5,5.208333333333333,5.0,6,0,5,10,"sorted(block,parameter,shift,basis)"
finite_shot_conditional,6,1,0,1,6,2.8,1.6274669424134698,250,7.965784284662087,29,theta_ell6_q1,21,6,1,global,1.0,30,0.0,-0.0007431848141630781,0.0,0.0,True,,inf,0.0007431848141630781,0.0007431848141630781,False,0.0,0.0,False,1,0,1,global,250,250,48,48,0,40,8,1,5,5.208333333333333,5.0,6,0,5,10,"sorted(block,parameter,shift,basis)"
finite_shot_conditional,6,1,0,1,6,2.8,1.6274669424134698,250,7.965784284662087,29,theta_ell6_q3,23,6,3,global,1.0,30,0.0,-0.0003808885923413663,0.0,0.0,True,,inf,0.0003808885923413663,0.0003808885923413663,False,0.0,0.0,False,1,0,1,global,250,250,48,48,0,40,8,1,5,5.208333333333333,5.0,6,0,5,10,"sorted(block,parameter,shift,basis)"
finite_shot_conditional,6,1,0,1,6,2.8,1.6274669424134698,250,7.965784284662087,39,theta_ell6_q0,20,6,0,global,1.0,30,0.0,-0.00011051060937689039,0.0,0.0,True,,inf,0.00011051060937689039,0.00011051060937689039,False,0.0,0.0,False,1,0,1,global,250,250,48,48,0,40,8,1,5,5.208333333333333,5.0,6,0,5,10,"sorted(block,parameter,shift,basis)"
finite_shot_conditional,6,1,0,1,6,2.8,1.6274669424134698,250,7.965784284662087,39,theta_ell6_q2,22,6,2,global,1.0,30,0.0,3.0945079448174706e-05,0.0,0.0,True,,inf,-3.0945079448174706e-05,3.0945079448174706e-05,False,0.0,0.0,False,1,0,1,global,250,250,48,48,0,40,8,1,5,5.208333333333333,5.0,6,0,5,10,"sorted(block,parameter,shift,basis)"
finite_shot_conditional,6,1,0,1,6,2.8,1.6274669424134698,250,7.965784284662087,40,theta_ell6_q1,21,6,1,global,1.0,30,0.0,0.0008042747905879222,0.0,0.0,True,,inf,-0.0008042747905879222,0.0008042747905879222,False,0.0,0.0,False,1,0,1,global,250,250,48,48,0,40,8,1,5,5.208333333333333,5.0,6,0,5,10,"sorted(block,parameter,shift,basis)"
finite_shot_conditional,6,1,0,1,6,2.8,1.6274669424134698,250,7.965784284662087,45,theta_ell6_q0,20,6,0,global,1.0,30,0.0,0.003327963550438573,0.0,0.0,True,,inf,-0.003327963550438573,0.003327963550438573,False,0.0,0.0,False,1,0,1,global,250,250,48,48,0,40,8,1,5,5.208333333333333,5.0,6,0,5,10,"sorted(block,parameter,shift,basis)"
finite_shot_conditional,6,1,0,1,6,2.8,1.6274669424134698,250,7.965784284662087,47,theta_ell6_q0,20,6,0,global,1.0,30,0.0,-0.00041853685469550594,0.0,0.0,True,,inf,0.00041853685469550594,0.00041853685469550594,False,0.0,0.0,False,1,0,1,global,250,250,48,48,0,40,8,1,5,5.208333333333333,5.0,6,0,5,10,"sorted(block,parameter,shift,basis)"
finite_shot_conditional,6,1,0,1,6,2.8,1.6274669424134698,250,7.965784284662087,47,theta_ell6_q1,21,6,1,global,1.0,30,0.0,0.0009688274712820188,0.0,0.0,True,,inf,-0.0009688274712820188,0.0009688274712820188,False,0.0,0.0,False,1,0,1,global,250,250,48,48,0,40,8,1,5,5.208333333333333,5.0,6,0,5,10,"sorted(block,parameter,shift,basis)"
finite_shot_conditional,6,1,0,1,6,2.8,1.6274669424134698,250,7.965784284662087,47,theta_ell6_q2,22,6,2,global,1.0,30,0.0,0.0014138098589411285,0.0,0.0,True,,inf,-0.0014138098589411285,0.0014138098589411285,False,0.0,0.0,False,1,0,1,global,250,250,48,48,0,40,8,1,5,5.208333333333333,5.0,6,0,5,10,"sorted(block,parameter,shift,basis)"
finite_shot_conditional,6,1,0,1,6,2.8,1.6274669424134698,500,8.965784284662087,3,theta_ell6_q0,20,6,0,global,1.0,30,0.0,8.31886186315467e-05,0.0,0.0,True,,inf,-8.31886186315467e-05,8.31886186315467e-05,False,0.0,0.0,False,1,0,1,global,500,500,48,48,0,40,8,1,10,10.416666666666666,10.0,11,0,10,20,"sorted(block,parameter,shift,basis)"
finite_shot_conditional,6,1,0,1,6,2.8,1.6274669424134698,500,8.965784284662087,3,theta_ell6_q2,22,6,2,global,1.0,30,0.0,0.000595283412066161,0.0,0.0,True,,inf,-0.000595283412066161,0.000595283412066161,False,0.0,0.0,False,1,0,1,global,500,500,48,48,0,40,8,1,10,10.416666666666666,10.0,11,0,10,20,"sorted(block,parameter,shift,basis)"
finite_shot_conditional,6,1,0,1,6,2.8,1.6274669424134698,500,8.965784284662087,5,theta_ell6_q1,21,6,1,global,1.0,30,0.0,-0.0004230883203231728,0.0,0.0,True,,inf,0.0004230883203231728,0.0004230883203231728,False,0.0,0.0,False,1,0,1,global,500,500,48,48,0,40,8,1,10,10.416666666666666,10.0,11,0,10,20,"sorted(block,parameter,shift,basis)"
finite_shot_conditional,6,1,0,1,6,2.8,1.6274669424134698,500,8.965784284662087,6,theta_ell6_q2,22,6,2,global,1.0,30,0.0,0.0009152290389436435,0.0,0.0,True,,inf,-0.0009152290389436435,0.0009152290389436435,False,0.0,0.0,False,1,0,1,global,500,500,48,48,0,40,8,1,10,10.416666666666666,10.0,11,0,10,20,"sorted(block,parameter,shift,basis)"
finite_shot_conditional,6,1,0,1,6,2.8,1.6274669424134698,500,8.965784284662087,7,theta_ell6_q0,20,6,0,global,1.0,30,0.0,-0.0020264904595505007,0.0,0.0,True,,inf,0.0020264904595505007,0.0020264904595505007,False,0.0,0.0,False,1,0,1,global,500,500,48,48,0,40,8,1,10,10.416666666666666,10.0,11,0,10,20,"sorted(block,parameter,shift,basis)"
finite_shot_conditional,6,1,0,1,6,2.8,1.6274669424134698,500,8.965784284662087,7,theta_ell6_q3,23,6,3,global,1.0,30,0.0,-0.0010592789629416677,0.0,0.0,True,,inf,0.0010592789629416677,0.0010592789629416677,False,0.0,0.0,False,1,0,1,global,500,500,48,48,0,40,8,1,10,10.416666666666666,10.0,11,0,10,20,"sorted(block,parameter,shift,basis)"
finite_shot_conditional,6,1,0,1,6,2.8,1.6274669424134698,500,8.965784284662087,17,theta_ell6_q3,23,6,3,global,1.0,30,0.0,-0.0011160524217236345,0.0,0.0,True,,inf,0.0011160524217236345,0.0011160524217236345,False,0.0,0.0,False,1,0,1,global,500,500,48,48,0,40,8,1,10,10.416666666666666,10.0,11,0,10,20,"sorted(block,parameter,shift,basis)"
finite_shot_conditional,6,1,0,1,6,2.8,1.6274669424134698,500,8.965784284662087,23,theta_ell6_q1,21,6,1,global,1.0,30,0.0,0.0022849006278181094,0.0,0.0,True,,inf,-0.0022849006278181094,0.0022849006278181094,False,0.0,0.0,False,1,0,1,global,500,500,48,48,0,40,8,1,10,10.416666666666666,10.0,11,0,10,20,"sorted(block,parameter,shift,basis)"
finite_shot_conditional,6,1,0,1,6,2.8,1.6274669424134698,500,8.965784284662087,24,theta_ell6_q0,20,6,0,global,1.0,30,0.0,-0.0001336374000624474,0.0,0.0,True,,inf,0.0001336374000624474,0.0001336374000624474,False,0.0,0.0,False,1,0,1,global,500,500,48,48,0,40,8,1,10,10.416666666666666,10.0,11,0,10,20,"sorted(block,parameter,shift,basis)"
finite_shot_conditional,6,1,0,1,6,2.8,1.6274669424134698,500,8.965784284662087,24,theta_ell6_q3,23,6,3,global,1.0,30,0.0,0.0015522349642203004,0.0,0.0,True,,inf,-0.0015522349642203004,0.0015522349642203004,False,0.0,0.0,False,1,0,1,global,500,500,48,48,0,40,8,1,10,10.416666666666666,10.0,11,0,10,20,"sorted(block,parameter,shift,basis)"
finite_shot_conditional,6,1,0,1,6,2.8,1.6274669424134698,500,8.965784284662087,25,theta_ell6_q1,21,6,1,global,1.0,30,0.0,-0.0012947542134603696,0.0,0.0,True,,inf,0.0012947542134603696,0.0012947542134603696,False,0.0,0.0,False,1,0,1,global,500,500,48,48,0,40,8,1,10,10.416666666666666,10.0,11,0,10,20,"sorted(block,parameter,shift,basis)"
finite_shot_conditional,6,1,0,1,6,2.8,1.6274669424134698,500,8.965784284662087,29,theta_ell6_q1,21,6,1,global,1.0,30,0.0,-0.0007431848141630781,0.0,0.0,True,,inf,0.0007431848141630781,0.0007431848141630781,False,0.0,0.0,False,1,0,1,global,500,500,48,48,0,40,8,1,10,10.416666666666666,10.0,11,0,10,20,"sorted(block,parameter,shift,basis)"
finite_shot_conditional,6,1,0,1,6,2.8,1.6274669424134698,500,8.965784284662087,29,theta_ell6_q3,23,6,3,global,1.0,30,0.0,-0.0003808885923413663,0.0,0.0,True,,inf,0.0003808885923413663,0.0003808885923413663,False,0.0,0.0,False,1,0,1,global,500,500,48,48,0,40,8,1,10,10.416666666666666,10.0,11,0,10,20,"sorted(block,parameter,shift,basis)"
finite_shot_conditional,6,1,0,1,6,2.8,1.6274669424134698,500,8.965784284662087,39,theta_ell6_q0,20,6,0,global,1.0,30,0.0,-0.00011051060937689039,0.0,0.0,True,,inf,0.00011051060937689039,0.00011051060937689039,False,0.0,0.0,False,1,0,1,global,500,500,48,48,0,40,8,1,10,10.416666666666666,10.0,11,0,10,20,"sorted(block,parameter,shift,basis)"
finite_shot_conditional,6,1,0,1,6,2.8,1.6274669424134698,500,8.965784284662087,39,theta_ell6_q2,22,6,2,global,1.0,30,0.0,3.0945079448174706e-05,0.0,0.0,True,,inf,-3.0945079448174706e-05,3.0945079448174706e-05,False,0.0,0.0,False,1,0,1,global,500,500,48,48,0,40,8,1,10,10.416666666666666,10.0,11,0,10,20,"sorted(block,parameter,shift,basis)"
finite_shot_conditional,6,1,0,1,6,2.8,1.6274669424134698,500,8.965784284662087,40,theta_ell6_q1,21,6,1,global,1.0,30,0.0,0.0008042747905879222,0.0,0.0,True,,inf,-0.0008042747905879222,0.0008042747905879222,False,0.0,0.0,False,1,0,1,global,500,500,48,48,0,40,8,1,10,10.416666666666666,10.0,11,0,10,20,"sorted(block,parameter,shift,basis)"
finite_shot_conditional,6,1,0,1,6,2.8,1.6274669424134698,500,8.965784284662087,45,theta_ell6_q3,23,6,3,global,1.0,30,0.0,-0.006059382763677457,0.0,0.0,True,,inf,0.006059382763677457,0.006059382763677457,False,0.0,0.0,False,1,0,1,global,500,500,48,48,0,40,8,1,10,10.416666666666666,10.0,11,0,10,20,"sorted(block,parameter,shift,basis)"
finite_shot_conditional,6,1,0,1,6,2.8,1.6274669424134698,500,8.965784284662087,47,theta_ell6_q1,21,6,1,global,1.0,30,0.0,0.0009688274712820188,0.0,0.0,True,,inf,-0.0009688274712820188,0.0009688274712820188,False,0.0,0.0,False,1,0,1,global,500,500,48,48,0,40,8,1,10,10.416666666666666,10.0,11,0,10,20,"sorted(block,parameter,shift,basis)"
finite_shot_conditional,6,1,0,1,6,2.8,1.6274669424134698,1000,9.965784284662087,3,theta_ell6_q0,20,6,0,global,1.0,30,0.0,8.31886186315467e-05,0.0,0.0,True,,inf,-8.31886186315467e-05,8.31886186315467e-05,False,0.0,0.0,False,1,0,1,global,1000,1000,48,48,0,40,8,1,20,20.833333333333332,21.0,21,0,20,40,"sorted(block,parameter,shift,basis)"
finite_shot_conditional,6,1,0,1,6,2.8,1.6274669424134698,1000,9.965784284662087,3,theta_ell6_q2,22,6,2,global,1.0,30,0.0,0.000595283412066161,0.0,0.0,True,,inf,-0.000595283412066161,0.000595283412066161,False,0.0,0.0,False,1,0,1,global,1000,1000,48,48,0,40,8,1,20,20.833333333333332,21.0,21,0,20,40,"sorted(block,parameter,shift,basis)"
finite_shot_conditional,6,1,0,1,6,2.8,1.6274669424134698,1000,9.965784284662087,4,theta_ell6_q1,21,6,1,global,1.0,30,0.0,0.0012183969046944965,0.0,0.0,True,,inf,-0.0012183969046944965,0.0012183969046944965,False,0.0,0.0,False,1,0,1,global,1000,1000,48,48,0,40,8,1,20,20.833333333333332,21.0,21,0,20,40,"sorted(block,parameter,shift,basis)"
finite_shot_conditional,6,1,0,1,6,2.8,1.6274669424134698,1000,9.965784284662087,5,theta_ell6_q1,21,6,1,global,1.0,30,0.0,-0.0004230883203231728,0.0,0.0,True,,inf,0.0004230883203231728,0.0004230883203231728,False,0.0,0.0,False,1,0,1,global,1000,1000,48,48,0,40,8,1,20,20.833333333333332,21.0,21,0,20,40,"sorted(block,parameter,shift,basis)"
finite_shot_conditional,6,1,0,1,6,2.8,1.6274669424134698,1000,9.965784284662087,10,theta_ell6_q0,20,6,0,global,1.0,30,0.0,0.0011647105279830594,0.0,0.0,True,,inf,-0.0011647105279830594,0.0011647105279830594,False,0.0,0.0,False,1,0,1,global,1000,1000,48,48,0,40,8,1,20,20.833333333333332,21.0,21,0,20,40,"sorted(block,parameter,shift,basis)"
finite_shot_conditional,6,1,0,1,6,2.8,1.6274669424134698,1000,9.965784284662087,23,theta_ell6_q3,23,6,3,global,1.0,30,0.0,0.0016905604997359824,0.0,0.0,True,,inf,-0.0016905604997359824,0.0016905604997359824,False,0.0,0.0,False,1,0,1,global,1000,1000,48,48,0,40,8,1,20,20.833333333333332,21.0,21,0,20,40,"sorted(block,parameter,shift,basis)"
finite_shot_conditional,6,1,0,1,6,2.8,1.6274669424134698,1000,9.965784284662087,24,theta_ell6_q0,20,6,0,global,1.0,30,0.0,-0.0001336374000624474,0.0,0.0,True,,inf,0.0001336374000624474,0.0001336374000624474,False,0.0,0.0,False,1,0,1,global,1000,1000,48,48,0,40,8,1,20,20.833333333333332,21.0,21,0,20,40,"sorted(block,parameter,shift,basis)"
finite_shot_conditional,6,1,0,1,6,2.8,1.6274669424134698,1000,9.965784284662087,29,theta_ell6_q1,21,6,1,global,1.0,30,0.0,-0.0007431848141630781,0.0,0.0,True,,inf,0.0007431848141630781,0.0007431848141630781,False,0.0,0.0,False,1,0,1,global,1000,1000,48,48,0,40,8,1,20,20.833333333333332,21.0,21,0,20,40,"sorted(block,parameter,shift,basis)"
finite_shot_conditional,6,1,0,1,6,2.8,1.6274669424134698,1000,9.965784284662087,29,theta_ell6_q3,23,6,3,global,1.0,30,0.0,-0.0003808885923413663,0.0,0.0,True,,inf,0.0003808885923413663,0.0003808885923413663,False,0.0,0.0,False,1,0,1,global,1000,1000,48,48,0,40,8,1,20,20.833333333333332,21.0,21,0,20,40,"sorted(block,parameter,shift,basis)"
finite_shot_conditional,6,1,0,1,6,2.8,1.6274669424134698,1000,9.965784284662087,39,theta_ell6_q2,22,6,2,global,1.0,30,0.0,3.0945079448174706e-05,0.0,0.0,True,,inf,-3.0945079448174706e-05,3.0945079448174706e-05,False,0.0,0.0,False,1,0,1,global,1000,1000,48,48,0,40,8,1,20,20.833333333333332,21.0,21,0,20,40,"sorted(block,parameter,shift,basis)"
finite_shot_conditional,6,1,0,1,6,2.8,1.6274669424134698,1000,9.965784284662087,47,theta_ell6_q0,20,6,0,global,1.0,30,0.0,-0.00041853685469550594,0.0,0.0,True,,inf,0.00041853685469550594,0.00041853685469550594,False,0.0,0.0,False,1,0,1,global,1000,1000,48,48,0,40,8,1,20,20.833333333333332,21.0,21,0,20,40,"sorted(block,parameter,shift,basis)"
finite_shot_conditional,6,1,0,1,6,2.8,1.6274669424134698,1000,9.965784284662087,47,theta_ell6_q2,22,6,2,global,1.0,30,0.0,0.0014138098589411285,0.0,0.0,True,,inf,-0.0014138098589411285,0.0014138098589411285,False,0.0,0.0,False,1,0,1,global,1000,1000,48,48,0,40,8,1,20,20.833333333333332,21.0,21,0,20,40,"sorted(block,parameter,shift,basis)"
finite_shot_conditional,6,1,0,1,6,2.8,1.6274669424134698,2000,10.965784284662087,3,theta_ell6_q0,20,6,0,global,1.0,30,0.0,8.31886186315467e-05,0.0,0.0,True,,inf,-8.31886186315467e-05,8.31886186315467e-05,False,0.0,0.0,False,1,0,1,global,2000,2000,48,48,0,40,8,1,41,41.666666666666664,42.0,42,0,41,32,"sorted(block,parameter,shift,basis)"
finite_shot_conditional,6,1,0,1,6,2.8,1.6274669424134698,2000,10.965784284662087,3,theta_ell6_q2,22,6,2,global,1.0,30,0.0,0.000595283412066161,0.0,0.0,True,,inf,-0.000595283412066161,0.000595283412066161,False,0.0,0.0,False,1,0,1,global,2000,2000,48,48,0,40,8,1,41,41.666666666666664,42.0,42,0,41,32,"sorted(block,parameter,shift,basis)"
finite_shot_conditional,6,1,0,1,6,2.8,1.6274669424134698,2000,10.965784284662087,29,theta_ell6_q3,23,6,3,global,1.0,30,0.0,-0.0003808885923413663,0.0,0.0,True,,inf,0.0003808885923413663,0.0003808885923413663,False,0.0,0.0,False,1,0,1,global,2000,2000,48,48,0,40,8,1,41,41.666666666666664,42.0,42,0,41,32,"sorted(block,parameter,shift,basis)"
finite_shot_conditional,6,1,0,1,6,2.8,1.6274669424134698,2000,10.965784284662087,39,theta_ell6_q0,20,6,0,global,1.0,30,0.0,-0.00011051060937689039,0.0,0.0,True,,inf,0.00011051060937689039,0.00011051060937689039,False,0.0,0.0,False,1,0,1,global,2000,2000,48,48,0,40,8,1,41,41.666666666666664,42.0,42,0,41,32,"sorted(block,parameter,shift,basis)"
finite_shot_conditional,6,1,0,1,6,2.8,1.6274669424134698,2000,10.965784284662087,39,theta_ell6_q2,22,6,2,global,1.0,30,0.0,3.0945079448174706e-05,0.0,0.0,True,,inf,-3.0945079448174706e-05,3.0945079448174706e-05,False,0.0,0.0,False,1,0,1,global,2000,2000,48,48,0,40,8,1,41,41.666666666666664,42.0,42,0,41,32,"sorted(block,parameter,shift,basis)"
finite_shot_end_to_end,1,0,0,0,1,-2.2,-1.2787240261820123,250,7.965784284662087,0,theta_ell1_q0,0,1,0,global,0.0,30,0.0,-5.5993525219566465e-05,0.0,0.0,True,,inf,5.5993525219566465e-05,5.5993525219566465e-05,False,0.0,0.0,False,0,0,0,global,250,250,8,8,0,0,8,1,31,31.25,31.0,32,0,31,2,"sorted(block,parameter,shift,basis)"
finite_shot_end_to_end,1,0,0,0,1,-2.2,-1.2787240261820123,250,7.965784284662087,0,theta_ell1_q3,3,1,3,global,0.0,30,0.0,0.00019226921154968935,0.0,0.0,True,,inf,-0.00019226921154968935,0.00019226921154968935,False,0.0,0.0,False,0,0,0,global,250,250,8,8,0,0,8,1,31,31.25,31.0,32,0,31,2,"sorted(block,parameter,shift,basis)"
finite_shot_end_to_end,1,0,0,0,1,-2.2,-1.2787240261820123,250,7.965784284662087,4,theta_ell1_q3,3,1,3,global,0.0,30,0.0,-0.00013293210108400455,0.0,0.0,True,,inf,0.00013293210108400455,0.00013293210108400455,False,0.0,0.0,False,0,0,0,global,250,250,8,8,0,0,8,1,31,31.25,31.0,32,0,31,2,"sorted(block,parameter,shift,basis)"
finite_shot_end_to_end,1,0,0,0,1,-2.2,-1.2787240261820123,250,7.965784284662087,5,theta_ell1_q1,1,1,1,global,0.0,30,0.0,-0.00018749078105451122,0.0,0.0,True,,inf,0.00018749078105451122,0.00018749078105451122,False,0.0,0.0,False,0,0,0,global,250,250,8,8,0,0,8,1,31,31.25,31.0,32,0,31,2,"sorted(block,parameter,shift,basis)"
finite_shot_end_to_end,1,0,0,0,1,-2.2,-1.2787240261820123,250,7.965784284662087,7,theta_ell1_q0,0,1,0,global,0.0,30,0.0,0.00019040030455319545,0.0,0.0,True,,inf,-0.00019040030455319545,0.00019040030455319545,False,0.0,0.0,False,0,0,0,global,250,250,8,8,0,0,8,1,31,31.25,31.0,32,0,31,2,"sorted(block,parameter,shift,basis)"
finite_shot_end_to_end,1,0,0,0,1,-2.2,-1.2787240261820123,250,7.965784284662087,8,theta_ell1_q2,2,1,2,global,0.0,30,0.0,0.0003391040805610368,0.0,0.0,True,,inf,-0.0003391040805610368,0.0003391040805610368,False,0.0,0.0,False,0,0,0,global,250,250,8,8,0,0,8,1,31,31.25,31.0,32,0,31,2,"sorted(block,parameter,shift,basis)"
finite_shot_end_to_end,1,0,0,0,1,-2.2,-1.2787240261820123,250,7.965784284662087,13,theta_ell1_q1,1,1,1,global,0.0,30,0.0,7.314488825016507e-05,0.0,0.0,True,,inf,-7.314488825016507e-05,7.314488825016507e-05,False,0.0,0.0,False,0,0,0,global,250,250,8,8,0,0,8,1,31,31.25,31.0,32,0,31,2,"sorted(block,parameter,shift,basis)"
finite_shot_end_to_end,1,0,0,0,1,-2.2,-1.2787240261820123,250,7.965784284662087,14,theta_ell1_q0,0,1,0,global,0.0,30,0.0,1.3354923955599673e-07,0.0,0.0,True,,inf,-1.3354923955599673e-07,1.3354923955599673e-07,False,0.0,0.0,False,0,0,0,global,250,250,8,8,0,0,8,1,31,31.25,31.0,32,0,31,2,"sorted(block,parameter,shift,basis)"
finite_shot_end_to_end,1,0,0,0,1,-2.2,-1.2787240261820123,250,7.965784284662087,14,theta_ell1_q2,2,1,2,global,0.0,30,0.0,6.788113676714502e-08,0.0,0.0,True,,inf,-6.788113676714502e-08,6.788113676714502e-08,False,0.0,0.0,False,0,0,0,global,250,250,8,8,0,0,8,1,31,31.25,31.0,32,0,31,2,"sorted(block,parameter,shift,basis)"
finite_shot_end_to_end,1,0,0,0,1,-2.2,-1.2787240261820123,250,7.965784284662087,14,theta_ell1_q3,3,1,3,global,0.0,30,0.0,-3.6598248576158454e-07,0.0,0.0,True,,inf,3.6598248576158454e-07,3.6598248576158454e-07,False,0.0,0.0,False,0,0,0,global,250,250,8,8,0,0,8,1,31,31.25,31.0,32,0,31,2,"sorted(block,parameter,shift,basis)"
finite_shot_end_to_end,1,0,0,0,1,-2.2,-1.2787240261820123,250,7.965784284662087,28,theta_ell1_q0,0,1,0,global,0.0,30,0.0,3.9005673439840294e-05,0.0,0.0,True,,inf,-3.9005673439840294e-05,3.9005673439840294e-05,False,0.0,0.0,False,0,0,0,global,250,250,8,8,0,0,8,1,31,31.25,31.0,32,0,31,2,"sorted(block,parameter,shift,basis)"
finite_shot_end_to_end,1,0,0,0,1,-2.2,-1.2787240261820123,250,7.965784284662087,28,theta_ell1_q1,1,1,1,global,0.0,30,0.0,1.069555820631951e-06,0.0,0.0,True,,inf,-1.069555820631951e-06,1.069555820631951e-06,False,0.0,0.0,False,0,0,0,global,250,250,8,8,0,0,8,1,31,31.25,31.0,32,0,31,2,"sorted(block,parameter,shift,basis)"
finite_shot_end_to_end,1,0,0,0,1,-2.2,-1.2787240261820123,250,7.965784284662087,31,theta_ell1_q1,1,1,1,global,0.0,30,0.0,8.891152123496893e-05,0.0,0.0,True,,inf,-8.891152123496893e-05,8.891152123496893e-05,False,0.0,0.0,False,0,0,0,global,250,250,8,8,0,0,8,1,31,31.25,31.0,32,0,31,2,"sorted(block,parameter,shift,basis)"
finite_shot_end_to_end,1,0,0,0,1,-2.2,-1.2787240261820123,250,7.965784284662087,32,theta_ell1_q0,0,1,0,global,0.0,30,0.0,1.1583707498930007e-05,0.0,0.0,True,,inf,-1.1583707498930007e-05,1.1583707498930007e-05,False,0.0,0.0,False,0,0,0,global,250,250,8,8,0,0,8,1,31,31.25,31.0,32,0,31,2,"sorted(block,parameter,shift,basis)"
finite_shot_end_to_end,1,0,0,0,1,-2.2,-1.2787240261820123,250,7.965784284662087,32,theta_ell1_q3,3,1,3,global,0.0,30,0.0,1.2993811984718384e-05,0.0,0.0,True,,inf,-1.2993811984718384e-05,1.2993811984718384e-05,False,0.0,0.0,False,0,0,0,global,250,250,8,8,0,0,8,1,31,31.25,31.0,32,0,31,2,"sorted(block,parameter,shift,basis)"
finite_shot_end_to_end,1,0,0,0,1,-2.2,-1.2787240261820123,250,7.965784284662087,33,theta_ell1_q1,1,1,1,global,0.0,30,0.0,1.0018646894038863e-05,0.0,0.0,True,,inf,-1.0018646894038863e-05,1.0018646894038863e-05,False,0.0,0.0,False,0,0,0,global,250,250,8,8,0,0,8,1,31,31.25,31.0,32,0,31,2,"sorted(block,parameter,shift,basis)"
finite_shot_end_to_end,1,0,0,0,1,-2.2,-1.2787240261820123,250,7.965784284662087,33,theta_ell1_q2,2,1,2,global,0.0,30,0.0,4.089312362837161e-05,0.0,0.0,True,,inf,-4.089312362837161e-05,4.089312362837161e-05,False,0.0,0.0,False,0,0,0,global,250,250,8,8,0,0,8,1,31,31.25,31.0,32,0,31,2,"sorted(block,parameter,shift,basis)"
finite_shot_end_to_end,1,0,0,0,1,-2.2,-1.2787240261820123,250,7.965784284662087,33,theta_ell1_q3,3,1,3,global,0.0,30,0.0,-6.641559975928413e-05,0.0,0.0,True,,inf,6.641559975928413e-05,6.641559975928413e-05,False,0.0,0.0,False,0,0,0,global,250,250,8,8,0,0,8,1,31,31.25,31.0,32,0,31,2,"sorted(block,parameter,shift,basis)"
finite_shot_end_to_end,1,0,0,0,1,-2.2,-1.2787240261820123,250,7.965784284662087,35,theta_ell1_q0,0,1,0,global,0.0,30,0.0,0.00010906372473951098,0.0,0.0,True,,inf,-0.00010906372473951098,0.00010906372473951098,False,0.0,0.0,False,0,0,0,global,250,250,8,8,0,0,8,1,31,31.25,31.0,32,0,31,2,"sorted(block,parameter,shift,basis)"
finite_shot_end_to_end,1,0,0,0,1,-2.2,-1.2787240261820123,250,7.965784284662087,35,theta_ell1_q2,2,1,2,global,0.0,30,0.0,-5.472277340712317e-05,0.0,0.0,True,,inf,5.472277340712317e-05,5.472277340712317e-05,False,0.0,0.0,False,0,0,0,global,250,250,8,8,0,0,8,1,31,31.25,31.0,32,0,31,2,"sorted(block,parameter,shift,basis)"
finite_shot_end_to_end,1,0,0,0,1,-2.2,-1.2787240261820123,250,7.965784284662087,35,theta_ell1_q3,3,1,3,global,0.0,30,0.0,-0.00021070215147234173,0.0,0.0,True,,inf,0.00021070215147234173,0.00021070215147234173,False,0.0,0.0,False,0,0,0,global,250,250,8,8,0,0,8,1,31,31.25,31.0,32,0,31,2,"sorted(block,parameter,shift,basis)"
finite_shot_end_to_end,1,0,0,0,1,-2.2,-1.2787240261820123,250,7.965784284662087,44,theta_ell1_q1,1,1,1,global,0.0,30,0.0,-3.828439795228178e-05,0.0,0.0,True,,inf,3.828439795228178e-05,3.828439795228178e-05,False,0.0,0.0,False,0,0,0,global,250,250,8,8,0,0,8,1,31,31.25,31.0,32,0,31,2,"sorted(block,parameter,shift,basis)"
finite_shot_end_to_end,1,0,0,0,1,-2.2,-1.2787240261820123,250,7.965784284662087,45,theta_ell1_q3,3,1,3,global,0.0,30,0.0,0.0017020138295930631,0.0,0.0,True,,inf,-0.0017020138295930631,0.0017020138295930631,False,0.0,0.0,False,0,0,0,global,250,250,8,8,0,0,8,1,31,31.25,31.0,32,0,31,2,"sorted(block,parameter,shift,basis)"
finite_shot_end_to_end,1,0,0,0,1,-2.2,-1.2787240261820123,500,8.965784284662087,0,theta_ell1_q3,3,1,3,global,0.0,30,0.0,0.00019226921154968935,0.0,0.0,True,,inf,-0.00019226921154968935,0.00019226921154968935,False,0.0,0.0,False,0,0,0,global,500,500,8,8,0,0,8,1,62,62.5,62.5,63,0,62,4,"sorted(block,parameter,shift,basis)"
finite_shot_end_to_end,1,0,0,0,1,-2.2,-1.2787240261820123,500,8.965784284662087,1,theta_ell1_q1,1,1,1,global,0.0,30,0.0,-9.080113973602977e-06,0.0,0.0,True,,inf,9.080113973602977e-06,9.080113973602977e-06,False,0.0,0.0,False,0,0,0,global,500,500,8,8,0,0,8,1,62,62.5,62.5,63,0,62,4,"sorted(block,parameter,shift,basis)"
finite_shot_end_to_end,1,0,0,0,1,-2.2,-1.2787240261820123,500,8.965784284662087,7,theta_ell1_q3,3,1,3,global,0.0,30,0.0,-0.0003842868494318141,0.0,0.0,True,,inf,0.0003842868494318141,0.0003842868494318141,False,0.0,0.0,False,0,0,0,global,500,500,8,8,0,0,8,1,62,62.5,62.5,63,0,62,4,"sorted(block,parameter,shift,basis)"
finite_shot_end_to_end,1,0,0,0,1,-2.2,-1.2787240261820123,500,8.965784284662087,14,theta_ell1_q0,0,1,0,global,0.0,30,0.0,1.3354923955599673e-07,0.0,0.0,True,,inf,-1.3354923955599673e-07,1.3354923955599673e-07,False,0.0,0.0,False,0,0,0,global,500,500,8,8,0,0,8,1,62,62.5,62.5,63,0,62,4,"sorted(block,parameter,shift,basis)"
finite_shot_end_to_end,1,0,0,0,1,-2.2,-1.2787240261820123,500,8.965784284662087,14,theta_ell1_q2,2,1,2,global,0.0,30,0.0,6.788113676714502e-08,0.0,0.0,True,,inf,-6.788113676714502e-08,6.788113676714502e-08,False,0.0,0.0,False,0,0,0,global,500,500,8,8,0,0,8,1,62,62.5,62.5,63,0,62,4,"sorted(block,parameter,shift,basis)"
finite_shot_end_to_end,1,0,0,0,1,-2.2,-1.2787240261820123,500,8.965784284662087,14,theta_ell1_q3,3,1,3,global,0.0,30,0.0,-3.6598248576158454e-07,0.0,0.0,True,,inf,3.6598248576158454e-07,3.6598248576158454e-07,False,0.0,0.0,False,0,0,0,global,500,500,8,8,0,0,8,1,62,62.5,62.5,63,0,62,4,"sorted(block,parameter,shift,basis)"
finite_shot_end_to_end,1,0,0,0,1,-2.2,-1.2787240261820123,500,8.965784284662087,28,theta_ell1_q1,1,1,1,global,0.0,30,0.0,1.069555820631951e-06,0.0,0.0,True,,inf,-1.069555820631951e-06,1.069555820631951e-06,False,0.0,0.0,False,0,0,0,global,500,500,8,8,0,0,8,1,62,62.5,62.5,63,0,62,4,"sorted(block,parameter,shift,basis)"
finite_shot_end_to_end,1,0,0,0,1,-2.2,-1.2787240261820123,500,8.965784284662087,31,theta_ell1_q1,1,1,1,global,0.0,30,0.0,8.891152123496893e-05,0.0,0.0,True,,inf,-8.891152123496893e-05,8.891152123496893e-05,False,0.0,0.0,False,0,0,0,global,500,500,8,8,0,0,8,1,62,62.5,62.5,63,0,62,4,"sorted(block,parameter,shift,basis)"
finite_shot_end_to_end,1,0,0,0,1,-2.2,-1.2787240261820123,500,8.965784284662087,32,theta_ell1_q0,0,1,0,global,0.0,30,0.0,1.1583707498930007e-05,0.0,0.0,True,,inf,-1.1583707498930007e-05,1.1583707498930007e-05,False,0.0,0.0,False,0,0,0,global,500,500,8,8,0,0,8,1,62,62.5,62.5,63,0,62,4,"sorted(block,parameter,shift,basis)"
finite_shot_end_to_end,1,0,0,0,1,-2.2,-1.2787240261820123,500,8.965784284662087,32,theta_ell1_q3,3,1,3,global,0.0,30,0.0,1.2993811984718384e-05,0.0,0.0,True,,inf,-1.2993811984718384e-05,1.2993811984718384e-05,False,0.0,0.0,False,0,0,0,global,500,500,8,8,0,0,8,1,62,62.5,62.5,63,0,62,4,"sorted(block,parameter,shift,basis)"
finite_shot_end_to_end,1,0,0,0,1,-2.2,-1.2787240261820123,500,8.965784284662087,33,theta_ell1_q1,1,1,1,global,0.0,30,0.0,1.0018646894038863e-05,0.0,0.0,True,,inf,-1.0018646894038863e-05,1.0018646894038863e-05,False,0.0,0.0,False,0,0,0,global,500,500,8,8,0,0,8,1,62,62.5,62.5,63,0,62,4,"sorted(block,parameter,shift,basis)"
finite_shot_end_to_end,1,0,0,0,1,-2.2,-1.2787240261820123,500,8.965784284662087,35,theta_ell1_q2,2,1,2,global,0.0,30,0.0,-5.472277340712317e-05,0.0,0.0,True,,inf,5.472277340712317e-05,5.472277340712317e-05,False,0.0,0.0,False,0,0,0,global,500,500,8,8,0,0,8,1,62,62.5,62.5,63,0,62,4,"sorted(block,parameter,shift,basis)"
finite_shot_end_to_end,1,0,0,0,1,-2.2,-1.2787240261820123,500,8.965784284662087,44,theta_ell1_q1,1,1,1,global,0.0,30,0.0,-3.828439795228178e-05,0.0,0.0,True,,inf,3.828439795228178e-05,3.828439795228178e-05,False,0.0,0.0,False,0,0,0,global,500,500,8,8,0,0,8,1,62,62.5,62.5,63,0,62,4,"sorted(block,parameter,shift,basis)"
finite_shot_end_to_end,1,0,0,0,1,-2.2,-1.2787240261820123,1000,9.965784284662087,0,theta_ell1_q0,0,1,0,global,0.0,30,0.0,-5.5993525219566465e-05,0.0,0.0,True,,inf,5.5993525219566465e-05,5.5993525219566465e-05,False,0.0,0.0,False,0,0,0,global,1000,1000,8,8,0,0,8,1,125,125.0,125.0,125,0,125,0,"sorted(block,parameter,shift,basis)"
finite_shot_end_to_end,1,0,0,0,1,-2.2,-1.2787240261820123,1000,9.965784284662087,0,theta_ell1_q3,3,1,3,global,0.0,30,0.0,0.00019226921154968935,0.0,0.0,True,,inf,-0.00019226921154968935,0.00019226921154968935,False,0.0,0.0,False,0,0,0,global,1000,1000,8,8,0,0,8,1,125,125.0,125.0,125,0,125,0,"sorted(block,parameter,shift,basis)"
finite_shot_end_to_end,1,0,0,0,1,-2.2,-1.2787240261820123,1000,9.965784284662087,14,theta_ell1_q0,0,1,0,global,0.0,30,0.0,1.3354923955599673e-07,0.0,0.0,True,,inf,-1.3354923955599673e-07,1.3354923955599673e-07,False,0.0,0.0,False,0,0,0,global,1000,1000,8,8,0,0,8,1,125,125.0,125.0,125,0,125,0,"sorted(block,parameter,shift,basis)"
finite_shot_end_to_end,1,0,0,0,1,-2.2,-1.2787240261820123,1000,9.965784284662087,14,theta_ell1_q2,2,1,2,global,0.0,30,0.0,6.788113676714502e-08,0.0,0.0,True,,inf,-6.788113676714502e-08,6.788113676714502e-08,False,0.0,0.0,False,0,0,0,global,1000,1000,8,8,0,0,8,1,125,125.0,125.0,125,0,125,0,"sorted(block,parameter,shift,basis)"
finite_shot_end_to_end,1,0,0,0,1,-2.2,-1.2787240261820123,1000,9.965784284662087,14,theta_ell1_q3,3,1,3,global,0.0,30,0.0,-3.6598248576158454e-07,0.0,0.0,True,,inf,3.6598248576158454e-07,3.6598248576158454e-07,False,0.0,0.0,False,0,0,0,global,1000,1000,8,8,0,0,8,1,125,125.0,125.0,125,0,125,0,"sorted(block,parameter,shift,basis)"
finite_shot_end_to_end,1,0,0,0,1,-2.2,-1.2787240261820123,1000,9.965784284662087,28,theta_ell1_q1,1,1,1,global,0.0,30,0.0,1.069555820631951e-06,0.0,0.0,True,,inf,-1.069555820631951e-06,1.069555820631951e-06,False,0.0,0.0,False,0,0,0,global,1000,1000,8,8,0,0,8,1,125,125.0,125.0,125,0,125,0,"sorted(block,parameter,shift,basis)"
finite_shot_end_to_end,1,0,0,0,1,-2.2,-1.2787240261820123,1000,9.965784284662087,31,theta_ell1_q1,1,1,1,global,0.0,30,0.0,8.891152123496893e-05,0.0,0.0,True,,inf,-8.891152123496893e-05,8.891152123496893e-05,False,0.0,0.0,False,0,0,0,global,1000,1000,8,8,0,0,8,1,125,125.0,125.0,125,0,125,0,"sorted(block,parameter,shift,basis)"
finite_shot_end_to_end,1,0,0,0,1,-2.2,-1.2787240261820123,1000,9.965784284662087,32,theta_ell1_q0,0,1,0,global,0.0,30,0.0,1.1583707498930007e-05,0.0,0.0,True,,inf,-1.1583707498930007e-05,1.1583707498930007e-05,False,0.0,0.0,False,0,0,0,global,1000,1000,8,8,0,0,8,1,125,125.0,125.0,125,0,125,0,"sorted(block,parameter,shift,basis)"
finite_shot_end_to_end,1,0,0,0,1,-2.2,-1.2787240261820123,1000,9.965784284662087,32,theta_ell1_q2,2,1,2,global,0.0,30,0.0,-6.115425428132593e-05,0.0,0.0,True,,inf,6.115425428132593e-05,6.115425428132593e-05,False,0.0,0.0,False,0,0,0,global,1000,1000,8,8,0,0,8,1,125,125.0,125.0,125,0,125,0,"sorted(block,parameter,shift,basis)"
finite_shot_end_to_end,1,0,0,0,1,-2.2,-1.2787240261820123,1000,9.965784284662087,32,theta_ell1_q3,3,1,3,global,0.0,30,0.0,1.2993811984718384e-05,0.0,0.0,True,,inf,-1.2993811984718384e-05,1.2993811984718384e-05,False,0.0,0.0,False,0,0,0,global,1000,1000,8,8,0,0,8,1,125,125.0,125.0,125,0,125,0,"sorted(block,parameter,shift,basis)"
finite_shot_end_to_end,1,0,0,0,1,-2.2,-1.2787240261820123,1000,9.965784284662087,33,theta_ell1_q1,1,1,1,global,0.0,30,0.0,1.0018646894038863e-05,0.0,0.0,True,,inf,-1.0018646894038863e-05,1.0018646894038863e-05,False,0.0,0.0,False,0,0,0,global,1000,1000,8,8,0,0,8,1,125,125.0,125.0,125,0,125,0,"sorted(block,parameter,shift,basis)"
finite_shot_end_to_end,1,0,0,0,1,-2.2,-1.2787240261820123,1000,9.965784284662087,33,theta_ell1_q2,2,1,2,global,0.0,30,0.0,4.089312362837161e-05,0.0,0.0,True,,inf,-4.089312362837161e-05,4.089312362837161e-05,False,0.0,0.0,False,0,0,0,global,1000,1000,8,8,0,0,8,1,125,125.0,125.0,125,0,125,0,"sorted(block,parameter,shift,basis)"
finite_shot_end_to_end,1,0,0,0,1,-2.2,-1.2787240261820123,1000,9.965784284662087,35,theta_ell1_q2,2,1,2,global,0.0,30,0.0,-5.472277340712317e-05,0.0,0.0,True,,inf,5.472277340712317e-05,5.472277340712317e-05,False,0.0,0.0,False,0,0,0,global,1000,1000,8,8,0,0,8,1,125,125.0,125.0,125,0,125,0,"sorted(block,parameter,shift,basis)"
finite_shot_end_to_end,1,0,0,0,1,-2.2,-1.2787240261820123,2000,10.965784284662087,14,theta_ell1_q0,0,1,0,global,0.0,30,0.0,1.3354923955599673e-07,0.0,0.0,True,,inf,-1.3354923955599673e-07,1.3354923955599673e-07,False,0.0,0.0,False,0,0,0,global,2000,2000,8,8,0,0,8,1,250,250.0,250.0,250,0,250,0,"sorted(block,parameter,shift,basis)"
finite_shot_end_to_end,1,0,0,0,1,-2.2,-1.2787240261820123,2000,10.965784284662087,14,theta_ell1_q2,2,1,2,global,0.0,30,0.0,6.788113676714502e-08,0.0,0.0,True,,inf,-6.788113676714502e-08,6.788113676714502e-08,False,0.0,0.0,False,0,0,0,global,2000,2000,8,8,0,0,8,1,250,250.0,250.0,250,0,250,0,"sorted(block,parameter,shift,basis)"
finite_shot_end_to_end,1,0,0,0,1,-2.2,-1.2787240261820123,2000,10.965784284662087,14,theta_ell1_q3,3,1,3,global,0.0,30,0.0,-3.6598248576158454e-07,0.0,0.0,True,,inf,3.6598248576158454e-07,3.6598248576158454e-07,False,0.0,0.0,False,0,0,0,global,2000,2000,8,8,0,0,8,1,250,250.0,250.0,250,0,250,0,"sorted(block,parameter,shift,basis)"
finite_shot_end_to_end,1,0,0,0,1,-2.2,-1.2787240261820123,2000,10.965784284662087,28,theta_ell1_q1,1,1,1,global,0.0,30,0.0,1.069555820631951e-06,0.0,0.0,True,,inf,-1.069555820631951e-06,1.069555820631951e-06,False,0.0,0.0,False,0,0,0,global,2000,2000,8,8,0,0,8,1,250,250.0,250.0,250,0,250,0,"sorted(block,parameter,shift,basis)"
finite_shot_end_to_end,1,0,0,0,1,-2.2,-1.2787240261820123,2000,10.965784284662087,32,theta_ell1_q3,3,1,3,global,0.0,30,0.0,1.2993811984718384e-05,0.0,0.0,True,,inf,-1.2993811984718384e-05,1.2993811984718384e-05,False,0.0,0.0,False,0,0,0,global,2000,2000,8,8,0,0,8,1,250,250.0,250.0,250,0,250,0,"sorted(block,parameter,shift,basis)"
finite_shot_end_to_end,1,0,0,0,1,-2.2,-1.2787240261820123,2000,10.965784284662087,33,theta_ell1_q1,1,1,1,global,0.0,30,0.0,1.0018646894038863e-05,0.0,0.0,True,,inf,-1.0018646894038863e-05,1.0018646894038863e-05,False,0.0,0.0,False,0,0,0,global,2000,2000,8,8,0,0,8,1,250,250.0,250.0,250,0,250,0,"sorted(block,parameter,shift,basis)"
finite_shot_end_to_end,1,0,0,0,1,-2.2,-1.2787240261820123,2000,10.965784284662087,35,theta_ell1_q2,2,1,2,global,0.0,30,0.0,-5.472277340712317e-05,0.0,0.0,True,,inf,5.472277340712317e-05,5.472277340712317e-05,False,0.0,0.0,False,0,0,0,global,2000,2000,8,8,0,0,8,1,250,250.0,250.0,250,0,250,0,"sorted(block,parameter,shift,basis)"
finite_shot_end_to_end,1,0,0,0,2,-1.2000000000000002,-0.6974858324629158,250,7.965784284662087,7,theta_ell2_q2,6,2,2,global,0.0,30,0.0,-4.559257302405584e-05,0.0,0.0,True,,inf,4.559257302405584e-05,4.559257302405584e-05,False,0.0,0.0,False,0,0,0,global,250,250,17,16,1,8,8,1,14,14.705882352941176,15.0,15,0,14,12,"sorted(block,parameter,shift,basis)"
finite_shot_end_to_end,1,0,0,0,2,-1.2000000000000002,-0.6974858324629158,250,7.965784284662087,7,theta_ell2_q3,7,2,3,global,0.0,30,0.0,0.00021708449817192665,0.0,0.0,True,,inf,-0.00021708449817192665,0.00021708449817192665,False,0.0,0.0,False,0,0,0,global,250,250,17,16,1,8,8,1,14,14.705882352941176,15.0,15,0,14,12,"sorted(block,parameter,shift,basis)"
finite_shot_end_to_end,1,0,0,0,2,-1.2000000000000002,-0.6974858324629158,250,7.965784284662087,18,theta_ell2_q1,5,2,1,global,0.0,30,0.0,-0.00036258042300257864,0.0,0.0,True,,inf,0.00036258042300257864,0.00036258042300257864,False,0.0,0.0,False,0,0,0,global,250,250,17,16,1,8,8,1,14,14.705882352941176,15.0,15,0,14,12,"sorted(block,parameter,shift,basis)"
finite_shot_end_to_end,1,0,0,0,2,-1.2000000000000002,-0.6974858324629158,250,7.965784284662087,33,theta_ell2_q0,4,2,0,global,0.0,30,0.0,-0.00011039529178447083,0.0,0.0,True,,inf,0.00011039529178447083,0.00011039529178447083,False,0.0,0.0,False,0,0,0,global,250,250,17,16,1,8,8,1,14,14.705882352941176,15.0,15,0,14,12,"sorted(block,parameter,shift,basis)"
finite_shot_end_to_end,1,0,0,0,2,-1.2000000000000002,-0.6974858324629158,250,7.965784284662087,35,theta_ell2_q3,7,2,3,global,0.0,30,0.0,0.00242925984170983,0.0,0.0,True,,inf,-0.00242925984170983,0.00242925984170983,False,0.0,0.0,False,0,0,0,global,250,250,17,16,1,8,8,1,14,14.705882352941176,15.0,15,0,14,12,"sorted(block,parameter,shift,basis)"
finite_shot_end_to_end,1,0,0,0,2,-1.2000000000000002,-0.6974858324629158,250,7.965784284662087,36,theta_ell2_q0,4,2,0,global,0.0,30,0.0,-3.3744409283664734e-05,0.0,0.0,True,,inf,3.3744409283664734e-05,3.3744409283664734e-05,False,0.0,0.0,False,0,0,0,global,250,250,17,16,1,8,8,1,14,14.705882352941176,15.0,15,0,14,12,"sorted(block,parameter,shift,basis)"
finite_shot_end_to_end,1,0,0,0,2,-1.2000000000000002,-0.6974858324629158,250,7.965784284662087,36,theta_ell2_q2,6,2,2,global,0.0,30,0.0,2.1583496360166876e-05,0.0,0.0,True,,inf,-2.1583496360166876e-05,2.1583496360166876e-05,False,0.0,0.0,False,0,0,0,global,250,250,17,16,1,8,8,1,14,14.705882352941176,15.0,15,0,14,12,"sorted(block,parameter,shift,basis)"
finite_shot_end_to_end,1,0,0,0,2,-1.2000000000000002,-0.6974858324629158,250,7.965784284662087,36,theta_ell2_q3,7,2,3,global,0.0,30,0.0,1.0312172909254791e-05,0.0,0.0,True,,inf,-1.0312172909254791e-05,1.0312172909254791e-05,False,0.0,0.0,False,0,0,0,global,250,250,17,16,1,8,8,1,14,14.705882352941176,15.0,15,0,14,12,"sorted(block,parameter,shift,basis)"
finite_shot_end_to_end,1,0,0,0,2,-1.2000000000000002,-0.6974858324629158,250,7.965784284662087,38,theta_ell2_q1,5,2,1,global,0.0,30,0.0,2.690042111286317e-07,0.0,0.0,True,,inf,-2.690042111286317e-07,2.690042111286317e-07,False,0.0,0.0,False,0,0,0,global,250,250,17,16,1,8,8,1,14,14.705882352941176,15.0,15,0,14,12,"sorted(block,parameter,shift,basis)"
finite_shot_end_to_end,1,0,0,0,2,-1.2000000000000002,-0.6974858324629158,250,7.965784284662087,38,theta_ell2_q3,7,2,3,global,0.0,30,0.0,-2.455504526771568e-05,0.0,0.0,True,,inf,2.455504526771568e-05,2.455504526771568e-05,False,0.0,0.0,False,0,0,0,global,250,250,17,16,1,8,8,1,14,14.705882352941176,15.0,15,0,14,12,"sorted(block,parameter,shift,basis)"
finite_shot_end_to_end,1,0,0,0,2,-1.2000000000000002,-0.6974858324629158,250,7.965784284662087,39,theta_ell2_q0,4,2,0,global,0.0,30,0.0,2.141702161728709e-07,0.0,0.0,True,,inf,-2.141702161728709e-07,2.141702161728709e-07,False,0.0,0.0,False,0,0,0,global,250,250,17,16,1,8,8,1,14,14.705882352941176,15.0,15,0,14,12,"sorted(block,parameter,shift,basis)"
finite_shot_end_to_end,1,0,0,0,2,-1.2000000000000002,-0.6974858324629158,250,7.965784284662087,39,theta_ell2_q2,6,2,2,global,0.0,30,0.0,1.28168989310673e-08,0.0,0.0,True,,inf,-1.28168989310673e-08,1.28168989310673e-08,False,0.0,0.0,False,0,0,0,global,250,250,17,16,1,8,8,1,14,14.705882352941176,15.0,15,0,14,12,"sorted(block,parameter,shift,basis)"
finite_shot_end_to_end,1,0,0,0,2,-1.2000000000000002,-0.6974858324629158,250,7.965784284662087,45,theta_ell2_q0,4,2,0,global,0.0,30,0.0,0.00014364842029096492,0.0,0.0,True,,inf,-0.00014364842029096492,0.00014364842029096492,False,0.0,0.0,False,0,0,0,global,250,250,17,16,1,8,8,1,14,14.705882352941176,15.0,15,0,14,12,"sorted(block,parameter,shift,basis)"
finite_shot_end_to_end,1,0,0,0,2,-1.2000000000000002,-0.6974858324629158,250,7.965784284662087,45,theta_ell2_q1,5,2,1,global,0.0,30,0.0,0.001096624388117251,0.0,0.0,True,,inf,-0.001096624388117251,0.001096624388117251,False,0.0,0.0,False,0,0,0,global,250,250,17,16,1,8,8,1,14,14.705882352941176,15.0,15,0,14,12,"sorted(block,parameter,shift,basis)"
finite_shot_end_to_end,1,0,0,0,2,-1.2000000000000002,-0.6974858324629158,250,7.965784284662087,48,theta_ell2_q2,6,2,2,global,0.0,30,0.0,1.9472403931741766e-05,0.0,0.0,True,,inf,-1.9472403931741766e-05,1.9472403931741766e-05,False,0.0,0.0,False,0,0,0,global,250,250,17,16,1,8,8,1,14,14.705882352941176,15.0,15,0,14,12,"sorted(block,parameter,shift,basis)"
finite_shot_end_to_end,1,0,0,0,2,-1.2000000000000002,-0.6974858324629158,500,8.965784284662087,1,theta_ell2_q1,5,2,1,global,0.0,30,0.0,-2.4000334845564186e-05,0.0,0.0,True,,inf,2.4000334845564186e-05,2.4000334845564186e-05,False,0.0,0.0,False,0,0,0,global,500,500,17,16,1,8,8,1,29,29.41176470588235,29.0,30,0,29,7,"sorted(block,parameter,shift,basis)"
finite_shot_end_to_end,1,0,0,0,2,-1.2000000000000002,-0.6974858324629158,500,8.965784284662087,14,theta_ell2_q2,6,2,2,global,0.0,30,0.0,-0.00011281038820609712,0.0,0.0,True,,inf,0.00011281038820609712,0.00011281038820609712,False,0.0,0.0,False,0,0,0,global,500,500,17,16,1,8,8,1,29,29.41176470588235,29.0,30,0,29,7,"sorted(block,parameter,shift,basis)"
finite_shot_end_to_end,1,0,0,0,2,-1.2000000000000002,-0.6974858324629158,500,8.965784284662087,18,theta_ell2_q3,7,2,3,global,0.0,30,0.0,-9.508518829576262e-05,0.0,0.0,True,,inf,9.508518829576262e-05,9.508518829576262e-05,False,0.0,0.0,False,0,0,0,global,500,500,17,16,1,8,8,1,29,29.41176470588235,29.0,30,0,29,7,"sorted(block,parameter,shift,basis)"
finite_shot_end_to_end,1,0,0,0,2,-1.2000000000000002,-0.6974858324629158,500,8.965784284662087,34,theta_ell2_q1,5,2,1,global,0.0,30,0.0,0.0010872493741101996,0.0,0.0,True,,inf,-0.0010872493741101996,0.0010872493741101996,False,0.0,0.0,False,0,0,0,global,500,500,17,16,1,8,8,1,29,29.41176470588235,29.0,30,0,29,7,"sorted(block,parameter,shift,basis)"
finite_shot_end_to_end,1,0,0,0,2,-1.2000000000000002,-0.6974858324629158,500,8.965784284662087,36,theta_ell2_q1,5,2,1,global,0.0,30,0.0,5.341218756821364e-05,0.0,0.0,True,,inf,-5.341218756821364e-05,5.341218756821364e-05,False,0.0,0.0,False,0,0,0,global,500,500,17,16,1,8,8,1,29,29.41176470588235,29.0,30,0,29,7,"sorted(block,parameter,shift,basis)"
finite_shot_end_to_end,1,0,0,0,2,-1.2000000000000002,-0.6974858324629158,500,8.965784284662087,36,theta_ell2_q2,6,2,2,global,0.0,30,0.0,2.1583496360166876e-05,0.0,0.0,True,,inf,-2.1583496360166876e-05,2.1583496360166876e-05,False,0.0,0.0,False,0,0,0,global,500,500,17,16,1,8,8,1,29,29.41176470588235,29.0,30,0,29,7,"sorted(block,parameter,shift,basis)"
finite_shot_end_to_end,1,0,0,0,2,-1.2000000000000002,-0.6974858324629158,500,8.965784284662087,36,theta_ell2_q3,7,2,3,global,0.0,30,0.0,1.0312172909254791e-05,0.0,0.0,True,,inf,-1.0312172909254791e-05,1.0312172909254791e-05,False,0.0,0.0,False,0,0,0,global,500,500,17,16,1,8,8,1,29,29.41176470588235,29.0,30,0,29,7,"sorted(block,parameter,shift,basis)"
finite_shot_end_to_end,1,0,0,0,2,-1.2000000000000002,-0.6974858324629158,500,8.965784284662087,38,theta_ell2_q1,5,2,1,global,0.0,30,0.0,2.690042111286317e-07,0.0,0.0,True,,inf,-2.690042111286317e-07,2.690042111286317e-07,False,0.0,0.0,False,0,0,0,global,500,500,17,16,1,8,8,1,29,29.41176470588235,29.0,30,0,29,7,"sorted(block,parameter,shift,basis)"
finite_shot_end_to_end,1,0,0,0,2,-1.2000000000000002,-0.6974858324629158,500,8.965784284662087,38,theta_ell2_q3,7,2,3,global,0.0,30,0.0,-2.455504526771568e-05,0.0,0.0,True,,inf,2.455504526771568e-05,2.455504526771568e-05,False,0.0,0.0,False,0,0,0,global,500,500,17,16,1,8,8,1,29,29.41176470588235,29.0,30,0,29,7,"sorted(block,parameter,shift,basis)"
finite_shot_end_to_end,1,0,0,0,2,-1.2000000000000002,-0.6974858324629158,500,8.965784284662087,39,theta_ell2_q2,6,2,2,global,0.0,30,0.0,1.28168989310673e-08,0.0,0.0,True,,inf,-1.28168989310673e-08,1.28168989310673e-08,False,0.0,0.0,False,0,0,0,global,500,500,17,16,1,8,8,1,29,29.41176470588235,29.0,30,0,29,7,"sorted(block,parameter,shift,basis)"
finite_shot_end_to_end,1,0,0,0,2,-1.2000000000000002,-0.6974858324629158,500,8.965784284662087,45,theta_ell2_q0,4,2,0,global,0.0,30,0.0,0.00014364842029096492,0.0,0.0,True,,inf,-0.00014364842029096492,0.00014364842029096492,False,0.0,0.0,False,0,0,0,global,500,500,17,16,1,8,8,1,29,29.41176470588235,29.0,30,0,29,7,"sorted(block,parameter,shift,basis)"
finite_shot_end_to_end,1,0,0,0,2,-1.2000000000000002,-0.6974858324629158,500,8.965784284662087,48,theta_ell2_q0,4,2,0,global,0.0,30,0.0,-0.0001688049454856566,0.0,0.0,True,,inf,0.0001688049454856566,0.0001688049454856566,False,0.0,0.0,False,0,0,0,global,500,500,17,16,1,8,8,1,29,29.41176470588235,29.0,30,0,29,7,"sorted(block,parameter,shift,basis)"
finite_shot_end_to_end,1,0,0,0,2,-1.2000000000000002,-0.6974858324629158,1000,9.965784284662087,1,theta_ell2_q1,5,2,1,global,0.0,30,0.0,-2.4000334845564186e-05,0.0,0.0,True,,inf,2.4000334845564186e-05,2.4000334845564186e-05,False,0.0,0.0,False,0,0,0,global,1000,1000,17,16,1,8,8,1,58,58.8235294117647,59.0,59,0,58,14,"sorted(block,parameter,shift,basis)"
finite_shot_end_to_end,1,0,0,0,2,-1.2000000000000002,-0.6974858324629158,1000,9.965784284662087,7,theta_ell2_q3,7,2,3,global,0.0,30,0.0,0.00021708449817192665,0.0,0.0,True,,inf,-0.00021708449817192665,0.00021708449817192665,False,0.0,0.0,False,0,0,0,global,1000,1000,17,16,1,8,8,1,58,58.8235294117647,59.0,59,0,58,14,"sorted(block,parameter,shift,basis)"
finite_shot_end_to_end,1,0,0,0,2,-1.2000000000000002,-0.6974858324629158,1000,9.965784284662087,36,theta_ell2_q2,6,2,2,global,0.0,30,0.0,2.1583496360166876e-05,0.0,0.0,True,,inf,-2.1583496360166876e-05,2.1583496360166876e-05,False,0.0,0.0,False,0,0,0,global,1000,1000,17,16,1,8,8,1,58,58.8235294117647,59.0,59,0,58,14,"sorted(block,parameter,shift,basis)"
finite_shot_end_to_end,1,0,0,0,2,-1.2000000000000002,-0.6974858324629158,1000,9.965784284662087,36,theta_ell2_q3,7,2,3,global,0.0,30,0.0,1.0312172909254791e-05,0.0,0.0,True,,inf,-1.0312172909254791e-05,1.0312172909254791e-05,False,0.0,0.0,False,0,0,0,global,1000,1000,17,16,1,8,8,1,58,58.8235294117647,59.0,59,0,58,14,"sorted(block,parameter,shift,basis)"
finite_shot_end_to_end,1,0,0,0,2,-1.2000000000000002,-0.6974858324629158,1000,9.965784284662087,38,theta_ell2_q1,5,2,1,global,0.0,30,0.0,2.690042111286317e-07,0.0,0.0,True,,inf,-2.690042111286317e-07,2.690042111286317e-07,False,0.0,0.0,False,0,0,0,global,1000,1000,17,16,1,8,8,1,58,58.8235294117647,59.0,59,0,58,14,"sorted(block,parameter,shift,basis)"
finite_shot_end_to_end,1,0,0,0,2,-1.2000000000000002,-0.6974858324629158,1000,9.965784284662087,39,theta_ell2_q2,6,2,2,global,0.0,30,0.0,1.28168989310673e-08,0.0,0.0,True,,inf,-1.28168989310673e-08,1.28168989310673e-08,False,0.0,0.0,False,0,0,0,global,1000,1000,17,16,1,8,8,1,58,58.8235294117647,59.0,59,0,58,14,"sorted(block,parameter,shift,basis)"
finite_shot_end_to_end,1,0,0,0,2,-1.2000000000000002,-0.6974858324629158,1000,9.965784284662087,45,theta_ell2_q0,4,2,0,global,0.0,30,0.0,0.00014364842029096492,0.0,0.0,True,,inf,-0.00014364842029096492,0.00014364842029096492,False,0.0,0.0,False,0,0,0,global,1000,1000,17,16,1,8,8,1,58,58.8235294117647,59.0,59,0,58,14,"sorted(block,parameter,shift,basis)"
finite_shot_end_to_end,1,0,0,0,2,-1.2000000000000002,-0.6974858324629158,2000,10.965784284662087,33,theta_ell2_q0,4,2,0,global,0.0,30,0.0,-0.00011039529178447083,0.0,0.0,True,,inf,0.00011039529178447083,0.00011039529178447083,False,0.0,0.0,False,0,0,0,global,2000,2000,17,16,1,8,8,1,117,117.6470588235294,118.0,118,0,117,11,"sorted(block,parameter,shift,basis)"
finite_shot_end_to_end,1,0,0,0,2,-1.2000000000000002,-0.6974858324629158,2000,10.965784284662087,36,theta_ell2_q1,5,2,1,global,0.0,30,0.0,5.341218756821364e-05,0.0,0.0,True,,inf,-5.341218756821364e-05,5.341218756821364e-05,False,0.0,0.0,False,0,0,0,global,2000,2000,17,16,1,8,8,1,117,117.6470588235294,118.0,118,0,117,11,"sorted(block,parameter,shift,basis)"
finite_shot_end_to_end,1,0,0,0,2,-1.2000000000000002,-0.6974858324629158,2000,10.965784284662087,36,theta_ell2_q3,7,2,3,global,0.0,30,0.0,1.0312172909254791e-05,0.0,0.0,True,,inf,-1.0312172909254791e-05,1.0312172909254791e-05,False,0.0,0.0,False,0,0,0,global,2000,2000,17,16,1,8,8,1,117,117.6470588235294,118.0,118,0,117,11,"sorted(block,parameter,shift,basis)"
finite_shot_end_to_end,1,0,0,0,2,-1.2000000000000002,-0.6974858324629158,2000,10.965784284662087,38,theta_ell2_q1,5,2,1,global,0.0,30,0.0,2.690042111286317e-07,0.0,0.0,True,,inf,-2.690042111286317e-07,2.690042111286317e-07,False,0.0,0.0,False,0,0,0,global,2000,2000,17,16,1,8,8,1,117,117.6470588235294,118.0,118,0,117,11,"sorted(block,parameter,shift,basis)"
finite_shot_end_to_end,1,0,0,0,2,-1.2000000000000002,-0.6974858324629158,2000,10.965784284662087,39,theta_ell2_q2,6,2,2,global,0.0,30,0.0,1.28168989310673e-08,0.0,0.0,True,,inf,-1.28168989310673e-08,1.28168989310673e-08,False,0.0,0.0,False,0,0,0,global,2000,2000,17,16,1,8,8,1,117,117.6470588235294,118.0,118,0,117,11,"sorted(block,parameter,shift,basis)"
finite_shot_end_to_end,1,0,0,0,2,-1.2000000000000002,-0.6974858324629158,2000,10.965784284662087,45,theta_ell2_q0,4,2,0,global,0.0,30,0.0,0.00014364842029096492,0.0,0.0,True,,inf,-0.00014364842029096492,0.00014364842029096492,False,0.0,0.0,False,0,0,0,global,2000,2000,17,16,1,8,8,1,117,117.6470588235294,118.0,118,0,117,11,"sorted(block,parameter,shift,basis)"
finite_shot_end_to_end,1,0,0,0,3,-0.20000000000000018,-0.11624763874381938,250,7.965784284662087,5,theta_ell3_q0,8,3,0,global,0.0,30,0.0,-1.999603330749e-06,0.0,0.0,True,,inf,1.999603330749e-06,1.999603330749e-06,False,0.0,0.0,False,0,0,0,global,250,250,26,24,2,16,8,1,9,9.615384615384615,10.0,10,0,9,16,"sorted(block,parameter,shift,basis)"
finite_shot_end_to_end,1,0,0,0,3,-0.20000000000000018,-0.11624763874381938,250,7.965784284662087,24,theta_ell3_q0,8,3,0,global,0.0,30,0.0,0.0015530470857508805,0.0,0.0,True,,inf,-0.0015530470857508805,0.0015530470857508805,False,0.0,0.0,False,0,0,0,global,250,250,26,24,2,16,8,1,9,9.615384615384615,10.0,10,0,9,16,"sorted(block,parameter,shift,basis)"
finite_shot_end_to_end,1,0,0,0,3,-0.20000000000000018,-0.11624763874381938,250,7.965784284662087,28,theta_ell3_q0,8,3,0,global,0.0,30,0.0,0.0011522888787881547,0.0,0.0,True,,inf,-0.0011522888787881547,0.0011522888787881547,False,0.0,0.0,False,0,0,0,global,250,250,26,24,2,16,8,1,9,9.615384615384615,10.0,10,0,9,16,"sorted(block,parameter,shift,basis)"
finite_shot_end_to_end,1,0,0,0,3,-0.20000000000000018,-0.11624763874381938,250,7.965784284662087,28,theta_ell3_q3,11,3,3,global,0.0,30,0.0,-0.0001123585118021353,0.0,0.0,True,,inf,0.0001123585118021353,0.0001123585118021353,False,0.0,0.0,False,0,0,0,global,250,250,26,24,2,16,8,1,9,9.615384615384615,10.0,10,0,9,16,"sorted(block,parameter,shift,basis)"
finite_shot_end_to_end,1,0,0,0,3,-0.20000000000000018,-0.11624763874381938,250,7.965784284662087,29,theta_ell3_q2,10,3,2,global,0.0,30,0.0,5.562236509215612e-05,0.0,0.0,True,,inf,-5.562236509215612e-05,5.562236509215612e-05,False,0.0,0.0,False,0,0,0,global,250,250,26,24,2,16,8,1,9,9.615384615384615,10.0,10,0,9,16,"sorted(block,parameter,shift,basis)"
finite_shot_end_to_end,1,0,0,0,3,-0.20000000000000018,-0.11624763874381938,250,7.965784284662087,29,theta_ell3_q3,11,3,3,global,0.0,30,0.0,7.386579701390561e-05,0.0,0.0,True,,inf,-7.386579701390561e-05,7.386579701390561e-05,False,0.0,0.0,False,0,0,0,global,250,250,26,24,2,16,8,1,9,9.615384615384615,10.0,10,0,9,16,"sorted(block,parameter,shift,basis)"
finite_shot_end_to_end,1,0,0,0,3,-0.20000000000000018,-0.11624763874381938,250,7.965784284662087,33,theta_ell3_q0,8,3,0,global,0.0,30,0.0,0.0005224725205315583,0.0,0.0,True,,inf,-0.0005224725205315583,0.0005224725205315583,False,0.0,0.0,False,0,0,0,global,250,250,26,24,2,16,8,1,9,9.615384615384615,10.0,10,0,9,16,"sorted(block,parameter,shift,basis)"
finite_shot_end_to_end,1,0,0,0,3,-0.20000000000000018,-0.11624763874381938,250,7.965784284662087,35,theta_ell3_q2,10,3,2,global,0.0,30,0.0,-0.0005933279642595934,0.0,0.0,True,,inf,0.0005933279642595934,0.0005933279642595934,False,0.0,0.0,False,0,0,0,global,250,250,26,24,2,16,8,1,9,9.615384615384615,10.0,10,0,9,16,"sorted(block,parameter,shift,basis)"
finite_shot_end_to_end,1,0,0,0,3,-0.20000000000000018,-0.11624763874381938,250,7.965784284662087,35,theta_ell3_q3,11,3,3,global,0.0,30,0.0,-0.0002076967534980212,0.0,0.0,True,,inf,0.0002076967534980212,0.0002076967534980212,False,0.0,0.0,False,0,0,0,global,250,250,26,24,2,16,8,1,9,9.615384615384615,10.0,10,0,9,16,"sorted(block,parameter,shift,basis)"
finite_shot_end_to_end,1,0,0,0,3,-0.20000000000000018,-0.11624763874381938,250,7.965784284662087,42,theta_ell3_q2,10,3,2,global,0.0,30,0.0,0.0004264416001645843,0.0,0.0,True,,inf,-0.0004264416001645843,0.0004264416001645843,False,0.0,0.0,False,0,0,0,global,250,250,26,24,2,16,8,1,9,9.615384615384615,10.0,10,0,9,16,"sorted(block,parameter,shift,basis)"
finite_shot_end_to_end,1,0,0,0,3,-0.20000000000000018,-0.11624763874381938,250,7.965784284662087,42,theta_ell3_q3,11,3,3,global,0.0,30,0.0,0.0003174440092135189,0.0,0.0,True,,inf,-0.0003174440092135189,0.0003174440092135189,False,0.0,0.0,False,0,0,0,global,250,250,26,24,2,16,8,1,9,9.615384615384615,10.0,10,0,9,16,"sorted(block,parameter,shift,basis)"
finite_shot_end_to_end,1,0,0,0,3,-0.20000000000000018,-0.11624763874381938,250,7.965784284662087,48,theta_ell3_q2,10,3,2,global,0.0,30,0.0,5.924269198076537e-05,0.0,0.0,True,,inf,-5.924269198076537e-05,5.924269198076537e-05,False,0.0,0.0,False,0,0,0,global,250,250,26,24,2,16,8,1,9,9.615384615384615,10.0,10,0,9,16,"sorted(block,parameter,shift,basis)"
finite_shot_end_to_end,1,0,0,0,3,-0.20000000000000018,-0.11624763874381938,500,8.965784284662087,0,theta_ell3_q2,10,3,2,global,0.0,30,0.0,-0.0008007183325561273,0.0,0.0,True,,inf,0.0008007183325561273,0.0008007183325561273,False,0.0,0.0,False,0,0,0,global,500,500,26,24,2,16,8,1,19,19.23076923076923,19.0,20,0,19,6,"sorted(block,parameter,shift,basis)"
finite_shot_end_to_end,1,0,0,0,3,-0.20000000000000018,-0.11624763874381938,500,8.965784284662087,20,theta_ell3_q0,8,3,0,global,0.0,30,0.0,-0.003006020767667761,0.0,0.0,True,,inf,0.003006020767667761,0.003006020767667761,False,0.0,0.0,False,0,0,0,global,500,500,26,24,2,16,8,1,19,19.23076923076923,19.0,20,0,19,6,"sorted(block,parameter,shift,basis)"
finite_shot_end_to_end,1,0,0,0,3,-0.20000000000000018,-0.11624763874381938,500,8.965784284662087,28,theta_ell3_q3,11,3,3,global,0.0,30,0.0,-0.0001123585118021353,0.0,0.0,True,,inf,0.0001123585118021353,0.0001123585118021353,False,0.0,0.0,False,0,0,0,global,500,500,26,24,2,16,8,1,19,19.23076923076923,19.0,20,0,19,6,"sorted(block,parameter,shift,basis)"
finite_shot_end_to_end,1,0,0,0,3,-0.20000000000000018,-0.11624763874381938,500,8.965784284662087,29,theta_ell3_q0,8,3,0,global,0.0,30,0.0,3.8676452491948066e-05,0.0,0.0,True,,inf,-3.8676452491948066e-05,3.8676452491948066e-05,False,0.0,0.0,False,0,0,0,global,500,500,26,24,2,16,8,1,19,19.23076923076923,19.0,20,0,19,6,"sorted(block,parameter,shift,basis)"
finite_shot_end_to_end,1,0,0,0,3,-0.20000000000000018,-0.11624763874381938,500,8.965784284662087,29,theta_ell3_q2,10,3,2,global,0.0,30,0.0,5.562236509215612e-05,0.0,0.0,True,,inf,-5.562236509215612e-05,5.562236509215612e-05,False,0.0,0.0,False,0,0,0,global,500,500,26,24,2,16,8,1,19,19.23076923076923,19.0,20,0,19,6,"sorted(block,parameter,shift,basis)"
finite_shot_end_to_end,1,0,0,0,3,-0.20000000000000018,-0.11624763874381938,500,8.965784284662087,29,theta_ell3_q3,11,3,3,global,0.0,30,0.0,7.386579701390561e-05,0.0,0.0,True,,inf,-7.386579701390561e-05,7.386579701390561e-05,False,0.0,0.0,False,0,0,0,global,500,500,26,24,2,16,8,1,19,19.23076923076923,19.0,20,0,19,6,"sorted(block,parameter,shift,basis)"
finite_shot_end_to_end,1,0,0,0,3,-0.20000000000000018,-0.11624763874381938,500,8.965784284662087,35,theta_ell3_q0,8,3,0,global,0.0,30,0.0,0.0002314067506500872,0.0,0.0,True,,inf,-0.0002314067506500872,0.0002314067506500872,False,0.0,0.0,False,0,0,0,global,500,500,26,24,2,16,8,1,19,19.23076923076923,19.0,20,0,19,6,"sorted(block,parameter,shift,basis)"
finite_shot_end_to_end,1,0,0,0,3,-0.20000000000000018,-0.11624763874381938,500,8.965784284662087,35,theta_ell3_q3,11,3,3,global,0.0,30,0.0,-0.0002076967534980212,0.0,0.0,True,,inf,0.0002076967534980212,0.0002076967534980212,False,0.0,0.0,False,0,0,0,global,500,500,26,24,2,16,8,1,19,19.23076923076923,19.0,20,0,19,6,"sorted(block,parameter,shift,basis)"
finite_shot_end_to_end,1,0,0,0,3,-0.20000000000000018,-0.11624763874381938,500,8.965784284662087,42,theta_ell3_q3,11,3,3,global,0.0,30,0.0,0.0003174440092135189,0.0,0.0,True,,inf,-0.0003174440092135189,0.0003174440092135189,False,0.0,0.0,False,0,0,0,global,500,500,26,24,2,16,8,1,19,19.23076923076923,19.0,20,0,19,6,"sorted(block,parameter,shift,basis)"
finite_shot_end_to_end,1,0,0,0,3,-0.20000000000000018,-0.11624763874381938,1000,9.965784284662087,5,theta_ell3_q0,8,3,0,global,0.0,30,0.0,-1.999603330749e-06,0.0,0.0,True,,inf,1.999603330749e-06,1.999603330749e-06,False,0.0,0.0,False,0,0,0,global,1000,1000,26,24,2,16,8,1,38,38.46153846153846,38.0,39,0,38,12,"sorted(block,parameter,shift,basis)"
finite_shot_end_to_end,1,0,0,0,3,-0.20000000000000018,-0.11624763874381938,1000,9.965784284662087,5,theta_ell3_q3,11,3,3,global,0.0,30,0.0,2.8591484756423924e-06,0.0,0.0,True,,inf,-2.8591484756423924e-06,2.8591484756423924e-06,False,0.0,0.0,False,0,0,0,global,1000,1000,26,24,2,16,8,1,38,38.46153846153846,38.0,39,0,38,12,"sorted(block,parameter,shift,basis)"
finite_shot_end_to_end,1,0,0,0,3,-0.20000000000000018,-0.11624763874381938,1000,9.965784284662087,20,theta_ell3_q2,10,3,2,global,0.0,30,0.0,-1.5058295447289982e-05,0.0,0.0,True,,inf,1.5058295447289982e-05,1.5058295447289982e-05,False,0.0,0.0,False,0,0,0,global,1000,1000,26,24,2,16,8,1,38,38.46153846153846,38.0,39,0,38,12,"sorted(block,parameter,shift,basis)"
finite_shot_end_to_end,1,0,0,0,3,-0.20000000000000018,-0.11624763874381938,1000,9.965784284662087,28,theta_ell3_q3,11,3,3,global,0.0,30,0.0,-0.0001123585118021353,0.0,0.0,True,,inf,0.0001123585118021353,0.0001123585118021353,False,0.0,0.0,False,0,0,0,global,1000,1000,26,24,2,16,8,1,38,38.46153846153846,38.0,39,0,38,12,"sorted(block,parameter,shift,basis)"
finite_shot_end_to_end,1,0,0,0,3,-0.20000000000000018,-0.11624763874381938,1000,9.965784284662087,29,theta_ell3_q2,10,3,2,global,0.0,30,0.0,5.562236509215612e-05,0.0,0.0,True,,inf,-5.562236509215612e-05,5.562236509215612e-05,False,0.0,0.0,False,0,0,0,global,1000,1000,26,24,2,16,8,1,38,38.46153846153846,38.0,39,0,38,12,"sorted(block,parameter,shift,basis)"
finite_shot_end_to_end,1,0,0,0,3,-0.20000000000000018,-0.11624763874381938,1000,9.965784284662087,29,theta_ell3_q3,11,3,3,global,0.0,30,0.0,7.386579701390561e-05,0.0,0.0,True,,inf,-7.386579701390561e-05,7.386579701390561e-05,False,0.0,0.0,False,0,0,0,global,1000,1000,26,24,2,16,8,1,38,38.46153846153846,38.0,39,0,38,12,"sorted(block,parameter,shift,basis)"
finite_shot_end_to_end,1,0,0,0,3,-0.20000000000000018,-0.11624763874381938,1000,9.965784284662087,35,theta_ell3_q3,11,3,3,global,0.0,30,0.0,-0.0002076967534980212,0.0,0.0,True,,inf,0.0002076967534980212,0.0002076967534980212,False,0.0,0.0,False,0,0,0,global,1000,1000,26,24,2,16,8,1,38,38.46153846153846,38.0,39,0,38,12,"sorted(block,parameter,shift,basis)"
finite_shot_end_to_end,1,0,0,0,3,-0.20000000000000018,-0.11624763874381938,1000,9.965784284662087,48,theta_ell3_q2,10,3,2,global,0.0,30,0.0,5.924269198076537e-05,0.0,0.0,True,,inf,-5.924269198076537e-05,5.924269198076537e-05,False,0.0,0.0,False,0,0,0,global,1000,1000,26,24,2,16,8,1,38,38.46153846153846,38.0,39,0,38,12,"sorted(block,parameter,shift,basis)"
finite_shot_end_to_end,1,0,0,0,3,-0.20000000000000018,-0.11624763874381938,2000,10.965784284662087,42,theta_ell3_q1,9,3,1,global,0.0,30,0.0,0.00015665677451004445,0.0,0.0,True,,inf,-0.00015665677451004445,0.00015665677451004445,False,0.0,0.0,False,0,0,0,global,2000,2000,26,24,2,16,8,1,76,76.92307692307692,77.0,77,0,76,24,"sorted(block,parameter,shift,basis)"
finite_shot_end_to_end,1,0,0,0,3,-0.20000000000000018,-0.11624763874381938,2000,10.965784284662087,42,theta_ell3_q3,11,3,3,global,0.0,30,0.0,0.0003174440092135189,0.0,0.0,True,,inf,-0.0003174440092135189,0.0003174440092135189,False,0.0,0.0,False,0,0,0,global,2000,2000,26,24,2,16,8,1,76,76.92307692307692,77.0,77,0,76,24,"sorted(block,parameter,shift,basis)"
finite_shot_end_to_end,1,0,0,0,3,-0.20000000000000018,-0.11624763874381938,2000,10.965784284662087,48,theta_ell3_q0,8,3,0,global,0.0,30,0.0,-0.000645222838596915,0.0,0.0,True,,inf,0.000645222838596915,0.000645222838596915,False,0.0,0.0,False,0,0,0,global,2000,2000,26,24,2,16,8,1,76,76.92307692307692,77.0,77,0,76,24,"sorted(block,parameter,shift,basis)"
finite_shot_end_to_end,1,0,0,0,4,0.7999999999999998,0.464990554975277,250,7.965784284662087,2,theta_ell4_q2,14,4,2,global,0.0,30,0.0,-0.0011141283884787967,0.0,0.0,True,,inf,0.0011141283884787967,0.0011141283884787967,False,0.0,0.0,False,0,0,0,global,250,250,35,32,3,24,8,1,7,7.142857142857143,7.0,8,0,7,5,"sorted(block,parameter,shift,basis)"
finite_shot_end_to_end,1,0,0,0,4,0.7999999999999998,0.464990554975277,250,7.965784284662087,11,theta_ell4_q0,12,4,0,global,0.0,30,0.0,0.0006246903823114991,0.0,0.0,True,,inf,-0.0006246903823114991,0.0006246903823114991,False,0.0,0.0,False,0,0,0,global,250,250,35,32,3,24,8,1,7,7.142857142857143,7.0,8,0,7,5,"sorted(block,parameter,shift,basis)"
finite_shot_end_to_end,1,0,0,0,4,0.7999999999999998,0.464990554975277,250,7.965784284662087,14,theta_ell4_q0,12,4,0,global,0.0,30,0.0,1.8090742948118077e-07,0.0,0.0,True,,inf,-1.8090742948118077e-07,1.8090742948118077e-07,False,0.0,0.0,False,0,0,0,global,250,250,35,32,3,24,8,1,7,7.142857142857143,7.0,8,0,7,5,"sorted(block,parameter,shift,basis)"
finite_shot_end_to_end,1,0,0,0,4,0.7999999999999998,0.464990554975277,250,7.965784284662087,14,theta_ell4_q1,13,4,1,global,0.0,30,0.0,-1.7971011145867521e-07,0.0,0.0,True,,inf,1.7971011145867521e-07,1.7971011145867521e-07,False,0.0,0.0,False,0,0,0,global,250,250,35,32,3,24,8,1,7,7.142857142857143,7.0,8,0,7,5,"sorted(block,parameter,shift,basis)"
finite_shot_end_to_end,1,0,0,0,4,0.7999999999999998,0.464990554975277,250,7.965784284662087,19,theta_ell4_q2,14,4,2,global,0.0,30,0.0,-4.1469638359770133e-05,0.0,0.0,True,,inf,4.1469638359770133e-05,4.1469638359770133e-05,False,0.0,0.0,False,0,0,0,global,250,250,35,32,3,24,8,1,7,7.142857142857143,7.0,8,0,7,5,"sorted(block,parameter,shift,basis)"
finite_shot_end_to_end,1,0,0,0,4,0.7999999999999998,0.464990554975277,250,7.965784284662087,19,theta_ell4_q3,15,4,3,global,0.0,30,0.0,0.00013875894749748596,0.0,0.0,True,,inf,-0.00013875894749748596,0.00013875894749748596,False,0.0,0.0,False,0,0,0,global,250,250,35,32,3,24,8,1,7,7.142857142857143,7.0,8,0,7,5,"sorted(block,parameter,shift,basis)"
finite_shot_end_to_end,1,0,0,0,4,0.7999999999999998,0.464990554975277,250,7.965784284662087,23,theta_ell4_q0,12,4,0,global,0.0,30,0.0,-0.0005645403533561244,0.0,0.0,True,,inf,0.0005645403533561244,0.0005645403533561244,False,0.0,0.0,False,0,0,0,global,250,250,35,32,3,24,8,1,7,7.142857142857143,7.0,8,0,7,5,"sorted(block,parameter,shift,basis)"
finite_shot_end_to_end,1,0,0,0,4,0.7999999999999998,0.464990554975277,250,7.965784284662087,23,theta_ell4_q3,15,4,3,global,0.0,30,0.0,-0.0019344140689759315,0.0,0.0,True,,inf,0.0019344140689759315,0.0019344140689759315,False,0.0,0.0,False,0,0,0,global,250,250,35,32,3,24,8,1,7,7.142857142857143,7.0,8,0,7,5,"sorted(block,parameter,shift,basis)"
finite_shot_end_to_end,1,0,0,0,4,0.7999999999999998,0.464990554975277,250,7.965784284662087,26,theta_ell4_q3,15,4,3,global,0.0,30,0.0,0.000762680414517547,0.0,0.0,True,,inf,-0.000762680414517547,0.000762680414517547,False,0.0,0.0,False,0,0,0,global,250,250,35,32,3,24,8,1,7,7.142857142857143,7.0,8,0,7,5,"sorted(block,parameter,shift,basis)"
finite_shot_end_to_end,1,0,0,0,4,0.7999999999999998,0.464990554975277,250,7.965784284662087,28,theta_ell4_q1,13,4,1,global,0.0,30,0.0,-1.9202197831358347e-05,0.0,0.0,True,,inf,1.9202197831358347e-05,1.9202197831358347e-05,False,0.0,0.0,False,0,0,0,global,250,250,35,32,3,24,8,1,7,7.142857142857143,7.0,8,0,7,5,"sorted(block,parameter,shift,basis)"
finite_shot_end_to_end,1,0,0,0,4,0.7999999999999998,0.464990554975277,250,7.965784284662087,29,theta_ell4_q0,12,4,0,global,0.0,30,0.0,0.0017766753878846742,0.0,0.0,True,,inf,-0.0017766753878846742,0.0017766753878846742,False,0.0,0.0,False,0,0,0,global,250,250,35,32,3,24,8,1,7,7.142857142857143,7.0,8,0,7,5,"sorted(block,parameter,shift,basis)"
finite_shot_end_to_end,1,0,0,0,4,0.7999999999999998,0.464990554975277,250,7.965784284662087,29,theta_ell4_q2,14,4,2,global,0.0,30,0.0,-0.0010495600921886505,0.0,0.0,True,,inf,0.0010495600921886505,0.0010495600921886505,False,0.0,0.0,False,0,0,0,global,250,250,35,32,3,24,8,1,7,7.142857142857143,7.0,8,0,7,5,"sorted(block,parameter,shift,basis)"
finite_shot_end_to_end,1,0,0,0,4,0.7999999999999998,0.464990554975277,250,7.965784284662087,29,theta_ell4_q3,15,4,3,global,0.0,30,0.0,-0.0008110170638898073,0.0,0.0,True,,inf,0.0008110170638898073,0.0008110170638898073,False,0.0,0.0,False,0,0,0,global,250,250,35,32,3,24,8,1,7,7.142857142857143,7.0,8,0,7,5,"sorted(block,parameter,shift,basis)"
finite_shot_end_to_end,1,0,0,0,4,0.7999999999999998,0.464990554975277,250,7.965784284662087,30,theta_ell4_q1,13,4,1,global,0.0,30,0.0,-0.0020871642463008433,0.0,0.0,True,,inf,0.0020871642463008433,0.0020871642463008433,False,0.0,0.0,False,0,0,0,global,250,250,35,32,3,24,8,1,7,7.142857142857143,7.0,8,0,7,5,"sorted(block,parameter,shift,basis)"
finite_shot_end_to_end,1,0,0,0,4,0.7999999999999998,0.464990554975277,250,7.965784284662087,30,theta_ell4_q2,14,4,2,global,0.0,30,0.0,-0.0016740771809766186,0.0,0.0,True,,inf,0.0016740771809766186,0.0016740771809766186,False,0.0,0.0,False,0,0,0,global,250,250,35,32,3,24,8,1,7,7.142857142857143,7.0,8,0,7,5,"sorted(block,parameter,shift,basis)"
finite_shot_end_to_end,1,0,0,0,4,0.7999999999999998,0.464990554975277,250,7.965784284662087,36,theta_ell4_q3,15,4,3,global,0.0,30,0.0,-1.552112566505226e-05,0.0,0.0,True,,inf,1.552112566505226e-05,1.552112566505226e-05,False,0.0,0.0,False,0,0,0,global,250,250,35,32,3,24,8,1,7,7.142857142857143,7.0,8,0,7,5,"sorted(block,parameter,shift,basis)"
finite_shot_end_to_end,1,0,0,0,4,0.7999999999999998,0.464990554975277,250,7.965784284662087,37,theta_ell4_q1,13,4,1,global,0.0,30,0.0,0.002625779194659006,0.0,0.0,True,,inf,-0.002625779194659006,0.002625779194659006,False,0.0,0.0,False,0,0,0,global,250,250,35,32,3,24,8,1,7,7.142857142857143,7.0,8,0,7,5,"sorted(block,parameter,shift,basis)"
finite_shot_end_to_end,1,0,0,0,4,0.7999999999999998,0.464990554975277,250,7.965784284662087,45,theta_ell4_q0,12,4,0,global,0.0,30,0.0,-0.0005167270834194326,0.0,0.0,True,,inf,0.0005167270834194326,0.0005167270834194326,False,0.0,0.0,False,0,0,0,global,250,250,35,32,3,24,8,1,7,7.142857142857143,7.0,8,0,7,5,"sorted(block,parameter,shift,basis)"
finite_shot_end_to_end,1,0,0,0,4,0.7999999999999998,0.464990554975277,250,7.965784284662087,48,theta_ell2_q1,5,2,1,global,0.0,30,0.0,-5.612249989620858e-06,0.0,0.0,True,,inf,5.612249989620858e-06,5.612249989620858e-06,False,0.0,0.0,False,0,0,0,global,250,250,35,32,3,24,8,1,7,7.142857142857143,7.0,8,0,7,5,"sorted(block,parameter,shift,basis)"
finite_shot_end_to_end,1,0,0,0,4,0.7999999999999998,0.464990554975277,250,7.965784284662087,48,theta_ell4_q1,13,4,1,global,0.0,30,0.0,1.6255776980056424e-07,0.0,0.0,True,,inf,-1.6255776980056424e-07,1.6255776980056424e-07,False,0.0,0.0,False,0,0,0,global,250,250,35,32,3,24,8,1,7,7.142857142857143,7.0,8,0,7,5,"sorted(block,parameter,shift,basis)"
finite_shot_end_to_end,1,0,0,0,4,0.7999999999999998,0.464990554975277,250,7.965784284662087,48,theta_ell4_q2,14,4,2,global,0.0,30,0.0,5.852349475088392e-06,0.0,0.0,True,,inf,-5.852349475088392e-06,5.852349475088392e-06,False,0.0,0.0,False,0,0,0,global,250,250,35,32,3,24,8,1,7,7.142857142857143,7.0,8,0,7,5,"sorted(block,parameter,shift,basis)"
finite_shot_end_to_end,1,0,0,0,4,0.7999999999999998,0.464990554975277,250,7.965784284662087,48,theta_ell4_q3,15,4,3,global,0.0,30,0.0,9.785176948162722e-07,0.0,0.0,True,,inf,-9.785176948162722e-07,9.785176948162722e-07,False,0.0,0.0,False,0,0,0,global,250,250,35,32,3,24,8,1,7,7.142857142857143,7.0,8,0,7,5,"sorted(block,parameter,shift,basis)"
finite_shot_end_to_end,1,0,0,0,4,0.7999999999999998,0.464990554975277,500,8.965784284662087,11,theta_ell4_q0,12,4,0,global,0.0,30,0.0,0.0006246903823114991,0.0,0.0,True,,inf,-0.0006246903823114991,0.0006246903823114991,False,0.0,0.0,False,0,0,0,global,500,500,35,32,3,24,8,1,14,14.285714285714286,14.0,15,0,14,10,"sorted(block,parameter,shift,basis)"
finite_shot_end_to_end,1,0,0,0,4,0.7999999999999998,0.464990554975277,500,8.965784284662087,11,theta_ell4_q3,15,4,3,global,0.0,30,0.0,0.0010004275395859574,0.0,0.0,True,,inf,-0.0010004275395859574,0.0010004275395859574,False,0.0,0.0,False,0,0,0,global,500,500,35,32,3,24,8,1,14,14.285714285714286,14.0,15,0,14,10,"sorted(block,parameter,shift,basis)"
finite_shot_end_to_end,1,0,0,0,4,0.7999999999999998,0.464990554975277,500,8.965784284662087,14,theta_ell4_q0,12,4,0,global,0.0,30,0.0,1.8090742948118077e-07,0.0,0.0,True,,inf,-1.8090742948118077e-07,1.8090742948118077e-07,False,0.0,0.0,False,0,0,0,global,500,500,35,32,3,24,8,1,14,14.285714285714286,14.0,15,0,14,10,"sorted(block,parameter,shift,basis)"
finite_shot_end_to_end,1,0,0,0,4,0.7999999999999998,0.464990554975277,500,8.965784284662087,14,theta_ell4_q1,13,4,1,global,0.0,30,0.0,-1.7971011145867521e-07,0.0,0.0,True,,inf,1.7971011145867521e-07,1.7971011145867521e-07,False,0.0,0.0,False,0,0,0,global,500,500,35,32,3,24,8,1,14,14.285714285714286,14.0,15,0,14,10,"sorted(block,parameter,shift,basis)"
finite_shot_end_to_end,1,0,0,0,4,0.7999999999999998,0.464990554975277,500,8.965784284662087,14,theta_ell4_q3,15,4,3,global,0.0,30,0.0,1.5683822235379452e-07,0.0,0.0,True,,inf,-1.5683822235379452e-07,1.5683822235379452e-07,False,0.0,0.0,False,0,0,0,global,500,500,35,32,3,24,8,1,14,14.285714285714286,14.0,15,0,14,10,"sorted(block,parameter,shift,basis)"
finite_shot_end_to_end,1,0,0,0,4,0.7999999999999998,0.464990554975277,500,8.965784284662087,24,theta_ell4_q1,13,4,1,global,0.0,30,0.0,0.00022730235273493715,0.0,0.0,True,,inf,-0.00022730235273493715,0.00022730235273493715,False,0.0,0.0,False,0,0,0,global,500,500,35,32,3,24,8,1,14,14.285714285714286,14.0,15,0,14,10,"sorted(block,parameter,shift,basis)"
finite_shot_end_to_end,1,0,0,0,4,0.7999999999999998,0.464990554975277,500,8.965784284662087,28,theta_ell4_q1,13,4,1,global,0.0,30,0.0,-1.9202197831358347e-05,0.0,0.0,True,,inf,1.9202197831358347e-05,1.9202197831358347e-05,False,0.0,0.0,False,0,0,0,global,500,500,35,32,3,24,8,1,14,14.285714285714286,14.0,15,0,14,10,"sorted(block,parameter,shift,basis)"
finite_shot_end_to_end,1,0,0,0,4,0.7999999999999998,0.464990554975277,500,8.965784284662087,30,theta_ell4_q1,13,4,1,global,0.0,30,0.0,-0.0020871642463008433,0.0,0.0,True,,inf,0.0020871642463008433,0.0020871642463008433,False,0.0,0.0,False,0,0,0,global,500,500,35,32,3,24,8,1,14,14.285714285714286,14.0,15,0,14,10,"sorted(block,parameter,shift,basis)"
finite_shot_end_to_end,1,0,0,0,4,0.7999999999999998,0.464990554975277,500,8.965784284662087,30,theta_ell4_q2,14,4,2,global,0.0,30,0.0,-0.0016740771809766186,0.0,0.0,True,,inf,0.0016740771809766186,0.0016740771809766186,False,0.0,0.0,False,0,0,0,global,500,500,35,32,3,24,8,1,14,14.285714285714286,14.0,15,0,14,10,"sorted(block,parameter,shift,basis)"
finite_shot_end_to_end,1,0,0,0,4,0.7999999999999998,0.464990554975277,500,8.965784284662087,36,theta_ell4_q3,15,4,3,global,0.0,30,0.0,-1.552112566505226e-05,0.0,0.0,True,,inf,1.552112566505226e-05,1.552112566505226e-05,False,0.0,0.0,False,0,0,0,global,500,500,35,32,3,24,8,1,14,14.285714285714286,14.0,15,0,14,10,"sorted(block,parameter,shift,basis)"
finite_shot_end_to_end,1,0,0,0,4,0.7999999999999998,0.464990554975277,500,8.965784284662087,42,theta_ell4_q0,12,4,0,global,0.0,30,0.0,0.0014894875589516188,0.0,0.0,True,,inf,-0.0014894875589516188,0.0014894875589516188,False,0.0,0.0,False,0,0,0,global,500,500,35,32,3,24,8,1,14,14.285714285714286,14.0,15,0,14,10,"sorted(block,parameter,shift,basis)"
finite_shot_end_to_end,1,0,0,0,4,0.7999999999999998,0.464990554975277,500,8.965784284662087,44,theta_ell4_q3,15,4,3,global,0.0,30,0.0,0.0009122171687876435,0.0,0.0,True,,inf,-0.0009122171687876435,0.0009122171687876435,False,0.0,0.0,False,0,0,0,global,500,500,35,32,3,24,8,1,14,14.285714285714286,14.0,15,0,14,10,"sorted(block,parameter,shift,basis)"
finite_shot_end_to_end,1,0,0,0,4,0.7999999999999998,0.464990554975277,500,8.965784284662087,48,theta_ell4_q2,14,4,2,global,0.0,30,0.0,5.852349475088392e-06,0.0,0.0,True,,inf,-5.852349475088392e-06,5.852349475088392e-06,False,0.0,0.0,False,0,0,0,global,500,500,35,32,3,24,8,1,14,14.285714285714286,14.0,15,0,14,10,"sorted(block,parameter,shift,basis)"
finite_shot_end_to_end,1,0,0,0,4,0.7999999999999998,0.464990554975277,500,8.965784284662087,48,theta_ell4_q3,15,4,3,global,0.0,30,0.0,9.785176948162722e-07,0.0,0.0,True,,inf,-9.785176948162722e-07,9.785176948162722e-07,False,0.0,0.0,False,0,0,0,global,500,500,35,32,3,24,8,1,14,14.285714285714286,14.0,15,0,14,10,"sorted(block,parameter,shift,basis)"
finite_shot_end_to_end,1,0,0,0,4,0.7999999999999998,0.464990554975277,1000,9.965784284662087,2,theta_ell4_q1,13,4,1,global,0.0,30,0.0,0.0002595682046264147,0.0,0.0,True,,inf,-0.0002595682046264147,0.0002595682046264147,False,0.0,0.0,False,0,0,0,global,1000,1000,35,32,3,24,8,1,28,28.571428571428573,29.0,29,0,28,20,"sorted(block,parameter,shift,basis)"
finite_shot_end_to_end,1,0,0,0,4,0.7999999999999998,0.464990554975277,1000,9.965784284662087,11,theta_ell4_q2,14,4,2,global,0.0,30,0.0,-0.001545411919626316,0.0,0.0,True,,inf,0.001545411919626316,0.001545411919626316,False,0.0,0.0,False,0,0,0,global,1000,1000,35,32,3,24,8,1,28,28.571428571428573,29.0,29,0,28,20,"sorted(block,parameter,shift,basis)"
finite_shot_end_to_end,1,0,0,0,4,0.7999999999999998,0.464990554975277,1000,9.965784284662087,14,theta_ell4_q0,12,4,0,global,0.0,30,0.0,1.8090742948118077e-07,0.0,0.0,True,,inf,-1.8090742948118077e-07,1.8090742948118077e-07,False,0.0,0.0,False,0,0,0,global,1000,1000,35,32,3,24,8,1,28,28.571428571428573,29.0,29,0,28,20,"sorted(block,parameter,shift,basis)"
finite_shot_end_to_end,1,0,0,0,4,0.7999999999999998,0.464990554975277,1000,9.965784284662087,23,theta_ell4_q0,12,4,0,global,0.0,30,0.0,-0.0005645403533561244,0.0,0.0,True,,inf,0.0005645403533561244,0.0005645403533561244,False,0.0,0.0,False,0,0,0,global,1000,1000,35,32,3,24,8,1,28,28.571428571428573,29.0,29,0,28,20,"sorted(block,parameter,shift,basis)"
finite_shot_end_to_end,1,0,0,0,4,0.7999999999999998,0.464990554975277,1000,9.965784284662087,36,theta_ell4_q3,15,4,3,global,0.0,30,0.0,-1.552112566505226e-05,0.0,0.0,True,,inf,1.552112566505226e-05,1.552112566505226e-05,False,0.0,0.0,False,0,0,0,global,1000,1000,35,32,3,24,8,1,28,28.571428571428573,29.0,29,0,28,20,"sorted(block,parameter,shift,basis)"
finite_shot_end_to_end,1,0,0,0,4,0.7999999999999998,0.464990554975277,1000,9.965784284662087,48,theta_ell4_q2,14,4,2,global,0.0,30,0.0,5.852349475088392e-06,0.0,0.0,True,,inf,-5.852349475088392e-06,5.852349475088392e-06,False,0.0,0.0,False,0,0,0,global,1000,1000,35,32,3,24,8,1,28,28.571428571428573,29.0,29,0,28,20,"sorted(block,parameter,shift,basis)"
finite_shot_end_to_end,1,0,0,0,4,0.7999999999999998,0.464990554975277,1000,9.965784284662087,48,theta_ell4_q3,15,4,3,global,0.0,30,0.0,9.785176948162722e-07,0.0,0.0,True,,inf,-9.785176948162722e-07,9.785176948162722e-07,False,0.0,0.0,False,0,0,0,global,1000,1000,35,32,3,24,8,1,28,28.571428571428573,29.0,29,0,28,20,"sorted(block,parameter,shift,basis)"
finite_shot_end_to_end,1,0,0,0,4,0.7999999999999998,0.464990554975277,2000,10.965784284662087,14,theta_ell4_q0,12,4,0,global,0.0,30,0.0,1.8090742948118077e-07,0.0,0.0,True,,inf,-1.8090742948118077e-07,1.8090742948118077e-07,False,0.0,0.0,False,0,0,0,global,2000,2000,35,32,3,24,8,1,57,57.142857142857146,57.0,58,0,57,5,"sorted(block,parameter,shift,basis)"
finite_shot_end_to_end,1,0,0,0,4,0.7999999999999998,0.464990554975277,2000,10.965784284662087,14,theta_ell4_q1,13,4,1,global,0.0,30,0.0,-1.7971011145867521e-07,0.0,0.0,True,,inf,1.7971011145867521e-07,1.7971011145867521e-07,False,0.0,0.0,False,0,0,0,global,2000,2000,35,32,3,24,8,1,57,57.142857142857146,57.0,58,0,57,5,"sorted(block,parameter,shift,basis)"
finite_shot_end_to_end,1,0,0,0,4,0.7999999999999998,0.464990554975277,2000,10.965784284662087,14,theta_ell4_q2,14,4,2,global,0.0,30,0.0,7.699115200932027e-08,0.0,0.0,True,,inf,-7.699115200932027e-08,7.699115200932027e-08,False,0.0,0.0,False,0,0,0,global,2000,2000,35,32,3,24,8,1,57,57.142857142857146,57.0,58,0,57,5,"sorted(block,parameter,shift,basis)"
finite_shot_end_to_end,1,0,0,0,4,0.7999999999999998,0.464990554975277,2000,10.965784284662087,36,theta_ell4_q3,15,4,3,global,0.0,30,0.0,-1.552112566505226e-05,0.0,0.0,True,,inf,1.552112566505226e-05,1.552112566505226e-05,False,0.0,0.0,False,0,0,0,global,2000,2000,35,32,3,24,8,1,57,57.142857142857146,57.0,58,0,57,5,"sorted(block,parameter,shift,basis)"
finite_shot_end_to_end,1,0,0,0,4,0.7999999999999998,0.464990554975277,2000,10.965784284662087,48,theta_ell4_q3,15,4,3,global,0.0,30,0.0,9.785176948162722e-07,0.0,0.0,True,,inf,-9.785176948162722e-07,9.785176948162722e-07,False,0.0,0.0,False,0,0,0,global,2000,2000,35,32,3,24,8,1,57,57.142857142857146,57.0,58,0,57,5,"sorted(block,parameter,shift,basis)"
finite_shot_end_to_end,1,0,0,0,6,2.8,1.6274669424134698,250,7.965784284662087,0,theta_ell6_q3,23,6,3,global,0.0,30,0.0,0.007588548324872324,0.0,0.0,True,,inf,-0.007588548324872324,0.007588548324872324,False,0.0,0.0,False,0,0,0,global,250,250,53,48,5,40,8,1,4,4.716981132075472,5.0,5,0,4,38,"sorted(block,parameter,shift,basis)"
finite_shot_end_to_end,1,0,0,0,6,2.8,1.6274669424134698,250,7.965784284662087,4,theta_ell6_q1,21,6,1,global,0.0,30,0.0,-0.00013408990598673398,0.0,0.0,True,,inf,0.00013408990598673398,0.00013408990598673398,False,0.0,0.0,False,0,0,0,global,250,250,53,48,5,40,8,1,4,4.716981132075472,5.0,5,0,4,38,"sorted(block,parameter,shift,basis)"
finite_shot_end_to_end,1,0,0,0,6,2.8,1.6274669424134698,250,7.965784284662087,4,theta_ell6_q3,23,6,3,global,0.0,30,0.0,-0.00013008935847558245,0.0,0.0,True,,inf,0.00013008935847558245,0.00013008935847558245,False,0.0,0.0,False,0,0,0,global,250,250,53,48,5,40,8,1,4,4.716981132075472,5.0,5,0,4,38,"sorted(block,parameter,shift,basis)"
finite_shot_end_to_end,1,0,0,0,6,2.8,1.6274669424134698,250,7.965784284662087,5,theta_ell6_q2,22,6,2,global,0.0,30,0.0,0.001031250403765116,0.0,0.0,True,,inf,-0.001031250403765116,0.001031250403765116,False,0.0,0.0,False,0,0,0,global,250,250,53,48,5,40,8,1,4,4.716981132075472,5.0,5,0,4,38,"sorted(block,parameter,shift,basis)"
finite_shot_end_to_end,1,0,0,0,6,2.8,1.6274669424134698,250,7.965784284662087,6,theta_ell6_q0,20,6,0,global,0.0,30,0.0,0.0014130947301131402,0.0,0.0,True,,inf,-0.0014130947301131402,0.0014130947301131402,False,0.0,0.0,False,0,0,0,global,250,250,53,48,5,40,8,1,4,4.716981132075472,5.0,5,0,4,38,"sorted(block,parameter,shift,basis)"
finite_shot_end_to_end,1,0,0,0,6,2.8,1.6274669424134698,250,7.965784284662087,6,theta_ell6_q2,22,6,2,global,0.0,30,0.0,0.001592239552283603,0.0,0.0,True,,inf,-0.001592239552283603,0.001592239552283603,False,0.0,0.0,False,0,0,0,global,250,250,53,48,5,40,8,1,4,4.716981132075472,5.0,5,0,4,38,"sorted(block,parameter,shift,basis)"
finite_shot_end_to_end,1,0,0,0,6,2.8,1.6274669424134698,250,7.965784284662087,6,theta_ell6_q3,23,6,3,global,0.0,30,0.0,-0.00678862067700392,0.0,0.0,True,,inf,0.00678862067700392,0.00678862067700392,False,0.0,0.0,False,0,0,0,global,250,250,53,48,5,40,8,1,4,4.716981132075472,5.0,5,0,4,38,"sorted(block,parameter,shift,basis)"
finite_shot_end_to_end,1,0,0,0,6,2.8,1.6274669424134698,250,7.965784284662087,7,theta_ell6_q2,22,6,2,global,0.0,30,0.0,0.0006783558175860738,0.0,0.0,True,,inf,-0.0006783558175860738,0.0006783558175860738,False,0.0,0.0,False,0,0,0,global,250,250,53,48,5,40,8,1,4,4.716981132075472,5.0,5,0,4,38,"sorted(block,parameter,shift,basis)"
finite_shot_end_to_end,1,0,0,0,6,2.8,1.6274669424134698,250,7.965784284662087,12,theta_ell6_q0,20,6,0,global,0.0,30,0.0,-2.3116142634838077e-05,0.0,0.0,True,,inf,2.3116142634838077e-05,2.3116142634838077e-05,False,0.0,0.0,False,0,0,0,global,250,250,53,48,5,40,8,1,4,4.716981132075472,5.0,5,0,4,38,"sorted(block,parameter,shift,basis)"
finite_shot_end_to_end,1,0,0,0,6,2.8,1.6274669424134698,250,7.965784284662087,12,theta_ell6_q2,22,6,2,global,0.0,30,0.0,-0.003655107564075777,0.0,0.0,True,,inf,0.003655107564075777,0.003655107564075777,False,0.0,0.0,False,0,0,0,global,250,250,53,48,5,40,8,1,4,4.716981132075472,5.0,5,0,4,38,"sorted(block,parameter,shift,basis)"
finite_shot_end_to_end,1,0,0,0,6,2.8,1.6274669424134698,250,7.965784284662087,12,theta_ell6_q3,23,6,3,global,0.0,30,0.0,-7.986153751299296e-05,0.0,0.0,True,,inf,7.986153751299296e-05,7.986153751299296e-05,False,0.0,0.0,False,0,0,0,global,250,250,53,48,5,40,8,1,4,4.716981132075472,5.0,5,0,4,38,"sorted(block,parameter,shift,basis)"
finite_shot_end_to_end,1,0,0,0,6,2.8,1.6274669424134698,250,7.965784284662087,18,theta_ell6_q0,20,6,0,global,0.0,30,0.0,-0.0045887753057933245,0.0,0.0,True,,inf,0.0045887753057933245,0.0045887753057933245,False,0.0,0.0,False,0,0,0,global,250,250,53,48,5,40,8,1,4,4.716981132075472,5.0,5,0,4,38,"sorted(block,parameter,shift,basis)"
finite_shot_end_to_end,1,0,0,0,6,2.8,1.6274669424134698,250,7.965784284662087,18,theta_ell6_q2,22,6,2,global,0.0,30,0.0,-0.00052919903002413,0.0,0.0,True,,inf,0.00052919903002413,0.00052919903002413,False,0.0,0.0,False,0,0,0,global,250,250,53,48,5,40,8,1,4,4.716981132075472,5.0,5,0,4,38,"sorted(block,parameter,shift,basis)"
finite_shot_end_to_end,1,0,0,0,6,2.8,1.6274669424134698,250,7.965784284662087,19,theta_ell6_q0,20,6,0,global,0.0,30,0.0,-2.6025232594539816e-05,0.0,0.0,True,,inf,2.6025232594539816e-05,2.6025232594539816e-05,False,0.0,0.0,False,0,0,0,global,250,250,53,48,5,40,8,1,4,4.716981132075472,5.0,5,0,4,38,"sorted(block,parameter,shift,basis)"
finite_shot_end_to_end,1,0,0,0,6,2.8,1.6274669424134698,250,7.965784284662087,19,theta_ell6_q2,22,6,2,global,0.0,30,0.0,0.00019803145520796983,0.0,0.0,True,,inf,-0.00019803145520796983,0.00019803145520796983,False,0.0,0.0,False,0,0,0,global,250,250,53,48,5,40,8,1,4,4.716981132075472,5.0,5,0,4,38,"sorted(block,parameter,shift,basis)"
finite_shot_end_to_end,1,0,0,0,6,2.8,1.6274669424134698,250,7.965784284662087,19,theta_ell6_q3,23,6,3,global,0.0,30,0.0,-9.916266654785844e-05,0.0,0.0,True,,inf,9.916266654785844e-05,9.916266654785844e-05,False,0.0,0.0,False,0,0,0,global,250,250,53,48,5,40,8,1,4,4.716981132075472,5.0,5,0,4,38,"sorted(block,parameter,shift,basis)"
finite_shot_end_to_end,1,0,0,0,6,2.8,1.6274669424134698,250,7.965784284662087,25,theta_ell6_q0,20,6,0,global,0.0,30,0.0,-0.0008858438607016184,0.0,0.0,True,,inf,0.0008858438607016184,0.0008858438607016184,False,0.0,0.0,False,0,0,0,global,250,250,53,48,5,40,8,1,4,4.716981132075472,5.0,5,0,4,38,"sorted(block,parameter,shift,basis)"
finite_shot_end_to_end,1,0,0,0,6,2.8,1.6274669424134698,250,7.965784284662087,29,theta_ell6_q0,20,6,0,global,0.0,30,0.0,-0.0011836314596062047,0.0,0.0,True,,inf,0.0011836314596062047,0.0011836314596062047,False,0.0,0.0,False,0,0,0,global,250,250,53,48,5,40,8,1,4,4.716981132075472,5.0,5,0,4,38,"sorted(block,parameter,shift,basis)"
finite_shot_end_to_end,1,0,0,0,6,2.8,1.6274669424134698,250,7.965784284662087,33,theta_ell6_q3,23,6,3,global,0.0,30,0.0,0.00106950855211968,0.0,0.0,True,,inf,-0.00106950855211968,0.00106950855211968,False,0.0,0.0,False,0,0,0,global,250,250,53,48,5,40,8,1,4,4.716981132075472,5.0,5,0,4,38,"sorted(block,parameter,shift,basis)"
finite_shot_end_to_end,1,0,0,0,6,2.8,1.6274669424134698,250,7.965784284662087,34,theta_ell6_q2,22,6,2,global,0.0,30,0.0,0.004899724023483321,0.0,0.0,True,,inf,-0.004899724023483321,0.004899724023483321,False,0.0,0.0,False,0,0,0,global,250,250,53,48,5,40,8,1,4,4.716981132075472,5.0,5,0,4,38,"sorted(block,parameter,shift,basis)"
finite_shot_end_to_end,1,0,0,0,6,2.8,1.6274669424134698,250,7.965784284662087,35,theta_ell6_q2,22,6,2,global,0.0,30,0.0,-0.0005384198662795603,0.0,0.0,True,,inf,0.0005384198662795603,0.0005384198662795603,False,0.0,0.0,False,0,0,0,global,250,250,53,48,5,40,8,1,4,4.716981132075472,5.0,5,0,4,38,"sorted(block,parameter,shift,basis)"
finite_shot_end_to_end,1,0,0,0,6,2.8,1.6274669424134698,250,7.965784284662087,40,theta_ell6_q0,20,6,0,global,0.0,30,0.0,-0.004156849438695875,0.0,0.0,True,,inf,0.004156849438695875,0.004156849438695875,False,0.0,0.0,False,0,0,0,global,250,250,53,48,5,40,8,1,4,4.716981132075472,5.0,5,0,4,38,"sorted(block,parameter,shift,basis)"
finite_shot_end_to_end,1,0,0,0,6,2.8,1.6274669424134698,250,7.965784284662087,40,theta_ell6_q1,21,6,1,global,0.0,30,0.0,-0.0001472611993728612,0.0,0.0,True,,inf,0.0001472611993728612,0.0001472611993728612,False,0.0,0.0,False,0,0,0,global,250,250,53,48,5,40,8,1,4,4.716981132075472,5.0,5,0,4,38,"sorted(block,parameter,shift,basis)"
finite_shot_end_to_end,1,0,0,0,6,2.8,1.6274669424134698,250,7.965784284662087,40,theta_ell6_q3,23,6,3,global,0.0,30,0.0,-0.00181153331121503,0.0,0.0,True,,inf,0.00181153331121503,0.00181153331121503,False,0.0,0.0,False,0,0,0,global,250,250,53,48,5,40,8,1,4,4.716981132075472,5.0,5,0,4,38,"sorted(block,parameter,shift,basis)"
finite_shot_end_to_end,1,0,0,0,6,2.8,1.6274669424134698,250,7.965784284662087,42,theta_ell6_q0,20,6,0,global,0.0,30,0.0,-8.941417255858841e-05,0.0,0.0,True,,inf,8.941417255858841e-05,8.941417255858841e-05,False,0.0,0.0,False,0,0,0,global,250,250,53,48,5,40,8,1,4,4.716981132075472,5.0,5,0,4,38,"sorted(block,parameter,shift,basis)"
finite_shot_end_to_end,1,0,0,0,6,2.8,1.6274669424134698,250,7.965784284662087,42,theta_ell6_q3,23,6,3,global,0.0,30,0.0,-6.38590257600602e-05,0.0,0.0,True,,inf,6.38590257600602e-05,6.38590257600602e-05,False,0.0,0.0,False,0,0,0,global,250,250,53,48,5,40,8,1,4,4.716981132075472,5.0,5,0,4,38,"sorted(block,parameter,shift,basis)"
finite_shot_end_to_end,1,0,0,0,6,2.8,1.6274669424134698,250,7.965784284662087,44,theta_ell6_q0,20,6,0,global,0.0,30,0.0,0.004033827846321669,0.0,0.0,True,,inf,-0.004033827846321669,0.004033827846321669,False,0.0,0.0,False,0,0,0,global,250,250,53,48,5,40,8,1,4,4.716981132075472,5.0,5,0,4,38,"sorted(block,parameter,shift,basis)"
finite_shot_end_to_end,1,0,0,0,6,2.8,1.6274669424134698,250,7.965784284662087,44,theta_ell6_q1,21,6,1,global,0.0,30,0.0,0.004435926449283589,0.0,0.0,True,,inf,-0.004435926449283589,0.004435926449283589,False,0.0,0.0,False,0,0,0,global,250,250,53,48,5,40,8,1,4,4.716981132075472,5.0,5,0,4,38,"sorted(block,parameter,shift,basis)"
finite_shot_end_to_end,1,0,0,0,6,2.8,1.6274669424134698,250,7.965784284662087,47,theta_ell6_q0,20,6,0,global,0.0,30,0.0,-0.0014558961821490857,0.0,0.0,True,,inf,0.0014558961821490857,0.0014558961821490857,False,0.0,0.0,False,0,0,0,global,250,250,53,48,5,40,8,1,4,4.716981132075472,5.0,5,0,4,38,"sorted(block,parameter,shift,basis)"
finite_shot_end_to_end,1,0,0,0,6,2.8,1.6274669424134698,250,7.965784284662087,48,theta_ell6_q0,20,6,0,global,0.0,30,0.0,0.0018386028945106547,0.0,0.0,True,,inf,-0.0018386028945106547,0.0018386028945106547,False,0.0,0.0,False,0,0,0,global,250,250,53,48,5,40,8,1,4,4.716981132075472,5.0,5,0,4,38,"sorted(block,parameter,shift,basis)"
finite_shot_end_to_end,1,0,0,0,6,2.8,1.6274669424134698,250,7.965784284662087,49,theta_ell6_q1,21,6,1,global,0.0,30,0.0,9.828074244710994e-05,0.0,0.0,True,,inf,-9.828074244710994e-05,9.828074244710994e-05,False,0.0,0.0,False,0,0,0,global,250,250,53,48,5,40,8,1,4,4.716981132075472,5.0,5,0,4,38,"sorted(block,parameter,shift,basis)"
finite_shot_end_to_end,1,0,0,0,6,2.8,1.6274669424134698,500,8.965784284662087,3,theta_ell6_q0,20,6,0,global,0.0,30,0.0,0.000719070233268948,0.0,0.0,True,,inf,-0.000719070233268948,0.000719070233268948,False,0.0,0.0,False,0,0,0,global,500,500,53,48,5,40,8,1,9,9.433962264150944,9.0,10,0,9,23,"sorted(block,parameter,shift,basis)"
finite_shot_end_to_end,1,0,0,0,6,2.8,1.6274669424134698,500,8.965784284662087,3,theta_ell6_q2,22,6,2,global,0.0,30,0.0,0.00015020594920844843,0.0,0.0,True,,inf,-0.00015020594920844843,0.00015020594920844843,False,0.0,0.0,False,0,0,0,global,500,500,53,48,5,40,8,1,9,9.433962264150944,9.0,10,0,9,23,"sorted(block,parameter,shift,basis)"
finite_shot_end_to_end,1,0,0,0,6,2.8,1.6274669424134698,500,8.965784284662087,12,theta_ell6_q3,23,6,3,global,0.0,30,0.0,-7.986153751299296e-05,0.0,0.0,True,,inf,7.986153751299296e-05,7.986153751299296e-05,False,0.0,0.0,False,0,0,0,global,500,500,53,48,5,40,8,1,9,9.433962264150944,9.0,10,0,9,23,"sorted(block,parameter,shift,basis)"
finite_shot_end_to_end,1,0,0,0,6,2.8,1.6274669424134698,500,8.965784284662087,19,theta_ell6_q0,20,6,0,global,0.0,30,0.0,-2.6025232594539816e-05,0.0,0.0,True,,inf,2.6025232594539816e-05,2.6025232594539816e-05,False,0.0,0.0,False,0,0,0,global,500,500,53,48,5,40,8,1,9,9.433962264150944,9.0,10,0,9,23,"sorted(block,parameter,shift,basis)"
finite_shot_end_to_end,1,0,0,0,6,2.8,1.6274669424134698,500,8.965784284662087,19,theta_ell6_q2,22,6,2,global,0.0,30,0.0,0.00019803145520796983,0.0,0.0,True,,inf,-0.00019803145520796983,0.00019803145520796983,False,0.0,0.0,False,0,0,0,global,500,500,53,48,5,40,8,1,9,9.433962264150944,9.0,10,0,9,23,"sorted(block,parameter,shift,basis)"
finite_shot_end_to_end,1,0,0,0,6,2.8,1.6274669424134698,500,8.965784284662087,24,theta_ell6_q1,21,6,1,global,0.0,30,0.0,-0.0024838713623332453,0.0,0.0,True,,inf,0.0024838713623332453,0.0024838713623332453,False,0.0,0.0,False,0,0,0,global,500,500,53,48,5,40,8,1,9,9.433962264150944,9.0,10,0,9,23,"sorted(block,parameter,shift,basis)"
finite_shot_end_to_end,1,0,0,0,6,2.8,1.6274669424134698,500,8.965784284662087,33,theta_ell6_q3,23,6,3,global,0.0,30,0.0,0.00106950855211968,0.0,0.0,True,,inf,-0.00106950855211968,0.00106950855211968,False,0.0,0.0,False,0,0,0,global,500,500,53,48,5,40,8,1,9,9.433962264150944,9.0,10,0,9,23,"sorted(block,parameter,shift,basis)"
finite_shot_end_to_end,1,0,0,0,6,2.8,1.6274669424134698,500,8.965784284662087,42,theta_ell6_q3,23,6,3,global,0.0,30,0.0,-6.38590257600602e-05,0.0,0.0,True,,inf,6.38590257600602e-05,6.38590257600602e-05,False,0.0,0.0,False,0,0,0,global,500,500,53,48,5,40,8,1,9,9.433962264150944,9.0,10,0,9,23,"sorted(block,parameter,shift,basis)"
finite_shot_end_to_end,1,0,0,0,6,2.8,1.6274669424134698,1000,9.965784284662087,4,theta_ell6_q3,23,6,3,global,0.0,30,0.0,-0.00013008935847558245,0.0,0.0,True,,inf,0.00013008935847558245,0.00013008935847558245,False,0.0,0.0,False,0,0,0,global,1000,1000,53,48,5,40,8,1,18,18.867924528301888,19.0,19,0,18,46,"sorted(block,parameter,shift,basis)"
finite_shot_end_to_end,1,0,0,0,6,2.8,1.6274669424134698,1000,9.965784284662087,12,theta_ell6_q0,20,6,0,global,0.0,30,0.0,-2.3116142634838077e-05,0.0,0.0,True,,inf,2.3116142634838077e-05,2.3116142634838077e-05,False,0.0,0.0,False,0,0,0,global,1000,1000,53,48,5,40,8,1,18,18.867924528301888,19.0,19,0,18,46,"sorted(block,parameter,shift,basis)"
finite_shot_end_to_end,1,0,0,0,6,2.8,1.6274669424134698,1000,9.965784284662087,12,theta_ell6_q3,23,6,3,global,0.0,30,0.0,-7.986153751299296e-05,0.0,0.0,True,,inf,7.986153751299296e-05,7.986153751299296e-05,False,0.0,0.0,False,0,0,0,global,1000,1000,53,48,5,40,8,1,18,18.867924528301888,19.0,19,0,18,46,"sorted(block,parameter,shift,basis)"
finite_shot_end_to_end,1,0,0,0,6,2.8,1.6274669424134698,1000,9.965784284662087,18,theta_ell6_q2,22,6,2,global,0.0,30,0.0,-0.00052919903002413,0.0,0.0,True,,inf,0.00052919903002413,0.00052919903002413,False,0.0,0.0,False,0,0,0,global,1000,1000,53,48,5,40,8,1,18,18.867924528301888,19.0,19,0,18,46,"sorted(block,parameter,shift,basis)"
finite_shot_end_to_end,1,0,0,0,6,2.8,1.6274669424134698,1000,9.965784284662087,19,theta_ell6_q0,20,6,0,global,0.0,30,0.0,-2.6025232594539816e-05,0.0,0.0,True,,inf,2.6025232594539816e-05,2.6025232594539816e-05,False,0.0,0.0,False,0,0,0,global,1000,1000,53,48,5,40,8,1,18,18.867924528301888,19.0,19,0,18,46,"sorted(block,parameter,shift,basis)"
finite_shot_end_to_end,1,0,0,0,6,2.8,1.6274669424134698,1000,9.965784284662087,19,theta_ell6_q3,23,6,3,global,0.0,30,0.0,-9.916266654785844e-05,0.0,0.0,True,,inf,9.916266654785844e-05,9.916266654785844e-05,False,0.0,0.0,False,0,0,0,global,1000,1000,53,48,5,40,8,1,18,18.867924528301888,19.0,19,0,18,46,"sorted(block,parameter,shift,basis)"
finite_shot_end_to_end,1,0,0,0,6,2.8,1.6274669424134698,1000,9.965784284662087,20,theta_ell6_q1,21,6,1,global,0.0,30,0.0,-6.981782865306263e-05,0.0,0.0,True,,inf,6.981782865306263e-05,6.981782865306263e-05,False,0.0,0.0,False,0,0,0,global,1000,1000,53,48,5,40,8,1,18,18.867924528301888,19.0,19,0,18,46,"sorted(block,parameter,shift,basis)"
finite_shot_end_to_end,1,0,0,0,6,2.8,1.6274669424134698,1000,9.965784284662087,35,theta_ell6_q3,23,6,3,global,0.0,30,0.0,-0.0001875622904397578,0.0,0.0,True,,inf,0.0001875622904397578,0.0001875622904397578,False,0.0,0.0,False,0,0,0,global,1000,1000,53,48,5,40,8,1,18,18.867924528301888,19.0,19,0,18,46,"sorted(block,parameter,shift,basis)"
finite_shot_end_to_end,1,0,0,0,6,2.8,1.6274669424134698,1000,9.965784284662087,40,theta_ell6_q1,21,6,1,global,0.0,30,0.0,-0.0001472611993728612,0.0,0.0,True,,inf,0.0001472611993728612,0.0001472611993728612,False,0.0,0.0,False,0,0,0,global,1000,1000,53,48,5,40,8,1,18,18.867924528301888,19.0,19,0,18,46,"sorted(block,parameter,shift,basis)"
finite_shot_end_to_end,1,0,0,0,6,2.8,1.6274669424134698,1000,9.965784284662087,42,theta_ell6_q0,20,6,0,global,0.0,30,0.0,-8.941417255858841e-05,0.0,0.0,True,,inf,8.941417255858841e-05,8.941417255858841e-05,False,0.0,0.0,False,0,0,0,global,1000,1000,53,48,5,40,8,1,18,18.867924528301888,19.0,19,0,18,46,"sorted(block,parameter,shift,basis)"
finite_shot_end_to_end,1,0,0,0,6,2.8,1.6274669424134698,1000,9.965784284662087,49,theta_ell6_q1,21,6,1,global,0.0,30,0.0,9.828074244710994e-05,0.0,0.0,True,,inf,-9.828074244710994e-05,9.828074244710994e-05,False,0.0,0.0,False,0,0,0,global,1000,1000,53,48,5,40,8,1,18,18.867924528301888,19.0,19,0,18,46,"sorted(block,parameter,shift,basis)"
finite_shot_end_to_end,1,0,0,0,6,2.8,1.6274669424134698,2000,10.965784284662087,19,theta_ell6_q0,20,6,0,global,0.0,30,0.0,-2.6025232594539816e-05,0.0,0.0,True,,inf,2.6025232594539816e-05,2.6025232594539816e-05,False,0.0,0.0,False,0,0,0,global,2000,2000,53,48,5,40,8,1,37,37.735849056603776,38.0,38,0,37,39,"sorted(block,parameter,shift,basis)"
finite_shot_end_to_end,1,0,0,0,6,2.8,1.6274669424134698,2000,10.965784284662087,19,theta_ell6_q3,23,6,3,global,0.0,30,0.0,-9.916266654785844e-05,0.0,0.0,True,,inf,9.916266654785844e-05,9.916266654785844e-05,False,0.0,0.0,False,0,0,0,global,2000,2000,53,48,5,40,8,1,37,37.735849056603776,38.0,38,0,37,39,"sorted(block,parameter,shift,basis)"
finite_shot_end_to_end,1,0,0,0,6,2.8,1.6274669424134698,2000,10.965784284662087,20,theta_ell6_q1,21,6,1,global,0.0,30,0.0,-6.981782865306263e-05,0.0,0.0,True,,inf,6.981782865306263e-05,6.981782865306263e-05,False,0.0,0.0,False,0,0,0,global,2000,2000,53,48,5,40,8,1,37,37.735849056603776,38.0,38,0,37,39,"sorted(block,parameter,shift,basis)"
finite_shot_end_to_end,2,1,0,0,1,-2.2,-1.2787240261820123,250,7.965784284662087,0,theta_ell1_q0,0,1,0,global,0.0,30,0.0,0.00012232738266310106,0.0,0.0,True,,inf,-0.00012232738266310106,0.00012232738266310106,False,0.0,0.0,False,1,0,0,global,250,250,8,8,0,0,8,1,31,31.25,31.0,32,0,31,2,"sorted(block,parameter,shift,basis)"
finite_shot_end_to_end,2,1,0,0,1,-2.2,-1.2787240261820123,250,7.965784284662087,4,theta_ell1_q1,1,1,1,global,0.0,30,0.0,0.0012943565391576595,0.0,0.0,True,,inf,-0.0012943565391576595,0.0012943565391576595,False,0.0,0.0,False,1,0,0,global,250,250,8,8,0,0,8,1,31,31.25,31.0,32,0,31,2,"sorted(block,parameter,shift,basis)"
finite_shot_end_to_end,2,1,0,0,1,-2.2,-1.2787240261820123,250,7.965784284662087,7,theta_ell1_q0,0,1,0,global,0.0,30,0.0,-0.00023969263934758844,0.0,0.0,True,,inf,0.00023969263934758844,0.00023969263934758844,False,0.0,0.0,False,1,0,0,global,250,250,8,8,0,0,8,1,31,31.25,31.0,32,0,31,2,"sorted(block,parameter,shift,basis)"
finite_shot_end_to_end,2,1,0,0,1,-2.2,-1.2787240261820123,250,7.965784284662087,7,theta_ell1_q1,1,1,1,global,0.0,30,0.0,0.0005464601441582118,0.0,0.0,True,,inf,-0.0005464601441582118,0.0005464601441582118,False,0.0,0.0,False,1,0,0,global,250,250,8,8,0,0,8,1,31,31.25,31.0,32,0,31,2,"sorted(block,parameter,shift,basis)"
finite_shot_end_to_end,2,1,0,0,1,-2.2,-1.2787240261820123,250,7.965784284662087,14,theta_ell1_q1,1,1,1,global,0.0,30,0.0,0.0004063742847186802,0.0,0.0,True,,inf,-0.0004063742847186802,0.0004063742847186802,False,0.0,0.0,False,1,0,0,global,250,250,8,8,0,0,8,1,31,31.25,31.0,32,0,31,2,"sorted(block,parameter,shift,basis)"
finite_shot_end_to_end,2,1,0,0,1,-2.2,-1.2787240261820123,250,7.965784284662087,17,theta_ell1_q3,3,1,3,global,0.0,30,0.0,0.00018778634538152428,0.0,0.0,True,,inf,-0.00018778634538152428,0.00018778634538152428,False,0.0,0.0,False,1,0,0,global,250,250,8,8,0,0,8,1,31,31.25,31.0,32,0,31,2,"sorted(block,parameter,shift,basis)"
finite_shot_end_to_end,2,1,0,0,1,-2.2,-1.2787240261820123,250,7.965784284662087,28,theta_ell1_q0,0,1,0,global,0.0,30,0.0,-3.841238374185929e-05,0.0,0.0,True,,inf,3.841238374185929e-05,3.841238374185929e-05,False,0.0,0.0,False,1,0,0,global,250,250,8,8,0,0,8,1,31,31.25,31.0,32,0,31,2,"sorted(block,parameter,shift,basis)"
finite_shot_end_to_end,2,1,0,0,1,-2.2,-1.2787240261820123,250,7.965784284662087,28,theta_ell1_q1,1,1,1,global,0.0,30,0.0,0.00020874293409106626,0.0,0.0,True,,inf,-0.00020874293409106626,0.00020874293409106626,False,0.0,0.0,False,1,0,0,global,250,250,8,8,0,0,8,1,31,31.25,31.0,32,0,31,2,"sorted(block,parameter,shift,basis)"
finite_shot_end_to_end,2,1,0,0,1,-2.2,-1.2787240261820123,250,7.965784284662087,33,theta_ell1_q0,0,1,0,global,0.0,30,0.0,1.6191885535143946e-06,0.0,0.0,True,,inf,-1.6191885535143946e-06,1.6191885535143946e-06,False,0.0,0.0,False,1,0,0,global,250,250,8,8,0,0,8,1,31,31.25,31.0,32,0,31,2,"sorted(block,parameter,shift,basis)"
finite_shot_end_to_end,2,1,0,0,1,-2.2,-1.2787240261820123,250,7.965784284662087,39,theta_ell1_q0,0,1,0,global,0.0,30,0.0,0.00023738157389541215,0.0,0.0,True,,inf,-0.00023738157389541215,0.00023738157389541215,False,0.0,0.0,False,1,0,0,global,250,250,8,8,0,0,8,1,31,31.25,31.0,32,0,31,2,"sorted(block,parameter,shift,basis)"
finite_shot_end_to_end,2,1,0,0,1,-2.2,-1.2787240261820123,250,7.965784284662087,42,theta_ell1_q1,1,1,1,global,0.0,30,0.0,-0.00039190815115719424,0.0,0.0,True,,inf,0.00039190815115719424,0.00039190815115719424,False,0.0,0.0,False,1,0,0,global,250,250,8,8,0,0,8,1,31,31.25,31.0,32,0,31,2,"sorted(block,parameter,shift,basis)"
finite_shot_end_to_end,2,1,0,0,1,-2.2,-1.2787240261820123,250,7.965784284662087,49,theta_ell1_q2,2,1,2,global,0.0,30,0.0,-4.359974517342824e-05,0.0,0.0,True,,inf,4.359974517342824e-05,4.359974517342824e-05,False,0.0,0.0,False,1,0,0,global,250,250,8,8,0,0,8,1,31,31.25,31.0,32,0,31,2,"sorted(block,parameter,shift,basis)"
finite_shot_end_to_end,2,1,0,0,1,-2.2,-1.2787240261820123,500,8.965784284662087,28,theta_ell1_q0,0,1,0,global,0.0,30,0.0,-3.841238374185929e-05,0.0,0.0,True,,inf,3.841238374185929e-05,3.841238374185929e-05,False,0.0,0.0,False,1,0,0,global,500,500,8,8,0,0,8,1,62,62.5,62.5,63,0,62,4,"sorted(block,parameter,shift,basis)"
finite_shot_end_to_end,2,1,0,0,1,-2.2,-1.2787240261820123,500,8.965784284662087,28,theta_ell1_q1,1,1,1,global,0.0,30,0.0,0.00020874293409106626,0.0,0.0,True,,inf,-0.00020874293409106626,0.00020874293409106626,False,0.0,0.0,False,1,0,0,global,500,500,8,8,0,0,8,1,62,62.5,62.5,63,0,62,4,"sorted(block,parameter,shift,basis)"
finite_shot_end_to_end,2,1,0,0,1,-2.2,-1.2787240261820123,500,8.965784284662087,33,theta_ell1_q0,0,1,0,global,0.0,30,0.0,1.6191885535143946e-06,0.0,0.0,True,,inf,-1.6191885535143946e-06,1.6191885535143946e-06,False,0.0,0.0,False,1,0,0,global,500,500,8,8,0,0,8,1,62,62.5,62.5,63,0,62,4,"sorted(block,parameter,shift,basis)"
finite_shot_end_to_end,2,1,0,0,1,-2.2,-1.2787240261820123,500,8.965784284662087,33,theta_ell1_q1,1,1,1,global,0.0,30,0.0,-3.267388404709637e-05,0.0,0.0,True,,inf,3.267388404709637e-05,3.267388404709637e-05,False,0.0,0.0,False,1,0,0,global,500,500,8,8,0,0,8,1,62,62.5,62.5,63,0,62,4,"sorted(block,parameter,shift,basis)"
finite_shot_end_to_end,2,1,0,0,1,-2.2,-1.2787240261820123,500,8.965784284662087,33,theta_ell1_q3,3,1,3,global,0.0,30,0.0,-4.5788043970262926e-05,0.0,0.0,True,,inf,4.5788043970262926e-05,4.5788043970262926e-05,False,0.0,0.0,False,1,0,0,global,500,500,8,8,0,0,8,1,62,62.5,62.5,63,0,62,4,"sorted(block,parameter,shift,basis)"
finite_shot_end_to_end,2,1,0,0,1,-2.2,-1.2787240261820123,500,8.965784284662087,39,theta_ell1_q0,0,1,0,global,0.0,30,0.0,0.00023738157389541215,0.0,0.0,True,,inf,-0.00023738157389541215,0.00023738157389541215,False,0.0,0.0,False,1,0,0,global,500,500,8,8,0,0,8,1,62,62.5,62.5,63,0,62,4,"sorted(block,parameter,shift,basis)"
finite_shot_end_to_end,2,1,0,0,1,-2.2,-1.2787240261820123,500,8.965784284662087,39,theta_ell1_q1,1,1,1,global,0.0,30,0.0,9.619579485264929e-05,0.0,0.0,True,,inf,-9.619579485264929e-05,9.619579485264929e-05,False,0.0,0.0,False,1,0,0,global,500,500,8,8,0,0,8,1,62,62.5,62.5,63,0,62,4,"sorted(block,parameter,shift,basis)"
finite_shot_end_to_end,2,1,0,0,1,-2.2,-1.2787240261820123,500,8.965784284662087,39,theta_ell1_q3,3,1,3,global,0.0,30,0.0,9.493488509770831e-05,0.0,0.0,True,,inf,-9.493488509770831e-05,9.493488509770831e-05,False,0.0,0.0,False,1,0,0,global,500,500,8,8,0,0,8,1,62,62.5,62.5,63,0,62,4,"sorted(block,parameter,shift,basis)"
finite_shot_end_to_end,2,1,0,0,1,-2.2,-1.2787240261820123,1000,9.965784284662087,14,theta_ell1_q3,3,1,3,global,0.0,30,0.0,0.00011354967748311573,0.0,0.0,True,,inf,-0.00011354967748311573,0.00011354967748311573,False,0.0,0.0,False,1,0,0,global,1000,1000,8,8,0,0,8,1,125,125.0,125.0,125,0,125,0,"sorted(block,parameter,shift,basis)"
finite_shot_end_to_end,2,1,0,0,1,-2.2,-1.2787240261820123,1000,9.965784284662087,33,theta_ell1_q0,0,1,0,global,0.0,30,0.0,1.6191885535143946e-06,0.0,0.0,True,,inf,-1.6191885535143946e-06,1.6191885535143946e-06,False,0.0,0.0,False,1,0,0,global,1000,1000,8,8,0,0,8,1,125,125.0,125.0,125,0,125,0,"sorted(block,parameter,shift,basis)"
finite_shot_end_to_end,2,1,0,0,1,-2.2,-1.2787240261820123,1000,9.965784284662087,39,theta_ell1_q3,3,1,3,global,0.0,30,0.0,9.493488509770831e-05,0.0,0.0,True,,inf,-9.493488509770831e-05,9.493488509770831e-05,False,0.0,0.0,False,1,0,0,global,1000,1000,8,8,0,0,8,1,125,125.0,125.0,125,0,125,0,"sorted(block,parameter,shift,basis)"
finite_shot_end_to_end,2,1,0,0,1,-2.2,-1.2787240261820123,1000,9.965784284662087,49,theta_ell1_q2,2,1,2,global,0.0,30,0.0,-4.359974517342824e-05,0.0,0.0,True,,inf,4.359974517342824e-05,4.359974517342824e-05,False,0.0,0.0,False,1,0,0,global,1000,1000,8,8,0,0,8,1,125,125.0,125.0,125,0,125,0,"sorted(block,parameter,shift,basis)"
finite_shot_end_to_end,2,1,0,0,1,-2.2,-1.2787240261820123,2000,10.965784284662087,33,theta_ell1_q0,0,1,0,global,0.0,30,0.0,1.6191885535143946e-06,0.0,0.0,True,,inf,-1.6191885535143946e-06,1.6191885535143946e-06,False,0.0,0.0,False,1,0,0,global,2000,2000,8,8,0,0,8,1,250,250.0,250.0,250,0,250,0,"sorted(block,parameter,shift,basis)"
finite_shot_end_to_end,2,1,0,0,1,-2.2,-1.2787240261820123,2000,10.965784284662087,39,theta_ell1_q1,1,1,1,global,0.0,30,0.0,9.619579485264929e-05,0.0,0.0,True,,inf,-9.619579485264929e-05,9.619579485264929e-05,False,0.0,0.0,False,1,0,0,global,2000,2000,8,8,0,0,8,1,250,250.0,250.0,250,0,250,0,"sorted(block,parameter,shift,basis)"
finite_shot_end_to_end,2,1,0,0,1,-2.2,-1.2787240261820123,2000,10.965784284662087,39,theta_ell1_q3,3,1,3,global,0.0,30,0.0,9.493488509770831e-05,0.0,0.0,True,,inf,-9.493488509770831e-05,9.493488509770831e-05,False,0.0,0.0,False,1,0,0,global,2000,2000,8,8,0,0,8,1,250,250.0,250.0,250,0,250,0,"sorted(block,parameter,shift,basis)"
finite_shot_end_to_end,2,1,0,0,2,-1.2000000000000002,-0.6974858324629158,250,7.965784284662087,8,theta_ell2_q1,5,2,1,global,0.0,30,0.0,0.0004265314560513156,0.0,0.0,True,,inf,-0.0004265314560513156,0.0004265314560513156,False,0.0,0.0,False,1,0,0,global,250,250,17,16,1,8,8,1,14,14.705882352941176,15.0,15,0,14,12,"sorted(block,parameter,shift,basis)"
finite_shot_end_to_end,2,1,0,0,2,-1.2000000000000002,-0.6974858324629158,250,7.965784284662087,37,theta_ell2_q2,6,2,2,global,0.0,30,0.0,0.00011355315359212748,0.0,0.0,True,,inf,-0.00011355315359212748,0.00011355315359212748,False,0.0,0.0,False,1,0,0,global,250,250,17,16,1,8,8,1,14,14.705882352941176,15.0,15,0,14,12,"sorted(block,parameter,shift,basis)"
finite_shot_end_to_end,2,1,0,0,2,-1.2000000000000002,-0.6974858324629158,500,8.965784284662087,45,theta_ell2_q2,6,2,2,global,0.0,30,0.0,0.00201017621907551,0.0,0.0,True,,inf,-0.00201017621907551,0.00201017621907551,False,0.0,0.0,False,1,0,0,global,500,500,17,16,1,8,8,1,29,29.41176470588235,29.0,30,0,29,7,"sorted(block,parameter,shift,basis)"
finite_shot_end_to_end,2,1,0,0,3,-0.20000000000000018,-0.11624763874381938,250,7.965784284662087,5,theta_ell3_q0,8,3,0,global,0.0,30,0.0,0.00011808201307833555,0.0,0.0,True,,inf,-0.00011808201307833555,0.00011808201307833555,False,0.0,0.0,False,1,0,0,global,250,250,26,24,2,16,8,1,9,9.615384615384615,10.0,10,0,9,16,"sorted(block,parameter,shift,basis)"
finite_shot_end_to_end,2,1,0,0,3,-0.20000000000000018,-0.11624763874381938,250,7.965784284662087,9,theta_ell3_q1,9,3,1,global,0.0,30,0.0,-0.00011904538819129673,0.0,0.0,True,,inf,0.00011904538819129673,0.00011904538819129673,False,0.0,0.0,False,1,0,0,global,250,250,26,24,2,16,8,1,9,9.615384615384615,10.0,10,0,9,16,"sorted(block,parameter,shift,basis)"
finite_shot_end_to_end,2,1,0,0,3,-0.20000000000000018,-0.11624763874381938,250,7.965784284662087,20,theta_ell3_q1,9,3,1,global,0.0,30,0.0,-0.00037977119187432296,0.0,0.0,True,,inf,0.00037977119187432296,0.00037977119187432296,False,0.0,0.0,False,1,0,0,global,250,250,26,24,2,16,8,1,9,9.615384615384615,10.0,10,0,9,16,"sorted(block,parameter,shift,basis)"
finite_shot_end_to_end,2,1,0,0,3,-0.20000000000000018,-0.11624763874381938,250,7.965784284662087,28,theta_ell3_q0,8,3,0,global,0.0,30,0.0,0.0006584481810033016,0.0,0.0,True,,inf,-0.0006584481810033016,0.0006584481810033016,False,0.0,0.0,False,1,0,0,global,250,250,26,24,2,16,8,1,9,9.615384615384615,10.0,10,0,9,16,"sorted(block,parameter,shift,basis)"
finite_shot_end_to_end,2,1,0,0,3,-0.20000000000000018,-0.11624763874381938,250,7.965784284662087,28,theta_ell3_q3,11,3,3,global,0.0,30,0.0,0.0006489331867358672,0.0,0.0,True,,inf,-0.0006489331867358672,0.0006489331867358672,False,0.0,0.0,False,1,0,0,global,250,250,26,24,2,16,8,1,9,9.615384615384615,10.0,10,0,9,16,"sorted(block,parameter,shift,basis)"
finite_shot_end_to_end,2,1,0,0,3,-0.20000000000000018,-0.11624763874381938,250,7.965784284662087,35,theta_ell3_q3,11,3,3,global,0.0,30,0.0,5.8442743179565326e-05,0.0,0.0,True,,inf,-5.8442743179565326e-05,5.8442743179565326e-05,False,0.0,0.0,False,1,0,0,global,250,250,26,24,2,16,8,1,9,9.615384615384615,10.0,10,0,9,16,"sorted(block,parameter,shift,basis)"
finite_shot_end_to_end,2,1,0,0,3,-0.20000000000000018,-0.11624763874381938,500,8.965784284662087,5,theta_ell3_q2,10,3,2,global,0.0,30,0.0,-0.0004362924174768912,0.0,0.0,True,,inf,0.0004362924174768912,0.0004362924174768912,False,0.0,0.0,False,1,0,0,global,500,500,26,24,2,16,8,1,19,19.23076923076923,19.0,20,0,19,6,"sorted(block,parameter,shift,basis)"
finite_shot_end_to_end,2,1,0,0,3,-0.20000000000000018,-0.11624763874381938,500,8.965784284662087,7,theta_ell3_q0,8,3,0,global,0.0,30,0.0,-0.00021155217033519413,0.0,0.0,True,,inf,0.00021155217033519413,0.00021155217033519413,False,0.0,0.0,False,1,0,0,global,500,500,26,24,2,16,8,1,19,19.23076923076923,19.0,20,0,19,6,"sorted(block,parameter,shift,basis)"
finite_shot_end_to_end,2,1,0,0,3,-0.20000000000000018,-0.11624763874381938,500,8.965784284662087,24,theta_ell3_q2,10,3,2,global,0.0,30,0.0,5.174803218355173e-05,0.0,0.0,True,,inf,-5.174803218355173e-05,5.174803218355173e-05,False,0.0,0.0,False,1,0,0,global,500,500,26,24,2,16,8,1,19,19.23076923076923,19.0,20,0,19,6,"sorted(block,parameter,shift,basis)"
finite_shot_end_to_end,2,1,0,0,3,-0.20000000000000018,-0.11624763874381938,500,8.965784284662087,28,theta_ell3_q0,8,3,0,global,0.0,30,0.0,0.0006584481810033016,0.0,0.0,True,,inf,-0.0006584481810033016,0.0006584481810033016,False,0.0,0.0,False,1,0,0,global,500,500,26,24,2,16,8,1,19,19.23076923076923,19.0,20,0,19,6,"sorted(block,parameter,shift,basis)"
finite_shot_end_to_end,2,1,0,0,3,-0.20000000000000018,-0.11624763874381938,500,8.965784284662087,48,theta_ell3_q0,8,3,0,global,0.0,30,0.0,0.0015688180639428229,0.0,0.0,True,,inf,-0.0015688180639428229,0.0015688180639428229,False,0.0,0.0,False,1,0,0,global,500,500,26,24,2,16,8,1,19,19.23076923076923,19.0,20,0,19,6,"sorted(block,parameter,shift,basis)"
finite_shot_end_to_end,2,1,0,0,3,-0.20000000000000018,-0.11624763874381938,1000,9.965784284662087,5,theta_ell3_q0,8,3,0,global,0.0,30,0.0,0.00011808201307833555,0.0,0.0,True,,inf,-0.00011808201307833555,0.00011808201307833555,False,0.0,0.0,False,1,0,0,global,1000,1000,26,24,2,16,8,1,38,38.46153846153846,38.0,39,0,38,12,"sorted(block,parameter,shift,basis)"
finite_shot_end_to_end,2,1,0,0,3,-0.20000000000000018,-0.11624763874381938,1000,9.965784284662087,35,theta_ell3_q1,9,3,1,global,0.0,30,0.0,5.1073062743656195e-05,0.0,0.0,True,,inf,-5.1073062743656195e-05,5.1073062743656195e-05,False,0.0,0.0,False,1,0,0,global,1000,1000,26,24,2,16,8,1,38,38.46153846153846,38.0,39,0,38,12,"sorted(block,parameter,shift,basis)"
finite_shot_end_to_end,2,1,0,0,3,-0.20000000000000018,-0.11624763874381938,2000,10.965784284662087,9,theta_ell3_q2,10,3,2,global,0.0,30,0.0,-0.0002657997627720232,0.0,0.0,True,,inf,0.0002657997627720232,0.0002657997627720232,False,0.0,0.0,False,1,0,0,global,2000,2000,26,24,2,16,8,1,76,76.92307692307692,77.0,77,0,76,24,"sorted(block,parameter,shift,basis)"
finite_shot_end_to_end,2,1,0,0,4,0.7999999999999998,0.464990554975277,250,7.965784284662087,2,theta_ell4_q1,13,4,1,global,0.0,30,0.0,0.003531961427797048,0.0,0.0,True,,inf,-0.003531961427797048,0.003531961427797048,False,0.0,0.0,False,1,0,0,global,250,250,35,32,3,24,8,1,7,7.142857142857143,7.0,8,0,7,5,"sorted(block,parameter,shift,basis)"
finite_shot_end_to_end,2,1,0,0,4,0.7999999999999998,0.464990554975277,250,7.965784284662087,29,theta_ell4_q0,12,4,0,global,0.0,30,0.0,-0.0010755730775006134,0.0,0.0,True,,inf,0.0010755730775006134,0.0010755730775006134,False,0.0,0.0,False,1,0,0,global,250,250,35,32,3,24,8,1,7,7.142857142857143,7.0,8,0,7,5,"sorted(block,parameter,shift,basis)"
finite_shot_end_to_end,2,1,0,0,4,0.7999999999999998,0.464990554975277,250,7.965784284662087,34,theta_ell4_q1,13,4,1,global,0.0,30,0.0,0.00024237634497431548,0.0,0.0,True,,inf,-0.00024237634497431548,0.00024237634497431548,False,0.0,0.0,False,1,0,0,global,250,250,35,32,3,24,8,1,7,7.142857142857143,7.0,8,0,7,5,"sorted(block,parameter,shift,basis)"
finite_shot_end_to_end,2,1,0,0,4,0.7999999999999998,0.464990554975277,250,7.965784284662087,41,theta_ell4_q2,14,4,2,global,0.0,30,0.0,-0.0005898271213178874,0.0,0.0,True,,inf,0.0005898271213178874,0.0005898271213178874,False,0.0,0.0,False,1,0,0,global,250,250,35,32,3,24,8,1,7,7.142857142857143,7.0,8,0,7,5,"sorted(block,parameter,shift,basis)"
finite_shot_end_to_end,2,1,0,0,4,0.7999999999999998,0.464990554975277,250,7.965784284662087,43,theta_ell4_q0,12,4,0,global,0.0,30,0.0,0.00985340567827464,0.0,0.0,True,,inf,-0.00985340567827464,0.00985340567827464,False,0.0,0.0,False,1,0,0,global,250,250,35,32,3,24,8,1,7,7.142857142857143,7.0,8,0,7,5,"sorted(block,parameter,shift,basis)"
finite_shot_end_to_end,2,1,0,0,4,0.7999999999999998,0.464990554975277,500,8.965784284662087,18,theta_ell4_q1,13,4,1,global,0.0,30,0.0,-5.336852060372488e-05,0.0,0.0,True,,inf,5.336852060372488e-05,5.336852060372488e-05,False,0.0,0.0,False,1,0,0,global,500,500,35,32,3,24,8,1,14,14.285714285714286,14.0,15,0,14,10,"sorted(block,parameter,shift,basis)"
finite_shot_end_to_end,2,1,0,0,4,0.7999999999999998,0.464990554975277,500,8.965784284662087,32,theta_ell4_q3,15,4,3,global,0.0,30,0.0,-3.354765971902429e-05,0.0,0.0,True,,inf,3.354765971902429e-05,3.354765971902429e-05,False,0.0,0.0,False,1,0,0,global,500,500,35,32,3,24,8,1,14,14.285714285714286,14.0,15,0,14,10,"sorted(block,parameter,shift,basis)"
finite_shot_end_to_end,2,1,0,0,4,0.7999999999999998,0.464990554975277,500,8.965784284662087,40,theta_ell4_q0,12,4,0,global,0.0,30,0.0,0.003961966175987486,0.0,0.0,True,,inf,-0.003961966175987486,0.003961966175987486,False,0.0,0.0,False,1,0,0,global,500,500,35,32,3,24,8,1,14,14.285714285714286,14.0,15,0,14,10,"sorted(block,parameter,shift,basis)"
finite_shot_end_to_end,2,1,0,0,4,0.7999999999999998,0.464990554975277,500,8.965784284662087,41,theta_ell4_q0,12,4,0,global,0.0,30,0.0,0.00035576722742491906,0.0,0.0,True,,inf,-0.00035576722742491906,0.00035576722742491906,False,0.0,0.0,False,1,0,0,global,500,500,35,32,3,24,8,1,14,14.285714285714286,14.0,15,0,14,10,"sorted(block,parameter,shift,basis)"
finite_shot_end_to_end,2,1,0,0,4,0.7999999999999998,0.464990554975277,500,8.965784284662087,44,theta_ell4_q2,14,4,2,global,0.0,30,0.0,0.00015398884856138162,0.0,0.0,True,,inf,-0.00015398884856138162,0.00015398884856138162,False,0.0,0.0,False,1,0,0,global,500,500,35,32,3,24,8,1,14,14.285714285714286,14.0,15,0,14,10,"sorted(block,parameter,shift,basis)"
finite_shot_end_to_end,2,1,0,0,4,0.7999999999999998,0.464990554975277,1000,9.965784284662087,18,theta_ell4_q1,13,4,1,global,0.0,30,0.0,-5.336852060372488e-05,0.0,0.0,True,,inf,5.336852060372488e-05,5.336852060372488e-05,False,0.0,0.0,False,1,0,0,global,1000,1000,35,32,3,24,8,1,28,28.571428571428573,29.0,29,0,28,20,"sorted(block,parameter,shift,basis)"
finite_shot_end_to_end,2,1,0,0,4,0.7999999999999998,0.464990554975277,1000,9.965784284662087,29,theta_ell4_q0,12,4,0,global,0.0,30,0.0,-0.0010755730775006134,0.0,0.0,True,,inf,0.0010755730775006134,0.0010755730775006134,False,0.0,0.0,False,1,0,0,global,1000,1000,35,32,3,24,8,1,28,28.571428571428573,29.0,29,0,28,20,"sorted(block,parameter,shift,basis)"
finite_shot_end_to_end,2,1,0,0,4,0.7999999999999998,0.464990554975277,1000,9.965784284662087,32,theta_ell4_q0,12,4,0,global,0.0,30,0.0,5.600212130729698e-05,0.0,0.0,True,,inf,-5.600212130729698e-05,5.600212130729698e-05,False,0.0,0.0,False,1,0,0,global,1000,1000,35,32,3,24,8,1,28,28.571428571428573,29.0,29,0,28,20,"sorted(block,parameter,shift,basis)"
finite_shot_end_to_end,2,1,0,0,4,0.7999999999999998,0.464990554975277,1000,9.965784284662087,32,theta_ell4_q3,15,4,3,global,0.0,30,0.0,-3.354765971902429e-05,0.0,0.0,True,,inf,3.354765971902429e-05,3.354765971902429e-05,False,0.0,0.0,False,1,0,0,global,1000,1000,35,32,3,24,8,1,28,28.571428571428573,29.0,29,0,28,20,"sorted(block,parameter,shift,basis)"
finite_shot_end_to_end,2,1,0,0,4,0.7999999999999998,0.464990554975277,1000,9.965784284662087,41,theta_ell4_q0,12,4,0,global,0.0,30,0.0,0.00035576722742491906,0.0,0.0,True,,inf,-0.00035576722742491906,0.00035576722742491906,False,0.0,0.0,False,1,0,0,global,1000,1000,35,32,3,24,8,1,28,28.571428571428573,29.0,29,0,28,20,"sorted(block,parameter,shift,basis)"
finite_shot_end_to_end,2,1,0,0,4,0.7999999999999998,0.464990554975277,2000,10.965784284662087,44,theta_ell4_q2,14,4,2,global,0.0,30,0.0,0.00015398884856138162,0.0,0.0,True,,inf,-0.00015398884856138162,0.00015398884856138162,False,0.0,0.0,False,1,0,0,global,2000,2000,35,32,3,24,8,1,57,57.142857142857146,57.0,58,0,57,5,"sorted(block,parameter,shift,basis)"
finite_shot_end_to_end,2,1,0,0,6,2.8,1.6274669424134698,250,7.965784284662087,0,theta_ell6_q1,21,6,1,global,0.0,30,0.0,-0.005848202130227187,0.0,0.0,True,,inf,0.005848202130227187,0.005848202130227187,False,0.0,0.0,False,1,0,0,global,250,250,53,48,5,40,8,1,4,4.716981132075472,5.0,5,0,4,38,"sorted(block,parameter,shift,basis)"
finite_shot_end_to_end,2,1,0,0,6,2.8,1.6274669424134698,250,7.965784284662087,7,theta_ell6_q0,20,6,0,global,0.0,30,0.0,0.00476429717068555,0.0,0.0,True,,inf,-0.00476429717068555,0.00476429717068555,False,0.0,0.0,False,1,0,0,global,250,250,53,48,5,40,8,1,4,4.716981132075472,5.0,5,0,4,38,"sorted(block,parameter,shift,basis)"
finite_shot_end_to_end,2,1,0,0,6,2.8,1.6274669424134698,250,7.965784284662087,12,theta_ell6_q0,20,6,0,global,0.0,30,0.0,0.012792620662092247,0.0,0.0,True,,inf,-0.012792620662092247,0.012792620662092247,False,0.0,0.0,False,1,0,0,global,250,250,53,48,5,40,8,1,4,4.716981132075472,5.0,5,0,4,38,"sorted(block,parameter,shift,basis)"
finite_shot_end_to_end,2,1,0,0,6,2.8,1.6274669424134698,250,7.965784284662087,37,theta_ell6_q0,20,6,0,global,0.0,30,0.0,-0.00014108114251837334,0.0,0.0,True,,inf,0.00014108114251837334,0.00014108114251837334,False,0.0,0.0,False,1,0,0,global,250,250,53,48,5,40,8,1,4,4.716981132075472,5.0,5,0,4,38,"sorted(block,parameter,shift,basis)"
finite_shot_end_to_end,2,1,0,0,6,2.8,1.6274669424134698,250,7.965784284662087,37,theta_ell6_q3,23,6,3,global,0.0,30,0.0,-8.000249203232723e-05,0.0,0.0,True,,inf,8.000249203232723e-05,8.000249203232723e-05,False,0.0,0.0,False,1,0,0,global,250,250,53,48,5,40,8,1,4,4.716981132075472,5.0,5,0,4,38,"sorted(block,parameter,shift,basis)"
finite_shot_end_to_end,2,1,0,0,6,2.8,1.6274669424134698,250,7.965784284662087,38,theta_ell6_q0,20,6,0,global,0.0,30,0.0,-0.002692527059719174,0.0,0.0,True,,inf,0.002692527059719174,0.002692527059719174,False,0.0,0.0,False,1,0,0,global,250,250,53,48,5,40,8,1,4,4.716981132075472,5.0,5,0,4,38,"sorted(block,parameter,shift,basis)"
finite_shot_end_to_end,2,1,0,0,6,2.8,1.6274669424134698,250,7.965784284662087,38,theta_ell6_q3,23,6,3,global,0.0,30,0.0,-0.00552400715961493,0.0,0.0,True,,inf,0.00552400715961493,0.00552400715961493,False,0.0,0.0,False,1,0,0,global,250,250,53,48,5,40,8,1,4,4.716981132075472,5.0,5,0,4,38,"sorted(block,parameter,shift,basis)"
finite_shot_end_to_end,2,1,0,0,6,2.8,1.6274669424134698,250,7.965784284662087,44,theta_ell6_q3,23,6,3,global,0.0,30,0.0,0.0008351514829692541,0.0,0.0,True,,inf,-0.0008351514829692541,0.0008351514829692541,False,0.0,0.0,False,1,0,0,global,250,250,53,48,5,40,8,1,4,4.716981132075472,5.0,5,0,4,38,"sorted(block,parameter,shift,basis)"
finite_shot_end_to_end,2,1,0,0,6,2.8,1.6274669424134698,250,7.965784284662087,47,theta_ell6_q2,22,6,2,global,0.0,30,0.0,-0.001866988146850268,0.0,0.0,True,,inf,0.001866988146850268,0.001866988146850268,False,0.0,0.0,False,1,0,0,global,250,250,53,48,5,40,8,1,4,4.716981132075472,5.0,5,0,4,38,"sorted(block,parameter,shift,basis)"
finite_shot_end_to_end,2,1,0,0,6,2.8,1.6274669424134698,500,8.965784284662087,3,theta_ell6_q0,20,6,0,global,0.0,30,0.0,0.001422816468696908,0.0,0.0,True,,inf,-0.001422816468696908,0.001422816468696908,False,0.0,0.0,False,1,0,0,global,500,500,53,48,5,40,8,1,9,9.433962264150944,9.0,10,0,9,23,"sorted(block,parameter,shift,basis)"
finite_shot_end_to_end,2,1,0,0,6,2.8,1.6274669424134698,500,8.965784284662087,30,theta_ell6_q1,21,6,1,global,0.0,30,0.0,4.725910151770485e-06,0.0,0.0,True,,inf,-4.725910151770485e-06,4.725910151770485e-06,False,0.0,0.0,False,1,0,0,global,500,500,53,48,5,40,8,1,9,9.433962264150944,9.0,10,0,9,23,"sorted(block,parameter,shift,basis)"
finite_shot_end_to_end,2,1,0,0,6,2.8,1.6274669424134698,500,8.965784284662087,41,theta_ell6_q1,21,6,1,global,0.0,30,0.0,-0.00041333169844476325,0.0,0.0,True,,inf,0.00041333169844476325,0.00041333169844476325,False,0.0,0.0,False,1,0,0,global,500,500,53,48,5,40,8,1,9,9.433962264150944,9.0,10,0,9,23,"sorted(block,parameter,shift,basis)"
finite_shot_end_to_end,2,1,0,0,6,2.8,1.6274669424134698,500,8.965784284662087,47,theta_ell6_q0,20,6,0,global,0.0,30,0.0,0.001065565027854265,0.0,0.0,True,,inf,-0.001065565027854265,0.001065565027854265,False,0.0,0.0,False,1,0,0,global,500,500,53,48,5,40,8,1,9,9.433962264150944,9.0,10,0,9,23,"sorted(block,parameter,shift,basis)"
finite_shot_end_to_end,2,1,0,0,6,2.8,1.6274669424134698,500,8.965784284662087,47,theta_ell6_q3,23,6,3,global,0.0,30,0.0,-0.00019947134426062663,0.0,0.0,True,,inf,0.00019947134426062663,0.00019947134426062663,False,0.0,0.0,False,1,0,0,global,500,500,53,48,5,40,8,1,9,9.433962264150944,9.0,10,0,9,23,"sorted(block,parameter,shift,basis)"
finite_shot_end_to_end,2,1,0,0,6,2.8,1.6274669424134698,1000,9.965784284662087,47,theta_ell6_q3,23,6,3,global,0.0,30,0.0,-0.00019947134426062663,0.0,0.0,True,,inf,0.00019947134426062663,0.00019947134426062663,False,0.0,0.0,False,1,0,0,global,1000,1000,53,48,5,40,8,1,18,18.867924528301888,19.0,19,0,18,46,"sorted(block,parameter,shift,basis)"
finite_shot_end_to_end,2,1,0,0,6,2.8,1.6274669424134698,2000,10.965784284662087,30,theta_ell6_q1,21,6,1,global,0.0,30,0.0,4.725910151770485e-06,0.0,0.0,True,,inf,-4.725910151770485e-06,4.725910151770485e-06,False,0.0,0.0,False,1,0,0,global,2000,2000,53,48,5,40,8,1,37,37.735849056603776,38.0,38,0,37,39,"sorted(block,parameter,shift,basis)"
finite_shot_end_to_end,2,1,0,0,6,2.8,1.6274669424134698,2000,10.965784284662087,37,theta_ell6_q3,23,6,3,global,0.0,30,0.0,-8.000249203232723e-05,0.0,0.0,True,,inf,8.000249203232723e-05,8.000249203232723e-05,False,0.0,0.0,False,1,0,0,global,2000,2000,53,48,5,40,8,1,37,37.735849056603776,38.0,38,0,37,39,"sorted(block,parameter,shift,basis)"
finite_shot_end_to_end,4,0,0,1,1,-2.2,-1.2787240261820123,250,7.965784284662087,0,theta_ell1_q0,0,1,0,global,1.0,30,0.0,-5.5993525219566465e-05,0.0,0.0,True,,inf,5.5993525219566465e-05,5.5993525219566465e-05,False,0.0,0.0,False,0,0,1,global,250,250,8,8,0,0,8,1,31,31.25,31.0,32,0,31,2,"sorted(block,parameter,shift,basis)"
finite_shot_end_to_end,4,0,0,1,1,-2.2,-1.2787240261820123,250,7.965784284662087,1,theta_ell1_q1,1,1,1,global,1.0,30,0.0,-9.080113973602977e-06,0.0,0.0,True,,inf,9.080113973602977e-06,9.080113973602977e-06,False,0.0,0.0,False,0,0,1,global,250,250,8,8,0,0,8,1,31,31.25,31.0,32,0,31,2,"sorted(block,parameter,shift,basis)"
finite_shot_end_to_end,4,0,0,1,1,-2.2,-1.2787240261820123,250,7.965784284662087,2,theta_ell1_q3,3,1,3,global,1.0,30,0.0,0.00031447270058632126,0.0,0.0,True,,inf,-0.00031447270058632126,0.00031447270058632126,False,0.0,0.0,False,0,0,1,global,250,250,8,8,0,0,8,1,31,31.25,31.0,32,0,31,2,"sorted(block,parameter,shift,basis)"
finite_shot_end_to_end,4,0,0,1,1,-2.2,-1.2787240261820123,250,7.965784284662087,4,theta_ell1_q3,3,1,3,global,1.0,30,0.0,-0.00013293210108400455,0.0,0.0,True,,inf,0.00013293210108400455,0.00013293210108400455,False,0.0,0.0,False,0,0,1,global,250,250,8,8,0,0,8,1,31,31.25,31.0,32,0,31,2,"sorted(block,parameter,shift,basis)"
finite_shot_end_to_end,4,0,0,1,1,-2.2,-1.2787240261820123,250,7.965784284662087,5,theta_ell1_q1,1,1,1,global,1.0,30,0.0,-0.00018749078105451122,0.0,0.0,True,,inf,0.00018749078105451122,0.00018749078105451122,False,0.0,0.0,False,0,0,1,global,250,250,8,8,0,0,8,1,31,31.25,31.0,32,0,31,2,"sorted(block,parameter,shift,basis)"
finite_shot_end_to_end,4,0,0,1,1,-2.2,-1.2787240261820123,250,7.965784284662087,7,theta_ell1_q3,3,1,3,global,1.0,30,0.0,-0.0003842868494318141,0.0,0.0,True,,inf,0.0003842868494318141,0.0003842868494318141,False,0.0,0.0,False,0,0,1,global,250,250,8,8,0,0,8,1,31,31.25,31.0,32,0,31,2,"sorted(block,parameter,shift,basis)"
finite_shot_end_to_end,4,0,0,1,1,-2.2,-1.2787240261820123,250,7.965784284662087,8,theta_ell1_q0,0,1,0,global,1.0,30,0.0,-0.00015178254415665338,0.0,0.0,True,,inf,0.00015178254415665338,0.00015178254415665338,False,0.0,0.0,False,0,0,1,global,250,250,8,8,0,0,8,1,31,31.25,31.0,32,0,31,2,"sorted(block,parameter,shift,basis)"
finite_shot_end_to_end,4,0,0,1,1,-2.2,-1.2787240261820123,250,7.965784284662087,13,theta_ell1_q2,2,1,2,global,1.0,30,0.0,0.0009789876147300869,0.0,0.0,True,,inf,-0.0009789876147300869,0.0009789876147300869,False,0.0,0.0,False,0,0,1,global,250,250,8,8,0,0,8,1,31,31.25,31.0,32,0,31,2,"sorted(block,parameter,shift,basis)"
finite_shot_end_to_end,4,0,0,1,1,-2.2,-1.2787240261820123,250,7.965784284662087,14,theta_ell1_q0,0,1,0,global,1.0,30,0.0,1.3354923955599673e-07,0.0,0.0,True,,inf,-1.3354923955599673e-07,1.3354923955599673e-07,False,0.0,0.0,False,0,0,1,global,250,250,8,8,0,0,8,1,31,31.25,31.0,32,0,31,2,"sorted(block,parameter,shift,basis)"
finite_shot_end_to_end,4,0,0,1,1,-2.2,-1.2787240261820123,250,7.965784284662087,14,theta_ell1_q2,2,1,2,global,1.0,30,0.0,6.788113676714502e-08,0.0,0.0,True,,inf,-6.788113676714502e-08,6.788113676714502e-08,False,0.0,0.0,False,0,0,1,global,250,250,8,8,0,0,8,1,31,31.25,31.0,32,0,31,2,"sorted(block,parameter,shift,basis)"
finite_shot_end_to_end,4,0,0,1,1,-2.2,-1.2787240261820123,250,7.965784284662087,14,theta_ell1_q3,3,1,3,global,1.0,30,0.0,-3.6598248576158454e-07,0.0,0.0,True,,inf,3.6598248576158454e-07,3.6598248576158454e-07,False,0.0,0.0,False,0,0,1,global,250,250,8,8,0,0,8,1,31,31.25,31.0,32,0,31,2,"sorted(block,parameter,shift,basis)"
finite_shot_end_to_end,4,0,0,1,1,-2.2,-1.2787240261820123,250,7.965784284662087,28,theta_ell1_q1,1,1,1,global,1.0,30,0.0,1.069555820631951e-06,0.0,0.0,True,,inf,-1.069555820631951e-06,1.069555820631951e-06,False,0.0,0.0,False,0,0,1,global,250,250,8,8,0,0,8,1,31,31.25,31.0,32,0,31,2,"sorted(block,parameter,shift,basis)"
finite_shot_end_to_end,4,0,0,1,1,-2.2,-1.2787240261820123,250,7.965784284662087,31,theta_ell1_q1,1,1,1,global,1.0,30,0.0,8.891152123496893e-05,0.0,0.0,True,,inf,-8.891152123496893e-05,8.891152123496893e-05,False,0.0,0.0,False,0,0,1,global,250,250,8,8,0,0,8,1,31,31.25,31.0,32,0,31,2,"sorted(block,parameter,shift,basis)"
finite_shot_end_to_end,4,0,0,1,1,-2.2,-1.2787240261820123,250,7.965784284662087,32,theta_ell1_q0,0,1,0,global,1.0,30,0.0,1.1583707498930007e-05,0.0,0.0,True,,inf,-1.1583707498930007e-05,1.1583707498930007e-05,False,0.0,0.0,False,0,0,1,global,250,250,8,8,0,0,8,1,31,31.25,31.0,32,0,31,2,"sorted(block,parameter,shift,basis)"
finite_shot_end_to_end,4,0,0,1,1,-2.2,-1.2787240261820123,250,7.965784284662087,32,theta_ell1_q2,2,1,2,global,1.0,30,0.0,-6.115425428132593e-05,0.0,0.0,True,,inf,6.115425428132593e-05,6.115425428132593e-05,False,0.0,0.0,False,0,0,1,global,250,250,8,8,0,0,8,1,31,31.25,31.0,32,0,31,2,"sorted(block,parameter,shift,basis)"
finite_shot_end_to_end,4,0,0,1,1,-2.2,-1.2787240261820123,250,7.965784284662087,32,theta_ell1_q3,3,1,3,global,1.0,30,0.0,1.2993811984718384e-05,0.0,0.0,True,,inf,-1.2993811984718384e-05,1.2993811984718384e-05,False,0.0,0.0,False,0,0,1,global,250,250,8,8,0,0,8,1,31,31.25,31.0,32,0,31,2,"sorted(block,parameter,shift,basis)"
finite_shot_end_to_end,4,0,0,1,1,-2.2,-1.2787240261820123,250,7.965784284662087,33,theta_ell1_q1,1,1,1,global,1.0,30,0.0,1.0018646894038863e-05,0.0,0.0,True,,inf,-1.0018646894038863e-05,1.0018646894038863e-05,False,0.0,0.0,False,0,0,1,global,250,250,8,8,0,0,8,1,31,31.25,31.0,32,0,31,2,"sorted(block,parameter,shift,basis)"
finite_shot_end_to_end,4,0,0,1,1,-2.2,-1.2787240261820123,250,7.965784284662087,33,theta_ell1_q2,2,1,2,global,1.0,30,0.0,4.089312362837161e-05,0.0,0.0,True,,inf,-4.089312362837161e-05,4.089312362837161e-05,False,0.0,0.0,False,0,0,1,global,250,250,8,8,0,0,8,1,31,31.25,31.0,32,0,31,2,"sorted(block,parameter,shift,basis)"
finite_shot_end_to_end,4,0,0,1,1,-2.2,-1.2787240261820123,250,7.965784284662087,35,theta_ell1_q0,0,1,0,global,1.0,30,0.0,0.00010906372473951098,0.0,0.0,True,,inf,-0.00010906372473951098,0.00010906372473951098,False,0.0,0.0,False,0,0,1,global,250,250,8,8,0,0,8,1,31,31.25,31.0,32,0,31,2,"sorted(block,parameter,shift,basis)"
finite_shot_end_to_end,4,0,0,1,1,-2.2,-1.2787240261820123,250,7.965784284662087,35,theta_ell1_q2,2,1,2,global,1.0,30,0.0,-5.472277340712317e-05,0.0,0.0,True,,inf,5.472277340712317e-05,5.472277340712317e-05,False,0.0,0.0,False,0,0,1,global,250,250,8,8,0,0,8,1,31,31.25,31.0,32,0,31,2,"sorted(block,parameter,shift,basis)"
finite_shot_end_to_end,4,0,0,1,1,-2.2,-1.2787240261820123,250,7.965784284662087,35,theta_ell1_q3,3,1,3,global,1.0,30,0.0,-0.00021070215147234173,0.0,0.0,True,,inf,0.00021070215147234173,0.00021070215147234173,False,0.0,0.0,False,0,0,1,global,250,250,8,8,0,0,8,1,31,31.25,31.0,32,0,31,2,"sorted(block,parameter,shift,basis)"
finite_shot_end_to_end,4,0,0,1,1,-2.2,-1.2787240261820123,500,8.965784284662087,0,theta_ell1_q0,0,1,0,global,1.0,30,0.0,-5.5993525219566465e-05,0.0,0.0,True,,inf,5.5993525219566465e-05,5.5993525219566465e-05,False,0.0,0.0,False,0,0,1,global,500,500,8,8,0,0,8,1,62,62.5,62.5,63,0,62,4,"sorted(block,parameter,shift,basis)"
finite_shot_end_to_end,4,0,0,1,1,-2.2,-1.2787240261820123,500,8.965784284662087,0,theta_ell1_q2,2,1,2,global,1.0,30,0.0,0.0007252288433407528,0.0,0.0,True,,inf,-0.0007252288433407528,0.0007252288433407528,False,0.0,0.0,False,0,0,1,global,500,500,8,8,0,0,8,1,62,62.5,62.5,63,0,62,4,"sorted(block,parameter,shift,basis)"
finite_shot_end_to_end,4,0,0,1,1,-2.2,-1.2787240261820123,500,8.965784284662087,0,theta_ell1_q3,3,1,3,global,1.0,30,0.0,0.00019226921154968935,0.0,0.0,True,,inf,-0.00019226921154968935,0.00019226921154968935,False,0.0,0.0,False,0,0,1,global,500,500,8,8,0,0,8,1,62,62.5,62.5,63,0,62,4,"sorted(block,parameter,shift,basis)"
finite_shot_end_to_end,4,0,0,1,1,-2.2,-1.2787240261820123,500,8.965784284662087,1,theta_ell1_q1,1,1,1,global,1.0,30,0.0,-9.080113973602977e-06,0.0,0.0,True,,inf,9.080113973602977e-06,9.080113973602977e-06,False,0.0,0.0,False,0,0,1,global,500,500,8,8,0,0,8,1,62,62.5,62.5,63,0,62,4,"sorted(block,parameter,shift,basis)"
finite_shot_end_to_end,4,0,0,1,1,-2.2,-1.2787240261820123,500,8.965784284662087,5,theta_ell1_q1,1,1,1,global,1.0,30,0.0,-0.00018749078105451122,0.0,0.0,True,,inf,0.00018749078105451122,0.00018749078105451122,False,0.0,0.0,False,0,0,1,global,500,500,8,8,0,0,8,1,62,62.5,62.5,63,0,62,4,"sorted(block,parameter,shift,basis)"
finite_shot_end_to_end,4,0,0,1,1,-2.2,-1.2787240261820123,500,8.965784284662087,8,theta_ell1_q0,0,1,0,global,1.0,30,0.0,-0.00015178254415665338,0.0,0.0,True,,inf,0.00015178254415665338,0.00015178254415665338,False,0.0,0.0,False,0,0,1,global,500,500,8,8,0,0,8,1,62,62.5,62.5,63,0,62,4,"sorted(block,parameter,shift,basis)"
finite_shot_end_to_end,4,0,0,1,1,-2.2,-1.2787240261820123,500,8.965784284662087,8,theta_ell1_q2,2,1,2,global,1.0,30,0.0,0.0003391040805610368,0.0,0.0,True,,inf,-0.0003391040805610368,0.0003391040805610368,False,0.0,0.0,False,0,0,1,global,500,500,8,8,0,0,8,1,62,62.5,62.5,63,0,62,4,"sorted(block,parameter,shift,basis)"
finite_shot_end_to_end,4,0,0,1,1,-2.2,-1.2787240261820123,500,8.965784284662087,13,theta_ell1_q1,1,1,1,global,1.0,30,0.0,7.314488825016507e-05,0.0,0.0,True,,inf,-7.314488825016507e-05,7.314488825016507e-05,False,0.0,0.0,False,0,0,1,global,500,500,8,8,0,0,8,1,62,62.5,62.5,63,0,62,4,"sorted(block,parameter,shift,basis)"
finite_shot_end_to_end,4,0,0,1,1,-2.2,-1.2787240261820123,500,8.965784284662087,14,theta_ell1_q0,0,1,0,global,1.0,30,0.0,1.3354923955599673e-07,0.0,0.0,True,,inf,-1.3354923955599673e-07,1.3354923955599673e-07,False,0.0,0.0,False,0,0,1,global,500,500,8,8,0,0,8,1,62,62.5,62.5,63,0,62,4,"sorted(block,parameter,shift,basis)"
finite_shot_end_to_end,4,0,0,1,1,-2.2,-1.2787240261820123,500,8.965784284662087,14,theta_ell1_q2,2,1,2,global,1.0,30,0.0,6.788113676714502e-08,0.0,0.0,True,,inf,-6.788113676714502e-08,6.788113676714502e-08,False,0.0,0.0,False,0,0,1,global,500,500,8,8,0,0,8,1,62,62.5,62.5,63,0,62,4,"sorted(block,parameter,shift,basis)"
finite_shot_end_to_end,4,0,0,1,1,-2.2,-1.2787240261820123,500,8.965784284662087,14,theta_ell1_q3,3,1,3,global,1.0,30,0.0,-3.6598248576158454e-07,0.0,0.0,True,,inf,3.6598248576158454e-07,3.6598248576158454e-07,False,0.0,0.0,False,0,0,1,global,500,500,8,8,0,0,8,1,62,62.5,62.5,63,0,62,4,"sorted(block,parameter,shift,basis)"
finite_shot_end_to_end,4,0,0,1,1,-2.2,-1.2787240261820123,500,8.965784284662087,28,theta_ell1_q1,1,1,1,global,1.0,30,0.0,1.069555820631951e-06,0.0,0.0,True,,inf,-1.069555820631951e-06,1.069555820631951e-06,False,0.0,0.0,False,0,0,1,global,500,500,8,8,0,0,8,1,62,62.5,62.5,63,0,62,4,"sorted(block,parameter,shift,basis)"
finite_shot_end_to_end,4,0,0,1,1,-2.2,-1.2787240261820123,500,8.965784284662087,31,theta_ell1_q1,1,1,1,global,1.0,30,0.0,8.891152123496893e-05,0.0,0.0,True,,inf,-8.891152123496893e-05,8.891152123496893e-05,False,0.0,0.0,False,0,0,1,global,500,500,8,8,0,0,8,1,62,62.5,62.5,63,0,62,4,"sorted(block,parameter,shift,basis)"
finite_shot_end_to_end,4,0,0,1,1,-2.2,-1.2787240261820123,500,8.965784284662087,32,theta_ell1_q0,0,1,0,global,1.0,30,0.0,1.1583707498930007e-05,0.0,0.0,True,,inf,-1.1583707498930007e-05,1.1583707498930007e-05,False,0.0,0.0,False,0,0,1,global,500,500,8,8,0,0,8,1,62,62.5,62.5,63,0,62,4,"sorted(block,parameter,shift,basis)"
finite_shot_end_to_end,4,0,0,1,1,-2.2,-1.2787240261820123,500,8.965784284662087,32,theta_ell1_q3,3,1,3,global,1.0,30,0.0,1.2993811984718384e-05,0.0,0.0,True,,inf,-1.2993811984718384e-05,1.2993811984718384e-05,False,0.0,0.0,False,0,0,1,global,500,500,8,8,0,0,8,1,62,62.5,62.5,63,0,62,4,"sorted(block,parameter,shift,basis)"
finite_shot_end_to_end,4,0,0,1,1,-2.2,-1.2787240261820123,500,8.965784284662087,33,theta_ell1_q1,1,1,1,global,1.0,30,0.0,1.0018646894038863e-05,0.0,0.0,True,,inf,-1.0018646894038863e-05,1.0018646894038863e-05,False,0.0,0.0,False,0,0,1,global,500,500,8,8,0,0,8,1,62,62.5,62.5,63,0,62,4,"sorted(block,parameter,shift,basis)"
finite_shot_end_to_end,4,0,0,1,1,-2.2,-1.2787240261820123,500,8.965784284662087,35,theta_ell1_q2,2,1,2,global,1.0,30,0.0,-5.472277340712317e-05,0.0,0.0,True,,inf,5.472277340712317e-05,5.472277340712317e-05,False,0.0,0.0,False,0,0,1,global,500,500,8,8,0,0,8,1,62,62.5,62.5,63,0,62,4,"sorted(block,parameter,shift,basis)"
finite_shot_end_to_end,4,0,0,1,1,-2.2,-1.2787240261820123,500,8.965784284662087,35,theta_ell1_q3,3,1,3,global,1.0,30,0.0,-0.00021070215147234173,0.0,0.0,True,,inf,0.00021070215147234173,0.00021070215147234173,False,0.0,0.0,False,0,0,1,global,500,500,8,8,0,0,8,1,62,62.5,62.5,63,0,62,4,"sorted(block,parameter,shift,basis)"
finite_shot_end_to_end,4,0,0,1,1,-2.2,-1.2787240261820123,1000,9.965784284662087,14,theta_ell1_q0,0,1,0,global,1.0,30,0.0,1.3354923955599673e-07,0.0,0.0,True,,inf,-1.3354923955599673e-07,1.3354923955599673e-07,False,0.0,0.0,False,0,0,1,global,1000,1000,8,8,0,0,8,1,125,125.0,125.0,125,0,125,0,"sorted(block,parameter,shift,basis)"
finite_shot_end_to_end,4,0,0,1,1,-2.2,-1.2787240261820123,1000,9.965784284662087,14,theta_ell1_q3,3,1,3,global,1.0,30,0.0,-3.6598248576158454e-07,0.0,0.0,True,,inf,3.6598248576158454e-07,3.6598248576158454e-07,False,0.0,0.0,False,0,0,1,global,1000,1000,8,8,0,0,8,1,125,125.0,125.0,125,0,125,0,"sorted(block,parameter,shift,basis)"
finite_shot_end_to_end,4,0,0,1,1,-2.2,-1.2787240261820123,1000,9.965784284662087,28,theta_ell1_q1,1,1,1,global,1.0,30,0.0,1.069555820631951e-06,0.0,0.0,True,,inf,-1.069555820631951e-06,1.069555820631951e-06,False,0.0,0.0,False,0,0,1,global,1000,1000,8,8,0,0,8,1,125,125.0,125.0,125,0,125,0,"sorted(block,parameter,shift,basis)"
finite_shot_end_to_end,4,0,0,1,1,-2.2,-1.2787240261820123,1000,9.965784284662087,31,theta_ell1_q1,1,1,1,global,1.0,30,0.0,8.891152123496893e-05,0.0,0.0,True,,inf,-8.891152123496893e-05,8.891152123496893e-05,False,0.0,0.0,False,0,0,1,global,1000,1000,8,8,0,0,8,1,125,125.0,125.0,125,0,125,0,"sorted(block,parameter,shift,basis)"
finite_shot_end_to_end,4,0,0,1,1,-2.2,-1.2787240261820123,1000,9.965784284662087,32,theta_ell1_q0,0,1,0,global,1.0,30,0.0,1.1583707498930007e-05,0.0,0.0,True,,inf,-1.1583707498930007e-05,1.1583707498930007e-05,False,0.0,0.0,False,0,0,1,global,1000,1000,8,8,0,0,8,1,125,125.0,125.0,125,0,125,0,"sorted(block,parameter,shift,basis)"
finite_shot_end_to_end,4,0,0,1,1,-2.2,-1.2787240261820123,1000,9.965784284662087,32,theta_ell1_q3,3,1,3,global,1.0,30,0.0,1.2993811984718384e-05,0.0,0.0,True,,inf,-1.2993811984718384e-05,1.2993811984718384e-05,False,0.0,0.0,False,0,0,1,global,1000,1000,8,8,0,0,8,1,125,125.0,125.0,125,0,125,0,"sorted(block,parameter,shift,basis)"
finite_shot_end_to_end,4,0,0,1,1,-2.2,-1.2787240261820123,1000,9.965784284662087,33,theta_ell1_q1,1,1,1,global,1.0,30,0.0,1.0018646894038863e-05,0.0,0.0,True,,inf,-1.0018646894038863e-05,1.0018646894038863e-05,False,0.0,0.0,False,0,0,1,global,1000,1000,8,8,0,0,8,1,125,125.0,125.0,125,0,125,0,"sorted(block,parameter,shift,basis)"
finite_shot_end_to_end,4,0,0,1,1,-2.2,-1.2787240261820123,2000,10.965784284662087,0,theta_ell1_q0,0,1,0,global,1.0,30,0.0,-5.5993525219566465e-05,0.0,0.0,True,,inf,5.5993525219566465e-05,5.5993525219566465e-05,False,0.0,0.0,False,0,0,1,global,2000,2000,8,8,0,0,8,1,250,250.0,250.0,250,0,250,0,"sorted(block,parameter,shift,basis)"
finite_shot_end_to_end,4,0,0,1,1,-2.2,-1.2787240261820123,2000,10.965784284662087,7,theta_ell1_q0,0,1,0,global,1.0,30,0.0,0.00019040030455319545,0.0,0.0,True,,inf,-0.00019040030455319545,0.00019040030455319545,False,0.0,0.0,False,0,0,1,global,2000,2000,8,8,0,0,8,1,250,250.0,250.0,250,0,250,0,"sorted(block,parameter,shift,basis)"
finite_shot_end_to_end,4,0,0,1,1,-2.2,-1.2787240261820123,2000,10.965784284662087,14,theta_ell1_q0,0,1,0,global,1.0,30,0.0,1.3354923955599673e-07,0.0,0.0,True,,inf,-1.3354923955599673e-07,1.3354923955599673e-07,False,0.0,0.0,False,0,0,1,global,2000,2000,8,8,0,0,8,1,250,250.0,250.0,250,0,250,0,"sorted(block,parameter,shift,basis)"
finite_shot_end_to_end,4,0,0,1,1,-2.2,-1.2787240261820123,2000,10.965784284662087,14,theta_ell1_q2,2,1,2,global,1.0,30,0.0,6.788113676714502e-08,0.0,0.0,True,,inf,-6.788113676714502e-08,6.788113676714502e-08,False,0.0,0.0,False,0,0,1,global,2000,2000,8,8,0,0,8,1,250,250.0,250.0,250,0,250,0,"sorted(block,parameter,shift,basis)"
finite_shot_end_to_end,4,0,0,1,1,-2.2,-1.2787240261820123,2000,10.965784284662087,14,theta_ell1_q3,3,1,3,global,1.0,30,0.0,-3.6598248576158454e-07,0.0,0.0,True,,inf,3.6598248576158454e-07,3.6598248576158454e-07,False,0.0,0.0,False,0,0,1,global,2000,2000,8,8,0,0,8,1,250,250.0,250.0,250,0,250,0,"sorted(block,parameter,shift,basis)"
finite_shot_end_to_end,4,0,0,1,1,-2.2,-1.2787240261820123,2000,10.965784284662087,28,theta_ell1_q1,1,1,1,global,1.0,30,0.0,1.069555820631951e-06,0.0,0.0,True,,inf,-1.069555820631951e-06,1.069555820631951e-06,False,0.0,0.0,False,0,0,1,global,2000,2000,8,8,0,0,8,1,250,250.0,250.0,250,0,250,0,"sorted(block,parameter,shift,basis)"
finite_shot_end_to_end,4,0,0,1,1,-2.2,-1.2787240261820123,2000,10.965784284662087,32,theta_ell1_q0,0,1,0,global,1.0,30,0.0,1.1583707498930007e-05,0.0,0.0,True,,inf,-1.1583707498930007e-05,1.1583707498930007e-05,False,0.0,0.0,False,0,0,1,global,2000,2000,8,8,0,0,8,1,250,250.0,250.0,250,0,250,0,"sorted(block,parameter,shift,basis)"
finite_shot_end_to_end,4,0,0,1,1,-2.2,-1.2787240261820123,2000,10.965784284662087,32,theta_ell1_q3,3,1,3,global,1.0,30,0.0,1.2993811984718384e-05,0.0,0.0,True,,inf,-1.2993811984718384e-05,1.2993811984718384e-05,False,0.0,0.0,False,0,0,1,global,2000,2000,8,8,0,0,8,1,250,250.0,250.0,250,0,250,0,"sorted(block,parameter,shift,basis)"
finite_shot_end_to_end,4,0,0,1,1,-2.2,-1.2787240261820123,2000,10.965784284662087,33,theta_ell1_q1,1,1,1,global,1.0,30,0.0,1.0018646894038863e-05,0.0,0.0,True,,inf,-1.0018646894038863e-05,1.0018646894038863e-05,False,0.0,0.0,False,0,0,1,global,2000,2000,8,8,0,0,8,1,250,250.0,250.0,250,0,250,0,"sorted(block,parameter,shift,basis)"
finite_shot_end_to_end,4,0,0,1,1,-2.2,-1.2787240261820123,2000,10.965784284662087,35,theta_ell1_q2,2,1,2,global,1.0,30,0.0,-5.472277340712317e-05,0.0,0.0,True,,inf,5.472277340712317e-05,5.472277340712317e-05,False,0.0,0.0,False,0,0,1,global,2000,2000,8,8,0,0,8,1,250,250.0,250.0,250,0,250,0,"sorted(block,parameter,shift,basis)"
finite_shot_end_to_end,4,0,0,1,2,-1.2000000000000002,-0.6974858324629158,250,7.965784284662087,1,theta_ell2_q1,5,2,1,global,1.0,30,0.0,-2.4000334845564186e-05,0.0,0.0,True,,inf,2.4000334845564186e-05,2.4000334845564186e-05,False,0.0,0.0,False,0,0,1,global,250,250,17,16,1,8,8,1,14,14.705882352941176,15.0,15,0,14,12,"sorted(block,parameter,shift,basis)"
finite_shot_end_to_end,4,0,0,1,2,-1.2000000000000002,-0.6974858324629158,250,7.965784284662087,7,theta_ell2_q3,7,2,3,global,1.0,30,0.0,0.00021708449817192665,0.0,0.0,True,,inf,-0.00021708449817192665,0.00021708449817192665,False,0.0,0.0,False,0,0,1,global,250,250,17,16,1,8,8,1,14,14.705882352941176,15.0,15,0,14,12,"sorted(block,parameter,shift,basis)"
finite_shot_end_to_end,4,0,0,1,2,-1.2000000000000002,-0.6974858324629158,250,7.965784284662087,18,theta_ell2_q3,7,2,3,global,1.0,30,0.0,-9.508518829576262e-05,0.0,0.0,True,,inf,9.508518829576262e-05,9.508518829576262e-05,False,0.0,0.0,False,0,0,1,global,250,250,17,16,1,8,8,1,14,14.705882352941176,15.0,15,0,14,12,"sorted(block,parameter,shift,basis)"
finite_shot_end_to_end,4,0,0,1,2,-1.2000000000000002,-0.6974858324629158,250,7.965784284662087,36,theta_ell2_q0,4,2,0,global,1.0,30,0.0,-3.3744409283664734e-05,0.0,0.0,True,,inf,3.3744409283664734e-05,3.3744409283664734e-05,False,0.0,0.0,False,0,0,1,global,250,250,17,16,1,8,8,1,14,14.705882352941176,15.0,15,0,14,12,"sorted(block,parameter,shift,basis)"
finite_shot_end_to_end,4,0,0,1,2,-1.2000000000000002,-0.6974858324629158,250,7.965784284662087,36,theta_ell2_q2,6,2,2,global,1.0,30,0.0,2.1583496360166876e-05,0.0,0.0,True,,inf,-2.1583496360166876e-05,2.1583496360166876e-05,False,0.0,0.0,False,0,0,1,global,250,250,17,16,1,8,8,1,14,14.705882352941176,15.0,15,0,14,12,"sorted(block,parameter,shift,basis)"
finite_shot_end_to_end,4,0,0,1,2,-1.2000000000000002,-0.6974858324629158,250,7.965784284662087,36,theta_ell2_q3,7,2,3,global,1.0,30,0.0,1.0312172909254791e-05,0.0,0.0,True,,inf,-1.0312172909254791e-05,1.0312172909254791e-05,False,0.0,0.0,False,0,0,1,global,250,250,17,16,1,8,8,1,14,14.705882352941176,15.0,15,0,14,12,"sorted(block,parameter,shift,basis)"
finite_shot_end_to_end,4,0,0,1,2,-1.2000000000000002,-0.6974858324629158,250,7.965784284662087,38,theta_ell2_q1,5,2,1,global,1.0,30,0.0,2.690042111286317e-07,0.0,0.0,True,,inf,-2.690042111286317e-07,2.690042111286317e-07,False,0.0,0.0,False,0,0,1,global,250,250,17,16,1,8,8,1,14,14.705882352941176,15.0,15,0,14,12,"sorted(block,parameter,shift,basis)"
finite_shot_end_to_end,4,0,0,1,2,-1.2000000000000002,-0.6974858324629158,250,7.965784284662087,45,theta_ell2_q0,4,2,0,global,1.0,30,0.0,0.00014364842029096492,0.0,0.0,True,,inf,-0.00014364842029096492,0.00014364842029096492,False,0.0,0.0,False,0,0,1,global,250,250,17,16,1,8,8,1,14,14.705882352941176,15.0,15,0,14,12,"sorted(block,parameter,shift,basis)"
finite_shot_end_to_end,4,0,0,1,2,-1.2000000000000002,-0.6974858324629158,250,7.965784284662087,45,theta_ell2_q3,7,2,3,global,1.0,30,0.0,-0.0002856876888021609,0.0,0.0,True,,inf,0.0002856876888021609,0.0002856876888021609,False,0.0,0.0,False,0,0,1,global,250,250,17,16,1,8,8,1,14,14.705882352941176,15.0,15,0,14,12,"sorted(block,parameter,shift,basis)"
finite_shot_end_to_end,4,0,0,1,2,-1.2000000000000002,-0.6974858324629158,250,7.965784284662087,48,theta_ell2_q0,4,2,0,global,1.0,30,0.0,-0.0001688049454856566,0.0,0.0,True,,inf,0.0001688049454856566,0.0001688049454856566,False,0.0,0.0,False,0,0,1,global,250,250,17,16,1,8,8,1,14,14.705882352941176,15.0,15,0,14,12,"sorted(block,parameter,shift,basis)"
finite_shot_end_to_end,4,0,0,1,2,-1.2000000000000002,-0.6974858324629158,250,7.965784284662087,48,theta_ell2_q2,6,2,2,global,1.0,30,0.0,1.9472403931741766e-05,0.0,0.0,True,,inf,-1.9472403931741766e-05,1.9472403931741766e-05,False,0.0,0.0,False,0,0,1,global,250,250,17,16,1,8,8,1,14,14.705882352941176,15.0,15,0,14,12,"sorted(block,parameter,shift,basis)"
finite_shot_end_to_end,4,0,0,1,2,-1.2000000000000002,-0.6974858324629158,500,8.965784284662087,7,theta_ell2_q2,6,2,2,global,1.0,30,0.0,-4.559257302405584e-05,0.0,0.0,True,,inf,4.559257302405584e-05,4.559257302405584e-05,False,0.0,0.0,False,0,0,1,global,500,500,17,16,1,8,8,1,29,29.41176470588235,29.0,30,0,29,7,"sorted(block,parameter,shift,basis)"
finite_shot_end_to_end,4,0,0,1,2,-1.2000000000000002,-0.6974858324629158,500,8.965784284662087,18,theta_ell2_q1,5,2,1,global,1.0,30,0.0,-0.00036258042300257864,0.0,0.0,True,,inf,0.00036258042300257864,0.00036258042300257864,False,0.0,0.0,False,0,0,1,global,500,500,17,16,1,8,8,1,29,29.41176470588235,29.0,30,0,29,7,"sorted(block,parameter,shift,basis)"
finite_shot_end_to_end,4,0,0,1,2,-1.2000000000000002,-0.6974858324629158,500,8.965784284662087,18,theta_ell2_q3,7,2,3,global,1.0,30,0.0,-9.508518829576262e-05,0.0,0.0,True,,inf,9.508518829576262e-05,9.508518829576262e-05,False,0.0,0.0,False,0,0,1,global,500,500,17,16,1,8,8,1,29,29.41176470588235,29.0,30,0,29,7,"sorted(block,parameter,shift,basis)"
finite_shot_end_to_end,4,0,0,1,2,-1.2000000000000002,-0.6974858324629158,500,8.965784284662087,36,theta_ell2_q0,4,2,0,global,1.0,30,0.0,-3.3744409283664734e-05,0.0,0.0,True,,inf,3.3744409283664734e-05,3.3744409283664734e-05,False,0.0,0.0,False,0,0,1,global,500,500,17,16,1,8,8,1,29,29.41176470588235,29.0,30,0,29,7,"sorted(block,parameter,shift,basis)"
finite_shot_end_to_end,4,0,0,1,2,-1.2000000000000002,-0.6974858324629158,500,8.965784284662087,36,theta_ell2_q2,6,2,2,global,1.0,30,0.0,2.1583496360166876e-05,0.0,0.0,True,,inf,-2.1583496360166876e-05,2.1583496360166876e-05,False,0.0,0.0,False,0,0,1,global,500,500,17,16,1,8,8,1,29,29.41176470588235,29.0,30,0,29,7,"sorted(block,parameter,shift,basis)"
finite_shot_end_to_end,4,0,0,1,2,-1.2000000000000002,-0.6974858324629158,500,8.965784284662087,36,theta_ell2_q3,7,2,3,global,1.0,30,0.0,1.0312172909254791e-05,0.0,0.0,True,,inf,-1.0312172909254791e-05,1.0312172909254791e-05,False,0.0,0.0,False,0,0,1,global,500,500,17,16,1,8,8,1,29,29.41176470588235,29.0,30,0,29,7,"sorted(block,parameter,shift,basis)"
finite_shot_end_to_end,4,0,0,1,2,-1.2000000000000002,-0.6974858324629158,500,8.965784284662087,38,theta_ell2_q1,5,2,1,global,1.0,30,0.0,2.690042111286317e-07,0.0,0.0,True,,inf,-2.690042111286317e-07,2.690042111286317e-07,False,0.0,0.0,False,0,0,1,global,500,500,17,16,1,8,8,1,29,29.41176470588235,29.0,30,0,29,7,"sorted(block,parameter,shift,basis)"
finite_shot_end_to_end,4,0,0,1,2,-1.2000000000000002,-0.6974858324629158,500,8.965784284662087,45,theta_ell2_q0,4,2,0,global,1.0,30,0.0,0.00014364842029096492,0.0,0.0,True,,inf,-0.00014364842029096492,0.00014364842029096492,False,0.0,0.0,False,0,0,1,global,500,500,17,16,1,8,8,1,29,29.41176470588235,29.0,30,0,29,7,"sorted(block,parameter,shift,basis)"
finite_shot_end_to_end,4,0,0,1,2,-1.2000000000000002,-0.6974858324629158,500,8.965784284662087,45,theta_ell2_q3,7,2,3,global,1.0,30,0.0,-0.0002856876888021609,0.0,0.0,True,,inf,0.0002856876888021609,0.0002856876888021609,False,0.0,0.0,False,0,0,1,global,500,500,17,16,1,8,8,1,29,29.41176470588235,29.0,30,0,29,7,"sorted(block,parameter,shift,basis)"
finite_shot_end_to_end,4,0,0,1,2,-1.2000000000000002,-0.6974858324629158,500,8.965784284662087,48,theta_ell2_q0,4,2,0,global,1.0,30,0.0,-0.0001688049454856566,0.0,0.0,True,,inf,0.0001688049454856566,0.0001688049454856566,False,0.0,0.0,False,0,0,1,global,500,500,17,16,1,8,8,1,29,29.41176470588235,29.0,30,0,29,7,"sorted(block,parameter,shift,basis)"
finite_shot_end_to_end,4,0,0,1,2,-1.2000000000000002,-0.6974858324629158,500,8.965784284662087,48,theta_ell2_q3,7,2,3,global,1.0,30,0.0,0.0003380430644049359,0.0,0.0,True,,inf,-0.0003380430644049359,0.0003380430644049359,False,0.0,0.0,False,0,0,1,global,500,500,17,16,1,8,8,1,29,29.41176470588235,29.0,30,0,29,7,"sorted(block,parameter,shift,basis)"
finite_shot_end_to_end,4,0,0,1,2,-1.2000000000000002,-0.6974858324629158,1000,9.965784284662087,33,theta_ell2_q0,4,2,0,global,1.0,30,0.0,-0.00011039529178447083,0.0,0.0,True,,inf,0.00011039529178447083,0.00011039529178447083,False,0.0,0.0,False,0,0,1,global,1000,1000,17,16,1,8,8,1,58,58.8235294117647,59.0,59,0,58,14,"sorted(block,parameter,shift,basis)"
finite_shot_end_to_end,4,0,0,1,2,-1.2000000000000002,-0.6974858324629158,1000,9.965784284662087,36,theta_ell2_q3,7,2,3,global,1.0,30,0.0,1.0312172909254791e-05,0.0,0.0,True,,inf,-1.0312172909254791e-05,1.0312172909254791e-05,False,0.0,0.0,False,0,0,1,global,1000,1000,17,16,1,8,8,1,58,58.8235294117647,59.0,59,0,58,14,"sorted(block,parameter,shift,basis)"
finite_shot_end_to_end,4,0,0,1,2,-1.2000000000000002,-0.6974858324629158,1000,9.965784284662087,38,theta_ell2_q1,5,2,1,global,1.0,30,0.0,2.690042111286317e-07,0.0,0.0,True,,inf,-2.690042111286317e-07,2.690042111286317e-07,False,0.0,0.0,False,0,0,1,global,1000,1000,17,16,1,8,8,1,58,58.8235294117647,59.0,59,0,58,14,"sorted(block,parameter,shift,basis)"
finite_shot_end_to_end,4,0,0,1,2,-1.2000000000000002,-0.6974858324629158,1000,9.965784284662087,45,theta_ell2_q0,4,2,0,global,1.0,30,0.0,0.00014364842029096492,0.0,0.0,True,,inf,-0.00014364842029096492,0.00014364842029096492,False,0.0,0.0,False,0,0,1,global,1000,1000,17,16,1,8,8,1,58,58.8235294117647,59.0,59,0,58,14,"sorted(block,parameter,shift,basis)"
finite_shot_end_to_end,4,0,0,1,2,-1.2000000000000002,-0.6974858324629158,2000,10.965784284662087,7,theta_ell2_q2,6,2,2,global,1.0,30,0.0,-4.559257302405584e-05,0.0,0.0,True,,inf,4.559257302405584e-05,4.559257302405584e-05,False,0.0,0.0,False,0,0,1,global,2000,2000,17,16,1,8,8,1,117,117.6470588235294,118.0,118,0,117,11,"sorted(block,parameter,shift,basis)"
finite_shot_end_to_end,4,0,0,1,2,-1.2000000000000002,-0.6974858324629158,2000,10.965784284662087,33,theta_ell2_q0,4,2,0,global,1.0,30,0.0,-0.00011039529178447083,0.0,0.0,True,,inf,0.00011039529178447083,0.00011039529178447083,False,0.0,0.0,False,0,0,1,global,2000,2000,17,16,1,8,8,1,117,117.6470588235294,118.0,118,0,117,11,"sorted(block,parameter,shift,basis)"
finite_shot_end_to_end,4,0,0,1,2,-1.2000000000000002,-0.6974858324629158,2000,10.965784284662087,33,theta_ell2_q1,5,2,1,global,1.0,30,0.0,-8.570836399623971e-05,0.0,0.0,True,,inf,8.570836399623971e-05,8.570836399623971e-05,False,0.0,0.0,False,0,0,1,global,2000,2000,17,16,1,8,8,1,117,117.6470588235294,118.0,118,0,117,11,"sorted(block,parameter,shift,basis)"
finite_shot_end_to_end,4,0,0,1,2,-1.2000000000000002,-0.6974858324629158,2000,10.965784284662087,36,theta_ell2_q2,6,2,2,global,1.0,30,0.0,2.1583496360166876e-05,0.0,0.0,True,,inf,-2.1583496360166876e-05,2.1583496360166876e-05,False,0.0,0.0,False,0,0,1,global,2000,2000,17,16,1,8,8,1,117,117.6470588235294,118.0,118,0,117,11,"sorted(block,parameter,shift,basis)"
finite_shot_end_to_end,4,0,0,1,2,-1.2000000000000002,-0.6974858324629158,2000,10.965784284662087,36,theta_ell2_q3,7,2,3,global,1.0,30,0.0,1.0312172909254791e-05,0.0,0.0,True,,inf,-1.0312172909254791e-05,1.0312172909254791e-05,False,0.0,0.0,False,0,0,1,global,2000,2000,17,16,1,8,8,1,117,117.6470588235294,118.0,118,0,117,11,"sorted(block,parameter,shift,basis)"
finite_shot_end_to_end,4,0,0,1,2,-1.2000000000000002,-0.6974858324629158,2000,10.965784284662087,38,theta_ell2_q1,5,2,1,global,1.0,30,0.0,2.690042111286317e-07,0.0,0.0,True,,inf,-2.690042111286317e-07,2.690042111286317e-07,False,0.0,0.0,False,0,0,1,global,2000,2000,17,16,1,8,8,1,117,117.6470588235294,118.0,118,0,117,11,"sorted(block,parameter,shift,basis)"
finite_shot_end_to_end,4,0,0,1,2,-1.2000000000000002,-0.6974858324629158,2000,10.965784284662087,39,theta_ell2_q0,4,2,0,global,1.0,30,0.0,2.141702161728709e-07,0.0,0.0,True,,inf,-2.141702161728709e-07,2.141702161728709e-07,False,0.0,0.0,False,0,0,1,global,2000,2000,17,16,1,8,8,1,117,117.6470588235294,118.0,118,0,117,11,"sorted(block,parameter,shift,basis)"
finite_shot_end_to_end,4,0,0,1,2,-1.2000000000000002,-0.6974858324629158,2000,10.965784284662087,39,theta_ell2_q2,6,2,2,global,1.0,30,0.0,1.28168989310673e-08,0.0,0.0,True,,inf,-1.28168989310673e-08,1.28168989310673e-08,False,0.0,0.0,False,0,0,1,global,2000,2000,17,16,1,8,8,1,117,117.6470588235294,118.0,118,0,117,11,"sorted(block,parameter,shift,basis)"
finite_shot_end_to_end,4,0,0,1,3,-0.20000000000000018,-0.11624763874381938,250,7.965784284662087,17,theta_ell3_q0,8,3,0,global,1.0,30,0.0,0.00022321142399778227,0.0,0.0,True,,inf,-0.00022321142399778227,0.00022321142399778227,False,0.0,0.0,False,0,0,1,global,250,250,26,24,2,16,8,1,9,9.615384615384615,10.0,10,0,9,16,"sorted(block,parameter,shift,basis)"
finite_shot_end_to_end,4,0,0,1,3,-0.20000000000000018,-0.11624763874381938,250,7.965784284662087,19,theta_ell3_q0,8,3,0,global,1.0,30,0.0,0.0020467165468786575,0.0,0.0,True,,inf,-0.0020467165468786575,0.0020467165468786575,False,0.0,0.0,False,0,0,1,global,250,250,26,24,2,16,8,1,9,9.615384615384615,10.0,10,0,9,16,"sorted(block,parameter,shift,basis)"
finite_shot_end_to_end,4,0,0,1,3,-0.20000000000000018,-0.11624763874381938,250,7.965784284662087,20,theta_ell3_q3,11,3,3,global,1.0,30,0.0,-1.8583867201271698e-05,0.0,0.0,True,,inf,1.8583867201271698e-05,1.8583867201271698e-05,False,0.0,0.0,False,0,0,1,global,250,250,26,24,2,16,8,1,9,9.615384615384615,10.0,10,0,9,16,"sorted(block,parameter,shift,basis)"
finite_shot_end_to_end,4,0,0,1,3,-0.20000000000000018,-0.11624763874381938,250,7.965784284662087,29,theta_ell3_q2,10,3,2,global,1.0,30,0.0,4.002274849246312e-05,0.0,0.0,True,,inf,-4.002274849246312e-05,4.002274849246312e-05,False,0.0,0.0,False,0,0,1,global,250,250,26,24,2,16,8,1,9,9.615384615384615,10.0,10,0,9,16,"sorted(block,parameter,shift,basis)"
finite_shot_end_to_end,4,0,0,1,3,-0.20000000000000018,-0.11624763874381938,250,7.965784284662087,35,theta_ell3_q3,11,3,3,global,1.0,30,0.0,-0.00019587098140960713,0.0,0.0,True,,inf,0.00019587098140960713,0.00019587098140960713,False,0.0,0.0,False,0,0,1,global,250,250,26,24,2,16,8,1,9,9.615384615384615,10.0,10,0,9,16,"sorted(block,parameter,shift,basis)"
finite_shot_end_to_end,4,0,0,1,3,-0.20000000000000018,-0.11624763874381938,250,7.965784284662087,40,theta_ell3_q0,8,3,0,global,1.0,30,0.0,0.0009522418293548829,0.0,0.0,True,,inf,-0.0009522418293548829,0.0009522418293548829,False,0.0,0.0,False,0,0,1,global,250,250,26,24,2,16,8,1,9,9.615384615384615,10.0,10,0,9,16,"sorted(block,parameter,shift,basis)"
finite_shot_end_to_end,4,0,0,1,3,-0.20000000000000018,-0.11624763874381938,250,7.965784284662087,42,theta_ell3_q3,11,3,3,global,1.0,30,0.0,5.8605165079717025e-06,0.0,0.0,True,,inf,-5.8605165079717025e-06,5.8605165079717025e-06,False,0.0,0.0,False,0,0,1,global,250,250,26,24,2,16,8,1,9,9.615384615384615,10.0,10,0,9,16,"sorted(block,parameter,shift,basis)"
finite_shot_end_to_end,4,0,0,1,3,-0.20000000000000018,-0.11624763874381938,250,7.965784284662087,48,theta_ell3_q2,10,3,2,global,1.0,30,0.0,-0.0003989947174064534,0.0,0.0,True,,inf,0.0003989947174064534,0.0003989947174064534,False,0.0,0.0,False,0,0,1,global,250,250,26,24,2,16,8,1,9,9.615384615384615,10.0,10,0,9,16,"sorted(block,parameter,shift,basis)"
finite_shot_end_to_end,4,0,0,1,3,-0.20000000000000018,-0.11624763874381938,500,8.965784284662087,0,theta_ell3_q2,10,3,2,global,1.0,30,0.0,-0.001871152574409396,0.0,0.0,True,,inf,0.001871152574409396,0.001871152574409396,False,0.0,0.0,False,0,0,1,global,500,500,26,24,2,16,8,1,19,19.23076923076923,19.0,20,0,19,6,"sorted(block,parameter,shift,basis)"
finite_shot_end_to_end,4,0,0,1,3,-0.20000000000000018,-0.11624763874381938,500,8.965784284662087,5,theta_ell3_q0,8,3,0,global,1.0,30,0.0,0.000410010604403821,0.0,0.0,True,,inf,-0.000410010604403821,0.000410010604403821,False,0.0,0.0,False,0,0,1,global,500,500,26,24,2,16,8,1,19,19.23076923076923,19.0,20,0,19,6,"sorted(block,parameter,shift,basis)"
finite_shot_end_to_end,4,0,0,1,3,-0.20000000000000018,-0.11624763874381938,500,8.965784284662087,20,theta_ell3_q3,11,3,3,global,1.0,30,0.0,-1.8583867201271698e-05,0.0,0.0,True,,inf,1.8583867201271698e-05,1.8583867201271698e-05,False,0.0,0.0,False,0,0,1,global,500,500,26,24,2,16,8,1,19,19.23076923076923,19.0,20,0,19,6,"sorted(block,parameter,shift,basis)"
finite_shot_end_to_end,4,0,0,1,3,-0.20000000000000018,-0.11624763874381938,500,8.965784284662087,28,theta_ell3_q3,11,3,3,global,1.0,30,0.0,-0.0014277189894225661,0.0,0.0,True,,inf,0.0014277189894225661,0.0014277189894225661,False,0.0,0.0,False,0,0,1,global,500,500,26,24,2,16,8,1,19,19.23076923076923,19.0,20,0,19,6,"sorted(block,parameter,shift,basis)"
finite_shot_end_to_end,4,0,0,1,3,-0.20000000000000018,-0.11624763874381938,500,8.965784284662087,35,theta_ell3_q3,11,3,3,global,1.0,30,0.0,-0.00019587098140960713,0.0,0.0,True,,inf,0.00019587098140960713,0.00019587098140960713,False,0.0,0.0,False,0,0,1,global,500,500,26,24,2,16,8,1,19,19.23076923076923,19.0,20,0,19,6,"sorted(block,parameter,shift,basis)"
finite_shot_end_to_end,4,0,0,1,3,-0.20000000000000018,-0.11624763874381938,500,8.965784284662087,42,theta_ell3_q0,8,3,0,global,1.0,30,0.0,-4.410760482842502e-05,0.0,0.0,True,,inf,4.410760482842502e-05,4.410760482842502e-05,False,0.0,0.0,False,0,0,1,global,500,500,26,24,2,16,8,1,19,19.23076923076923,19.0,20,0,19,6,"sorted(block,parameter,shift,basis)"
finite_shot_end_to_end,4,0,0,1,3,-0.20000000000000018,-0.11624763874381938,500,8.965784284662087,48,theta_ell3_q0,8,3,0,global,1.0,30,0.0,-0.00017763435743423095,0.0,0.0,True,,inf,0.00017763435743423095,0.00017763435743423095,False,0.0,0.0,False,0,0,1,global,500,500,26,24,2,16,8,1,19,19.23076923076923,19.0,20,0,19,6,"sorted(block,parameter,shift,basis)"
finite_shot_end_to_end,4,0,0,1,3,-0.20000000000000018,-0.11624763874381938,500,8.965784284662087,48,theta_ell3_q2,10,3,2,global,1.0,30,0.0,-0.0003989947174064534,0.0,0.0,True,,inf,0.0003989947174064534,0.0003989947174064534,False,0.0,0.0,False,0,0,1,global,500,500,26,24,2,16,8,1,19,19.23076923076923,19.0,20,0,19,6,"sorted(block,parameter,shift,basis)"
finite_shot_end_to_end,4,0,0,1,3,-0.20000000000000018,-0.11624763874381938,1000,9.965784284662087,35,theta_ell3_q0,8,3,0,global,1.0,30,0.0,0.00021825498558164513,0.0,0.0,True,,inf,-0.00021825498558164513,0.00021825498558164513,False,0.0,0.0,False,0,0,1,global,1000,1000,26,24,2,16,8,1,38,38.46153846153846,38.0,39,0,38,12,"sorted(block,parameter,shift,basis)"
finite_shot_end_to_end,4,0,0,1,3,-0.20000000000000018,-0.11624763874381938,1000,9.965784284662087,35,theta_ell3_q3,11,3,3,global,1.0,30,0.0,-0.00019587098140960713,0.0,0.0,True,,inf,0.00019587098140960713,0.00019587098140960713,False,0.0,0.0,False,0,0,1,global,1000,1000,26,24,2,16,8,1,38,38.46153846153846,38.0,39,0,38,12,"sorted(block,parameter,shift,basis)"
finite_shot_end_to_end,4,0,0,1,3,-0.20000000000000018,-0.11624763874381938,1000,9.965784284662087,42,theta_ell3_q3,11,3,3,global,1.0,30,0.0,5.8605165079717025e-06,0.0,0.0,True,,inf,-5.8605165079717025e-06,5.8605165079717025e-06,False,0.0,0.0,False,0,0,1,global,1000,1000,26,24,2,16,8,1,38,38.46153846153846,38.0,39,0,38,12,"sorted(block,parameter,shift,basis)"
finite_shot_end_to_end,4,0,0,1,3,-0.20000000000000018,-0.11624763874381938,2000,10.965784284662087,17,theta_ell3_q1,9,3,1,global,1.0,30,0.0,3.73405924833925e-05,0.0,0.0,True,,inf,-3.73405924833925e-05,3.73405924833925e-05,False,0.0,0.0,False,0,0,1,global,2000,2000,26,24,2,16,8,1,76,76.92307692307692,77.0,77,0,76,24,"sorted(block,parameter,shift,basis)"
finite_shot_end_to_end,4,0,0,1,3,-0.20000000000000018,-0.11624763874381938,2000,10.965784284662087,20,theta_ell3_q3,11,3,3,global,1.0,30,0.0,-1.8583867201271698e-05,0.0,0.0,True,,inf,1.8583867201271698e-05,1.8583867201271698e-05,False,0.0,0.0,False,0,0,1,global,2000,2000,26,24,2,16,8,1,76,76.92307692307692,77.0,77,0,76,24,"sorted(block,parameter,shift,basis)"
finite_shot_end_to_end,4,0,0,1,3,-0.20000000000000018,-0.11624763874381938,2000,10.965784284662087,29,theta_ell3_q0,8,3,0,global,1.0,30,0.0,2.7090835140575198e-05,0.0,0.0,True,,inf,-2.7090835140575198e-05,2.7090835140575198e-05,False,0.0,0.0,False,0,0,1,global,2000,2000,26,24,2,16,8,1,76,76.92307692307692,77.0,77,0,76,24,"sorted(block,parameter,shift,basis)"
finite_shot_end_to_end,4,0,0,1,3,-0.20000000000000018,-0.11624763874381938,2000,10.965784284662087,33,theta_ell3_q2,10,3,2,global,1.0,30,0.0,1.651885394954311e-05,0.0,0.0,True,,inf,-1.651885394954311e-05,1.651885394954311e-05,False,0.0,0.0,False,0,0,1,global,2000,2000,26,24,2,16,8,1,76,76.92307692307692,77.0,77,0,76,24,"sorted(block,parameter,shift,basis)"
finite_shot_end_to_end,4,0,0,1,3,-0.20000000000000018,-0.11624763874381938,2000,10.965784284662087,33,theta_ell3_q3,11,3,3,global,1.0,30,0.0,-7.2993338312565825e-06,0.0,0.0,True,,inf,7.2993338312565825e-06,7.2993338312565825e-06,False,0.0,0.0,False,0,0,1,global,2000,2000,26,24,2,16,8,1,76,76.92307692307692,77.0,77,0,76,24,"sorted(block,parameter,shift,basis)"
finite_shot_end_to_end,4,0,0,1,3,-0.20000000000000018,-0.11624763874381938,2000,10.965784284662087,42,theta_ell3_q3,11,3,3,global,1.0,30,0.0,5.8605165079717025e-06,0.0,0.0,True,,inf,-5.8605165079717025e-06,5.8605165079717025e-06,False,0.0,0.0,False,0,0,1,global,2000,2000,26,24,2,16,8,1,76,76.92307692307692,77.0,77,0,76,24,"sorted(block,parameter,shift,basis)"
finite_shot_end_to_end,4,0,0,1,3,-0.20000000000000018,-0.11624763874381938,2000,10.965784284662087,48,theta_ell3_q0,8,3,0,global,1.0,30,0.0,-0.00017763435743423095,0.0,0.0,True,,inf,0.00017763435743423095,0.00017763435743423095,False,0.0,0.0,False,0,0,1,global,2000,2000,26,24,2,16,8,1,76,76.92307692307692,77.0,77,0,76,24,"sorted(block,parameter,shift,basis)"
finite_shot_end_to_end,4,0,0,1,4,0.7999999999999998,0.464990554975277,250,7.965784284662087,11,theta_ell4_q3,15,4,3,global,1.0,30,0.0,0.0010465448705668234,0.0,0.0,True,,inf,-0.0010465448705668234,0.0010465448705668234,False,0.0,0.0,False,0,0,1,global,250,250,35,32,3,24,8,1,7,7.142857142857143,7.0,8,0,7,5,"sorted(block,parameter,shift,basis)"
finite_shot_end_to_end,4,0,0,1,4,0.7999999999999998,0.464990554975277,250,7.965784284662087,14,theta_ell4_q3,15,4,3,global,1.0,30,0.0,2.975816270622822e-07,0.0,0.0,True,,inf,-2.975816270622822e-07,2.975816270622822e-07,False,0.0,0.0,False,0,0,1,global,250,250,35,32,3,24,8,1,7,7.142857142857143,7.0,8,0,7,5,"sorted(block,parameter,shift,basis)"
finite_shot_end_to_end,4,0,0,1,4,0.7999999999999998,0.464990554975277,250,7.965784284662087,39,theta_ell4_q1,13,4,1,global,1.0,30,0.0,-0.003134284556082112,0.0,0.0,True,,inf,0.003134284556082112,0.003134284556082112,False,0.0,0.0,False,0,0,1,global,250,250,35,32,3,24,8,1,7,7.142857142857143,7.0,8,0,7,5,"sorted(block,parameter,shift,basis)"
finite_shot_end_to_end,4,0,0,1,4,0.7999999999999998,0.464990554975277,500,8.965784284662087,14,theta_ell4_q3,15,4,3,global,1.0,30,0.0,2.975816270622822e-07,0.0,0.0,True,,inf,-2.975816270622822e-07,2.975816270622822e-07,False,0.0,0.0,False,0,0,1,global,500,500,35,32,3,24,8,1,14,14.285714285714286,14.0,15,0,14,10,"sorted(block,parameter,shift,basis)"
finite_shot_end_to_end,4,0,0,1,4,0.7999999999999998,0.464990554975277,500,8.965784284662087,24,theta_ell4_q1,13,4,1,global,1.0,30,0.0,0.00039752888402733166,0.0,0.0,True,,inf,-0.00039752888402733166,0.00039752888402733166,False,0.0,0.0,False,0,0,1,global,500,500,35,32,3,24,8,1,14,14.285714285714286,14.0,15,0,14,10,"sorted(block,parameter,shift,basis)"
finite_shot_end_to_end,4,0,0,1,4,0.7999999999999998,0.464990554975277,500,8.965784284662087,36,theta_ell4_q3,15,4,3,global,1.0,30,0.0,5.527368181479364e-05,0.0,0.0,True,,inf,-5.527368181479364e-05,5.527368181479364e-05,False,0.0,0.0,False,0,0,1,global,500,500,35,32,3,24,8,1,14,14.285714285714286,14.0,15,0,14,10,"sorted(block,parameter,shift,basis)"
finite_shot_end_to_end,4,0,0,1,4,0.7999999999999998,0.464990554975277,500,8.965784284662087,43,theta_ell4_q2,14,4,2,global,1.0,30,0.0,5.735919794519484e-05,0.0,0.0,True,,inf,-5.735919794519484e-05,5.735919794519484e-05,False,0.0,0.0,False,0,0,1,global,500,500,35,32,3,24,8,1,14,14.285714285714286,14.0,15,0,14,10,"sorted(block,parameter,shift,basis)"
finite_shot_end_to_end,4,0,0,1,4,0.7999999999999998,0.464990554975277,1000,9.965784284662087,14,theta_ell4_q3,15,4,3,global,1.0,30,0.0,2.975816270622822e-07,0.0,0.0,True,,inf,-2.975816270622822e-07,2.975816270622822e-07,False,0.0,0.0,False,0,0,1,global,1000,1000,35,32,3,24,8,1,28,28.571428571428573,29.0,29,0,28,20,"sorted(block,parameter,shift,basis)"
finite_shot_end_to_end,4,0,0,1,4,0.7999999999999998,0.464990554975277,1000,9.965784284662087,36,theta_ell4_q3,15,4,3,global,1.0,30,0.0,5.527368181479364e-05,0.0,0.0,True,,inf,-5.527368181479364e-05,5.527368181479364e-05,False,0.0,0.0,False,0,0,1,global,1000,1000,35,32,3,24,8,1,28,28.571428571428573,29.0,29,0,28,20,"sorted(block,parameter,shift,basis)"
finite_shot_end_to_end,4,0,0,1,4,0.7999999999999998,0.464990554975277,2000,10.965784284662087,14,theta_ell4_q3,15,4,3,global,1.0,30,0.0,2.975816270622822e-07,0.0,0.0,True,,inf,-2.975816270622822e-07,2.975816270622822e-07,False,0.0,0.0,False,0,0,1,global,2000,2000,35,32,3,24,8,1,57,57.142857142857146,57.0,58,0,57,5,"sorted(block,parameter,shift,basis)"
finite_shot_end_to_end,4,0,0,1,4,0.7999999999999998,0.464990554975277,2000,10.965784284662087,24,theta_ell4_q1,13,4,1,global,1.0,30,0.0,0.00039752888402733166,0.0,0.0,True,,inf,-0.00039752888402733166,0.00039752888402733166,False,0.0,0.0,False,0,0,1,global,2000,2000,35,32,3,24,8,1,57,57.142857142857146,57.0,58,0,57,5,"sorted(block,parameter,shift,basis)"
finite_shot_end_to_end,4,0,0,1,4,0.7999999999999998,0.464990554975277,2000,10.965784284662087,43,theta_ell4_q2,14,4,2,global,1.0,30,0.0,5.735919794519484e-05,0.0,0.0,True,,inf,-5.735919794519484e-05,5.735919794519484e-05,False,0.0,0.0,False,0,0,1,global,2000,2000,35,32,3,24,8,1,57,57.142857142857146,57.0,58,0,57,5,"sorted(block,parameter,shift,basis)"
finite_shot_end_to_end,4,0,0,1,6,2.8,1.6274669424134698,250,7.965784284662087,4,theta_ell6_q2,22,6,2,global,1.0,30,0.0,-8.947956263161139e-05,0.0,0.0,True,,inf,8.947956263161139e-05,8.947956263161139e-05,False,0.0,0.0,False,0,0,1,global,250,250,53,48,5,40,8,1,4,4.716981132075472,5.0,5,0,4,38,"sorted(block,parameter,shift,basis)"
finite_shot_end_to_end,4,0,0,1,6,2.8,1.6274669424134698,250,7.965784284662087,4,theta_ell6_q3,23,6,3,global,1.0,30,0.0,-2.0683540519095267e-05,0.0,0.0,True,,inf,2.0683540519095267e-05,2.0683540519095267e-05,False,0.0,0.0,False,0,0,1,global,250,250,53,48,5,40,8,1,4,4.716981132075472,5.0,5,0,4,38,"sorted(block,parameter,shift,basis)"
finite_shot_end_to_end,4,0,0,1,6,2.8,1.6274669424134698,250,7.965784284662087,12,theta_ell6_q2,22,6,2,global,1.0,30,0.0,-0.018695801050188587,0.0,0.0,True,,inf,0.018695801050188587,0.018695801050188587,False,0.0,0.0,False,0,0,1,global,250,250,53,48,5,40,8,1,4,4.716981132075472,5.0,5,0,4,38,"sorted(block,parameter,shift,basis)"
finite_shot_end_to_end,4,0,0,1,6,2.8,1.6274669424134698,250,7.965784284662087,19,theta_ell6_q0,20,6,0,global,1.0,30,0.0,-2.048737728965744e-06,0.0,0.0,True,,inf,2.048737728965744e-06,2.048737728965744e-06,False,0.0,0.0,False,0,0,1,global,250,250,53,48,5,40,8,1,4,4.716981132075472,5.0,5,0,4,38,"sorted(block,parameter,shift,basis)"
finite_shot_end_to_end,4,0,0,1,6,2.8,1.6274669424134698,250,7.965784284662087,24,theta_ell6_q0,20,6,0,global,1.0,30,0.0,1.55863541739798e-07,0.0,0.0,True,,inf,-1.55863541739798e-07,1.55863541739798e-07,False,0.0,0.0,False,0,0,1,global,250,250,53,48,5,40,8,1,4,4.716981132075472,5.0,5,0,4,38,"sorted(block,parameter,shift,basis)"
finite_shot_end_to_end,4,0,0,1,6,2.8,1.6274669424134698,250,7.965784284662087,24,theta_ell6_q1,21,6,1,global,1.0,30,0.0,5.329239362972249e-06,0.0,0.0,True,,inf,-5.329239362972249e-06,5.329239362972249e-06,False,0.0,0.0,False,0,0,1,global,250,250,53,48,5,40,8,1,4,4.716981132075472,5.0,5,0,4,38,"sorted(block,parameter,shift,basis)"
finite_shot_end_to_end,4,0,0,1,6,2.8,1.6274669424134698,250,7.965784284662087,44,theta_ell6_q1,21,6,1,global,1.0,30,0.0,0.0007503382944586412,0.0,0.0,True,,inf,-0.0007503382944586412,0.0007503382944586412,False,0.0,0.0,False,0,0,1,global,250,250,53,48,5,40,8,1,4,4.716981132075472,5.0,5,0,4,38,"sorted(block,parameter,shift,basis)"
finite_shot_end_to_end,4,0,0,1,6,2.8,1.6274669424134698,500,8.965784284662087,4,theta_ell6_q0,20,6,0,global,1.0,30,0.0,4.356365361835035e-05,0.0,0.0,True,,inf,-4.356365361835035e-05,4.356365361835035e-05,False,0.0,0.0,False,0,0,1,global,500,500,53,48,5,40,8,1,9,9.433962264150944,9.0,10,0,9,23,"sorted(block,parameter,shift,basis)"
finite_shot_end_to_end,4,0,0,1,6,2.8,1.6274669424134698,500,8.965784284662087,4,theta_ell6_q3,23,6,3,global,1.0,30,0.0,-2.0683540519095267e-05,0.0,0.0,True,,inf,2.0683540519095267e-05,2.0683540519095267e-05,False,0.0,0.0,False,0,0,1,global,500,500,53,48,5,40,8,1,9,9.433962264150944,9.0,10,0,9,23,"sorted(block,parameter,shift,basis)"
finite_shot_end_to_end,4,0,0,1,6,2.8,1.6274669424134698,500,8.965784284662087,18,theta_ell6_q2,22,6,2,global,1.0,30,0.0,-0.0013050568821139086,0.0,0.0,True,,inf,0.0013050568821139086,0.0013050568821139086,False,0.0,0.0,False,0,0,1,global,500,500,53,48,5,40,8,1,9,9.433962264150944,9.0,10,0,9,23,"sorted(block,parameter,shift,basis)"
finite_shot_end_to_end,4,0,0,1,6,2.8,1.6274669424134698,500,8.965784284662087,19,theta_ell6_q0,20,6,0,global,1.0,30,0.0,-2.048737728965744e-06,0.0,0.0,True,,inf,2.048737728965744e-06,2.048737728965744e-06,False,0.0,0.0,False,0,0,1,global,500,500,53,48,5,40,8,1,9,9.433962264150944,9.0,10,0,9,23,"sorted(block,parameter,shift,basis)"
finite_shot_end_to_end,4,0,0,1,6,2.8,1.6274669424134698,500,8.965784284662087,19,theta_ell6_q3,23,6,3,global,1.0,30,0.0,-4.032939778464417e-06,0.0,0.0,True,,inf,4.032939778464417e-06,4.032939778464417e-06,False,0.0,0.0,False,0,0,1,global,500,500,53,48,5,40,8,1,9,9.433962264150944,9.0,10,0,9,23,"sorted(block,parameter,shift,basis)"
finite_shot_end_to_end,4,0,0,1,6,2.8,1.6274669424134698,500,8.965784284662087,20,theta_ell6_q1,21,6,1,global,1.0,30,0.0,-5.749104909746894e-06,0.0,0.0,True,,inf,5.749104909746894e-06,5.749104909746894e-06,False,0.0,0.0,False,0,0,1,global,500,500,53,48,5,40,8,1,9,9.433962264150944,9.0,10,0,9,23,"sorted(block,parameter,shift,basis)"
finite_shot_end_to_end,4,0,0,1,6,2.8,1.6274669424134698,500,8.965784284662087,41,theta_ell6_q1,21,6,1,global,1.0,30,0.0,0.0015621094003289704,0.0,0.0,True,,inf,-0.0015621094003289704,0.0015621094003289704,False,0.0,0.0,False,0,0,1,global,500,500,53,48,5,40,8,1,9,9.433962264150944,9.0,10,0,9,23,"sorted(block,parameter,shift,basis)"
finite_shot_end_to_end,4,0,0,1,6,2.8,1.6274669424134698,1000,9.965784284662087,4,theta_ell6_q1,21,6,1,global,1.0,30,0.0,-3.1081812438382705e-05,0.0,0.0,True,,inf,3.1081812438382705e-05,3.1081812438382705e-05,False,0.0,0.0,False,0,0,1,global,1000,1000,53,48,5,40,8,1,18,18.867924528301888,19.0,19,0,18,46,"sorted(block,parameter,shift,basis)"
finite_shot_end_to_end,4,0,0,1,6,2.8,1.6274669424134698,1000,9.965784284662087,19,theta_ell6_q0,20,6,0,global,1.0,30,0.0,-2.048737728965744e-06,0.0,0.0,True,,inf,2.048737728965744e-06,2.048737728965744e-06,False,0.0,0.0,False,0,0,1,global,1000,1000,53,48,5,40,8,1,18,18.867924528301888,19.0,19,0,18,46,"sorted(block,parameter,shift,basis)"
finite_shot_end_to_end,4,0,0,1,6,2.8,1.6274669424134698,1000,9.965784284662087,24,theta_ell6_q2,22,6,2,global,1.0,30,0.0,1.1974976927842107e-06,0.0,0.0,True,,inf,-1.1974976927842107e-06,1.1974976927842107e-06,False,0.0,0.0,False,0,0,1,global,1000,1000,53,48,5,40,8,1,18,18.867924528301888,19.0,19,0,18,46,"sorted(block,parameter,shift,basis)"
finite_shot_end_to_end,4,0,0,1,6,2.8,1.6274669424134698,1000,9.965784284662087,29,theta_ell6_q0,20,6,0,global,1.0,30,0.0,0.00029597494685695835,0.0,0.0,True,,inf,-0.00029597494685695835,0.00029597494685695835,False,0.0,0.0,False,0,0,1,global,1000,1000,53,48,5,40,8,1,18,18.867924528301888,19.0,19,0,18,46,"sorted(block,parameter,shift,basis)"
finite_shot_end_to_end,4,0,0,1,6,2.8,1.6274669424134698,2000,10.965784284662087,4,theta_ell6_q1,21,6,1,global,1.0,30,0.0,-3.1081812438382705e-05,0.0,0.0,True,,inf,3.1081812438382705e-05,3.1081812438382705e-05,False,0.0,0.0,False,0,0,1,global,2000,2000,53,48,5,40,8,1,37,37.735849056603776,38.0,38,0,37,39,"sorted(block,parameter,shift,basis)"
finite_shot_end_to_end,4,0,0,1,6,2.8,1.6274669424134698,2000,10.965784284662087,4,theta_ell6_q3,23,6,3,global,1.0,30,0.0,-2.0683540519095267e-05,0.0,0.0,True,,inf,2.0683540519095267e-05,2.0683540519095267e-05,False,0.0,0.0,False,0,0,1,global,2000,2000,53,48,5,40,8,1,37,37.735849056603776,38.0,38,0,37,39,"sorted(block,parameter,shift,basis)"
finite_shot_end_to_end,4,0,0,1,6,2.8,1.6274669424134698,2000,10.965784284662087,20,theta_ell6_q1,21,6,1,global,1.0,30,0.0,-5.749104909746894e-06,0.0,0.0,True,,inf,5.749104909746894e-06,5.749104909746894e-06,False,0.0,0.0,False,0,0,1,global,2000,2000,53,48,5,40,8,1,37,37.735849056603776,38.0,38,0,37,39,"sorted(block,parameter,shift,basis)"
finite_shot_end_to_end,4,0,0,1,6,2.8,1.6274669424134698,2000,10.965784284662087,24,theta_ell6_q1,21,6,1,global,1.0,30,0.0,5.329239362972249e-06,0.0,0.0,True,,inf,-5.329239362972249e-06,5.329239362972249e-06,False,0.0,0.0,False,0,0,1,global,2000,2000,53,48,5,40,8,1,37,37.735849056603776,38.0,38,0,37,39,"sorted(block,parameter,shift,basis)"
finite_shot_end_to_end,4,0,0,1,6,2.8,1.6274669424134698,2000,10.965784284662087,42,theta_ell6_q0,20,6,0,global,1.0,30,0.0,-1.2949809361006981e-05,0.0,0.0,True,,inf,1.2949809361006981e-05,1.2949809361006981e-05,False,0.0,0.0,False,0,0,1,global,2000,2000,53,48,5,40,8,1,37,37.735849056603776,38.0,38,0,37,39,"sorted(block,parameter,shift,basis)"
finite_shot_end_to_end,4,0,0,1,6,2.8,1.6274669424134698,2000,10.965784284662087,42,theta_ell6_q3,23,6,3,global,1.0,30,0.0,-5.692560082648512e-06,0.0,0.0,True,,inf,5.692560082648512e-06,5.692560082648512e-06,False,0.0,0.0,False,0,0,1,global,2000,2000,53,48,5,40,8,1,37,37.735849056603776,38.0,38,0,37,39,"sorted(block,parameter,shift,basis)"
finite_shot_end_to_end,6,1,0,1,1,-2.2,-1.2787240261820123,250,7.965784284662087,4,theta_ell1_q3,3,1,3,global,1.0,30,0.0,0.00021726030427815513,0.0,0.0,True,,inf,-0.00021726030427815513,0.00021726030427815513,False,0.0,0.0,False,1,0,1,global,250,250,8,8,0,0,8,1,31,31.25,31.0,32,0,31,2,"sorted(block,parameter,shift,basis)"
finite_shot_end_to_end,6,1,0,1,1,-2.2,-1.2787240261820123,250,7.965784284662087,7,theta_ell1_q1,1,1,1,global,1.0,30,0.0,0.0005464601441582118,0.0,0.0,True,,inf,-0.0005464601441582118,0.0005464601441582118,False,0.0,0.0,False,1,0,1,global,250,250,8,8,0,0,8,1,31,31.25,31.0,32,0,31,2,"sorted(block,parameter,shift,basis)"
finite_shot_end_to_end,6,1,0,1,1,-2.2,-1.2787240261820123,250,7.965784284662087,7,theta_ell1_q3,3,1,3,global,1.0,30,0.0,-0.00011370915930708492,0.0,0.0,True,,inf,0.00011370915930708492,0.00011370915930708492,False,0.0,0.0,False,1,0,1,global,250,250,8,8,0,0,8,1,31,31.25,31.0,32,0,31,2,"sorted(block,parameter,shift,basis)"
finite_shot_end_to_end,6,1,0,1,1,-2.2,-1.2787240261820123,250,7.965784284662087,14,theta_ell1_q3,3,1,3,global,1.0,30,0.0,0.00011354967748311573,0.0,0.0,True,,inf,-0.00011354967748311573,0.00011354967748311573,False,0.0,0.0,False,1,0,1,global,250,250,8,8,0,0,8,1,31,31.25,31.0,32,0,31,2,"sorted(block,parameter,shift,basis)"
finite_shot_end_to_end,6,1,0,1,1,-2.2,-1.2787240261820123,250,7.965784284662087,17,theta_ell1_q1,1,1,1,global,1.0,30,0.0,-0.0005174742933530263,0.0,0.0,True,,inf,0.0005174742933530263,0.0005174742933530263,False,0.0,0.0,False,1,0,1,global,250,250,8,8,0,0,8,1,31,31.25,31.0,32,0,31,2,"sorted(block,parameter,shift,basis)"
finite_shot_end_to_end,6,1,0,1,1,-2.2,-1.2787240261820123,250,7.965784284662087,17,theta_ell1_q3,3,1,3,global,1.0,30,0.0,0.00018778634538152428,0.0,0.0,True,,inf,-0.00018778634538152428,0.00018778634538152428,False,0.0,0.0,False,1,0,1,global,250,250,8,8,0,0,8,1,31,31.25,31.0,32,0,31,2,"sorted(block,parameter,shift,basis)"
finite_shot_end_to_end,6,1,0,1,1,-2.2,-1.2787240261820123,250,7.965784284662087,28,theta_ell1_q1,1,1,1,global,1.0,30,0.0,0.00020874293409106626,0.0,0.0,True,,inf,-0.00020874293409106626,0.00020874293409106626,False,0.0,0.0,False,1,0,1,global,250,250,8,8,0,0,8,1,31,31.25,31.0,32,0,31,2,"sorted(block,parameter,shift,basis)"
finite_shot_end_to_end,6,1,0,1,1,-2.2,-1.2787240261820123,250,7.965784284662087,33,theta_ell1_q0,0,1,0,global,1.0,30,0.0,1.6191885535143946e-06,0.0,0.0,True,,inf,-1.6191885535143946e-06,1.6191885535143946e-06,False,0.0,0.0,False,1,0,1,global,250,250,8,8,0,0,8,1,31,31.25,31.0,32,0,31,2,"sorted(block,parameter,shift,basis)"
finite_shot_end_to_end,6,1,0,1,1,-2.2,-1.2787240261820123,250,7.965784284662087,33,theta_ell1_q1,1,1,1,global,1.0,30,0.0,-3.267388404709637e-05,0.0,0.0,True,,inf,3.267388404709637e-05,3.267388404709637e-05,False,0.0,0.0,False,1,0,1,global,250,250,8,8,0,0,8,1,31,31.25,31.0,32,0,31,2,"sorted(block,parameter,shift,basis)"
finite_shot_end_to_end,6,1,0,1,1,-2.2,-1.2787240261820123,250,7.965784284662087,33,theta_ell1_q3,3,1,3,global,1.0,30,0.0,-4.5788043970262926e-05,0.0,0.0,True,,inf,4.5788043970262926e-05,4.5788043970262926e-05,False,0.0,0.0,False,1,0,1,global,250,250,8,8,0,0,8,1,31,31.25,31.0,32,0,31,2,"sorted(block,parameter,shift,basis)"
finite_shot_end_to_end,6,1,0,1,1,-2.2,-1.2787240261820123,250,7.965784284662087,39,theta_ell1_q1,1,1,1,global,1.0,30,0.0,9.619579485264929e-05,0.0,0.0,True,,inf,-9.619579485264929e-05,9.619579485264929e-05,False,0.0,0.0,False,1,0,1,global,250,250,8,8,0,0,8,1,31,31.25,31.0,32,0,31,2,"sorted(block,parameter,shift,basis)"
finite_shot_end_to_end,6,1,0,1,1,-2.2,-1.2787240261820123,250,7.965784284662087,39,theta_ell1_q3,3,1,3,global,1.0,30,0.0,9.493488509770831e-05,0.0,0.0,True,,inf,-9.493488509770831e-05,9.493488509770831e-05,False,0.0,0.0,False,1,0,1,global,250,250,8,8,0,0,8,1,31,31.25,31.0,32,0,31,2,"sorted(block,parameter,shift,basis)"
finite_shot_end_to_end,6,1,0,1,1,-2.2,-1.2787240261820123,250,7.965784284662087,42,theta_ell1_q1,1,1,1,global,1.0,30,0.0,-0.00039190815115719424,0.0,0.0,True,,inf,0.00039190815115719424,0.00039190815115719424,False,0.0,0.0,False,1,0,1,global,250,250,8,8,0,0,8,1,31,31.25,31.0,32,0,31,2,"sorted(block,parameter,shift,basis)"
finite_shot_end_to_end,6,1,0,1,1,-2.2,-1.2787240261820123,250,7.965784284662087,49,theta_ell1_q2,2,1,2,global,1.0,30,0.0,-4.359974517342824e-05,0.0,0.0,True,,inf,4.359974517342824e-05,4.359974517342824e-05,False,0.0,0.0,False,1,0,1,global,250,250,8,8,0,0,8,1,31,31.25,31.0,32,0,31,2,"sorted(block,parameter,shift,basis)"
finite_shot_end_to_end,6,1,0,1,1,-2.2,-1.2787240261820123,500,8.965784284662087,7,theta_ell1_q1,1,1,1,global,1.0,30,0.0,0.0005464601441582118,0.0,0.0,True,,inf,-0.0005464601441582118,0.0005464601441582118,False,0.0,0.0,False,1,0,1,global,500,500,8,8,0,0,8,1,62,62.5,62.5,63,0,62,4,"sorted(block,parameter,shift,basis)"
finite_shot_end_to_end,6,1,0,1,1,-2.2,-1.2787240261820123,500,8.965784284662087,7,theta_ell1_q3,3,1,3,global,1.0,30,0.0,-0.00011370915930708492,0.0,0.0,True,,inf,0.00011370915930708492,0.00011370915930708492,False,0.0,0.0,False,1,0,1,global,500,500,8,8,0,0,8,1,62,62.5,62.5,63,0,62,4,"sorted(block,parameter,shift,basis)"
finite_shot_end_to_end,6,1,0,1,1,-2.2,-1.2787240261820123,500,8.965784284662087,13,theta_ell1_q3,3,1,3,global,1.0,30,0.0,0.00011006005194508228,0.0,0.0,True,,inf,-0.00011006005194508228,0.00011006005194508228,False,0.0,0.0,False,1,0,1,global,500,500,8,8,0,0,8,1,62,62.5,62.5,63,0,62,4,"sorted(block,parameter,shift,basis)"
finite_shot_end_to_end,6,1,0,1,1,-2.2,-1.2787240261820123,500,8.965784284662087,28,theta_ell1_q0,0,1,0,global,1.0,30,0.0,-3.841238374185929e-05,0.0,0.0,True,,inf,3.841238374185929e-05,3.841238374185929e-05,False,0.0,0.0,False,1,0,1,global,500,500,8,8,0,0,8,1,62,62.5,62.5,63,0,62,4,"sorted(block,parameter,shift,basis)"
finite_shot_end_to_end,6,1,0,1,1,-2.2,-1.2787240261820123,500,8.965784284662087,32,theta_ell1_q2,2,1,2,global,1.0,30,0.0,-0.0009046711299260934,0.0,0.0,True,,inf,0.0009046711299260934,0.0009046711299260934,False,0.0,0.0,False,1,0,1,global,500,500,8,8,0,0,8,1,62,62.5,62.5,63,0,62,4,"sorted(block,parameter,shift,basis)"
finite_shot_end_to_end,6,1,0,1,1,-2.2,-1.2787240261820123,500,8.965784284662087,33,theta_ell1_q0,0,1,0,global,1.0,30,0.0,1.6191885535143946e-06,0.0,0.0,True,,inf,-1.6191885535143946e-06,1.6191885535143946e-06,False,0.0,0.0,False,1,0,1,global,500,500,8,8,0,0,8,1,62,62.5,62.5,63,0,62,4,"sorted(block,parameter,shift,basis)"
finite_shot_end_to_end,6,1,0,1,1,-2.2,-1.2787240261820123,500,8.965784284662087,39,theta_ell1_q0,0,1,0,global,1.0,30,0.0,0.00023738157389541215,0.0,0.0,True,,inf,-0.00023738157389541215,0.00023738157389541215,False,0.0,0.0,False,1,0,1,global,500,500,8,8,0,0,8,1,62,62.5,62.5,63,0,62,4,"sorted(block,parameter,shift,basis)"
finite_shot_end_to_end,6,1,0,1,1,-2.2,-1.2787240261820123,500,8.965784284662087,39,theta_ell1_q1,1,1,1,global,1.0,30,0.0,9.619579485264929e-05,0.0,0.0,True,,inf,-9.619579485264929e-05,9.619579485264929e-05,False,0.0,0.0,False,1,0,1,global,500,500,8,8,0,0,8,1,62,62.5,62.5,63,0,62,4,"sorted(block,parameter,shift,basis)"
finite_shot_end_to_end,6,1,0,1,1,-2.2,-1.2787240261820123,500,8.965784284662087,39,theta_ell1_q2,2,1,2,global,1.0,30,0.0,-0.000439497994924265,0.0,0.0,True,,inf,0.000439497994924265,0.000439497994924265,False,0.0,0.0,False,1,0,1,global,500,500,8,8,0,0,8,1,62,62.5,62.5,63,0,62,4,"sorted(block,parameter,shift,basis)"
finite_shot_end_to_end,6,1,0,1,1,-2.2,-1.2787240261820123,500,8.965784284662087,49,theta_ell1_q2,2,1,2,global,1.0,30,0.0,-4.359974517342824e-05,0.0,0.0,True,,inf,4.359974517342824e-05,4.359974517342824e-05,False,0.0,0.0,False,1,0,1,global,500,500,8,8,0,0,8,1,62,62.5,62.5,63,0,62,4,"sorted(block,parameter,shift,basis)"
finite_shot_end_to_end,6,1,0,1,1,-2.2,-1.2787240261820123,1000,9.965784284662087,33,theta_ell1_q0,0,1,0,global,1.0,30,0.0,1.6191885535143946e-06,0.0,0.0,True,,inf,-1.6191885535143946e-06,1.6191885535143946e-06,False,0.0,0.0,False,1,0,1,global,1000,1000,8,8,0,0,8,1,125,125.0,125.0,125,0,125,0,"sorted(block,parameter,shift,basis)"
finite_shot_end_to_end,6,1,0,1,1,-2.2,-1.2787240261820123,2000,10.965784284662087,33,theta_ell1_q0,0,1,0,global,1.0,30,0.0,1.6191885535143946e-06,0.0,0.0,True,,inf,-1.6191885535143946e-06,1.6191885535143946e-06,False,0.0,0.0,False,1,0,1,global,2000,2000,8,8,0,0,8,1,250,250.0,250.0,250,0,250,0,"sorted(block,parameter,shift,basis)"
finite_shot_end_to_end,6,1,0,1,2,-1.2000000000000002,-0.6974858324629158,250,7.965784284662087,8,theta_ell2_q1,5,2,1,global,1.0,30,0.0,0.0004265314560513156,0.0,0.0,True,,inf,-0.0004265314560513156,0.0004265314560513156,False,0.0,0.0,False,1,0,1,global,250,250,17,16,1,8,8,1,14,14.705882352941176,15.0,15,0,14,12,"sorted(block,parameter,shift,basis)"
finite_shot_end_to_end,6,1,0,1,2,-1.2000000000000002,-0.6974858324629158,250,7.965784284662087,10,theta_ell2_q0,4,2,0,global,1.0,30,0.0,-0.0015084078980180382,0.0,0.0,True,,inf,0.0015084078980180382,0.0015084078980180382,False,0.0,0.0,False,1,0,1,global,250,250,17,16,1,8,8,1,14,14.705882352941176,15.0,15,0,14,12,"sorted(block,parameter,shift,basis)"
finite_shot_end_to_end,6,1,0,1,2,-1.2000000000000002,-0.6974858324629158,250,7.965784284662087,24,theta_ell2_q3,7,2,3,global,1.0,30,0.0,-0.0007868337168044914,0.0,0.0,True,,inf,0.0007868337168044914,0.0007868337168044914,False,0.0,0.0,False,1,0,1,global,250,250,17,16,1,8,8,1,14,14.705882352941176,15.0,15,0,14,12,"sorted(block,parameter,shift,basis)"
finite_shot_end_to_end,6,1,0,1,2,-1.2000000000000002,-0.6974858324629158,250,7.965784284662087,37,theta_ell2_q0,4,2,0,global,1.0,30,0.0,3.814978153549031e-05,0.0,0.0,True,,inf,-3.814978153549031e-05,3.814978153549031e-05,False,0.0,0.0,False,1,0,1,global,250,250,17,16,1,8,8,1,14,14.705882352941176,15.0,15,0,14,12,"sorted(block,parameter,shift,basis)"
finite_shot_end_to_end,6,1,0,1,2,-1.2000000000000002,-0.6974858324629158,250,7.965784284662087,37,theta_ell2_q2,6,2,2,global,1.0,30,0.0,0.00011355315359212748,0.0,0.0,True,,inf,-0.00011355315359212748,0.00011355315359212748,False,0.0,0.0,False,1,0,1,global,250,250,17,16,1,8,8,1,14,14.705882352941176,15.0,15,0,14,12,"sorted(block,parameter,shift,basis)"
finite_shot_end_to_end,6,1,0,1,2,-1.2000000000000002,-0.6974858324629158,250,7.965784284662087,38,theta_ell2_q3,7,2,3,global,1.0,30,0.0,0.0023735414425015144,0.0,0.0,True,,inf,-0.0023735414425015144,0.0023735414425015144,False,0.0,0.0,False,1,0,1,global,250,250,17,16,1,8,8,1,14,14.705882352941176,15.0,15,0,14,12,"sorted(block,parameter,shift,basis)"
finite_shot_end_to_end,6,1,0,1,2,-1.2000000000000002,-0.6974858324629158,2000,10.965784284662087,37,theta_ell2_q0,4,2,0,global,1.0,30,0.0,3.814978153549031e-05,0.0,0.0,True,,inf,-3.814978153549031e-05,3.814978153549031e-05,False,0.0,0.0,False,1,0,1,global,2000,2000,17,16,1,8,8,1,117,117.6470588235294,118.0,118,0,117,11,"sorted(block,parameter,shift,basis)"
finite_shot_end_to_end,6,1,0,1,3,-0.20000000000000018,-0.11624763874381938,250,7.965784284662087,16,theta_ell3_q0,8,3,0,global,1.0,30,0.0,3.0183211310208513e-05,0.0,0.0,True,,inf,-3.0183211310208513e-05,3.0183211310208513e-05,False,0.0,0.0,False,1,0,1,global,250,250,26,24,2,16,8,1,9,9.615384615384615,10.0,10,0,9,16,"sorted(block,parameter,shift,basis)"
finite_shot_end_to_end,6,1,0,1,3,-0.20000000000000018,-0.11624763874381938,250,7.965784284662087,16,theta_ell3_q3,11,3,3,global,1.0,30,0.0,-0.00010272252708309892,0.0,0.0,True,,inf,0.00010272252708309892,0.00010272252708309892,False,0.0,0.0,False,1,0,1,global,250,250,26,24,2,16,8,1,9,9.615384615384615,10.0,10,0,9,16,"sorted(block,parameter,shift,basis)"
finite_shot_end_to_end,6,1,0,1,3,-0.20000000000000018,-0.11624763874381938,250,7.965784284662087,24,theta_ell3_q3,11,3,3,global,1.0,30,0.0,-0.0002882671053270336,0.0,0.0,True,,inf,0.0002882671053270336,0.0002882671053270336,False,0.0,0.0,False,1,0,1,global,250,250,26,24,2,16,8,1,9,9.615384615384615,10.0,10,0,9,16,"sorted(block,parameter,shift,basis)"
finite_shot_end_to_end,6,1,0,1,3,-0.20000000000000018,-0.11624763874381938,250,7.965784284662087,42,theta_ell3_q1,9,3,1,global,1.0,30,0.0,-0.001180519029288174,0.0,0.0,True,,inf,0.001180519029288174,0.001180519029288174,False,0.0,0.0,False,1,0,1,global,250,250,26,24,2,16,8,1,9,9.615384615384615,10.0,10,0,9,16,"sorted(block,parameter,shift,basis)"
finite_shot_end_to_end,6,1,0,1,3,-0.20000000000000018,-0.11624763874381938,250,7.965784284662087,42,theta_ell3_q2,10,3,2,global,1.0,30,0.0,-0.0017888730415702159,0.0,0.0,True,,inf,0.0017888730415702159,0.0017888730415702159,False,0.0,0.0,False,1,0,1,global,250,250,26,24,2,16,8,1,9,9.615384615384615,10.0,10,0,9,16,"sorted(block,parameter,shift,basis)"
finite_shot_end_to_end,6,1,0,1,3,-0.20000000000000018,-0.11624763874381938,500,8.965784284662087,16,theta_ell3_q0,8,3,0,global,1.0,30,0.0,3.0183211310208513e-05,0.0,0.0,True,,inf,-3.0183211310208513e-05,3.0183211310208513e-05,False,0.0,0.0,False,1,0,1,global,500,500,26,24,2,16,8,1,19,19.23076923076923,19.0,20,0,19,6,"sorted(block,parameter,shift,basis)"
finite_shot_end_to_end,6,1,0,1,3,-0.20000000000000018,-0.11624763874381938,1000,9.965784284662087,16,theta_ell3_q0,8,3,0,global,1.0,30,0.0,3.0183211310208513e-05,0.0,0.0,True,,inf,-3.0183211310208513e-05,3.0183211310208513e-05,False,0.0,0.0,False,1,0,1,global,1000,1000,26,24,2,16,8,1,38,38.46153846153846,38.0,39,0,38,12,"sorted(block,parameter,shift,basis)"
finite_shot_end_to_end,6,1,0,1,4,0.7999999999999998,0.464990554975277,250,7.965784284662087,6,theta_ell4_q3,15,4,3,global,1.0,30,0.0,0.0009358448440252576,0.0,0.0,True,,inf,-0.0009358448440252576,0.0009358448440252576,False,0.0,0.0,False,1,0,1,global,250,250,35,32,3,24,8,1,7,7.142857142857143,7.0,8,0,7,5,"sorted(block,parameter,shift,basis)"
finite_shot_end_to_end,6,1,0,1,4,0.7999999999999998,0.464990554975277,250,7.965784284662087,23,theta_ell4_q2,14,4,2,global,1.0,30,0.0,0.0007445733046468339,0.0,0.0,True,,inf,-0.0007445733046468339,0.0007445733046468339,False,0.0,0.0,False,1,0,1,global,250,250,35,32,3,24,8,1,7,7.142857142857143,7.0,8,0,7,5,"sorted(block,parameter,shift,basis)"
finite_shot_end_to_end,6,1,0,1,4,0.7999999999999998,0.464990554975277,500,8.965784284662087,32,theta_ell4_q3,15,4,3,global,1.0,30,0.0,-0.0011178187520913263,0.0,0.0,True,,inf,0.0011178187520913263,0.0011178187520913263,False,0.0,0.0,False,1,0,1,global,500,500,35,32,3,24,8,1,14,14.285714285714286,14.0,15,0,14,10,"sorted(block,parameter,shift,basis)"
finite_shot_end_to_end,6,1,0,1,6,2.8,1.6274669424134698,250,7.965784284662087,6,theta_ell6_q0,20,6,0,global,1.0,30,0.0,0.0004514961547749663,0.0,0.0,True,,inf,-0.0004514961547749663,0.0004514961547749663,False,0.0,0.0,False,1,0,1,global,250,250,53,48,5,40,8,1,4,4.716981132075472,5.0,5,0,4,38,"sorted(block,parameter,shift,basis)"
finite_shot_end_to_end,6,1,0,1,6,2.8,1.6274669424134698,250,7.965784284662087,24,theta_ell6_q2,22,6,2,global,1.0,30,0.0,-0.0009713753697374594,0.0,0.0,True,,inf,0.0009713753697374594,0.0009713753697374594,False,0.0,0.0,False,1,0,1,global,250,250,53,48,5,40,8,1,4,4.716981132075472,5.0,5,0,4,38,"sorted(block,parameter,shift,basis)"
finite_shot_end_to_end,6,1,0,1,6,2.8,1.6274669424134698,250,7.965784284662087,33,theta_ell6_q3,23,6,3,global,1.0,30,0.0,-0.0013897912455073658,0.0,0.0,True,,inf,0.0013897912455073658,0.0013897912455073658,False,0.0,0.0,False,1,0,1,global,250,250,53,48,5,40,8,1,4,4.716981132075472,5.0,5,0,4,38,"sorted(block,parameter,shift,basis)"
finite_shot_end_to_end,6,1,0,1,6,2.8,1.6274669424134698,250,7.965784284662087,37,theta_ell6_q2,22,6,2,global,1.0,30,0.0,0.007260138483969447,0.0,0.0,True,,inf,-0.007260138483969447,0.007260138483969447,False,0.0,0.0,False,1,0,1,global,250,250,53,48,5,40,8,1,4,4.716981132075472,5.0,5,0,4,38,"sorted(block,parameter,shift,basis)"
finite_shot_end_to_end,6,1,0,1,6,2.8,1.6274669424134698,250,7.965784284662087,45,theta_ell6_q0,20,6,0,global,1.0,30,0.0,0.003327963550438573,0.0,0.0,True,,inf,-0.003327963550438573,0.003327963550438573,False,0.0,0.0,False,1,0,1,global,250,250,53,48,5,40,8,1,4,4.716981132075472,5.0,5,0,4,38,"sorted(block,parameter,shift,basis)"
finite_shot_end_to_end,6,1,0,1,6,2.8,1.6274669424134698,500,8.965784284662087,24,theta_ell6_q2,22,6,2,global,1.0,30,0.0,-0.0009713753697374594,0.0,0.0,True,,inf,0.0009713753697374594,0.0009713753697374594,False,0.0,0.0,False,1,0,1,global,500,500,53,48,5,40,8,1,9,9.433962264150944,9.0,10,0,9,23,"sorted(block,parameter,shift,basis)"
finite_shot_end_to_end,6,1,0,1,6,2.8,1.6274669424134698,1000,9.965784284662087,37,theta_ell6_q0,20,6,0,global,1.0,30,0.0,-0.0030016749198219506,0.0,0.0,True,,inf,0.0030016749198219506,0.0030016749198219506,False,0.0,0.0,False,1,0,1,global,1000,1000,53,48,5,40,8,1,18,18.867924528301888,19.0,19,0,18,46,"sorted(block,parameter,shift,basis)"
finite_shot_end_to_end,6,1,0,1,6,2.8,1.6274669424134698,1000,9.965784284662087,37,theta_ell6_q1,21,6,1,global,1.0,30,0.0,0.005618058888302246,0.0,0.0,True,,inf,-0.005618058888302246,0.005618058888302246,False,0.0,0.0,False,1,0,1,global,1000,1000,53,48,5,40,8,1,18,18.867924528301888,19.0,19,0,18,46,"sorted(block,parameter,shift,basis)"
