analysis_identifier,status,dataset,response,estimand,estimate,se,ci_lo,ci_hi,interval_method,p_raw,p_adjusted,depth,weighting,estimator_mode,clusters,bootstrap_count,source_script,source_output,plan_commit,analysis_commit,input_checksum
bootstrap_H1,post_primary_diagnostic,original,asinh(abs(exact_gradient)),E_c:L_c,0.0040427967996562,,0.000473407216948,0.0075349345626298,percentile 95%,,,,,statevector_exact,50.0,2000.0,scripts/run_h1_centered_bootstrap_extension.py,results/primary_corrected/effect_coded/corrected_confirmatory_hypotheses.csv,ec35570569cb0078bbf3f49a4b1b421ccad8c1c4,c6c9f2a05ece0d42f09c3ebbf486e1c3e10a5040,77e54bed863de79be0d1ebb4937f015fe29a1b1cb5d58e0f216f3acd4b9bb542
bootstrap_H2,post_primary_diagnostic,original,asinh(SNR_est),E_c:L_c,0.0143383164069154,,-0.0162397203608088,0.0459922300736221,percentile 95%,,,,,finite_shot_end_to_end,50.0,1000.0,verification/run_h2h4_bootstrap_shard_endtoend_only.py,results/primary_corrected/effect_coded/corrected_confirmatory_hypotheses.csv,ec35570569cb0078bbf3f49a4b1b421ccad8c1c4,cbfb588a077f91e40970d9c406e67b09e8cae3d9,99a4decf8597c9fcc5a61a8e59075d34e1cf6668714ee19e38b39258e15d1342
bootstrap_H3,post_primary_diagnostic,original,asinh(SNR_est),E_c:R_c,-0.0116151063366275,,-0.0313752307678077,0.0095625151608029,percentile 95%,,,,,finite_shot_end_to_end,50.0,1000.0,verification/run_h2h4_bootstrap_shard_endtoend_only.py,results/primary_corrected/effect_coded/corrected_confirmatory_hypotheses.csv,ec35570569cb0078bbf3f49a4b1b421ccad8c1c4,cbfb588a077f91e40970d9c406e67b09e8cae3d9,99a4decf8597c9fcc5a61a8e59075d34e1cf6668714ee19e38b39258e15d1342
bootstrap_H4,post_primary_diagnostic,original,asinh(SNR_est),L_c:R_c:depth_z,-0.0101787577167127,,-0.0259640525878784,0.0058630307372051,percentile 95%,,,,,finite_shot_end_to_end,50.0,1000.0,verification/run_h2h4_bootstrap_shard_endtoend_only.py,results/primary_corrected/effect_coded/corrected_confirmatory_hypotheses.csv,ec35570569cb0078bbf3f49a4b1b421ccad8c1c4,cbfb588a077f91e40970d9c406e67b09e8cae3d9,99a4decf8597c9fcc5a61a8e59075d34e1cf6668714ee19e38b39258e15d1342
corrected_primary_H1,primary_corrected,original,asinh(abs(exact_gradient)),E_c:L_c,0.0040427967996562,0.0010812660133762,0.0019235543557316,0.0061620392435809,Wald 95%,0.00018479234956,0.00073916939824,,,statevector_exact,50.0,,scripts/run_factor_coding_correction.py,results/primary_corrected/effect_coded/corrected_confirmatory_hypotheses.csv,ec35570569cb0078bbf3f49a4b1b421ccad8c1c4,948e81c5087d6a829d3aa698c7cc623799177a36,77e54bed863de79be0d1ebb4937f015fe29a1b1cb5d58e0f216f3acd4b9bb542
corrected_primary_H2,primary_corrected,original,asinh(SNR_est),E_c:L_c,0.0143383164069154,0.0051448431772793,0.0042546090733412,0.0244220237404895,Wald 95%,0.0053210015915023,0.015963004774507,,,finite_shot_end_to_end,50.0,,scripts/run_factor_coding_correction.py,results/primary_corrected/effect_coded/corrected_confirmatory_hypotheses.csv,ec35570569cb0078bbf3f49a4b1b421ccad8c1c4,948e81c5087d6a829d3aa698c7cc623799177a36,99a4decf8597c9fcc5a61a8e59075d34e1cf6668714ee19e38b39258e15d1342
corrected_primary_H3,primary_corrected,original,asinh(SNR_est),E_c:R_c,-0.0116151063366275,0.0051436775101095,-0.021696529004531,-0.0015336836687241,Wald 95%,0.0239373880774181,0.0478747761548362,,,finite_shot_end_to_end,50.0,,scripts/run_factor_coding_correction.py,results/primary_corrected/effect_coded/corrected_confirmatory_hypotheses.csv,ec35570569cb0078bbf3f49a4b1b421ccad8c1c4,948e81c5087d6a829d3aa698c7cc623799177a36,99a4decf8597c9fcc5a61a8e59075d34e1cf6668714ee19e38b39258e15d1342
corrected_primary_H4,primary_corrected,original,asinh(SNR_est),L_c:R_c:depth_z,-0.0101787577167127,0.0053620749927248,-0.0206882315848563,0.0003307161514308,Wald 95%,0.0576582741108832,0.0576582741108832,,,finite_shot_end_to_end,50.0,,scripts/run_factor_coding_correction.py,results/primary_corrected/effect_coded/corrected_confirmatory_hypotheses.csv,ec35570569cb0078bbf3f49a4b1b421ccad8c1c4,948e81c5087d6a829d3aa698c7cc623799177a36,99a4decf8597c9fcc5a61a8e59075d34e1cf6668714ee19e38b39258e15d1342
h1_depth_independent_seed_D1,post_primary_exploratory,independent_seed,asinh(abs(exact_gradient)),E_c:L_c,0.0018622672726539,0.0043446324620621,-0.0066530558790513,0.0103775904243592,Wald 95%,0.668187909308608,0.668187909308608,1.0,depth-specific,statevector_exact,50.0,,scripts/run_h1_depth_weighting.py,results/h1_depth_weighting/independent_seed/depth_contrasts.csv,d528566acb2488380b5efd42d91b9e81fc739aaf,cc3475477742ec25e0c6091e4a2720b5265a2747,70c562c2724f5310330c2ea4bf10efa4b0fd76327dde8becba9ffe1f7d602715
h1_depth_independent_seed_D2,post_primary_exploratory,independent_seed,asinh(abs(exact_gradient)),E_c:L_c,0.003119779483297,0.0030721190756873,-0.0029014632612685,0.0091410222278627,Wald 95%,0.3098609458584406,0.6197218917168812,2.0,depth-specific,statevector_exact,50.0,,scripts/run_h1_depth_weighting.py,results/h1_depth_weighting/independent_seed/depth_contrasts.csv,d528566acb2488380b5efd42d91b9e81fc739aaf,cc3475477742ec25e0c6091e4a2720b5265a2747,70c562c2724f5310330c2ea4bf10efa4b0fd76327dde8becba9ffe1f7d602715
h1_depth_independent_seed_D3,post_primary_exploratory,independent_seed,asinh(abs(exact_gradient)),E_c:L_c,0.006249973906829,0.0025083747215015,0.0013336497929553,0.0111662980207027,Wald 95%,0.0127153828861702,0.0381461486585107,3.0,depth-specific,statevector_exact,50.0,,scripts/run_h1_depth_weighting.py,results/h1_depth_weighting/independent_seed/depth_contrasts.csv,d528566acb2488380b5efd42d91b9e81fc739aaf,cc3475477742ec25e0c6091e4a2720b5265a2747,70c562c2724f5310330c2ea4bf10efa4b0fd76327dde8becba9ffe1f7d602715
h1_depth_independent_seed_D4,post_primary_exploratory,independent_seed,asinh(abs(exact_gradient)),E_c:L_c,0.0078851545286466,0.002172316231031,0.003627492952794,0.0121428161044993,Wald 95%,0.0002835998981378,0.0011343995925512,4.0,depth-specific,statevector_exact,50.0,,scripts/run_h1_depth_weighting.py,results/h1_depth_weighting/independent_seed/depth_contrasts.csv,d528566acb2488380b5efd42d91b9e81fc739aaf,cc3475477742ec25e0c6091e4a2720b5265a2747,70c562c2724f5310330c2ea4bf10efa4b0fd76327dde8becba9ffe1f7d602715
h1_depth_independent_seed_D6,post_primary_exploratory,independent_seed,asinh(abs(exact_gradient)),E_c:L_c,0.0108696065534484,0.0017736887753306,0.0073932404340173,0.0143459726728794,Wald 95%,8.885143068424543e-10,4.4425715342122716e-09,6.0,depth-specific,statevector_exact,50.0,,scripts/run_h1_depth_weighting.py,results/h1_depth_weighting/independent_seed/depth_contrasts.csv,d528566acb2488380b5efd42d91b9e81fc739aaf,cc3475477742ec25e0c6091e4a2720b5265a2747,70c562c2724f5310330c2ea4bf10efa4b0fd76327dde8becba9ffe1f7d602715
h1_depth_original_D1,post_primary_exploratory,original,asinh(abs(exact_gradient)),E_c:L_c,-0.0052507033508733,0.0043149079254809,-0.0137077674814223,0.0032063607796757,Wald 95%,0.2236517991688844,0.4473035983377689,1.0,depth-specific,statevector_exact,50.0,,scripts/run_h1_depth_weighting.py,results/h1_depth_weighting/original/depth_contrasts.csv,d528566acb2488380b5efd42d91b9e81fc739aaf,cc3475477742ec25e0c6091e4a2720b5265a2747,77e54bed863de79be0d1ebb4937f015fe29a1b1cb5d58e0f216f3acd4b9bb542
h1_depth_original_D2,post_primary_exploratory,original,asinh(abs(exact_gradient)),E_c:L_c,-0.0035794981622444,0.0030511006543031,-0.0095595455578851,0.0024005492333962,Wald 95%,0.2407225929142017,0.4473035983377689,2.0,depth-specific,statevector_exact,50.0,,scripts/run_h1_depth_weighting.py,results/h1_depth_weighting/original/depth_contrasts.csv,d528566acb2488380b5efd42d91b9e81fc739aaf,cc3475477742ec25e0c6091e4a2720b5265a2747,77e54bed863de79be0d1ebb4937f015fe29a1b1cb5d58e0f216f3acd4b9bb542
h1_depth_original_D3,post_primary_exploratory,original,asinh(abs(exact_gradient)),E_c:L_c,0.0125883062961513,0.0024912132523048,0.0077056180438249,0.0174709945484777,Wald 95%,4.347358095557703e-07,2.173679047778852e-06,3.0,depth-specific,statevector_exact,50.0,,scripts/run_h1_depth_weighting.py,results/h1_depth_weighting/original/depth_contrasts.csv,d528566acb2488380b5efd42d91b9e81fc739aaf,cc3475477742ec25e0c6091e4a2720b5265a2747,77e54bed863de79be0d1ebb4937f015fe29a1b1cb5d58e0f216f3acd4b9bb542
h1_depth_original_D4,post_primary_exploratory,original,asinh(abs(exact_gradient)),E_c:L_c,0.004663936570762,0.0021574539627404,0.0004354045054875,0.0088924686360365,Wald 95%,0.0306352899499047,0.1225411597996189,4.0,depth-specific,statevector_exact,50.0,,scripts/run_h1_depth_weighting.py,results/h1_depth_weighting/original/depth_contrasts.csv,d528566acb2488380b5efd42d91b9e81fc739aaf,cc3475477742ec25e0c6091e4a2720b5265a2747,77e54bed863de79be0d1ebb4937f015fe29a1b1cb5d58e0f216f3acd4b9bb542
h1_depth_original_D6,post_primary_exploratory,original,asinh(abs(exact_gradient)),E_c:L_c,0.0034456305497266,0.0017615537840865,-6.951423913234642e-06,0.0068982125233665,Wald 95%,0.0504630577928484,0.1513891733785455,6.0,depth-specific,statevector_exact,50.0,,scripts/run_h1_depth_weighting.py,results/h1_depth_weighting/original/depth_contrasts.csv,d528566acb2488380b5efd42d91b9e81fc739aaf,cc3475477742ec25e0c6091e4a2720b5265a2747,77e54bed863de79be0d1ebb4937f015fe29a1b1cb5d58e0f216f3acd4b9bb542
h1_independent_seed,post_primary_robustness,independent_seed,asinh(abs(exact_gradient)),E_c:L_c,0.00772562533718829,0.0010888318741472493,0.005591554078640492,0.009859696595736088,Wald 95%,1.2903987003390785e-12,,,adopted pooled,statevector_exact,50.0,2000.0,scripts/run_independent_seed_h1.py,results/independent_seed_h1/effect_coded/coefficient.json,7cdb9a2b9a820799fe1b05491f9498b838f5a15c,7d7648c4438a347ff6f27cc6ee48042d7ab31416,70c562c2724f5310330c2ea4bf10efa4b0fd76327dde8becba9ffe1f7d602715
h3_L0,post_primary_explanatory,original,asinh(SNR_est),E_c:R_c L0,-0.0009575787575787573,0.0072929170868231055,-0.015251433589988421,0.013336276074830906,Wald 95%,0.8955359586891318,,,L-specific/equal,finite_shot_end_to_end,50.0,1000.0,scripts/run_h3_centered_robustness.py,verification/h3_centered_interaction_robustness_results.json,7cdb9a2b9a820799fe1b05491f9498b838f5a15c,cbfb588a077f91e40970d9c406e67b09e8cae3d9,99a4decf8597c9fcc5a61a8e59075d34e1cf6668714ee19e38b39258e15d1342
h3_L1,post_primary_explanatory,original,asinh(SNR_est),E_c:R_c L1,-0.022272633915674897,0.0072555519209130176,-0.036493254368624425,-0.008052013462725367,Wald 95%,0.0021424756874968954,,,L-specific/equal,finite_shot_end_to_end,50.0,1000.0,scripts/run_h3_centered_robustness.py,verification/h3_centered_interaction_robustness_results.json,7cdb9a2b9a820799fe1b05491f9498b838f5a15c,cbfb588a077f91e40970d9c406e67b09e8cae3d9,99a4decf8597c9fcc5a61a8e59075d34e1cf6668714ee19e38b39258e15d1342
h3_average,post_primary_explanatory,original,asinh(SNR_est),E_c:R_c average,-0.011615106336626827,0.005143677510117177,-0.021696529004544877,-0.0015336836687087785,Wald 95%,0.023937388077634673,,,L-specific/equal,finite_shot_end_to_end,50.0,1000.0,scripts/run_h3_centered_robustness.py,verification/h3_centered_interaction_robustness_results.json,7cdb9a2b9a820799fe1b05491f9498b838f5a15c,cbfb588a077f91e40970d9c406e67b09e8cae3d9,99a4decf8597c9fcc5a61a8e59075d34e1cf6668714ee19e38b39258e15d1342
jel_independent_seed_J_EL_given_R0,post_primary_descriptive,independent_seed,RMS exact-gradient magnitude ratio,J_EL_given_R0,1.1632192784916495,,1.007099980063186,1.352596352337025,cluster percentile 95%,,,,parameter/observation pooled,statevector_exact,50.0,2000.0,scripts/run_jel_conditional.py,results/jel_conditional/summary.csv,645521db6511ca049d89e64f810e65a3407a7b52,773acc35f24a4941410f2243cd091f149299854c,70c562c2724f5310330c2ea4bf10efa4b0fd76327dde8becba9ffe1f7d602715
jel_independent_seed_J_EL_given_R1,post_primary_descriptive,independent_seed,RMS exact-gradient magnitude ratio,J_EL_given_R1,1.2421368814704552,,1.0498742961154317,1.4492578287923137,cluster percentile 95%,,,,parameter/observation pooled,statevector_exact,50.0,2000.0,scripts/run_jel_conditional.py,results/jel_conditional/summary.csv,645521db6511ca049d89e64f810e65a3407a7b52,773acc35f24a4941410f2243cd091f149299854c,70c562c2724f5310330c2ea4bf10efa4b0fd76327dde8becba9ffe1f7d602715
jel_original_J_EL_given_R0,post_primary_descriptive,original,RMS exact-gradient magnitude ratio,J_EL_given_R0,1.2417603765323095,,1.0822096652259177,1.414863720654239,cluster percentile 95%,,,,parameter/observation pooled,statevector_exact,50.0,2000.0,scripts/run_jel_conditional.py,results/jel_conditional/summary.csv,645521db6511ca049d89e64f810e65a3407a7b52,773acc35f24a4941410f2243cd091f149299854c,77e54bed863de79be0d1ebb4937f015fe29a1b1cb5d58e0f216f3acd4b9bb542
jel_original_J_EL_given_R1,post_primary_descriptive,original,RMS exact-gradient magnitude ratio,J_EL_given_R1,1.1266328763644051,,0.9913313108894982,1.2851519618383114,cluster percentile 95%,,,,parameter/observation pooled,statevector_exact,50.0,2000.0,scripts/run_jel_conditional.py,results/jel_conditional/summary.csv,645521db6511ca049d89e64f810e65a3407a7b52,773acc35f24a4941410f2243cd091f149299854c,77e54bed863de79be0d1ebb4937f015fe29a1b1cb5d58e0f216f3acd4b9bb542
resource_d6_extreme_job_ratio,implementation_audit,original,implemented simulator job count,(61-48)/48,0.2708333333333333,,,,deterministic accounting,,,6.0,,both modes,,,scripts/run_resource_accounting.py,results/resource_accounting/resource_table.csv,645521db6511ca049d89e64f810e65a3407a7b52,b56742ee45b4e2dd513481a7a15b3725e6539652,7466028f0d8796c083a6d7d54e163e911ab6903724249866acc4d3f3726511b8
task_independent_seed_C1_D1_normalized_prepared_state_energy,post_primary_descriptive,independent_seed,prepared state at initialization,normalized_prepared_state_energy_C1,0.4850240423541658,0.023178414109852927,0.4393628063188808,0.5298963804462608,initialization cluster percentile 95%,,,1.0,one state per initialization/configuration/depth,statevector_exact,50.0,2000.0,scripts/run_task_metrics.py,results/task_metrics/prepared_state/configuration_depth_summary.csv,645521db6511ca049d89e64f810e65a3407a7b52,9327aca680713423c5820db76b22ed1fb471a3d2,70c562c2724f5310330c2ea4bf10efa4b0fd76327dde8becba9ffe1f7d602715
task_independent_seed_C1_D1_prepared_state_energy,post_primary_descriptive,independent_seed,prepared state at initialization,prepared_state_energy_C1,-0.1026462347326346,0.15886643056258795,-0.4156114596018343,0.204911829848601,initialization cluster percentile 95%,,,1.0,one state per initialization/configuration/depth,statevector_exact,50.0,2000.0,scripts/run_task_metrics.py,results/task_metrics/prepared_state/configuration_depth_summary.csv,645521db6511ca049d89e64f810e65a3407a7b52,9327aca680713423c5820db76b22ed1fb471a3d2,70c562c2724f5310330c2ea4bf10efa4b0fd76327dde8becba9ffe1f7d602715
task_independent_seed_C1_D1_prepared_state_fidelity,post_primary_descriptive,independent_seed,prepared state at initialization,prepared_state_fidelity_C1,0.0468440259152431,0.012724988750235242,0.0245926565213685,0.0723149387727696,initialization cluster percentile 95%,,,1.0,one state per initialization/configuration/depth,statevector_exact,50.0,2000.0,scripts/run_task_metrics.py,results/task_metrics/prepared_state/configuration_depth_summary.csv,645521db6511ca049d89e64f810e65a3407a7b52,9327aca680713423c5820db76b22ed1fb471a3d2,70c562c2724f5310330c2ea4bf10efa4b0fd76327dde8becba9ffe1f7d602715
task_independent_seed_C1_D1_prepared_state_infidelity,post_primary_descriptive,independent_seed,prepared state at initialization,prepared_state_infidelity_C1,0.9531559740847568,0.012724988750235242,0.9276850612272304,0.9754073434786312,initialization cluster percentile 95%,,,1.0,one state per initialization/configuration/depth,statevector_exact,50.0,2000.0,scripts/run_task_metrics.py,results/task_metrics/prepared_state/configuration_depth_summary.csv,645521db6511ca049d89e64f810e65a3407a7b52,9327aca680713423c5820db76b22ed1fb471a3d2,70c562c2724f5310330c2ea4bf10efa4b0fd76327dde8becba9ffe1f7d602715
task_independent_seed_C1_D2_normalized_prepared_state_energy,post_primary_descriptive,independent_seed,prepared state at initialization,normalized_prepared_state_energy_C1,0.5213527216569093,0.022670556837373027,0.4774288839052775,0.5651200018665833,initialization cluster percentile 95%,,,2.0,one state per initialization/configuration/depth,statevector_exact,50.0,2000.0,scripts/run_task_metrics.py,results/task_metrics/prepared_state/configuration_depth_summary.csv,645521db6511ca049d89e64f810e65a3407a7b52,9327aca680713423c5820db76b22ed1fb471a3d2,70c562c2724f5310330c2ea4bf10efa4b0fd76327dde8becba9ffe1f7d602715
task_independent_seed_C1_D2_prepared_state_energy,post_primary_descriptive,independent_seed,prepared state at initialization,prepared_state_energy_C1,0.1463530100183872,0.155385542192411,-0.1547039685626304,0.4463369325330756,initialization cluster percentile 95%,,,2.0,one state per initialization/configuration/depth,statevector_exact,50.0,2000.0,scripts/run_task_metrics.py,results/task_metrics/prepared_state/configuration_depth_summary.csv,645521db6511ca049d89e64f810e65a3407a7b52,9327aca680713423c5820db76b22ed1fb471a3d2,70c562c2724f5310330c2ea4bf10efa4b0fd76327dde8becba9ffe1f7d602715
task_independent_seed_C1_D2_prepared_state_fidelity,post_primary_descriptive,independent_seed,prepared state at initialization,prepared_state_fidelity_C1,0.0634675878311799,0.013742278468459252,0.038955845393608,0.092013604653774,initialization cluster percentile 95%,,,2.0,one state per initialization/configuration/depth,statevector_exact,50.0,2000.0,scripts/run_task_metrics.py,results/task_metrics/prepared_state/configuration_depth_summary.csv,645521db6511ca049d89e64f810e65a3407a7b52,9327aca680713423c5820db76b22ed1fb471a3d2,70c562c2724f5310330c2ea4bf10efa4b0fd76327dde8becba9ffe1f7d602715
task_independent_seed_C1_D2_prepared_state_infidelity,post_primary_descriptive,independent_seed,prepared state at initialization,prepared_state_infidelity_C1,0.93653241216882,0.013742278468459252,0.907986395346226,0.961044154606392,initialization cluster percentile 95%,,,2.0,one state per initialization/configuration/depth,statevector_exact,50.0,2000.0,scripts/run_task_metrics.py,results/task_metrics/prepared_state/configuration_depth_summary.csv,645521db6511ca049d89e64f810e65a3407a7b52,9327aca680713423c5820db76b22ed1fb471a3d2,70c562c2724f5310330c2ea4bf10efa4b0fd76327dde8becba9ffe1f7d602715
task_independent_seed_C1_D3_normalized_prepared_state_energy,post_primary_descriptive,independent_seed,prepared state at initialization,normalized_prepared_state_energy_C1,0.5441944424434197,0.02021876770434088,0.5053193716068933,0.5820330060546525,initialization cluster percentile 95%,,,3.0,one state per initialization/configuration/depth,statevector_exact,50.0,2000.0,scripts/run_task_metrics.py,results/task_metrics/prepared_state/configuration_depth_summary.csv,645521db6511ca049d89e64f810e65a3407a7b52,9327aca680713423c5820db76b22ed1fb471a3d2,70c562c2724f5310330c2ea4bf10efa4b0fd76327dde8becba9ffe1f7d602715
task_independent_seed_C1_D3_prepared_state_energy,post_primary_descriptive,independent_seed,prepared state at initialization,prepared_state_energy_C1,0.3029117215877703,0.13858081231697986,0.0364593356567873,0.5622598163297937,initialization cluster percentile 95%,,,3.0,one state per initialization/configuration/depth,statevector_exact,50.0,2000.0,scripts/run_task_metrics.py,results/task_metrics/prepared_state/configuration_depth_summary.csv,645521db6511ca049d89e64f810e65a3407a7b52,9327aca680713423c5820db76b22ed1fb471a3d2,70c562c2724f5310330c2ea4bf10efa4b0fd76327dde8becba9ffe1f7d602715
task_independent_seed_C1_D3_prepared_state_fidelity,post_primary_descriptive,independent_seed,prepared state at initialization,prepared_state_fidelity_C1,0.0379122926514395,0.00841471629494534,0.0227456464566483,0.054967778380241,initialization cluster percentile 95%,,,3.0,one state per initialization/configuration/depth,statevector_exact,50.0,2000.0,scripts/run_task_metrics.py,results/task_metrics/prepared_state/configuration_depth_summary.csv,645521db6511ca049d89e64f810e65a3407a7b52,9327aca680713423c5820db76b22ed1fb471a3d2,70c562c2724f5310330c2ea4bf10efa4b0fd76327dde8becba9ffe1f7d602715
task_independent_seed_C1_D3_prepared_state_infidelity,post_primary_descriptive,independent_seed,prepared state at initialization,prepared_state_infidelity_C1,0.9620877073485604,0.00841471629494534,0.9450322216197592,0.9772543535433518,initialization cluster percentile 95%,,,3.0,one state per initialization/configuration/depth,statevector_exact,50.0,2000.0,scripts/run_task_metrics.py,results/task_metrics/prepared_state/configuration_depth_summary.csv,645521db6511ca049d89e64f810e65a3407a7b52,9327aca680713423c5820db76b22ed1fb471a3d2,70c562c2724f5310330c2ea4bf10efa4b0fd76327dde8becba9ffe1f7d602715
task_independent_seed_C1_D4_normalized_prepared_state_energy,post_primary_descriptive,independent_seed,prepared state at initialization,normalized_prepared_state_energy_C1,0.4571629137073396,0.027312202966130718,0.4031992588372894,0.5092634111482296,initialization cluster percentile 95%,,,4.0,one state per initialization/configuration/depth,statevector_exact,50.0,2000.0,scripts/run_task_metrics.py,results/task_metrics/prepared_state/configuration_depth_summary.csv,645521db6511ca049d89e64f810e65a3407a7b52,9327aca680713423c5820db76b22ed1fb471a3d2,70c562c2724f5310330c2ea4bf10efa4b0fd76327dde8becba9ffe1f7d602715
task_independent_seed_C1_D4_prepared_state_energy,post_primary_descriptive,independent_seed,prepared state at initialization,prepared_state_energy_C1,-0.2936083099888888,0.18719970121621263,-0.6634788795923534,0.063492051569107,initialization cluster percentile 95%,,,4.0,one state per initialization/configuration/depth,statevector_exact,50.0,2000.0,scripts/run_task_metrics.py,results/task_metrics/prepared_state/configuration_depth_summary.csv,645521db6511ca049d89e64f810e65a3407a7b52,9327aca680713423c5820db76b22ed1fb471a3d2,70c562c2724f5310330c2ea4bf10efa4b0fd76327dde8becba9ffe1f7d602715
task_independent_seed_C1_D4_prepared_state_fidelity,post_primary_descriptive,independent_seed,prepared state at initialization,prepared_state_fidelity_C1,0.0962379865732728,0.0253310298307698,0.0511104778568973,0.1492681976520571,initialization cluster percentile 95%,,,4.0,one state per initialization/configuration/depth,statevector_exact,50.0,2000.0,scripts/run_task_metrics.py,results/task_metrics/prepared_state/configuration_depth_summary.csv,645521db6511ca049d89e64f810e65a3407a7b52,9327aca680713423c5820db76b22ed1fb471a3d2,70c562c2724f5310330c2ea4bf10efa4b0fd76327dde8becba9ffe1f7d602715
task_independent_seed_C1_D4_prepared_state_infidelity,post_primary_descriptive,independent_seed,prepared state at initialization,prepared_state_infidelity_C1,0.9037620134267272,0.0253310298307698,0.8507318023479431,0.9488895221431028,initialization cluster percentile 95%,,,4.0,one state per initialization/configuration/depth,statevector_exact,50.0,2000.0,scripts/run_task_metrics.py,results/task_metrics/prepared_state/configuration_depth_summary.csv,645521db6511ca049d89e64f810e65a3407a7b52,9327aca680713423c5820db76b22ed1fb471a3d2,70c562c2724f5310330c2ea4bf10efa4b0fd76327dde8becba9ffe1f7d602715
task_independent_seed_C1_D6_normalized_prepared_state_energy,post_primary_descriptive,independent_seed,prepared state at initialization,normalized_prepared_state_energy_C1,0.4871461270973636,0.019752225602683537,0.4468489253480258,0.5249827477835598,initialization cluster percentile 95%,,,6.0,one state per initialization/configuration/depth,statevector_exact,50.0,2000.0,scripts/run_task_metrics.py,results/task_metrics/prepared_state/configuration_depth_summary.csv,645521db6511ca049d89e64f810e65a3407a7b52,9327aca680713423c5820db76b22ed1fb471a3d2,70c562c2724f5310330c2ea4bf10efa4b0fd76327dde8becba9ffe1f7d602715
task_independent_seed_C1_D6_prepared_state_energy,post_primary_descriptive,independent_seed,prepared state at initialization,prepared_state_energy_C1,-0.0881013212236537,0.1353831009443988,-0.3643010893888269,0.1712334565777031,initialization cluster percentile 95%,,,6.0,one state per initialization/configuration/depth,statevector_exact,50.0,2000.0,scripts/run_task_metrics.py,results/task_metrics/prepared_state/configuration_depth_summary.csv,645521db6511ca049d89e64f810e65a3407a7b52,9327aca680713423c5820db76b22ed1fb471a3d2,70c562c2724f5310330c2ea4bf10efa4b0fd76327dde8becba9ffe1f7d602715
task_independent_seed_C1_D6_prepared_state_fidelity,post_primary_descriptive,independent_seed,prepared state at initialization,prepared_state_fidelity_C1,0.0712911940048454,0.019142689657985257,0.0372701554132574,0.112526561501844,initialization cluster percentile 95%,,,6.0,one state per initialization/configuration/depth,statevector_exact,50.0,2000.0,scripts/run_task_metrics.py,results/task_metrics/prepared_state/configuration_depth_summary.csv,645521db6511ca049d89e64f810e65a3407a7b52,9327aca680713423c5820db76b22ed1fb471a3d2,70c562c2724f5310330c2ea4bf10efa4b0fd76327dde8becba9ffe1f7d602715
task_independent_seed_C1_D6_prepared_state_infidelity,post_primary_descriptive,independent_seed,prepared state at initialization,prepared_state_infidelity_C1,0.9287088059951544,0.019142689657985257,0.8874734384981563,0.9627298445867424,initialization cluster percentile 95%,,,6.0,one state per initialization/configuration/depth,statevector_exact,50.0,2000.0,scripts/run_task_metrics.py,results/task_metrics/prepared_state/configuration_depth_summary.csv,645521db6511ca049d89e64f810e65a3407a7b52,9327aca680713423c5820db76b22ed1fb471a3d2,70c562c2724f5310330c2ea4bf10efa4b0fd76327dde8becba9ffe1f7d602715
task_independent_seed_C2_D1_normalized_prepared_state_energy,post_primary_descriptive,independent_seed,prepared state at initialization,normalized_prepared_state_energy_C2,0.4836509864500363,0.025899795166366132,0.4350268359251867,0.5323907162436112,initialization cluster percentile 95%,,,1.0,one state per initialization/configuration/depth,statevector_exact,50.0,2000.0,scripts/run_task_metrics.py,results/task_metrics/prepared_state/configuration_depth_summary.csv,645521db6511ca049d89e64f810e65a3407a7b52,9327aca680713423c5820db76b22ed1fb471a3d2,70c562c2724f5310330c2ea4bf10efa4b0fd76327dde8becba9ffe1f7d602715
task_independent_seed_C2_D1_prepared_state_energy,post_primary_descriptive,independent_seed,prepared state at initialization,prepared_state_energy_C2,-0.1120572535114913,0.17751896186174687,-0.4453304962972057,0.222008177462009,initialization cluster percentile 95%,,,1.0,one state per initialization/configuration/depth,statevector_exact,50.0,2000.0,scripts/run_task_metrics.py,results/task_metrics/prepared_state/configuration_depth_summary.csv,645521db6511ca049d89e64f810e65a3407a7b52,9327aca680713423c5820db76b22ed1fb471a3d2,70c562c2724f5310330c2ea4bf10efa4b0fd76327dde8becba9ffe1f7d602715
task_independent_seed_C2_D1_prepared_state_fidelity,post_primary_descriptive,independent_seed,prepared state at initialization,prepared_state_fidelity_C2,0.063808367660262,0.014402923612595847,0.0380334354097538,0.092066017994819,initialization cluster percentile 95%,,,1.0,one state per initialization/configuration/depth,statevector_exact,50.0,2000.0,scripts/run_task_metrics.py,results/task_metrics/prepared_state/configuration_depth_summary.csv,645521db6511ca049d89e64f810e65a3407a7b52,9327aca680713423c5820db76b22ed1fb471a3d2,70c562c2724f5310330c2ea4bf10efa4b0fd76327dde8becba9ffe1f7d602715
task_independent_seed_C2_D1_prepared_state_infidelity,post_primary_descriptive,independent_seed,prepared state at initialization,prepared_state_infidelity_C2,0.936191632339738,0.014402923612595847,0.9079339820051812,0.9619665645902462,initialization cluster percentile 95%,,,1.0,one state per initialization/configuration/depth,statevector_exact,50.0,2000.0,scripts/run_task_metrics.py,results/task_metrics/prepared_state/configuration_depth_summary.csv,645521db6511ca049d89e64f810e65a3407a7b52,9327aca680713423c5820db76b22ed1fb471a3d2,70c562c2724f5310330c2ea4bf10efa4b0fd76327dde8becba9ffe1f7d602715
task_independent_seed_C2_D2_normalized_prepared_state_energy,post_primary_descriptive,independent_seed,prepared state at initialization,normalized_prepared_state_energy_C2,0.5038799998508169,0.02123164100498936,0.4636596204217744,0.5441134480276419,initialization cluster percentile 95%,,,2.0,one state per initialization/configuration/depth,statevector_exact,50.0,2000.0,scripts/run_task_metrics.py,results/task_metrics/prepared_state/configuration_depth_summary.csv,645521db6511ca049d89e64f810e65a3407a7b52,9327aca680713423c5820db76b22ed1fb471a3d2,70c562c2724f5310330c2ea4bf10efa4b0fd76327dde8becba9ffe1f7d602715
task_independent_seed_C2_D2_prepared_state_energy,post_primary_descriptive,independent_seed,prepared state at initialization,prepared_state_energy_C2,0.0265937835074151,0.14552311497511422,-0.2490794392368764,0.3023565803400067,initialization cluster percentile 95%,,,2.0,one state per initialization/configuration/depth,statevector_exact,50.0,2000.0,scripts/run_task_metrics.py,results/task_metrics/prepared_state/configuration_depth_summary.csv,645521db6511ca049d89e64f810e65a3407a7b52,9327aca680713423c5820db76b22ed1fb471a3d2,70c562c2724f5310330c2ea4bf10efa4b0fd76327dde8becba9ffe1f7d602715
task_independent_seed_C2_D2_prepared_state_fidelity,post_primary_descriptive,independent_seed,prepared state at initialization,prepared_state_fidelity_C2,0.0490429542944434,0.013043360176091541,0.0262174751042989,0.0773689166729187,initialization cluster percentile 95%,,,2.0,one state per initialization/configuration/depth,statevector_exact,50.0,2000.0,scripts/run_task_metrics.py,results/task_metrics/prepared_state/configuration_depth_summary.csv,645521db6511ca049d89e64f810e65a3407a7b52,9327aca680713423c5820db76b22ed1fb471a3d2,70c562c2724f5310330c2ea4bf10efa4b0fd76327dde8becba9ffe1f7d602715
task_independent_seed_C2_D2_prepared_state_infidelity,post_primary_descriptive,independent_seed,prepared state at initialization,prepared_state_infidelity_C2,0.9509570457055564,0.013043360176091541,0.9226310833270812,0.973782524895701,initialization cluster percentile 95%,,,2.0,one state per initialization/configuration/depth,statevector_exact,50.0,2000.0,scripts/run_task_metrics.py,results/task_metrics/prepared_state/configuration_depth_summary.csv,645521db6511ca049d89e64f810e65a3407a7b52,9327aca680713423c5820db76b22ed1fb471a3d2,70c562c2724f5310330c2ea4bf10efa4b0fd76327dde8becba9ffe1f7d602715
task_independent_seed_C2_D3_normalized_prepared_state_energy,post_primary_descriptive,independent_seed,prepared state at initialization,normalized_prepared_state_energy_C2,0.5098353372004639,0.022990488816455927,0.4654579641990094,0.5565720424421468,initialization cluster percentile 95%,,,3.0,one state per initialization/configuration/depth,statevector_exact,50.0,2000.0,scripts/run_task_metrics.py,results/task_metrics/prepared_state/configuration_depth_summary.csv,645521db6511ca049d89e64f810e65a3407a7b52,9327aca680713423c5820db76b22ed1fb471a3d2,70c562c2724f5310330c2ea4bf10efa4b0fd76327dde8becba9ffe1f7d602715
task_independent_seed_C2_D3_prepared_state_energy,post_primary_descriptive,independent_seed,prepared state at initialization,prepared_state_energy_C2,0.0674120717237908,0.1575783777893089,-0.2367534683805551,0.3877486358567834,initialization cluster percentile 95%,,,3.0,one state per initialization/configuration/depth,statevector_exact,50.0,2000.0,scripts/run_task_metrics.py,results/task_metrics/prepared_state/configuration_depth_summary.csv,645521db6511ca049d89e64f810e65a3407a7b52,9327aca680713423c5820db76b22ed1fb471a3d2,70c562c2724f5310330c2ea4bf10efa4b0fd76327dde8becba9ffe1f7d602715
task_independent_seed_C2_D3_prepared_state_fidelity,post_primary_descriptive,independent_seed,prepared state at initialization,prepared_state_fidelity_C2,0.0380663697447436,0.008016127772544216,0.0233609664274302,0.0544475223298376,initialization cluster percentile 95%,,,3.0,one state per initialization/configuration/depth,statevector_exact,50.0,2000.0,scripts/run_task_metrics.py,results/task_metrics/prepared_state/configuration_depth_summary.csv,645521db6511ca049d89e64f810e65a3407a7b52,9327aca680713423c5820db76b22ed1fb471a3d2,70c562c2724f5310330c2ea4bf10efa4b0fd76327dde8becba9ffe1f7d602715
task_independent_seed_C2_D3_prepared_state_infidelity,post_primary_descriptive,independent_seed,prepared state at initialization,prepared_state_infidelity_C2,0.9619336302552562,0.008016127772544216,0.9455524776701624,0.9766390335725696,initialization cluster percentile 95%,,,3.0,one state per initialization/configuration/depth,statevector_exact,50.0,2000.0,scripts/run_task_metrics.py,results/task_metrics/prepared_state/configuration_depth_summary.csv,645521db6511ca049d89e64f810e65a3407a7b52,9327aca680713423c5820db76b22ed1fb471a3d2,70c562c2724f5310330c2ea4bf10efa4b0fd76327dde8becba9ffe1f7d602715
task_independent_seed_C2_D4_normalized_prepared_state_energy,post_primary_descriptive,independent_seed,prepared state at initialization,normalized_prepared_state_energy_C2,0.5127603105292315,0.021971241157862035,0.4713918815581462,0.5543533049261635,initialization cluster percentile 95%,,,4.0,one state per initialization/configuration/depth,statevector_exact,50.0,2000.0,scripts/run_task_metrics.py,results/task_metrics/prepared_state/configuration_depth_summary.csv,645521db6511ca049d89e64f810e65a3407a7b52,9327aca680713423c5820db76b22ed1fb471a3d2,70c562c2724f5310330c2ea4bf10efa4b0fd76327dde8becba9ffe1f7d602715
task_independent_seed_C2_D4_prepared_state_energy,post_primary_descriptive,independent_seed,prepared state at initialization,prepared_state_energy_C2,0.0874600383374577,0.15059238484722678,-0.1960819942395054,0.3725412576535555,initialization cluster percentile 95%,,,4.0,one state per initialization/configuration/depth,statevector_exact,50.0,2000.0,scripts/run_task_metrics.py,results/task_metrics/prepared_state/configuration_depth_summary.csv,645521db6511ca049d89e64f810e65a3407a7b52,9327aca680713423c5820db76b22ed1fb471a3d2,70c562c2724f5310330c2ea4bf10efa4b0fd76327dde8becba9ffe1f7d602715
task_independent_seed_C2_D4_prepared_state_fidelity,post_primary_descriptive,independent_seed,prepared state at initialization,prepared_state_fidelity_C2,0.0641271114292778,0.015501835327678057,0.0375129123109972,0.0963741583989942,initialization cluster percentile 95%,,,4.0,one state per initialization/configuration/depth,statevector_exact,50.0,2000.0,scripts/run_task_metrics.py,results/task_metrics/prepared_state/configuration_depth_summary.csv,645521db6511ca049d89e64f810e65a3407a7b52,9327aca680713423c5820db76b22ed1fb471a3d2,70c562c2724f5310330c2ea4bf10efa4b0fd76327dde8becba9ffe1f7d602715
task_independent_seed_C2_D4_prepared_state_infidelity,post_primary_descriptive,independent_seed,prepared state at initialization,prepared_state_infidelity_C2,0.935872888570722,0.015501835327678057,0.9036258416010058,0.9624870876890028,initialization cluster percentile 95%,,,4.0,one state per initialization/configuration/depth,statevector_exact,50.0,2000.0,scripts/run_task_metrics.py,results/task_metrics/prepared_state/configuration_depth_summary.csv,645521db6511ca049d89e64f810e65a3407a7b52,9327aca680713423c5820db76b22ed1fb471a3d2,70c562c2724f5310330c2ea4bf10efa4b0fd76327dde8becba9ffe1f7d602715
task_independent_seed_C2_D6_normalized_prepared_state_energy,post_primary_descriptive,independent_seed,prepared state at initialization,normalized_prepared_state_energy_C2,0.4914931400789049,0.018250262566021337,0.4563794605557108,0.5275424437212548,initialization cluster percentile 95%,,,6.0,one state per initialization/configuration/depth,statevector_exact,50.0,2000.0,scripts/run_task_metrics.py,results/task_metrics/prepared_state/configuration_depth_summary.csv,645521db6511ca049d89e64f810e65a3407a7b52,9327aca680713423c5820db76b22ed1fb471a3d2,70c562c2724f5310330c2ea4bf10efa4b0fd76327dde8becba9ffe1f7d602715
task_independent_seed_C2_D6_prepared_state_energy,post_primary_descriptive,independent_seed,prepared state at initialization,prepared_state_energy_C2,-0.0583065978783177,0.12508854389055638,-0.2989781513042779,0.188777787049145,initialization cluster percentile 95%,,,6.0,one state per initialization/configuration/depth,statevector_exact,50.0,2000.0,scripts/run_task_metrics.py,results/task_metrics/prepared_state/configuration_depth_summary.csv,645521db6511ca049d89e64f810e65a3407a7b52,9327aca680713423c5820db76b22ed1fb471a3d2,70c562c2724f5310330c2ea4bf10efa4b0fd76327dde8becba9ffe1f7d602715
task_independent_seed_C2_D6_prepared_state_fidelity,post_primary_descriptive,independent_seed,prepared state at initialization,prepared_state_fidelity_C2,0.0604080575602153,0.011208396411097662,0.0403216764663665,0.082482398158143,initialization cluster percentile 95%,,,6.0,one state per initialization/configuration/depth,statevector_exact,50.0,2000.0,scripts/run_task_metrics.py,results/task_metrics/prepared_state/configuration_depth_summary.csv,645521db6511ca049d89e64f810e65a3407a7b52,9327aca680713423c5820db76b22ed1fb471a3d2,70c562c2724f5310330c2ea4bf10efa4b0fd76327dde8becba9ffe1f7d602715
task_independent_seed_C2_D6_prepared_state_infidelity,post_primary_descriptive,independent_seed,prepared state at initialization,prepared_state_infidelity_C2,0.9395919424397846,0.011208396411097662,0.917517601841857,0.9596783235336332,initialization cluster percentile 95%,,,6.0,one state per initialization/configuration/depth,statevector_exact,50.0,2000.0,scripts/run_task_metrics.py,results/task_metrics/prepared_state/configuration_depth_summary.csv,645521db6511ca049d89e64f810e65a3407a7b52,9327aca680713423c5820db76b22ed1fb471a3d2,70c562c2724f5310330c2ea4bf10efa4b0fd76327dde8becba9ffe1f7d602715
task_independent_seed_C3_D1_normalized_prepared_state_energy,post_primary_descriptive,independent_seed,prepared state at initialization,normalized_prepared_state_energy_C3,0.4850240423541658,0.023178414109852927,0.4393628063188808,0.5298963804462608,initialization cluster percentile 95%,,,1.0,one state per initialization/configuration/depth,statevector_exact,50.0,2000.0,scripts/run_task_metrics.py,results/task_metrics/prepared_state/configuration_depth_summary.csv,645521db6511ca049d89e64f810e65a3407a7b52,9327aca680713423c5820db76b22ed1fb471a3d2,70c562c2724f5310330c2ea4bf10efa4b0fd76327dde8becba9ffe1f7d602715
task_independent_seed_C3_D1_prepared_state_energy,post_primary_descriptive,independent_seed,prepared state at initialization,prepared_state_energy_C3,-0.1026462347326346,0.15886643056258795,-0.4156114596018343,0.204911829848601,initialization cluster percentile 95%,,,1.0,one state per initialization/configuration/depth,statevector_exact,50.0,2000.0,scripts/run_task_metrics.py,results/task_metrics/prepared_state/configuration_depth_summary.csv,645521db6511ca049d89e64f810e65a3407a7b52,9327aca680713423c5820db76b22ed1fb471a3d2,70c562c2724f5310330c2ea4bf10efa4b0fd76327dde8becba9ffe1f7d602715
task_independent_seed_C3_D1_prepared_state_fidelity,post_primary_descriptive,independent_seed,prepared state at initialization,prepared_state_fidelity_C3,0.0468440259152431,0.012724988750235242,0.0245926565213685,0.0723149387727696,initialization cluster percentile 95%,,,1.0,one state per initialization/configuration/depth,statevector_exact,50.0,2000.0,scripts/run_task_metrics.py,results/task_metrics/prepared_state/configuration_depth_summary.csv,645521db6511ca049d89e64f810e65a3407a7b52,9327aca680713423c5820db76b22ed1fb471a3d2,70c562c2724f5310330c2ea4bf10efa4b0fd76327dde8becba9ffe1f7d602715
task_independent_seed_C3_D1_prepared_state_infidelity,post_primary_descriptive,independent_seed,prepared state at initialization,prepared_state_infidelity_C3,0.9531559740847568,0.012724988750235242,0.9276850612272304,0.9754073434786312,initialization cluster percentile 95%,,,1.0,one state per initialization/configuration/depth,statevector_exact,50.0,2000.0,scripts/run_task_metrics.py,results/task_metrics/prepared_state/configuration_depth_summary.csv,645521db6511ca049d89e64f810e65a3407a7b52,9327aca680713423c5820db76b22ed1fb471a3d2,70c562c2724f5310330c2ea4bf10efa4b0fd76327dde8becba9ffe1f7d602715
task_independent_seed_C3_D2_normalized_prepared_state_energy,post_primary_descriptive,independent_seed,prepared state at initialization,normalized_prepared_state_energy_C3,0.5213527216569093,0.022670556837373027,0.4774288839052775,0.5651200018665833,initialization cluster percentile 95%,,,2.0,one state per initialization/configuration/depth,statevector_exact,50.0,2000.0,scripts/run_task_metrics.py,results/task_metrics/prepared_state/configuration_depth_summary.csv,645521db6511ca049d89e64f810e65a3407a7b52,9327aca680713423c5820db76b22ed1fb471a3d2,70c562c2724f5310330c2ea4bf10efa4b0fd76327dde8becba9ffe1f7d602715
task_independent_seed_C3_D2_prepared_state_energy,post_primary_descriptive,independent_seed,prepared state at initialization,prepared_state_energy_C3,0.1463530100183872,0.155385542192411,-0.1547039685626304,0.4463369325330756,initialization cluster percentile 95%,,,2.0,one state per initialization/configuration/depth,statevector_exact,50.0,2000.0,scripts/run_task_metrics.py,results/task_metrics/prepared_state/configuration_depth_summary.csv,645521db6511ca049d89e64f810e65a3407a7b52,9327aca680713423c5820db76b22ed1fb471a3d2,70c562c2724f5310330c2ea4bf10efa4b0fd76327dde8becba9ffe1f7d602715
task_independent_seed_C3_D2_prepared_state_fidelity,post_primary_descriptive,independent_seed,prepared state at initialization,prepared_state_fidelity_C3,0.0634675878311799,0.013742278468459252,0.038955845393608,0.092013604653774,initialization cluster percentile 95%,,,2.0,one state per initialization/configuration/depth,statevector_exact,50.0,2000.0,scripts/run_task_metrics.py,results/task_metrics/prepared_state/configuration_depth_summary.csv,645521db6511ca049d89e64f810e65a3407a7b52,9327aca680713423c5820db76b22ed1fb471a3d2,70c562c2724f5310330c2ea4bf10efa4b0fd76327dde8becba9ffe1f7d602715
task_independent_seed_C3_D2_prepared_state_infidelity,post_primary_descriptive,independent_seed,prepared state at initialization,prepared_state_infidelity_C3,0.93653241216882,0.013742278468459252,0.907986395346226,0.961044154606392,initialization cluster percentile 95%,,,2.0,one state per initialization/configuration/depth,statevector_exact,50.0,2000.0,scripts/run_task_metrics.py,results/task_metrics/prepared_state/configuration_depth_summary.csv,645521db6511ca049d89e64f810e65a3407a7b52,9327aca680713423c5820db76b22ed1fb471a3d2,70c562c2724f5310330c2ea4bf10efa4b0fd76327dde8becba9ffe1f7d602715
task_independent_seed_C3_D3_normalized_prepared_state_energy,post_primary_descriptive,independent_seed,prepared state at initialization,normalized_prepared_state_energy_C3,0.5441944424434197,0.02021876770434088,0.5053193716068933,0.5820330060546525,initialization cluster percentile 95%,,,3.0,one state per initialization/configuration/depth,statevector_exact,50.0,2000.0,scripts/run_task_metrics.py,results/task_metrics/prepared_state/configuration_depth_summary.csv,645521db6511ca049d89e64f810e65a3407a7b52,9327aca680713423c5820db76b22ed1fb471a3d2,70c562c2724f5310330c2ea4bf10efa4b0fd76327dde8becba9ffe1f7d602715
task_independent_seed_C3_D3_prepared_state_energy,post_primary_descriptive,independent_seed,prepared state at initialization,prepared_state_energy_C3,0.3029117215877703,0.13858081231697986,0.0364593356567873,0.5622598163297937,initialization cluster percentile 95%,,,3.0,one state per initialization/configuration/depth,statevector_exact,50.0,2000.0,scripts/run_task_metrics.py,results/task_metrics/prepared_state/configuration_depth_summary.csv,645521db6511ca049d89e64f810e65a3407a7b52,9327aca680713423c5820db76b22ed1fb471a3d2,70c562c2724f5310330c2ea4bf10efa4b0fd76327dde8becba9ffe1f7d602715
task_independent_seed_C3_D3_prepared_state_fidelity,post_primary_descriptive,independent_seed,prepared state at initialization,prepared_state_fidelity_C3,0.0379122926514395,0.00841471629494534,0.0227456464566483,0.054967778380241,initialization cluster percentile 95%,,,3.0,one state per initialization/configuration/depth,statevector_exact,50.0,2000.0,scripts/run_task_metrics.py,results/task_metrics/prepared_state/configuration_depth_summary.csv,645521db6511ca049d89e64f810e65a3407a7b52,9327aca680713423c5820db76b22ed1fb471a3d2,70c562c2724f5310330c2ea4bf10efa4b0fd76327dde8becba9ffe1f7d602715
task_independent_seed_C3_D3_prepared_state_infidelity,post_primary_descriptive,independent_seed,prepared state at initialization,prepared_state_infidelity_C3,0.9620877073485604,0.00841471629494534,0.9450322216197592,0.9772543535433518,initialization cluster percentile 95%,,,3.0,one state per initialization/configuration/depth,statevector_exact,50.0,2000.0,scripts/run_task_metrics.py,results/task_metrics/prepared_state/configuration_depth_summary.csv,645521db6511ca049d89e64f810e65a3407a7b52,9327aca680713423c5820db76b22ed1fb471a3d2,70c562c2724f5310330c2ea4bf10efa4b0fd76327dde8becba9ffe1f7d602715
task_independent_seed_C3_D4_normalized_prepared_state_energy,post_primary_descriptive,independent_seed,prepared state at initialization,normalized_prepared_state_energy_C3,0.4571629137073396,0.027312202966130718,0.4031992588372894,0.5092634111482296,initialization cluster percentile 95%,,,4.0,one state per initialization/configuration/depth,statevector_exact,50.0,2000.0,scripts/run_task_metrics.py,results/task_metrics/prepared_state/configuration_depth_summary.csv,645521db6511ca049d89e64f810e65a3407a7b52,9327aca680713423c5820db76b22ed1fb471a3d2,70c562c2724f5310330c2ea4bf10efa4b0fd76327dde8becba9ffe1f7d602715
task_independent_seed_C3_D4_prepared_state_energy,post_primary_descriptive,independent_seed,prepared state at initialization,prepared_state_energy_C3,-0.2936083099888888,0.18719970121621263,-0.6634788795923534,0.063492051569107,initialization cluster percentile 95%,,,4.0,one state per initialization/configuration/depth,statevector_exact,50.0,2000.0,scripts/run_task_metrics.py,results/task_metrics/prepared_state/configuration_depth_summary.csv,645521db6511ca049d89e64f810e65a3407a7b52,9327aca680713423c5820db76b22ed1fb471a3d2,70c562c2724f5310330c2ea4bf10efa4b0fd76327dde8becba9ffe1f7d602715
task_independent_seed_C3_D4_prepared_state_fidelity,post_primary_descriptive,independent_seed,prepared state at initialization,prepared_state_fidelity_C3,0.0962379865732728,0.0253310298307698,0.0511104778568973,0.1492681976520571,initialization cluster percentile 95%,,,4.0,one state per initialization/configuration/depth,statevector_exact,50.0,2000.0,scripts/run_task_metrics.py,results/task_metrics/prepared_state/configuration_depth_summary.csv,645521db6511ca049d89e64f810e65a3407a7b52,9327aca680713423c5820db76b22ed1fb471a3d2,70c562c2724f5310330c2ea4bf10efa4b0fd76327dde8becba9ffe1f7d602715
task_independent_seed_C3_D4_prepared_state_infidelity,post_primary_descriptive,independent_seed,prepared state at initialization,prepared_state_infidelity_C3,0.9037620134267272,0.0253310298307698,0.8507318023479431,0.9488895221431028,initialization cluster percentile 95%,,,4.0,one state per initialization/configuration/depth,statevector_exact,50.0,2000.0,scripts/run_task_metrics.py,results/task_metrics/prepared_state/configuration_depth_summary.csv,645521db6511ca049d89e64f810e65a3407a7b52,9327aca680713423c5820db76b22ed1fb471a3d2,70c562c2724f5310330c2ea4bf10efa4b0fd76327dde8becba9ffe1f7d602715
task_independent_seed_C3_D6_normalized_prepared_state_energy,post_primary_descriptive,independent_seed,prepared state at initialization,normalized_prepared_state_energy_C3,0.4871461270973636,0.019752225602683537,0.4468489253480258,0.5249827477835598,initialization cluster percentile 95%,,,6.0,one state per initialization/configuration/depth,statevector_exact,50.0,2000.0,scripts/run_task_metrics.py,results/task_metrics/prepared_state/configuration_depth_summary.csv,645521db6511ca049d89e64f810e65a3407a7b52,9327aca680713423c5820db76b22ed1fb471a3d2,70c562c2724f5310330c2ea4bf10efa4b0fd76327dde8becba9ffe1f7d602715
task_independent_seed_C3_D6_prepared_state_energy,post_primary_descriptive,independent_seed,prepared state at initialization,prepared_state_energy_C3,-0.0881013212236537,0.1353831009443988,-0.3643010893888269,0.1712334565777031,initialization cluster percentile 95%,,,6.0,one state per initialization/configuration/depth,statevector_exact,50.0,2000.0,scripts/run_task_metrics.py,results/task_metrics/prepared_state/configuration_depth_summary.csv,645521db6511ca049d89e64f810e65a3407a7b52,9327aca680713423c5820db76b22ed1fb471a3d2,70c562c2724f5310330c2ea4bf10efa4b0fd76327dde8becba9ffe1f7d602715
task_independent_seed_C3_D6_prepared_state_fidelity,post_primary_descriptive,independent_seed,prepared state at initialization,prepared_state_fidelity_C3,0.0712911940048454,0.019142689657985257,0.0372701554132574,0.112526561501844,initialization cluster percentile 95%,,,6.0,one state per initialization/configuration/depth,statevector_exact,50.0,2000.0,scripts/run_task_metrics.py,results/task_metrics/prepared_state/configuration_depth_summary.csv,645521db6511ca049d89e64f810e65a3407a7b52,9327aca680713423c5820db76b22ed1fb471a3d2,70c562c2724f5310330c2ea4bf10efa4b0fd76327dde8becba9ffe1f7d602715
task_independent_seed_C3_D6_prepared_state_infidelity,post_primary_descriptive,independent_seed,prepared state at initialization,prepared_state_infidelity_C3,0.9287088059951544,0.019142689657985257,0.8874734384981563,0.9627298445867424,initialization cluster percentile 95%,,,6.0,one state per initialization/configuration/depth,statevector_exact,50.0,2000.0,scripts/run_task_metrics.py,results/task_metrics/prepared_state/configuration_depth_summary.csv,645521db6511ca049d89e64f810e65a3407a7b52,9327aca680713423c5820db76b22ed1fb471a3d2,70c562c2724f5310330c2ea4bf10efa4b0fd76327dde8becba9ffe1f7d602715
task_independent_seed_C4_D1_normalized_prepared_state_energy,post_primary_descriptive,independent_seed,prepared state at initialization,normalized_prepared_state_energy_C4,0.4850240423541658,0.023178414109852927,0.4393628063188808,0.5298963804462608,initialization cluster percentile 95%,,,1.0,one state per initialization/configuration/depth,statevector_exact,50.0,2000.0,scripts/run_task_metrics.py,results/task_metrics/prepared_state/configuration_depth_summary.csv,645521db6511ca049d89e64f810e65a3407a7b52,9327aca680713423c5820db76b22ed1fb471a3d2,70c562c2724f5310330c2ea4bf10efa4b0fd76327dde8becba9ffe1f7d602715
task_independent_seed_C4_D1_prepared_state_energy,post_primary_descriptive,independent_seed,prepared state at initialization,prepared_state_energy_C4,-0.1026462347326346,0.15886643056258795,-0.4156114596018343,0.204911829848601,initialization cluster percentile 95%,,,1.0,one state per initialization/configuration/depth,statevector_exact,50.0,2000.0,scripts/run_task_metrics.py,results/task_metrics/prepared_state/configuration_depth_summary.csv,645521db6511ca049d89e64f810e65a3407a7b52,9327aca680713423c5820db76b22ed1fb471a3d2,70c562c2724f5310330c2ea4bf10efa4b0fd76327dde8becba9ffe1f7d602715
task_independent_seed_C4_D1_prepared_state_fidelity,post_primary_descriptive,independent_seed,prepared state at initialization,prepared_state_fidelity_C4,0.0468440259152431,0.012724988750235242,0.0245926565213685,0.0723149387727696,initialization cluster percentile 95%,,,1.0,one state per initialization/configuration/depth,statevector_exact,50.0,2000.0,scripts/run_task_metrics.py,results/task_metrics/prepared_state/configuration_depth_summary.csv,645521db6511ca049d89e64f810e65a3407a7b52,9327aca680713423c5820db76b22ed1fb471a3d2,70c562c2724f5310330c2ea4bf10efa4b0fd76327dde8becba9ffe1f7d602715
task_independent_seed_C4_D1_prepared_state_infidelity,post_primary_descriptive,independent_seed,prepared state at initialization,prepared_state_infidelity_C4,0.9531559740847568,0.012724988750235242,0.9276850612272304,0.9754073434786312,initialization cluster percentile 95%,,,1.0,one state per initialization/configuration/depth,statevector_exact,50.0,2000.0,scripts/run_task_metrics.py,results/task_metrics/prepared_state/configuration_depth_summary.csv,645521db6511ca049d89e64f810e65a3407a7b52,9327aca680713423c5820db76b22ed1fb471a3d2,70c562c2724f5310330c2ea4bf10efa4b0fd76327dde8becba9ffe1f7d602715
task_independent_seed_C4_D2_normalized_prepared_state_energy,post_primary_descriptive,independent_seed,prepared state at initialization,normalized_prepared_state_energy_C4,0.5213527216569093,0.022670556837373027,0.4774288839052775,0.5651200018665833,initialization cluster percentile 95%,,,2.0,one state per initialization/configuration/depth,statevector_exact,50.0,2000.0,scripts/run_task_metrics.py,results/task_metrics/prepared_state/configuration_depth_summary.csv,645521db6511ca049d89e64f810e65a3407a7b52,9327aca680713423c5820db76b22ed1fb471a3d2,70c562c2724f5310330c2ea4bf10efa4b0fd76327dde8becba9ffe1f7d602715
task_independent_seed_C4_D2_prepared_state_energy,post_primary_descriptive,independent_seed,prepared state at initialization,prepared_state_energy_C4,0.1463530100183872,0.155385542192411,-0.1547039685626304,0.4463369325330756,initialization cluster percentile 95%,,,2.0,one state per initialization/configuration/depth,statevector_exact,50.0,2000.0,scripts/run_task_metrics.py,results/task_metrics/prepared_state/configuration_depth_summary.csv,645521db6511ca049d89e64f810e65a3407a7b52,9327aca680713423c5820db76b22ed1fb471a3d2,70c562c2724f5310330c2ea4bf10efa4b0fd76327dde8becba9ffe1f7d602715
task_independent_seed_C4_D2_prepared_state_fidelity,post_primary_descriptive,independent_seed,prepared state at initialization,prepared_state_fidelity_C4,0.0634675878311799,0.013742278468459252,0.038955845393608,0.092013604653774,initialization cluster percentile 95%,,,2.0,one state per initialization/configuration/depth,statevector_exact,50.0,2000.0,scripts/run_task_metrics.py,results/task_metrics/prepared_state/configuration_depth_summary.csv,645521db6511ca049d89e64f810e65a3407a7b52,9327aca680713423c5820db76b22ed1fb471a3d2,70c562c2724f5310330c2ea4bf10efa4b0fd76327dde8becba9ffe1f7d602715
task_independent_seed_C4_D2_prepared_state_infidelity,post_primary_descriptive,independent_seed,prepared state at initialization,prepared_state_infidelity_C4,0.93653241216882,0.013742278468459252,0.907986395346226,0.961044154606392,initialization cluster percentile 95%,,,2.0,one state per initialization/configuration/depth,statevector_exact,50.0,2000.0,scripts/run_task_metrics.py,results/task_metrics/prepared_state/configuration_depth_summary.csv,645521db6511ca049d89e64f810e65a3407a7b52,9327aca680713423c5820db76b22ed1fb471a3d2,70c562c2724f5310330c2ea4bf10efa4b0fd76327dde8becba9ffe1f7d602715
task_independent_seed_C4_D3_normalized_prepared_state_energy,post_primary_descriptive,independent_seed,prepared state at initialization,normalized_prepared_state_energy_C4,0.5537071832731149,0.02148134780160831,0.5114969067497056,0.5956192983804778,initialization cluster percentile 95%,,,3.0,one state per initialization/configuration/depth,statevector_exact,50.0,2000.0,scripts/run_task_metrics.py,results/task_metrics/prepared_state/configuration_depth_summary.csv,645521db6511ca049d89e64f810e65a3407a7b52,9327aca680713423c5820db76b22ed1fb471a3d2,70c562c2724f5310330c2ea4bf10efa4b0fd76327dde8becba9ffe1f7d602715
task_independent_seed_C4_D3_prepared_state_energy,post_primary_descriptive,independent_seed,prepared state at initialization,prepared_state_energy_C4,0.3681126957923962,0.1472346223836046,0.0788005826964765,0.6553811902147381,initialization cluster percentile 95%,,,3.0,one state per initialization/configuration/depth,statevector_exact,50.0,2000.0,scripts/run_task_metrics.py,results/task_metrics/prepared_state/configuration_depth_summary.csv,645521db6511ca049d89e64f810e65a3407a7b52,9327aca680713423c5820db76b22ed1fb471a3d2,70c562c2724f5310330c2ea4bf10efa4b0fd76327dde8becba9ffe1f7d602715
task_independent_seed_C4_D3_prepared_state_fidelity,post_primary_descriptive,independent_seed,prepared state at initialization,prepared_state_fidelity_C4,0.0321700608090812,0.007430802821572548,0.0188292263963597,0.0474359855771898,initialization cluster percentile 95%,,,3.0,one state per initialization/configuration/depth,statevector_exact,50.0,2000.0,scripts/run_task_metrics.py,results/task_metrics/prepared_state/configuration_depth_summary.csv,645521db6511ca049d89e64f810e65a3407a7b52,9327aca680713423c5820db76b22ed1fb471a3d2,70c562c2724f5310330c2ea4bf10efa4b0fd76327dde8becba9ffe1f7d602715
task_independent_seed_C4_D3_prepared_state_infidelity,post_primary_descriptive,independent_seed,prepared state at initialization,prepared_state_infidelity_C4,0.9678299391909186,0.007430802821572548,0.9525640144228102,0.9811707736036406,initialization cluster percentile 95%,,,3.0,one state per initialization/configuration/depth,statevector_exact,50.0,2000.0,scripts/run_task_metrics.py,results/task_metrics/prepared_state/configuration_depth_summary.csv,645521db6511ca049d89e64f810e65a3407a7b52,9327aca680713423c5820db76b22ed1fb471a3d2,70c562c2724f5310330c2ea4bf10efa4b0fd76327dde8becba9ffe1f7d602715
task_independent_seed_C4_D4_normalized_prepared_state_energy,post_primary_descriptive,independent_seed,prepared state at initialization,normalized_prepared_state_energy_C4,0.4560893153289072,0.02408211146028863,0.4091238406904148,0.5019082706526692,initialization cluster percentile 95%,,,4.0,one state per initialization/configuration/depth,statevector_exact,50.0,2000.0,scripts/run_task_metrics.py,results/task_metrics/prepared_state/configuration_depth_summary.csv,645521db6511ca049d89e64f810e65a3407a7b52,9327aca680713423c5820db76b22ed1fb471a3d2,70c562c2724f5310330c2ea4bf10efa4b0fd76327dde8becba9ffe1f7d602715
task_independent_seed_C4_D4_prepared_state_energy,post_primary_descriptive,independent_seed,prepared state at initialization,prepared_state_energy_C4,-0.300966826470258,0.16506043381458613,-0.6228713916459799,0.0130794171551199,initialization cluster percentile 95%,,,4.0,one state per initialization/configuration/depth,statevector_exact,50.0,2000.0,scripts/run_task_metrics.py,results/task_metrics/prepared_state/configuration_depth_summary.csv,645521db6511ca049d89e64f810e65a3407a7b52,9327aca680713423c5820db76b22ed1fb471a3d2,70c562c2724f5310330c2ea4bf10efa4b0fd76327dde8becba9ffe1f7d602715
task_independent_seed_C4_D4_prepared_state_fidelity,post_primary_descriptive,independent_seed,prepared state at initialization,prepared_state_fidelity_C4,0.0882993391168247,0.02230525045383048,0.050207505473767,0.1362180045052949,initialization cluster percentile 95%,,,4.0,one state per initialization/configuration/depth,statevector_exact,50.0,2000.0,scripts/run_task_metrics.py,results/task_metrics/prepared_state/configuration_depth_summary.csv,645521db6511ca049d89e64f810e65a3407a7b52,9327aca680713423c5820db76b22ed1fb471a3d2,70c562c2724f5310330c2ea4bf10efa4b0fd76327dde8becba9ffe1f7d602715
task_independent_seed_C4_D4_prepared_state_infidelity,post_primary_descriptive,independent_seed,prepared state at initialization,prepared_state_infidelity_C4,0.9117006608831754,0.02230525045383048,0.8637819954947055,0.949792494526233,initialization cluster percentile 95%,,,4.0,one state per initialization/configuration/depth,statevector_exact,50.0,2000.0,scripts/run_task_metrics.py,results/task_metrics/prepared_state/configuration_depth_summary.csv,645521db6511ca049d89e64f810e65a3407a7b52,9327aca680713423c5820db76b22ed1fb471a3d2,70c562c2724f5310330c2ea4bf10efa4b0fd76327dde8becba9ffe1f7d602715
task_independent_seed_C4_D6_normalized_prepared_state_energy,post_primary_descriptive,independent_seed,prepared state at initialization,normalized_prepared_state_energy_C4,0.4868357119960332,0.0210766178723279,0.4449535554028037,0.5262473184600436,initialization cluster percentile 95%,,,6.0,one state per initialization/configuration/depth,statevector_exact,50.0,2000.0,scripts/run_task_metrics.py,results/task_metrics/prepared_state/configuration_depth_summary.csv,645521db6511ca049d89e64f810e65a3407a7b52,9327aca680713423c5820db76b22ed1fb471a3d2,70c562c2724f5310330c2ea4bf10efa4b0fd76327dde8becba9ffe1f7d602715
task_independent_seed_C4_D6_prepared_state_energy,post_primary_descriptive,independent_seed,prepared state at initialization,prepared_state_energy_C4,-0.0902289274915956,0.14446057585471403,-0.377292084215565,0.1799009102099906,initialization cluster percentile 95%,,,6.0,one state per initialization/configuration/depth,statevector_exact,50.0,2000.0,scripts/run_task_metrics.py,results/task_metrics/prepared_state/configuration_depth_summary.csv,645521db6511ca049d89e64f810e65a3407a7b52,9327aca680713423c5820db76b22ed1fb471a3d2,70c562c2724f5310330c2ea4bf10efa4b0fd76327dde8becba9ffe1f7d602715
task_independent_seed_C4_D6_prepared_state_fidelity,post_primary_descriptive,independent_seed,prepared state at initialization,prepared_state_fidelity_C4,0.0789046547943988,0.021058298227302076,0.0418963260420154,0.121778161737257,initialization cluster percentile 95%,,,6.0,one state per initialization/configuration/depth,statevector_exact,50.0,2000.0,scripts/run_task_metrics.py,results/task_metrics/prepared_state/configuration_depth_summary.csv,645521db6511ca049d89e64f810e65a3407a7b52,9327aca680713423c5820db76b22ed1fb471a3d2,70c562c2724f5310330c2ea4bf10efa4b0fd76327dde8becba9ffe1f7d602715
task_independent_seed_C4_D6_prepared_state_infidelity,post_primary_descriptive,independent_seed,prepared state at initialization,prepared_state_infidelity_C4,0.9210953452056012,0.021058298227302076,0.8782218382627431,0.958103673957985,initialization cluster percentile 95%,,,6.0,one state per initialization/configuration/depth,statevector_exact,50.0,2000.0,scripts/run_task_metrics.py,results/task_metrics/prepared_state/configuration_depth_summary.csv,645521db6511ca049d89e64f810e65a3407a7b52,9327aca680713423c5820db76b22ed1fb471a3d2,70c562c2724f5310330c2ea4bf10efa4b0fd76327dde8becba9ffe1f7d602715
task_independent_seed_C5_D1_normalized_prepared_state_energy,post_primary_descriptive,independent_seed,prepared state at initialization,normalized_prepared_state_energy_C5,0.4836509864500363,0.025899795166366132,0.4350268359251867,0.5323907162436112,initialization cluster percentile 95%,,,1.0,one state per initialization/configuration/depth,statevector_exact,50.0,2000.0,scripts/run_task_metrics.py,results/task_metrics/prepared_state/configuration_depth_summary.csv,645521db6511ca049d89e64f810e65a3407a7b52,9327aca680713423c5820db76b22ed1fb471a3d2,70c562c2724f5310330c2ea4bf10efa4b0fd76327dde8becba9ffe1f7d602715
task_independent_seed_C5_D1_prepared_state_energy,post_primary_descriptive,independent_seed,prepared state at initialization,prepared_state_energy_C5,-0.1120572535114913,0.17751896186174687,-0.4453304962972057,0.222008177462009,initialization cluster percentile 95%,,,1.0,one state per initialization/configuration/depth,statevector_exact,50.0,2000.0,scripts/run_task_metrics.py,results/task_metrics/prepared_state/configuration_depth_summary.csv,645521db6511ca049d89e64f810e65a3407a7b52,9327aca680713423c5820db76b22ed1fb471a3d2,70c562c2724f5310330c2ea4bf10efa4b0fd76327dde8becba9ffe1f7d602715
task_independent_seed_C5_D1_prepared_state_fidelity,post_primary_descriptive,independent_seed,prepared state at initialization,prepared_state_fidelity_C5,0.063808367660262,0.014402923612595847,0.0380334354097538,0.092066017994819,initialization cluster percentile 95%,,,1.0,one state per initialization/configuration/depth,statevector_exact,50.0,2000.0,scripts/run_task_metrics.py,results/task_metrics/prepared_state/configuration_depth_summary.csv,645521db6511ca049d89e64f810e65a3407a7b52,9327aca680713423c5820db76b22ed1fb471a3d2,70c562c2724f5310330c2ea4bf10efa4b0fd76327dde8becba9ffe1f7d602715
task_independent_seed_C5_D1_prepared_state_infidelity,post_primary_descriptive,independent_seed,prepared state at initialization,prepared_state_infidelity_C5,0.936191632339738,0.014402923612595847,0.9079339820051812,0.9619665645902462,initialization cluster percentile 95%,,,1.0,one state per initialization/configuration/depth,statevector_exact,50.0,2000.0,scripts/run_task_metrics.py,results/task_metrics/prepared_state/configuration_depth_summary.csv,645521db6511ca049d89e64f810e65a3407a7b52,9327aca680713423c5820db76b22ed1fb471a3d2,70c562c2724f5310330c2ea4bf10efa4b0fd76327dde8becba9ffe1f7d602715
task_independent_seed_C5_D2_normalized_prepared_state_energy,post_primary_descriptive,independent_seed,prepared state at initialization,normalized_prepared_state_energy_C5,0.5038799998508169,0.02123164100498936,0.4636596204217744,0.5441134480276419,initialization cluster percentile 95%,,,2.0,one state per initialization/configuration/depth,statevector_exact,50.0,2000.0,scripts/run_task_metrics.py,results/task_metrics/prepared_state/configuration_depth_summary.csv,645521db6511ca049d89e64f810e65a3407a7b52,9327aca680713423c5820db76b22ed1fb471a3d2,70c562c2724f5310330c2ea4bf10efa4b0fd76327dde8becba9ffe1f7d602715
task_independent_seed_C5_D2_prepared_state_energy,post_primary_descriptive,independent_seed,prepared state at initialization,prepared_state_energy_C5,0.0265937835074151,0.14552311497511422,-0.2490794392368764,0.3023565803400067,initialization cluster percentile 95%,,,2.0,one state per initialization/configuration/depth,statevector_exact,50.0,2000.0,scripts/run_task_metrics.py,results/task_metrics/prepared_state/configuration_depth_summary.csv,645521db6511ca049d89e64f810e65a3407a7b52,9327aca680713423c5820db76b22ed1fb471a3d2,70c562c2724f5310330c2ea4bf10efa4b0fd76327dde8becba9ffe1f7d602715
task_independent_seed_C5_D2_prepared_state_fidelity,post_primary_descriptive,independent_seed,prepared state at initialization,prepared_state_fidelity_C5,0.0490429542944434,0.013043360176091541,0.0262174751042989,0.0773689166729187,initialization cluster percentile 95%,,,2.0,one state per initialization/configuration/depth,statevector_exact,50.0,2000.0,scripts/run_task_metrics.py,results/task_metrics/prepared_state/configuration_depth_summary.csv,645521db6511ca049d89e64f810e65a3407a7b52,9327aca680713423c5820db76b22ed1fb471a3d2,70c562c2724f5310330c2ea4bf10efa4b0fd76327dde8becba9ffe1f7d602715
task_independent_seed_C5_D2_prepared_state_infidelity,post_primary_descriptive,independent_seed,prepared state at initialization,prepared_state_infidelity_C5,0.9509570457055564,0.013043360176091541,0.9226310833270812,0.973782524895701,initialization cluster percentile 95%,,,2.0,one state per initialization/configuration/depth,statevector_exact,50.0,2000.0,scripts/run_task_metrics.py,results/task_metrics/prepared_state/configuration_depth_summary.csv,645521db6511ca049d89e64f810e65a3407a7b52,9327aca680713423c5820db76b22ed1fb471a3d2,70c562c2724f5310330c2ea4bf10efa4b0fd76327dde8becba9ffe1f7d602715
task_independent_seed_C5_D3_normalized_prepared_state_energy,post_primary_descriptive,independent_seed,prepared state at initialization,normalized_prepared_state_energy_C5,0.5098353372004639,0.022990488816455927,0.4654579641990094,0.5565720424421468,initialization cluster percentile 95%,,,3.0,one state per initialization/configuration/depth,statevector_exact,50.0,2000.0,scripts/run_task_metrics.py,results/task_metrics/prepared_state/configuration_depth_summary.csv,645521db6511ca049d89e64f810e65a3407a7b52,9327aca680713423c5820db76b22ed1fb471a3d2,70c562c2724f5310330c2ea4bf10efa4b0fd76327dde8becba9ffe1f7d602715
task_independent_seed_C5_D3_prepared_state_energy,post_primary_descriptive,independent_seed,prepared state at initialization,prepared_state_energy_C5,0.0674120717237908,0.1575783777893089,-0.2367534683805551,0.3877486358567834,initialization cluster percentile 95%,,,3.0,one state per initialization/configuration/depth,statevector_exact,50.0,2000.0,scripts/run_task_metrics.py,results/task_metrics/prepared_state/configuration_depth_summary.csv,645521db6511ca049d89e64f810e65a3407a7b52,9327aca680713423c5820db76b22ed1fb471a3d2,70c562c2724f5310330c2ea4bf10efa4b0fd76327dde8becba9ffe1f7d602715
task_independent_seed_C5_D3_prepared_state_fidelity,post_primary_descriptive,independent_seed,prepared state at initialization,prepared_state_fidelity_C5,0.0380663697447436,0.008016127772544216,0.0233609664274302,0.0544475223298376,initialization cluster percentile 95%,,,3.0,one state per initialization/configuration/depth,statevector_exact,50.0,2000.0,scripts/run_task_metrics.py,results/task_metrics/prepared_state/configuration_depth_summary.csv,645521db6511ca049d89e64f810e65a3407a7b52,9327aca680713423c5820db76b22ed1fb471a3d2,70c562c2724f5310330c2ea4bf10efa4b0fd76327dde8becba9ffe1f7d602715
task_independent_seed_C5_D3_prepared_state_infidelity,post_primary_descriptive,independent_seed,prepared state at initialization,prepared_state_infidelity_C5,0.9619336302552562,0.008016127772544216,0.9455524776701624,0.9766390335725696,initialization cluster percentile 95%,,,3.0,one state per initialization/configuration/depth,statevector_exact,50.0,2000.0,scripts/run_task_metrics.py,results/task_metrics/prepared_state/configuration_depth_summary.csv,645521db6511ca049d89e64f810e65a3407a7b52,9327aca680713423c5820db76b22ed1fb471a3d2,70c562c2724f5310330c2ea4bf10efa4b0fd76327dde8becba9ffe1f7d602715
task_independent_seed_C5_D4_normalized_prepared_state_energy,post_primary_descriptive,independent_seed,prepared state at initialization,normalized_prepared_state_energy_C5,0.5127603105292315,0.021971241157862035,0.4713918815581462,0.5543533049261635,initialization cluster percentile 95%,,,4.0,one state per initialization/configuration/depth,statevector_exact,50.0,2000.0,scripts/run_task_metrics.py,results/task_metrics/prepared_state/configuration_depth_summary.csv,645521db6511ca049d89e64f810e65a3407a7b52,9327aca680713423c5820db76b22ed1fb471a3d2,70c562c2724f5310330c2ea4bf10efa4b0fd76327dde8becba9ffe1f7d602715
task_independent_seed_C5_D4_prepared_state_energy,post_primary_descriptive,independent_seed,prepared state at initialization,prepared_state_energy_C5,0.0874600383374577,0.15059238484722678,-0.1960819942395054,0.3725412576535555,initialization cluster percentile 95%,,,4.0,one state per initialization/configuration/depth,statevector_exact,50.0,2000.0,scripts/run_task_metrics.py,results/task_metrics/prepared_state/configuration_depth_summary.csv,645521db6511ca049d89e64f810e65a3407a7b52,9327aca680713423c5820db76b22ed1fb471a3d2,70c562c2724f5310330c2ea4bf10efa4b0fd76327dde8becba9ffe1f7d602715
task_independent_seed_C5_D4_prepared_state_fidelity,post_primary_descriptive,independent_seed,prepared state at initialization,prepared_state_fidelity_C5,0.0641271114292778,0.015501835327678057,0.0375129123109972,0.0963741583989942,initialization cluster percentile 95%,,,4.0,one state per initialization/configuration/depth,statevector_exact,50.0,2000.0,scripts/run_task_metrics.py,results/task_metrics/prepared_state/configuration_depth_summary.csv,645521db6511ca049d89e64f810e65a3407a7b52,9327aca680713423c5820db76b22ed1fb471a3d2,70c562c2724f5310330c2ea4bf10efa4b0fd76327dde8becba9ffe1f7d602715
task_independent_seed_C5_D4_prepared_state_infidelity,post_primary_descriptive,independent_seed,prepared state at initialization,prepared_state_infidelity_C5,0.935872888570722,0.015501835327678057,0.9036258416010058,0.9624870876890028,initialization cluster percentile 95%,,,4.0,one state per initialization/configuration/depth,statevector_exact,50.0,2000.0,scripts/run_task_metrics.py,results/task_metrics/prepared_state/configuration_depth_summary.csv,645521db6511ca049d89e64f810e65a3407a7b52,9327aca680713423c5820db76b22ed1fb471a3d2,70c562c2724f5310330c2ea4bf10efa4b0fd76327dde8becba9ffe1f7d602715
task_independent_seed_C5_D6_normalized_prepared_state_energy,post_primary_descriptive,independent_seed,prepared state at initialization,normalized_prepared_state_energy_C5,0.4914931400789049,0.018250262566021337,0.4563794605557108,0.5275424437212548,initialization cluster percentile 95%,,,6.0,one state per initialization/configuration/depth,statevector_exact,50.0,2000.0,scripts/run_task_metrics.py,results/task_metrics/prepared_state/configuration_depth_summary.csv,645521db6511ca049d89e64f810e65a3407a7b52,9327aca680713423c5820db76b22ed1fb471a3d2,70c562c2724f5310330c2ea4bf10efa4b0fd76327dde8becba9ffe1f7d602715
task_independent_seed_C5_D6_prepared_state_energy,post_primary_descriptive,independent_seed,prepared state at initialization,prepared_state_energy_C5,-0.0583065978783177,0.12508854389055638,-0.2989781513042779,0.188777787049145,initialization cluster percentile 95%,,,6.0,one state per initialization/configuration/depth,statevector_exact,50.0,2000.0,scripts/run_task_metrics.py,results/task_metrics/prepared_state/configuration_depth_summary.csv,645521db6511ca049d89e64f810e65a3407a7b52,9327aca680713423c5820db76b22ed1fb471a3d2,70c562c2724f5310330c2ea4bf10efa4b0fd76327dde8becba9ffe1f7d602715
task_independent_seed_C5_D6_prepared_state_fidelity,post_primary_descriptive,independent_seed,prepared state at initialization,prepared_state_fidelity_C5,0.0604080575602153,0.011208396411097662,0.0403216764663665,0.082482398158143,initialization cluster percentile 95%,,,6.0,one state per initialization/configuration/depth,statevector_exact,50.0,2000.0,scripts/run_task_metrics.py,results/task_metrics/prepared_state/configuration_depth_summary.csv,645521db6511ca049d89e64f810e65a3407a7b52,9327aca680713423c5820db76b22ed1fb471a3d2,70c562c2724f5310330c2ea4bf10efa4b0fd76327dde8becba9ffe1f7d602715
task_independent_seed_C5_D6_prepared_state_infidelity,post_primary_descriptive,independent_seed,prepared state at initialization,prepared_state_infidelity_C5,0.9395919424397846,0.011208396411097662,0.917517601841857,0.9596783235336332,initialization cluster percentile 95%,,,6.0,one state per initialization/configuration/depth,statevector_exact,50.0,2000.0,scripts/run_task_metrics.py,results/task_metrics/prepared_state/configuration_depth_summary.csv,645521db6511ca049d89e64f810e65a3407a7b52,9327aca680713423c5820db76b22ed1fb471a3d2,70c562c2724f5310330c2ea4bf10efa4b0fd76327dde8becba9ffe1f7d602715
task_independent_seed_C6_D1_normalized_prepared_state_energy,post_primary_descriptive,independent_seed,prepared state at initialization,normalized_prepared_state_energy_C6,0.4836509864500363,0.025899795166366132,0.4350268359251867,0.5323907162436112,initialization cluster percentile 95%,,,1.0,one state per initialization/configuration/depth,statevector_exact,50.0,2000.0,scripts/run_task_metrics.py,results/task_metrics/prepared_state/configuration_depth_summary.csv,645521db6511ca049d89e64f810e65a3407a7b52,9327aca680713423c5820db76b22ed1fb471a3d2,70c562c2724f5310330c2ea4bf10efa4b0fd76327dde8becba9ffe1f7d602715
task_independent_seed_C6_D1_prepared_state_energy,post_primary_descriptive,independent_seed,prepared state at initialization,prepared_state_energy_C6,-0.1120572535114913,0.17751896186174687,-0.4453304962972057,0.222008177462009,initialization cluster percentile 95%,,,1.0,one state per initialization/configuration/depth,statevector_exact,50.0,2000.0,scripts/run_task_metrics.py,results/task_metrics/prepared_state/configuration_depth_summary.csv,645521db6511ca049d89e64f810e65a3407a7b52,9327aca680713423c5820db76b22ed1fb471a3d2,70c562c2724f5310330c2ea4bf10efa4b0fd76327dde8becba9ffe1f7d602715
task_independent_seed_C6_D1_prepared_state_fidelity,post_primary_descriptive,independent_seed,prepared state at initialization,prepared_state_fidelity_C6,0.063808367660262,0.014402923612595847,0.0380334354097538,0.092066017994819,initialization cluster percentile 95%,,,1.0,one state per initialization/configuration/depth,statevector_exact,50.0,2000.0,scripts/run_task_metrics.py,results/task_metrics/prepared_state/configuration_depth_summary.csv,645521db6511ca049d89e64f810e65a3407a7b52,9327aca680713423c5820db76b22ed1fb471a3d2,70c562c2724f5310330c2ea4bf10efa4b0fd76327dde8becba9ffe1f7d602715
task_independent_seed_C6_D1_prepared_state_infidelity,post_primary_descriptive,independent_seed,prepared state at initialization,prepared_state_infidelity_C6,0.936191632339738,0.014402923612595847,0.9079339820051812,0.9619665645902462,initialization cluster percentile 95%,,,1.0,one state per initialization/configuration/depth,statevector_exact,50.0,2000.0,scripts/run_task_metrics.py,results/task_metrics/prepared_state/configuration_depth_summary.csv,645521db6511ca049d89e64f810e65a3407a7b52,9327aca680713423c5820db76b22ed1fb471a3d2,70c562c2724f5310330c2ea4bf10efa4b0fd76327dde8becba9ffe1f7d602715
task_independent_seed_C6_D2_normalized_prepared_state_energy,post_primary_descriptive,independent_seed,prepared state at initialization,normalized_prepared_state_energy_C6,0.5038799998508169,0.02123164100498936,0.4636596204217744,0.5441134480276419,initialization cluster percentile 95%,,,2.0,one state per initialization/configuration/depth,statevector_exact,50.0,2000.0,scripts/run_task_metrics.py,results/task_metrics/prepared_state/configuration_depth_summary.csv,645521db6511ca049d89e64f810e65a3407a7b52,9327aca680713423c5820db76b22ed1fb471a3d2,70c562c2724f5310330c2ea4bf10efa4b0fd76327dde8becba9ffe1f7d602715
task_independent_seed_C6_D2_prepared_state_energy,post_primary_descriptive,independent_seed,prepared state at initialization,prepared_state_energy_C6,0.0265937835074151,0.14552311497511422,-0.2490794392368764,0.3023565803400067,initialization cluster percentile 95%,,,2.0,one state per initialization/configuration/depth,statevector_exact,50.0,2000.0,scripts/run_task_metrics.py,results/task_metrics/prepared_state/configuration_depth_summary.csv,645521db6511ca049d89e64f810e65a3407a7b52,9327aca680713423c5820db76b22ed1fb471a3d2,70c562c2724f5310330c2ea4bf10efa4b0fd76327dde8becba9ffe1f7d602715
task_independent_seed_C6_D2_prepared_state_fidelity,post_primary_descriptive,independent_seed,prepared state at initialization,prepared_state_fidelity_C6,0.0490429542944434,0.013043360176091541,0.0262174751042989,0.0773689166729187,initialization cluster percentile 95%,,,2.0,one state per initialization/configuration/depth,statevector_exact,50.0,2000.0,scripts/run_task_metrics.py,results/task_metrics/prepared_state/configuration_depth_summary.csv,645521db6511ca049d89e64f810e65a3407a7b52,9327aca680713423c5820db76b22ed1fb471a3d2,70c562c2724f5310330c2ea4bf10efa4b0fd76327dde8becba9ffe1f7d602715
task_independent_seed_C6_D2_prepared_state_infidelity,post_primary_descriptive,independent_seed,prepared state at initialization,prepared_state_infidelity_C6,0.9509570457055564,0.013043360176091541,0.9226310833270812,0.973782524895701,initialization cluster percentile 95%,,,2.0,one state per initialization/configuration/depth,statevector_exact,50.0,2000.0,scripts/run_task_metrics.py,results/task_metrics/prepared_state/configuration_depth_summary.csv,645521db6511ca049d89e64f810e65a3407a7b52,9327aca680713423c5820db76b22ed1fb471a3d2,70c562c2724f5310330c2ea4bf10efa4b0fd76327dde8becba9ffe1f7d602715
task_independent_seed_C6_D3_normalized_prepared_state_energy,post_primary_descriptive,independent_seed,prepared state at initialization,normalized_prepared_state_energy_C6,0.486781816234334,0.02610032322203936,0.436545572225454,0.5384880678034151,initialization cluster percentile 95%,,,3.0,one state per initialization/configuration/depth,statevector_exact,50.0,2000.0,scripts/run_task_metrics.py,results/task_metrics/prepared_state/configuration_depth_summary.csv,645521db6511ca049d89e64f810e65a3407a7b52,9327aca680713423c5820db76b22ed1fb471a3d2,70c562c2724f5310330c2ea4bf10efa4b0fd76327dde8becba9ffe1f7d602715
task_independent_seed_C6_D3_prepared_state_energy,post_primary_descriptive,independent_seed,prepared state at initialization,prepared_state_energy_C6,-0.090598332716777,0.17889339482689603,-0.4349209741510498,0.2637998407570163,initialization cluster percentile 95%,,,3.0,one state per initialization/configuration/depth,statevector_exact,50.0,2000.0,scripts/run_task_metrics.py,results/task_metrics/prepared_state/configuration_depth_summary.csv,645521db6511ca049d89e64f810e65a3407a7b52,9327aca680713423c5820db76b22ed1fb471a3d2,70c562c2724f5310330c2ea4bf10efa4b0fd76327dde8becba9ffe1f7d602715
task_independent_seed_C6_D3_prepared_state_fidelity,post_primary_descriptive,independent_seed,prepared state at initialization,prepared_state_fidelity_C6,0.0584174298493873,0.013401997063866498,0.033637516498703,0.0871362018130261,initialization cluster percentile 95%,,,3.0,one state per initialization/configuration/depth,statevector_exact,50.0,2000.0,scripts/run_task_metrics.py,results/task_metrics/prepared_state/configuration_depth_summary.csv,645521db6511ca049d89e64f810e65a3407a7b52,9327aca680713423c5820db76b22ed1fb471a3d2,70c562c2724f5310330c2ea4bf10efa4b0fd76327dde8becba9ffe1f7d602715
task_independent_seed_C6_D3_prepared_state_infidelity,post_primary_descriptive,independent_seed,prepared state at initialization,prepared_state_infidelity_C6,0.9415825701506126,0.013401997063866498,0.9128637981869738,0.9663624835012974,initialization cluster percentile 95%,,,3.0,one state per initialization/configuration/depth,statevector_exact,50.0,2000.0,scripts/run_task_metrics.py,results/task_metrics/prepared_state/configuration_depth_summary.csv,645521db6511ca049d89e64f810e65a3407a7b52,9327aca680713423c5820db76b22ed1fb471a3d2,70c562c2724f5310330c2ea4bf10efa4b0fd76327dde8becba9ffe1f7d602715
task_independent_seed_C6_D4_normalized_prepared_state_energy,post_primary_descriptive,independent_seed,prepared state at initialization,normalized_prepared_state_energy_C6,0.5257250362304574,0.019969560755282133,0.4890998143651455,0.5626732821620711,initialization cluster percentile 95%,,,4.0,one state per initialization/configuration/depth,statevector_exact,50.0,2000.0,scripts/run_task_metrics.py,results/task_metrics/prepared_state/configuration_depth_summary.csv,645521db6511ca049d89e64f810e65a3407a7b52,9327aca680713423c5820db76b22ed1fb471a3d2,70c562c2724f5310330c2ea4bf10efa4b0fd76327dde8becba9ffe1f7d602715
task_independent_seed_C6_D4_prepared_state_energy,post_primary_descriptive,independent_seed,prepared state at initialization,prepared_state_energy_C6,0.1763211522003452,0.13687273089774568,-0.0747106154921464,0.4295669488663435,initialization cluster percentile 95%,,,4.0,one state per initialization/configuration/depth,statevector_exact,50.0,2000.0,scripts/run_task_metrics.py,results/task_metrics/prepared_state/configuration_depth_summary.csv,645521db6511ca049d89e64f810e65a3407a7b52,9327aca680713423c5820db76b22ed1fb471a3d2,70c562c2724f5310330c2ea4bf10efa4b0fd76327dde8becba9ffe1f7d602715
task_independent_seed_C6_D4_prepared_state_fidelity,post_primary_descriptive,independent_seed,prepared state at initialization,prepared_state_fidelity_C6,0.0528348457528884,0.015705956196224304,0.026786170139345,0.0849272821520121,initialization cluster percentile 95%,,,4.0,one state per initialization/configuration/depth,statevector_exact,50.0,2000.0,scripts/run_task_metrics.py,results/task_metrics/prepared_state/configuration_depth_summary.csv,645521db6511ca049d89e64f810e65a3407a7b52,9327aca680713423c5820db76b22ed1fb471a3d2,70c562c2724f5310330c2ea4bf10efa4b0fd76327dde8becba9ffe1f7d602715
task_independent_seed_C6_D4_prepared_state_infidelity,post_primary_descriptive,independent_seed,prepared state at initialization,prepared_state_infidelity_C6,0.9471651542471116,0.015705956196224304,0.9150727178479882,0.9732138298606549,initialization cluster percentile 95%,,,4.0,one state per initialization/configuration/depth,statevector_exact,50.0,2000.0,scripts/run_task_metrics.py,results/task_metrics/prepared_state/configuration_depth_summary.csv,645521db6511ca049d89e64f810e65a3407a7b52,9327aca680713423c5820db76b22ed1fb471a3d2,70c562c2724f5310330c2ea4bf10efa4b0fd76327dde8becba9ffe1f7d602715
task_independent_seed_C6_D6_normalized_prepared_state_energy,post_primary_descriptive,independent_seed,prepared state at initialization,normalized_prepared_state_energy_C6,0.4660626208288766,0.020537804410333486,0.4259021888700498,0.5069339512019232,initialization cluster percentile 95%,,,6.0,one state per initialization/configuration/depth,statevector_exact,50.0,2000.0,scripts/run_task_metrics.py,results/task_metrics/prepared_state/configuration_depth_summary.csv,645521db6511ca049d89e64f810e65a3407a7b52,9327aca680713423c5820db76b22ed1fb471a3d2,70c562c2724f5310330c2ea4bf10efa4b0fd76327dde8becba9ffe1f7d602715
task_independent_seed_C6_D6_prepared_state_energy,post_primary_descriptive,independent_seed,prepared state at initialization,prepared_state_energy_C6,-0.2326091106152783,0.14076751165107906,-0.5078714493116229,0.047525774279631,initialization cluster percentile 95%,,,6.0,one state per initialization/configuration/depth,statevector_exact,50.0,2000.0,scripts/run_task_metrics.py,results/task_metrics/prepared_state/configuration_depth_summary.csv,645521db6511ca049d89e64f810e65a3407a7b52,9327aca680713423c5820db76b22ed1fb471a3d2,70c562c2724f5310330c2ea4bf10efa4b0fd76327dde8becba9ffe1f7d602715
task_independent_seed_C6_D6_prepared_state_fidelity,post_primary_descriptive,independent_seed,prepared state at initialization,prepared_state_fidelity_C6,0.069717693563434,0.013683655166782466,0.0454987331000224,0.0978174218025289,initialization cluster percentile 95%,,,6.0,one state per initialization/configuration/depth,statevector_exact,50.0,2000.0,scripts/run_task_metrics.py,results/task_metrics/prepared_state/configuration_depth_summary.csv,645521db6511ca049d89e64f810e65a3407a7b52,9327aca680713423c5820db76b22ed1fb471a3d2,70c562c2724f5310330c2ea4bf10efa4b0fd76327dde8becba9ffe1f7d602715
task_independent_seed_C6_D6_prepared_state_infidelity,post_primary_descriptive,independent_seed,prepared state at initialization,prepared_state_infidelity_C6,0.9302823064365658,0.013683655166782466,0.902182578197471,0.9545012668999772,initialization cluster percentile 95%,,,6.0,one state per initialization/configuration/depth,statevector_exact,50.0,2000.0,scripts/run_task_metrics.py,results/task_metrics/prepared_state/configuration_depth_summary.csv,645521db6511ca049d89e64f810e65a3407a7b52,9327aca680713423c5820db76b22ed1fb471a3d2,70c562c2724f5310330c2ea4bf10efa4b0fd76327dde8becba9ffe1f7d602715
task_independent_seed_C7_D1_normalized_prepared_state_energy,post_primary_descriptive,independent_seed,prepared state at initialization,normalized_prepared_state_energy_C7,0.4850240423541658,0.023178414109852927,0.4393628063188808,0.5298963804462608,initialization cluster percentile 95%,,,1.0,one state per initialization/configuration/depth,statevector_exact,50.0,2000.0,scripts/run_task_metrics.py,results/task_metrics/prepared_state/configuration_depth_summary.csv,645521db6511ca049d89e64f810e65a3407a7b52,9327aca680713423c5820db76b22ed1fb471a3d2,70c562c2724f5310330c2ea4bf10efa4b0fd76327dde8becba9ffe1f7d602715
task_independent_seed_C7_D1_prepared_state_energy,post_primary_descriptive,independent_seed,prepared state at initialization,prepared_state_energy_C7,-0.1026462347326346,0.15886643056258795,-0.4156114596018343,0.204911829848601,initialization cluster percentile 95%,,,1.0,one state per initialization/configuration/depth,statevector_exact,50.0,2000.0,scripts/run_task_metrics.py,results/task_metrics/prepared_state/configuration_depth_summary.csv,645521db6511ca049d89e64f810e65a3407a7b52,9327aca680713423c5820db76b22ed1fb471a3d2,70c562c2724f5310330c2ea4bf10efa4b0fd76327dde8becba9ffe1f7d602715
task_independent_seed_C7_D1_prepared_state_fidelity,post_primary_descriptive,independent_seed,prepared state at initialization,prepared_state_fidelity_C7,0.0468440259152431,0.012724988750235242,0.0245926565213685,0.0723149387727696,initialization cluster percentile 95%,,,1.0,one state per initialization/configuration/depth,statevector_exact,50.0,2000.0,scripts/run_task_metrics.py,results/task_metrics/prepared_state/configuration_depth_summary.csv,645521db6511ca049d89e64f810e65a3407a7b52,9327aca680713423c5820db76b22ed1fb471a3d2,70c562c2724f5310330c2ea4bf10efa4b0fd76327dde8becba9ffe1f7d602715
task_independent_seed_C7_D1_prepared_state_infidelity,post_primary_descriptive,independent_seed,prepared state at initialization,prepared_state_infidelity_C7,0.9531559740847568,0.012724988750235242,0.9276850612272304,0.9754073434786312,initialization cluster percentile 95%,,,1.0,one state per initialization/configuration/depth,statevector_exact,50.0,2000.0,scripts/run_task_metrics.py,results/task_metrics/prepared_state/configuration_depth_summary.csv,645521db6511ca049d89e64f810e65a3407a7b52,9327aca680713423c5820db76b22ed1fb471a3d2,70c562c2724f5310330c2ea4bf10efa4b0fd76327dde8becba9ffe1f7d602715
task_independent_seed_C7_D2_normalized_prepared_state_energy,post_primary_descriptive,independent_seed,prepared state at initialization,normalized_prepared_state_energy_C7,0.5213527216569093,0.022670556837373027,0.4774288839052775,0.5651200018665833,initialization cluster percentile 95%,,,2.0,one state per initialization/configuration/depth,statevector_exact,50.0,2000.0,scripts/run_task_metrics.py,results/task_metrics/prepared_state/configuration_depth_summary.csv,645521db6511ca049d89e64f810e65a3407a7b52,9327aca680713423c5820db76b22ed1fb471a3d2,70c562c2724f5310330c2ea4bf10efa4b0fd76327dde8becba9ffe1f7d602715
task_independent_seed_C7_D2_prepared_state_energy,post_primary_descriptive,independent_seed,prepared state at initialization,prepared_state_energy_C7,0.1463530100183872,0.155385542192411,-0.1547039685626304,0.4463369325330756,initialization cluster percentile 95%,,,2.0,one state per initialization/configuration/depth,statevector_exact,50.0,2000.0,scripts/run_task_metrics.py,results/task_metrics/prepared_state/configuration_depth_summary.csv,645521db6511ca049d89e64f810e65a3407a7b52,9327aca680713423c5820db76b22ed1fb471a3d2,70c562c2724f5310330c2ea4bf10efa4b0fd76327dde8becba9ffe1f7d602715
task_independent_seed_C7_D2_prepared_state_fidelity,post_primary_descriptive,independent_seed,prepared state at initialization,prepared_state_fidelity_C7,0.0634675878311799,0.013742278468459252,0.038955845393608,0.092013604653774,initialization cluster percentile 95%,,,2.0,one state per initialization/configuration/depth,statevector_exact,50.0,2000.0,scripts/run_task_metrics.py,results/task_metrics/prepared_state/configuration_depth_summary.csv,645521db6511ca049d89e64f810e65a3407a7b52,9327aca680713423c5820db76b22ed1fb471a3d2,70c562c2724f5310330c2ea4bf10efa4b0fd76327dde8becba9ffe1f7d602715
task_independent_seed_C7_D2_prepared_state_infidelity,post_primary_descriptive,independent_seed,prepared state at initialization,prepared_state_infidelity_C7,0.93653241216882,0.013742278468459252,0.907986395346226,0.961044154606392,initialization cluster percentile 95%,,,2.0,one state per initialization/configuration/depth,statevector_exact,50.0,2000.0,scripts/run_task_metrics.py,results/task_metrics/prepared_state/configuration_depth_summary.csv,645521db6511ca049d89e64f810e65a3407a7b52,9327aca680713423c5820db76b22ed1fb471a3d2,70c562c2724f5310330c2ea4bf10efa4b0fd76327dde8becba9ffe1f7d602715
task_independent_seed_C7_D3_normalized_prepared_state_energy,post_primary_descriptive,independent_seed,prepared state at initialization,normalized_prepared_state_energy_C7,0.5537071832731149,0.02148134780160831,0.5114969067497056,0.5956192983804778,initialization cluster percentile 95%,,,3.0,one state per initialization/configuration/depth,statevector_exact,50.0,2000.0,scripts/run_task_metrics.py,results/task_metrics/prepared_state/configuration_depth_summary.csv,645521db6511ca049d89e64f810e65a3407a7b52,9327aca680713423c5820db76b22ed1fb471a3d2,70c562c2724f5310330c2ea4bf10efa4b0fd76327dde8becba9ffe1f7d602715
task_independent_seed_C7_D3_prepared_state_energy,post_primary_descriptive,independent_seed,prepared state at initialization,prepared_state_energy_C7,0.3681126957923962,0.1472346223836046,0.0788005826964765,0.6553811902147381,initialization cluster percentile 95%,,,3.0,one state per initialization/configuration/depth,statevector_exact,50.0,2000.0,scripts/run_task_metrics.py,results/task_metrics/prepared_state/configuration_depth_summary.csv,645521db6511ca049d89e64f810e65a3407a7b52,9327aca680713423c5820db76b22ed1fb471a3d2,70c562c2724f5310330c2ea4bf10efa4b0fd76327dde8becba9ffe1f7d602715
task_independent_seed_C7_D3_prepared_state_fidelity,post_primary_descriptive,independent_seed,prepared state at initialization,prepared_state_fidelity_C7,0.0321700608090812,0.007430802821572548,0.0188292263963597,0.0474359855771898,initialization cluster percentile 95%,,,3.0,one state per initialization/configuration/depth,statevector_exact,50.0,2000.0,scripts/run_task_metrics.py,results/task_metrics/prepared_state/configuration_depth_summary.csv,645521db6511ca049d89e64f810e65a3407a7b52,9327aca680713423c5820db76b22ed1fb471a3d2,70c562c2724f5310330c2ea4bf10efa4b0fd76327dde8becba9ffe1f7d602715
task_independent_seed_C7_D3_prepared_state_infidelity,post_primary_descriptive,independent_seed,prepared state at initialization,prepared_state_infidelity_C7,0.9678299391909186,0.007430802821572548,0.9525640144228102,0.9811707736036406,initialization cluster percentile 95%,,,3.0,one state per initialization/configuration/depth,statevector_exact,50.0,2000.0,scripts/run_task_metrics.py,results/task_metrics/prepared_state/configuration_depth_summary.csv,645521db6511ca049d89e64f810e65a3407a7b52,9327aca680713423c5820db76b22ed1fb471a3d2,70c562c2724f5310330c2ea4bf10efa4b0fd76327dde8becba9ffe1f7d602715
task_independent_seed_C7_D4_normalized_prepared_state_energy,post_primary_descriptive,independent_seed,prepared state at initialization,normalized_prepared_state_energy_C7,0.4560893153289072,0.02408211146028863,0.4091238406904148,0.5019082706526692,initialization cluster percentile 95%,,,4.0,one state per initialization/configuration/depth,statevector_exact,50.0,2000.0,scripts/run_task_metrics.py,results/task_metrics/prepared_state/configuration_depth_summary.csv,645521db6511ca049d89e64f810e65a3407a7b52,9327aca680713423c5820db76b22ed1fb471a3d2,70c562c2724f5310330c2ea4bf10efa4b0fd76327dde8becba9ffe1f7d602715
task_independent_seed_C7_D4_prepared_state_energy,post_primary_descriptive,independent_seed,prepared state at initialization,prepared_state_energy_C7,-0.300966826470258,0.16506043381458613,-0.6228713916459799,0.0130794171551199,initialization cluster percentile 95%,,,4.0,one state per initialization/configuration/depth,statevector_exact,50.0,2000.0,scripts/run_task_metrics.py,results/task_metrics/prepared_state/configuration_depth_summary.csv,645521db6511ca049d89e64f810e65a3407a7b52,9327aca680713423c5820db76b22ed1fb471a3d2,70c562c2724f5310330c2ea4bf10efa4b0fd76327dde8becba9ffe1f7d602715
task_independent_seed_C7_D4_prepared_state_fidelity,post_primary_descriptive,independent_seed,prepared state at initialization,prepared_state_fidelity_C7,0.0882993391168247,0.02230525045383048,0.050207505473767,0.1362180045052949,initialization cluster percentile 95%,,,4.0,one state per initialization/configuration/depth,statevector_exact,50.0,2000.0,scripts/run_task_metrics.py,results/task_metrics/prepared_state/configuration_depth_summary.csv,645521db6511ca049d89e64f810e65a3407a7b52,9327aca680713423c5820db76b22ed1fb471a3d2,70c562c2724f5310330c2ea4bf10efa4b0fd76327dde8becba9ffe1f7d602715
task_independent_seed_C7_D4_prepared_state_infidelity,post_primary_descriptive,independent_seed,prepared state at initialization,prepared_state_infidelity_C7,0.9117006608831754,0.02230525045383048,0.8637819954947055,0.949792494526233,initialization cluster percentile 95%,,,4.0,one state per initialization/configuration/depth,statevector_exact,50.0,2000.0,scripts/run_task_metrics.py,results/task_metrics/prepared_state/configuration_depth_summary.csv,645521db6511ca049d89e64f810e65a3407a7b52,9327aca680713423c5820db76b22ed1fb471a3d2,70c562c2724f5310330c2ea4bf10efa4b0fd76327dde8becba9ffe1f7d602715
task_independent_seed_C7_D6_normalized_prepared_state_energy,post_primary_descriptive,independent_seed,prepared state at initialization,normalized_prepared_state_energy_C7,0.4868357119960332,0.0210766178723279,0.4449535554028037,0.5262473184600436,initialization cluster percentile 95%,,,6.0,one state per initialization/configuration/depth,statevector_exact,50.0,2000.0,scripts/run_task_metrics.py,results/task_metrics/prepared_state/configuration_depth_summary.csv,645521db6511ca049d89e64f810e65a3407a7b52,9327aca680713423c5820db76b22ed1fb471a3d2,70c562c2724f5310330c2ea4bf10efa4b0fd76327dde8becba9ffe1f7d602715
task_independent_seed_C7_D6_prepared_state_energy,post_primary_descriptive,independent_seed,prepared state at initialization,prepared_state_energy_C7,-0.0902289274915956,0.14446057585471403,-0.377292084215565,0.1799009102099906,initialization cluster percentile 95%,,,6.0,one state per initialization/configuration/depth,statevector_exact,50.0,2000.0,scripts/run_task_metrics.py,results/task_metrics/prepared_state/configuration_depth_summary.csv,645521db6511ca049d89e64f810e65a3407a7b52,9327aca680713423c5820db76b22ed1fb471a3d2,70c562c2724f5310330c2ea4bf10efa4b0fd76327dde8becba9ffe1f7d602715
task_independent_seed_C7_D6_prepared_state_fidelity,post_primary_descriptive,independent_seed,prepared state at initialization,prepared_state_fidelity_C7,0.0789046547943988,0.021058298227302076,0.0418963260420154,0.121778161737257,initialization cluster percentile 95%,,,6.0,one state per initialization/configuration/depth,statevector_exact,50.0,2000.0,scripts/run_task_metrics.py,results/task_metrics/prepared_state/configuration_depth_summary.csv,645521db6511ca049d89e64f810e65a3407a7b52,9327aca680713423c5820db76b22ed1fb471a3d2,70c562c2724f5310330c2ea4bf10efa4b0fd76327dde8becba9ffe1f7d602715
task_independent_seed_C7_D6_prepared_state_infidelity,post_primary_descriptive,independent_seed,prepared state at initialization,prepared_state_infidelity_C7,0.9210953452056012,0.021058298227302076,0.8782218382627431,0.958103673957985,initialization cluster percentile 95%,,,6.0,one state per initialization/configuration/depth,statevector_exact,50.0,2000.0,scripts/run_task_metrics.py,results/task_metrics/prepared_state/configuration_depth_summary.csv,645521db6511ca049d89e64f810e65a3407a7b52,9327aca680713423c5820db76b22ed1fb471a3d2,70c562c2724f5310330c2ea4bf10efa4b0fd76327dde8becba9ffe1f7d602715
task_independent_seed_C8_D1_normalized_prepared_state_energy,post_primary_descriptive,independent_seed,prepared state at initialization,normalized_prepared_state_energy_C8,0.4836509864500363,0.025899795166366132,0.4350268359251867,0.5323907162436112,initialization cluster percentile 95%,,,1.0,one state per initialization/configuration/depth,statevector_exact,50.0,2000.0,scripts/run_task_metrics.py,results/task_metrics/prepared_state/configuration_depth_summary.csv,645521db6511ca049d89e64f810e65a3407a7b52,9327aca680713423c5820db76b22ed1fb471a3d2,70c562c2724f5310330c2ea4bf10efa4b0fd76327dde8becba9ffe1f7d602715
task_independent_seed_C8_D1_prepared_state_energy,post_primary_descriptive,independent_seed,prepared state at initialization,prepared_state_energy_C8,-0.1120572535114913,0.17751896186174687,-0.4453304962972057,0.222008177462009,initialization cluster percentile 95%,,,1.0,one state per initialization/configuration/depth,statevector_exact,50.0,2000.0,scripts/run_task_metrics.py,results/task_metrics/prepared_state/configuration_depth_summary.csv,645521db6511ca049d89e64f810e65a3407a7b52,9327aca680713423c5820db76b22ed1fb471a3d2,70c562c2724f5310330c2ea4bf10efa4b0fd76327dde8becba9ffe1f7d602715
task_independent_seed_C8_D1_prepared_state_fidelity,post_primary_descriptive,independent_seed,prepared state at initialization,prepared_state_fidelity_C8,0.063808367660262,0.014402923612595847,0.0380334354097538,0.092066017994819,initialization cluster percentile 95%,,,1.0,one state per initialization/configuration/depth,statevector_exact,50.0,2000.0,scripts/run_task_metrics.py,results/task_metrics/prepared_state/configuration_depth_summary.csv,645521db6511ca049d89e64f810e65a3407a7b52,9327aca680713423c5820db76b22ed1fb471a3d2,70c562c2724f5310330c2ea4bf10efa4b0fd76327dde8becba9ffe1f7d602715
task_independent_seed_C8_D1_prepared_state_infidelity,post_primary_descriptive,independent_seed,prepared state at initialization,prepared_state_infidelity_C8,0.936191632339738,0.014402923612595847,0.9079339820051812,0.9619665645902462,initialization cluster percentile 95%,,,1.0,one state per initialization/configuration/depth,statevector_exact,50.0,2000.0,scripts/run_task_metrics.py,results/task_metrics/prepared_state/configuration_depth_summary.csv,645521db6511ca049d89e64f810e65a3407a7b52,9327aca680713423c5820db76b22ed1fb471a3d2,70c562c2724f5310330c2ea4bf10efa4b0fd76327dde8becba9ffe1f7d602715
task_independent_seed_C8_D2_normalized_prepared_state_energy,post_primary_descriptive,independent_seed,prepared state at initialization,normalized_prepared_state_energy_C8,0.5038799998508169,0.02123164100498936,0.4636596204217744,0.5441134480276419,initialization cluster percentile 95%,,,2.0,one state per initialization/configuration/depth,statevector_exact,50.0,2000.0,scripts/run_task_metrics.py,results/task_metrics/prepared_state/configuration_depth_summary.csv,645521db6511ca049d89e64f810e65a3407a7b52,9327aca680713423c5820db76b22ed1fb471a3d2,70c562c2724f5310330c2ea4bf10efa4b0fd76327dde8becba9ffe1f7d602715
task_independent_seed_C8_D2_prepared_state_energy,post_primary_descriptive,independent_seed,prepared state at initialization,prepared_state_energy_C8,0.0265937835074151,0.14552311497511422,-0.2490794392368764,0.3023565803400067,initialization cluster percentile 95%,,,2.0,one state per initialization/configuration/depth,statevector_exact,50.0,2000.0,scripts/run_task_metrics.py,results/task_metrics/prepared_state/configuration_depth_summary.csv,645521db6511ca049d89e64f810e65a3407a7b52,9327aca680713423c5820db76b22ed1fb471a3d2,70c562c2724f5310330c2ea4bf10efa4b0fd76327dde8becba9ffe1f7d602715
task_independent_seed_C8_D2_prepared_state_fidelity,post_primary_descriptive,independent_seed,prepared state at initialization,prepared_state_fidelity_C8,0.0490429542944434,0.013043360176091541,0.0262174751042989,0.0773689166729187,initialization cluster percentile 95%,,,2.0,one state per initialization/configuration/depth,statevector_exact,50.0,2000.0,scripts/run_task_metrics.py,results/task_metrics/prepared_state/configuration_depth_summary.csv,645521db6511ca049d89e64f810e65a3407a7b52,9327aca680713423c5820db76b22ed1fb471a3d2,70c562c2724f5310330c2ea4bf10efa4b0fd76327dde8becba9ffe1f7d602715
task_independent_seed_C8_D2_prepared_state_infidelity,post_primary_descriptive,independent_seed,prepared state at initialization,prepared_state_infidelity_C8,0.9509570457055564,0.013043360176091541,0.9226310833270812,0.973782524895701,initialization cluster percentile 95%,,,2.0,one state per initialization/configuration/depth,statevector_exact,50.0,2000.0,scripts/run_task_metrics.py,results/task_metrics/prepared_state/configuration_depth_summary.csv,645521db6511ca049d89e64f810e65a3407a7b52,9327aca680713423c5820db76b22ed1fb471a3d2,70c562c2724f5310330c2ea4bf10efa4b0fd76327dde8becba9ffe1f7d602715
task_independent_seed_C8_D3_normalized_prepared_state_energy,post_primary_descriptive,independent_seed,prepared state at initialization,normalized_prepared_state_energy_C8,0.486781816234334,0.02610032322203936,0.436545572225454,0.5384880678034151,initialization cluster percentile 95%,,,3.0,one state per initialization/configuration/depth,statevector_exact,50.0,2000.0,scripts/run_task_metrics.py,results/task_metrics/prepared_state/configuration_depth_summary.csv,645521db6511ca049d89e64f810e65a3407a7b52,9327aca680713423c5820db76b22ed1fb471a3d2,70c562c2724f5310330c2ea4bf10efa4b0fd76327dde8becba9ffe1f7d602715
task_independent_seed_C8_D3_prepared_state_energy,post_primary_descriptive,independent_seed,prepared state at initialization,prepared_state_energy_C8,-0.090598332716777,0.17889339482689603,-0.4349209741510498,0.2637998407570163,initialization cluster percentile 95%,,,3.0,one state per initialization/configuration/depth,statevector_exact,50.0,2000.0,scripts/run_task_metrics.py,results/task_metrics/prepared_state/configuration_depth_summary.csv,645521db6511ca049d89e64f810e65a3407a7b52,9327aca680713423c5820db76b22ed1fb471a3d2,70c562c2724f5310330c2ea4bf10efa4b0fd76327dde8becba9ffe1f7d602715
task_independent_seed_C8_D3_prepared_state_fidelity,post_primary_descriptive,independent_seed,prepared state at initialization,prepared_state_fidelity_C8,0.0584174298493873,0.013401997063866498,0.033637516498703,0.0871362018130261,initialization cluster percentile 95%,,,3.0,one state per initialization/configuration/depth,statevector_exact,50.0,2000.0,scripts/run_task_metrics.py,results/task_metrics/prepared_state/configuration_depth_summary.csv,645521db6511ca049d89e64f810e65a3407a7b52,9327aca680713423c5820db76b22ed1fb471a3d2,70c562c2724f5310330c2ea4bf10efa4b0fd76327dde8becba9ffe1f7d602715
task_independent_seed_C8_D3_prepared_state_infidelity,post_primary_descriptive,independent_seed,prepared state at initialization,prepared_state_infidelity_C8,0.9415825701506126,0.013401997063866498,0.9128637981869738,0.9663624835012974,initialization cluster percentile 95%,,,3.0,one state per initialization/configuration/depth,statevector_exact,50.0,2000.0,scripts/run_task_metrics.py,results/task_metrics/prepared_state/configuration_depth_summary.csv,645521db6511ca049d89e64f810e65a3407a7b52,9327aca680713423c5820db76b22ed1fb471a3d2,70c562c2724f5310330c2ea4bf10efa4b0fd76327dde8becba9ffe1f7d602715
task_independent_seed_C8_D4_normalized_prepared_state_energy,post_primary_descriptive,independent_seed,prepared state at initialization,normalized_prepared_state_energy_C8,0.5257250362304574,0.019969560755282133,0.4890998143651455,0.5626732821620711,initialization cluster percentile 95%,,,4.0,one state per initialization/configuration/depth,statevector_exact,50.0,2000.0,scripts/run_task_metrics.py,results/task_metrics/prepared_state/configuration_depth_summary.csv,645521db6511ca049d89e64f810e65a3407a7b52,9327aca680713423c5820db76b22ed1fb471a3d2,70c562c2724f5310330c2ea4bf10efa4b0fd76327dde8becba9ffe1f7d602715
task_independent_seed_C8_D4_prepared_state_energy,post_primary_descriptive,independent_seed,prepared state at initialization,prepared_state_energy_C8,0.1763211522003452,0.13687273089774568,-0.0747106154921464,0.4295669488663435,initialization cluster percentile 95%,,,4.0,one state per initialization/configuration/depth,statevector_exact,50.0,2000.0,scripts/run_task_metrics.py,results/task_metrics/prepared_state/configuration_depth_summary.csv,645521db6511ca049d89e64f810e65a3407a7b52,9327aca680713423c5820db76b22ed1fb471a3d2,70c562c2724f5310330c2ea4bf10efa4b0fd76327dde8becba9ffe1f7d602715
task_independent_seed_C8_D4_prepared_state_fidelity,post_primary_descriptive,independent_seed,prepared state at initialization,prepared_state_fidelity_C8,0.0528348457528884,0.015705956196224304,0.026786170139345,0.0849272821520121,initialization cluster percentile 95%,,,4.0,one state per initialization/configuration/depth,statevector_exact,50.0,2000.0,scripts/run_task_metrics.py,results/task_metrics/prepared_state/configuration_depth_summary.csv,645521db6511ca049d89e64f810e65a3407a7b52,9327aca680713423c5820db76b22ed1fb471a3d2,70c562c2724f5310330c2ea4bf10efa4b0fd76327dde8becba9ffe1f7d602715
task_independent_seed_C8_D4_prepared_state_infidelity,post_primary_descriptive,independent_seed,prepared state at initialization,prepared_state_infidelity_C8,0.9471651542471116,0.015705956196224304,0.9150727178479882,0.9732138298606549,initialization cluster percentile 95%,,,4.0,one state per initialization/configuration/depth,statevector_exact,50.0,2000.0,scripts/run_task_metrics.py,results/task_metrics/prepared_state/configuration_depth_summary.csv,645521db6511ca049d89e64f810e65a3407a7b52,9327aca680713423c5820db76b22ed1fb471a3d2,70c562c2724f5310330c2ea4bf10efa4b0fd76327dde8becba9ffe1f7d602715
task_independent_seed_C8_D6_normalized_prepared_state_energy,post_primary_descriptive,independent_seed,prepared state at initialization,normalized_prepared_state_energy_C8,0.4660626208288766,0.020537804410333486,0.4259021888700498,0.5069339512019232,initialization cluster percentile 95%,,,6.0,one state per initialization/configuration/depth,statevector_exact,50.0,2000.0,scripts/run_task_metrics.py,results/task_metrics/prepared_state/configuration_depth_summary.csv,645521db6511ca049d89e64f810e65a3407a7b52,9327aca680713423c5820db76b22ed1fb471a3d2,70c562c2724f5310330c2ea4bf10efa4b0fd76327dde8becba9ffe1f7d602715
task_independent_seed_C8_D6_prepared_state_energy,post_primary_descriptive,independent_seed,prepared state at initialization,prepared_state_energy_C8,-0.2326091106152783,0.14076751165107906,-0.5078714493116229,0.047525774279631,initialization cluster percentile 95%,,,6.0,one state per initialization/configuration/depth,statevector_exact,50.0,2000.0,scripts/run_task_metrics.py,results/task_metrics/prepared_state/configuration_depth_summary.csv,645521db6511ca049d89e64f810e65a3407a7b52,9327aca680713423c5820db76b22ed1fb471a3d2,70c562c2724f5310330c2ea4bf10efa4b0fd76327dde8becba9ffe1f7d602715
task_independent_seed_C8_D6_prepared_state_fidelity,post_primary_descriptive,independent_seed,prepared state at initialization,prepared_state_fidelity_C8,0.069717693563434,0.013683655166782466,0.0454987331000224,0.0978174218025289,initialization cluster percentile 95%,,,6.0,one state per initialization/configuration/depth,statevector_exact,50.0,2000.0,scripts/run_task_metrics.py,results/task_metrics/prepared_state/configuration_depth_summary.csv,645521db6511ca049d89e64f810e65a3407a7b52,9327aca680713423c5820db76b22ed1fb471a3d2,70c562c2724f5310330c2ea4bf10efa4b0fd76327dde8becba9ffe1f7d602715
task_independent_seed_C8_D6_prepared_state_infidelity,post_primary_descriptive,independent_seed,prepared state at initialization,prepared_state_infidelity_C8,0.9302823064365658,0.013683655166782466,0.902182578197471,0.9545012668999772,initialization cluster percentile 95%,,,6.0,one state per initialization/configuration/depth,statevector_exact,50.0,2000.0,scripts/run_task_metrics.py,results/task_metrics/prepared_state/configuration_depth_summary.csv,645521db6511ca049d89e64f810e65a3407a7b52,9327aca680713423c5820db76b22ed1fb471a3d2,70c562c2724f5310330c2ea4bf10efa4b0fd76327dde8becba9ffe1f7d602715
task_original_C1_D1_normalized_prepared_state_energy,post_primary_descriptive,original,prepared state at initialization,normalized_prepared_state_energy_C1,0.5196022924551632,0.022728462826432125,0.4727541703002375,0.5637945104920105,initialization cluster percentile 95%,,,1.0,one state per initialization/configuration/depth,statevector_exact,50.0,2000.0,scripts/run_task_metrics.py,results/task_metrics/prepared_state/configuration_depth_summary.csv,645521db6511ca049d89e64f810e65a3407a7b52,9327aca680713423c5820db76b22ed1fb471a3d2,77e54bed863de79be0d1ebb4937f015fe29a1b1cb5d58e0f216f3acd4b9bb542
task_original_C1_D1_prepared_state_energy,post_primary_descriptive,original,prepared state at initialization,prepared_state_energy_C1,0.134355448929179,0.15578243378932594,-0.1867447743233409,0.437251924282648,initialization cluster percentile 95%,,,1.0,one state per initialization/configuration/depth,statevector_exact,50.0,2000.0,scripts/run_task_metrics.py,results/task_metrics/prepared_state/configuration_depth_summary.csv,645521db6511ca049d89e64f810e65a3407a7b52,9327aca680713423c5820db76b22ed1fb471a3d2,77e54bed863de79be0d1ebb4937f015fe29a1b1cb5d58e0f216f3acd4b9bb542
task_original_C1_D1_prepared_state_fidelity,post_primary_descriptive,original,prepared state at initialization,prepared_state_fidelity_C1,0.0467208321185198,0.013739925247125414,0.0241124992259549,0.0750806801951644,initialization cluster percentile 95%,,,1.0,one state per initialization/configuration/depth,statevector_exact,50.0,2000.0,scripts/run_task_metrics.py,results/task_metrics/prepared_state/configuration_depth_summary.csv,645521db6511ca049d89e64f810e65a3407a7b52,9327aca680713423c5820db76b22ed1fb471a3d2,77e54bed863de79be0d1ebb4937f015fe29a1b1cb5d58e0f216f3acd4b9bb542
task_original_C1_D1_prepared_state_infidelity,post_primary_descriptive,original,prepared state at initialization,prepared_state_infidelity_C1,0.95327916788148,0.013739925247125414,0.9249193198048352,0.9758875007740448,initialization cluster percentile 95%,,,1.0,one state per initialization/configuration/depth,statevector_exact,50.0,2000.0,scripts/run_task_metrics.py,results/task_metrics/prepared_state/configuration_depth_summary.csv,645521db6511ca049d89e64f810e65a3407a7b52,9327aca680713423c5820db76b22ed1fb471a3d2,77e54bed863de79be0d1ebb4937f015fe29a1b1cb5d58e0f216f3acd4b9bb542
task_original_C1_D2_normalized_prepared_state_energy,post_primary_descriptive,original,prepared state at initialization,normalized_prepared_state_energy_C1,0.4801135952760086,0.022493202323161893,0.4346050536487819,0.5230184856334178,initialization cluster percentile 95%,,,2.0,one state per initialization/configuration/depth,statevector_exact,50.0,2000.0,scripts/run_task_metrics.py,results/task_metrics/prepared_state/configuration_depth_summary.csv,645521db6511ca049d89e64f810e65a3407a7b52,9327aca680713423c5820db76b22ed1fb471a3d2,77e54bed863de79be0d1ebb4937f015fe29a1b1cb5d58e0f216f3acd4b9bb542
task_original_C1_D2_prepared_state_energy,post_primary_descriptive,original,prepared state at initialization,prepared_state_energy_C1,-0.1363027737898823,0.15416994226036443,-0.4482214207758785,0.1577702698815272,initialization cluster percentile 95%,,,2.0,one state per initialization/configuration/depth,statevector_exact,50.0,2000.0,scripts/run_task_metrics.py,results/task_metrics/prepared_state/configuration_depth_summary.csv,645521db6511ca049d89e64f810e65a3407a7b52,9327aca680713423c5820db76b22ed1fb471a3d2,77e54bed863de79be0d1ebb4937f015fe29a1b1cb5d58e0f216f3acd4b9bb542
task_original_C1_D2_prepared_state_fidelity,post_primary_descriptive,original,prepared state at initialization,prepared_state_fidelity_C1,0.0817185084866797,0.019961841575185813,0.0457716287149553,0.1230707928428717,initialization cluster percentile 95%,,,2.0,one state per initialization/configuration/depth,statevector_exact,50.0,2000.0,scripts/run_task_metrics.py,results/task_metrics/prepared_state/configuration_depth_summary.csv,645521db6511ca049d89e64f810e65a3407a7b52,9327aca680713423c5820db76b22ed1fb471a3d2,77e54bed863de79be0d1ebb4937f015fe29a1b1cb5d58e0f216f3acd4b9bb542
task_original_C1_D2_prepared_state_infidelity,post_primary_descriptive,original,prepared state at initialization,prepared_state_infidelity_C1,0.9182814915133204,0.019961841575185813,0.8769292071571283,0.9542283712850448,initialization cluster percentile 95%,,,2.0,one state per initialization/configuration/depth,statevector_exact,50.0,2000.0,scripts/run_task_metrics.py,results/task_metrics/prepared_state/configuration_depth_summary.csv,645521db6511ca049d89e64f810e65a3407a7b52,9327aca680713423c5820db76b22ed1fb471a3d2,77e54bed863de79be0d1ebb4937f015fe29a1b1cb5d58e0f216f3acd4b9bb542
task_original_C1_D3_normalized_prepared_state_energy,post_primary_descriptive,original,prepared state at initialization,normalized_prepared_state_energy_C1,0.4729568666694561,0.025425887082705257,0.4239352150437514,0.5244029401736386,initialization cluster percentile 95%,,,3.0,one state per initialization/configuration/depth,statevector_exact,50.0,2000.0,scripts/run_task_metrics.py,results/task_metrics/prepared_state/configuration_depth_summary.csv,645521db6511ca049d89e64f810e65a3407a7b52,9327aca680713423c5820db76b22ed1fb471a3d2,77e54bed863de79be0d1ebb4937f015fe29a1b1cb5d58e0f216f3acd4b9bb542
task_original_C1_D3_prepared_state_energy,post_primary_descriptive,original,prepared state at initialization,prepared_state_energy_C1,-0.1853554795893206,0.174270763546317,-0.521353222021053,0.1672594156892882,initialization cluster percentile 95%,,,3.0,one state per initialization/configuration/depth,statevector_exact,50.0,2000.0,scripts/run_task_metrics.py,results/task_metrics/prepared_state/configuration_depth_summary.csv,645521db6511ca049d89e64f810e65a3407a7b52,9327aca680713423c5820db76b22ed1fb471a3d2,77e54bed863de79be0d1ebb4937f015fe29a1b1cb5d58e0f216f3acd4b9bb542
task_original_C1_D3_prepared_state_fidelity,post_primary_descriptive,original,prepared state at initialization,prepared_state_fidelity_C1,0.073824160561804,0.018249114591151222,0.0423315190892976,0.1112017419012086,initialization cluster percentile 95%,,,3.0,one state per initialization/configuration/depth,statevector_exact,50.0,2000.0,scripts/run_task_metrics.py,results/task_metrics/prepared_state/configuration_depth_summary.csv,645521db6511ca049d89e64f810e65a3407a7b52,9327aca680713423c5820db76b22ed1fb471a3d2,77e54bed863de79be0d1ebb4937f015fe29a1b1cb5d58e0f216f3acd4b9bb542
task_original_C1_D3_prepared_state_infidelity,post_primary_descriptive,original,prepared state at initialization,prepared_state_infidelity_C1,0.926175839438196,0.018249114591151222,0.8887982580987913,0.9576684809107024,initialization cluster percentile 95%,,,3.0,one state per initialization/configuration/depth,statevector_exact,50.0,2000.0,scripts/run_task_metrics.py,results/task_metrics/prepared_state/configuration_depth_summary.csv,645521db6511ca049d89e64f810e65a3407a7b52,9327aca680713423c5820db76b22ed1fb471a3d2,77e54bed863de79be0d1ebb4937f015fe29a1b1cb5d58e0f216f3acd4b9bb542
task_original_C1_D4_normalized_prepared_state_energy,post_primary_descriptive,original,prepared state at initialization,normalized_prepared_state_energy_C1,0.4630539649104437,0.02059276986611923,0.4230666193248661,0.5029310153153747,initialization cluster percentile 95%,,,4.0,one state per initialization/configuration/depth,statevector_exact,50.0,2000.0,scripts/run_task_metrics.py,results/task_metrics/prepared_state/configuration_depth_summary.csv,645521db6511ca049d89e64f810e65a3407a7b52,9327aca680713423c5820db76b22ed1fb471a3d2,77e54bed863de79be0d1ebb4937f015fe29a1b1cb5d58e0f216f3acd4b9bb542
task_original_C1_D4_prepared_state_energy,post_primary_descriptive,original,prepared state at initialization,prepared_state_energy_C1,-0.2532306434038072,0.14114424863245933,-0.5273066362972522,0.0200893788018017,initialization cluster percentile 95%,,,4.0,one state per initialization/configuration/depth,statevector_exact,50.0,2000.0,scripts/run_task_metrics.py,results/task_metrics/prepared_state/configuration_depth_summary.csv,645521db6511ca049d89e64f810e65a3407a7b52,9327aca680713423c5820db76b22ed1fb471a3d2,77e54bed863de79be0d1ebb4937f015fe29a1b1cb5d58e0f216f3acd4b9bb542
task_original_C1_D4_prepared_state_fidelity,post_primary_descriptive,original,prepared state at initialization,prepared_state_fidelity_C1,0.0644346017280046,0.014122086062624408,0.0393791087325349,0.0924600325148074,initialization cluster percentile 95%,,,4.0,one state per initialization/configuration/depth,statevector_exact,50.0,2000.0,scripts/run_task_metrics.py,results/task_metrics/prepared_state/configuration_depth_summary.csv,645521db6511ca049d89e64f810e65a3407a7b52,9327aca680713423c5820db76b22ed1fb471a3d2,77e54bed863de79be0d1ebb4937f015fe29a1b1cb5d58e0f216f3acd4b9bb542
task_original_C1_D4_prepared_state_infidelity,post_primary_descriptive,original,prepared state at initialization,prepared_state_infidelity_C1,0.9355653982719953,0.014122086062624408,0.9075399674851928,0.9606208912674647,initialization cluster percentile 95%,,,4.0,one state per initialization/configuration/depth,statevector_exact,50.0,2000.0,scripts/run_task_metrics.py,results/task_metrics/prepared_state/configuration_depth_summary.csv,645521db6511ca049d89e64f810e65a3407a7b52,9327aca680713423c5820db76b22ed1fb471a3d2,77e54bed863de79be0d1ebb4937f015fe29a1b1cb5d58e0f216f3acd4b9bb542
task_original_C1_D6_normalized_prepared_state_energy,post_primary_descriptive,original,prepared state at initialization,normalized_prepared_state_energy_C1,0.5440172418457516,0.024080176164945434,0.4975802279414413,0.5922259400312307,initialization cluster percentile 95%,,,6.0,one state per initialization/configuration/depth,statevector_exact,50.0,2000.0,scripts/run_task_metrics.py,results/task_metrics/prepared_state/configuration_depth_summary.csv,645521db6511ca049d89e64f810e65a3407a7b52,9327aca680713423c5820db76b22ed1fb471a3d2,77e54bed863de79be0d1ebb4937f015fe29a1b1cb5d58e0f216f3acd4b9bb542
task_original_C1_D6_prepared_state_energy,post_primary_descriptive,original,prepared state at initialization,prepared_state_energy_C1,0.3016971766102031,0.16504716916835963,-0.0165852826641356,0.6321228807372408,initialization cluster percentile 95%,,,6.0,one state per initialization/configuration/depth,statevector_exact,50.0,2000.0,scripts/run_task_metrics.py,results/task_metrics/prepared_state/configuration_depth_summary.csv,645521db6511ca049d89e64f810e65a3407a7b52,9327aca680713423c5820db76b22ed1fb471a3d2,77e54bed863de79be0d1ebb4937f015fe29a1b1cb5d58e0f216f3acd4b9bb542
task_original_C1_D6_prepared_state_fidelity,post_primary_descriptive,original,prepared state at initialization,prepared_state_fidelity_C1,0.0523765417260678,0.014025681016948646,0.027363365964902,0.0816752096558685,initialization cluster percentile 95%,,,6.0,one state per initialization/configuration/depth,statevector_exact,50.0,2000.0,scripts/run_task_metrics.py,results/task_metrics/prepared_state/configuration_depth_summary.csv,645521db6511ca049d89e64f810e65a3407a7b52,9327aca680713423c5820db76b22ed1fb471a3d2,77e54bed863de79be0d1ebb4937f015fe29a1b1cb5d58e0f216f3acd4b9bb542
task_original_C1_D6_prepared_state_infidelity,post_primary_descriptive,original,prepared state at initialization,prepared_state_infidelity_C1,0.9476234582739324,0.014025681016948646,0.9183247903441316,0.972636634035098,initialization cluster percentile 95%,,,6.0,one state per initialization/configuration/depth,statevector_exact,50.0,2000.0,scripts/run_task_metrics.py,results/task_metrics/prepared_state/configuration_depth_summary.csv,645521db6511ca049d89e64f810e65a3407a7b52,9327aca680713423c5820db76b22ed1fb471a3d2,77e54bed863de79be0d1ebb4937f015fe29a1b1cb5d58e0f216f3acd4b9bb542
task_original_C2_D1_normalized_prepared_state_energy,post_primary_descriptive,original,prepared state at initialization,normalized_prepared_state_energy_C2,0.522026690220705,0.0251621713585035,0.4734122392715746,0.5682178531313361,initialization cluster percentile 95%,,,1.0,one state per initialization/configuration/depth,statevector_exact,50.0,2000.0,scripts/run_task_metrics.py,results/task_metrics/prepared_state/configuration_depth_summary.csv,645521db6511ca049d89e64f810e65a3407a7b52,9327aca680713423c5820db76b22ed1fb471a3d2,77e54bed863de79be0d1ebb4937f015fe29a1b1cb5d58e0f216f3acd4b9bb542
task_original_C2_D1_prepared_state_energy,post_primary_descriptive,original,prepared state at initialization,prepared_state_energy_C2,0.1509724365043476,0.172463237993076,-0.1822343247280909,0.467569816306425,initialization cluster percentile 95%,,,1.0,one state per initialization/configuration/depth,statevector_exact,50.0,2000.0,scripts/run_task_metrics.py,results/task_metrics/prepared_state/configuration_depth_summary.csv,645521db6511ca049d89e64f810e65a3407a7b52,9327aca680713423c5820db76b22ed1fb471a3d2,77e54bed863de79be0d1ebb4937f015fe29a1b1cb5d58e0f216f3acd4b9bb542
task_original_C2_D1_prepared_state_fidelity,post_primary_descriptive,original,prepared state at initialization,prepared_state_fidelity_C2,0.0337853686607316,0.00778613577457464,0.0208666133018616,0.0488515198733372,initialization cluster percentile 95%,,,1.0,one state per initialization/configuration/depth,statevector_exact,50.0,2000.0,scripts/run_task_metrics.py,results/task_metrics/prepared_state/configuration_depth_summary.csv,645521db6511ca049d89e64f810e65a3407a7b52,9327aca680713423c5820db76b22ed1fb471a3d2,77e54bed863de79be0d1ebb4937f015fe29a1b1cb5d58e0f216f3acd4b9bb542
task_original_C2_D1_prepared_state_infidelity,post_primary_descriptive,original,prepared state at initialization,prepared_state_infidelity_C2,0.9662146313392684,0.00778613577457464,0.9511484801266624,0.9791333866981388,initialization cluster percentile 95%,,,1.0,one state per initialization/configuration/depth,statevector_exact,50.0,2000.0,scripts/run_task_metrics.py,results/task_metrics/prepared_state/configuration_depth_summary.csv,645521db6511ca049d89e64f810e65a3407a7b52,9327aca680713423c5820db76b22ed1fb471a3d2,77e54bed863de79be0d1ebb4937f015fe29a1b1cb5d58e0f216f3acd4b9bb542
task_original_C2_D2_normalized_prepared_state_energy,post_primary_descriptive,original,prepared state at initialization,normalized_prepared_state_energy_C2,0.4663559467181039,0.022003570537001253,0.4218076525733772,0.5069639922808129,initialization cluster percentile 95%,,,2.0,one state per initialization/configuration/depth,statevector_exact,50.0,2000.0,scripts/run_task_metrics.py,results/task_metrics/prepared_state/configuration_depth_summary.csv,645521db6511ca049d89e64f810e65a3407a7b52,9327aca680713423c5820db76b22ed1fb471a3d2,77e54bed863de79be0d1ebb4937f015fe29a1b1cb5d58e0f216f3acd4b9bb542
task_original_C2_D2_prepared_state_energy,post_primary_descriptive,original,prepared state at initialization,prepared_state_energy_C2,-0.2305986349721952,0.15081397261599344,-0.5359356802455604,0.0477316778824757,initialization cluster percentile 95%,,,2.0,one state per initialization/configuration/depth,statevector_exact,50.0,2000.0,scripts/run_task_metrics.py,results/task_metrics/prepared_state/configuration_depth_summary.csv,645521db6511ca049d89e64f810e65a3407a7b52,9327aca680713423c5820db76b22ed1fb471a3d2,77e54bed863de79be0d1ebb4937f015fe29a1b1cb5d58e0f216f3acd4b9bb542
task_original_C2_D2_prepared_state_fidelity,post_primary_descriptive,original,prepared state at initialization,prepared_state_fidelity_C2,0.0788247970970145,0.016182480067146433,0.0497424279909965,0.1111175182916002,initialization cluster percentile 95%,,,2.0,one state per initialization/configuration/depth,statevector_exact,50.0,2000.0,scripts/run_task_metrics.py,results/task_metrics/prepared_state/configuration_depth_summary.csv,645521db6511ca049d89e64f810e65a3407a7b52,9327aca680713423c5820db76b22ed1fb471a3d2,77e54bed863de79be0d1ebb4937f015fe29a1b1cb5d58e0f216f3acd4b9bb542
task_original_C2_D2_prepared_state_infidelity,post_primary_descriptive,original,prepared state at initialization,prepared_state_infidelity_C2,0.9211752029029856,0.016182480067146433,0.8888824817083995,0.9502575720090036,initialization cluster percentile 95%,,,2.0,one state per initialization/configuration/depth,statevector_exact,50.0,2000.0,scripts/run_task_metrics.py,results/task_metrics/prepared_state/configuration_depth_summary.csv,645521db6511ca049d89e64f810e65a3407a7b52,9327aca680713423c5820db76b22ed1fb471a3d2,77e54bed863de79be0d1ebb4937f015fe29a1b1cb5d58e0f216f3acd4b9bb542
task_original_C2_D3_normalized_prepared_state_energy,post_primary_descriptive,original,prepared state at initialization,normalized_prepared_state_energy_C2,0.5088378350436215,0.02475948483069341,0.4636976761785181,0.5561945763091151,initialization cluster percentile 95%,,,3.0,one state per initialization/configuration/depth,statevector_exact,50.0,2000.0,scripts/run_task_metrics.py,results/task_metrics/prepared_state/configuration_depth_summary.csv,645521db6511ca049d89e64f810e65a3407a7b52,9327aca680713423c5820db76b22ed1fb471a3d2,77e54bed863de79be0d1ebb4937f015fe29a1b1cb5d58e0f216f3acd4b9bb542
task_original_C2_D3_prepared_state_energy,post_primary_descriptive,original,prepared state at initialization,prepared_state_energy_C2,0.0605751239332741,0.16970319707717757,-0.2488186024855975,0.3851614572461672,initialization cluster percentile 95%,,,3.0,one state per initialization/configuration/depth,statevector_exact,50.0,2000.0,scripts/run_task_metrics.py,results/task_metrics/prepared_state/configuration_depth_summary.csv,645521db6511ca049d89e64f810e65a3407a7b52,9327aca680713423c5820db76b22ed1fb471a3d2,77e54bed863de79be0d1ebb4937f015fe29a1b1cb5d58e0f216f3acd4b9bb542
task_original_C2_D3_prepared_state_fidelity,post_primary_descriptive,original,prepared state at initialization,prepared_state_fidelity_C2,0.061899711181228,0.013133623876210409,0.0375286291810965,0.0879804999101965,initialization cluster percentile 95%,,,3.0,one state per initialization/configuration/depth,statevector_exact,50.0,2000.0,scripts/run_task_metrics.py,results/task_metrics/prepared_state/configuration_depth_summary.csv,645521db6511ca049d89e64f810e65a3407a7b52,9327aca680713423c5820db76b22ed1fb471a3d2,77e54bed863de79be0d1ebb4937f015fe29a1b1cb5d58e0f216f3acd4b9bb542
task_original_C2_D3_prepared_state_infidelity,post_primary_descriptive,original,prepared state at initialization,prepared_state_infidelity_C2,0.9381002888187718,0.013133623876210409,0.9120195000898036,0.9624713708189035,initialization cluster percentile 95%,,,3.0,one state per initialization/configuration/depth,statevector_exact,50.0,2000.0,scripts/run_task_metrics.py,results/task_metrics/prepared_state/configuration_depth_summary.csv,645521db6511ca049d89e64f810e65a3407a7b52,9327aca680713423c5820db76b22ed1fb471a3d2,77e54bed863de79be0d1ebb4937f015fe29a1b1cb5d58e0f216f3acd4b9bb542
task_original_C2_D4_normalized_prepared_state_energy,post_primary_descriptive,original,prepared state at initialization,normalized_prepared_state_energy_C2,0.5274080068606805,0.019737119266860077,0.4888920267303078,0.5654704230243223,initialization cluster percentile 95%,,,4.0,one state per initialization/configuration/depth,statevector_exact,50.0,2000.0,scripts/run_task_metrics.py,results/task_metrics/prepared_state/configuration_depth_summary.csv,645521db6511ca049d89e64f810e65a3407a7b52,9327aca680713423c5820db76b22ed1fb471a3d2,77e54bed863de79be0d1ebb4937f015fe29a1b1cb5d58e0f216f3acd4b9bb542
task_original_C2_D4_prepared_state_energy,post_primary_descriptive,original,prepared state at initialization,prepared_state_energy_C2,0.1878563476411562,0.13527956108874795,-0.076134806107829,0.448738743039168,initialization cluster percentile 95%,,,4.0,one state per initialization/configuration/depth,statevector_exact,50.0,2000.0,scripts/run_task_metrics.py,results/task_metrics/prepared_state/configuration_depth_summary.csv,645521db6511ca049d89e64f810e65a3407a7b52,9327aca680713423c5820db76b22ed1fb471a3d2,77e54bed863de79be0d1ebb4937f015fe29a1b1cb5d58e0f216f3acd4b9bb542
task_original_C2_D4_prepared_state_fidelity,post_primary_descriptive,original,prepared state at initialization,prepared_state_fidelity_C2,0.0539820691646284,0.013105327934449258,0.0298788646802944,0.0818098043660725,initialization cluster percentile 95%,,,4.0,one state per initialization/configuration/depth,statevector_exact,50.0,2000.0,scripts/run_task_metrics.py,results/task_metrics/prepared_state/configuration_depth_summary.csv,645521db6511ca049d89e64f810e65a3407a7b52,9327aca680713423c5820db76b22ed1fb471a3d2,77e54bed863de79be0d1ebb4937f015fe29a1b1cb5d58e0f216f3acd4b9bb542
task_original_C2_D4_prepared_state_infidelity,post_primary_descriptive,original,prepared state at initialization,prepared_state_infidelity_C2,0.9460179308353714,0.013105327934449258,0.9181901956339278,0.9701211353197058,initialization cluster percentile 95%,,,4.0,one state per initialization/configuration/depth,statevector_exact,50.0,2000.0,scripts/run_task_metrics.py,results/task_metrics/prepared_state/configuration_depth_summary.csv,645521db6511ca049d89e64f810e65a3407a7b52,9327aca680713423c5820db76b22ed1fb471a3d2,77e54bed863de79be0d1ebb4937f015fe29a1b1cb5d58e0f216f3acd4b9bb542
task_original_C2_D6_normalized_prepared_state_energy,post_primary_descriptive,original,prepared state at initialization,normalized_prepared_state_energy_C2,0.4837019029249434,0.02189192923638449,0.4432012298257901,0.5246974516000132,initialization cluster percentile 95%,,,6.0,one state per initialization/configuration/depth,statevector_exact,50.0,2000.0,scripts/run_task_metrics.py,results/task_metrics/prepared_state/configuration_depth_summary.csv,645521db6511ca049d89e64f810e65a3407a7b52,9327aca680713423c5820db76b22ed1fb471a3d2,77e54bed863de79be0d1ebb4937f015fe29a1b1cb5d58e0f216f3acd4b9bb542
task_original_C2_D6_prepared_state_energy,post_primary_descriptive,original,prepared state at initialization,prepared_state_energy_C2,-0.1117082685211037,0.15004877553010615,-0.3893026431901457,0.1692780170848052,initialization cluster percentile 95%,,,6.0,one state per initialization/configuration/depth,statevector_exact,50.0,2000.0,scripts/run_task_metrics.py,results/task_metrics/prepared_state/configuration_depth_summary.csv,645521db6511ca049d89e64f810e65a3407a7b52,9327aca680713423c5820db76b22ed1fb471a3d2,77e54bed863de79be0d1ebb4937f015fe29a1b1cb5d58e0f216f3acd4b9bb542
task_original_C2_D6_prepared_state_fidelity,post_primary_descriptive,original,prepared state at initialization,prepared_state_fidelity_C2,0.0554378895156447,0.01379628384413155,0.030219054592646,0.0856267592672365,initialization cluster percentile 95%,,,6.0,one state per initialization/configuration/depth,statevector_exact,50.0,2000.0,scripts/run_task_metrics.py,results/task_metrics/prepared_state/configuration_depth_summary.csv,645521db6511ca049d89e64f810e65a3407a7b52,9327aca680713423c5820db76b22ed1fb471a3d2,77e54bed863de79be0d1ebb4937f015fe29a1b1cb5d58e0f216f3acd4b9bb542
task_original_C2_D6_prepared_state_infidelity,post_primary_descriptive,original,prepared state at initialization,prepared_state_infidelity_C2,0.9445621104843552,0.01379628384413155,0.9143732407327636,0.9697809454073542,initialization cluster percentile 95%,,,6.0,one state per initialization/configuration/depth,statevector_exact,50.0,2000.0,scripts/run_task_metrics.py,results/task_metrics/prepared_state/configuration_depth_summary.csv,645521db6511ca049d89e64f810e65a3407a7b52,9327aca680713423c5820db76b22ed1fb471a3d2,77e54bed863de79be0d1ebb4937f015fe29a1b1cb5d58e0f216f3acd4b9bb542
task_original_C3_D1_normalized_prepared_state_energy,post_primary_descriptive,original,prepared state at initialization,normalized_prepared_state_energy_C3,0.5196022924551632,0.022728462826432125,0.4727541703002375,0.5637945104920105,initialization cluster percentile 95%,,,1.0,one state per initialization/configuration/depth,statevector_exact,50.0,2000.0,scripts/run_task_metrics.py,results/task_metrics/prepared_state/configuration_depth_summary.csv,645521db6511ca049d89e64f810e65a3407a7b52,9327aca680713423c5820db76b22ed1fb471a3d2,77e54bed863de79be0d1ebb4937f015fe29a1b1cb5d58e0f216f3acd4b9bb542
task_original_C3_D1_prepared_state_energy,post_primary_descriptive,original,prepared state at initialization,prepared_state_energy_C3,0.134355448929179,0.15578243378932594,-0.1867447743233409,0.437251924282648,initialization cluster percentile 95%,,,1.0,one state per initialization/configuration/depth,statevector_exact,50.0,2000.0,scripts/run_task_metrics.py,results/task_metrics/prepared_state/configuration_depth_summary.csv,645521db6511ca049d89e64f810e65a3407a7b52,9327aca680713423c5820db76b22ed1fb471a3d2,77e54bed863de79be0d1ebb4937f015fe29a1b1cb5d58e0f216f3acd4b9bb542
task_original_C3_D1_prepared_state_fidelity,post_primary_descriptive,original,prepared state at initialization,prepared_state_fidelity_C3,0.0467208321185198,0.013739925247125414,0.0241124992259549,0.0750806801951644,initialization cluster percentile 95%,,,1.0,one state per initialization/configuration/depth,statevector_exact,50.0,2000.0,scripts/run_task_metrics.py,results/task_metrics/prepared_state/configuration_depth_summary.csv,645521db6511ca049d89e64f810e65a3407a7b52,9327aca680713423c5820db76b22ed1fb471a3d2,77e54bed863de79be0d1ebb4937f015fe29a1b1cb5d58e0f216f3acd4b9bb542
task_original_C3_D1_prepared_state_infidelity,post_primary_descriptive,original,prepared state at initialization,prepared_state_infidelity_C3,0.95327916788148,0.013739925247125414,0.9249193198048352,0.9758875007740448,initialization cluster percentile 95%,,,1.0,one state per initialization/configuration/depth,statevector_exact,50.0,2000.0,scripts/run_task_metrics.py,results/task_metrics/prepared_state/configuration_depth_summary.csv,645521db6511ca049d89e64f810e65a3407a7b52,9327aca680713423c5820db76b22ed1fb471a3d2,77e54bed863de79be0d1ebb4937f015fe29a1b1cb5d58e0f216f3acd4b9bb542
task_original_C3_D2_normalized_prepared_state_energy,post_primary_descriptive,original,prepared state at initialization,normalized_prepared_state_energy_C3,0.4801135952760086,0.022493202323161893,0.4346050536487819,0.5230184856334178,initialization cluster percentile 95%,,,2.0,one state per initialization/configuration/depth,statevector_exact,50.0,2000.0,scripts/run_task_metrics.py,results/task_metrics/prepared_state/configuration_depth_summary.csv,645521db6511ca049d89e64f810e65a3407a7b52,9327aca680713423c5820db76b22ed1fb471a3d2,77e54bed863de79be0d1ebb4937f015fe29a1b1cb5d58e0f216f3acd4b9bb542
task_original_C3_D2_prepared_state_energy,post_primary_descriptive,original,prepared state at initialization,prepared_state_energy_C3,-0.1363027737898823,0.15416994226036443,-0.4482214207758785,0.1577702698815272,initialization cluster percentile 95%,,,2.0,one state per initialization/configuration/depth,statevector_exact,50.0,2000.0,scripts/run_task_metrics.py,results/task_metrics/prepared_state/configuration_depth_summary.csv,645521db6511ca049d89e64f810e65a3407a7b52,9327aca680713423c5820db76b22ed1fb471a3d2,77e54bed863de79be0d1ebb4937f015fe29a1b1cb5d58e0f216f3acd4b9bb542
task_original_C3_D2_prepared_state_fidelity,post_primary_descriptive,original,prepared state at initialization,prepared_state_fidelity_C3,0.0817185084866797,0.019961841575185813,0.0457716287149553,0.1230707928428717,initialization cluster percentile 95%,,,2.0,one state per initialization/configuration/depth,statevector_exact,50.0,2000.0,scripts/run_task_metrics.py,results/task_metrics/prepared_state/configuration_depth_summary.csv,645521db6511ca049d89e64f810e65a3407a7b52,9327aca680713423c5820db76b22ed1fb471a3d2,77e54bed863de79be0d1ebb4937f015fe29a1b1cb5d58e0f216f3acd4b9bb542
task_original_C3_D2_prepared_state_infidelity,post_primary_descriptive,original,prepared state at initialization,prepared_state_infidelity_C3,0.9182814915133204,0.019961841575185813,0.8769292071571283,0.9542283712850448,initialization cluster percentile 95%,,,2.0,one state per initialization/configuration/depth,statevector_exact,50.0,2000.0,scripts/run_task_metrics.py,results/task_metrics/prepared_state/configuration_depth_summary.csv,645521db6511ca049d89e64f810e65a3407a7b52,9327aca680713423c5820db76b22ed1fb471a3d2,77e54bed863de79be0d1ebb4937f015fe29a1b1cb5d58e0f216f3acd4b9bb542
task_original_C3_D3_normalized_prepared_state_energy,post_primary_descriptive,original,prepared state at initialization,normalized_prepared_state_energy_C3,0.4729568666694561,0.025425887082705257,0.4239352150437514,0.5244029401736386,initialization cluster percentile 95%,,,3.0,one state per initialization/configuration/depth,statevector_exact,50.0,2000.0,scripts/run_task_metrics.py,results/task_metrics/prepared_state/configuration_depth_summary.csv,645521db6511ca049d89e64f810e65a3407a7b52,9327aca680713423c5820db76b22ed1fb471a3d2,77e54bed863de79be0d1ebb4937f015fe29a1b1cb5d58e0f216f3acd4b9bb542
task_original_C3_D3_prepared_state_energy,post_primary_descriptive,original,prepared state at initialization,prepared_state_energy_C3,-0.1853554795893206,0.174270763546317,-0.521353222021053,0.1672594156892882,initialization cluster percentile 95%,,,3.0,one state per initialization/configuration/depth,statevector_exact,50.0,2000.0,scripts/run_task_metrics.py,results/task_metrics/prepared_state/configuration_depth_summary.csv,645521db6511ca049d89e64f810e65a3407a7b52,9327aca680713423c5820db76b22ed1fb471a3d2,77e54bed863de79be0d1ebb4937f015fe29a1b1cb5d58e0f216f3acd4b9bb542
task_original_C3_D3_prepared_state_fidelity,post_primary_descriptive,original,prepared state at initialization,prepared_state_fidelity_C3,0.073824160561804,0.018249114591151222,0.0423315190892976,0.1112017419012086,initialization cluster percentile 95%,,,3.0,one state per initialization/configuration/depth,statevector_exact,50.0,2000.0,scripts/run_task_metrics.py,results/task_metrics/prepared_state/configuration_depth_summary.csv,645521db6511ca049d89e64f810e65a3407a7b52,9327aca680713423c5820db76b22ed1fb471a3d2,77e54bed863de79be0d1ebb4937f015fe29a1b1cb5d58e0f216f3acd4b9bb542
task_original_C3_D3_prepared_state_infidelity,post_primary_descriptive,original,prepared state at initialization,prepared_state_infidelity_C3,0.926175839438196,0.018249114591151222,0.8887982580987913,0.9576684809107024,initialization cluster percentile 95%,,,3.0,one state per initialization/configuration/depth,statevector_exact,50.0,2000.0,scripts/run_task_metrics.py,results/task_metrics/prepared_state/configuration_depth_summary.csv,645521db6511ca049d89e64f810e65a3407a7b52,9327aca680713423c5820db76b22ed1fb471a3d2,77e54bed863de79be0d1ebb4937f015fe29a1b1cb5d58e0f216f3acd4b9bb542
task_original_C3_D4_normalized_prepared_state_energy,post_primary_descriptive,original,prepared state at initialization,normalized_prepared_state_energy_C3,0.4630539649104437,0.02059276986611923,0.4230666193248661,0.5029310153153747,initialization cluster percentile 95%,,,4.0,one state per initialization/configuration/depth,statevector_exact,50.0,2000.0,scripts/run_task_metrics.py,results/task_metrics/prepared_state/configuration_depth_summary.csv,645521db6511ca049d89e64f810e65a3407a7b52,9327aca680713423c5820db76b22ed1fb471a3d2,77e54bed863de79be0d1ebb4937f015fe29a1b1cb5d58e0f216f3acd4b9bb542
task_original_C3_D4_prepared_state_energy,post_primary_descriptive,original,prepared state at initialization,prepared_state_energy_C3,-0.2532306434038072,0.14114424863245933,-0.5273066362972522,0.0200893788018017,initialization cluster percentile 95%,,,4.0,one state per initialization/configuration/depth,statevector_exact,50.0,2000.0,scripts/run_task_metrics.py,results/task_metrics/prepared_state/configuration_depth_summary.csv,645521db6511ca049d89e64f810e65a3407a7b52,9327aca680713423c5820db76b22ed1fb471a3d2,77e54bed863de79be0d1ebb4937f015fe29a1b1cb5d58e0f216f3acd4b9bb542
task_original_C3_D4_prepared_state_fidelity,post_primary_descriptive,original,prepared state at initialization,prepared_state_fidelity_C3,0.0644346017280046,0.014122086062624408,0.0393791087325349,0.0924600325148074,initialization cluster percentile 95%,,,4.0,one state per initialization/configuration/depth,statevector_exact,50.0,2000.0,scripts/run_task_metrics.py,results/task_metrics/prepared_state/configuration_depth_summary.csv,645521db6511ca049d89e64f810e65a3407a7b52,9327aca680713423c5820db76b22ed1fb471a3d2,77e54bed863de79be0d1ebb4937f015fe29a1b1cb5d58e0f216f3acd4b9bb542
task_original_C3_D4_prepared_state_infidelity,post_primary_descriptive,original,prepared state at initialization,prepared_state_infidelity_C3,0.9355653982719953,0.014122086062624408,0.9075399674851928,0.9606208912674647,initialization cluster percentile 95%,,,4.0,one state per initialization/configuration/depth,statevector_exact,50.0,2000.0,scripts/run_task_metrics.py,results/task_metrics/prepared_state/configuration_depth_summary.csv,645521db6511ca049d89e64f810e65a3407a7b52,9327aca680713423c5820db76b22ed1fb471a3d2,77e54bed863de79be0d1ebb4937f015fe29a1b1cb5d58e0f216f3acd4b9bb542
task_original_C3_D6_normalized_prepared_state_energy,post_primary_descriptive,original,prepared state at initialization,normalized_prepared_state_energy_C3,0.5440172418457516,0.024080176164945434,0.4975802279414413,0.5922259400312307,initialization cluster percentile 95%,,,6.0,one state per initialization/configuration/depth,statevector_exact,50.0,2000.0,scripts/run_task_metrics.py,results/task_metrics/prepared_state/configuration_depth_summary.csv,645521db6511ca049d89e64f810e65a3407a7b52,9327aca680713423c5820db76b22ed1fb471a3d2,77e54bed863de79be0d1ebb4937f015fe29a1b1cb5d58e0f216f3acd4b9bb542
task_original_C3_D6_prepared_state_energy,post_primary_descriptive,original,prepared state at initialization,prepared_state_energy_C3,0.3016971766102031,0.16504716916835963,-0.0165852826641356,0.6321228807372408,initialization cluster percentile 95%,,,6.0,one state per initialization/configuration/depth,statevector_exact,50.0,2000.0,scripts/run_task_metrics.py,results/task_metrics/prepared_state/configuration_depth_summary.csv,645521db6511ca049d89e64f810e65a3407a7b52,9327aca680713423c5820db76b22ed1fb471a3d2,77e54bed863de79be0d1ebb4937f015fe29a1b1cb5d58e0f216f3acd4b9bb542
task_original_C3_D6_prepared_state_fidelity,post_primary_descriptive,original,prepared state at initialization,prepared_state_fidelity_C3,0.0523765417260678,0.014025681016948646,0.027363365964902,0.0816752096558685,initialization cluster percentile 95%,,,6.0,one state per initialization/configuration/depth,statevector_exact,50.0,2000.0,scripts/run_task_metrics.py,results/task_metrics/prepared_state/configuration_depth_summary.csv,645521db6511ca049d89e64f810e65a3407a7b52,9327aca680713423c5820db76b22ed1fb471a3d2,77e54bed863de79be0d1ebb4937f015fe29a1b1cb5d58e0f216f3acd4b9bb542
task_original_C3_D6_prepared_state_infidelity,post_primary_descriptive,original,prepared state at initialization,prepared_state_infidelity_C3,0.9476234582739324,0.014025681016948646,0.9183247903441316,0.972636634035098,initialization cluster percentile 95%,,,6.0,one state per initialization/configuration/depth,statevector_exact,50.0,2000.0,scripts/run_task_metrics.py,results/task_metrics/prepared_state/configuration_depth_summary.csv,645521db6511ca049d89e64f810e65a3407a7b52,9327aca680713423c5820db76b22ed1fb471a3d2,77e54bed863de79be0d1ebb4937f015fe29a1b1cb5d58e0f216f3acd4b9bb542
task_original_C4_D1_normalized_prepared_state_energy,post_primary_descriptive,original,prepared state at initialization,normalized_prepared_state_energy_C4,0.5196022924551632,0.022728462826432125,0.4727541703002375,0.5637945104920105,initialization cluster percentile 95%,,,1.0,one state per initialization/configuration/depth,statevector_exact,50.0,2000.0,scripts/run_task_metrics.py,results/task_metrics/prepared_state/configuration_depth_summary.csv,645521db6511ca049d89e64f810e65a3407a7b52,9327aca680713423c5820db76b22ed1fb471a3d2,77e54bed863de79be0d1ebb4937f015fe29a1b1cb5d58e0f216f3acd4b9bb542
task_original_C4_D1_prepared_state_energy,post_primary_descriptive,original,prepared state at initialization,prepared_state_energy_C4,0.134355448929179,0.15578243378932594,-0.1867447743233409,0.437251924282648,initialization cluster percentile 95%,,,1.0,one state per initialization/configuration/depth,statevector_exact,50.0,2000.0,scripts/run_task_metrics.py,results/task_metrics/prepared_state/configuration_depth_summary.csv,645521db6511ca049d89e64f810e65a3407a7b52,9327aca680713423c5820db76b22ed1fb471a3d2,77e54bed863de79be0d1ebb4937f015fe29a1b1cb5d58e0f216f3acd4b9bb542
task_original_C4_D1_prepared_state_fidelity,post_primary_descriptive,original,prepared state at initialization,prepared_state_fidelity_C4,0.0467208321185198,0.013739925247125414,0.0241124992259549,0.0750806801951644,initialization cluster percentile 95%,,,1.0,one state per initialization/configuration/depth,statevector_exact,50.0,2000.0,scripts/run_task_metrics.py,results/task_metrics/prepared_state/configuration_depth_summary.csv,645521db6511ca049d89e64f810e65a3407a7b52,9327aca680713423c5820db76b22ed1fb471a3d2,77e54bed863de79be0d1ebb4937f015fe29a1b1cb5d58e0f216f3acd4b9bb542
task_original_C4_D1_prepared_state_infidelity,post_primary_descriptive,original,prepared state at initialization,prepared_state_infidelity_C4,0.95327916788148,0.013739925247125414,0.9249193198048352,0.9758875007740448,initialization cluster percentile 95%,,,1.0,one state per initialization/configuration/depth,statevector_exact,50.0,2000.0,scripts/run_task_metrics.py,results/task_metrics/prepared_state/configuration_depth_summary.csv,645521db6511ca049d89e64f810e65a3407a7b52,9327aca680713423c5820db76b22ed1fb471a3d2,77e54bed863de79be0d1ebb4937f015fe29a1b1cb5d58e0f216f3acd4b9bb542
task_original_C4_D2_normalized_prepared_state_energy,post_primary_descriptive,original,prepared state at initialization,normalized_prepared_state_energy_C4,0.4801135952760086,0.022493202323161893,0.4346050536487819,0.5230184856334178,initialization cluster percentile 95%,,,2.0,one state per initialization/configuration/depth,statevector_exact,50.0,2000.0,scripts/run_task_metrics.py,results/task_metrics/prepared_state/configuration_depth_summary.csv,645521db6511ca049d89e64f810e65a3407a7b52,9327aca680713423c5820db76b22ed1fb471a3d2,77e54bed863de79be0d1ebb4937f015fe29a1b1cb5d58e0f216f3acd4b9bb542
task_original_C4_D2_prepared_state_energy,post_primary_descriptive,original,prepared state at initialization,prepared_state_energy_C4,-0.1363027737898823,0.15416994226036443,-0.4482214207758785,0.1577702698815272,initialization cluster percentile 95%,,,2.0,one state per initialization/configuration/depth,statevector_exact,50.0,2000.0,scripts/run_task_metrics.py,results/task_metrics/prepared_state/configuration_depth_summary.csv,645521db6511ca049d89e64f810e65a3407a7b52,9327aca680713423c5820db76b22ed1fb471a3d2,77e54bed863de79be0d1ebb4937f015fe29a1b1cb5d58e0f216f3acd4b9bb542
task_original_C4_D2_prepared_state_fidelity,post_primary_descriptive,original,prepared state at initialization,prepared_state_fidelity_C4,0.0817185084866797,0.019961841575185813,0.0457716287149553,0.1230707928428717,initialization cluster percentile 95%,,,2.0,one state per initialization/configuration/depth,statevector_exact,50.0,2000.0,scripts/run_task_metrics.py,results/task_metrics/prepared_state/configuration_depth_summary.csv,645521db6511ca049d89e64f810e65a3407a7b52,9327aca680713423c5820db76b22ed1fb471a3d2,77e54bed863de79be0d1ebb4937f015fe29a1b1cb5d58e0f216f3acd4b9bb542
task_original_C4_D2_prepared_state_infidelity,post_primary_descriptive,original,prepared state at initialization,prepared_state_infidelity_C4,0.9182814915133204,0.019961841575185813,0.8769292071571283,0.9542283712850448,initialization cluster percentile 95%,,,2.0,one state per initialization/configuration/depth,statevector_exact,50.0,2000.0,scripts/run_task_metrics.py,results/task_metrics/prepared_state/configuration_depth_summary.csv,645521db6511ca049d89e64f810e65a3407a7b52,9327aca680713423c5820db76b22ed1fb471a3d2,77e54bed863de79be0d1ebb4937f015fe29a1b1cb5d58e0f216f3acd4b9bb542
task_original_C4_D3_normalized_prepared_state_energy,post_primary_descriptive,original,prepared state at initialization,normalized_prepared_state_energy_C4,0.4806488119894113,0.02513093174706254,0.432182600569245,0.5295729499669352,initialization cluster percentile 95%,,,3.0,one state per initialization/configuration/depth,statevector_exact,50.0,2000.0,scripts/run_task_metrics.py,results/task_metrics/prepared_state/configuration_depth_summary.csv,645521db6511ca049d89e64f810e65a3407a7b52,9327aca680713423c5820db76b22ed1fb471a3d2,77e54bed863de79be0d1ebb4937f015fe29a1b1cb5d58e0f216f3acd4b9bb542
task_original_C4_D3_prepared_state_energy,post_primary_descriptive,original,prepared state at initialization,prepared_state_energy_C4,-0.1326343619463139,0.17224911956641115,-0.4648250793405844,0.202695015292519,initialization cluster percentile 95%,,,3.0,one state per initialization/configuration/depth,statevector_exact,50.0,2000.0,scripts/run_task_metrics.py,results/task_metrics/prepared_state/configuration_depth_summary.csv,645521db6511ca049d89e64f810e65a3407a7b52,9327aca680713423c5820db76b22ed1fb471a3d2,77e54bed863de79be0d1ebb4937f015fe29a1b1cb5d58e0f216f3acd4b9bb542
task_original_C4_D3_prepared_state_fidelity,post_primary_descriptive,original,prepared state at initialization,prepared_state_fidelity_C4,0.0745567308561652,0.01793170611762769,0.0422050661964084,0.1096715664949847,initialization cluster percentile 95%,,,3.0,one state per initialization/configuration/depth,statevector_exact,50.0,2000.0,scripts/run_task_metrics.py,results/task_metrics/prepared_state/configuration_depth_summary.csv,645521db6511ca049d89e64f810e65a3407a7b52,9327aca680713423c5820db76b22ed1fb471a3d2,77e54bed863de79be0d1ebb4937f015fe29a1b1cb5d58e0f216f3acd4b9bb542
task_original_C4_D3_prepared_state_infidelity,post_primary_descriptive,original,prepared state at initialization,prepared_state_infidelity_C4,0.9254432691438348,0.01793170611762769,0.8903284335050152,0.9577949338035916,initialization cluster percentile 95%,,,3.0,one state per initialization/configuration/depth,statevector_exact,50.0,2000.0,scripts/run_task_metrics.py,results/task_metrics/prepared_state/configuration_depth_summary.csv,645521db6511ca049d89e64f810e65a3407a7b52,9327aca680713423c5820db76b22ed1fb471a3d2,77e54bed863de79be0d1ebb4937f015fe29a1b1cb5d58e0f216f3acd4b9bb542
task_original_C4_D4_normalized_prepared_state_energy,post_primary_descriptive,original,prepared state at initialization,normalized_prepared_state_energy_C4,0.4774153602603225,0.021761746805758635,0.4329351613393106,0.5197533535806826,initialization cluster percentile 95%,,,4.0,one state per initialization/configuration/depth,statevector_exact,50.0,2000.0,scripts/run_task_metrics.py,results/task_metrics/prepared_state/configuration_depth_summary.csv,645521db6511ca049d89e64f810e65a3407a7b52,9327aca680713423c5820db76b22ed1fb471a3d2,77e54bed863de79be0d1ebb4937f015fe29a1b1cb5d58e0f216f3acd4b9bb542
task_original_C4_D4_prepared_state_energy,post_primary_descriptive,original,prepared state at initialization,prepared_state_energy_C4,-0.1547966605471661,0.1491564962750427,-0.4596669765146063,0.1353908321825069,initialization cluster percentile 95%,,,4.0,one state per initialization/configuration/depth,statevector_exact,50.0,2000.0,scripts/run_task_metrics.py,results/task_metrics/prepared_state/configuration_depth_summary.csv,645521db6511ca049d89e64f810e65a3407a7b52,9327aca680713423c5820db76b22ed1fb471a3d2,77e54bed863de79be0d1ebb4937f015fe29a1b1cb5d58e0f216f3acd4b9bb542
task_original_C4_D4_prepared_state_fidelity,post_primary_descriptive,original,prepared state at initialization,prepared_state_fidelity_C4,0.0654903965506435,0.019832061238735054,0.0330750463179681,0.1086336281438493,initialization cluster percentile 95%,,,4.0,one state per initialization/configuration/depth,statevector_exact,50.0,2000.0,scripts/run_task_metrics.py,results/task_metrics/prepared_state/configuration_depth_summary.csv,645521db6511ca049d89e64f810e65a3407a7b52,9327aca680713423c5820db76b22ed1fb471a3d2,77e54bed863de79be0d1ebb4937f015fe29a1b1cb5d58e0f216f3acd4b9bb542
task_original_C4_D4_prepared_state_infidelity,post_primary_descriptive,original,prepared state at initialization,prepared_state_infidelity_C4,0.9345096034493564,0.019832061238735054,0.8913663718561504,0.9669249536820322,initialization cluster percentile 95%,,,4.0,one state per initialization/configuration/depth,statevector_exact,50.0,2000.0,scripts/run_task_metrics.py,results/task_metrics/prepared_state/configuration_depth_summary.csv,645521db6511ca049d89e64f810e65a3407a7b52,9327aca680713423c5820db76b22ed1fb471a3d2,77e54bed863de79be0d1ebb4937f015fe29a1b1cb5d58e0f216f3acd4b9bb542
task_original_C4_D6_normalized_prepared_state_energy,post_primary_descriptive,original,prepared state at initialization,normalized_prepared_state_energy_C4,0.5439479633780174,0.02334109181067382,0.4986967573109363,0.5900082953966853,initialization cluster percentile 95%,,,6.0,one state per initialization/configuration/depth,statevector_exact,50.0,2000.0,scripts/run_task_metrics.py,results/task_metrics/prepared_state/configuration_depth_summary.csv,645521db6511ca049d89e64f810e65a3407a7b52,9327aca680713423c5820db76b22ed1fb471a3d2,77e54bed863de79be0d1ebb4937f015fe29a1b1cb5d58e0f216f3acd4b9bb542
task_original_C4_D6_prepared_state_energy,post_primary_descriptive,original,prepared state at initialization,prepared_state_energy_C4,0.3012223372690981,0.15998143461502476,-0.0089325142430831,0.6169229932178958,initialization cluster percentile 95%,,,6.0,one state per initialization/configuration/depth,statevector_exact,50.0,2000.0,scripts/run_task_metrics.py,results/task_metrics/prepared_state/configuration_depth_summary.csv,645521db6511ca049d89e64f810e65a3407a7b52,9327aca680713423c5820db76b22ed1fb471a3d2,77e54bed863de79be0d1ebb4937f015fe29a1b1cb5d58e0f216f3acd4b9bb542
task_original_C4_D6_prepared_state_fidelity,post_primary_descriptive,original,prepared state at initialization,prepared_state_fidelity_C4,0.044739556316205,0.01239773359379934,0.0225267975090651,0.070092519090196,initialization cluster percentile 95%,,,6.0,one state per initialization/configuration/depth,statevector_exact,50.0,2000.0,scripts/run_task_metrics.py,results/task_metrics/prepared_state/configuration_depth_summary.csv,645521db6511ca049d89e64f810e65a3407a7b52,9327aca680713423c5820db76b22ed1fb471a3d2,77e54bed863de79be0d1ebb4937f015fe29a1b1cb5d58e0f216f3acd4b9bb542
task_original_C4_D6_prepared_state_infidelity,post_primary_descriptive,original,prepared state at initialization,prepared_state_infidelity_C4,0.9552604436837951,0.01239773359379934,0.929907480909804,0.9774732024909352,initialization cluster percentile 95%,,,6.0,one state per initialization/configuration/depth,statevector_exact,50.0,2000.0,scripts/run_task_metrics.py,results/task_metrics/prepared_state/configuration_depth_summary.csv,645521db6511ca049d89e64f810e65a3407a7b52,9327aca680713423c5820db76b22ed1fb471a3d2,77e54bed863de79be0d1ebb4937f015fe29a1b1cb5d58e0f216f3acd4b9bb542
task_original_C5_D1_normalized_prepared_state_energy,post_primary_descriptive,original,prepared state at initialization,normalized_prepared_state_energy_C5,0.522026690220705,0.0251621713585035,0.4734122392715746,0.5682178531313361,initialization cluster percentile 95%,,,1.0,one state per initialization/configuration/depth,statevector_exact,50.0,2000.0,scripts/run_task_metrics.py,results/task_metrics/prepared_state/configuration_depth_summary.csv,645521db6511ca049d89e64f810e65a3407a7b52,9327aca680713423c5820db76b22ed1fb471a3d2,77e54bed863de79be0d1ebb4937f015fe29a1b1cb5d58e0f216f3acd4b9bb542
task_original_C5_D1_prepared_state_energy,post_primary_descriptive,original,prepared state at initialization,prepared_state_energy_C5,0.1509724365043476,0.172463237993076,-0.1822343247280909,0.467569816306425,initialization cluster percentile 95%,,,1.0,one state per initialization/configuration/depth,statevector_exact,50.0,2000.0,scripts/run_task_metrics.py,results/task_metrics/prepared_state/configuration_depth_summary.csv,645521db6511ca049d89e64f810e65a3407a7b52,9327aca680713423c5820db76b22ed1fb471a3d2,77e54bed863de79be0d1ebb4937f015fe29a1b1cb5d58e0f216f3acd4b9bb542
task_original_C5_D1_prepared_state_fidelity,post_primary_descriptive,original,prepared state at initialization,prepared_state_fidelity_C5,0.0337853686607316,0.00778613577457464,0.0208666133018616,0.0488515198733372,initialization cluster percentile 95%,,,1.0,one state per initialization/configuration/depth,statevector_exact,50.0,2000.0,scripts/run_task_metrics.py,results/task_metrics/prepared_state/configuration_depth_summary.csv,645521db6511ca049d89e64f810e65a3407a7b52,9327aca680713423c5820db76b22ed1fb471a3d2,77e54bed863de79be0d1ebb4937f015fe29a1b1cb5d58e0f216f3acd4b9bb542
task_original_C5_D1_prepared_state_infidelity,post_primary_descriptive,original,prepared state at initialization,prepared_state_infidelity_C5,0.9662146313392684,0.00778613577457464,0.9511484801266624,0.9791333866981388,initialization cluster percentile 95%,,,1.0,one state per initialization/configuration/depth,statevector_exact,50.0,2000.0,scripts/run_task_metrics.py,results/task_metrics/prepared_state/configuration_depth_summary.csv,645521db6511ca049d89e64f810e65a3407a7b52,9327aca680713423c5820db76b22ed1fb471a3d2,77e54bed863de79be0d1ebb4937f015fe29a1b1cb5d58e0f216f3acd4b9bb542
task_original_C5_D2_normalized_prepared_state_energy,post_primary_descriptive,original,prepared state at initialization,normalized_prepared_state_energy_C5,0.4663559467181039,0.022003570537001253,0.4218076525733772,0.5069639922808129,initialization cluster percentile 95%,,,2.0,one state per initialization/configuration/depth,statevector_exact,50.0,2000.0,scripts/run_task_metrics.py,results/task_metrics/prepared_state/configuration_depth_summary.csv,645521db6511ca049d89e64f810e65a3407a7b52,9327aca680713423c5820db76b22ed1fb471a3d2,77e54bed863de79be0d1ebb4937f015fe29a1b1cb5d58e0f216f3acd4b9bb542
task_original_C5_D2_prepared_state_energy,post_primary_descriptive,original,prepared state at initialization,prepared_state_energy_C5,-0.2305986349721952,0.15081397261599344,-0.5359356802455604,0.0477316778824757,initialization cluster percentile 95%,,,2.0,one state per initialization/configuration/depth,statevector_exact,50.0,2000.0,scripts/run_task_metrics.py,results/task_metrics/prepared_state/configuration_depth_summary.csv,645521db6511ca049d89e64f810e65a3407a7b52,9327aca680713423c5820db76b22ed1fb471a3d2,77e54bed863de79be0d1ebb4937f015fe29a1b1cb5d58e0f216f3acd4b9bb542
task_original_C5_D2_prepared_state_fidelity,post_primary_descriptive,original,prepared state at initialization,prepared_state_fidelity_C5,0.0788247970970145,0.016182480067146433,0.0497424279909965,0.1111175182916002,initialization cluster percentile 95%,,,2.0,one state per initialization/configuration/depth,statevector_exact,50.0,2000.0,scripts/run_task_metrics.py,results/task_metrics/prepared_state/configuration_depth_summary.csv,645521db6511ca049d89e64f810e65a3407a7b52,9327aca680713423c5820db76b22ed1fb471a3d2,77e54bed863de79be0d1ebb4937f015fe29a1b1cb5d58e0f216f3acd4b9bb542
task_original_C5_D2_prepared_state_infidelity,post_primary_descriptive,original,prepared state at initialization,prepared_state_infidelity_C5,0.9211752029029856,0.016182480067146433,0.8888824817083995,0.9502575720090036,initialization cluster percentile 95%,,,2.0,one state per initialization/configuration/depth,statevector_exact,50.0,2000.0,scripts/run_task_metrics.py,results/task_metrics/prepared_state/configuration_depth_summary.csv,645521db6511ca049d89e64f810e65a3407a7b52,9327aca680713423c5820db76b22ed1fb471a3d2,77e54bed863de79be0d1ebb4937f015fe29a1b1cb5d58e0f216f3acd4b9bb542
task_original_C5_D3_normalized_prepared_state_energy,post_primary_descriptive,original,prepared state at initialization,normalized_prepared_state_energy_C5,0.5088378350436215,0.02475948483069341,0.4636976761785181,0.5561945763091151,initialization cluster percentile 95%,,,3.0,one state per initialization/configuration/depth,statevector_exact,50.0,2000.0,scripts/run_task_metrics.py,results/task_metrics/prepared_state/configuration_depth_summary.csv,645521db6511ca049d89e64f810e65a3407a7b52,9327aca680713423c5820db76b22ed1fb471a3d2,77e54bed863de79be0d1ebb4937f015fe29a1b1cb5d58e0f216f3acd4b9bb542
task_original_C5_D3_prepared_state_energy,post_primary_descriptive,original,prepared state at initialization,prepared_state_energy_C5,0.0605751239332741,0.16970319707717757,-0.2488186024855975,0.3851614572461672,initialization cluster percentile 95%,,,3.0,one state per initialization/configuration/depth,statevector_exact,50.0,2000.0,scripts/run_task_metrics.py,results/task_metrics/prepared_state/configuration_depth_summary.csv,645521db6511ca049d89e64f810e65a3407a7b52,9327aca680713423c5820db76b22ed1fb471a3d2,77e54bed863de79be0d1ebb4937f015fe29a1b1cb5d58e0f216f3acd4b9bb542
task_original_C5_D3_prepared_state_fidelity,post_primary_descriptive,original,prepared state at initialization,prepared_state_fidelity_C5,0.061899711181228,0.013133623876210409,0.0375286291810965,0.0879804999101965,initialization cluster percentile 95%,,,3.0,one state per initialization/configuration/depth,statevector_exact,50.0,2000.0,scripts/run_task_metrics.py,results/task_metrics/prepared_state/configuration_depth_summary.csv,645521db6511ca049d89e64f810e65a3407a7b52,9327aca680713423c5820db76b22ed1fb471a3d2,77e54bed863de79be0d1ebb4937f015fe29a1b1cb5d58e0f216f3acd4b9bb542
task_original_C5_D3_prepared_state_infidelity,post_primary_descriptive,original,prepared state at initialization,prepared_state_infidelity_C5,0.9381002888187718,0.013133623876210409,0.9120195000898036,0.9624713708189035,initialization cluster percentile 95%,,,3.0,one state per initialization/configuration/depth,statevector_exact,50.0,2000.0,scripts/run_task_metrics.py,results/task_metrics/prepared_state/configuration_depth_summary.csv,645521db6511ca049d89e64f810e65a3407a7b52,9327aca680713423c5820db76b22ed1fb471a3d2,77e54bed863de79be0d1ebb4937f015fe29a1b1cb5d58e0f216f3acd4b9bb542
task_original_C5_D4_normalized_prepared_state_energy,post_primary_descriptive,original,prepared state at initialization,normalized_prepared_state_energy_C5,0.5274080068606805,0.019737119266860077,0.4888920267303078,0.5654704230243223,initialization cluster percentile 95%,,,4.0,one state per initialization/configuration/depth,statevector_exact,50.0,2000.0,scripts/run_task_metrics.py,results/task_metrics/prepared_state/configuration_depth_summary.csv,645521db6511ca049d89e64f810e65a3407a7b52,9327aca680713423c5820db76b22ed1fb471a3d2,77e54bed863de79be0d1ebb4937f015fe29a1b1cb5d58e0f216f3acd4b9bb542
task_original_C5_D4_prepared_state_energy,post_primary_descriptive,original,prepared state at initialization,prepared_state_energy_C5,0.1878563476411562,0.13527956108874795,-0.076134806107829,0.448738743039168,initialization cluster percentile 95%,,,4.0,one state per initialization/configuration/depth,statevector_exact,50.0,2000.0,scripts/run_task_metrics.py,results/task_metrics/prepared_state/configuration_depth_summary.csv,645521db6511ca049d89e64f810e65a3407a7b52,9327aca680713423c5820db76b22ed1fb471a3d2,77e54bed863de79be0d1ebb4937f015fe29a1b1cb5d58e0f216f3acd4b9bb542
task_original_C5_D4_prepared_state_fidelity,post_primary_descriptive,original,prepared state at initialization,prepared_state_fidelity_C5,0.0539820691646284,0.013105327934449258,0.0298788646802944,0.0818098043660725,initialization cluster percentile 95%,,,4.0,one state per initialization/configuration/depth,statevector_exact,50.0,2000.0,scripts/run_task_metrics.py,results/task_metrics/prepared_state/configuration_depth_summary.csv,645521db6511ca049d89e64f810e65a3407a7b52,9327aca680713423c5820db76b22ed1fb471a3d2,77e54bed863de79be0d1ebb4937f015fe29a1b1cb5d58e0f216f3acd4b9bb542
task_original_C5_D4_prepared_state_infidelity,post_primary_descriptive,original,prepared state at initialization,prepared_state_infidelity_C5,0.9460179308353714,0.013105327934449258,0.9181901956339278,0.9701211353197058,initialization cluster percentile 95%,,,4.0,one state per initialization/configuration/depth,statevector_exact,50.0,2000.0,scripts/run_task_metrics.py,results/task_metrics/prepared_state/configuration_depth_summary.csv,645521db6511ca049d89e64f810e65a3407a7b52,9327aca680713423c5820db76b22ed1fb471a3d2,77e54bed863de79be0d1ebb4937f015fe29a1b1cb5d58e0f216f3acd4b9bb542
task_original_C5_D6_normalized_prepared_state_energy,post_primary_descriptive,original,prepared state at initialization,normalized_prepared_state_energy_C5,0.4837019029249434,0.02189192923638449,0.4432012298257901,0.5246974516000132,initialization cluster percentile 95%,,,6.0,one state per initialization/configuration/depth,statevector_exact,50.0,2000.0,scripts/run_task_metrics.py,results/task_metrics/prepared_state/configuration_depth_summary.csv,645521db6511ca049d89e64f810e65a3407a7b52,9327aca680713423c5820db76b22ed1fb471a3d2,77e54bed863de79be0d1ebb4937f015fe29a1b1cb5d58e0f216f3acd4b9bb542
task_original_C5_D6_prepared_state_energy,post_primary_descriptive,original,prepared state at initialization,prepared_state_energy_C5,-0.1117082685211037,0.15004877553010615,-0.3893026431901457,0.1692780170848052,initialization cluster percentile 95%,,,6.0,one state per initialization/configuration/depth,statevector_exact,50.0,2000.0,scripts/run_task_metrics.py,results/task_metrics/prepared_state/configuration_depth_summary.csv,645521db6511ca049d89e64f810e65a3407a7b52,9327aca680713423c5820db76b22ed1fb471a3d2,77e54bed863de79be0d1ebb4937f015fe29a1b1cb5d58e0f216f3acd4b9bb542
task_original_C5_D6_prepared_state_fidelity,post_primary_descriptive,original,prepared state at initialization,prepared_state_fidelity_C5,0.0554378895156447,0.01379628384413155,0.030219054592646,0.0856267592672365,initialization cluster percentile 95%,,,6.0,one state per initialization/configuration/depth,statevector_exact,50.0,2000.0,scripts/run_task_metrics.py,results/task_metrics/prepared_state/configuration_depth_summary.csv,645521db6511ca049d89e64f810e65a3407a7b52,9327aca680713423c5820db76b22ed1fb471a3d2,77e54bed863de79be0d1ebb4937f015fe29a1b1cb5d58e0f216f3acd4b9bb542
task_original_C5_D6_prepared_state_infidelity,post_primary_descriptive,original,prepared state at initialization,prepared_state_infidelity_C5,0.9445621104843552,0.01379628384413155,0.9143732407327636,0.9697809454073542,initialization cluster percentile 95%,,,6.0,one state per initialization/configuration/depth,statevector_exact,50.0,2000.0,scripts/run_task_metrics.py,results/task_metrics/prepared_state/configuration_depth_summary.csv,645521db6511ca049d89e64f810e65a3407a7b52,9327aca680713423c5820db76b22ed1fb471a3d2,77e54bed863de79be0d1ebb4937f015fe29a1b1cb5d58e0f216f3acd4b9bb542
task_original_C6_D1_normalized_prepared_state_energy,post_primary_descriptive,original,prepared state at initialization,normalized_prepared_state_energy_C6,0.522026690220705,0.0251621713585035,0.4734122392715746,0.5682178531313361,initialization cluster percentile 95%,,,1.0,one state per initialization/configuration/depth,statevector_exact,50.0,2000.0,scripts/run_task_metrics.py,results/task_metrics/prepared_state/configuration_depth_summary.csv,645521db6511ca049d89e64f810e65a3407a7b52,9327aca680713423c5820db76b22ed1fb471a3d2,77e54bed863de79be0d1ebb4937f015fe29a1b1cb5d58e0f216f3acd4b9bb542
task_original_C6_D1_prepared_state_energy,post_primary_descriptive,original,prepared state at initialization,prepared_state_energy_C6,0.1509724365043476,0.172463237993076,-0.1822343247280909,0.467569816306425,initialization cluster percentile 95%,,,1.0,one state per initialization/configuration/depth,statevector_exact,50.0,2000.0,scripts/run_task_metrics.py,results/task_metrics/prepared_state/configuration_depth_summary.csv,645521db6511ca049d89e64f810e65a3407a7b52,9327aca680713423c5820db76b22ed1fb471a3d2,77e54bed863de79be0d1ebb4937f015fe29a1b1cb5d58e0f216f3acd4b9bb542
task_original_C6_D1_prepared_state_fidelity,post_primary_descriptive,original,prepared state at initialization,prepared_state_fidelity_C6,0.0337853686607316,0.00778613577457464,0.0208666133018616,0.0488515198733372,initialization cluster percentile 95%,,,1.0,one state per initialization/configuration/depth,statevector_exact,50.0,2000.0,scripts/run_task_metrics.py,results/task_metrics/prepared_state/configuration_depth_summary.csv,645521db6511ca049d89e64f810e65a3407a7b52,9327aca680713423c5820db76b22ed1fb471a3d2,77e54bed863de79be0d1ebb4937f015fe29a1b1cb5d58e0f216f3acd4b9bb542
task_original_C6_D1_prepared_state_infidelity,post_primary_descriptive,original,prepared state at initialization,prepared_state_infidelity_C6,0.9662146313392684,0.00778613577457464,0.9511484801266624,0.9791333866981388,initialization cluster percentile 95%,,,1.0,one state per initialization/configuration/depth,statevector_exact,50.0,2000.0,scripts/run_task_metrics.py,results/task_metrics/prepared_state/configuration_depth_summary.csv,645521db6511ca049d89e64f810e65a3407a7b52,9327aca680713423c5820db76b22ed1fb471a3d2,77e54bed863de79be0d1ebb4937f015fe29a1b1cb5d58e0f216f3acd4b9bb542
task_original_C6_D2_normalized_prepared_state_energy,post_primary_descriptive,original,prepared state at initialization,normalized_prepared_state_energy_C6,0.4663559467181039,0.022003570537001253,0.4218076525733772,0.5069639922808129,initialization cluster percentile 95%,,,2.0,one state per initialization/configuration/depth,statevector_exact,50.0,2000.0,scripts/run_task_metrics.py,results/task_metrics/prepared_state/configuration_depth_summary.csv,645521db6511ca049d89e64f810e65a3407a7b52,9327aca680713423c5820db76b22ed1fb471a3d2,77e54bed863de79be0d1ebb4937f015fe29a1b1cb5d58e0f216f3acd4b9bb542
task_original_C6_D2_prepared_state_energy,post_primary_descriptive,original,prepared state at initialization,prepared_state_energy_C6,-0.2305986349721952,0.15081397261599344,-0.5359356802455604,0.0477316778824757,initialization cluster percentile 95%,,,2.0,one state per initialization/configuration/depth,statevector_exact,50.0,2000.0,scripts/run_task_metrics.py,results/task_metrics/prepared_state/configuration_depth_summary.csv,645521db6511ca049d89e64f810e65a3407a7b52,9327aca680713423c5820db76b22ed1fb471a3d2,77e54bed863de79be0d1ebb4937f015fe29a1b1cb5d58e0f216f3acd4b9bb542
task_original_C6_D2_prepared_state_fidelity,post_primary_descriptive,original,prepared state at initialization,prepared_state_fidelity_C6,0.0788247970970145,0.016182480067146433,0.0497424279909965,0.1111175182916002,initialization cluster percentile 95%,,,2.0,one state per initialization/configuration/depth,statevector_exact,50.0,2000.0,scripts/run_task_metrics.py,results/task_metrics/prepared_state/configuration_depth_summary.csv,645521db6511ca049d89e64f810e65a3407a7b52,9327aca680713423c5820db76b22ed1fb471a3d2,77e54bed863de79be0d1ebb4937f015fe29a1b1cb5d58e0f216f3acd4b9bb542
task_original_C6_D2_prepared_state_infidelity,post_primary_descriptive,original,prepared state at initialization,prepared_state_infidelity_C6,0.9211752029029856,0.016182480067146433,0.8888824817083995,0.9502575720090036,initialization cluster percentile 95%,,,2.0,one state per initialization/configuration/depth,statevector_exact,50.0,2000.0,scripts/run_task_metrics.py,results/task_metrics/prepared_state/configuration_depth_summary.csv,645521db6511ca049d89e64f810e65a3407a7b52,9327aca680713423c5820db76b22ed1fb471a3d2,77e54bed863de79be0d1ebb4937f015fe29a1b1cb5d58e0f216f3acd4b9bb542
task_original_C6_D3_normalized_prepared_state_energy,post_primary_descriptive,original,prepared state at initialization,normalized_prepared_state_energy_C6,0.4750409200691556,0.02511903736617595,0.4253820837014509,0.5220374101228312,initialization cluster percentile 95%,,,3.0,one state per initialization/configuration/depth,statevector_exact,50.0,2000.0,scripts/run_task_metrics.py,results/task_metrics/prepared_state/configuration_depth_summary.csv,645521db6511ca049d89e64f810e65a3407a7b52,9327aca680713423c5820db76b22ed1fb471a3d2,77e54bed863de79be0d1ebb4937f015fe29a1b1cb5d58e0f216f3acd4b9bb542
task_original_C6_D3_prepared_state_energy,post_primary_descriptive,original,prepared state at initialization,prepared_state_energy_C6,-0.1710712355015709,0.17216759466888165,-0.5114362855968352,0.1510459114443807,initialization cluster percentile 95%,,,3.0,one state per initialization/configuration/depth,statevector_exact,50.0,2000.0,scripts/run_task_metrics.py,results/task_metrics/prepared_state/configuration_depth_summary.csv,645521db6511ca049d89e64f810e65a3407a7b52,9327aca680713423c5820db76b22ed1fb471a3d2,77e54bed863de79be0d1ebb4937f015fe29a1b1cb5d58e0f216f3acd4b9bb542
task_original_C6_D3_prepared_state_fidelity,post_primary_descriptive,original,prepared state at initialization,prepared_state_fidelity_C6,0.0700757715795243,0.014446589804646116,0.0441509178061851,0.0980291302371135,initialization cluster percentile 95%,,,3.0,one state per initialization/configuration/depth,statevector_exact,50.0,2000.0,scripts/run_task_metrics.py,results/task_metrics/prepared_state/configuration_depth_summary.csv,645521db6511ca049d89e64f810e65a3407a7b52,9327aca680713423c5820db76b22ed1fb471a3d2,77e54bed863de79be0d1ebb4937f015fe29a1b1cb5d58e0f216f3acd4b9bb542
task_original_C6_D3_prepared_state_infidelity,post_primary_descriptive,original,prepared state at initialization,prepared_state_infidelity_C6,0.9299242284204756,0.014446589804646116,0.9019708697628864,0.9558490821938154,initialization cluster percentile 95%,,,3.0,one state per initialization/configuration/depth,statevector_exact,50.0,2000.0,scripts/run_task_metrics.py,results/task_metrics/prepared_state/configuration_depth_summary.csv,645521db6511ca049d89e64f810e65a3407a7b52,9327aca680713423c5820db76b22ed1fb471a3d2,77e54bed863de79be0d1ebb4937f015fe29a1b1cb5d58e0f216f3acd4b9bb542
task_original_C6_D4_normalized_prepared_state_energy,post_primary_descriptive,original,prepared state at initialization,normalized_prepared_state_energy_C6,0.5529276297711349,0.019563621977359065,0.5151888716933563,0.5912274876448324,initialization cluster percentile 95%,,,4.0,one state per initialization/configuration/depth,statevector_exact,50.0,2000.0,scripts/run_task_metrics.py,results/task_metrics/prepared_state/configuration_depth_summary.csv,645521db6511ca049d89e64f810e65a3407a7b52,9327aca680713423c5820db76b22ed1fb471a3d2,77e54bed863de79be0d1ebb4937f015fe29a1b1cb5d58e0f216f3acd4b9bb542
task_original_C6_D4_prepared_state_energy,post_primary_descriptive,original,prepared state at initialization,prepared_state_energy_C6,0.3627695829415697,0.13409039883784166,0.1041055621303649,0.6252794200085626,initialization cluster percentile 95%,,,4.0,one state per initialization/configuration/depth,statevector_exact,50.0,2000.0,scripts/run_task_metrics.py,results/task_metrics/prepared_state/configuration_depth_summary.csv,645521db6511ca049d89e64f810e65a3407a7b52,9327aca680713423c5820db76b22ed1fb471a3d2,77e54bed863de79be0d1ebb4937f015fe29a1b1cb5d58e0f216f3acd4b9bb542
task_original_C6_D4_prepared_state_fidelity,post_primary_descriptive,original,prepared state at initialization,prepared_state_fidelity_C6,0.0517408808164286,0.011483364893176234,0.0305705590031616,0.0766117487748881,initialization cluster percentile 95%,,,4.0,one state per initialization/configuration/depth,statevector_exact,50.0,2000.0,scripts/run_task_metrics.py,results/task_metrics/prepared_state/configuration_depth_summary.csv,645521db6511ca049d89e64f810e65a3407a7b52,9327aca680713423c5820db76b22ed1fb471a3d2,77e54bed863de79be0d1ebb4937f015fe29a1b1cb5d58e0f216f3acd4b9bb542
task_original_C6_D4_prepared_state_infidelity,post_primary_descriptive,original,prepared state at initialization,prepared_state_infidelity_C6,0.9482591191835712,0.011483364893176234,0.9233882512251118,0.9694294409968384,initialization cluster percentile 95%,,,4.0,one state per initialization/configuration/depth,statevector_exact,50.0,2000.0,scripts/run_task_metrics.py,results/task_metrics/prepared_state/configuration_depth_summary.csv,645521db6511ca049d89e64f810e65a3407a7b52,9327aca680713423c5820db76b22ed1fb471a3d2,77e54bed863de79be0d1ebb4937f015fe29a1b1cb5d58e0f216f3acd4b9bb542
task_original_C6_D6_normalized_prepared_state_energy,post_primary_descriptive,original,prepared state at initialization,normalized_prepared_state_energy_C6,0.4894283535174413,0.022526900594918253,0.4469531977142654,0.5318406008618124,initialization cluster percentile 95%,,,6.0,one state per initialization/configuration/depth,statevector_exact,50.0,2000.0,scripts/run_task_metrics.py,results/task_metrics/prepared_state/configuration_depth_summary.csv,645521db6511ca049d89e64f810e65a3407a7b52,9327aca680713423c5820db76b22ed1fb471a3d2,77e54bed863de79be0d1ebb4937f015fe29a1b1cb5d58e0f216f3acd4b9bb542
task_original_C6_D6_prepared_state_energy,post_primary_descriptive,original,prepared state at initialization,prepared_state_energy_C6,-0.0724587857432277,0.1544009125124571,-0.3635863994815588,0.2182376491294936,initialization cluster percentile 95%,,,6.0,one state per initialization/configuration/depth,statevector_exact,50.0,2000.0,scripts/run_task_metrics.py,results/task_metrics/prepared_state/configuration_depth_summary.csv,645521db6511ca049d89e64f810e65a3407a7b52,9327aca680713423c5820db76b22ed1fb471a3d2,77e54bed863de79be0d1ebb4937f015fe29a1b1cb5d58e0f216f3acd4b9bb542
task_original_C6_D6_prepared_state_fidelity,post_primary_descriptive,original,prepared state at initialization,prepared_state_fidelity_C6,0.0524220697554013,0.012854671571407279,0.0302028357048955,0.079426991447713,initialization cluster percentile 95%,,,6.0,one state per initialization/configuration/depth,statevector_exact,50.0,2000.0,scripts/run_task_metrics.py,results/task_metrics/prepared_state/configuration_depth_summary.csv,645521db6511ca049d89e64f810e65a3407a7b52,9327aca680713423c5820db76b22ed1fb471a3d2,77e54bed863de79be0d1ebb4937f015fe29a1b1cb5d58e0f216f3acd4b9bb542
task_original_C6_D6_prepared_state_infidelity,post_primary_descriptive,original,prepared state at initialization,prepared_state_infidelity_C6,0.9475779302445988,0.012854671571407279,0.9205730085522869,0.9697971642951048,initialization cluster percentile 95%,,,6.0,one state per initialization/configuration/depth,statevector_exact,50.0,2000.0,scripts/run_task_metrics.py,results/task_metrics/prepared_state/configuration_depth_summary.csv,645521db6511ca049d89e64f810e65a3407a7b52,9327aca680713423c5820db76b22ed1fb471a3d2,77e54bed863de79be0d1ebb4937f015fe29a1b1cb5d58e0f216f3acd4b9bb542
task_original_C7_D1_normalized_prepared_state_energy,post_primary_descriptive,original,prepared state at initialization,normalized_prepared_state_energy_C7,0.5196022924551632,0.022728462826432125,0.4727541703002375,0.5637945104920105,initialization cluster percentile 95%,,,1.0,one state per initialization/configuration/depth,statevector_exact,50.0,2000.0,scripts/run_task_metrics.py,results/task_metrics/prepared_state/configuration_depth_summary.csv,645521db6511ca049d89e64f810e65a3407a7b52,9327aca680713423c5820db76b22ed1fb471a3d2,77e54bed863de79be0d1ebb4937f015fe29a1b1cb5d58e0f216f3acd4b9bb542
task_original_C7_D1_prepared_state_energy,post_primary_descriptive,original,prepared state at initialization,prepared_state_energy_C7,0.134355448929179,0.15578243378932594,-0.1867447743233409,0.437251924282648,initialization cluster percentile 95%,,,1.0,one state per initialization/configuration/depth,statevector_exact,50.0,2000.0,scripts/run_task_metrics.py,results/task_metrics/prepared_state/configuration_depth_summary.csv,645521db6511ca049d89e64f810e65a3407a7b52,9327aca680713423c5820db76b22ed1fb471a3d2,77e54bed863de79be0d1ebb4937f015fe29a1b1cb5d58e0f216f3acd4b9bb542
task_original_C7_D1_prepared_state_fidelity,post_primary_descriptive,original,prepared state at initialization,prepared_state_fidelity_C7,0.0467208321185198,0.013739925247125414,0.0241124992259549,0.0750806801951644,initialization cluster percentile 95%,,,1.0,one state per initialization/configuration/depth,statevector_exact,50.0,2000.0,scripts/run_task_metrics.py,results/task_metrics/prepared_state/configuration_depth_summary.csv,645521db6511ca049d89e64f810e65a3407a7b52,9327aca680713423c5820db76b22ed1fb471a3d2,77e54bed863de79be0d1ebb4937f015fe29a1b1cb5d58e0f216f3acd4b9bb542
task_original_C7_D1_prepared_state_infidelity,post_primary_descriptive,original,prepared state at initialization,prepared_state_infidelity_C7,0.95327916788148,0.013739925247125414,0.9249193198048352,0.9758875007740448,initialization cluster percentile 95%,,,1.0,one state per initialization/configuration/depth,statevector_exact,50.0,2000.0,scripts/run_task_metrics.py,results/task_metrics/prepared_state/configuration_depth_summary.csv,645521db6511ca049d89e64f810e65a3407a7b52,9327aca680713423c5820db76b22ed1fb471a3d2,77e54bed863de79be0d1ebb4937f015fe29a1b1cb5d58e0f216f3acd4b9bb542
task_original_C7_D2_normalized_prepared_state_energy,post_primary_descriptive,original,prepared state at initialization,normalized_prepared_state_energy_C7,0.4801135952760086,0.022493202323161893,0.4346050536487819,0.5230184856334178,initialization cluster percentile 95%,,,2.0,one state per initialization/configuration/depth,statevector_exact,50.0,2000.0,scripts/run_task_metrics.py,results/task_metrics/prepared_state/configuration_depth_summary.csv,645521db6511ca049d89e64f810e65a3407a7b52,9327aca680713423c5820db76b22ed1fb471a3d2,77e54bed863de79be0d1ebb4937f015fe29a1b1cb5d58e0f216f3acd4b9bb542
task_original_C7_D2_prepared_state_energy,post_primary_descriptive,original,prepared state at initialization,prepared_state_energy_C7,-0.1363027737898823,0.15416994226036443,-0.4482214207758785,0.1577702698815272,initialization cluster percentile 95%,,,2.0,one state per initialization/configuration/depth,statevector_exact,50.0,2000.0,scripts/run_task_metrics.py,results/task_metrics/prepared_state/configuration_depth_summary.csv,645521db6511ca049d89e64f810e65a3407a7b52,9327aca680713423c5820db76b22ed1fb471a3d2,77e54bed863de79be0d1ebb4937f015fe29a1b1cb5d58e0f216f3acd4b9bb542
task_original_C7_D2_prepared_state_fidelity,post_primary_descriptive,original,prepared state at initialization,prepared_state_fidelity_C7,0.0817185084866797,0.019961841575185813,0.0457716287149553,0.1230707928428717,initialization cluster percentile 95%,,,2.0,one state per initialization/configuration/depth,statevector_exact,50.0,2000.0,scripts/run_task_metrics.py,results/task_metrics/prepared_state/configuration_depth_summary.csv,645521db6511ca049d89e64f810e65a3407a7b52,9327aca680713423c5820db76b22ed1fb471a3d2,77e54bed863de79be0d1ebb4937f015fe29a1b1cb5d58e0f216f3acd4b9bb542
task_original_C7_D2_prepared_state_infidelity,post_primary_descriptive,original,prepared state at initialization,prepared_state_infidelity_C7,0.9182814915133204,0.019961841575185813,0.8769292071571283,0.9542283712850448,initialization cluster percentile 95%,,,2.0,one state per initialization/configuration/depth,statevector_exact,50.0,2000.0,scripts/run_task_metrics.py,results/task_metrics/prepared_state/configuration_depth_summary.csv,645521db6511ca049d89e64f810e65a3407a7b52,9327aca680713423c5820db76b22ed1fb471a3d2,77e54bed863de79be0d1ebb4937f015fe29a1b1cb5d58e0f216f3acd4b9bb542
task_original_C7_D3_normalized_prepared_state_energy,post_primary_descriptive,original,prepared state at initialization,normalized_prepared_state_energy_C7,0.4806488119894113,0.02513093174706254,0.432182600569245,0.5295729499669352,initialization cluster percentile 95%,,,3.0,one state per initialization/configuration/depth,statevector_exact,50.0,2000.0,scripts/run_task_metrics.py,results/task_metrics/prepared_state/configuration_depth_summary.csv,645521db6511ca049d89e64f810e65a3407a7b52,9327aca680713423c5820db76b22ed1fb471a3d2,77e54bed863de79be0d1ebb4937f015fe29a1b1cb5d58e0f216f3acd4b9bb542
task_original_C7_D3_prepared_state_energy,post_primary_descriptive,original,prepared state at initialization,prepared_state_energy_C7,-0.1326343619463139,0.17224911956641115,-0.4648250793405844,0.202695015292519,initialization cluster percentile 95%,,,3.0,one state per initialization/configuration/depth,statevector_exact,50.0,2000.0,scripts/run_task_metrics.py,results/task_metrics/prepared_state/configuration_depth_summary.csv,645521db6511ca049d89e64f810e65a3407a7b52,9327aca680713423c5820db76b22ed1fb471a3d2,77e54bed863de79be0d1ebb4937f015fe29a1b1cb5d58e0f216f3acd4b9bb542
task_original_C7_D3_prepared_state_fidelity,post_primary_descriptive,original,prepared state at initialization,prepared_state_fidelity_C7,0.0745567308561652,0.01793170611762769,0.0422050661964084,0.1096715664949847,initialization cluster percentile 95%,,,3.0,one state per initialization/configuration/depth,statevector_exact,50.0,2000.0,scripts/run_task_metrics.py,results/task_metrics/prepared_state/configuration_depth_summary.csv,645521db6511ca049d89e64f810e65a3407a7b52,9327aca680713423c5820db76b22ed1fb471a3d2,77e54bed863de79be0d1ebb4937f015fe29a1b1cb5d58e0f216f3acd4b9bb542
task_original_C7_D3_prepared_state_infidelity,post_primary_descriptive,original,prepared state at initialization,prepared_state_infidelity_C7,0.9254432691438348,0.01793170611762769,0.8903284335050152,0.9577949338035916,initialization cluster percentile 95%,,,3.0,one state per initialization/configuration/depth,statevector_exact,50.0,2000.0,scripts/run_task_metrics.py,results/task_metrics/prepared_state/configuration_depth_summary.csv,645521db6511ca049d89e64f810e65a3407a7b52,9327aca680713423c5820db76b22ed1fb471a3d2,77e54bed863de79be0d1ebb4937f015fe29a1b1cb5d58e0f216f3acd4b9bb542
task_original_C7_D4_normalized_prepared_state_energy,post_primary_descriptive,original,prepared state at initialization,normalized_prepared_state_energy_C7,0.4774153602603225,0.021761746805758635,0.4329351613393106,0.5197533535806826,initialization cluster percentile 95%,,,4.0,one state per initialization/configuration/depth,statevector_exact,50.0,2000.0,scripts/run_task_metrics.py,results/task_metrics/prepared_state/configuration_depth_summary.csv,645521db6511ca049d89e64f810e65a3407a7b52,9327aca680713423c5820db76b22ed1fb471a3d2,77e54bed863de79be0d1ebb4937f015fe29a1b1cb5d58e0f216f3acd4b9bb542
task_original_C7_D4_prepared_state_energy,post_primary_descriptive,original,prepared state at initialization,prepared_state_energy_C7,-0.1547966605471661,0.1491564962750427,-0.4596669765146063,0.1353908321825069,initialization cluster percentile 95%,,,4.0,one state per initialization/configuration/depth,statevector_exact,50.0,2000.0,scripts/run_task_metrics.py,results/task_metrics/prepared_state/configuration_depth_summary.csv,645521db6511ca049d89e64f810e65a3407a7b52,9327aca680713423c5820db76b22ed1fb471a3d2,77e54bed863de79be0d1ebb4937f015fe29a1b1cb5d58e0f216f3acd4b9bb542
task_original_C7_D4_prepared_state_fidelity,post_primary_descriptive,original,prepared state at initialization,prepared_state_fidelity_C7,0.0654903965506435,0.019832061238735054,0.0330750463179681,0.1086336281438493,initialization cluster percentile 95%,,,4.0,one state per initialization/configuration/depth,statevector_exact,50.0,2000.0,scripts/run_task_metrics.py,results/task_metrics/prepared_state/configuration_depth_summary.csv,645521db6511ca049d89e64f810e65a3407a7b52,9327aca680713423c5820db76b22ed1fb471a3d2,77e54bed863de79be0d1ebb4937f015fe29a1b1cb5d58e0f216f3acd4b9bb542
task_original_C7_D4_prepared_state_infidelity,post_primary_descriptive,original,prepared state at initialization,prepared_state_infidelity_C7,0.9345096034493564,0.019832061238735054,0.8913663718561504,0.9669249536820322,initialization cluster percentile 95%,,,4.0,one state per initialization/configuration/depth,statevector_exact,50.0,2000.0,scripts/run_task_metrics.py,results/task_metrics/prepared_state/configuration_depth_summary.csv,645521db6511ca049d89e64f810e65a3407a7b52,9327aca680713423c5820db76b22ed1fb471a3d2,77e54bed863de79be0d1ebb4937f015fe29a1b1cb5d58e0f216f3acd4b9bb542
task_original_C7_D6_normalized_prepared_state_energy,post_primary_descriptive,original,prepared state at initialization,normalized_prepared_state_energy_C7,0.5439479633780174,0.02334109181067382,0.4986967573109363,0.5900082953966853,initialization cluster percentile 95%,,,6.0,one state per initialization/configuration/depth,statevector_exact,50.0,2000.0,scripts/run_task_metrics.py,results/task_metrics/prepared_state/configuration_depth_summary.csv,645521db6511ca049d89e64f810e65a3407a7b52,9327aca680713423c5820db76b22ed1fb471a3d2,77e54bed863de79be0d1ebb4937f015fe29a1b1cb5d58e0f216f3acd4b9bb542
task_original_C7_D6_prepared_state_energy,post_primary_descriptive,original,prepared state at initialization,prepared_state_energy_C7,0.3012223372690981,0.15998143461502476,-0.0089325142430831,0.6169229932178958,initialization cluster percentile 95%,,,6.0,one state per initialization/configuration/depth,statevector_exact,50.0,2000.0,scripts/run_task_metrics.py,results/task_metrics/prepared_state/configuration_depth_summary.csv,645521db6511ca049d89e64f810e65a3407a7b52,9327aca680713423c5820db76b22ed1fb471a3d2,77e54bed863de79be0d1ebb4937f015fe29a1b1cb5d58e0f216f3acd4b9bb542
task_original_C7_D6_prepared_state_fidelity,post_primary_descriptive,original,prepared state at initialization,prepared_state_fidelity_C7,0.044739556316205,0.01239773359379934,0.0225267975090651,0.070092519090196,initialization cluster percentile 95%,,,6.0,one state per initialization/configuration/depth,statevector_exact,50.0,2000.0,scripts/run_task_metrics.py,results/task_metrics/prepared_state/configuration_depth_summary.csv,645521db6511ca049d89e64f810e65a3407a7b52,9327aca680713423c5820db76b22ed1fb471a3d2,77e54bed863de79be0d1ebb4937f015fe29a1b1cb5d58e0f216f3acd4b9bb542
task_original_C7_D6_prepared_state_infidelity,post_primary_descriptive,original,prepared state at initialization,prepared_state_infidelity_C7,0.9552604436837951,0.01239773359379934,0.929907480909804,0.9774732024909352,initialization cluster percentile 95%,,,6.0,one state per initialization/configuration/depth,statevector_exact,50.0,2000.0,scripts/run_task_metrics.py,results/task_metrics/prepared_state/configuration_depth_summary.csv,645521db6511ca049d89e64f810e65a3407a7b52,9327aca680713423c5820db76b22ed1fb471a3d2,77e54bed863de79be0d1ebb4937f015fe29a1b1cb5d58e0f216f3acd4b9bb542
task_original_C8_D1_normalized_prepared_state_energy,post_primary_descriptive,original,prepared state at initialization,normalized_prepared_state_energy_C8,0.522026690220705,0.0251621713585035,0.4734122392715746,0.5682178531313361,initialization cluster percentile 95%,,,1.0,one state per initialization/configuration/depth,statevector_exact,50.0,2000.0,scripts/run_task_metrics.py,results/task_metrics/prepared_state/configuration_depth_summary.csv,645521db6511ca049d89e64f810e65a3407a7b52,9327aca680713423c5820db76b22ed1fb471a3d2,77e54bed863de79be0d1ebb4937f015fe29a1b1cb5d58e0f216f3acd4b9bb542
task_original_C8_D1_prepared_state_energy,post_primary_descriptive,original,prepared state at initialization,prepared_state_energy_C8,0.1509724365043476,0.172463237993076,-0.1822343247280909,0.467569816306425,initialization cluster percentile 95%,,,1.0,one state per initialization/configuration/depth,statevector_exact,50.0,2000.0,scripts/run_task_metrics.py,results/task_metrics/prepared_state/configuration_depth_summary.csv,645521db6511ca049d89e64f810e65a3407a7b52,9327aca680713423c5820db76b22ed1fb471a3d2,77e54bed863de79be0d1ebb4937f015fe29a1b1cb5d58e0f216f3acd4b9bb542
task_original_C8_D1_prepared_state_fidelity,post_primary_descriptive,original,prepared state at initialization,prepared_state_fidelity_C8,0.0337853686607316,0.00778613577457464,0.0208666133018616,0.0488515198733372,initialization cluster percentile 95%,,,1.0,one state per initialization/configuration/depth,statevector_exact,50.0,2000.0,scripts/run_task_metrics.py,results/task_metrics/prepared_state/configuration_depth_summary.csv,645521db6511ca049d89e64f810e65a3407a7b52,9327aca680713423c5820db76b22ed1fb471a3d2,77e54bed863de79be0d1ebb4937f015fe29a1b1cb5d58e0f216f3acd4b9bb542
task_original_C8_D1_prepared_state_infidelity,post_primary_descriptive,original,prepared state at initialization,prepared_state_infidelity_C8,0.9662146313392684,0.00778613577457464,0.9511484801266624,0.9791333866981388,initialization cluster percentile 95%,,,1.0,one state per initialization/configuration/depth,statevector_exact,50.0,2000.0,scripts/run_task_metrics.py,results/task_metrics/prepared_state/configuration_depth_summary.csv,645521db6511ca049d89e64f810e65a3407a7b52,9327aca680713423c5820db76b22ed1fb471a3d2,77e54bed863de79be0d1ebb4937f015fe29a1b1cb5d58e0f216f3acd4b9bb542
task_original_C8_D2_normalized_prepared_state_energy,post_primary_descriptive,original,prepared state at initialization,normalized_prepared_state_energy_C8,0.4663559467181039,0.022003570537001253,0.4218076525733772,0.5069639922808129,initialization cluster percentile 95%,,,2.0,one state per initialization/configuration/depth,statevector_exact,50.0,2000.0,scripts/run_task_metrics.py,results/task_metrics/prepared_state/configuration_depth_summary.csv,645521db6511ca049d89e64f810e65a3407a7b52,9327aca680713423c5820db76b22ed1fb471a3d2,77e54bed863de79be0d1ebb4937f015fe29a1b1cb5d58e0f216f3acd4b9bb542
task_original_C8_D2_prepared_state_energy,post_primary_descriptive,original,prepared state at initialization,prepared_state_energy_C8,-0.2305986349721952,0.15081397261599344,-0.5359356802455604,0.0477316778824757,initialization cluster percentile 95%,,,2.0,one state per initialization/configuration/depth,statevector_exact,50.0,2000.0,scripts/run_task_metrics.py,results/task_metrics/prepared_state/configuration_depth_summary.csv,645521db6511ca049d89e64f810e65a3407a7b52,9327aca680713423c5820db76b22ed1fb471a3d2,77e54bed863de79be0d1ebb4937f015fe29a1b1cb5d58e0f216f3acd4b9bb542
task_original_C8_D2_prepared_state_fidelity,post_primary_descriptive,original,prepared state at initialization,prepared_state_fidelity_C8,0.0788247970970145,0.016182480067146433,0.0497424279909965,0.1111175182916002,initialization cluster percentile 95%,,,2.0,one state per initialization/configuration/depth,statevector_exact,50.0,2000.0,scripts/run_task_metrics.py,results/task_metrics/prepared_state/configuration_depth_summary.csv,645521db6511ca049d89e64f810e65a3407a7b52,9327aca680713423c5820db76b22ed1fb471a3d2,77e54bed863de79be0d1ebb4937f015fe29a1b1cb5d58e0f216f3acd4b9bb542
task_original_C8_D2_prepared_state_infidelity,post_primary_descriptive,original,prepared state at initialization,prepared_state_infidelity_C8,0.9211752029029856,0.016182480067146433,0.8888824817083995,0.9502575720090036,initialization cluster percentile 95%,,,2.0,one state per initialization/configuration/depth,statevector_exact,50.0,2000.0,scripts/run_task_metrics.py,results/task_metrics/prepared_state/configuration_depth_summary.csv,645521db6511ca049d89e64f810e65a3407a7b52,9327aca680713423c5820db76b22ed1fb471a3d2,77e54bed863de79be0d1ebb4937f015fe29a1b1cb5d58e0f216f3acd4b9bb542
task_original_C8_D3_normalized_prepared_state_energy,post_primary_descriptive,original,prepared state at initialization,normalized_prepared_state_energy_C8,0.4750409200691556,0.02511903736617595,0.4253820837014509,0.5220374101228312,initialization cluster percentile 95%,,,3.0,one state per initialization/configuration/depth,statevector_exact,50.0,2000.0,scripts/run_task_metrics.py,results/task_metrics/prepared_state/configuration_depth_summary.csv,645521db6511ca049d89e64f810e65a3407a7b52,9327aca680713423c5820db76b22ed1fb471a3d2,77e54bed863de79be0d1ebb4937f015fe29a1b1cb5d58e0f216f3acd4b9bb542
task_original_C8_D3_prepared_state_energy,post_primary_descriptive,original,prepared state at initialization,prepared_state_energy_C8,-0.1710712355015709,0.17216759466888165,-0.5114362855968352,0.1510459114443807,initialization cluster percentile 95%,,,3.0,one state per initialization/configuration/depth,statevector_exact,50.0,2000.0,scripts/run_task_metrics.py,results/task_metrics/prepared_state/configuration_depth_summary.csv,645521db6511ca049d89e64f810e65a3407a7b52,9327aca680713423c5820db76b22ed1fb471a3d2,77e54bed863de79be0d1ebb4937f015fe29a1b1cb5d58e0f216f3acd4b9bb542
task_original_C8_D3_prepared_state_fidelity,post_primary_descriptive,original,prepared state at initialization,prepared_state_fidelity_C8,0.0700757715795243,0.014446589804646116,0.0441509178061851,0.0980291302371135,initialization cluster percentile 95%,,,3.0,one state per initialization/configuration/depth,statevector_exact,50.0,2000.0,scripts/run_task_metrics.py,results/task_metrics/prepared_state/configuration_depth_summary.csv,645521db6511ca049d89e64f810e65a3407a7b52,9327aca680713423c5820db76b22ed1fb471a3d2,77e54bed863de79be0d1ebb4937f015fe29a1b1cb5d58e0f216f3acd4b9bb542
task_original_C8_D3_prepared_state_infidelity,post_primary_descriptive,original,prepared state at initialization,prepared_state_infidelity_C8,0.9299242284204756,0.014446589804646116,0.9019708697628864,0.9558490821938154,initialization cluster percentile 95%,,,3.0,one state per initialization/configuration/depth,statevector_exact,50.0,2000.0,scripts/run_task_metrics.py,results/task_metrics/prepared_state/configuration_depth_summary.csv,645521db6511ca049d89e64f810e65a3407a7b52,9327aca680713423c5820db76b22ed1fb471a3d2,77e54bed863de79be0d1ebb4937f015fe29a1b1cb5d58e0f216f3acd4b9bb542
task_original_C8_D4_normalized_prepared_state_energy,post_primary_descriptive,original,prepared state at initialization,normalized_prepared_state_energy_C8,0.5529276297711349,0.019563621977359065,0.5151888716933563,0.5912274876448324,initialization cluster percentile 95%,,,4.0,one state per initialization/configuration/depth,statevector_exact,50.0,2000.0,scripts/run_task_metrics.py,results/task_metrics/prepared_state/configuration_depth_summary.csv,645521db6511ca049d89e64f810e65a3407a7b52,9327aca680713423c5820db76b22ed1fb471a3d2,77e54bed863de79be0d1ebb4937f015fe29a1b1cb5d58e0f216f3acd4b9bb542
task_original_C8_D4_prepared_state_energy,post_primary_descriptive,original,prepared state at initialization,prepared_state_energy_C8,0.3627695829415697,0.13409039883784166,0.1041055621303649,0.6252794200085626,initialization cluster percentile 95%,,,4.0,one state per initialization/configuration/depth,statevector_exact,50.0,2000.0,scripts/run_task_metrics.py,results/task_metrics/prepared_state/configuration_depth_summary.csv,645521db6511ca049d89e64f810e65a3407a7b52,9327aca680713423c5820db76b22ed1fb471a3d2,77e54bed863de79be0d1ebb4937f015fe29a1b1cb5d58e0f216f3acd4b9bb542
task_original_C8_D4_prepared_state_fidelity,post_primary_descriptive,original,prepared state at initialization,prepared_state_fidelity_C8,0.0517408808164286,0.011483364893176234,0.0305705590031616,0.0766117487748881,initialization cluster percentile 95%,,,4.0,one state per initialization/configuration/depth,statevector_exact,50.0,2000.0,scripts/run_task_metrics.py,results/task_metrics/prepared_state/configuration_depth_summary.csv,645521db6511ca049d89e64f810e65a3407a7b52,9327aca680713423c5820db76b22ed1fb471a3d2,77e54bed863de79be0d1ebb4937f015fe29a1b1cb5d58e0f216f3acd4b9bb542
task_original_C8_D4_prepared_state_infidelity,post_primary_descriptive,original,prepared state at initialization,prepared_state_infidelity_C8,0.9482591191835712,0.011483364893176234,0.9233882512251118,0.9694294409968384,initialization cluster percentile 95%,,,4.0,one state per initialization/configuration/depth,statevector_exact,50.0,2000.0,scripts/run_task_metrics.py,results/task_metrics/prepared_state/configuration_depth_summary.csv,645521db6511ca049d89e64f810e65a3407a7b52,9327aca680713423c5820db76b22ed1fb471a3d2,77e54bed863de79be0d1ebb4937f015fe29a1b1cb5d58e0f216f3acd4b9bb542
task_original_C8_D6_normalized_prepared_state_energy,post_primary_descriptive,original,prepared state at initialization,normalized_prepared_state_energy_C8,0.4894283535174413,0.022526900594918253,0.4469531977142654,0.5318406008618124,initialization cluster percentile 95%,,,6.0,one state per initialization/configuration/depth,statevector_exact,50.0,2000.0,scripts/run_task_metrics.py,results/task_metrics/prepared_state/configuration_depth_summary.csv,645521db6511ca049d89e64f810e65a3407a7b52,9327aca680713423c5820db76b22ed1fb471a3d2,77e54bed863de79be0d1ebb4937f015fe29a1b1cb5d58e0f216f3acd4b9bb542
task_original_C8_D6_prepared_state_energy,post_primary_descriptive,original,prepared state at initialization,prepared_state_energy_C8,-0.0724587857432277,0.1544009125124571,-0.3635863994815588,0.2182376491294936,initialization cluster percentile 95%,,,6.0,one state per initialization/configuration/depth,statevector_exact,50.0,2000.0,scripts/run_task_metrics.py,results/task_metrics/prepared_state/configuration_depth_summary.csv,645521db6511ca049d89e64f810e65a3407a7b52,9327aca680713423c5820db76b22ed1fb471a3d2,77e54bed863de79be0d1ebb4937f015fe29a1b1cb5d58e0f216f3acd4b9bb542
task_original_C8_D6_prepared_state_fidelity,post_primary_descriptive,original,prepared state at initialization,prepared_state_fidelity_C8,0.0524220697554013,0.012854671571407279,0.0302028357048955,0.079426991447713,initialization cluster percentile 95%,,,6.0,one state per initialization/configuration/depth,statevector_exact,50.0,2000.0,scripts/run_task_metrics.py,results/task_metrics/prepared_state/configuration_depth_summary.csv,645521db6511ca049d89e64f810e65a3407a7b52,9327aca680713423c5820db76b22ed1fb471a3d2,77e54bed863de79be0d1ebb4937f015fe29a1b1cb5d58e0f216f3acd4b9bb542
task_original_C8_D6_prepared_state_infidelity,post_primary_descriptive,original,prepared state at initialization,prepared_state_infidelity_C8,0.9475779302445988,0.012854671571407279,0.9205730085522869,0.9697971642951048,initialization cluster percentile 95%,,,6.0,one state per initialization/configuration/depth,statevector_exact,50.0,2000.0,scripts/run_task_metrics.py,results/task_metrics/prepared_state/configuration_depth_summary.csv,645521db6511ca049d89e64f810e65a3407a7b52,9327aca680713423c5820db76b22ed1fb471a3d2,77e54bed863de79be0d1ebb4937f015fe29a1b1cb5d58e0f216f3acd4b9bb542
