dataset,initialization_id,configuration_id,E,L,R,depth,theta_seed,classical_seed,prepared_state_energy,normalized_prepared_state_energy,prepared_state_fidelity,prepared_state_infidelity
original,0,1,0,0,0,1,1277745138,1447794524,1.815080113739849,0.7648179251578687,0.00031179984790459997,0.9996882001520954
original,0,2,1,0,0,1,1277745138,1447794524,0.35306265317227836,0.551511400822507,3.6828939694420516e-05,0.9999631710603056
original,0,3,0,1,0,1,1277745138,1447794524,1.815080113739849,0.7648179251578687,0.00031179984790459997,0.9996882001520954
original,0,4,0,0,1,1,1277745138,1447794524,1.815080113739849,0.7648179251578687,0.00031179984790459997,0.9996882001520954
original,0,5,1,1,0,1,1277745138,1447794524,0.35306265317227836,0.551511400822507,3.6828939694420516e-05,0.9999631710603056
original,0,6,1,0,1,1,1277745138,1447794524,0.35306265317227836,0.551511400822507,3.6828939694420516e-05,0.9999631710603056
original,0,7,0,1,1,1,1277745138,1447794524,1.815080113739849,0.7648179251578687,0.00031179984790459997,0.9996882001520954
original,0,8,1,1,1,1,1277745138,1447794524,0.35306265317227836,0.551511400822507,3.6828939694420516e-05,0.9999631710603056
original,1,1,0,0,0,1,535279412,2095727327,0.7232842462128035,0.605526269574292,0.00020187320422600184,0.999798126795774
original,1,2,1,0,0,1,535279412,2095727327,-0.2710991829510849,0.4604469672728785,0.021054002907148706,0.9789459970928513
original,1,3,0,1,0,1,535279412,2095727327,0.7232842462128035,0.605526269574292,0.00020187320422600184,0.999798126795774
original,1,4,0,0,1,1,535279412,2095727327,0.7232842462128035,0.605526269574292,0.00020187320422600184,0.999798126795774
original,1,5,1,1,0,1,535279412,2095727327,-0.2710991829510849,0.4604469672728785,0.021054002907148706,0.9789459970928513
original,1,6,1,0,1,1,535279412,2095727327,-0.2710991829510849,0.4604469672728785,0.021054002907148706,0.9789459970928513
original,1,7,0,1,1,1,535279412,2095727327,0.7232842462128035,0.605526269574292,0.00020187320422600184,0.999798126795774
original,1,8,1,1,1,1,535279412,2095727327,-0.2710991829510849,0.4604469672728785,0.021054002907148706,0.9789459970928513
original,2,1,0,0,0,1,468318,716500279,1.054488011774755,0.653848485952869,0.0017491006275955532,0.9982508993724044
original,2,2,1,0,0,1,468318,716500279,1.5713886482210637,0.7292636442262149,0.018822644924076017,0.981177355075924
original,2,3,0,1,0,1,468318,716500279,1.054488011774755,0.653848485952869,0.0017491006275955532,0.9982508993724044
original,2,4,0,0,1,1,468318,716500279,1.054488011774755,0.653848485952869,0.0017491006275955532,0.9982508993724044
original,2,5,1,1,0,1,468318,716500279,1.5713886482210637,0.7292636442262149,0.018822644924076017,0.981177355075924
original,2,6,1,0,1,1,468318,716500279,1.5713886482210637,0.7292636442262149,0.018822644924076017,0.981177355075924
original,2,7,0,1,1,1,468318,716500279,1.054488011774755,0.653848485952869,0.0017491006275955532,0.9982508993724044
original,2,8,1,1,1,1,468318,716500279,1.5713886482210637,0.7292636442262149,0.018822644924076017,0.981177355075924
original,3,1,0,0,0,1,1805529545,1664979092,-1.3632226610815115,0.3011075137108045,0.2200671950182141,0.779932804981786
original,3,2,1,0,0,1,1805529545,1664979092,-0.2854226059066731,0.45835719772521816,0.005186803179103828,0.9948131968208962
original,3,3,0,1,0,1,1805529545,1664979092,-1.3632226610815115,0.3011075137108045,0.2200671950182141,0.779932804981786
original,3,4,0,0,1,1,1805529545,1664979092,-1.3632226610815115,0.3011075137108045,0.2200671950182141,0.779932804981786
original,3,5,1,1,0,1,1805529545,1664979092,-0.2854226059066731,0.45835719772521816,0.005186803179103828,0.9948131968208962
original,3,6,1,0,1,1,1805529545,1664979092,-0.2854226059066731,0.45835719772521816,0.005186803179103828,0.9948131968208962
original,3,7,0,1,1,1,1805529545,1664979092,-1.3632226610815115,0.3011075137108045,0.2200671950182141,0.779932804981786
original,3,8,1,1,1,1,1805529545,1664979092,-0.2854226059066731,0.45835719772521816,0.005186803179103828,0.9948131968208962
original,4,1,0,0,0,1,1679590458,392398200,-0.01816417354916905,0.4973498697302197,0.00028235166785219056,0.9997176483321478
original,4,2,1,0,0,1,1679590458,392398200,1.5400891563707166,0.7246970873962651,0.0006501690680056943,0.9993498309319943
original,4,3,0,1,0,1,1679590458,392398200,-0.01816417354916905,0.4973498697302197,0.00028235166785219056,0.9997176483321478
original,4,4,0,0,1,1,1679590458,392398200,-0.01816417354916905,0.4973498697302197,0.00028235166785219056,0.9997176483321478
original,4,5,1,1,0,1,1679590458,392398200,1.5400891563707166,0.7246970873962651,0.0006501690680056943,0.9993498309319943
original,4,6,1,0,1,1,1679590458,392398200,1.5400891563707166,0.7246970873962651,0.0006501690680056943,0.9993498309319943
original,4,7,0,1,1,1,1679590458,392398200,-0.01816417354916905,0.4973498697302197,0.00028235166785219056,0.9997176483321478
original,4,8,1,1,1,1,1679590458,392398200,1.5400891563707166,0.7246970873962651,0.0006501690680056943,0.9993498309319943
original,5,1,0,0,0,1,1227367984,844692289,0.3949213685881665,0.557618535203132,0.0003181939804236708,0.9996818060195763
original,5,2,1,0,0,1,1227367984,844692289,-0.25935557979871976,0.4621603443283292,0.016791171985747803,0.9832088280142522
original,5,3,0,1,0,1,1227367984,844692289,0.3949213685881665,0.557618535203132,0.0003181939804236708,0.9996818060195763
original,5,4,0,0,1,1,1227367984,844692289,0.3949213685881665,0.557618535203132,0.0003181939804236708,0.9996818060195763
original,5,5,1,1,0,1,1227367984,844692289,-0.25935557979871976,0.4621603443283292,0.016791171985747803,0.9832088280142522
original,5,6,1,0,1,1,1227367984,844692289,-0.25935557979871976,0.4621603443283292,0.016791171985747803,0.9832088280142522
original,5,7,0,1,1,1,1227367984,844692289,0.3949213685881665,0.557618535203132,0.0003181939804236708,0.9996818060195763
original,5,8,1,1,1,1,1227367984,844692289,-0.25935557979871976,0.4621603443283292,0.016791171985747803,0.9832088280142522
original,6,1,0,0,0,1,1514074801,896696577,-0.9157928506363535,0.3663869651019224,0.07180446720583387,0.9281955327941661
original,6,2,1,0,0,1,1514074801,896696577,-1.3099287911845163,0.3088830228703845,0.008394830944282344,0.9916051690557176
original,6,3,0,1,0,1,1514074801,896696577,-0.9157928506363535,0.3663869651019224,0.07180446720583387,0.9281955327941661
original,6,4,0,0,1,1,1514074801,896696577,-0.9157928506363535,0.3663869651019224,0.07180446720583387,0.9281955327941661
original,6,5,1,1,0,1,1514074801,896696577,-1.3099287911845163,0.3088830228703845,0.008394830944282344,0.9916051690557176
original,6,6,1,0,1,1,1514074801,896696577,-1.3099287911845163,0.3088830228703845,0.008394830944282344,0.9916051690557176
original,6,7,0,1,1,1,1514074801,896696577,-0.9157928506363535,0.3663869651019224,0.07180446720583387,0.9281955327941661
original,6,8,1,1,1,1,1514074801,896696577,-1.3099287911845163,0.3088830228703845,0.008394830944282344,0.9916051690557176
original,7,1,0,0,0,1,1828094111,696511800,-0.7635051319631714,0.3886055533508803,0.0006443799988278358,0.9993556200011722
original,7,2,1,0,0,1,1828094111,696511800,1.6760539501139742,0.744534181252921,0.0004193931315629071,0.9995806068684371
original,7,3,0,1,0,1,1828094111,696511800,-0.7635051319631714,0.3886055533508803,0.0006443799988278358,0.9993556200011722
original,7,4,0,0,1,1,1828094111,696511800,-0.7635051319631714,0.3886055533508803,0.0006443799988278358,0.9993556200011722
original,7,5,1,1,0,1,1828094111,696511800,1.6760539501139742,0.744534181252921,0.0004193931315629071,0.9995806068684371
original,7,6,1,0,1,1,1828094111,696511800,1.6760539501139742,0.744534181252921,0.0004193931315629071,0.9995806068684371
original,7,7,0,1,1,1,1828094111,696511800,-0.7635051319631714,0.3886055533508803,0.0006443799988278358,0.9993556200011722
original,7,8,1,1,1,1,1828094111,696511800,1.6760539501139742,0.744534181252921,0.0004193931315629071,0.9995806068684371
original,8,1,0,0,0,1,2002281854,298055736,1.6102446881694088,0.7349326920005141,0.0005106273128992171,0.9994893726871008
original,8,2,1,0,0,1,2002281854,298055736,-1.073761956651087,0.343339469524622,0.009722361422731774,0.9902776385772682
original,8,3,0,1,0,1,2002281854,298055736,1.6102446881694088,0.7349326920005141,0.0005106273128992171,0.9994893726871008
original,8,4,0,0,1,1,2002281854,298055736,1.6102446881694088,0.7349326920005141,0.0005106273128992171,0.9994893726871008
original,8,5,1,1,0,1,2002281854,298055736,-1.073761956651087,0.343339469524622,0.009722361422731774,0.9902776385772682
original,8,6,1,0,1,1,2002281854,298055736,-1.073761956651087,0.343339469524622,0.009722361422731774,0.9902776385772682
original,8,7,0,1,1,1,2002281854,298055736,1.6102446881694088,0.7349326920005141,0.0005106273128992171,0.9994893726871008
original,8,8,1,1,1,1,2002281854,298055736,-1.073761956651087,0.343339469524622,0.009722361422731774,0.9902776385772682
original,9,1,0,0,0,1,1840098205,806757577,0.651202973012103,0.5950097017009233,0.01415399695639997,0.9858460030436
original,9,2,1,0,0,1,1840098205,806757577,0.8057007159472787,0.6175507297337669,0.014125798047257884,0.9858742019527421
original,9,3,0,1,0,1,1840098205,806757577,0.651202973012103,0.5950097017009233,0.01415399695639997,0.9858460030436
original,9,4,0,0,1,1,1840098205,806757577,0.651202973012103,0.5950097017009233,0.01415399695639997,0.9858460030436
original,9,5,1,1,0,1,1840098205,806757577,0.8057007159472787,0.6175507297337669,0.014125798047257884,0.9858742019527421
original,9,6,1,0,1,1,1840098205,806757577,0.8057007159472787,0.6175507297337669,0.014125798047257884,0.9858742019527421
original,9,7,0,1,1,1,1840098205,806757577,0.651202973012103,0.5950097017009233,0.01415399695639997,0.9858460030436
original,9,8,1,1,1,1,1840098205,806757577,0.8057007159472787,0.6175507297337669,0.014125798047257884,0.9858742019527421
original,10,1,0,0,0,1,1247562647,93085113,-0.46325521980223294,0.43241164111824826,0.04971337831448504,0.9502866216855149
original,10,2,1,0,0,1,1247562647,93085113,0.5467772419775626,0.5797741177637041,0.018673457979111064,0.981326542020889
original,10,3,0,1,0,1,1247562647,93085113,-0.46325521980223294,0.43241164111824826,0.04971337831448504,0.9502866216855149
original,10,4,0,0,1,1,1247562647,93085113,-0.46325521980223294,0.43241164111824826,0.04971337831448504,0.9502866216855149
original,10,5,1,1,0,1,1247562647,93085113,0.5467772419775626,0.5797741177637041,0.018673457979111064,0.981326542020889
original,10,6,1,0,1,1,1247562647,93085113,0.5467772419775626,0.5797741177637041,0.018673457979111064,0.981326542020889
original,10,7,0,1,1,1,1247562647,93085113,-0.46325521980223294,0.43241164111824826,0.04971337831448504,0.9502866216855149
original,10,8,1,1,1,1,1247562647,93085113,0.5467772419775626,0.5797741177637041,0.018673457979111064,0.981326542020889
original,11,1,0,0,0,1,1943375643,505498002,0.6264460928964753,0.5913977037643173,0.002793117783946874,0.9972068822160531
original,11,2,1,0,0,1,1943375643,505498002,0.25138428176123995,0.5366766532283512,0.0037962047633344617,0.9962037952366656
original,11,3,0,1,0,1,1943375643,505498002,0.6264460928964753,0.5913977037643173,0.002793117783946874,0.9972068822160531
original,11,4,0,0,1,1,1943375643,505498002,0.6264460928964753,0.5913977037643173,0.002793117783946874,0.9972068822160531
original,11,5,1,1,0,1,1943375643,505498002,0.25138428176123995,0.5366766532283512,0.0037962047633344617,0.9962037952366656
original,11,6,1,0,1,1,1943375643,505498002,0.25138428176123995,0.5366766532283512,0.0037962047633344617,0.9962037952366656
original,11,7,0,1,1,1,1943375643,505498002,0.6264460928964753,0.5913977037643173,0.002793117783946874,0.9972068822160531
original,11,8,1,1,1,1,1943375643,505498002,0.25138428176123995,0.5366766532283512,0.0037962047633344617,0.9962037952366656
original,12,1,0,0,0,1,1896752918,1942173074,-0.24670690354593128,0.4640057704204897,0.001934639489887883,0.9980653605101121
original,12,2,1,0,0,1,1896752918,1942173074,0.31231092914972114,0.5455657751057315,0.019418287012919016,0.980581712987081
original,12,3,0,1,0,1,1896752918,1942173074,-0.24670690354593128,0.4640057704204897,0.001934639489887883,0.9980653605101121
original,12,4,0,0,1,1,1896752918,1942173074,-0.24670690354593128,0.4640057704204897,0.001934639489887883,0.9980653605101121
original,12,5,1,1,0,1,1896752918,1942173074,0.31231092914972114,0.5455657751057315,0.019418287012919016,0.980581712987081
original,12,6,1,0,1,1,1896752918,1942173074,0.31231092914972114,0.5455657751057315,0.019418287012919016,0.980581712987081
original,12,7,0,1,1,1,1896752918,1942173074,-0.24670690354593128,0.4640057704204897,0.001934639489887883,0.9980653605101121
original,12,8,1,1,1,1,1896752918,1942173074,0.31231092914972114,0.5455657751057315,0.019418287012919016,0.980581712987081
original,13,1,0,0,0,1,1984133607,1735165916,2.2880932759055472,0.8338299556621247,0.0012325624619942393,0.9987674375380058
original,13,2,1,0,0,1,1984133607,1735165916,2.3753118300602645,0.8465550339502294,0.0014165121875346844,0.9985834878124653
original,13,3,0,1,0,1,1984133607,1735165916,2.2880932759055472,0.8338299556621247,0.0012325624619942393,0.9987674375380058
original,13,4,0,0,1,1,1984133607,1735165916,2.2880932759055472,0.8338299556621247,0.0012325624619942393,0.9987674375380058
original,13,5,1,1,0,1,1984133607,1735165916,2.3753118300602645,0.8465550339502294,0.0014165121875346844,0.9985834878124653
original,13,6,1,0,1,1,1984133607,1735165916,2.3753118300602645,0.8465550339502294,0.0014165121875346844,0.9985834878124653
original,13,7,0,1,1,1,1984133607,1735165916,2.2880932759055472,0.8338299556621247,0.0012325624619942393,0.9987674375380058
original,13,8,1,1,1,1,1984133607,1735165916,2.3753118300602645,0.8465550339502294,0.0014165121875346844,0.9985834878124653
original,14,1,0,0,0,1,270337252,1672760471,0.113990869731033,0.5166311257451416,3.086596303538718e-07,0.9999996913403697
original,14,2,1,0,0,1,270337252,1672760471,1.9833606165038347,0.7893698406623924,0.0005486529311858983,0.9994513470688141
original,14,3,0,1,0,1,270337252,1672760471,0.113990869731033,0.5166311257451416,3.086596303538718e-07,0.9999996913403697
original,14,4,0,0,1,1,270337252,1672760471,0.113990869731033,0.5166311257451416,3.086596303538718e-07,0.9999996913403697
original,14,5,1,1,0,1,270337252,1672760471,1.9833606165038347,0.7893698406623924,0.0005486529311858983,0.9994513470688141
original,14,6,1,0,1,1,270337252,1672760471,1.9833606165038347,0.7893698406623924,0.0005486529311858983,0.9994513470688141
original,14,7,0,1,1,1,270337252,1672760471,0.113990869731033,0.5166311257451416,3.086596303538718e-07,0.9999996913403697
original,14,8,1,1,1,1,270337252,1672760471,1.9833606165038347,0.7893698406623924,0.0005486529311858983,0.9994513470688141
original,15,1,0,0,0,1,1989262581,728060081,-1.0076882171217234,0.3529795457268427,0.031798564207405906,0.9682014357925941
original,15,2,1,0,0,1,1989262581,728060081,-1.1261839512248664,0.3356911658874554,0.0664767501465638,0.9335232498534362
original,15,3,0,1,0,1,1989262581,728060081,-1.0076882171217234,0.3529795457268427,0.031798564207405906,0.9682014357925941
original,15,4,0,0,1,1,1989262581,728060081,-1.0076882171217234,0.3529795457268427,0.031798564207405906,0.9682014357925941
original,15,5,1,1,0,1,1989262581,728060081,-1.1261839512248664,0.3356911658874554,0.0664767501465638,0.9335232498534362
original,15,6,1,0,1,1,1989262581,728060081,-1.1261839512248664,0.3356911658874554,0.0664767501465638,0.9335232498534362
original,15,7,0,1,1,1,1989262581,728060081,-1.0076882171217234,0.3529795457268427,0.031798564207405906,0.9682014357925941
original,15,8,1,1,1,1,1989262581,728060081,-1.1261839512248664,0.3356911658874554,0.0664767501465638,0.9335232498534362
original,16,1,0,0,0,1,104462815,1473112178,1.3984480649241606,0.704031828783141,0.004698283168787568,0.9953017168312124
original,16,2,1,0,0,1,104462815,1473112178,0.9565055458059146,0.6395529663538709,0.01242084017332664,0.9875791598266733
original,16,3,0,1,0,1,104462815,1473112178,1.3984480649241606,0.704031828783141,0.004698283168787568,0.9953017168312124
original,16,4,0,0,1,1,104462815,1473112178,1.3984480649241606,0.704031828783141,0.004698283168787568,0.9953017168312124
original,16,5,1,1,0,1,104462815,1473112178,0.9565055458059146,0.6395529663538709,0.01242084017332664,0.9875791598266733
original,16,6,1,0,1,1,104462815,1473112178,0.9565055458059146,0.6395529663538709,0.01242084017332664,0.9875791598266733
original,16,7,0,1,1,1,104462815,1473112178,1.3984480649241606,0.704031828783141,0.004698283168787568,0.9953017168312124
original,16,8,1,1,1,1,104462815,1473112178,0.9565055458059146,0.6395529663538709,0.01242084017332664,0.9875791598266733
original,17,1,0,0,0,1,507129262,2059073414,0.05398228170595501,0.5078759475840456,0.0015008263024570612,0.9984991736975429
original,17,2,1,0,0,1,507129262,2059073414,0.23845701404156452,0.5347905809885805,0.0011643337101940752,0.9988356662898059
original,17,3,0,1,0,1,507129262,2059073414,0.05398228170595501,0.5078759475840456,0.0015008263024570612,0.9984991736975429
original,17,4,0,0,1,1,507129262,2059073414,0.05398228170595501,0.5078759475840456,0.0015008263024570612,0.9984991736975429
original,17,5,1,1,0,1,507129262,2059073414,0.23845701404156452,0.5347905809885805,0.0011643337101940752,0.9988356662898059
original,17,6,1,0,1,1,507129262,2059073414,0.23845701404156452,0.5347905809885805,0.0011643337101940752,0.9988356662898059
original,17,7,0,1,1,1,507129262,2059073414,0.05398228170595501,0.5078759475840456,0.0015008263024570612,0.9984991736975429
original,17,8,1,1,1,1,507129262,2059073414,0.23845701404156452,0.5347905809885805,0.0011643337101940752,0.9988356662898059
original,18,1,0,0,0,1,78864273,2079413218,-1.8321504503740924,0.23269153401420473,0.18389223031006777,0.8161077696899323
original,18,2,1,0,0,1,78864273,2079413218,-1.419094789018209,0.292955839918365,0.006497269311918228,0.9935027306880818
original,18,3,0,1,0,1,78864273,2079413218,-1.8321504503740924,0.23269153401420473,0.18389223031006777,0.8161077696899323
original,18,4,0,0,1,1,78864273,2079413218,-1.8321504503740924,0.23269153401420473,0.18389223031006777,0.8161077696899323
original,18,5,1,1,0,1,78864273,2079413218,-1.419094789018209,0.292955839918365,0.006497269311918228,0.9935027306880818
original,18,6,1,0,1,1,78864273,2079413218,-1.419094789018209,0.292955839918365,0.006497269311918228,0.9935027306880818
original,18,7,0,1,1,1,78864273,2079413218,-1.8321504503740924,0.23269153401420473,0.18389223031006777,0.8161077696899323
original,18,8,1,1,1,1,78864273,2079413218,-1.419094789018209,0.292955839918365,0.006497269311918228,0.9935027306880818
original,19,1,0,0,0,1,1198838881,475032656,0.7986598199600934,0.6165234717893575,0.0008372913520331704,0.9991627086479669
original,19,2,1,0,0,1,1198838881,475032656,0.38764704132209127,0.5565572199262254,0.003365525375531545,0.9966344746244684
original,19,3,0,1,0,1,1198838881,475032656,0.7986598199600934,0.6165234717893575,0.0008372913520331704,0.9991627086479669
original,19,4,0,0,1,1,1198838881,475032656,0.7986598199600934,0.6165234717893575,0.0008372913520331704,0.9991627086479669
original,19,5,1,1,0,1,1198838881,475032656,0.38764704132209127,0.5565572199262254,0.003365525375531545,0.9966344746244684
original,19,6,1,0,1,1,1198838881,475032656,0.38764704132209127,0.5565572199262254,0.003365525375531545,0.9966344746244684
original,19,7,0,1,1,1,1198838881,475032656,0.7986598199600934,0.6165234717893575,0.0008372913520331704,0.9991627086479669
original,19,8,1,1,1,1,1198838881,475032656,0.38764704132209127,0.5565572199262254,0.003365525375531545,0.9966344746244684
original,20,1,0,0,0,1,1567152695,1488848654,0.2504411319312089,0.5365390488442741,0.08499562186255777,0.9150043781374422
original,20,2,1,0,0,1,1567152695,1488848654,-1.905056019981222,0.22205470232305005,0.12450467976006006,0.8754953202399399
original,20,3,0,1,0,1,1567152695,1488848654,0.2504411319312089,0.5365390488442741,0.08499562186255777,0.9150043781374422
original,20,4,0,0,1,1,1567152695,1488848654,0.2504411319312089,0.5365390488442741,0.08499562186255777,0.9150043781374422
original,20,5,1,1,0,1,1567152695,1488848654,-1.905056019981222,0.22205470232305005,0.12450467976006006,0.8754953202399399
original,20,6,1,0,1,1,1567152695,1488848654,-1.905056019981222,0.22205470232305005,0.12450467976006006,0.8754953202399399
original,20,7,0,1,1,1,1567152695,1488848654,0.2504411319312089,0.5365390488442741,0.08499562186255777,0.9150043781374422
original,20,8,1,1,1,1,1567152695,1488848654,-1.905056019981222,0.22205470232305005,0.12450467976006006,0.8754953202399399
original,21,1,0,0,0,1,1126301547,515191515,-1.6445259469624158,0.26006571509091786,0.22519328719224754,0.7748067128077525
original,21,2,1,0,0,1,1126301547,515191515,-1.2087132711725466,0.32365024102260004,0.04250167918651053,0.9574983208134895
original,21,3,0,1,0,1,1126301547,515191515,-1.6445259469624158,0.26006571509091786,0.22519328719224754,0.7748067128077525
original,21,4,0,0,1,1,1126301547,515191515,-1.6445259469624158,0.26006571509091786,0.22519328719224754,0.7748067128077525
original,21,5,1,1,0,1,1126301547,515191515,-1.2087132711725466,0.32365024102260004,0.04250167918651053,0.9574983208134895
original,21,6,1,0,1,1,1126301547,515191515,-1.2087132711725466,0.32365024102260004,0.04250167918651053,0.9574983208134895
original,21,7,0,1,1,1,1126301547,515191515,-1.6445259469624158,0.26006571509091786,0.22519328719224754,0.7748067128077525
original,21,8,1,1,1,1,1126301547,515191515,-1.2087132711725466,0.32365024102260004,0.04250167918651053,0.9574983208134895
original,22,1,0,0,0,1,1016125456,272868401,-0.32952276282371296,0.4519230398246921,0.04087521825847128,0.9591247817415287
original,22,2,1,0,0,1,1016125456,272868401,-0.4751347145235409,0.430678437652348,0.007226922464529534,0.9927730775354705
original,22,3,0,1,0,1,1016125456,272868401,-0.32952276282371296,0.4519230398246921,0.04087521825847128,0.9591247817415287
original,22,4,0,0,1,1,1016125456,272868401,-0.32952276282371296,0.4519230398246921,0.04087521825847128,0.9591247817415287
original,22,5,1,1,0,1,1016125456,272868401,-0.4751347145235409,0.430678437652348,0.007226922464529534,0.9927730775354705
original,22,6,1,0,1,1,1016125456,272868401,-0.4751347145235409,0.430678437652348,0.007226922464529534,0.9927730775354705
original,22,7,0,1,1,1,1016125456,272868401,-0.32952276282371296,0.4519230398246921,0.04087521825847128,0.9591247817415287
original,22,8,1,1,1,1,1016125456,272868401,-0.4751347145235409,0.430678437652348,0.007226922464529534,0.9927730775354705
original,23,1,0,0,0,1,668141089,1247090856,0.23604977283186823,0.5344393674979578,0.07499514584550776,0.9250048541544922
original,23,2,1,0,0,1,668141089,1247090856,0.6945848711235443,0.6013390665373938,0.10631061625623482,0.8936893837437652
original,23,3,0,1,0,1,668141089,1247090856,0.23604977283186823,0.5344393674979578,0.07499514584550776,0.9250048541544922
original,23,4,0,0,1,1,668141089,1247090856,0.23604977283186823,0.5344393674979578,0.07499514584550776,0.9250048541544922
original,23,5,1,1,0,1,668141089,1247090856,0.6945848711235443,0.6013390665373938,0.10631061625623482,0.8936893837437652
original,23,6,1,0,1,1,668141089,1247090856,0.6945848711235443,0.6013390665373938,0.10631061625623482,0.8936893837437652
original,23,7,0,1,1,1,668141089,1247090856,0.23604977283186823,0.5344393674979578,0.07499514584550776,0.9250048541544922
original,23,8,1,1,1,1,668141089,1247090856,0.6945848711235443,0.6013390665373938,0.10631061625623482,0.8936893837437652
original,24,1,0,0,0,1,1280835514,1900626918,0.26790936221585376,0.5390876418596139,0.043205070982182875,0.9567949290178172
original,24,2,1,0,0,1,1280835514,1900626918,-2.6988904265133287,0.10623525233546063,0.16322530866835422,0.8367746913316458
original,24,3,0,1,0,1,1280835514,1900626918,0.26790936221585376,0.5390876418596139,0.043205070982182875,0.9567949290178172
original,24,4,0,0,1,1,1280835514,1900626918,0.26790936221585376,0.5390876418596139,0.043205070982182875,0.9567949290178172
original,24,5,1,1,0,1,1280835514,1900626918,-2.6988904265133287,0.10623525233546063,0.16322530866835422,0.8367746913316458
original,24,6,1,0,1,1,1280835514,1900626918,-2.6988904265133287,0.10623525233546063,0.16322530866835422,0.8367746913316458
original,24,7,0,1,1,1,1280835514,1900626918,0.26790936221585376,0.5390876418596139,0.043205070982182875,0.9567949290178172
original,24,8,1,1,1,1,1280835514,1900626918,-2.6988904265133287,0.10623525233546063,0.16322530866835422,0.8367746913316458
original,25,1,0,0,0,1,1129680490,968394378,-0.0683941724189142,0.4900213755328145,0.008923092287892146,0.9910769077121079
original,25,2,1,0,0,1,1129680490,968394378,0.9867339085252371,0.6439632467793209,0.012222553676565185,0.9877774463234348
original,25,3,0,1,0,1,1129680490,968394378,-0.0683941724189142,0.4900213755328145,0.008923092287892146,0.9910769077121079
original,25,4,0,0,1,1,1129680490,968394378,-0.0683941724189142,0.4900213755328145,0.008923092287892146,0.9910769077121079
original,25,5,1,1,0,1,1129680490,968394378,0.9867339085252371,0.6439632467793209,0.012222553676565185,0.9877774463234348
original,25,6,1,0,1,1,1129680490,968394378,0.9867339085252371,0.6439632467793209,0.012222553676565185,0.9877774463234348
original,25,7,0,1,1,1,1129680490,968394378,-0.0683941724189142,0.4900213755328145,0.008923092287892146,0.9910769077121079
original,25,8,1,1,1,1,1129680490,968394378,0.9867339085252371,0.6439632467793209,0.012222553676565185,0.9877774463234348
original,26,1,0,0,0,1,238252551,260050908,0.43758800423540606,0.5638435441380204,0.06969427603244507,0.930305723967555
original,26,2,1,0,0,1,238252551,260050908,-0.488036572907263,0.4287960726030069,0.042022972223521526,0.9579770277764785
original,26,3,0,1,0,1,238252551,260050908,0.43758800423540606,0.5638435441380204,0.06969427603244507,0.930305723967555
original,26,4,0,0,1,1,238252551,260050908,0.43758800423540606,0.5638435441380204,0.06969427603244507,0.930305723967555
original,26,5,1,1,0,1,238252551,260050908,-0.488036572907263,0.4287960726030069,0.042022972223521526,0.9579770277764785
original,26,6,1,0,1,1,238252551,260050908,-0.488036572907263,0.4287960726030069,0.042022972223521526,0.9579770277764785
original,26,7,0,1,1,1,238252551,260050908,0.43758800423540606,0.5638435441380204,0.06969427603244507,0.930305723967555
original,26,8,1,1,1,1,238252551,260050908,-0.488036572907263,0.4287960726030069,0.042022972223521526,0.9579770277764785
original,27,1,0,0,0,1,1730222219,959981,-0.7694567510974601,0.38773721954096113,0.001961617263100976,0.998038382736899
original,27,2,1,0,0,1,1730222219,959981,1.0241525148748598,0.6494225747840716,0.01308442182172099,0.986915578178279
original,27,3,0,1,0,1,1730222219,959981,-0.7694567510974601,0.38773721954096113,0.001961617263100976,0.998038382736899
original,27,4,0,0,1,1,1730222219,959981,-0.7694567510974601,0.38773721954096113,0.001961617263100976,0.998038382736899
original,27,5,1,1,0,1,1730222219,959981,1.0241525148748598,0.6494225747840716,0.01308442182172099,0.986915578178279
original,27,6,1,0,1,1,1730222219,959981,1.0241525148748598,0.6494225747840716,0.01308442182172099,0.986915578178279
original,27,7,0,1,1,1,1730222219,959981,-0.7694567510974601,0.38773721954096113,0.001961617263100976,0.998038382736899
original,27,8,1,1,1,1,1730222219,959981,1.0241525148748598,0.6494225747840716,0.01308442182172099,0.986915578178279
original,28,1,0,0,0,1,841118239,856529745,0.9107758469338156,0.6328810603141691,2.0931016327378948e-06,0.9999979068983673
original,28,2,1,0,0,1,841118239,856529745,0.2316235989392274,0.533793594246538,0.00015363094511832516,0.9998463690548817
original,28,3,0,1,0,1,841118239,856529745,0.9107758469338156,0.6328810603141691,2.0931016327378948e-06,0.9999979068983673
original,28,4,0,0,1,1,841118239,856529745,0.9107758469338156,0.6328810603141691,2.0931016327378948e-06,0.9999979068983673
original,28,5,1,1,0,1,841118239,856529745,0.2316235989392274,0.533793594246538,0.00015363094511832516,0.9998463690548817
original,28,6,1,0,1,1,841118239,856529745,0.2316235989392274,0.533793594246538,0.00015363094511832516,0.9998463690548817
original,28,7,0,1,1,1,841118239,856529745,0.9107758469338156,0.6328810603141691,2.0931016327378948e-06,0.9999979068983673
original,28,8,1,1,1,1,841118239,856529745,0.2316235989392274,0.533793594246538,0.00015363094511832516,0.9998463690548817
original,29,1,0,0,0,1,1801451893,1277967874,-0.9070368553505026,0.3676644538952482,0.02469367686872428,0.9753063231312757
original,29,2,1,0,0,1,1801451893,1277967874,-0.6547916315461373,0.4044667174940815,0.061900534705869044,0.9380994652941309
original,29,3,0,1,0,1,1801451893,1277967874,-0.9070368553505026,0.3676644538952482,0.02469367686872428,0.9753063231312757
original,29,4,0,0,1,1,1801451893,1277967874,-0.9070368553505026,0.3676644538952482,0.02469367686872428,0.9753063231312757
original,29,5,1,1,0,1,1801451893,1277967874,-0.6547916315461373,0.4044667174940815,0.061900534705869044,0.9380994652941309
original,29,6,1,0,1,1,1801451893,1277967874,-0.6547916315461373,0.4044667174940815,0.061900534705869044,0.9380994652941309
original,29,7,0,1,1,1,1801451893,1277967874,-0.9070368553505026,0.3676644538952482,0.02469367686872428,0.9753063231312757
original,29,8,1,1,1,1,1801451893,1277967874,-0.6547916315461373,0.4044667174940815,0.061900534705869044,0.9380994652941309
original,30,1,0,0,0,1,1735310418,47527389,1.615166291063802,0.735650747725481,0.005927533766605283,0.9940724662333947
original,30,2,1,0,0,1,1735310418,47527389,0.02738110976555718,0.5039948697700701,0.0026800926832691117,0.9973199073167309
original,30,3,0,1,0,1,1735310418,47527389,1.615166291063802,0.735650747725481,0.005927533766605283,0.9940724662333947
original,30,4,0,0,1,1,1735310418,47527389,1.615166291063802,0.735650747725481,0.005927533766605283,0.9940724662333947
original,30,5,1,1,0,1,1735310418,47527389,0.02738110976555718,0.5039948697700701,0.0026800926832691117,0.9973199073167309
original,30,6,1,0,1,1,1735310418,47527389,0.02738110976555718,0.5039948697700701,0.0026800926832691117,0.9973199073167309
original,30,7,0,1,1,1,1735310418,47527389,1.615166291063802,0.735650747725481,0.005927533766605283,0.9940724662333947
original,30,8,1,1,1,1,1735310418,47527389,0.02738110976555718,0.5039948697700701,0.0026800926832691117,0.9973199073167309
original,31,1,0,0,0,1,1761050619,732944244,1.3463677919571668,0.6964333819022714,0.00020825159762708634,0.999791748402373
original,31,2,1,0,0,1,1761050619,732944244,-0.7544730423743324,0.3899233239587176,0.024913156257999107,0.9750868437420009
original,31,3,0,1,0,1,1761050619,732944244,1.3463677919571668,0.6964333819022714,0.00020825159762708634,0.999791748402373
original,31,4,0,0,1,1,1761050619,732944244,1.3463677919571668,0.6964333819022714,0.00020825159762708634,0.999791748402373
original,31,5,1,1,0,1,1761050619,732944244,-0.7544730423743324,0.3899233239587176,0.024913156257999107,0.9750868437420009
original,31,6,1,0,1,1,1761050619,732944244,-0.7544730423743324,0.3899233239587176,0.024913156257999107,0.9750868437420009
original,31,7,0,1,1,1,1761050619,732944244,1.3463677919571668,0.6964333819022714,0.00020825159762708634,0.999791748402373
original,31,8,1,1,1,1,1761050619,732944244,-0.7544730423743324,0.3899233239587176,0.024913156257999107,0.9750868437420009
original,32,1,0,0,0,1,1786586010,420422883,1.5851647046757713,0.7312735536839724,1.5204450984749601e-05,0.9999847955490152
original,32,2,1,0,0,1,1786586010,420422883,1.905031800202998,0.7779417640415097,0.00039351664852550056,0.9996064833514745
original,32,3,0,1,0,1,1786586010,420422883,1.5851647046757713,0.7312735536839724,1.5204450984749601e-05,0.9999847955490152
original,32,4,0,0,1,1,1786586010,420422883,1.5851647046757713,0.7312735536839724,1.5204450984749601e-05,0.9999847955490152
original,32,5,1,1,0,1,1786586010,420422883,1.905031800202998,0.7779417640415097,0.00039351664852550056,0.9996064833514745
original,32,6,1,0,1,1,1786586010,420422883,1.905031800202998,0.7779417640415097,0.00039351664852550056,0.9996064833514745
original,32,7,0,1,1,1,1786586010,420422883,1.5851647046757713,0.7312735536839724,1.5204450984749601e-05,0.9999847955490152
original,32,8,1,1,1,1,1786586010,420422883,1.905031800202998,0.7779417640415097,0.00039351664852550056,0.9996064833514745
original,33,1,0,0,0,1,1598700172,1114293815,1.4105177831045275,0.705792785614506,3.370826590047034e-06,0.9999966291734099
original,33,2,1,0,0,1,1598700172,1114293815,1.8532829738975312,0.7703916748152371,1.9532229472438702e-06,0.9999980467770527
original,33,3,0,1,0,1,1598700172,1114293815,1.4105177831045275,0.705792785614506,3.370826590047034e-06,0.9999966291734099
original,33,4,0,0,1,1,1598700172,1114293815,1.4105177831045275,0.705792785614506,3.370826590047034e-06,0.9999966291734099
original,33,5,1,1,0,1,1598700172,1114293815,1.8532829738975312,0.7703916748152371,1.9532229472438702e-06,0.9999980467770527
original,33,6,1,0,1,1,1598700172,1114293815,1.8532829738975312,0.7703916748152371,1.9532229472438702e-06,0.9999980467770527
original,33,7,0,1,1,1,1598700172,1114293815,1.4105177831045275,0.705792785614506,3.370826590047034e-06,0.9999966291734099
original,33,8,1,1,1,1,1598700172,1114293815,1.8532829738975312,0.7703916748152371,1.9532229472438702e-06,0.9999980467770527
original,34,1,0,0,0,1,897504591,507157529,-2.0245613733532624,0.2046190202913436,0.5719649954071843,0.42803500459281574
original,34,2,1,0,0,1,897504591,507157529,-1.4755942619536424,0.2847126372729202,0.30963220920087575,0.6903677907991242
original,34,3,0,1,0,1,897504591,507157529,-2.0245613733532624,0.2046190202913436,0.5719649954071843,0.42803500459281574
original,34,4,0,0,1,1,897504591,507157529,-2.0245613733532624,0.2046190202913436,0.5719649954071843,0.42803500459281574
original,34,5,1,1,0,1,897504591,507157529,-1.4755942619536424,0.2847126372729202,0.30963220920087575,0.6903677907991242
original,34,6,1,0,1,1,897504591,507157529,-1.4755942619536424,0.2847126372729202,0.30963220920087575,0.6903677907991242
original,34,7,0,1,1,1,897504591,507157529,-2.0245613733532624,0.2046190202913436,0.5719649954071843,0.42803500459281574
original,34,8,1,1,1,1,897504591,507157529,-1.4755942619536424,0.2847126372729202,0.30963220920087575,0.6903677907991242
original,35,1,0,0,0,1,65579130,1395784155,-1.0853347184882494,0.34165101800401726,0.00010422318531455966,0.9998957768146854
original,35,2,1,0,0,1,65579130,1395784155,-0.8420181024060752,0.3771506088703135,0.09158166850895523,0.9084183314910448
original,35,3,0,1,0,1,65579130,1395784155,-1.0853347184882494,0.34165101800401726,0.00010422318531455966,0.9998957768146854
original,35,4,0,0,1,1,65579130,1395784155,-1.0853347184882494,0.34165101800401726,0.00010422318531455966,0.9998957768146854
original,35,5,1,1,0,1,65579130,1395784155,-0.8420181024060752,0.3771506088703135,0.09158166850895523,0.9084183314910448
original,35,6,1,0,1,1,65579130,1395784155,-0.8420181024060752,0.3771506088703135,0.09158166850895523,0.9084183314910448
original,35,7,0,1,1,1,65579130,1395784155,-1.0853347184882494,0.34165101800401726,0.00010422318531455966,0.9998957768146854
original,35,8,1,1,1,1,65579130,1395784155,-0.8420181024060752,0.3771506088703135,0.09158166850895523,0.9084183314910448
original,36,1,0,0,0,1,1700343365,1662559620,0.6118439182703722,0.5892672646955371,0.021143413009991438,0.9788565869900085
original,36,2,1,0,0,1,1700343365,1662559620,0.10247748169662715,0.5149513367883187,0.03555779458672775,0.9644422054132722
original,36,3,0,1,0,1,1700343365,1662559620,0.6118439182703722,0.5892672646955371,0.021143413009991438,0.9788565869900085
original,36,4,0,0,1,1,1700343365,1662559620,0.6118439182703722,0.5892672646955371,0.021143413009991438,0.9788565869900085
original,36,5,1,1,0,1,1700343365,1662559620,0.10247748169662715,0.5149513367883187,0.03555779458672775,0.9644422054132722
original,36,6,1,0,1,1,1700343365,1662559620,0.10247748169662715,0.5149513367883187,0.03555779458672775,0.9644422054132722
original,36,7,0,1,1,1,1700343365,1662559620,0.6118439182703722,0.5892672646955371,0.021143413009991438,0.9788565869900085
original,36,8,1,1,1,1,1700343365,1662559620,0.10247748169662715,0.5149513367883187,0.03555779458672775,0.9644422054132722
original,37,1,0,0,0,1,447607723,2005676451,-2.0310383144539648,0.2036740426616104,0.19977013995385734,0.8002298600461426
original,37,2,1,0,0,1,447607723,2005676451,-0.6556164431669999,0.40434637850715227,0.0008495113317424305,0.9991504886682576
original,37,3,0,1,0,1,447607723,2005676451,-2.0310383144539648,0.2036740426616104,0.19977013995385734,0.8002298600461426
original,37,4,0,0,1,1,447607723,2005676451,-2.0310383144539648,0.2036740426616104,0.19977013995385734,0.8002298600461426
original,37,5,1,1,0,1,447607723,2005676451,-0.6556164431669999,0.40434637850715227,0.0008495113317424305,0.9991504886682576
original,37,6,1,0,1,1,447607723,2005676451,-0.6556164431669999,0.40434637850715227,0.0008495113317424305,0.9991504886682576
original,37,7,0,1,1,1,447607723,2005676451,-2.0310383144539648,0.2036740426616104,0.19977013995385734,0.8002298600461426
original,37,8,1,1,1,1,447607723,2005676451,-0.6556164431669999,0.40434637850715227,0.0008495113317424305,0.9991504886682576
original,38,1,0,0,0,1,1394535223,1875310587,-1.2182957112229267,0.3222521749687206,0.1676014889159795,0.8323985110840205
original,38,2,1,0,0,1,1394535223,1875310587,-0.20682843598484207,0.4698239891085032,0.10894877131055641,0.8910512286894436
original,38,3,0,1,0,1,1394535223,1875310587,-1.2182957112229267,0.3222521749687206,0.1676014889159795,0.8323985110840205
original,38,4,0,0,1,1,1394535223,1875310587,-1.2182957112229267,0.3222521749687206,0.1676014889159795,0.8323985110840205
original,38,5,1,1,0,1,1394535223,1875310587,-0.20682843598484207,0.4698239891085032,0.10894877131055641,0.8910512286894436
original,38,6,1,0,1,1,1394535223,1875310587,-0.20682843598484207,0.4698239891085032,0.10894877131055641,0.8910512286894436
original,38,7,0,1,1,1,1394535223,1875310587,-1.2182957112229267,0.3222521749687206,0.1676014889159795,0.8323985110840205
original,38,8,1,1,1,1,1394535223,1875310587,-0.20682843598484207,0.4698239891085032,0.10894877131055641,0.8910512286894436
original,39,1,0,0,0,1,1298541020,354895414,-0.33735876029664574,0.4507797775650177,0.007416361703909667,0.9925836382960903
original,39,2,1,0,0,1,1298541020,354895414,3.138096473791477,0.9578443622647678,0.00015555054307113628,0.9998444494569289
original,39,3,0,1,0,1,1298541020,354895414,-0.33735876029664574,0.4507797775650177,0.007416361703909667,0.9925836382960903
original,39,4,0,0,1,1,1298541020,354895414,-0.33735876029664574,0.4507797775650177,0.007416361703909667,0.9925836382960903
original,39,5,1,1,0,1,1298541020,354895414,3.138096473791477,0.9578443622647678,0.00015555054307113628,0.9998444494569289
original,39,6,1,0,1,1,1298541020,354895414,3.138096473791477,0.9578443622647678,0.00015555054307113628,0.9998444494569289
original,39,7,0,1,1,1,1298541020,354895414,-0.33735876029664574,0.4507797775650177,0.007416361703909667,0.9925836382960903
original,39,8,1,1,1,1,1298541020,354895414,3.138096473791477,0.9578443622647678,0.00015555054307113628,0.9998444494569289
original,40,1,0,0,0,1,14131898,1763646500,-0.5827008626405012,0.41498467077895906,0.0031569384145624557,0.9968430615854376
original,40,2,1,0,0,1,14131898,1763646500,0.29317943670413993,0.5427745142152282,0.057507968646842836,0.9424920313531572
original,40,3,0,1,0,1,14131898,1763646500,-0.5827008626405012,0.41498467077895906,0.0031569384145624557,0.9968430615854376
original,40,4,0,0,1,1,14131898,1763646500,-0.5827008626405012,0.41498467077895906,0.0031569384145624557,0.9968430615854376
original,40,5,1,1,0,1,14131898,1763646500,0.29317943670413993,0.5427745142152282,0.057507968646842836,0.9424920313531572
original,40,6,1,0,1,1,14131898,1763646500,0.29317943670413993,0.5427745142152282,0.057507968646842836,0.9424920313531572
original,40,7,0,1,1,1,14131898,1763646500,-0.5827008626405012,0.41498467077895906,0.0031569384145624557,0.9968430615854376
original,40,8,1,1,1,1,14131898,1763646500,0.29317943670413993,0.5427745142152282,0.057507968646842836,0.9424920313531572
original,41,1,0,0,0,1,1898458724,1896179586,0.6582156760044925,0.596032846322549,0.008320861637032745,0.9916791383629673
original,41,2,1,0,0,1,1898458724,1896179586,0.3439620277932282,0.5501836309283433,0.041586661047335036,0.958413338952665
original,41,3,0,1,0,1,1898458724,1896179586,0.6582156760044925,0.596032846322549,0.008320861637032745,0.9916791383629673
original,41,4,0,0,1,1,1898458724,1896179586,0.6582156760044925,0.596032846322549,0.008320861637032745,0.9916791383629673
original,41,5,1,1,0,1,1898458724,1896179586,0.3439620277932282,0.5501836309283433,0.041586661047335036,0.958413338952665
original,41,6,1,0,1,1,1898458724,1896179586,0.3439620277932282,0.5501836309283433,0.041586661047335036,0.958413338952665
original,41,7,0,1,1,1,1898458724,1896179586,0.6582156760044925,0.596032846322549,0.008320861637032745,0.9916791383629673
original,41,8,1,1,1,1,1898458724,1896179586,0.3439620277932282,0.5501836309283433,0.041586661047335036,0.958413338952665
original,42,1,0,0,0,1,109429003,207335169,1.6448105019667287,0.7399758011293663,0.0005579305275043346,0.9994420694724957
original,42,2,1,0,0,1,109429003,207335169,1.890769813558022,0.7758609579749555,0.0007397258110681518,0.9992602741889318
original,42,3,0,1,0,1,109429003,207335169,1.6448105019667287,0.7399758011293663,0.0005579305275043346,0.9994420694724957
original,42,4,0,0,1,1,109429003,207335169,1.6448105019667287,0.7399758011293663,0.0005579305275043346,0.9994420694724957
original,42,5,1,1,0,1,109429003,207335169,1.890769813558022,0.7758609579749555,0.0007397258110681518,0.9992602741889318
original,42,6,1,0,1,1,109429003,207335169,1.890769813558022,0.7758609579749555,0.0007397258110681518,0.9992602741889318
original,42,7,0,1,1,1,109429003,207335169,1.6448105019667287,0.7399758011293663,0.0005579305275043346,0.9994420694724957
original,42,8,1,1,1,1,109429003,207335169,1.890769813558022,0.7758609579749555,0.0007397258110681518,0.9992602741889318
original,43,1,0,0,0,1,1311972321,897689160,-0.21208525985816942,0.4690570250607365,0.0437002406375792,0.9562997593624208
original,43,2,1,0,0,1,1311972321,897689160,0.8284316508272375,0.6208671447868779,0.01173088676754833,0.9882691132324517
original,43,3,0,1,0,1,1311972321,897689160,-0.21208525985816942,0.4690570250607365,0.0437002406375792,0.9562997593624208
original,43,4,0,0,1,1,1311972321,897689160,-0.21208525985816942,0.4690570250607365,0.0437002406375792,0.9562997593624208
original,43,5,1,1,0,1,1311972321,897689160,0.8284316508272375,0.6208671447868779,0.01173088676754833,0.9882691132324517
original,43,6,1,0,1,1,1311972321,897689160,0.8284316508272375,0.6208671447868779,0.01173088676754833,0.9882691132324517
original,43,7,0,1,1,1,1311972321,897689160,-0.21208525985816942,0.4690570250607365,0.0437002406375792,0.9562997593624208
original,43,8,1,1,1,1,1311972321,897689160,0.8284316508272375,0.6208671447868779,0.01173088676754833,0.9882691132324517
original,44,1,0,0,0,1,1169744289,1935627630,1.061403184430299,0.6548574010199711,0.0003672719972090761,0.9996327280027909
original,44,2,1,0,0,1,1169744289,1935627630,0.8262986848216407,0.6205559477065075,0.0005819918133149844,0.999418008186685
original,44,3,0,1,0,1,1169744289,1935627630,1.061403184430299,0.6548574010199711,0.0003672719972090761,0.9996327280027909
original,44,4,0,0,1,1,1169744289,1935627630,1.061403184430299,0.6548574010199711,0.0003672719972090761,0.9996327280027909
original,44,5,1,1,0,1,1169744289,1935627630,0.8262986848216407,0.6205559477065075,0.0005819918133149844,0.999418008186685
original,44,6,1,0,1,1,1169744289,1935627630,0.8262986848216407,0.6205559477065075,0.0005819918133149844,0.999418008186685
original,44,7,0,1,1,1,1169744289,1935627630,1.061403184430299,0.6548574010199711,0.0003672719972090761,0.9996327280027909
original,44,8,1,1,1,1,1169744289,1935627630,0.8262986848216407,0.6205559477065075,0.0005819918133149844,0.999418008186685
original,45,1,0,0,0,1,2000053801,1109687634,1.133136676111047,0.6653232280032686,0.001280481724656201,0.9987195182753438
original,45,2,1,0,0,1,2000053801,1109687634,0.6506773813566245,0.594933018533811,0.0335628517490852,0.9664371482509148
original,45,3,0,1,0,1,2000053801,1109687634,1.133136676111047,0.6653232280032686,0.001280481724656201,0.9987195182753438
original,45,4,0,0,1,1,2000053801,1109687634,1.133136676111047,0.6653232280032686,0.001280481724656201,0.9987195182753438
original,45,5,1,1,0,1,2000053801,1109687634,0.6506773813566245,0.594933018533811,0.0335628517490852,0.9664371482509148
original,45,6,1,0,1,1,2000053801,1109687634,0.6506773813566245,0.594933018533811,0.0335628517490852,0.9664371482509148
original,45,7,0,1,1,1,2000053801,1109687634,1.133136676111047,0.6653232280032686,0.001280481724656201,0.9987195182753438
original,45,8,1,1,1,1,2000053801,1109687634,0.6506773813566245,0.594933018533811,0.0335628517490852,0.9664371482509148
original,46,1,0,0,0,1,1829257645,1766732517,-0.5953202166727416,0.4131435227622113,0.020647774377700316,0.9793522256222997
original,46,2,1,0,0,1,1829257645,1766732517,0.5495811322888862,0.5801832018636258,0.007958184971121031,0.992041815028879
original,46,3,0,1,0,1,1829257645,1766732517,-0.5953202166727416,0.4131435227622113,0.020647774377700316,0.9793522256222997
original,46,4,0,0,1,1,1829257645,1766732517,-0.5953202166727416,0.4131435227622113,0.020647774377700316,0.9793522256222997
original,46,5,1,1,0,1,1829257645,1766732517,0.5495811322888862,0.5801832018636258,0.007958184971121031,0.992041815028879
original,46,6,1,0,1,1,1829257645,1766732517,0.5495811322888862,0.5801832018636258,0.007958184971121031,0.992041815028879
original,46,7,0,1,1,1,1829257645,1766732517,-0.5953202166727416,0.4131435227622113,0.020647774377700316,0.9793522256222997
original,46,8,1,1,1,1,1829257645,1766732517,0.5495811322888862,0.5801832018636258,0.007958184971121031,0.992041815028879
original,47,1,0,0,0,1,474614791,1666018539,1.550035386718395,0.7261482300008675,0.023477496161292667,0.9765225038387073
original,47,2,1,0,0,1,474614791,1666018539,-0.9665314515974536,0.35898426649362436,0.06085556508490125,0.9391444349150988
original,47,3,0,1,0,1,474614791,1666018539,1.550035386718395,0.7261482300008675,0.023477496161292667,0.9765225038387073
original,47,4,0,0,1,1,474614791,1666018539,1.550035386718395,0.7261482300008675,0.023477496161292667,0.9765225038387073
original,47,5,1,1,0,1,474614791,1666018539,-0.9665314515974536,0.35898426649362436,0.06085556508490125,0.9391444349150988
original,47,6,1,0,1,1,474614791,1666018539,-0.9665314515974536,0.35898426649362436,0.06085556508490125,0.9391444349150988
original,47,7,0,1,1,1,474614791,1666018539,1.550035386718395,0.7261482300008675,0.023477496161292667,0.9765225038387073
original,47,8,1,1,1,1,474614791,1666018539,-0.9665314515974536,0.35898426649362436,0.06085556508490125,0.9391444349150988
original,48,1,0,0,0,1,1125134123,161274937,0.16334137336053445,0.5238313026837411,0.09613178928446751,0.9038682107155325
original,48,2,1,0,0,1,1125134123,161274937,-2.021078549009631,0.20512716001993633,0.0971853883371732,0.9028146116628268
original,48,3,0,1,0,1,1125134123,161274937,0.16334137336053445,0.5238313026837411,0.09613178928446751,0.9038682107155325
original,48,4,0,0,1,1,1125134123,161274937,0.16334137336053445,0.5238313026837411,0.09613178928446751,0.9038682107155325
original,48,5,1,1,0,1,1125134123,161274937,-2.021078549009631,0.20512716001993633,0.0971853883371732,0.9028146116628268
original,48,6,1,0,1,1,1125134123,161274937,-2.021078549009631,0.20512716001993633,0.0971853883371732,0.9028146116628268
original,48,7,0,1,1,1,1125134123,161274937,0.16334137336053445,0.5238313026837411,0.09613178928446751,0.9038682107155325
original,48,8,1,1,1,1,1125134123,161274937,-2.021078549009631,0.20512716001993633,0.0971853883371732,0.9028146116628268
original,49,1,0,0,0,1,368891130,2119028514,-1.277719452259037,0.3135823252540007,0.0012615507803099254,0.9987384492196901
original,49,2,1,0,0,1,368891130,2119028514,-0.6980828795247882,0.39815057839894274,0.0007098266638080964,0.9992901733361919
original,49,3,0,1,0,1,368891130,2119028514,-1.277719452259037,0.3135823252540007,0.0012615507803099254,0.9987384492196901
original,49,4,0,0,1,1,368891130,2119028514,-1.277719452259037,0.3135823252540007,0.0012615507803099254,0.9987384492196901
original,49,5,1,1,0,1,368891130,2119028514,-0.6980828795247882,0.39815057839894274,0.0007098266638080964,0.9992901733361919
original,49,6,1,0,1,1,368891130,2119028514,-0.6980828795247882,0.39815057839894274,0.0007098266638080964,0.9992901733361919
original,49,7,0,1,1,1,368891130,2119028514,-1.277719452259037,0.3135823252540007,0.0012615507803099254,0.9987384492196901
original,49,8,1,1,1,1,368891130,2119028514,-0.6980828795247882,0.39815057839894274,0.0007098266638080964,0.9992901733361919
original,0,1,0,0,0,2,128294554,1632371162,-0.8214950298076452,0.38014489956979247,0.011302937055948136,0.9886970629440519
original,0,2,1,0,0,2,128294554,1632371162,0.9959728678345682,0.6453111994214077,0.05637961629489605,0.9436203837051039
original,0,3,0,1,0,2,128294554,1632371162,-0.8214950298076452,0.38014489956979247,0.011302937055948136,0.9886970629440519
original,0,4,0,0,1,2,128294554,1632371162,-0.8214950298076452,0.38014489956979247,0.011302937055948136,0.9886970629440519
original,0,5,1,1,0,2,128294554,1632371162,0.9959728678345682,0.6453111994214077,0.05637961629489605,0.9436203837051039
original,0,6,1,0,1,2,128294554,1632371162,0.9959728678345682,0.6453111994214077,0.05637961629489605,0.9436203837051039
original,0,7,0,1,1,2,128294554,1632371162,-0.8214950298076452,0.38014489956979247,0.011302937055948136,0.9886970629440519
original,0,8,1,1,1,2,128294554,1632371162,0.9959728678345682,0.6453111994214077,0.05637961629489605,0.9436203837051039
original,1,1,0,0,0,2,488026958,888437156,0.05429478014698434,0.5079215407169008,0.0003759157127912368,0.9996240842872087
original,1,2,1,0,0,2,488026958,888437156,0.19637323625224187,0.5286506102883282,0.021006999630409442,0.9789930003695906
original,1,3,0,1,0,2,488026958,888437156,0.05429478014698434,0.5079215407169008,0.0003759157127912368,0.9996240842872087
original,1,4,0,0,1,2,488026958,888437156,0.05429478014698434,0.5079215407169008,0.0003759157127912368,0.9996240842872087
original,1,5,1,1,0,2,488026958,888437156,0.19637323625224187,0.5286506102883282,0.021006999630409442,0.9789930003695906
original,1,6,1,0,1,2,488026958,888437156,0.19637323625224187,0.5286506102883282,0.021006999630409442,0.9789930003695906
original,1,7,0,1,1,2,488026958,888437156,0.05429478014698434,0.5079215407169008,0.0003759157127912368,0.9996240842872087
original,1,8,1,1,1,2,488026958,888437156,0.19637323625224187,0.5286506102883282,0.021006999630409442,0.9789930003695906
original,2,1,0,0,0,2,2031586278,584934552,-0.29046518111597286,0.4576214922903611,0.004456803802734668,0.9955431961972653
original,2,2,1,0,0,2,2031586278,584934552,-0.9478226023581973,0.36171386426736823,6.012297643780009e-05,0.9999398770235622
original,2,3,0,1,0,2,2031586278,584934552,-0.29046518111597286,0.4576214922903611,0.004456803802734668,0.9955431961972653
original,2,4,0,0,1,2,2031586278,584934552,-0.29046518111597286,0.4576214922903611,0.004456803802734668,0.9955431961972653
original,2,5,1,1,0,2,2031586278,584934552,-0.9478226023581973,0.36171386426736823,6.012297643780009e-05,0.9999398770235622
original,2,6,1,0,1,2,2031586278,584934552,-0.9478226023581973,0.36171386426736823,6.012297643780009e-05,0.9999398770235622
original,2,7,0,1,1,2,2031586278,584934552,-0.29046518111597286,0.4576214922903611,0.004456803802734668,0.9955431961972653
original,2,8,1,1,1,2,2031586278,584934552,-0.9478226023581973,0.36171386426736823,6.012297643780009e-05,0.9999398770235622
original,3,1,0,0,0,2,1754490854,26810077,0.6965860139581905,0.6016310307815084,0.029321455481446417,0.9706785445185536
original,3,2,1,0,0,2,1754490854,26810077,-0.20033022422080077,0.4707720701014927,0.06936904428004424,0.9306309557199558
original,3,3,0,1,0,2,1754490854,26810077,0.6965860139581905,0.6016310307815084,0.029321455481446417,0.9706785445185536
original,3,4,0,0,1,2,1754490854,26810077,0.6965860139581905,0.6016310307815084,0.029321455481446417,0.9706785445185536
original,3,5,1,1,0,2,1754490854,26810077,-0.20033022422080077,0.4707720701014927,0.06936904428004424,0.9306309557199558
original,3,6,1,0,1,2,1754490854,26810077,-0.20033022422080077,0.4707720701014927,0.06936904428004424,0.9306309557199558
original,3,7,0,1,1,2,1754490854,26810077,0.6965860139581905,0.6016310307815084,0.029321455481446417,0.9706785445185536
original,3,8,1,1,1,2,1754490854,26810077,-0.20033022422080077,0.4707720701014927,0.06936904428004424,0.9306309557199558
original,4,1,0,0,0,2,995308957,41409047,-2.8868614732884814,0.07881051101416202,0.64314449242066,0.35685550757934004
original,4,2,1,0,0,2,995308957,41409047,-2.6400576041604107,0.11481888775118877,0.45167938309709915,0.5483206169029009
original,4,3,0,1,0,2,995308957,41409047,-2.8868614732884814,0.07881051101416202,0.64314449242066,0.35685550757934004
original,4,4,0,0,1,2,995308957,41409047,-2.8868614732884814,0.07881051101416202,0.64314449242066,0.35685550757934004
original,4,5,1,1,0,2,995308957,41409047,-2.6400576041604107,0.11481888775118877,0.45167938309709915,0.5483206169029009
original,4,6,1,0,1,2,995308957,41409047,-2.6400576041604107,0.11481888775118877,0.45167938309709915,0.5483206169029009
original,4,7,0,1,1,2,995308957,41409047,-2.8868614732884814,0.07881051101416202,0.64314449242066,0.35685550757934004
original,4,8,1,1,1,2,995308957,41409047,-2.6400576041604107,0.11481888775118877,0.45167938309709915,0.5483206169029009
original,5,1,0,0,0,2,126858436,301576992,-0.6601447468585556,0.40368570464542847,0.062368350993954255,0.9376316490060458
original,5,2,1,0,0,2,126858436,301576992,0.4354414164028544,0.5635303596500838,0.08755548666472461,0.9124445133352754
original,5,3,0,1,0,2,126858436,301576992,-0.6601447468585556,0.40368570464542847,0.062368350993954255,0.9376316490060458
original,5,4,0,0,1,2,126858436,301576992,-0.6601447468585556,0.40368570464542847,0.062368350993954255,0.9376316490060458
original,5,5,1,1,0,2,126858436,301576992,0.4354414164028544,0.5635303596500838,0.08755548666472461,0.9124445133352754
original,5,6,1,0,1,2,126858436,301576992,0.4354414164028544,0.5635303596500838,0.08755548666472461,0.9124445133352754
original,5,7,0,1,1,2,126858436,301576992,-0.6601447468585556,0.40368570464542847,0.062368350993954255,0.9376316490060458
original,5,8,1,1,1,2,126858436,301576992,0.4354414164028544,0.5635303596500838,0.08755548666472461,0.9124445133352754
original,6,1,0,0,0,2,582444851,1060492561,1.0665612562942695,0.6556099572727182,0.006316605021526787,0.9936833949784732
original,6,2,1,0,0,2,582444851,1060492561,0.5611697292026515,0.5818739637021603,0.004577258872826851,0.9954227411271731
original,6,3,0,1,0,2,582444851,1060492561,1.0665612562942695,0.6556099572727182,0.006316605021526787,0.9936833949784732
original,6,4,0,0,1,2,582444851,1060492561,1.0665612562942695,0.6556099572727182,0.006316605021526787,0.9936833949784732
original,6,5,1,1,0,2,582444851,1060492561,0.5611697292026515,0.5818739637021603,0.004577258872826851,0.9954227411271731
original,6,6,1,0,1,2,582444851,1060492561,0.5611697292026515,0.5818739637021603,0.004577258872826851,0.9954227411271731
original,6,7,0,1,1,2,582444851,1060492561,1.0665612562942695,0.6556099572727182,0.006316605021526787,0.9936833949784732
original,6,8,1,1,1,2,582444851,1060492561,0.5611697292026515,0.5818739637021603,0.004577258872826851,0.9954227411271731
original,7,1,0,0,0,2,1871426232,994504558,-1.7340600535943325,0.24700280058392443,0.00019316448469526595,0.9998068355153047
original,7,2,1,0,0,2,1871426232,994504558,-0.4557828611926952,0.43350184892121746,0.1580698984610034,0.8419301015389966
original,7,3,0,1,0,2,1871426232,994504558,-1.7340600535943325,0.24700280058392443,0.00019316448469526595,0.9998068355153047
original,7,4,0,0,1,2,1871426232,994504558,-1.7340600535943325,0.24700280058392443,0.00019316448469526595,0.9998068355153047
original,7,5,1,1,0,2,1871426232,994504558,-0.4557828611926952,0.43350184892121746,0.1580698984610034,0.8419301015389966
original,7,6,1,0,1,2,1871426232,994504558,-0.4557828611926952,0.43350184892121746,0.1580698984610034,0.8419301015389966
original,7,7,0,1,1,2,1871426232,994504558,-1.7340600535943325,0.24700280058392443,0.00019316448469526595,0.9998068355153047
original,7,8,1,1,1,2,1871426232,994504558,-0.4557828611926952,0.43350184892121746,0.1580698984610034,0.8419301015389966
original,8,1,0,0,0,2,589331945,619751403,1.0063240718850877,0.6468214271842453,0.0008529372616485086,0.9991470627383515
original,8,2,1,0,0,2,589331945,619751403,-1.279918092312844,0.313261546411893,0.0009091615357565653,0.9990908384642434
original,8,3,0,1,0,2,589331945,619751403,1.0063240718850877,0.6468214271842453,0.0008529372616485086,0.9991470627383515
original,8,4,0,0,1,2,589331945,619751403,1.0063240718850877,0.6468214271842453,0.0008529372616485086,0.9991470627383515
original,8,5,1,1,0,2,589331945,619751403,-1.279918092312844,0.313261546411893,0.0009091615357565653,0.9990908384642434
original,8,6,1,0,1,2,589331945,619751403,-1.279918092312844,0.313261546411893,0.0009091615357565653,0.9990908384642434
original,8,7,0,1,1,2,589331945,619751403,1.0063240718850877,0.6468214271842453,0.0008529372616485086,0.9991470627383515
original,8,8,1,1,1,2,589331945,619751403,-1.279918092312844,0.313261546411893,0.0009091615357565653,0.9990908384642434
original,9,1,0,0,0,2,1413714783,1864142275,-0.8536268893335606,0.3754569013339545,0.010015949898156198,0.9899840501018438
original,9,2,1,0,0,2,1413714783,1864142275,0.7243604766115816,0.6056832902473955,0.003171060541645295,0.9968289394583547
original,9,3,0,1,0,2,1413714783,1864142275,-0.8536268893335606,0.3754569013339545,0.010015949898156198,0.9899840501018438
original,9,4,0,0,1,2,1413714783,1864142275,-0.8536268893335606,0.3754569013339545,0.010015949898156198,0.9899840501018438
original,9,5,1,1,0,2,1413714783,1864142275,0.7243604766115816,0.6056832902473955,0.003171060541645295,0.9968289394583547
original,9,6,1,0,1,2,1413714783,1864142275,0.7243604766115816,0.6056832902473955,0.003171060541645295,0.9968289394583547
original,9,7,0,1,1,2,1413714783,1864142275,-0.8536268893335606,0.3754569013339545,0.010015949898156198,0.9899840501018438
original,9,8,1,1,1,2,1413714783,1864142275,0.7243604766115816,0.6056832902473955,0.003171060541645295,0.9968289394583547
original,10,1,0,0,0,2,1720021676,1757031478,1.1436382857950855,0.666855399760478,0.0048587527505373615,0.9951412472494626
original,10,2,1,0,0,2,1720021676,1757031478,0.6905974078615207,0.6007573006199013,0.0038176779720650927,0.9961823220279349
original,10,3,0,1,0,2,1720021676,1757031478,1.1436382857950855,0.666855399760478,0.0048587527505373615,0.9951412472494626
original,10,4,0,0,1,2,1720021676,1757031478,1.1436382857950855,0.666855399760478,0.0048587527505373615,0.9951412472494626
original,10,5,1,1,0,2,1720021676,1757031478,0.6905974078615207,0.6007573006199013,0.0038176779720650927,0.9961823220279349
original,10,6,1,0,1,2,1720021676,1757031478,0.6905974078615207,0.6007573006199013,0.0038176779720650927,0.9961823220279349
original,10,7,0,1,1,2,1720021676,1757031478,1.1436382857950855,0.666855399760478,0.0048587527505373615,0.9951412472494626
original,10,8,1,1,1,2,1720021676,1757031478,0.6905974078615207,0.6007573006199013,0.0038176779720650927,0.9961823220279349
original,11,1,0,0,0,2,264055034,897547413,0.3005467730916124,0.5438493994069625,0.0056023974785891694,0.9943976025214109
original,11,2,1,0,0,2,264055034,897547413,-1.4661245451484854,0.28609425714588943,0.07300011129960371,0.9269998887003963
original,11,3,0,1,0,2,264055034,897547413,0.3005467730916124,0.5438493994069625,0.0056023974785891694,0.9943976025214109
original,11,4,0,0,1,2,264055034,897547413,0.3005467730916124,0.5438493994069625,0.0056023974785891694,0.9943976025214109
original,11,5,1,1,0,2,264055034,897547413,-1.4661245451484854,0.28609425714588943,0.07300011129960371,0.9269998887003963
original,11,6,1,0,1,2,264055034,897547413,-1.4661245451484854,0.28609425714588943,0.07300011129960371,0.9269998887003963
original,11,7,0,1,1,2,264055034,897547413,0.3005467730916124,0.5438493994069625,0.0056023974785891694,0.9943976025214109
original,11,8,1,1,1,2,264055034,897547413,-1.4661245451484854,0.28609425714588943,0.07300011129960371,0.9269998887003963
original,12,1,0,0,0,2,990072351,2084442084,0.2996709046936294,0.5437216112999201,0.09764876184252501,0.902351238157475
original,12,2,1,0,0,2,990072351,2084442084,-0.38441945687827256,0.4439136806192734,0.12633139858959297,0.873668601410407
original,12,3,0,1,0,2,990072351,2084442084,0.2996709046936294,0.5437216112999201,0.09764876184252501,0.902351238157475
original,12,4,0,0,1,2,990072351,2084442084,0.2996709046936294,0.5437216112999201,0.09764876184252501,0.902351238157475
original,12,5,1,1,0,2,990072351,2084442084,-0.38441945687827256,0.4439136806192734,0.12633139858959297,0.873668601410407
original,12,6,1,0,1,2,990072351,2084442084,-0.38441945687827256,0.4439136806192734,0.12633139858959297,0.873668601410407
original,12,7,0,1,1,2,990072351,2084442084,0.2996709046936294,0.5437216112999201,0.09764876184252501,0.902351238157475
original,12,8,1,1,1,2,990072351,2084442084,-0.38441945687827256,0.4439136806192734,0.12633139858959297,0.873668601410407
original,13,1,0,0,0,2,1272395663,1349299982,-0.9060757282321991,0.3678046811432663,0.42525863597500374,0.5747413640249963
original,13,2,1,0,0,2,1272395663,1349299982,0.007944137240680216,0.5011590397169366,0.1016635056855027,0.8983364943144974
original,13,3,0,1,0,2,1272395663,1349299982,-0.9060757282321991,0.3678046811432663,0.42525863597500374,0.5747413640249963
original,13,4,0,0,1,2,1272395663,1349299982,-0.9060757282321991,0.3678046811432663,0.42525863597500374,0.5747413640249963
original,13,5,1,1,0,2,1272395663,1349299982,0.007944137240680216,0.5011590397169366,0.1016635056855027,0.8983364943144974
original,13,6,1,0,1,2,1272395663,1349299982,0.007944137240680216,0.5011590397169366,0.1016635056855027,0.8983364943144974
original,13,7,0,1,1,2,1272395663,1349299982,-0.9060757282321991,0.3678046811432663,0.42525863597500374,0.5747413640249963
original,13,8,1,1,1,2,1272395663,1349299982,0.007944137240680216,0.5011590397169366,0.1016635056855027,0.8983364943144974
original,14,1,0,0,0,2,857116482,1338440593,0.3661893067189037,0.5534265632057923,0.00014696985954300624,0.999853030140457
original,14,2,1,0,0,2,857116482,1338440593,-1.0048483920237972,0.3533938726673183,0.0032308731280570463,0.996769126871943
original,14,3,0,1,0,2,857116482,1338440593,0.3661893067189037,0.5534265632057923,0.00014696985954300624,0.999853030140457
original,14,4,0,0,1,2,857116482,1338440593,0.3661893067189037,0.5534265632057923,0.00014696985954300624,0.999853030140457
original,14,5,1,1,0,2,857116482,1338440593,-1.0048483920237972,0.3533938726673183,0.0032308731280570463,0.996769126871943
original,14,6,1,0,1,2,857116482,1338440593,-1.0048483920237972,0.3533938726673183,0.0032308731280570463,0.996769126871943
original,14,7,0,1,1,2,857116482,1338440593,0.3661893067189037,0.5534265632057923,0.00014696985954300624,0.999853030140457
original,14,8,1,1,1,2,857116482,1338440593,-1.0048483920237972,0.3533938726673183,0.0032308731280570463,0.996769126871943
original,15,1,0,0,0,2,1291717387,205826073,1.0914853660987425,0.6592463538123882,0.0030843178913760373,0.9969156821086239
original,15,2,1,0,0,2,1291717387,205826073,-0.8421436313048655,0.37713229436051676,0.020703152374541536,0.9792968476254584
original,15,3,0,1,0,2,1291717387,205826073,1.0914853660987425,0.6592463538123882,0.0030843178913760373,0.9969156821086239
original,15,4,0,0,1,2,1291717387,205826073,1.0914853660987425,0.6592463538123882,0.0030843178913760373,0.9969156821086239
original,15,5,1,1,0,2,1291717387,205826073,-0.8421436313048655,0.37713229436051676,0.020703152374541536,0.9792968476254584
original,15,6,1,0,1,2,1291717387,205826073,-0.8421436313048655,0.37713229436051676,0.020703152374541536,0.9792968476254584
original,15,7,0,1,1,2,1291717387,205826073,1.0914853660987425,0.6592463538123882,0.0030843178913760373,0.9969156821086239
original,15,8,1,1,1,2,1291717387,205826073,-0.8421436313048655,0.37713229436051676,0.020703152374541536,0.9792968476254584
original,16,1,0,0,0,2,1477716690,1073908700,0.14601137138493245,0.5213028770063176,0.1309434145347409,0.8690565854652591
original,16,2,1,0,0,2,1477716690,1073908700,0.3546084343220669,0.551736928364645,0.03281290319859907,0.9671870968014009
original,16,3,0,1,0,2,1477716690,1073908700,0.14601137138493245,0.5213028770063176,0.1309434145347409,0.8690565854652591
original,16,4,0,0,1,2,1477716690,1073908700,0.14601137138493245,0.5213028770063176,0.1309434145347409,0.8690565854652591
original,16,5,1,1,0,2,1477716690,1073908700,0.3546084343220669,0.551736928364645,0.03281290319859907,0.9671870968014009
original,16,6,1,0,1,2,1477716690,1073908700,0.3546084343220669,0.551736928364645,0.03281290319859907,0.9671870968014009
original,16,7,0,1,1,2,1477716690,1073908700,0.14601137138493245,0.5213028770063176,0.1309434145347409,0.8690565854652591
original,16,8,1,1,1,2,1477716690,1073908700,0.3546084343220669,0.551736928364645,0.03281290319859907,0.9671870968014009
original,17,1,0,0,0,2,807112555,1205942675,0.34930904914048655,0.5509637546750789,0.11362255710136589,0.8863774428986341
original,17,2,1,0,0,2,807112555,1205942675,-0.5461410398050308,0.4203187033399131,0.14016260918077203,0.8598373908192279
original,17,3,0,1,0,2,807112555,1205942675,0.34930904914048655,0.5509637546750789,0.11362255710136589,0.8863774428986341
original,17,4,0,0,1,2,807112555,1205942675,0.34930904914048655,0.5509637546750789,0.11362255710136589,0.8863774428986341
original,17,5,1,1,0,2,807112555,1205942675,-0.5461410398050308,0.4203187033399131,0.14016260918077203,0.8598373908192279
original,17,6,1,0,1,2,807112555,1205942675,-0.5461410398050308,0.4203187033399131,0.14016260918077203,0.8598373908192279
original,17,7,0,1,1,2,807112555,1205942675,0.34930904914048655,0.5509637546750789,0.11362255710136589,0.8863774428986341
original,17,8,1,1,1,2,807112555,1205942675,-0.5461410398050308,0.4203187033399131,0.14016260918077203,0.8598373908192279
original,18,1,0,0,0,2,1763225636,1218704148,-0.11166035391259002,0.4837088936065753,9.256354572759877e-05,0.9999074364542724
original,18,2,1,0,0,2,1763225636,1218704148,-0.48695231037794884,0.4289542651539394,0.03191295087673043,0.9680870491232696
original,18,3,0,1,0,2,1763225636,1218704148,-0.11166035391259002,0.4837088936065753,9.256354572759877e-05,0.9999074364542724
original,18,4,0,0,1,2,1763225636,1218704148,-0.11166035391259002,0.4837088936065753,9.256354572759877e-05,0.9999074364542724
original,18,5,1,1,0,2,1763225636,1218704148,-0.48695231037794884,0.4289542651539394,0.03191295087673043,0.9680870491232696
original,18,6,1,0,1,2,1763225636,1218704148,-0.48695231037794884,0.4289542651539394,0.03191295087673043,0.9680870491232696
original,18,7,0,1,1,2,1763225636,1218704148,-0.11166035391259002,0.4837088936065753,9.256354572759877e-05,0.9999074364542724
original,18,8,1,1,1,2,1763225636,1218704148,-0.48695231037794884,0.4289542651539394,0.03191295087673043,0.9680870491232696
original,19,1,0,0,0,2,1089935431,938872137,1.0172952594893019,0.6484221097744366,9.402820623010063e-05,0.9999059717937699
original,19,2,1,0,0,2,1089935431,938872137,-1.0936058352513125,0.3404442723825142,0.021482642391542565,0.9785173576084575
original,19,3,0,1,0,2,1089935431,938872137,1.0172952594893019,0.6484221097744366,9.402820623010063e-05,0.9999059717937699
original,19,4,0,0,1,2,1089935431,938872137,1.0172952594893019,0.6484221097744366,9.402820623010063e-05,0.9999059717937699
original,19,5,1,1,0,2,1089935431,938872137,-1.0936058352513125,0.3404442723825142,0.021482642391542565,0.9785173576084575
original,19,6,1,0,1,2,1089935431,938872137,-1.0936058352513125,0.3404442723825142,0.021482642391542565,0.9785173576084575
original,19,7,0,1,1,2,1089935431,938872137,1.0172952594893019,0.6484221097744366,9.402820623010063e-05,0.9999059717937699
original,19,8,1,1,1,2,1089935431,938872137,-1.0936058352513125,0.3404442723825142,0.021482642391542565,0.9785173576084575
original,20,1,0,0,0,2,318692035,1660125040,0.8519592220987111,0.6242997880960913,0.00034005548337972684,0.9996599445166203
original,20,2,1,0,0,2,318692035,1660125040,-0.2188858855435284,0.46806482225374224,0.04641926656674831,0.9535807334332517
original,20,3,0,1,0,2,318692035,1660125040,0.8519592220987111,0.6242997880960913,0.00034005548337972684,0.9996599445166203
original,20,4,0,0,1,2,318692035,1660125040,0.8519592220987111,0.6242997880960913,0.00034005548337972684,0.9996599445166203
original,20,5,1,1,0,2,318692035,1660125040,-0.2188858855435284,0.46806482225374224,0.04641926656674831,0.9535807334332517
original,20,6,1,0,1,2,318692035,1660125040,-0.2188858855435284,0.46806482225374224,0.04641926656674831,0.9535807334332517
original,20,7,0,1,1,2,318692035,1660125040,0.8519592220987111,0.6242997880960913,0.00034005548337972684,0.9996599445166203
original,20,8,1,1,1,2,318692035,1660125040,-0.2188858855435284,0.46806482225374224,0.04641926656674831,0.9535807334332517
original,21,1,0,0,0,2,1149473169,1514822979,0.5232173526270019,0.5763367592870531,0.02708135418698034,0.9729186458130197
original,21,2,1,0,0,2,1149473169,1514822979,-0.8018992277332335,0.38300390265613987,0.09120367155477059,0.9087963284452294
original,21,3,0,1,0,2,1149473169,1514822979,0.5232173526270019,0.5763367592870531,0.02708135418698034,0.9729186458130197
original,21,4,0,0,1,2,1149473169,1514822979,0.5232173526270019,0.5763367592870531,0.02708135418698034,0.9729186458130197
original,21,5,1,1,0,2,1149473169,1514822979,-0.8018992277332335,0.38300390265613987,0.09120367155477059,0.9087963284452294
original,21,6,1,0,1,2,1149473169,1514822979,-0.8018992277332335,0.38300390265613987,0.09120367155477059,0.9087963284452294
original,21,7,0,1,1,2,1149473169,1514822979,0.5232173526270019,0.5763367592870531,0.02708135418698034,0.9729186458130197
original,21,8,1,1,1,2,1149473169,1514822979,-0.8018992277332335,0.38300390265613987,0.09120367155477059,0.9087963284452294
original,22,1,0,0,0,2,459361677,1489325717,-0.9031692022926067,0.36822873965336395,0.009720060330732676,0.9902799396692673
original,22,2,1,0,0,2,459361677,1489325717,-0.4416788772604508,0.4355596025890162,0.003134993144891544,0.9968650068551085
original,22,3,0,1,0,2,459361677,1489325717,-0.9031692022926067,0.36822873965336395,0.009720060330732676,0.9902799396692673
original,22,4,0,0,1,2,459361677,1489325717,-0.9031692022926067,0.36822873965336395,0.009720060330732676,0.9902799396692673
original,22,5,1,1,0,2,459361677,1489325717,-0.4416788772604508,0.4355596025890162,0.003134993144891544,0.9968650068551085
original,22,6,1,0,1,2,459361677,1489325717,-0.4416788772604508,0.4355596025890162,0.003134993144891544,0.9968650068551085
original,22,7,0,1,1,2,459361677,1489325717,-0.9031692022926067,0.36822873965336395,0.009720060330732676,0.9902799396692673
original,22,8,1,1,1,2,459361677,1489325717,-0.4416788772604508,0.4355596025890162,0.003134993144891544,0.9968650068551085
original,23,1,0,0,0,2,693930169,397696918,-2.151740059170033,0.18606380862473126,0.29881591977808497,0.701184080221915
original,23,2,1,0,0,2,693930169,397696918,-0.4547569243145412,0.4336515318323788,0.21391157403153588,0.7860884259684642
original,23,3,0,1,0,2,693930169,397696918,-2.151740059170033,0.18606380862473126,0.29881591977808497,0.701184080221915
original,23,4,0,0,1,2,693930169,397696918,-2.151740059170033,0.18606380862473126,0.29881591977808497,0.701184080221915
original,23,5,1,1,0,2,693930169,397696918,-0.4547569243145412,0.4336515318323788,0.21391157403153588,0.7860884259684642
original,23,6,1,0,1,2,693930169,397696918,-0.4547569243145412,0.4336515318323788,0.21391157403153588,0.7860884259684642
original,23,7,0,1,1,2,693930169,397696918,-2.151740059170033,0.18606380862473126,0.29881591977808497,0.701184080221915
original,23,8,1,1,1,2,693930169,397696918,-0.4547569243145412,0.4336515318323788,0.21391157403153588,0.7860884259684642
original,24,1,0,0,0,2,1147713486,2125239933,-2.406695653430293,0.14886610535626246,0.29244582204324593,0.707554177956754
original,24,2,1,0,0,2,1147713486,2125239933,1.08448166197501,0.6582245221144777,0.0007609946163753475,0.9992390053836246
original,24,3,0,1,0,2,1147713486,2125239933,-2.406695653430293,0.14886610535626246,0.29244582204324593,0.707554177956754
original,24,4,0,0,1,2,1147713486,2125239933,-2.406695653430293,0.14886610535626246,0.29244582204324593,0.707554177956754
original,24,5,1,1,0,2,1147713486,2125239933,1.08448166197501,0.6582245221144777,0.0007609946163753475,0.9992390053836246
original,24,6,1,0,1,2,1147713486,2125239933,1.08448166197501,0.6582245221144777,0.0007609946163753475,0.9992390053836246
original,24,7,0,1,1,2,1147713486,2125239933,-2.406695653430293,0.14886610535626246,0.29244582204324593,0.707554177956754
original,24,8,1,1,1,2,1147713486,2125239933,1.08448166197501,0.6582245221144777,0.0007609946163753475,0.9992390053836246
original,25,1,0,0,0,2,2003847278,799544046,1.093694352322797,0.6595686421478332,0.0035130022125378605,0.9964869977874622
original,25,2,1,0,0,2,2003847278,799544046,-1.2204270923504965,0.32194120912007784,0.04027937287138413,0.9597206271286158
original,25,3,0,1,0,2,2003847278,799544046,1.093694352322797,0.6595686421478332,0.0035130022125378605,0.9964869977874622
original,25,4,0,0,1,2,2003847278,799544046,1.093694352322797,0.6595686421478332,0.0035130022125378605,0.9964869977874622
original,25,5,1,1,0,2,2003847278,799544046,-1.2204270923504965,0.32194120912007784,0.04027937287138413,0.9597206271286158
original,25,6,1,0,1,2,2003847278,799544046,-1.2204270923504965,0.32194120912007784,0.04027937287138413,0.9597206271286158
original,25,7,0,1,1,2,2003847278,799544046,1.093694352322797,0.6595686421478332,0.0035130022125378605,0.9964869977874622
original,25,8,1,1,1,2,2003847278,799544046,-1.2204270923504965,0.32194120912007784,0.04027937287138413,0.9597206271286158
original,26,1,0,0,0,2,453945205,1025401206,0.4806415582870387,0.5701250039856156,0.10338357858494772,0.8966164214150523
original,26,2,1,0,0,2,453945205,1025401206,-1.8269736284912625,0.23344682587132182,0.16945334111129112,0.8305466588887089
original,26,3,0,1,0,2,453945205,1025401206,0.4806415582870387,0.5701250039856156,0.10338357858494772,0.8966164214150523
original,26,4,0,0,1,2,453945205,1025401206,0.4806415582870387,0.5701250039856156,0.10338357858494772,0.8966164214150523
original,26,5,1,1,0,2,453945205,1025401206,-1.8269736284912625,0.23344682587132182,0.16945334111129112,0.8305466588887089
original,26,6,1,0,1,2,453945205,1025401206,-1.8269736284912625,0.23344682587132182,0.16945334111129112,0.8305466588887089
original,26,7,0,1,1,2,453945205,1025401206,0.4806415582870387,0.5701250039856156,0.10338357858494772,0.8966164214150523
original,26,8,1,1,1,2,453945205,1025401206,-1.8269736284912625,0.23344682587132182,0.16945334111129112,0.8305466588887089
original,27,1,0,0,0,2,664449705,236550486,1.1968603736733212,0.6746204360130345,0.04431769898752989,0.9556823010124701
original,27,2,1,0,0,2,664449705,236550486,-0.9167288507995269,0.3662504038453241,0.05931380753738212,0.9406861924626179
original,27,3,0,1,0,2,664449705,236550486,1.1968603736733212,0.6746204360130345,0.04431769898752989,0.9556823010124701
original,27,4,0,0,1,2,664449705,236550486,1.1968603736733212,0.6746204360130345,0.04431769898752989,0.9556823010124701
original,27,5,1,1,0,2,664449705,236550486,-0.9167288507995269,0.3662504038453241,0.05931380753738212,0.9406861924626179
original,27,6,1,0,1,2,664449705,236550486,-0.9167288507995269,0.3662504038453241,0.05931380753738212,0.9406861924626179
original,27,7,0,1,1,2,664449705,236550486,1.1968603736733212,0.6746204360130345,0.04431769898752989,0.9556823010124701
original,27,8,1,1,1,2,664449705,236550486,-0.9167288507995269,0.3662504038453241,0.05931380753738212,0.9406861924626179
original,28,1,0,0,0,2,1306351027,1100887379,-0.8051193133748696,0.3825340961765285,0.006300013267742021,0.993699986732258
original,28,2,1,0,0,2,1306351027,1100887379,1.237059538449137,0.6804854440247616,0.0028581157175596667,0.9971418842824403
original,28,3,0,1,0,2,1306351027,1100887379,-0.8051193133748696,0.3825340961765285,0.006300013267742021,0.993699986732258
original,28,4,0,0,1,2,1306351027,1100887379,-0.8051193133748696,0.3825340961765285,0.006300013267742021,0.993699986732258
original,28,5,1,1,0,2,1306351027,1100887379,1.237059538449137,0.6804854440247616,0.0028581157175596667,0.9971418842824403
original,28,6,1,0,1,2,1306351027,1100887379,1.237059538449137,0.6804854440247616,0.0028581157175596667,0.9971418842824403
original,28,7,0,1,1,2,1306351027,1100887379,-0.8051193133748696,0.3825340961765285,0.006300013267742021,0.993699986732258
original,28,8,1,1,1,2,1306351027,1100887379,1.237059538449137,0.6804854440247616,0.0028581157175596667,0.9971418842824403
original,29,1,0,0,0,2,1482538339,811869344,-1.1865692098796399,0.3268810319512019,0.07596473224864683,0.9240352677513531
original,29,2,1,0,0,2,1482538339,811869344,0.2503306632079657,0.5365229315953094,0.013055234047208136,0.9869447659527919
original,29,3,0,1,0,2,1482538339,811869344,-1.1865692098796399,0.3268810319512019,0.07596473224864683,0.9240352677513531
original,29,4,0,0,1,2,1482538339,811869344,-1.1865692098796399,0.3268810319512019,0.07596473224864683,0.9240352677513531
original,29,5,1,1,0,2,1482538339,811869344,0.2503306632079657,0.5365229315953094,0.013055234047208136,0.9869447659527919
original,29,6,1,0,1,2,1482538339,811869344,0.2503306632079657,0.5365229315953094,0.013055234047208136,0.9869447659527919
original,29,7,0,1,1,2,1482538339,811869344,-1.1865692098796399,0.3268810319512019,0.07596473224864683,0.9240352677513531
original,29,8,1,1,1,2,1482538339,811869344,0.2503306632079657,0.5365229315953094,0.013055234047208136,0.9869447659527919
original,30,1,0,0,0,2,429366336,2083305340,-0.7945977860865518,0.3840691738873648,0.03343618258268962,0.9665638174173103
original,30,2,1,0,0,2,429366336,2083305340,-1.2152321166526243,0.3226991495961715,0.039978340514906584,0.9600216594850934
original,30,3,0,1,0,2,429366336,2083305340,-0.7945977860865518,0.3840691738873648,0.03343618258268962,0.9665638174173103
original,30,4,0,0,1,2,429366336,2083305340,-0.7945977860865518,0.3840691738873648,0.03343618258268962,0.9665638174173103
original,30,5,1,1,0,2,429366336,2083305340,-1.2152321166526243,0.3226991495961715,0.039978340514906584,0.9600216594850934
original,30,6,1,0,1,2,429366336,2083305340,-1.2152321166526243,0.3226991495961715,0.039978340514906584,0.9600216594850934
original,30,7,0,1,1,2,429366336,2083305340,-0.7945977860865518,0.3840691738873648,0.03343618258268962,0.9665638174173103
original,30,8,1,1,1,2,429366336,2083305340,-1.2152321166526243,0.3226991495961715,0.039978340514906584,0.9600216594850934
original,31,1,0,0,0,2,315813677,1863393668,-0.8795628015607332,0.371672884082548,0.15446110824419587,0.8455388917558041
original,31,2,1,0,0,2,315813677,1863393668,0.1813369556747443,0.5264568357025772,0.020901938977228744,0.9790980610227713
original,31,3,0,1,0,2,315813677,1863393668,-0.8795628015607332,0.371672884082548,0.15446110824419587,0.8455388917558041
original,31,4,0,0,1,2,315813677,1863393668,-0.8795628015607332,0.371672884082548,0.15446110824419587,0.8455388917558041
original,31,5,1,1,0,2,315813677,1863393668,0.1813369556747443,0.5264568357025772,0.020901938977228744,0.9790980610227713
original,31,6,1,0,1,2,315813677,1863393668,0.1813369556747443,0.5264568357025772,0.020901938977228744,0.9790980610227713
original,31,7,0,1,1,2,315813677,1863393668,-0.8795628015607332,0.371672884082548,0.15446110824419587,0.8455388917558041
original,31,8,1,1,1,2,315813677,1863393668,0.1813369556747443,0.5264568357025772,0.020901938977228744,0.9790980610227713
original,32,1,0,0,0,2,1877017391,1217715671,-0.2543589549398313,0.46288934566436213,0.06166989513409579,0.9383301048659042
original,32,2,1,0,0,2,1877017391,1217715671,0.042719900054041304,0.5062327801454192,0.006010633076699355,0.9939893669233006
original,32,3,0,1,0,2,1877017391,1217715671,-0.2543589549398313,0.46288934566436213,0.06166989513409579,0.9383301048659042
original,32,4,0,0,1,2,1877017391,1217715671,-0.2543589549398313,0.46288934566436213,0.06166989513409579,0.9383301048659042
original,32,5,1,1,0,2,1877017391,1217715671,0.042719900054041304,0.5062327801454192,0.006010633076699355,0.9939893669233006
original,32,6,1,0,1,2,1877017391,1217715671,0.042719900054041304,0.5062327801454192,0.006010633076699355,0.9939893669233006
original,32,7,0,1,1,2,1877017391,1217715671,-0.2543589549398313,0.46288934566436213,0.06166989513409579,0.9383301048659042
original,32,8,1,1,1,2,1877017391,1217715671,0.042719900054041304,0.5062327801454192,0.006010633076699355,0.9939893669233006
original,33,1,0,0,0,2,467077559,1927301075,0.8701190854602325,0.6269492895148688,4.4032564306928146e-05,0.999955967435693
original,33,2,1,0,0,2,467077559,1927301075,-0.7920868778414846,0.38443551226917344,0.04916953933531532,0.9508304606646847
original,33,3,0,1,0,2,467077559,1927301075,0.8701190854602325,0.6269492895148688,4.4032564306928146e-05,0.999955967435693
original,33,4,0,0,1,2,467077559,1927301075,0.8701190854602325,0.6269492895148688,4.4032564306928146e-05,0.999955967435693
original,33,5,1,1,0,2,467077559,1927301075,-0.7920868778414846,0.38443551226917344,0.04916953933531532,0.9508304606646847
original,33,6,1,0,1,2,467077559,1927301075,-0.7920868778414846,0.38443551226917344,0.04916953933531532,0.9508304606646847
original,33,7,0,1,1,2,467077559,1927301075,0.8701190854602325,0.6269492895148688,4.4032564306928146e-05,0.999955967435693
original,33,8,1,1,1,2,467077559,1927301075,-0.7920868778414846,0.38443551226917344,0.04916953933531532,0.9508304606646847
original,34,1,0,0,0,2,1543975183,1597465586,0.4608386661361765,0.567235786715359,0.002241217996004947,0.997758782003995
original,34,2,1,0,0,2,1543975183,1597465586,0.7977761104414469,0.6163945396725883,0.011407689522334298,0.9885923104776657
original,34,3,0,1,0,2,1543975183,1597465586,0.4608386661361765,0.567235786715359,0.002241217996004947,0.997758782003995
original,34,4,0,0,1,2,1543975183,1597465586,0.4608386661361765,0.567235786715359,0.002241217996004947,0.997758782003995
original,34,5,1,1,0,2,1543975183,1597465586,0.7977761104414469,0.6163945396725883,0.011407689522334298,0.9885923104776657
original,34,6,1,0,1,2,1543975183,1597465586,0.7977761104414469,0.6163945396725883,0.011407689522334298,0.9885923104776657
original,34,7,0,1,1,2,1543975183,1597465586,0.4608386661361765,0.567235786715359,0.002241217996004947,0.997758782003995
original,34,8,1,1,1,2,1543975183,1597465586,0.7977761104414469,0.6163945396725883,0.011407689522334298,0.9885923104776657
original,35,1,0,0,0,2,1514795067,1523540149,-0.7028733754105725,0.39745165102303937,0.0013540254907934558,0.9986459745092066
original,35,2,1,0,0,2,1514795067,1523540149,-0.47291694511872484,0.4310020074429133,0.043301947831601774,0.9566980521683982
original,35,3,0,1,0,2,1514795067,1523540149,-0.7028733754105725,0.39745165102303937,0.0013540254907934558,0.9986459745092066
original,35,4,0,0,1,2,1514795067,1523540149,-0.7028733754105725,0.39745165102303937,0.0013540254907934558,0.9986459745092066
original,35,5,1,1,0,2,1514795067,1523540149,-0.47291694511872484,0.4310020074429133,0.043301947831601774,0.9566980521683982
original,35,6,1,0,1,2,1514795067,1523540149,-0.47291694511872484,0.4310020074429133,0.043301947831601774,0.9566980521683982
original,35,7,0,1,1,2,1514795067,1523540149,-0.7028733754105725,0.39745165102303937,0.0013540254907934558,0.9986459745092066
original,35,8,1,1,1,2,1514795067,1523540149,-0.47291694511872484,0.4310020074429133,0.043301947831601774,0.9566980521683982
original,36,1,0,0,0,2,1125244477,1791638421,-1.246293771241997,0.31816729292601076,3.066778607691502e-06,0.9999969332213923
original,36,2,1,0,0,2,1125244477,1791638421,-1.1210287104780277,0.3364433090837434,0.30081552860603933,0.6991844713939607
original,36,3,0,1,0,2,1125244477,1791638421,-1.246293771241997,0.31816729292601076,3.066778607691502e-06,0.9999969332213923
original,36,4,0,0,1,2,1125244477,1791638421,-1.246293771241997,0.31816729292601076,3.066778607691502e-06,0.9999969332213923
original,36,5,1,1,0,2,1125244477,1791638421,-1.1210287104780277,0.3364433090837434,0.30081552860603933,0.6991844713939607
original,36,6,1,0,1,2,1125244477,1791638421,-1.1210287104780277,0.3364433090837434,0.30081552860603933,0.6991844713939607
original,36,7,0,1,1,2,1125244477,1791638421,-1.246293771241997,0.31816729292601076,3.066778607691502e-06,0.9999969332213923
original,36,8,1,1,1,2,1125244477,1791638421,-1.1210287104780277,0.3364433090837434,0.30081552860603933,0.6991844713939607
original,37,1,0,0,0,2,450923808,528132426,-0.201283523847888,0.4706329848746821,0.0228071687876804,0.9771928312123196
original,37,2,1,0,0,2,450923808,528132426,1.8256243965893382,0.7663563228767033,9.464436481877105e-06,0.9999905355635181
original,37,3,0,1,0,2,450923808,528132426,-0.201283523847888,0.4706329848746821,0.0228071687876804,0.9771928312123196
original,37,4,0,0,1,2,450923808,528132426,-0.201283523847888,0.4706329848746821,0.0228071687876804,0.9771928312123196
original,37,5,1,1,0,2,450923808,528132426,1.8256243965893382,0.7663563228767033,9.464436481877105e-06,0.9999905355635181
original,37,6,1,0,1,2,450923808,528132426,1.8256243965893382,0.7663563228767033,9.464436481877105e-06,0.9999905355635181
original,37,7,0,1,1,2,450923808,528132426,-0.201283523847888,0.4706329848746821,0.0228071687876804,0.9771928312123196
original,37,8,1,1,1,2,450923808,528132426,1.8256243965893382,0.7663563228767033,9.464436481877105e-06,0.9999905355635181
original,38,1,0,0,0,2,642146553,153891511,2.1682308881561534,0.8163421827599905,4.0774674368283077e-07,0.9999995922532563
original,38,2,1,0,0,2,642146553,153891511,2.03394904133137,0.7967506287600756,0.0026140831652352366,0.9973859168347647
original,38,3,0,1,0,2,642146553,153891511,2.1682308881561534,0.8163421827599905,4.0774674368283077e-07,0.9999995922532563
original,38,4,0,0,1,2,642146553,153891511,2.1682308881561534,0.8163421827599905,4.0774674368283077e-07,0.9999995922532563
original,38,5,1,1,0,2,642146553,153891511,2.03394904133137,0.7967506287600756,0.0026140831652352366,0.9973859168347647
original,38,6,1,0,1,2,642146553,153891511,2.03394904133137,0.7967506287600756,0.0026140831652352366,0.9973859168347647
original,38,7,0,1,1,2,642146553,153891511,2.1682308881561534,0.8163421827599905,4.0774674368283077e-07,0.9999995922532563
original,38,8,1,1,1,2,642146553,153891511,2.03394904133137,0.7967506287600756,0.0026140831652352366,0.9973859168347647
original,39,1,0,0,0,2,1217645730,59460831,-0.360938452408602,0.44733952989017334,1.634902958604844e-07,0.9999998365097041
original,39,2,1,0,0,2,1217645730,59460831,0.5970163289180401,0.5871039378992962,0.013770551642629367,0.9862294483573706
original,39,3,0,1,0,2,1217645730,59460831,-0.360938452408602,0.44733952989017334,1.634902958604844e-07,0.9999998365097041
original,39,4,0,0,1,2,1217645730,59460831,-0.360938452408602,0.44733952989017334,1.634902958604844e-07,0.9999998365097041
original,39,5,1,1,0,2,1217645730,59460831,0.5970163289180401,0.5871039378992962,0.013770551642629367,0.9862294483573706
original,39,6,1,0,1,2,1217645730,59460831,0.5970163289180401,0.5871039378992962,0.013770551642629367,0.9862294483573706
original,39,7,0,1,1,2,1217645730,59460831,-0.360938452408602,0.44733952989017334,1.634902958604844e-07,0.9999998365097041
original,39,8,1,1,1,2,1217645730,59460831,0.5970163289180401,0.5871039378992962,0.013770551642629367,0.9862294483573706
original,40,1,0,0,0,2,1562069303,1694811473,0.5371825736720451,0.578374267622649,0.05531143558014883,0.9446885644198512
original,40,2,1,0,0,2,1562069303,1694811473,1.010889804827233,0.6474875619269552,0.00013496111407685686,0.9998650388859232
original,40,3,0,1,0,2,1562069303,1694811473,0.5371825736720451,0.578374267622649,0.05531143558014883,0.9446885644198512
original,40,4,0,0,1,2,1562069303,1694811473,0.5371825736720451,0.578374267622649,0.05531143558014883,0.9446885644198512
original,40,5,1,1,0,2,1562069303,1694811473,1.010889804827233,0.6474875619269552,0.00013496111407685686,0.9998650388859232
original,40,6,1,0,1,2,1562069303,1694811473,1.010889804827233,0.6474875619269552,0.00013496111407685686,0.9998650388859232
original,40,7,0,1,1,2,1562069303,1694811473,0.5371825736720451,0.578374267622649,0.05531143558014883,0.9446885644198512
original,40,8,1,1,1,2,1562069303,1694811473,1.010889804827233,0.6474875619269552,0.00013496111407685686,0.9998650388859232
original,41,1,0,0,0,2,1656608007,1005551400,0.3661393254968669,0.5534192710078245,0.141815744067471,0.858184255932529
original,41,2,1,0,0,2,1656608007,1005551400,0.1073521432984183,0.5156625438372314,0.15169159536497345,0.8483084046350265
original,41,3,0,1,0,2,1656608007,1005551400,0.3661393254968669,0.5534192710078245,0.141815744067471,0.858184255932529
original,41,4,0,0,1,2,1656608007,1005551400,0.3661393254968669,0.5534192710078245,0.141815744067471,0.858184255932529
original,41,5,1,1,0,2,1656608007,1005551400,0.1073521432984183,0.5156625438372314,0.15169159536497345,0.8483084046350265
original,41,6,1,0,1,2,1656608007,1005551400,0.1073521432984183,0.5156625438372314,0.15169159536497345,0.8483084046350265
original,41,7,0,1,1,2,1656608007,1005551400,0.3661393254968669,0.5534192710078245,0.141815744067471,0.858184255932529
original,41,8,1,1,1,2,1656608007,1005551400,0.1073521432984183,0.5156625438372314,0.15169159536497345,0.8483084046350265
original,42,1,0,0,0,2,1344534841,751372902,-1.6740532953521772,0.2557577117819736,0.28272768652158337,0.7172723134784167
original,42,2,1,0,0,2,1344534841,751372902,-2.654344881554734,0.11273439179584278,0.37219241055641494,0.6278075894435851
original,42,3,0,1,0,2,1344534841,751372902,-1.6740532953521772,0.2557577117819736,0.28272768652158337,0.7172723134784167
original,42,4,0,0,1,2,1344534841,751372902,-1.6740532953521772,0.2557577117819736,0.28272768652158337,0.7172723134784167
original,42,5,1,1,0,2,1344534841,751372902,-2.654344881554734,0.11273439179584278,0.37219241055641494,0.6278075894435851
original,42,6,1,0,1,2,1344534841,751372902,-2.654344881554734,0.11273439179584278,0.37219241055641494,0.6278075894435851
original,42,7,0,1,1,2,1344534841,751372902,-1.6740532953521772,0.2557577117819736,0.28272768652158337,0.7172723134784167
original,42,8,1,1,1,2,1344534841,751372902,-2.654344881554734,0.11273439179584278,0.37219241055641494,0.6278075894435851
original,43,1,0,0,0,2,1541412500,1613368830,-0.5779850092128707,0.41567270791329836,0.015176331864484714,0.9848236681355153
original,43,2,1,0,0,2,1541412500,1613368830,-0.07881283568411576,0.48850130555467763,0.0038754783755089216,0.996124521624491
original,43,3,0,1,0,2,1541412500,1613368830,-0.5779850092128707,0.41567270791329836,0.015176331864484714,0.9848236681355153
original,43,4,0,0,1,2,1541412500,1613368830,-0.5779850092128707,0.41567270791329836,0.015176331864484714,0.9848236681355153
original,43,5,1,1,0,2,1541412500,1613368830,-0.07881283568411576,0.48850130555467763,0.0038754783755089216,0.996124521624491
original,43,6,1,0,1,2,1541412500,1613368830,-0.07881283568411576,0.48850130555467763,0.0038754783755089216,0.996124521624491
original,43,7,0,1,1,2,1541412500,1613368830,-0.5779850092128707,0.41567270791329836,0.015176331864484714,0.9848236681355153
original,43,8,1,1,1,2,1541412500,1613368830,-0.07881283568411576,0.48850130555467763,0.0038754783755089216,0.996124521624491
original,44,1,0,0,0,2,2000982530,1105233269,0.15576539004559925,0.5227259761654763,0.10516489485650397,0.8948351051434961
original,44,2,1,0,0,2,2000982530,1105233269,-1.6233551874087206,0.26315450250949307,0.25714576887287116,0.7428542311271289
original,44,3,0,1,0,2,2000982530,1105233269,0.15576539004559925,0.5227259761654763,0.10516489485650397,0.8948351051434961
original,44,4,0,0,1,2,2000982530,1105233269,0.15576539004559925,0.5227259761654763,0.10516489485650397,0.8948351051434961
original,44,5,1,1,0,2,2000982530,1105233269,-1.6233551874087206,0.26315450250949307,0.25714576887287116,0.7428542311271289
original,44,6,1,0,1,2,2000982530,1105233269,-1.6233551874087206,0.26315450250949307,0.25714576887287116,0.7428542311271289
original,44,7,0,1,1,2,2000982530,1105233269,0.15576539004559925,0.5227259761654763,0.10516489485650397,0.8948351051434961
original,44,8,1,1,1,2,2000982530,1105233269,-1.6233551874087206,0.26315450250949307,0.25714576887287116,0.7428542311271289
original,45,1,0,0,0,2,1044651579,385972382,1.4060781489596785,0.7051450485290742,0.00028237297382479774,0.9997176270261752
original,45,2,1,0,0,2,1044651579,385972382,1.624641753037298,0.7370332058113466,0.0007170017423993021,0.9992829982576007
original,45,3,0,1,0,2,1044651579,385972382,1.4060781489596785,0.7051450485290742,0.00028237297382479774,0.9997176270261752
original,45,4,0,0,1,2,1044651579,385972382,1.4060781489596785,0.7051450485290742,0.00028237297382479774,0.9997176270261752
original,45,5,1,1,0,2,1044651579,385972382,1.624641753037298,0.7370332058113466,0.0007170017423993021,0.9992829982576007
original,45,6,1,0,1,2,1044651579,385972382,1.624641753037298,0.7370332058113466,0.0007170017423993021,0.9992829982576007
original,45,7,0,1,1,2,1044651579,385972382,1.4060781489596785,0.7051450485290742,0.00028237297382479774,0.9997176270261752
original,45,8,1,1,1,2,1044651579,385972382,1.624641753037298,0.7370332058113466,0.0007170017423993021,0.9992829982576007
original,46,1,0,0,0,2,1751104249,2023376942,-1.8665578884826144,0.22767153170085092,0.5194754910736199,0.4805245089263801
original,46,2,1,0,0,2,1751104249,2023376942,-2.10350337452967,0.19310148076176745,0.47793790075391834,0.5220620992460816
original,46,3,0,1,0,2,1751104249,2023376942,-1.8665578884826144,0.22767153170085092,0.5194754910736199,0.4805245089263801
original,46,4,0,0,1,2,1751104249,2023376942,-1.8665578884826144,0.22767153170085092,0.5194754910736199,0.4805245089263801
original,46,5,1,1,0,2,1751104249,2023376942,-2.10350337452967,0.19310148076176745,0.47793790075391834,0.5220620992460816
original,46,6,1,0,1,2,1751104249,2023376942,-2.10350337452967,0.19310148076176745,0.47793790075391834,0.5220620992460816
original,46,7,0,1,1,2,1751104249,2023376942,-1.8665578884826144,0.22767153170085092,0.5194754910736199,0.4805245089263801
original,46,8,1,1,1,2,1751104249,2023376942,-2.10350337452967,0.19310148076176745,0.47793790075391834,0.5220620992460816
original,47,1,0,0,0,2,1575527807,828179370,0.9228137883376795,0.6346373809534686,0.028057653653073947,0.971942346346926
original,47,2,1,0,0,2,1575527807,828179370,-0.07338571605154176,0.48929311554135674,0.07639815129935276,0.9236018487006472
original,47,3,0,1,0,2,1575527807,828179370,0.9228137883376795,0.6346373809534686,0.028057653653073947,0.971942346346926
original,47,4,0,0,1,2,1575527807,828179370,0.9228137883376795,0.6346373809534686,0.028057653653073947,0.971942346346926
original,47,5,1,1,0,2,1575527807,828179370,-0.07338571605154176,0.48929311554135674,0.07639815129935276,0.9236018487006472
original,47,6,1,0,1,2,1575527807,828179370,-0.07338571605154176,0.48929311554135674,0.07639815129935276,0.9236018487006472
original,47,7,0,1,1,2,1575527807,828179370,0.9228137883376795,0.6346373809534686,0.028057653653073947,0.971942346346926
original,47,8,1,1,1,2,1575527807,828179370,-0.07338571605154176,0.48929311554135674,0.07639815129935276,0.9236018487006472
original,48,1,0,0,0,2,717197025,965858433,0.2841039947816073,0.5414504185559661,0.00026796531035969335,0.9997320346896403
original,48,2,1,0,0,2,717197025,965858433,0.8839227997338337,0.6289632342139132,0.05838896271230894,0.941611037287691
original,48,3,0,1,0,2,717197025,965858433,0.2841039947816073,0.5414504185559661,0.00026796531035969335,0.9997320346896403
original,48,4,0,0,1,2,717197025,965858433,0.2841039947816073,0.5414504185559661,0.00026796531035969335,0.9997320346896403
original,48,5,1,1,0,2,717197025,965858433,0.8839227997338337,0.6289632342139132,0.05838896271230894,0.941611037287691
original,48,6,1,0,1,2,717197025,965858433,0.8839227997338337,0.6289632342139132,0.05838896271230894,0.941611037287691
original,48,7,0,1,1,2,717197025,965858433,0.2841039947816073,0.5414504185559661,0.00026796531035969335,0.9997320346896403
original,48,8,1,1,1,2,717197025,965858433,0.8839227997338337,0.6289632342139132,0.05838896271230894,0.941611037287691
original,49,1,0,0,0,2,360759089,730219902,-1.3945080954116356,0.2965430078555254,0.25004533117447264,0.7499546688255274
original,49,2,1,0,0,2,360759089,730219902,0.19066317497153762,0.5278175194680201,0.0064916786994322325,0.9935083213005678
original,49,3,0,1,0,2,360759089,730219902,-1.3945080954116356,0.2965430078555254,0.25004533117447264,0.7499546688255274
original,49,4,0,0,1,2,360759089,730219902,-1.3945080954116356,0.2965430078555254,0.25004533117447264,0.7499546688255274
original,49,5,1,1,0,2,360759089,730219902,0.19066317497153762,0.5278175194680201,0.0064916786994322325,0.9935083213005678
original,49,6,1,0,1,2,360759089,730219902,0.19066317497153762,0.5278175194680201,0.0064916786994322325,0.9935083213005678
original,49,7,0,1,1,2,360759089,730219902,-1.3945080954116356,0.2965430078555254,0.25004533117447264,0.7499546688255274
original,49,8,1,1,1,2,360759089,730219902,0.19066317497153762,0.5278175194680201,0.0064916786994322325,0.9935083213005678
original,0,1,0,0,0,3,1549840586,1598843012,-1.2456656460706235,0.31825893560523105,0.002753356027389849,0.9972466439726102
original,0,2,1,0,0,3,1549840586,1598843012,0.12822879651083197,0.5187084215073695,0.00869607206470456,0.9913039279352954
original,0,3,0,1,0,3,1549840586,1598843012,-1.2456656460706235,0.31825893560523105,0.002753356027389849,0.9972466439726102
original,0,4,0,0,1,3,1549840586,1598843012,-1.190442773160461,0.3263158838989315,0.005617865787827984,0.994382134212172
original,0,5,1,1,0,3,1549840586,1598843012,0.12822879651083197,0.5187084215073695,0.00869607206470456,0.9913039279352954
original,0,6,1,0,1,3,1549840586,1598843012,1.2685038390591692,0.6850731282721702,8.455274815821885e-05,0.9999154472518418
original,0,7,0,1,1,3,1549840586,1598843012,-1.190442773160461,0.3263158838989315,0.005617865787827984,0.994382134212172
original,0,8,1,1,1,3,1549840586,1598843012,1.2685038390591692,0.6850731282721702,8.455274815821885e-05,0.9999154472518418
original,1,1,0,0,0,3,1007150649,865811491,-0.3091832545693287,0.4548905487152828,0.12521019833135275,0.8747898016686473
original,1,2,1,0,0,3,1007150649,865811491,-0.4192203586512463,0.4388362724479321,0.13091245289224873,0.8690875471077513
original,1,3,0,1,0,3,1007150649,865811491,-0.3091832545693287,0.4548905487152828,0.12521019833135275,0.8747898016686473
original,1,4,0,0,1,3,1007150649,865811491,-0.3084321511454852,0.4550001337681824,0.09954855199483988,0.9004514480051601
original,1,5,1,1,0,3,1007150649,865811491,-0.4192203586512463,0.4388362724479321,0.13091245289224873,0.8690875471077513
original,1,6,1,0,1,3,1007150649,865811491,0.09401040136138489,0.5137160003260047,0.015206803311510442,0.9847931966884895
original,1,7,0,1,1,3,1007150649,865811491,-0.3084321511454852,0.4550001337681824,0.09954855199483988,0.9004514480051601
original,1,8,1,1,1,3,1007150649,865811491,0.09401040136138489,0.5137160003260047,0.015206803311510442,0.9847931966884895
original,2,1,0,0,0,3,1781271380,1668920821,0.8973920858005091,0.6309283862546048,0.0031205081042013656,0.9968794918957986
original,2,2,1,0,0,3,1781271380,1668920821,-0.8868590444841219,0.37060837133856867,0.039240237168144614,0.9607597628318554
original,2,3,0,1,0,3,1781271380,1668920821,0.8973920858005091,0.6309283862546048,0.0031205081042013656,0.9968794918957986
original,2,4,0,0,1,3,1781271380,1668920821,0.7356058083428352,0.6073239701238592,0.0032639626014489293,0.9967360373985511
original,2,5,1,1,0,3,1781271380,1668920821,-0.8868590444841219,0.37060837133856867,0.039240237168144614,0.9607597628318554
original,2,6,1,0,1,3,1781271380,1668920821,-0.31547920086017855,0.4539719780026034,0.07846082138731375,0.9215391786126863
original,2,7,0,1,1,3,1781271380,1668920821,0.7356058083428352,0.6073239701238592,0.0032639626014489293,0.9967360373985511
original,2,8,1,1,1,3,1781271380,1668920821,-0.31547920086017855,0.4539719780026034,0.07846082138731375,0.9215391786126863
original,3,1,0,0,0,3,1417964157,773195657,0.733861615154937,0.6070694945127845,0.02603980323869221,0.9739601967613077
original,3,2,1,0,0,3,1417964157,773195657,0.5693595553894362,0.583068849129955,0.044340525732777566,0.9556594742672224
original,3,3,0,1,0,3,1417964157,773195657,0.733861615154937,0.6070694945127845,0.02603980323869221,0.9739601967613077
original,3,4,0,0,1,3,1417964157,773195657,0.9957647513941318,0.645280835492273,0.010099528960234992,0.989900471039765
original,3,5,1,1,0,3,1417964157,773195657,0.5693595553894362,0.583068849129955,0.044340525732777566,0.9556594742672224
original,3,6,1,0,1,3,1417964157,773195657,0.37929389743875563,0.5553385066501639,0.03497928888261714,0.9650207111173829
original,3,7,0,1,1,3,1417964157,773195657,0.9957647513941318,0.645280835492273,0.010099528960234992,0.989900471039765
original,3,8,1,1,1,3,1417964157,773195657,0.37929389743875563,0.5553385066501639,0.03497928888261714,0.9650207111173829
original,4,1,0,0,0,3,1595058949,862610454,-0.15702104501266184,0.47709082534065317,0.04179495115822942,0.9582050488417706
original,4,2,1,0,0,3,1595058949,862610454,-2.103776322850653,0.19306165794210733,0.3000561801824529,0.6999438198175472
original,4,3,0,1,0,3,1595058949,862610454,-0.15702104501266184,0.47709082534065317,0.04179495115822942,0.9582050488417706
original,4,4,0,0,1,3,1595058949,862610454,-0.34279180645496277,0.44998710290562316,0.01677444336822952,0.9832255566317705
original,4,5,1,1,0,3,1595058949,862610454,-2.103776322850653,0.19306165794210733,0.3000561801824529,0.6999438198175472
original,4,6,1,0,1,3,1595058949,862610454,-1.931080018591748,0.21825783337815757,0.24762898559895202,0.752371014401048
original,4,7,0,1,1,3,1595058949,862610454,-0.34279180645496277,0.44998710290562316,0.01677444336822952,0.9832255566317705
original,4,8,1,1,1,3,1595058949,862610454,-1.931080018591748,0.21825783337815757,0.24762898559895202,0.752371014401048
original,5,1,0,0,0,3,1161276209,545105003,-0.7902680518093756,0.3847008767191501,2.5773008991374165e-06,0.9999974226991009
original,5,2,1,0,0,3,1161276209,545105003,0.9656211895449629,0.6408829274080301,0.0007551499405863117,0.9992448500594137
original,5,3,0,1,0,3,1161276209,545105003,-0.7902680518093756,0.3847008767191501,2.5773008991374165e-06,0.9999974226991009
original,5,4,0,0,1,3,1161276209,545105003,0.283455202964058,0.5413557606388405,0.002346757053256343,0.9976532429467436
original,5,5,1,1,0,3,1161276209,545105003,0.9656211895449629,0.6408829274080301,0.0007551499405863117,0.9992448500594137
original,5,6,1,0,1,3,1161276209,545105003,-0.3785465037596815,0.4447705371556001,0.06248129270415088,0.9375187072958491
original,5,7,0,1,1,3,1161276209,545105003,0.283455202964058,0.5413557606388405,0.002346757053256343,0.9976532429467436
original,5,8,1,1,1,3,1161276209,545105003,-0.3785465037596815,0.4447705371556001,0.06248129270415088,0.9375187072958491
original,6,1,0,0,0,3,1955252358,259470106,-1.0503193568933382,0.34675971559594404,0.002554158389510516,0.9974458416104894
original,6,2,1,0,0,3,1955252358,259470106,0.5349543205651313,0.578049168273021,0.011019151488906835,0.9889808485110931
original,6,3,0,1,0,3,1955252358,259470106,-1.0503193568933382,0.34675971559594404,0.002554158389510516,0.9974458416104894
original,6,4,0,0,1,3,1955252358,259470106,-0.7237434641698645,0.39440673109842583,0.005910306131698332,0.9940896938683017
original,6,5,1,1,0,3,1955252358,259470106,0.5349543205651313,0.578049168273021,0.011019151488906835,0.9889808485110931
original,6,6,1,0,1,3,1955252358,259470106,1.1682378005110137,0.670444438281505,0.024259307629429846,0.9757406923705702
original,6,7,0,1,1,3,1955252358,259470106,-0.7237434641698645,0.39440673109842583,0.005910306131698332,0.9940896938683017
original,6,8,1,1,1,3,1955252358,259470106,1.1682378005110137,0.670444438281505,0.024259307629429846,0.9757406923705702
original,7,1,0,0,0,3,991782993,298126136,0.6509800622554366,0.5949771792994992,0.015586562970786295,0.9844134370292137
original,7,2,1,0,0,3,991782993,298126136,0.3680675895379688,0.5537006023268422,0.002568188548804265,0.9974318114511957
original,7,3,0,1,0,3,991782993,298126136,0.6509800622554366,0.5949771792994992,0.015586562970786295,0.9844134370292137
original,7,4,0,0,1,3,991782993,298126136,-0.531833163574335,0.4224062046397987,0.012678938538235953,0.987321061461764
original,7,5,1,1,0,3,991782993,298126136,0.3680675895379688,0.5537006023268422,0.002568188548804265,0.9974318114511957
original,7,6,1,0,1,3,991782993,298126136,-0.026656228110497504,0.49611088955946303,0.015993772802075073,0.984006227197925
original,7,7,0,1,1,3,991782993,298126136,-0.531833163574335,0.4224062046397987,0.012678938538235953,0.987321061461764
original,7,8,1,1,1,3,991782993,298126136,-0.026656228110497504,0.49611088955946303,0.015993772802075073,0.984006227197925
original,8,1,0,0,0,3,872849066,1145933516,0.12112103346042968,0.5176714077418211,0.08053440628770664,0.9194655937122933
original,8,2,1,0,0,3,872849066,1145933516,-0.43988786661861484,0.4358209088082384,0.15744463871794126,0.8425553612820588
original,8,3,0,1,0,3,872849066,1145933516,0.12112103346042968,0.5176714077418211,0.08053440628770664,0.9194655937122933
original,8,4,0,0,1,3,872849066,1145933516,0.11551526695465836,0.5168535333991183,0.06206839654530122,0.9379316034546987
original,8,5,1,1,0,3,872849066,1145933516,-0.43988786661861484,0.4358209088082384,0.15744463871794126,0.8425553612820588
original,8,6,1,0,1,3,872849066,1145933516,0.22943971880303282,0.5334749688580042,0.08461704532116293,0.915382954678837
original,8,7,0,1,1,3,872849066,1145933516,0.11551526695465836,0.5168535333991183,0.06206839654530122,0.9379316034546987
original,8,8,1,1,1,3,872849066,1145933516,0.22943971880303282,0.5334749688580042,0.08461704532116293,0.915382954678837
original,9,1,0,0,0,3,751360142,903399228,0.23628134176767546,0.5344731531169216,0.027616088354865433,0.9723839116451346
original,9,2,1,0,0,3,751360142,903399228,1.3598245293733324,0.6983967031105022,0.00044891014207177726,0.9995510898579282
original,9,3,0,1,0,3,751360142,903399228,0.23628134176767546,0.5344731531169216,0.027616088354865433,0.9723839116451346
original,9,4,0,0,1,3,751360142,903399228,0.23611761352314836,0.5344492653702171,0.027391751784107236,0.9726082482158928
original,9,5,1,1,0,3,751360142,903399228,1.3598245293733324,0.6983967031105022,0.00044891014207177726,0.9995510898579282
original,9,6,1,0,1,3,751360142,903399228,0.978695401786922,0.6427904386703598,0.002744033229224313,0.9972559667707757
original,9,7,0,1,1,3,751360142,903399228,0.23611761352314836,0.5344492653702171,0.027391751784107236,0.9726082482158928
original,9,8,1,1,1,3,751360142,903399228,0.978695401786922,0.6427904386703598,0.002744033229224313,0.9972559667707757
original,10,1,0,0,0,3,1226170167,1134064530,-1.4460545582380484,0.28902244320849607,0.10768133659026331,0.8923186634097366
original,10,2,1,0,0,3,1226170167,1134064530,-1.1877937584122098,0.3267023718473335,0.11076878248852284,0.8892312175114772
original,10,3,0,1,0,3,1226170167,1134064530,-1.4460545582380484,0.28902244320849607,0.10768133659026331,0.8923186634097366
original,10,4,0,0,1,3,1226170167,1134064530,-2.295328691888746,0.16511440616861753,0.5053680345356003,0.4946319654643997
original,10,5,1,1,0,3,1226170167,1134064530,-1.1877937584122098,0.3267023718473335,0.11076878248852284,0.8892312175114772
original,10,6,1,0,1,3,1226170167,1134064530,-2.923133829700353,0.07351841944593537,0.3893716353362617,0.6106283646637383
original,10,7,0,1,1,3,1226170167,1134064530,-2.295328691888746,0.16511440616861753,0.5053680345356003,0.4946319654643997
original,10,8,1,1,1,3,1226170167,1134064530,-2.923133829700353,0.07351841944593537,0.3893716353362617,0.6106283646637383
original,11,1,0,0,0,3,1228082898,1284824733,-0.5808552967214937,0.41525393654508913,0.059948401637330645,0.9400515983626694
original,11,2,1,0,0,3,1228082898,1284824733,-1.4143878115699047,0.2936425820583891,0.05077866368690258,0.9492213363130975
original,11,3,0,1,0,3,1228082898,1284824733,-0.5808552967214937,0.41525393654508913,0.059948401637330645,0.9400515983626694
original,11,4,0,0,1,3,1228082898,1284824733,-0.7014323350326075,0.3976618970171818,0.005887184015296587,0.9941128159847035
original,11,5,1,1,0,3,1228082898,1284824733,-1.4143878115699047,0.2936425820583891,0.05077866368690258,0.9492213363130975
original,11,6,1,0,1,3,1228082898,1284824733,-1.0403928333155648,0.3482079830073919,0.00021859610389478906,0.9997814038961053
original,11,7,0,1,1,3,1228082898,1284824733,-0.7014323350326075,0.3976618970171818,0.005887184015296587,0.9941128159847035
original,11,8,1,1,1,3,1228082898,1284824733,-1.0403928333155648,0.3482079830073919,0.00021859610389478906,0.9997814038961053
original,12,1,0,0,0,3,1040767338,1215241837,-1.050490454404918,0.3467347526823661,0.0001595827331408872,0.9998404172668591
original,12,2,1,0,0,3,1040767338,1215241837,-0.7764768607633863,0.3867129942949025,0.016487492783166417,0.9835125072168336
original,12,3,0,1,0,3,1040767338,1215241837,-1.050490454404918,0.3467347526823661,0.0001595827331408872,0.9998404172668591
original,12,4,0,0,1,3,1040767338,1215241837,-1.1272955291613957,0.33552898805267295,0.026869479443635363,0.9731305205563646
original,12,5,1,1,0,3,1040767338,1215241837,-0.7764768607633863,0.3867129942949025,0.016487492783166417,0.9835125072168336
original,12,6,1,0,1,3,1040767338,1215241837,-1.100731132726429,0.33940470036626574,0.06690441748933855,0.9330955825106615
original,12,7,0,1,1,3,1040767338,1215241837,-1.1272955291613957,0.33552898805267295,0.026869479443635363,0.9731305205563646
original,12,8,1,1,1,3,1040767338,1215241837,-1.100731132726429,0.33940470036626574,0.06690441748933855,0.9330955825106615
original,13,1,0,0,0,3,850754617,48954895,0.4463859128922534,0.5651271480399078,0.12430216683486597,0.875697833165134
original,13,2,1,0,0,3,850754617,48954895,-1.7461306177885056,0.24524172032020009,0.41161293351148875,0.5883870664885112
original,13,3,0,1,0,3,850754617,48954895,0.4463859128922534,0.5651271480399078,0.12430216683486597,0.875697833165134
original,13,4,0,0,1,3,850754617,48954895,1.523508261243963,0.7222779554739392,0.016049610876654415,0.9839503891233455
original,13,5,1,1,0,3,850754617,48954895,-1.7461306177885056,0.24524172032020009,0.41161293351148875,0.5883870664885112
original,13,6,1,0,1,3,850754617,48954895,-1.467029688769467,0.28596219782031823,0.22213399401888897,0.777866005981111
original,13,7,0,1,1,3,850754617,48954895,1.523508261243963,0.7222779554739392,0.016049610876654415,0.9839503891233455
original,13,8,1,1,1,3,850754617,48954895,-1.467029688769467,0.28596219782031823,0.22213399401888897,0.777866005981111
original,14,1,0,0,0,3,483754459,120010603,-1.158785477514115,0.33093464385652976,0.30066859538260116,0.6993314046173988
original,14,2,1,0,0,3,483754459,120010603,0.2224824489355111,0.5324599118601705,0.11339247548614784,0.8866075245138522
original,14,3,0,1,0,3,483754459,120010603,-1.158785477514115,0.33093464385652976,0.30066859538260116,0.6993314046173988
original,14,4,0,0,1,3,483754459,120010603,-1.1499907026979903,0.33221779053496375,0.3004674399550168,0.6995325600449832
original,14,5,1,1,0,3,483754459,120010603,0.2224824489355111,0.5324599118601705,0.11339247548614784,0.8866075245138522
original,14,6,1,0,1,3,483754459,120010603,0.6120747969583286,0.5893009496082001,0.08119001533785548,0.9188099846621445
original,14,7,0,1,1,3,483754459,120010603,-1.1499907026979903,0.33221779053496375,0.3004674399550168,0.6995325600449832
original,14,8,1,1,1,3,483754459,120010603,0.6120747969583286,0.5893009496082001,0.08119001533785548,0.9188099846621445
original,15,1,0,0,0,3,661800543,1541202571,-1.4838747653941247,0.28350452214688704,0.17981305779417767,0.8201869422058223
original,15,2,1,0,0,3,661800543,1541202571,0.041610530572710136,0.5060709245214962,0.02837492288514249,0.9716250771148575
original,15,3,0,1,0,3,661800543,1541202571,-1.4838747653941247,0.28350452214688704,0.17981305779417767,0.8201869422058223
original,15,4,0,0,1,3,661800543,1541202571,-1.3109304864087679,0.30873687678629774,0.053918708365598506,0.9460812916344015
original,15,5,1,1,0,3,661800543,1541202571,0.041610530572710136,0.5060709245214962,0.02837492288514249,0.9716250771148575
original,15,6,1,0,1,3,661800543,1541202571,1.7193415931763396,0.7508497943952691,0.011883352952113426,0.9881166470478866
original,15,7,0,1,1,3,661800543,1541202571,-1.3109304864087679,0.30873687678629774,0.053918708365598506,0.9460812916344015
original,15,8,1,1,1,3,661800543,1541202571,1.7193415931763396,0.7508497943952691,0.011883352952113426,0.9881166470478866
original,16,1,0,0,0,3,102061872,2139468660,-0.5812456272377282,0.4151969878095195,0.33290558728887976,0.6670944127111202
original,16,2,1,0,0,3,102061872,2139468660,-0.41000001962853616,0.44018150841342085,0.002840490584219637,0.9971595094157804
original,16,3,0,1,0,3,102061872,2139468660,-0.5812456272377282,0.4151969878095195,0.33290558728887976,0.6670944127111202
original,16,4,0,0,1,3,102061872,2139468660,0.11404719677876624,0.5166393437911649,0.11483060261091124,0.8851693973890887
original,16,5,1,1,0,3,102061872,2139468660,-0.41000001962853616,0.44018150841342085,0.002840490584219637,0.9971595094157804
original,16,6,1,0,1,3,102061872,2139468660,-0.5280517268959546,0.4229579115356565,3.7271460160824554e-05,0.9999627285398391
original,16,7,0,1,1,3,102061872,2139468660,0.11404719677876624,0.5166393437911649,0.11483060261091124,0.8851693973890887
original,16,8,1,1,1,3,102061872,2139468660,-0.5280517268959546,0.4229579115356565,3.7271460160824554e-05,0.9999627285398391
original,17,1,0,0,0,3,882025301,56239379,1.9822296633676697,0.7892048360101442,0.0001715075155811892,0.9998284924844189
original,17,2,1,0,0,3,882025301,56239379,-0.06844176743285876,0.49001443147963186,0.014336972106238252,0.9856630278937617
original,17,3,0,1,0,3,882025301,56239379,1.9822296633676697,0.7892048360101442,0.0001715075155811892,0.9998284924844189
original,17,4,0,0,1,3,882025301,56239379,1.930324555451259,0.781631945491721,1.663641035218658e-05,0.9999833635896478
original,17,5,1,1,0,3,882025301,56239379,-0.06844176743285876,0.49001443147963186,0.014336972106238252,0.9856630278937617
original,17,6,1,0,1,3,882025301,56239379,-0.7335334212521039,0.39297838856837547,0.004469133776269171,0.9955308662237309
original,17,7,0,1,1,3,882025301,56239379,1.930324555451259,0.781631945491721,1.663641035218658e-05,0.9999833635896478
original,17,8,1,1,1,3,882025301,56239379,-0.7335334212521039,0.39297838856837547,0.004469133776269171,0.9955308662237309
original,18,1,0,0,0,3,574921360,1463195397,2.397809793585887,0.849837458773262,0.01545111833998731,0.9845488816600126
original,18,2,1,0,0,3,574921360,1463195397,0.6905660462386126,0.6007527249982274,0.01523047043891573,0.9847695295610843
original,18,3,0,1,0,3,574921360,1463195397,2.397809793585887,0.849837458773262,0.01545111833998731,0.9845488816600126
original,18,4,0,0,1,3,574921360,1463195397,2.7864162331737594,0.9065346537100785,0.004763089156643347,0.9952369108433566
original,18,5,1,1,0,3,574921360,1463195397,0.6905660462386126,0.6007527249982274,0.01523047043891573,0.9847695295610843
original,18,6,1,0,1,3,574921360,1463195397,0.6734226692103175,0.5982515276678914,0.0004864761676630283,0.9995135238323369
original,18,7,0,1,1,3,574921360,1463195397,2.7864162331737594,0.9065346537100785,0.004763089156643347,0.9952369108433566
original,18,8,1,1,1,3,574921360,1463195397,0.6734226692103175,0.5982515276678914,0.0004864761676630283,0.9995135238323369
original,19,1,0,0,0,3,1113229523,1125575344,2.4543841860487934,0.8580915920843393,0.0007834843126846164,0.9992165156873154
original,19,2,1,0,0,3,1113229523,1125575344,1.528003768416518,0.7229338443644386,0.01543586792649203,0.984564132073508
original,19,3,0,1,0,3,1113229523,1125575344,2.4543841860487934,0.8580915920843393,0.0007834843126846164,0.9992165156873154
original,19,4,0,0,1,3,1113229523,1125575344,2.5276337929097505,0.8687786183818069,0.0008362729288350858,0.999163727071165
original,19,5,1,1,0,3,1113229523,1125575344,1.528003768416518,0.7229338443644386,0.01543586792649203,0.984564132073508
original,19,6,1,0,1,3,1113229523,1125575344,0.5440749432710856,0.579379855752243,0.006323745561915636,0.9936762544380844
original,19,7,0,1,1,3,1113229523,1125575344,2.5276337929097505,0.8687786183818069,0.0008362729288350858,0.999163727071165
original,19,8,1,1,1,3,1113229523,1125575344,0.5440749432710856,0.579379855752243,0.006323745561915636,0.9936762544380844
original,20,1,0,0,0,3,1274555704,1875008614,-0.8372703817410915,0.37784329539484357,0.0013978732733960463,0.998602126726604
original,20,2,1,0,0,3,1274555704,1875008614,2.2575682737974634,0.8293763959197689,0.00191719498197891,0.998082805018021
original,20,3,0,1,0,3,1274555704,1875008614,-0.8372703817410915,0.37784329539484357,0.0013978732733960463,0.998602126726604
original,20,4,0,0,1,3,1274555704,1875008614,-0.6088749219417777,0.4111659081664144,1.1668676468063759e-05,0.9999883313235319
original,20,5,1,1,0,3,1274555704,1875008614,2.2575682737974634,0.8293763959197689,0.00191719498197891,0.998082805018021
original,20,6,1,0,1,3,1274555704,1875008614,0.830019151545037,0.6210987591619636,0.001707474381163605,0.9982925256188364
original,20,7,0,1,1,3,1274555704,1875008614,-0.6088749219417777,0.4111659081664144,1.1668676468063759e-05,0.9999883313235319
original,20,8,1,1,1,3,1274555704,1875008614,0.830019151545037,0.6210987591619636,0.001707474381163605,0.9982925256188364
original,21,1,0,0,0,3,1993827909,617756340,-2.5744843937204847,0.12438593738342908,0.07415045454569646,0.9258495454543035
original,21,2,1,0,0,3,1993827909,617756340,-2.6080805124304227,0.11948430555859911,0.20526863977127452,0.7947313602287255
original,21,3,0,1,0,3,1993827909,617756340,-2.5744843937204847,0.12438593738342908,0.07415045454569646,0.9258495454543035
original,21,4,0,0,1,3,1993827909,617756340,-2.8607207678598696,0.08262440733827776,0.1673530945526669,0.8326469054473331
original,21,5,1,1,0,3,1993827909,617756340,-2.6080805124304227,0.11948430555859911,0.20526863977127452,0.7947313602287255
original,21,6,1,0,1,3,1993827909,617756340,-2.8185037326502003,0.08878382012998427,0.33017256817643653,0.6698274318235635
original,21,7,0,1,1,3,1993827909,617756340,-2.8607207678598696,0.08262440733827776,0.1673530945526669,0.8326469054473331
original,21,8,1,1,1,3,1993827909,617756340,-2.8185037326502003,0.08878382012998427,0.33017256817643653,0.6698274318235635
original,22,1,0,0,0,3,2007766152,1586141075,-2.652813750886579,0.11295778185097982,0.6700846497877968,0.3299153502122032
original,22,2,1,0,0,3,2007766152,1586141075,-1.6724847967929626,0.2559865537658178,0.3621526628534593,0.6378473371465407
original,22,3,0,1,0,3,2007766152,1586141075,-2.652813750886579,0.11295778185097982,0.6700846497877968,0.3299153502122032
original,22,4,0,0,1,3,2007766152,1586141075,-1.8924272545083816,0.2238972234572452,0.508172484497781,0.49182751550221904
original,22,5,1,1,0,3,2007766152,1586141075,-1.6724847967929626,0.2559865537658178,0.3621526628534593,0.6378473371465407
original,22,6,1,0,1,3,2007766152,1586141075,0.36557321520550873,0.5533366762222649,0.10513077492533647,0.8948692250746635
original,22,7,0,1,1,3,2007766152,1586141075,-1.8924272545083816,0.2238972234572452,0.508172484497781,0.49182751550221904
original,22,8,1,1,1,3,2007766152,1586141075,0.36557321520550873,0.5533366762222649,0.10513077492533647,0.8948692250746635
original,23,1,0,0,0,3,53303781,237798663,0.10691051931289308,0.5155981114484562,0.17046379007535417,0.8295362099246458
original,23,2,1,0,0,3,53303781,237798663,-0.7352039600856783,0.3927346590357482,0.08257252771802993,0.9174274722819701
original,23,3,0,1,0,3,53303781,237798663,0.10691051931289308,0.5155981114484562,0.17046379007535417,0.8295362099246458
original,23,4,0,0,1,3,53303781,237798663,-0.3079958681747048,0.4550637869095668,0.162044878552868,0.837955121447132
original,23,5,1,1,0,3,53303781,237798663,-0.7352039600856783,0.3927346590357482,0.08257252771802993,0.9174274722819701
original,23,6,1,0,1,3,53303781,237798663,0.10007442923936682,0.5146007344314532,0.009508655269466103,0.9904913447305339
original,23,7,0,1,1,3,53303781,237798663,-0.3079958681747048,0.4550637869095668,0.162044878552868,0.837955121447132
original,23,8,1,1,1,3,53303781,237798663,0.10007442923936682,0.5146007344314532,0.009508655269466103,0.9904913447305339
original,24,1,0,0,0,3,428988939,1359410948,0.6790719726538452,0.5990757539955215,0.00121184211653704,0.998788157883463
original,24,2,1,0,0,3,428988939,1359410948,1.8037351613709887,0.7631627107546068,3.0554613282967635e-05,0.9999694453867171
original,24,3,0,1,0,3,428988939,1359410948,0.6790719726538452,0.5990757539955215,0.00121184211653704,0.998788157883463
original,24,4,0,0,1,3,428988939,1359410948,0.6006318755617315,0.5876314416459606,0.007344777877098336,0.9926552221229017
original,24,5,1,1,0,3,428988939,1359410948,1.8037351613709887,0.7631627107546068,3.0554613282967635e-05,0.9999694453867171
original,24,6,1,0,1,3,428988939,1359410948,1.2230708186918258,0.6784445072563491,9.027927992119728e-06,0.9999909720720079
original,24,7,0,1,1,3,428988939,1359410948,0.6006318755617315,0.5876314416459606,0.007344777877098336,0.9926552221229017
original,24,8,1,1,1,3,428988939,1359410948,1.2230708186918258,0.6784445072563491,9.027927992119728e-06,0.9999909720720079
original,25,1,0,0,0,3,1906892089,679977331,1.1467904454650917,0.6673152959255334,0.08143485350109324,0.9185651464989067
original,25,2,1,0,0,3,1906892089,679977331,0.8052398266392102,0.6174834865584566,0.0309635178868499,0.9690364821131501
original,25,3,0,1,0,3,1906892089,679977331,1.1467904454650917,0.6673152959255334,0.08143485350109324,0.9185651464989067
original,25,4,0,0,1,3,1906892089,679977331,0.09451991527046189,0.5137903377699663,0.17854093103429877,0.8214590689657012
original,25,5,1,1,0,3,1906892089,679977331,0.8052398266392102,0.6174834865584566,0.0309635178868499,0.9690364821131501
original,25,6,1,0,1,3,1906892089,679977331,0.5881130350597422,0.5858049584279343,0.005888913662383036,0.9941110863376169
original,25,7,0,1,1,3,1906892089,679977331,0.09451991527046189,0.5137903377699663,0.17854093103429877,0.8214590689657012
original,25,8,1,1,1,3,1906892089,679977331,0.5881130350597422,0.5858049584279343,0.005888913662383036,0.9941110863376169
original,26,1,0,0,0,3,12161256,948475559,-0.3192635016735984,0.453419853233015,0.017368416695573357,0.9826315833044267
original,26,2,1,0,0,3,12161256,948475559,-0.3680847258196871,0.44629689751102447,0.02753921328010238,0.9724607867198977
original,26,3,0,1,0,3,12161256,948475559,-0.3192635016735984,0.453419853233015,0.017368416695573357,0.9826315833044267
original,26,4,0,0,1,3,12161256,948475559,-0.4700605145178326,0.4314187571055643,0.007045627359143138,0.9929543726408568
original,26,5,1,1,0,3,12161256,948475559,-0.3680847258196871,0.44629689751102447,0.02753921328010238,0.9724607867198977
original,26,6,1,0,1,3,12161256,948475559,0.1706698875887559,0.5249005237708527,0.0010195391025872582,0.9989804608974128
original,26,7,0,1,1,3,12161256,948475559,-0.4700605145178326,0.4314187571055643,0.007045627359143138,0.9929543726408568
original,26,8,1,1,1,3,12161256,948475559,0.1706698875887559,0.5249005237708527,0.0010195391025872582,0.9989804608974128
original,27,1,0,0,0,3,2061276896,1417946159,-1.5067020505664617,0.2801740497062685,0.39910658673737415,0.6008934132626258
original,27,2,1,0,0,3,2061276896,1417946159,0.3140787539050062,0.545823698533019,0.01250658147047599,0.987493418529524
original,27,3,0,1,0,3,2061276896,1417946159,-1.5067020505664617,0.2801740497062685,0.39910658673737415,0.6008934132626258
original,27,4,0,0,1,3,2061276896,1417946159,-0.9980368096604322,0.3543876740399705,0.3151721206228179,0.684827879377182
original,27,5,1,1,0,3,2061276896,1417946159,0.3140787539050062,0.545823698533019,0.01250658147047599,0.987493418529524
original,27,6,1,0,1,3,2061276896,1417946159,1.4007596440502066,0.7043690852950514,0.0002701267960660073,0.999729873203934
original,27,7,0,1,1,3,2061276896,1417946159,-0.9980368096604322,0.3543876740399705,0.3151721206228179,0.684827879377182
original,27,8,1,1,1,3,2061276896,1417946159,1.4007596440502066,0.7043690852950514,0.0002701267960660073,0.999729873203934
original,28,1,0,0,0,3,946382923,1249183153,-0.7275815891297365,0.39384675345298975,0.00044497097328927566,0.9995550290267107
original,28,2,1,0,0,3,946382923,1249183153,2.0342613499263242,0.7967961941946251,0.00026216580352966405,0.9997378341964703
original,28,3,0,1,0,3,946382923,1249183153,-0.7275815891297365,0.39384675345298975,0.00044497097328927566,0.9995550290267107
original,28,4,0,0,1,3,946382923,1249183153,-1.2286971029463503,0.3207346248869912,0.0017999699415886961,0.9982000300584113
original,28,5,1,1,0,3,946382923,1249183153,2.0342613499263242,0.7967961941946251,0.00026216580352966405,0.9997378341964703
original,28,6,1,0,1,3,946382923,1249183153,1.3013729761232433,0.6898686943814275,0.009075964639919422,0.9909240353600806
original,28,7,0,1,1,3,946382923,1249183153,-1.2286971029463503,0.3207346248869912,0.0017999699415886961,0.9982000300584113
original,28,8,1,1,1,3,946382923,1249183153,1.3013729761232433,0.6898686943814275,0.009075964639919422,0.9909240353600806
original,29,1,0,0,0,3,150679401,77624987,2.2580831855574566,0.829451520903448,4.8595059565028526e-05,0.999951404940435
original,29,2,1,0,0,3,150679401,77624987,1.8355895615819144,0.7678102280223846,0.003944127009755826,0.9960558729902442
original,29,3,0,1,0,3,150679401,77624987,2.2580831855574566,0.829451520903448,4.8595059565028526e-05,0.999951404940435
original,29,4,0,0,1,3,150679401,77624987,2.3017410509468013,0.8358211490216285,3.605961951221054e-05,0.9999639403804877
original,29,5,1,1,0,3,150679401,77624987,1.8355895615819144,0.7678102280223846,0.003944127009755826,0.9960558729902442
original,29,6,1,0,1,3,150679401,77624987,1.5933015576991523,0.732460710393285,0.0019196407243719565,0.998080359275628
original,29,7,0,1,1,3,150679401,77624987,2.3017410509468013,0.8358211490216285,3.605961951221054e-05,0.9999639403804877
original,29,8,1,1,1,3,150679401,77624987,1.5933015576991523,0.732460710393285,0.0019196407243719565,0.998080359275628
original,30,1,0,0,0,3,312310967,314693567,-0.4142624843749342,0.4395596201222898,0.10804118295083012,0.8919588170491699
original,30,2,1,0,0,3,312310967,314693567,-1.103787256381892,0.33895881573597353,0.18113065338414305,0.818869346615857
original,30,3,0,1,0,3,312310967,314693567,-0.4142624843749342,0.4395596201222898,0.10804118295083012,0.8919588170491699
original,30,4,0,0,1,3,312310967,314693567,-0.5198109730165538,0.4241602272502963,0.16105183313995958,0.8389481668600405
original,30,5,1,1,0,3,312310967,314693567,-1.103787256381892,0.33895881573597353,0.18113065338414305,0.818869346615857
original,30,6,1,0,1,3,312310967,314693567,-1.7247282960900712,0.24836429236693067,0.26201971501923965,0.7379802849807604
original,30,7,0,1,1,3,312310967,314693567,-0.5198109730165538,0.4241602272502963,0.16105183313995958,0.8389481668600405
original,30,8,1,1,1,3,312310967,314693567,-1.7247282960900712,0.24836429236693067,0.26201971501923965,0.7379802849807604
original,31,1,0,0,0,3,594390738,1085948518,0.0681953490573804,0.5099496163866741,0.030557982489383552,0.9694420175106164
original,31,2,1,0,0,3,594390738,1085948518,0.31815260738296897,0.546418068675287,0.0076875644109272,0.9923124355890728
original,31,3,0,1,0,3,594390738,1085948518,0.0681953490573804,0.5099496163866741,0.030557982489383552,0.9694420175106164
original,31,4,0,0,1,3,594390738,1085948518,-0.025613448343705603,0.49626302982707327,0.03385889731939548,0.9661411026806045
original,31,5,1,1,0,3,594390738,1085948518,0.31815260738296897,0.546418068675287,0.0076875644109272,0.9923124355890728
original,31,6,1,0,1,3,594390738,1085948518,-1.1088994920471071,0.33821294692746634,0.0856283719551604,0.9143716280448396
original,31,7,0,1,1,3,594390738,1085948518,-0.025613448343705603,0.49626302982707327,0.03385889731939548,0.9661411026806045
original,31,8,1,1,1,3,594390738,1085948518,-1.1088994920471071,0.33821294692746634,0.0856283719551604,0.9143716280448396
original,32,1,0,0,0,3,2079990239,1409096404,-1.1038546525481494,0.3389489827193608,0.3176588488638275,0.6823411511361726
original,32,2,1,0,0,3,2079990239,1409096404,-2.0034867148654874,0.20769378668424077,0.01134751692322472,0.9886524830767753
original,32,3,0,1,0,3,2079990239,1409096404,-1.1038546525481494,0.3389489827193608,0.3176588488638275,0.6823411511361726
original,32,4,0,0,1,3,2079990239,1409096404,-1.1088285675767424,0.3382232947192485,0.30480850930930037,0.6951914906906996
original,32,5,1,1,0,3,2079990239,1409096404,-2.0034867148654874,0.20769378668424077,0.01134751692322472,0.9886524830767753
original,32,6,1,0,1,3,2079990239,1409096404,-1.5499615432688596,0.2738625436663357,0.01983736924159393,0.980162630758406
original,32,7,0,1,1,3,2079990239,1409096404,-1.1088285675767424,0.3382232947192485,0.30480850930930037,0.6951914906906996
original,32,8,1,1,1,3,2079990239,1409096404,-1.5499615432688596,0.2738625436663357,0.01983736924159393,0.980162630758406
original,33,1,0,0,0,3,93561783,222217456,0.490200594503406,0.5715196554492975,0.0012252051560441635,0.9987747948439558
original,33,2,1,0,0,3,93561783,222217456,-0.041957606682989354,0.49387843750682425,0.10538155364944563,0.8946184463505544
original,33,3,0,1,0,3,93561783,222217456,0.490200594503406,0.5715196554492975,0.0012252051560441635,0.9987747948439558
original,33,4,0,0,1,3,93561783,222217456,0.05987483688972986,0.5087356640372386,3.0199058162980163e-05,0.9999698009418371
original,33,5,1,1,0,3,93561783,222217456,-0.041957606682989354,0.49387843750682425,0.10538155364944563,0.8946184463505544
original,33,6,1,0,1,3,93561783,222217456,-0.24691814880133886,0.46397495000115224,0.13878535067565712,0.8612146493243429
original,33,7,0,1,1,3,93561783,222217456,0.05987483688972986,0.5087356640372386,3.0199058162980163e-05,0.9999698009418371
original,33,8,1,1,1,3,93561783,222217456,-0.24691814880133886,0.46397495000115224,0.13878535067565712,0.8612146493243429
original,34,1,0,0,0,3,103136207,1684309693,-0.4023657678294749,0.44129533623085787,0.002064818969650165,0.9979351810303498
original,34,2,1,0,0,3,103136207,1684309693,-1.1423687726474232,0.3333298206246609,0.145565657535865,0.854434342464135
original,34,3,0,1,0,3,103136207,1684309693,-0.4023657678294749,0.44129533623085787,0.002064818969650165,0.9979351810303498
original,34,4,0,0,1,3,103136207,1684309693,0.7029379848732866,0.6025577754170016,0.00473298998341264,0.9952670100165874
original,34,5,1,1,0,3,103136207,1684309693,-1.1423687726474232,0.3333298206246609,0.145565657535865,0.854434342464135
original,34,6,1,0,1,3,103136207,1684309693,-2.825034196940917,0.08783103353357236,0.2956399466655678,0.7043600533344322
original,34,7,0,1,1,3,103136207,1684309693,0.7029379848732866,0.6025577754170016,0.00473298998341264,0.9952670100165874
original,34,8,1,1,1,3,103136207,1684309693,-2.825034196940917,0.08783103353357236,0.2956399466655678,0.7043600533344322
original,35,1,0,0,0,3,362000014,1043933560,0.6428278134659131,0.5937877763671051,0.0001957769542122144,0.9998042230457878
original,35,2,1,0,0,3,362000014,1043933560,1.6999737074171262,0.7480240440150936,0.0008860914825496516,0.9991139085174503
original,35,3,0,1,0,3,362000014,1043933560,0.6428278134659131,0.5937877763671051,0.0001957769542122144,0.9998042230457878
original,35,4,0,0,1,3,362000014,1043933560,0.6433306905138185,0.593861145501298,0.00018447377785040255,0.9998155262221496
original,35,5,1,1,0,3,362000014,1043933560,1.6999737074171262,0.7480240440150936,0.0008860914825496516,0.9991139085174503
original,35,6,1,0,1,3,362000014,1043933560,1.3728720410403668,0.7003003187922463,0.005259692080515393,0.9947403079194846
original,35,7,0,1,1,3,362000014,1043933560,0.6433306905138185,0.593861145501298,0.00018447377785040255,0.9998155262221496
original,35,8,1,1,1,3,362000014,1043933560,1.3728720410403668,0.7003003187922463,0.005259692080515393,0.9947403079194846
original,36,1,0,0,0,3,587600220,849633014,-0.657832633135217,0.4040230391544172,0.02343471421294645,0.9765652857870536
original,36,2,1,0,0,3,587600220,849633014,0.24074609624923532,0.5351245552281539,0.07383619284047051,0.9261638071595295
original,36,3,0,1,0,3,587600220,849633014,-0.657832633135217,0.4040230391544172,0.02343471421294645,0.9765652857870536
original,36,4,0,0,1,3,587600220,849633014,0.5020527376706221,0.5732488683575638,0.006099332998294041,0.993900667001706
original,36,5,1,1,0,3,587600220,849633014,0.24074609624923532,0.5351245552281539,0.07383619284047051,0.9261638071595295
original,36,6,1,0,1,3,587600220,849633014,1.7723868631190203,0.758589033131523,0.004142239137290187,0.9958577608627098
original,36,7,0,1,1,3,587600220,849633014,0.5020527376706221,0.5732488683575638,0.006099332998294041,0.993900667001706
original,36,8,1,1,1,3,587600220,849633014,1.7723868631190203,0.758589033131523,0.004142239137290187,0.9958577608627098
original,37,1,0,0,0,3,214313487,1853942042,-2.717455530663952,0.10352662679089557,0.0274720496097978,0.9725279503902022
original,37,2,1,0,0,3,214313487,1853942042,0.3438976162355767,0.5501742333624042,0.05436870077325289,0.9456312992267472
original,37,3,0,1,0,3,214313487,1853942042,-2.717455530663952,0.10352662679089557,0.0274720496097978,0.9725279503902022
original,37,4,0,0,1,3,214313487,1853942042,-2.0471053776564365,0.20132987817627973,0.001607393492765196,0.9983926065072348
original,37,5,1,1,0,3,214313487,1853942042,0.3438976162355767,0.5501742333624042,0.05436870077325289,0.9456312992267472
original,37,6,1,0,1,3,214313487,1853942042,-2.184785515586722,0.18124251774180078,0.2580429652205214,0.7419570347794786
original,37,7,0,1,1,3,214313487,1853942042,-2.0471053776564365,0.20132987817627973,0.001607393492765196,0.9983926065072348
original,37,8,1,1,1,3,214313487,1853942042,-2.184785515586722,0.18124251774180078,0.2580429652205214,0.7419570347794786
original,38,1,0,0,0,3,1208265346,844046700,0.14619913055534905,0.5213302708351424,0.05694306601091126,0.9430569339890887
original,38,2,1,0,0,3,1208265346,844046700,-0.3174789831003042,0.45368021226753263,0.010461603700750161,0.9895383962992499
original,38,3,0,1,0,3,1208265346,844046700,0.14619913055534905,0.5213302708351424,0.05694306601091126,0.9430569339890887
original,38,4,0,0,1,3,1208265346,844046700,-0.7433428738154022,0.39154720167194984,0.24816675660223383,0.7518332433977661
original,38,5,1,1,0,3,1208265346,844046700,-0.3174789831003042,0.45368021226753263,0.010461603700750161,0.9895383962992499
original,38,6,1,0,1,3,1208265346,844046700,-0.4949566308990205,0.42778644477144334,0.020792728848906625,0.9792072711510934
original,38,7,0,1,1,3,1208265346,844046700,-0.7433428738154022,0.39154720167194984,0.24816675660223383,0.7518332433977661
original,38,8,1,1,1,3,1208265346,844046700,-0.4949566308990205,0.42778644477144334,0.020792728848906625,0.9792072711510934
original,39,1,0,0,0,3,1998578877,1839352640,1.3352129353515276,0.6948059022338108,0.0016698027510167488,0.9983301972489832
original,39,2,1,0,0,3,1998578877,1839352640,2.2913800628192043,0.8343094937741463,0.005459086635295775,0.9945409133647042
original,39,3,0,1,0,3,1998578877,1839352640,1.3352129353515276,0.6948059022338108,0.0016698027510167488,0.9983301972489832
original,39,4,0,0,1,3,1998578877,1839352640,0.7026394741982074,0.6025142230817556,0.0569126894313043,0.9430873105686957
original,39,5,1,1,0,3,1998578877,1839352640,2.2913800628192043,0.8343094937741463,0.005459086635295775,0.9945409133647042
original,39,6,1,0,1,3,1998578877,1839352640,-0.3473232445279951,0.44932597174155064,0.13159619351180213,0.8684038064881978
original,39,7,0,1,1,3,1998578877,1839352640,0.7026394741982074,0.6025142230817556,0.0569126894313043,0.9430873105686957
original,39,8,1,1,1,3,1998578877,1839352640,-0.3473232445279951,0.44932597174155064,0.13159619351180213,0.8684038064881978
original,40,1,0,0,0,3,207618470,1829334407,-0.2882451483738444,0.4579453922990178,0.004820442104587552,0.9951795578954125
original,40,2,1,0,0,3,207618470,1829334407,0.887303985026943,0.6294565449317804,0.0002842214386097439,0.9997157785613903
original,40,3,0,1,0,3,207618470,1829334407,-0.2882451483738444,0.4579453922990178,0.004820442104587552,0.9951795578954125
original,40,4,0,0,1,3,207618470,1829334407,-0.19560907798001514,0.47146087945067106,0.00654670118340034,0.9934532988165996
original,40,5,1,1,0,3,207618470,1829334407,0.887303985026943,0.6294565449317804,0.0002842214386097439,0.9997157785613903
original,40,6,1,0,1,3,207618470,1829334407,0.43746905008214526,0.5638261888753975,0.03389937858791449,0.9661006214120855
original,40,7,0,1,1,3,207618470,1829334407,-0.19560907798001514,0.47146087945067106,0.00654670118340034,0.9934532988165996
original,40,8,1,1,1,3,207618470,1829334407,0.43746905008214526,0.5638261888753975,0.03389937858791449,0.9661006214120855
original,41,1,0,0,0,3,154649315,1448009219,-0.9488102117614595,0.36156977328699863,0.0044048548505083215,0.9955951451494917
original,41,2,1,0,0,3,154649315,1448009219,0.8289850507372192,0.6209478851436449,4.745185703865618e-05,0.9999525481429613
original,41,3,0,1,0,3,154649315,1448009219,-0.9488102117614595,0.36156977328699863,0.0044048548505083215,0.9955951451494917
original,41,4,0,0,1,3,154649315,1448009219,-0.990450549805302,0.35549449989263476,0.0005152698264527584,0.9994847301735472
original,41,5,1,1,0,3,154649315,1448009219,0.8289850507372192,0.6209478851436449,4.745185703865618e-05,0.9999525481429613
original,41,6,1,0,1,3,154649315,1448009219,0.3275747058419802,0.5477927410909345,0.02420258487106607,0.9757974151289339
original,41,7,0,1,1,3,154649315,1448009219,-0.990450549805302,0.35549449989263476,0.0005152698264527584,0.9994847301735472
original,41,8,1,1,1,3,154649315,1448009219,0.3275747058419802,0.5477927410909345,0.02420258487106607,0.9757974151289339
original,42,1,0,0,0,3,1963760581,2104342852,-0.148621478697128,0.47831631159168286,5.475167246919304e-05,0.9999452483275308
original,42,2,1,0,0,3,1963760581,2104342852,2.30529287673464,0.8363393559748851,0.008661958006190405,0.9913380419938096
original,42,3,0,1,0,3,1963760581,2104342852,-0.148621478697128,0.47831631159168286,5.475167246919304e-05,0.9999452483275308
original,42,4,0,0,1,3,1963760581,2104342852,0.021078516213391463,0.503075329230254,2.4994270446972646e-05,0.999975005729553
original,42,5,1,1,0,3,1963760581,2104342852,2.30529287673464,0.8363393559748851,0.008661958006190405,0.9913380419938096
original,42,6,1,0,1,3,1963760581,2104342852,0.42664498953427077,0.5622469719392562,0.0027955258707566964,0.9972044741292433
original,42,7,0,1,1,3,1963760581,2104342852,0.021078516213391463,0.503075329230254,2.4994270446972646e-05,0.999975005729553
original,42,8,1,1,1,3,1963760581,2104342852,0.42664498953427077,0.5622469719392562,0.0027955258707566964,0.9972044741292433
original,43,1,0,0,0,3,1583754948,623672406,0.9067262061140079,0.6322902227685323,0.00897402422764379,0.9910259757723562
original,43,2,1,0,0,3,1583754948,623672406,-1.0070800828756288,0.35306827175499383,0.08227486953629894,0.9177251304637011
original,43,3,0,1,0,3,1583754948,623672406,0.9067262061140079,0.6322902227685323,0.00897402422764379,0.9910259757723562
original,43,4,0,0,1,3,1583754948,623672406,1.0556772835196373,0.6540219992174046,9.850097337095236e-05,0.9999014990266291
original,43,5,1,1,0,3,1583754948,623672406,-1.0070800828756288,0.35306827175499383,0.08227486953629894,0.9177251304637011
original,43,6,1,0,1,3,1583754948,623672406,-0.00608558207783505,0.49911212116367165,0.011618859026639443,0.9883811409733606
original,43,7,0,1,1,3,1583754948,623672406,1.0556772835196373,0.6540219992174046,9.850097337095236e-05,0.9999014990266291
original,43,8,1,1,1,3,1583754948,623672406,-0.00608558207783505,0.49911212116367165,0.011618859026639443,0.9883811409733606
original,44,1,0,0,0,3,801478318,2141532241,-2.225194761052169,0.17534685921943077,0.1601359566458093,0.8398640433541907
original,44,2,1,0,0,3,801478318,2141532241,-0.7607911463140997,0.3890015204726921,0.01254057194069596,0.9874594280593041
original,44,3,0,1,0,3,801478318,2141532241,-2.225194761052169,0.17534685921943077,0.1601359566458093,0.8398640433541907
original,44,4,0,0,1,3,801478318,2141532241,-1.9499353411188827,0.21550686533436694,0.2417373818405085,0.7582626181594915
original,44,5,1,1,0,3,801478318,2141532241,-0.7607911463140997,0.3890015204726921,0.01254057194069596,0.9874594280593041
original,44,6,1,0,1,3,801478318,2141532241,-1.0083079400008088,0.3528891289315894,0.0028975289952260373,0.997102471004774
original,44,7,0,1,1,3,801478318,2141532241,-1.9499353411188827,0.21550686533436694,0.2417373818405085,0.7582626181594915
original,44,8,1,1,1,3,801478318,2141532241,-1.0083079400008088,0.3528891289315894,0.0028975289952260373,0.997102471004774
original,45,1,0,0,0,3,735646765,638687207,-1.2374887957023453,0.3194519278772868,0.0007127648210428204,0.9992872351789572
original,45,2,1,0,0,3,735646765,638687207,-0.5534316024575184,0.41925501934037485,0.05230538328963364,0.9476946167103664
original,45,3,0,1,0,3,735646765,638687207,-1.2374887957023453,0.3194519278772868,0.0007127648210428204,0.9992872351789572
original,45,4,0,0,1,3,735646765,638687207,-0.9874419559268782,0.35593344998772736,0.013217705764612854,0.9867822942353871
original,45,5,1,1,0,3,735646765,638687207,-0.5534316024575184,0.41925501934037485,0.05230538328963364,0.9476946167103664
original,45,6,1,0,1,3,735646765,638687207,-0.9956463427880494,0.354736440175697,0.11488837606205762,0.8851116239379424
original,45,7,0,1,1,3,735646765,638687207,-0.9874419559268782,0.35593344998772736,0.013217705764612854,0.9867822942353871
original,45,8,1,1,1,3,735646765,638687207,-0.9956463427880494,0.354736440175697,0.11488837606205762,0.8851116239379424
original,46,1,0,0,0,3,1301816123,202061720,-0.9353183639987005,0.363538217051014,0.010570188817077553,0.9894298111829225
original,46,2,1,0,0,3,1301816123,202061720,0.2816272349429259,0.5410890623840655,0.011331605215290128,0.9886683947847099
original,46,3,0,1,0,3,1301816123,202061720,-0.9353183639987005,0.363538217051014,0.010570188817077553,0.9894298111829225
original,46,4,0,0,1,3,1301816123,202061720,-0.8944354240369756,0.36950298700968565,0.019759795126207305,0.9802402048737927
original,46,5,1,1,0,3,1301816123,202061720,0.2816272349429259,0.5410890623840655,0.011331605215290128,0.9886683947847099
original,46,6,1,0,1,3,1301816123,202061720,0.7471019992129618,0.6090012500358588,0.004741070486640616,0.9952589295133594
original,46,7,0,1,1,3,1301816123,202061720,-0.8944354240369756,0.36950298700968565,0.019759795126207305,0.9802402048737927
original,46,8,1,1,1,3,1301816123,202061720,0.7471019992129618,0.6090012500358588,0.004741070486640616,0.9952589295133594
original,47,1,0,0,0,3,807245467,1869443887,0.5259536193011909,0.5767359771826447,0.06800052603860009,0.9319994739613999
original,47,2,1,0,0,3,807245467,1869443887,0.4231818198845285,0.5617416998059922,0.01015633018540539,0.9898436698145946
original,47,3,0,1,0,3,807245467,1869443887,0.5259536193011909,0.5767359771826447,0.06800052603860009,0.9319994739613999
original,47,4,0,0,1,3,807245467,1869443887,0.9755416942943014,0.6423303166799149,0.005204005279638194,0.9947959947203618
original,47,5,1,1,0,3,807245467,1869443887,0.4231818198845285,0.5617416998059922,0.01015633018540539,0.9898436698145946
original,47,6,1,0,1,3,807245467,1869443887,-1.0100317776828518,0.3526376231634352,0.015618909522483173,0.9843810904775169
original,47,7,0,1,1,3,807245467,1869443887,0.9755416942943014,0.6423303166799149,0.005204005279638194,0.9947959947203618
original,47,8,1,1,1,3,807245467,1869443887,-1.0100317776828518,0.3526376231634352,0.015618909522483173,0.9843810904775169
original,48,1,0,0,0,3,1717002659,694560540,0.968235793053855,0.641264394799521,0.0014592979062852962,0.9985407020937147
original,48,2,1,0,0,3,1717002659,694560540,0.40241785650318707,0.5587122634416815,0.0018467527982995245,0.9981532472017005
original,48,3,0,1,0,3,1717002659,694560540,0.968235793053855,0.641264394799521,0.0014592979062852962,0.9985407020937147
original,48,4,0,0,1,3,1717002659,694560540,0.8555619805760284,0.6248254260652288,0.0005555833103635905,0.9994444166896365
original,48,5,1,1,0,3,1717002659,694560540,0.40241785650318707,0.5587122634416815,0.0018467527982995245,0.9981532472017005
original,48,6,1,0,1,3,1717002659,694560540,-0.7958569121231159,0.3838854689687824,0.011023780677586857,0.9889762193224132
original,48,7,0,1,1,3,1717002659,694560540,0.8555619805760284,0.6248254260652288,0.0005555833103635905,0.9994444166896365
original,48,8,1,1,1,3,1717002659,694560540,-0.7958569121231159,0.3838854689687824,0.011023780677586857,0.9889762193224132
original,49,1,0,0,0,3,2131206514,251382230,1.0887017915295414,0.6588402337539082,2.291678735580271e-06,0.9999977083212644
original,49,2,1,0,0,3,2131206514,251382230,-0.6861838309216363,0.3998866347518201,0.11751402929340224,0.8824859707065977
original,49,3,0,1,0,3,2131206514,251382230,1.0887017915295414,0.6588402337539082,2.291678735580271e-06,0.9999977083212644
original,49,4,0,0,1,3,2131206514,251382230,1.1159131120008154,0.6628103314776727,0.0004943563226148803,0.9995056436773851
original,49,5,1,1,0,3,2131206514,251382230,-0.6861838309216363,0.3998866347518201,0.11751402929340224,0.8824859707065977
original,49,6,1,0,1,3,2131206514,251382230,-1.3159872612216095,0.3079990996469911,0.24618076509491066,0.7538192349050894
original,49,7,0,1,1,3,2131206514,251382230,1.1159131120008154,0.6628103314776727,0.0004943563226148803,0.9995056436773851
original,49,8,1,1,1,3,2131206514,251382230,-1.3159872612216095,0.3079990996469911,0.24618076509491066,0.7538192349050894
original,0,1,0,0,0,4,35587459,843336466,-0.015843070563846595,0.49768851576132206,0.06678687480579752,0.9332131251942025
original,0,2,1,0,0,4,35587459,843336466,-2.8246254355082394,0.08789067131686733,0.47811506089130557,0.5218849391086944
original,0,3,0,1,0,4,35587459,843336466,-0.015843070563846595,0.49768851576132206,0.06678687480579752,0.9332131251942025
original,0,4,0,0,1,4,35587459,843336466,1.989955004454647,0.7903319536410983,0.010632616678029814,0.9893673833219702
original,0,5,1,1,0,4,35587459,843336466,-2.8246254355082394,0.08789067131686733,0.47811506089130557,0.5218849391086944
original,0,6,1,0,1,4,35587459,843336466,-0.34086232484948886,0.45026861186576433,0.33299567250556694,0.6670043274944331
original,0,7,0,1,1,4,35587459,843336466,1.989955004454647,0.7903319536410983,0.010632616678029814,0.9893673833219702
original,0,8,1,1,1,4,35587459,843336466,-0.34086232484948886,0.45026861186576433,0.33299567250556694,0.6670043274944331
original,1,1,0,0,0,4,1290216441,1000937974,-1.1425530956602494,0.33330292812694357,0.0005234442387977556,0.9994765557612022
original,1,2,1,0,0,4,1290216441,1000937974,-0.19426519829056135,0.4716569498215208,0.033821336023509056,0.966178663976491
original,1,3,0,1,0,4,1290216441,1000937974,-1.1425530956602494,0.33330292812694357,0.0005234442387977556,0.9994765557612022
original,1,4,0,0,1,4,1290216441,1000937974,-0.8587569702384302,0.37470842892723505,0.003352396611277183,0.9966476033887228
original,1,5,1,1,0,4,1290216441,1000937974,-0.19426519829056135,0.4716569498215208,0.033821336023509056,0.966178663976491
original,1,6,1,0,1,4,1290216441,1000937974,-0.41744585036260656,0.43909517099440165,0.03388265777222705,0.9661173422277729
original,1,7,0,1,1,4,1290216441,1000937974,-0.8587569702384302,0.37470842892723505,0.003352396611277183,0.9966476033887228
original,1,8,1,1,1,4,1290216441,1000937974,-0.41744585036260656,0.43909517099440165,0.03388265777222705,0.9661173422277729
original,2,1,0,0,0,4,401696006,1649773309,-1.00820448113,0.3529042234518254,0.0005266625316944154,0.9994733374683056
original,2,2,1,0,0,4,401696006,1649773309,1.264276703593679,0.6844563944790674,0.001774992014585035,0.9982250079854149
original,2,3,0,1,0,4,401696006,1649773309,-1.00820448113,0.3529042234518254,0.0005266625316944154,0.9994733374683056
original,2,4,0,0,1,4,401696006,1649773309,-0.9288599190496063,0.36448049611529265,0.000248584135552714,0.9997514158644473
original,2,5,1,1,0,4,401696006,1649773309,1.264276703593679,0.6844563944790674,0.001774992014585035,0.9982250079854149
original,2,6,1,0,1,4,401696006,1649773309,1.3002611744662875,0.6897064839061139,0.0012496464483245915,0.9987503535516754
original,2,7,0,1,1,4,401696006,1649773309,-0.9288599190496063,0.36448049611529265,0.000248584135552714,0.9997514158644473
original,2,8,1,1,1,4,401696006,1649773309,1.3002611744662875,0.6897064839061139,0.0012496464483245915,0.9987503535516754
original,3,1,0,0,0,4,1012353713,1231433658,0.5947455497923005,0.5867726340565521,0.026501824246713948,0.973498175753286
original,3,2,1,0,0,4,1012353713,1231433658,-0.9380698714553097,0.36313677554427287,0.03664565854845275,0.9633543414515473
original,3,3,0,1,0,4,1012353713,1231433658,0.5947455497923005,0.5867726340565521,0.026501824246713948,0.973498175753286
original,3,4,0,0,1,4,1012353713,1231433658,1.3183752695338913,0.6923493077878825,0.012705695882829247,0.9872943041171708
original,3,5,1,1,0,4,1012353713,1231433658,-0.9380698714553097,0.36313677554427287,0.03664565854845275,0.9633543414515473
original,3,6,1,0,1,4,1012353713,1231433658,-0.8982428459556031,0.36894748889967993,0.019340156376565498,0.9806598436234345
original,3,7,0,1,1,4,1012353713,1231433658,1.3183752695338913,0.6923493077878825,0.012705695882829247,0.9872943041171708
original,3,8,1,1,1,4,1012353713,1231433658,-0.8982428459556031,0.36894748889967993,0.019340156376565498,0.9806598436234345
original,4,1,0,0,0,4,1594844942,976728460,-1.4899448328585927,0.2826189068733019,0.2010243232256698,0.7989756767743302
original,4,2,1,0,0,4,1594844942,976728460,-1.3672260201239324,0.30052342861877435,0.3247107037265875,0.6752892962734125
original,4,3,0,1,0,4,1594844942,976728460,-1.4899448328585927,0.2826189068733019,0.2010243232256698,0.7989756767743302
original,4,4,0,0,1,4,1594844942,976728460,-1.3143894991563745,0.3082322111398716,0.15913796538475958,0.8408620346152405
original,4,5,1,1,0,4,1594844942,976728460,-1.3672260201239324,0.30052342861877435,0.3247107037265875,0.6752892962734125
original,4,6,1,0,1,4,1594844942,976728460,-1.006318210112977,0.353179428040996,0.3596022622837799,0.6403977377162201
original,4,7,0,1,1,4,1594844942,976728460,-1.3143894991563745,0.3082322111398716,0.15913796538475958,0.8408620346152405
original,4,8,1,1,1,4,1594844942,976728460,-1.006318210112977,0.353179428040996,0.3596022622837799,0.6403977377162201
original,5,1,0,0,0,4,497569251,842166599,0.6503235142582046,0.5948813897654299,0.10296920978712093,0.8970307902128791
original,5,2,1,0,0,4,497569251,842166599,0.26564701069049657,0.5387575675932563,0.037787031942098745,0.9622129680579012
original,5,3,0,1,0,4,497569251,842166599,0.6503235142582046,0.5948813897654299,0.10296920978712093,0.8970307902128791
original,5,4,0,0,1,4,497569251,842166599,1.0350520539796422,0.6510128039475427,0.041512090332050625,0.9584879096679494
original,5,5,1,1,0,4,497569251,842166599,0.26564701069049657,0.5387575675932563,0.037787031942098745,0.9622129680579012
original,5,6,1,0,1,4,497569251,842166599,-1.5860347699692299,0.26859950487469886,0.25627617151061804,0.7437238284893819
original,5,7,0,1,1,4,497569251,842166599,1.0350520539796422,0.6510128039475427,0.041512090332050625,0.9584879096679494
original,5,8,1,1,1,4,497569251,842166599,-1.5860347699692299,0.26859950487469886,0.25627617151061804,0.7437238284893819
original,6,1,0,0,0,4,2004138710,1115092572,-0.9363007755385856,0.3633948844324293,0.04930105937032968,0.9506989406296703
original,6,2,1,0,0,4,2004138710,1115092572,-1.058275472866593,0.34559892819686244,0.014021791983489044,0.9859782080165109
original,6,3,0,1,0,4,2004138710,1115092572,-0.9363007755385856,0.3633948844324293,0.04930105937032968,0.9506989406296703
original,6,4,0,0,1,4,2004138710,1115092572,-0.9341416948799363,0.36370989160811473,0.09407881098359167,0.9059211890164083
original,6,5,1,1,0,4,2004138710,1115092572,-1.058275472866593,0.34559892819686244,0.014021791983489044,0.9859782080165109
original,6,6,1,0,1,4,2004138710,1115092572,-0.47526117158756137,0.4306599877244016,0.0022612413300590628,0.9977387586699409
original,6,7,0,1,1,4,2004138710,1115092572,-0.9341416948799363,0.36370989160811473,0.09407881098359167,0.9059211890164083
original,6,8,1,1,1,4,2004138710,1115092572,-0.47526117158756137,0.4306599877244016,0.0022612413300590628,0.9977387586699409
original,7,1,0,0,0,4,421691785,1743992336,-1.4222335691999572,0.29249789580396196,0.24632993582926432,0.7536700641707357
original,7,2,1,0,0,4,421691785,1743992336,1.7167866881169582,0.7504770369331168,1.0817970690928241e-05,0.9999891820293091
original,7,3,0,1,0,4,421691785,1743992336,-1.4222335691999572,0.29249789580396196,0.24632993582926432,0.7536700641707357
original,7,4,0,0,1,4,421691785,1743992336,-1.8565277137644614,0.22913492168442542,0.3771862821103057,0.6228137178896943
original,7,5,1,1,0,4,421691785,1743992336,1.7167866881169582,0.7504770369331168,1.0817970690928241e-05,0.9999891820293091
original,7,6,1,0,1,4,421691785,1743992336,0.2479061126895158,0.5361691926981246,0.029901400734286352,0.9700985992657136
original,7,7,0,1,1,4,421691785,1743992336,-1.8565277137644614,0.22913492168442542,0.3771862821103057,0.6228137178896943
original,7,8,1,1,1,4,421691785,1743992336,0.2479061126895158,0.5361691926981246,0.029901400734286352,0.9700985992657136
original,8,1,0,0,0,4,1829133359,1483539755,0.4814179682497778,0.5702382812309824,0.0200821532723523,0.9799178467276477
original,8,2,1,0,0,4,1829133359,1483539755,-0.362638696017236,0.4470914664679073,0.0016256598301929877,0.998374340169807
original,8,3,0,1,0,4,1829133359,1483539755,0.4814179682497778,0.5702382812309824,0.0200821532723523,0.9799178467276477
original,8,4,0,0,1,4,1829133359,1483539755,0.5174876442120712,0.5755008019743617,0.0010111307361754288,0.9989888692638246
original,8,5,1,1,0,4,1829133359,1483539755,-0.362638696017236,0.4470914664679073,0.0016256598301929877,0.998374340169807
original,8,6,1,0,1,4,1829133359,1483539755,-0.617488300978644,0.4099092269059705,0.07212620045358292,0.927873799546417
original,8,7,0,1,1,4,1829133359,1483539755,0.5174876442120712,0.5755008019743617,0.0010111307361754288,0.9989888692638246
original,8,8,1,1,1,4,1829133359,1483539755,-0.617488300978644,0.4099092269059705,0.07212620045358292,0.927873799546417
original,9,1,0,0,0,4,1159230600,1302207434,0.4332258333822192,0.563207108850244,0.08333032003190996,0.91666967996809
original,9,2,1,0,0,4,1159230600,1302207434,-1.092871438171723,0.3405514200006202,0.15045501618278273,0.8495449838172173
original,9,3,0,1,0,4,1159230600,1302207434,0.4332258333822192,0.563207108850244,0.08333032003190996,0.91666967996809
original,9,4,0,0,1,4,1159230600,1302207434,0.05203063594008561,0.5075912049005419,0.15103755362648785,0.8489624463735121
original,9,5,1,1,0,4,1159230600,1302207434,-1.092871438171723,0.3405514200006202,0.15045501618278273,0.8495449838172173
original,9,6,1,0,1,4,1159230600,1302207434,-0.3889662861079968,0.4432503039046325,0.14511660278269628,0.8548833972173038
original,9,7,0,1,1,4,1159230600,1302207434,0.05203063594008561,0.5075912049005419,0.15103755362648785,0.8489624463735121
original,9,8,1,1,1,4,1159230600,1302207434,-0.3889662861079968,0.4432503039046325,0.14511660278269628,0.8548833972173038
original,10,1,0,0,0,4,808048842,783732615,1.2554349703578087,0.6831663966257504,0.0006756820452258413,0.9993243179547742
original,10,2,1,0,0,4,808048842,783732615,1.2396606311309413,0.6808649402034285,0.0002597271504287295,0.9997402728495712
original,10,3,0,1,0,4,808048842,783732615,1.2554349703578087,0.6831663966257504,0.0006756820452258413,0.9993243179547742
original,10,4,0,0,1,4,808048842,783732615,0.981365047328586,0.6431799366257936,0.017481526579050433,0.9825184734209496
original,10,5,1,1,0,4,808048842,783732615,1.2396606311309413,0.6808649402034285,0.0002597271504287295,0.9997402728495712
original,10,6,1,0,1,4,808048842,783732615,1.9332541872394329,0.7820593751163133,0.0016553813898963511,0.9983446186101036
original,10,7,0,1,1,4,808048842,783732615,0.981365047328586,0.6431799366257936,0.017481526579050433,0.9825184734209496
original,10,8,1,1,1,4,808048842,783732615,1.9332541872394329,0.7820593751163133,0.0016553813898963511,0.9983446186101036
original,11,1,0,0,0,4,273960141,8090154,-0.9204369728289339,0.3657093934653269,0.0015590196011440194,0.998440980398856
original,11,2,1,0,0,4,273960141,8090154,0.2483830684670269,0.5362387799512912,0.06360876643801763,0.9363912335619824
original,11,3,0,1,0,4,273960141,8090154,-0.9204369728289339,0.3657093934653269,0.0015590196011440194,0.998440980398856
original,11,4,0,0,1,4,273960141,8090154,-0.9332983140705493,0.36383293981649356,0.0015832192518418743,0.9984167807481581
original,11,5,1,1,0,4,273960141,8090154,0.2483830684670269,0.5362387799512912,0.06360876643801763,0.9363912335619824
original,11,6,1,0,1,4,273960141,8090154,0.22229197553998892,0.5324321220292875,0.06480716214617281,0.9351928378538272
original,11,7,0,1,1,4,273960141,8090154,-0.9332983140705493,0.36383293981649356,0.0015832192518418743,0.9984167807481581
original,11,8,1,1,1,4,273960141,8090154,0.22229197553998892,0.5324321220292875,0.06480716214617281,0.9351928378538272
original,12,1,0,0,0,4,1382646783,982096666,-1.4236046501896407,0.29229785679732917,0.4052142120214422,0.5947857879785579
original,12,2,1,0,0,4,1382646783,982096666,0.6862622332066579,0.6001248040437956,0.037660939172872894,0.9623390608271271
original,12,3,0,1,0,4,1382646783,982096666,-1.4236046501896407,0.29229785679732917,0.4052142120214422,0.5947857879785579
original,12,4,0,0,1,4,1382646783,982096666,-2.845425448231446,0.08485597539853262,0.8042598376766322,0.19574016232336777
original,12,5,1,1,0,4,1382646783,982096666,0.6862622332066579,0.6001248040437956,0.037660939172872894,0.9623390608271271
original,12,6,1,0,1,4,1382646783,982096666,1.0872710549649047,0.6586314910732813,0.018701162627500153,0.9812988373724999
original,12,7,0,1,1,4,1382646783,982096666,-2.845425448231446,0.08485597539853262,0.8042598376766322,0.19574016232336777
original,12,8,1,1,1,4,1382646783,982096666,1.0872710549649047,0.6586314910732813,0.018701162627500153,0.9812988373724999
original,13,1,0,0,0,4,2022102025,111138292,-0.26923195825751867,0.4607193930272078,0.03518280840797218,0.9648171915920278
original,13,2,1,0,0,4,2022102025,111138292,-0.46639280513405584,0.4319538713309593,0.23264828179832933,0.7673517182016707
original,13,3,0,1,0,4,2022102025,111138292,-0.26923195825751867,0.4607193930272078,0.03518280840797218,0.9648171915920278
original,13,4,0,0,1,4,2022102025,111138292,-0.32043298378378265,0.45324922725150385,0.03146594934517336,0.9685340506548267
original,13,5,1,1,0,4,2022102025,111138292,-0.46639280513405584,0.4319538713309593,0.23264828179832933,0.7673517182016707
original,13,6,1,0,1,4,2022102025,111138292,0.39311375762221756,0.5573548070173227,0.04249319888518811,0.9575068011148119
original,13,7,0,1,1,4,2022102025,111138292,-0.32043298378378265,0.45324922725150385,0.03146594934517336,0.9685340506548267
original,13,8,1,1,1,4,2022102025,111138292,0.39311375762221756,0.5573548070173227,0.04249319888518811,0.9575068011148119
original,14,1,0,0,0,4,391288320,1319757886,1.1176951650372078,0.6630703307934307,3.994183019708302e-09,0.999999996005817
original,14,2,1,0,0,4,391288320,1319757886,1.0691713906546154,0.6559907726210092,0.015867442534008697,0.9841325574659913
original,14,3,0,1,0,4,391288320,1319757886,1.1176951650372078,0.6630703307934307,3.994183019708302e-09,0.999999996005817
original,14,4,0,0,1,4,391288320,1319757886,0.13347022852505902,0.5194731399020874,2.8608192962205405e-07,0.9999997139180704
original,14,5,1,1,0,4,391288320,1319757886,1.0691713906546154,0.6559907726210092,0.015867442534008697,0.9841325574659913
original,14,6,1,0,1,4,391288320,1319757886,0.3475352151639359,0.5507049545099022,0.017246479367133152,0.9827535206328668
original,14,7,0,1,1,4,391288320,1319757886,0.13347022852505902,0.5194731399020874,2.8608192962205405e-07,0.9999997139180704
original,14,8,1,1,1,4,391288320,1319757886,0.3475352151639359,0.5507049545099022,0.017246479367133152,0.9827535206328668
original,15,1,0,0,0,4,1813719719,326392953,0.8470866519061178,0.6235888861811726,0.023634227259381854,0.9763657727406182
original,15,2,1,0,0,4,1813719719,326392953,0.3521028912247342,0.5513713727512004,0.03611733304003912,0.9638826669599608
original,15,3,0,1,0,4,1813719719,326392953,0.8470866519061178,0.6235888861811726,0.023634227259381854,0.9763657727406182
original,15,4,0,0,1,4,1813719719,326392953,0.6583547234901264,0.5960531331773085,0.04881144413651782,0.9511885558634822
original,15,5,1,1,0,4,1813719719,326392953,0.3521028912247342,0.5513713727512004,0.03611733304003912,0.9638826669599608
original,15,6,1,0,1,4,1813719719,326392953,-0.8610804527863283,0.37436943572092024,0.08745904458304476,0.9125409554169552
original,15,7,0,1,1,4,1813719719,326392953,0.6583547234901264,0.5960531331773085,0.04881144413651782,0.9511885558634822
original,15,8,1,1,1,4,1813719719,326392953,-0.8610804527863283,0.37436943572092024,0.08745904458304476,0.9125409554169552
original,16,1,0,0,0,4,523296166,761602326,-0.4760165620869121,0.4305497771925315,0.06516243107869954,0.9348375689213004
original,16,2,1,0,0,4,523296166,761602326,0.7585800520017689,0.6106758836244125,0.009051577724506835,0.9909484222754932
original,16,3,0,1,0,4,523296166,761602326,-0.4760165620869121,0.4305497771925315,0.06516243107869954,0.9348375689213004
original,16,4,0,0,1,4,523296166,761602326,0.03581077220119,0.5052247470074919,0.028462157696232376,0.9715378423037676
original,16,5,1,1,0,4,523296166,761602326,0.7585800520017689,0.6106758836244125,0.009051577724506835,0.9909484222754932
original,16,6,1,0,1,4,523296166,761602326,0.568731077022997,0.5829771549200152,0.0026016499063817636,0.9973983500936182
original,16,7,0,1,1,4,523296166,761602326,0.03581077220119,0.5052247470074919,0.028462157696232376,0.9715378423037676
original,16,8,1,1,1,4,523296166,761602326,0.568731077022997,0.5829771549200152,0.0026016499063817636,0.9973983500936182
original,17,1,0,0,0,4,1557361276,1707355659,-1.3593730372288235,0.30166916903036317,0.27323685652005864,0.7267631434799413
original,17,2,1,0,0,4,1557361276,1707355659,-1.1948632623409163,0.3256709400399307,0.06424315705022757,0.9357568429497725
original,17,3,0,1,0,4,1557361276,1707355659,-1.3593730372288235,0.30166916903036317,0.27323685652005864,0.7267631434799413
original,17,4,0,0,1,4,1557361276,1707355659,-1.0924353281842967,0.3406150479039489,0.1208632316981522,0.8791367683018478
original,17,5,1,1,0,4,1557361276,1707355659,-1.1948632623409163,0.3256709400399307,0.06424315705022757,0.9357568429497725
original,17,6,1,0,1,4,1557361276,1707355659,-0.38750428910184365,0.44346360744469426,0.009057905632764677,0.9909420943672353
original,17,7,0,1,1,4,1557361276,1707355659,-1.0924353281842967,0.3406150479039489,0.1208632316981522,0.8791367683018478
original,17,8,1,1,1,4,1557361276,1707355659,-0.38750428910184365,0.44346360744469426,0.009057905632764677,0.9909420943672353
original,18,1,0,0,0,4,1126219484,1165180227,0.3335181563844124,0.5486598831134881,0.049763376479580075,0.9502366235204199
original,18,2,1,0,0,4,1126219484,1165180227,-1.3211561078552054,0.30724497136879203,0.00032938809747580874,0.9996706119025242
original,18,3,0,1,0,4,1126219484,1165180227,0.3335181563844124,0.5486598831134881,0.049763376479580075,0.9502366235204199
original,18,4,0,0,1,4,1126219484,1165180227,0.5700273185433072,0.5831662749413925,0.0321927518264837,0.9678072481735163
original,18,5,1,1,0,4,1126219484,1165180227,-1.3211561078552054,0.30724497136879203,0.00032938809747580874,0.9996706119025242
original,18,6,1,0,1,4,1126219484,1165180227,-1.0922072258924482,0.3406483277438821,0.004681696891306069,0.995318303108694
original,18,7,0,1,1,4,1126219484,1165180227,0.5700273185433072,0.5831662749413925,0.0321927518264837,0.9678072481735163
original,18,8,1,1,1,4,1126219484,1165180227,-1.0922072258924482,0.3406483277438821,0.004681696891306069,0.995318303108694
original,19,1,0,0,0,4,391973067,1412317365,-2.827916232083032,0.08741054820028621,0.0002770308514871326,0.9997229691485129
original,19,2,1,0,0,4,391973067,1412317365,-0.024204065814880688,0.4964686569805041,0.1224204541327579,0.8775795458672421
original,19,3,0,1,0,4,391973067,1412317365,-2.827916232083032,0.08741054820028621,0.0002770308514871326,0.9997229691485129
original,19,4,0,0,1,4,391973067,1412317365,-2.0168946478403327,0.20573758598313868,0.005399103388763807,0.9946008966112362
original,19,5,1,1,0,4,391973067,1412317365,-0.024204065814880688,0.4964686569805041,0.1224204541327579,0.8775795458672421
original,19,6,1,0,1,4,391973067,1412317365,1.028184188144353,0.6500107908865234,0.016192859641604808,0.9838071403583952
original,19,7,0,1,1,4,391973067,1412317365,-2.0168946478403327,0.20573758598313868,0.005399103388763807,0.9946008966112362
original,19,8,1,1,1,4,391973067,1412317365,1.028184188144353,0.6500107908865234,0.016192859641604808,0.9838071403583952
original,20,1,0,0,0,4,1612764848,730429892,-1.1231337606288936,0.3361361848917666,0.07843601157667211,0.9215639884233279
original,20,2,1,0,0,4,1612764848,730429892,0.7740271806193615,0.6129296004268785,0.009639364784714572,0.9903606352152854
original,20,3,0,1,0,4,1612764848,730429892,-1.1231337606288936,0.3361361848917666,0.07843601157667211,0.9215639884233279
original,20,4,0,0,1,4,1612764848,730429892,-0.8240756480703023,0.3797683905833471,0.004035818647815735,0.9959641813521842
original,20,5,1,1,0,4,1612764848,730429892,0.7740271806193615,0.6129296004268785,0.009639364784714572,0.9903606352152854
original,20,6,1,0,1,4,1612764848,730429892,0.9249599724666985,0.6349505065415632,0.00034374601749165534,0.9996562539825083
original,20,7,0,1,1,4,1612764848,730429892,-0.8240756480703023,0.3797683905833471,0.004035818647815735,0.9959641813521842
original,20,8,1,1,1,4,1612764848,730429892,0.9249599724666985,0.6349505065415632,0.00034374601749165534,0.9996562539825083
original,21,1,0,0,0,4,1546850746,472817424,0.43235589758024384,0.5630801863015611,0.01631420082941078,0.9836857991705892
original,21,2,1,0,0,4,1546850746,472817424,-0.6316918482532581,0.40783694707067725,0.16273269343702756,0.8372673065629724
original,21,3,0,1,0,4,1546850746,472817424,0.43235589758024384,0.5630801863015611,0.01631420082941078,0.9836857991705892
original,21,4,0,0,1,4,1546850746,472817424,0.41352509464509957,0.5603327956356654,0.017816272270556967,0.9821837277294431
original,21,5,1,1,0,4,1546850746,472817424,-0.6316918482532581,0.40783694707067725,0.16273269343702756,0.8372673065629724
original,21,6,1,0,1,4,1546850746,472817424,-0.8714355264963072,0.3728586433795931,0.015588547449776483,0.9844114525502236
original,21,7,0,1,1,4,1546850746,472817424,0.41352509464509957,0.5603327956356654,0.017816272270556967,0.9821837277294431
original,21,8,1,1,1,4,1546850746,472817424,-0.8714355264963072,0.3728586433795931,0.015588547449776483,0.9844114525502236
original,22,1,0,0,0,4,865501252,2019054716,-1.0968739182361036,0.33996746315039006,0.002611596107436718,0.9973884038925633
original,22,2,1,0,0,4,865501252,2019054716,1.0080885024667166,0.6470788554058291,0.004373475843657186,0.9956265241563428
original,22,3,0,1,0,4,865501252,2019054716,-1.0968739182361036,0.33996746315039006,0.002611596107436718,0.9973884038925633
original,22,4,0,0,1,4,865501252,2019054716,-1.178921951752196,0.32799675737573075,0.005959648878304606,0.9940403511216954
original,22,5,1,1,0,4,865501252,2019054716,1.0080885024667166,0.6470788554058291,0.004373475843657186,0.9956265241563428
original,22,6,1,0,1,4,865501252,2019054716,1.907225417198093,0.778261810025615,0.00042800368333233656,0.9995719963166677
original,22,7,0,1,1,4,865501252,2019054716,-1.178921951752196,0.32799675737573075,0.005959648878304606,0.9940403511216954
original,22,8,1,1,1,4,865501252,2019054716,1.907225417198093,0.778261810025615,0.00042800368333233656,0.9995719963166677
original,23,1,0,0,0,4,631349791,683345850,0.13706725948719725,0.5199979422339026,0.0021732196730365316,0.9978267803269635
original,23,2,1,0,0,4,631349791,683345850,0.6297252171688081,0.5918761239065251,0.052948871351824384,0.9470511286481756
original,23,3,0,1,0,4,631349791,683345850,0.13706725948719725,0.5199979422339026,0.0021732196730365316,0.9978267803269635
original,23,4,0,0,1,4,631349791,683345850,0.9719705289035117,0.6418092881027048,0.002184832453680503,0.9978151675463195
original,23,5,1,1,0,4,631349791,683345850,0.6297252171688081,0.5918761239065251,0.052948871351824384,0.9470511286481756
original,23,6,1,0,1,4,631349791,683345850,1.8134195428103974,0.7645756499300229,0.003110810054004291,0.9968891899459957
original,23,7,0,1,1,4,631349791,683345850,0.9719705289035117,0.6418092881027048,0.002184832453680503,0.9978151675463195
original,23,8,1,1,1,4,631349791,683345850,1.8134195428103974,0.7645756499300229,0.003110810054004291,0.9968891899459957
original,24,1,0,0,0,4,321727739,1343635613,1.1177436093381388,0.6630773987565257,0.00021901563836941687,0.9997809843616305
original,24,2,1,0,0,4,321727739,1343635613,2.0520543982248802,0.7993921777531408,0.006632886721694844,0.9933671132783052
original,24,3,0,1,0,4,321727739,1343635613,1.1177436093381388,0.6630773987565257,0.00021901563836941687,0.9997809843616305
original,24,4,0,0,1,4,321727739,1343635613,1.3470814083490483,0.6965374976439548,0.00046824092202765223,0.9995317590779723
original,24,5,1,1,0,4,321727739,1343635613,2.0520543982248802,0.7993921777531408,0.006632886721694844,0.9933671132783052
original,24,6,1,0,1,4,321727739,1343635613,0.9463764222678377,0.6380751398608603,0.016310967368580204,0.9836890326314198
original,24,7,0,1,1,4,321727739,1343635613,1.3470814083490483,0.6965374976439548,0.00046824092202765223,0.9995317590779723
original,24,8,1,1,1,4,321727739,1343635613,0.9463764222678377,0.6380751398608603,0.016310967368580204,0.9836890326314198
original,25,1,0,0,0,4,955809915,983357463,-1.6962517758819544,0.25251898115457416,0.25265004038952493,0.7473499596104751
original,25,2,1,0,0,4,955809915,983357463,-1.6934410595233207,0.25292906116628616,0.19566196119976034,0.8043380388002397
original,25,3,0,1,0,4,955809915,983357463,-1.6962517758819544,0.25251898115457416,0.25265004038952493,0.7473499596104751
original,25,4,0,0,1,4,955809915,983357463,-1.018989485507487,0.35133070476223993,0.14113595569398862,0.8588640443060114
original,25,5,1,1,0,4,955809915,983357463,-1.6934410595233207,0.25292906116628616,0.19566196119976034,0.8043380388002397
original,25,6,1,0,1,4,955809915,983357463,-1.5735890506345782,0.27041531980559397,0.1767201404574113,0.8232798595425888
original,25,7,0,1,1,4,955809915,983357463,-1.018989485507487,0.35133070476223993,0.14113595569398862,0.8588640443060114
original,25,8,1,1,1,4,955809915,983357463,-1.5735890506345782,0.27041531980559397,0.1767201404574113,0.8232798595425888
original,26,1,0,0,0,4,584828595,1231333556,0.8812403030146487,0.6285718612877046,0.0022559085548238857,0.9977440914451761
original,26,2,1,0,0,4,584828595,1231333556,0.44266880032449046,0.5645848259515758,0.0059744144323800675,0.9940255855676199
original,26,3,0,1,0,4,584828595,1231333556,0.8812403030146487,0.6285718612877046,0.0022559085548238857,0.9977440914451761
original,26,4,0,0,1,4,584828595,1231333556,1.000336660175897,0.6459478712822819,0.0031755589715445616,0.9968244410284555
original,26,5,1,1,0,4,584828595,1231333556,0.44266880032449046,0.5645848259515758,0.0059744144323800675,0.9940255855676199
original,26,6,1,0,1,4,584828595,1231333556,-0.24371210511753316,0.4644427077766267,0.00034007241499886434,0.9996599275850011
original,26,7,0,1,1,4,584828595,1231333556,1.000336660175897,0.6459478712822819,0.0031755589715445616,0.9968244410284555
original,26,8,1,1,1,4,584828595,1231333556,-0.24371210511753316,0.4644427077766267,0.00034007241499886434,0.9996599275850011
original,27,1,0,0,0,4,564965933,1321749825,-0.8214996470501166,0.3801442259198737,0.14756487788310196,0.852435122116898
original,27,2,1,0,0,4,564965933,1321749825,0.5279293653812124,0.5770242360719297,0.00811296830112117,0.9918870316988788
original,27,3,0,1,0,4,564965933,1321749825,-0.8214996470501166,0.3801442259198737,0.14756487788310196,0.852435122116898
original,27,4,0,0,1,4,564965933,1321749825,-0.7830901905198112,0.38574811773037854,0.11860509260986703,0.8813949073901329
original,27,5,1,1,0,4,564965933,1321749825,0.5279293653812124,0.5770242360719297,0.00811296830112117,0.9918870316988788
original,27,6,1,0,1,4,564965933,1321749825,0.7113920358956722,0.6037912109188176,0.025052922301481588,0.9749470776985184
original,27,7,0,1,1,4,564965933,1321749825,-0.7830901905198112,0.38574811773037854,0.11860509260986703,0.8813949073901329
original,27,8,1,1,1,4,564965933,1321749825,0.7113920358956722,0.6037912109188176,0.025052922301481588,0.9749470776985184
original,28,1,0,0,0,4,965157133,1742753922,-0.16026142317435377,0.47661805820767084,1.3568375954450061e-05,0.9999864316240455
original,28,2,1,0,0,4,965157133,1742753922,-0.9468460468260814,0.36185634250172205,0.0056153661867388805,0.9943846338132611
original,28,3,0,1,0,4,965157133,1742753922,-0.16026142317435377,0.47661805820767084,1.3568375954450061e-05,0.9999864316240455
original,28,4,0,0,1,4,965157133,1742753922,-0.0315764580435558,0.49539303414784297,0.0017357803870546213,0.9982642196129454
original,28,5,1,1,0,4,965157133,1742753922,-0.9468460468260814,0.36185634250172205,0.0056153661867388805,0.9943846338132611
original,28,6,1,0,1,4,965157133,1742753922,0.4529889797882027,0.5660905272658864,0.010806948271350874,0.9891930517286491
original,28,7,0,1,1,4,965157133,1742753922,-0.0315764580435558,0.49539303414784297,0.0017357803870546213,0.9982642196129454
original,28,8,1,1,1,4,965157133,1742753922,0.4529889797882027,0.5660905272658864,0.010806948271350874,0.9891930517286491
original,29,1,0,0,0,4,2033291539,2043870189,-0.22110323471200422,0.46774131377513495,0.0006957046770529575,0.9993042953229471
original,29,2,1,0,0,4,2033291539,2043870189,0.45719770332745086,0.5667045747819105,0.001993735703493543,0.9980062642965064
original,29,3,0,1,0,4,2033291539,2043870189,-0.22110323471200422,0.46774131377513495,0.0006957046770529575,0.9993042953229471
original,29,4,0,0,1,4,2033291539,2043870189,-0.3696096386954125,0.4460744146240493,0.005244440534689879,0.9947555594653101
original,29,5,1,1,0,4,2033291539,2043870189,0.45719770332745086,0.5667045747819105,0.001993735703493543,0.9980062642965064
original,29,6,1,0,1,4,2033291539,2043870189,0.21850067431417386,0.5318789759082603,0.00947696685190298,0.990523033148097
original,29,7,0,1,1,4,2033291539,2043870189,-0.3696096386954125,0.4460744146240493,0.005244440534689879,0.9947555594653101
original,29,8,1,1,1,4,2033291539,2043870189,0.21850067431417386,0.5318789759082603,0.00947696685190298,0.990523033148097
original,30,1,0,0,0,4,1108723781,914533293,-0.1225119298131544,0.4821256622147887,0.0012194862238923219,0.9987805137761077
original,30,2,1,0,0,4,1108723781,914533293,1.360313865473545,0.6984680966373125,0.009687666618010165,0.9903123333819899
original,30,3,0,1,0,4,1108723781,914533293,-0.1225119298131544,0.4821256622147887,0.0012194862238923219,0.9987805137761077
original,30,4,0,0,1,4,1108723781,914533293,0.41775565221842814,0.5609500287100345,0.0031857248595970234,0.996814275140403
original,30,5,1,1,0,4,1108723781,914533293,1.360313865473545,0.6984680966373125,0.009687666618010165,0.9903123333819899
original,30,6,1,0,1,4,1108723781,914533293,2.370243962110007,0.8458156383360071,4.7011512714111294e-05,0.9999529884872859
original,30,7,0,1,1,4,1108723781,914533293,0.41775565221842814,0.5609500287100345,0.0031857248595970234,0.996814275140403
original,30,8,1,1,1,4,1108723781,914533293,2.370243962110007,0.8458156383360071,4.7011512714111294e-05,0.9999529884872859
original,31,1,0,0,0,4,1600712358,1448159247,1.020512959956825,0.6488915682601193,0.007114865497509171,0.9928851345024908
original,31,2,1,0,0,4,1600712358,1448159247,-0.24619378639384393,0.4640806335731131,0.04635479034846243,0.9536452096515375
original,31,3,0,1,0,4,1600712358,1448159247,1.020512959956825,0.6488915682601193,0.007114865497509171,0.9928851345024908
original,31,4,0,0,1,4,1600712358,1448159247,1.1450123419285743,0.667055872836882,0.00018448792293212935,0.9998155120770679
original,31,5,1,1,0,4,1600712358,1448159247,-0.24619378639384393,0.4640806335731131,0.04635479034846243,0.9536452096515375
original,31,6,1,0,1,4,1600712358,1448159247,-0.11666774454195648,0.48297832155805476,0.0711018211650541,0.9288981788349459
original,31,7,0,1,1,4,1600712358,1448159247,1.1450123419285743,0.667055872836882,0.00018448792293212935,0.9998155120770679
original,31,8,1,1,1,4,1600712358,1448159247,-0.11666774454195648,0.48297832155805476,0.0711018211650541,0.9288981788349459
original,32,1,0,0,0,4,461610603,149260908,-1.0106535695737215,0.35254690450194276,0.12239255699894093,0.8776074430010591
original,32,2,1,0,0,4,461610603,149260908,0.9058667477959937,0.6321648288716937,4.526726064531464e-06,0.9999954732739355
original,32,3,0,1,0,4,461610603,149260908,-1.0106535695737215,0.35254690450194276,0.12239255699894093,0.8776074430010591
original,32,4,0,0,1,4,461610603,149260908,-1.307406247506632,0.30925105884733156,0.1093900047898521,0.8906099952101479
original,32,5,1,1,0,4,461610603,149260908,0.9058667477959937,0.6321648288716937,4.526726064531464e-06,0.9999954732739355
original,32,6,1,0,1,4,461610603,149260908,0.8592144754861311,0.6253583205178875,0.001307306133627912,0.998692693866372
original,32,7,0,1,1,4,461610603,149260908,-1.307406247506632,0.30925105884733156,0.1093900047898521,0.8906099952101479
original,32,8,1,1,1,4,461610603,149260908,0.8592144754861311,0.6253583205178875,0.001307306133627912,0.998692693866372
original,33,1,0,0,0,4,1278068636,1503807310,-1.4586237180554287,0.28718861846510335,0.23607469579741935,0.7639253042025806
original,33,2,1,0,0,4,1278068636,1503807310,0.1271862659071554,0.518556317592347,0.14658123137418422,0.8534187686258158
original,33,3,0,1,0,4,1278068636,1503807310,-1.4586237180554287,0.28718861846510335,0.23607469579741935,0.7639253042025806
original,33,4,0,0,1,4,1278068636,1503807310,-0.9720962153907031,0.3581723743955474,0.19307691067089197,0.8069230893291081
original,33,5,1,1,0,4,1278068636,1503807310,0.1271862659071554,0.518556317592347,0.14658123137418422,0.8534187686258158
original,33,6,1,0,1,4,1278068636,1503807310,0.023898110955682367,0.5034867045870701,0.13151500086437654,0.8684849991356235
original,33,7,0,1,1,4,1278068636,1503807310,-0.9720962153907031,0.3581723743955474,0.19307691067089197,0.8069230893291081
original,33,8,1,1,1,4,1278068636,1503807310,0.023898110955682367,0.5034867045870701,0.13151500086437654,0.8684849991356235
original,34,1,0,0,0,4,1613835147,703050023,1.0343006999921083,0.650903182337713,0.0071272827558452705,0.9928727172441547
original,34,2,1,0,0,4,1613835147,703050023,0.3984815102677269,0.5581379554346206,0.0005658055133403163,0.9994341944866597
original,34,3,0,1,0,4,1613835147,703050023,1.0343006999921083,0.650903182337713,0.0071272827558452705,0.9928727172441547
original,34,4,0,0,1,4,1613835147,703050023,1.002587180839394,0.6462762194406474,0.020520144041672347,0.9794798559583276
original,34,5,1,1,0,4,1613835147,703050023,0.3984815102677269,0.5581379554346206,0.0005658055133403163,0.9994341944866597
original,34,6,1,0,1,4,1613835147,703050023,0.5129157980010892,0.5748337753133519,0.10716553749531618,0.8928344625046838
original,34,7,0,1,1,4,1613835147,703050023,1.002587180839394,0.6462762194406474,0.020520144041672347,0.9794798559583276
original,34,8,1,1,1,4,1613835147,703050023,0.5129157980010892,0.5748337753133519,0.10716553749531618,0.8928344625046838
original,35,1,0,0,0,4,281198580,1513469178,-0.6713531309180465,0.4020504153882005,0.12234593697258662,0.8776540630274133
original,35,2,1,0,0,4,281198580,1513469178,0.10626258040268279,0.5155035779694477,0.0005374692887974505,0.9994625307112025
original,35,3,0,1,0,4,281198580,1513469178,-0.6713531309180465,0.4020504153882005,0.12234593697258662,0.8776540630274133
original,35,4,0,0,1,4,281198580,1513469178,-0.876728863397483,0.3720863521265956,0.05346682819053697,0.9465331718094631
original,35,5,1,1,0,4,281198580,1513469178,0.10626258040268279,0.5155035779694477,0.0005374692887974505,0.9994625307112025
original,35,6,1,0,1,4,281198580,1513469178,-0.8151841055646278,0.38106565554701544,0.10430699980787,0.8956930001921299
original,35,7,0,1,1,4,281198580,1513469178,-0.876728863397483,0.3720863521265956,0.05346682819053697,0.9465331718094631
original,35,8,1,1,1,4,281198580,1513469178,-0.8151841055646278,0.38106565554701544,0.10430699980787,0.8956930001921299
original,36,1,0,0,0,4,125372598,1762052081,-0.4668314371684059,0.4318898754641295,5.310598345291872e-06,0.9999946894016547
original,36,2,1,0,0,4,125372598,1762052081,-0.8833832396744511,0.37111548692591,0.15704848532318277,0.8429515146768172
original,36,3,0,1,0,4,125372598,1762052081,-0.4668314371684059,0.4318898754641295,5.310598345291872e-06,0.9999946894016547
original,36,4,0,0,1,4,125372598,1762052081,-0.026858887826478953,0.49608132175962155,3.007062304115663e-05,0.9999699293769588
original,36,5,1,1,0,4,125372598,1762052081,-0.8833832396744511,0.37111548692591,0.15704848532318277,0.8429515146768172
original,36,6,1,0,1,4,125372598,1762052081,0.5766521547285423,0.5841328302795312,0.06992736005064873,0.9300726399493513
original,36,7,0,1,1,4,125372598,1762052081,-0.026858887826478953,0.49608132175962155,3.007062304115663e-05,0.9999699293769588
original,36,8,1,1,1,4,125372598,1762052081,0.5766521547285423,0.5841328302795312,0.06992736005064873,0.9300726399493513
original,37,1,0,0,0,4,1307355637,709281663,1.0491529754622995,0.6530701108077658,0.003891454947493736,0.9961085450525062
original,37,2,1,0,0,4,1307355637,709281663,0.2568888188098498,0.537479758319489,0.04172290181927696,0.958277098180723
original,37,3,0,1,0,4,1307355637,709281663,1.0491529754622995,0.6530701108077658,0.003891454947493736,0.9961085450525062
original,37,4,0,0,1,4,1307355637,709281663,0.7674327979391365,0.6119674882171446,0.022088990017534837,0.9779110099824652
original,37,5,1,1,0,4,1307355637,709281663,0.2568888188098498,0.537479758319489,0.04172290181927696,0.958277098180723
original,37,6,1,0,1,4,1307355637,709281663,0.6615324269434664,0.5965167561484988,0.08422081202892505,0.9157791879710749
original,37,7,0,1,1,4,1307355637,709281663,0.7674327979391365,0.6119674882171446,0.022088990017534837,0.9779110099824652
original,37,8,1,1,1,4,1307355637,709281663,0.6615324269434664,0.5965167561484988,0.08422081202892505,0.9157791879710749
original,38,1,0,0,0,4,760257414,1120512260,-1.2612343531063421,0.31598748066317073,0.09237553186158372,0.9076244681384162
original,38,2,1,0,0,4,760257414,1120512260,0.6070677801051771,0.5885704320931633,0.03826867271404255,0.9617313272859574
original,38,3,0,1,0,4,760257414,1120512260,-1.2612343531063421,0.31598748066317073,0.09237553186158372,0.9076244681384162
original,38,4,0,0,1,4,760257414,1120512260,-1.2641124144338187,0.3155675751044849,0.09369254658586612,0.9063074534141339
original,38,5,1,1,0,4,760257414,1120512260,0.6070677801051771,0.5885704320931633,0.03826867271404255,0.9617313272859574
original,38,6,1,0,1,4,760257414,1120512260,1.8459412268730233,0.7693205230796489,0.021488184691201385,0.9785118153087986
original,38,7,0,1,1,4,760257414,1120512260,-1.2641124144338187,0.3155675751044849,0.09369254658586612,0.9063074534141339
original,38,8,1,1,1,4,760257414,1120512260,1.8459412268730233,0.7693205230796489,0.021488184691201385,0.9785118153087986
original,39,1,0,0,0,4,364825913,1681871944,0.19119634002138064,0.527895307583926,0.005825095336541871,0.9941749046634581
original,39,2,1,0,0,4,364825913,1681871944,0.24238155159873837,0.5353631661242049,0.018187307849112475,0.9818126921508875
original,39,3,0,1,0,4,364825913,1681871944,0.19119634002138064,0.527895307583926,0.005825095336541871,0.9941749046634581
original,39,4,0,0,1,4,364825913,1681871944,0.1780946838847155,0.5259837922915819,0.006528261317402616,0.9934717386825974
original,39,5,1,1,0,4,364825913,1681871944,0.24238155159873837,0.5353631661242049,0.018187307849112475,0.9818126921508875
original,39,6,1,0,1,4,364825913,1681871944,0.43920340079513887,0.5640792284816575,0.010393408565349609,0.9896065914346504
original,39,7,0,1,1,4,364825913,1681871944,0.1780946838847155,0.5259837922915819,0.006528261317402616,0.9934717386825974
original,39,8,1,1,1,4,364825913,1681871944,0.43920340079513887,0.5640792284816575,0.010393408565349609,0.9896065914346504
original,40,1,0,0,0,4,1871936082,1789861030,-0.1134061533599176,0.4834541836442528,0.006131147953869044,0.993868852046131
original,40,2,1,0,0,4,1871936082,1789861030,0.4137883437639697,0.5603712033538323,0.003667659922242997,0.996332340077757
original,40,3,0,1,0,4,1871936082,1789861030,-0.1134061533599176,0.4834541836442528,0.006131147953869044,0.993868852046131
original,40,4,0,0,1,4,1871936082,1789861030,0.31058020863436775,0.5453132651407803,0.0087427953128053,0.9912572046871947
original,40,5,1,1,0,4,1871936082,1789861030,0.4137883437639697,0.5603712033538323,0.003667659922242997,0.996332340077757
original,40,6,1,0,1,4,1871936082,1789861030,0.9764915023071492,0.6424688924845622,0.00032362505410664556,0.9996763749458933
original,40,7,0,1,1,4,1871936082,1789861030,0.31058020863436775,0.5453132651407803,0.0087427953128053,0.9912572046871947
original,40,8,1,1,1,4,1871936082,1789861030,0.9764915023071492,0.6424688924845622,0.00032362505410664556,0.9996763749458933
original,41,1,0,0,0,4,673060434,738670457,0.8801676027672395,0.6284153556592836,0.03422778866961605,0.9657722113303839
original,41,2,1,0,0,4,673060434,738670457,0.6774739019217033,0.5988425974685243,0.00015955634308727326,0.9998404436569127
original,41,3,0,1,0,4,673060434,738670457,0.8801676027672395,0.6284153556592836,0.03422778866961605,0.9657722113303839
original,41,4,0,0,1,4,673060434,738670457,1.0203497339855767,0.6488677537944597,0.019794035680187446,0.9802059643198126
original,41,5,1,1,0,4,673060434,738670457,0.6774739019217033,0.5988425974685243,0.00015955634308727326,0.9998404436569127
original,41,6,1,0,1,4,673060434,738670457,1.4215007938218136,0.7073951931821507,0.00036919299536060195,0.9996308070046394
original,41,7,0,1,1,4,673060434,738670457,1.0203497339855767,0.6488677537944597,0.019794035680187446,0.9802059643198126
original,41,8,1,1,1,4,673060434,738670457,1.4215007938218136,0.7073951931821507,0.00036919299536060195,0.9996308070046394
original,42,1,0,0,0,4,1717762591,1922887068,-0.34008980986022186,0.45038132083935867,0.003780663288041735,0.9962193367119583
original,42,2,1,0,0,4,1717762591,1922887068,0.41123624583028257,0.5599988554478182,0.0035489522937194222,0.9964510477062806
original,42,3,0,1,0,4,1717762591,1922887068,-0.34008980986022186,0.45038132083935867,0.003780663288041735,0.9962193367119583
original,42,4,0,0,1,4,1717762591,1922887068,0.3078045603927706,0.5449083015236134,0.010766062908904065,0.989233937091096
original,42,5,1,1,0,4,1717762591,1922887068,0.41123624583028257,0.5599988554478182,0.0035489522937194222,0.9964510477062806
original,42,6,1,0,1,4,1717762591,1922887068,-0.07175496560019425,0.48953103999863384,0.041052225431855285,0.9589477745681447
original,42,7,0,1,1,4,1717762591,1922887068,0.3078045603927706,0.5449083015236134,0.010766062908904065,0.989233937091096
original,42,8,1,1,1,4,1717762591,1922887068,-0.07175496560019425,0.48953103999863384,0.041052225431855285,0.9589477745681447
original,43,1,0,0,0,4,1811640487,157734486,-0.3770807614398267,0.4449843871322605,0.01290684703380385,0.9870931529661962
original,43,2,1,0,0,4,1811640487,157734486,1.424920290989769,0.7078940935547824,0.01643428009481464,0.9835657199051854
original,43,3,0,1,0,4,1811640487,157734486,-0.3770807614398267,0.4449843871322605,0.01290684703380385,0.9870931529661962
original,43,4,0,0,1,4,1811640487,157734486,0.10047158800535487,0.5146586794001468,9.374783637870187e-05,0.9999062521636213
original,43,5,1,1,0,4,1811640487,157734486,1.424920290989769,0.7078940935547824,0.01643428009481464,0.9835657199051854
original,43,6,1,0,1,4,1811640487,157734486,0.7881091211451104,0.6149841379891582,0.007228935719102061,0.9927710642808979
original,43,7,0,1,1,4,1811640487,157734486,0.10047158800535487,0.5146586794001468,9.374783637870187e-05,0.9999062521636213
original,43,8,1,1,1,4,1811640487,157734486,0.7881091211451104,0.6149841379891582,0.007228935719102061,0.9927710642808979
original,44,1,0,0,0,4,1081600085,824075019,2.3731536713493155,0.8462401612855637,0.0011620024300315322,0.9988379975699685
original,44,2,1,0,0,4,1081600085,824075019,0.28251782966023326,0.5412189990427334,0.0004157924273601583,0.9995842075726399
original,44,3,0,1,0,4,1081600085,824075019,2.3731536713493155,0.8462401612855637,0.0011620024300315322,0.9988379975699685
original,44,4,0,0,1,4,1081600085,824075019,1.5242057823262252,0.7223797229300203,0.0005018945504771209,0.9994981054495229
original,44,5,1,1,0,4,1081600085,824075019,0.28251782966023326,0.5412189990427334,0.0004157924273601583,0.9995842075726399
original,44,6,1,0,1,4,1081600085,824075019,0.2084956700562116,0.5304192582634395,0.0028262141911516657,0.9971737858088483
original,44,7,0,1,1,4,1081600085,824075019,1.5242057823262252,0.7223797229300203,0.0005018945504771209,0.9994981054495229
original,44,8,1,1,1,4,1081600085,824075019,0.2084956700562116,0.5304192582634395,0.0028262141911516657,0.9971737858088483
original,45,1,0,0,0,4,1181811220,1946286297,-0.6142170730856874,0.4103864949762743,0.002167616867893847,0.9978323831321062
original,45,2,1,0,0,4,1181811220,1946286297,1.0157289708191914,0.6481935902106569,0.0002863320061265217,0.9997136679938735
original,45,3,0,1,0,4,1181811220,1946286297,-0.6142170730856874,0.4103864949762743,0.002167616867893847,0.9978323831321062
original,45,4,0,0,1,4,1181811220,1946286297,-0.6865740574825279,0.3998297011832054,0.009523994722472688,0.9904760052775273
original,45,5,1,1,0,4,1181811220,1946286297,1.0157289708191914,0.6481935902106569,0.0002863320061265217,0.9997136679938735
original,45,6,1,0,1,4,1181811220,1946286297,2.0141765210721037,0.7938658427109286,0.009399682364085888,0.9906003176359142
original,45,7,0,1,1,4,1181811220,1946286297,-0.6865740574825279,0.3998297011832054,0.009523994722472688,0.9904760052775273
original,45,8,1,1,1,4,1181811220,1946286297,2.0141765210721037,0.7938658427109286,0.009399682364085888,0.9906003176359142
original,46,1,0,0,0,4,418760553,950037897,0.02559702103726702,0.5037345734494025,0.04176893458584128,0.9582310654141587
original,46,2,1,0,0,4,418760553,950037897,0.5459270252329644,0.5796500722009025,0.06578332023155645,0.9342166797684436
original,46,3,0,1,0,4,418760553,950037897,0.02559702103726702,0.5037345734494025,0.04176893458584128,0.9582310654141587
original,46,4,0,0,1,4,418760553,950037897,0.32488358917849935,0.5474001105256023,0.010047696879388163,0.9899523031206119
original,46,5,1,1,0,4,418760553,950037897,0.5459270252329644,0.5796500722009025,0.06578332023155645,0.9342166797684436
original,46,6,1,0,1,4,418760553,950037897,0.4921760703760415,0.571807874915662,0.12562645762632849,0.8743735423736715
original,46,7,0,1,1,4,418760553,950037897,0.32488358917849935,0.5474001105256023,0.010047696879388163,0.9899523031206119
original,46,8,1,1,1,4,418760553,950037897,0.4921760703760415,0.571807874915662,0.12562645762632849,0.8743735423736715
original,47,1,0,0,0,4,822407109,666668237,-1.3187763795555019,0.30759217076015577,0.3641949459924879,0.6358050540075121
original,47,2,1,0,0,4,822407109,666668237,0.5598025932339367,0.5816745002691673,0.0005820077714103292,0.9994179922285896
original,47,3,0,1,0,4,822407109,666668237,-1.3187763795555019,0.30759217076015577,0.3641949459924879,0.6358050540075121
original,47,4,0,0,1,4,822407109,666668237,-1.9476099553012511,0.21584613622536242,0.46118442785424735,0.5388155721457526
original,47,5,1,1,0,4,822407109,666668237,0.5598025932339367,0.5816745002691673,0.0005820077714103292,0.9994179922285896
original,47,6,1,0,1,4,822407109,666668237,0.7380973126618626,0.6076874774970557,0.0035761825673136676,0.9964238174326864
original,47,7,0,1,1,4,822407109,666668237,-1.9476099553012511,0.21584613622536242,0.46118442785424735,0.5388155721457526
original,47,8,1,1,1,4,822407109,666668237,0.7380973126618626,0.6076874774970557,0.0035761825673136676,0.9964238174326864
original,48,1,0,0,0,4,256931239,1130306523,-0.7059662262826758,0.39700040793763886,3.1708541994572976e-08,0.999999968291458
original,48,2,1,0,0,4,256931239,1130306523,0.9972063999266062,0.6454911702153999,0.030529008639317904,0.969470991360682
original,48,3,0,1,0,4,256931239,1130306523,-0.7059662262826758,0.39700040793763886,3.1708541994572976e-08,0.999999968291458
original,48,4,0,0,1,4,256931239,1130306523,-0.7367544021990037,0.3925084514648426,0.009054901219205068,0.990945098780795
original,48,5,1,1,0,4,256931239,1130306523,0.9972063999266062,0.6454911702153999,0.030529008639317904,0.969470991360682
original,48,6,1,0,1,4,256931239,1130306523,1.2085951937882768,0.6763325316342796,0.013063412059394139,0.9869365879406059
original,48,7,0,1,1,4,256931239,1130306523,-0.7367544021990037,0.3925084514648426,0.009054901219205068,0.990945098780795
original,48,8,1,1,1,4,256931239,1130306523,1.2085951937882768,0.6763325316342796,0.013063412059394139,0.9869365879406059
original,49,1,0,0,0,4,1651183389,2109625721,-0.645940780036622,0.40575804569215257,0.00200229157573552,0.9979977084242645
original,49,2,1,0,0,4,1651183389,2109625721,0.8133491779680964,0.6186666308048377,0.0038768167125425882,0.9961231832874574
original,49,3,0,1,0,4,1651183389,2109625721,-0.645940780036622,0.40575804569215257,0.00200229157573552,0.9979977084242645
original,49,4,0,0,1,4,1651183389,2109625721,-0.738286601647633,0.3922849054759672,0.0008620260174164918,0.9991379739825835
original,49,5,1,1,0,4,1651183389,2109625721,0.8133491779680964,0.6186666308048377,0.0038768167125425882,0.9961231832874574
original,49,6,1,0,1,4,1651183389,2109625721,0.661578844022052,0.5965235283423814,0.006276992358619979,0.99372300764138
original,49,7,0,1,1,4,1651183389,2109625721,-0.738286601647633,0.3922849054759672,0.0008620260174164918,0.9991379739825835
original,49,8,1,1,1,4,1651183389,2109625721,0.661578844022052,0.5965235283423814,0.006276992358619979,0.99372300764138
original,0,1,0,0,0,6,1805377371,849125467,-0.557841537418915,0.4186116153287734,0.008312382891947575,0.9916876171080524
original,0,2,1,0,0,6,1805377371,849125467,-1.0863843113673923,0.34149788371181106,0.016394301319938735,0.9836056986800613
original,0,3,0,1,0,6,1805377371,849125467,-0.557841537418915,0.4186116153287734,0.008312382891947575,0.9916876171080524
original,0,4,0,0,1,6,1805377371,849125467,-0.4741388640579205,0.430823730993439,0.025564485185997014,0.974435514814003
original,0,5,1,1,0,6,1805377371,849125467,-1.0863843113673923,0.34149788371181106,0.016394301319938735,0.9836056986800613
original,0,6,1,0,1,6,1805377371,849125467,-0.8319492765134393,0.37861963801204634,0.008284653053197363,0.9917153469468026
original,0,7,0,1,1,6,1805377371,849125467,-0.4741388640579205,0.430823730993439,0.025564485185997014,0.974435514814003
original,0,8,1,1,1,6,1805377371,849125467,-0.8319492765134393,0.37861963801204634,0.008284653053197363,0.9917153469468026
original,1,1,0,0,0,6,2106114436,2027807607,2.1155879476488155,0.808661643386641,0.001881736334192796,0.9981182636658072
original,1,2,1,0,0,6,2106114436,2027807607,-0.6105180647535918,0.41092617567919865,0.18507945871244486,0.8149205412875551
original,1,3,0,1,0,6,2106114436,2027807607,2.1155879476488155,0.808661643386641,0.001881736334192796,0.9981182636658072
original,1,4,0,0,1,6,2106114436,2027807607,1.446423312667235,0.711031357602879,0.003284331693803987,0.9967156683061961
original,1,5,1,1,0,6,2106114436,2027807607,-0.6105180647535918,0.41092617567919865,0.18507945871244486,0.8149205412875551
original,1,6,1,0,1,6,2106114436,2027807607,0.3750680546186371,0.5547219614524088,0.06949879288585722,0.9305012071141427
original,1,7,0,1,1,6,2106114436,2027807607,1.446423312667235,0.711031357602879,0.003284331693803987,0.9967156683061961
original,1,8,1,1,1,6,2106114436,2027807607,0.3750680546186371,0.5547219614524088,0.06949879288585722,0.9305012071141427
original,2,1,0,0,0,6,1341101236,72451064,0.10602868352097711,0.5154694527060804,0.1124505481636108,0.8875494518363892
original,2,2,1,0,0,6,1341101236,72451064,-0.19954525385886845,0.4708865962984268,0.05230275619021531,0.9476972438097847
original,2,3,0,1,0,6,1341101236,72451064,0.10602868352097711,0.5154694527060804,0.1124505481636108,0.8875494518363892
original,2,4,0,0,1,6,1341101236,72451064,0.6414070442241733,0.5935804879064595,0.010963726162786227,0.9890362738372138
original,2,5,1,1,0,6,1341101236,72451064,-0.19954525385886845,0.4708865962984268,0.05230275619021531,0.9476972438097847
original,2,6,1,0,1,6,1341101236,72451064,-1.1270141856599876,0.3355700357186881,0.13196341586960428,0.8680365841303957
original,2,7,0,1,1,6,1341101236,72451064,0.6414070442241733,0.5935804879064595,0.010963726162786227,0.9890362738372138
original,2,8,1,1,1,6,1341101236,72451064,-1.1270141856599876,0.3355700357186881,0.13196341586960428,0.8680365841303957
original,3,1,0,0,0,6,551090862,270572896,-0.49686689510070137,0.4275077396065511,0.0011700271975928496,0.9988299728024072
original,3,2,1,0,0,6,551090862,270572896,0.5323865965773572,0.5776745405452016,0.00063947778168925,0.9993605222183107
original,3,3,0,1,0,6,551090862,270572896,-0.49686689510070137,0.4275077396065511,0.0011700271975928496,0.9988299728024072
original,3,4,0,0,1,6,551090862,270572896,0.36195834377794334,0.5528092709887912,0.007366389998977249,0.9926336100010228
original,3,5,1,1,0,6,551090862,270572896,0.5323865965773572,0.5776745405452016,0.00063947778168925,0.9993605222183107
original,3,6,1,0,1,6,551090862,270572896,0.8781651162476047,0.6281231953732047,0.0014059242125709806,0.998594075787429
original,3,7,0,1,1,6,551090862,270572896,0.36195834377794334,0.5528092709887912,0.007366389998977249,0.9926336100010228
original,3,8,1,1,1,6,551090862,270572896,0.8781651162476047,0.6281231953732047,0.0014059242125709806,0.998594075787429
original,4,1,0,0,0,6,254070970,1974241825,1.5634797477836115,0.7281097455149282,4.577690760262101e-05,0.9999542230923973
original,4,2,1,0,0,6,254070970,1974241825,-1.1912753553938664,0.3261944111893223,0.015550831188172479,0.9844491688118275
original,4,3,0,1,0,6,254070970,1974241825,1.5634797477836115,0.7281097455149282,4.577690760262101e-05,0.9999542230923973
original,4,4,0,0,1,6,254070970,1974241825,1.325173751366981,0.6933411978095042,4.974121258457832e-06,0.9999950258787416
original,4,5,1,1,0,6,254070970,1974241825,-1.1912753553938664,0.3261944111893223,0.015550831188172479,0.9844491688118275
original,4,6,1,0,1,6,254070970,1974241825,0.005559021884666546,0.500811054360775,0.004021816216200971,0.995978183783799
original,4,7,0,1,1,6,254070970,1974241825,1.325173751366981,0.6933411978095042,4.974121258457832e-06,0.9999950258787416
original,4,8,1,1,1,6,254070970,1974241825,0.005559021884666546,0.500811054360775,0.004021816216200971,0.995978183783799
original,5,1,0,0,0,6,1342223440,529992674,-1.1475550206882432,0.3325731535028476,0.003961745096532203,0.9960382549034678
original,5,2,1,0,0,6,1342223440,529992674,0.24976780169615964,0.5364408108026351,0.024461985276755457,0.9755380147232445
original,5,3,0,1,0,6,1342223440,529992674,-1.1475550206882432,0.3325731535028476,0.003961745096532203,0.9960382549034678
original,5,4,0,0,1,6,1342223440,529992674,-0.5364852766601325,0.4217274671418476,0.0025526770621461274,0.9974473229378539
original,5,5,1,1,0,6,1342223440,529992674,0.24976780169615964,0.5364408108026351,0.024461985276755457,0.9755380147232445
original,5,6,1,0,1,6,1342223440,529992674,0.2745957987710196,0.5400631846149088,0.000710963390534201,0.9992890366094658
original,5,7,0,1,1,6,1342223440,529992674,-0.5364852766601325,0.4217274671418476,0.0025526770621461274,0.9974473229378539
original,5,8,1,1,1,6,1342223440,529992674,0.2745957987710196,0.5400631846149088,0.000710963390534201,0.9992890366094658
original,6,1,0,0,0,6,1068039858,1329867741,-0.14007934419967166,0.47956259836267007,0.004643040863837038,0.995356959136163
original,6,2,1,0,0,6,1068039858,1329867741,2.2339735457783427,0.8259339545248194,0.011814241272591145,0.9881857587274089
original,6,3,0,1,0,6,1068039858,1329867741,-0.14007934419967166,0.47956259836267007,0.004643040863837038,0.995356959136163
original,6,4,0,0,1,6,1068039858,1329867741,0.06021373416800746,0.5087851087275285,0.02050304037220194,0.979496959627798
original,6,5,1,1,0,6,1068039858,1329867741,2.2339735457783427,0.8259339545248194,0.011814241272591145,0.9881857587274089
original,6,6,1,0,1,6,1068039858,1329867741,2.4808125862108588,0.8619474627113055,0.002169075704109146,0.9978309242958908
original,6,7,0,1,1,6,1068039858,1329867741,0.06021373416800746,0.5087851087275285,0.02050304037220194,0.979496959627798
original,6,8,1,1,1,6,1068039858,1329867741,2.4808125862108588,0.8619474627113055,0.002169075704109146,0.9978309242958908
original,7,1,0,0,0,6,507847815,486509556,1.5064615104743702,0.7197908557942532,0.00014818330850497385,0.999851816691495
original,7,2,1,0,0,6,507847815,486509556,0.2930938062474371,0.5427620208383779,0.005426618221073259,0.9945733817789267
original,7,3,0,1,0,6,507847815,486509556,1.5064615104743702,0.7197908557942532,0.00014818330850497385,0.999851816691495
original,7,4,0,0,1,6,507847815,486509556,1.334869280904595,0.6947557634785465,0.0006856255345260733,0.9993143744654739
original,7,5,1,1,0,6,507847815,486509556,0.2930938062474371,0.5427620208383779,0.005426618221073259,0.9945733817789267
original,7,6,1,0,1,6,507847815,486509556,0.6323486778680694,0.5922588835510458,0.0008364838987428314,0.9991635161012572
original,7,7,0,1,1,6,507847815,486509556,1.334869280904595,0.6947557634785465,0.0006856255345260733,0.9993143744654739
original,7,8,1,1,1,6,507847815,486509556,0.6323486778680694,0.5922588835510458,0.0008364838987428314,0.9991635161012572
original,8,1,0,0,0,6,754964978,365803317,-1.8528441253626664,0.22967235263874788,0.3243117549890077,0.6756882450109922
original,8,2,1,0,0,6,754964978,365803317,-2.671361156623368,0.1102517384829229,0.36617342454737983,0.6338265754526202
original,8,3,0,1,0,6,754964978,365803317,-1.8528441253626664,0.22967235263874788,0.3243117549890077,0.6756882450109922
original,8,4,0,0,1,6,754964978,365803317,-1.5656152164727857,0.2715786922662883,0.145657290546095,0.854342709453905
original,8,5,1,1,0,6,754964978,365803317,-2.671361156623368,0.1102517384829229,0.36617342454737983,0.6338265754526202
original,8,6,1,0,1,6,754964978,365803317,-1.4212319256041426,0.2926440343555242,0.03340756227374725,0.9665924377262527
original,8,7,0,1,1,6,754964978,365803317,-1.5656152164727857,0.2715786922662883,0.145657290546095,0.854342709453905
original,8,8,1,1,1,6,754964978,365803317,-1.4212319256041426,0.2926440343555242,0.03340756227374725,0.9665924377262527
original,9,1,0,0,0,6,586384459,1338990307,0.22011752632790627,0.5321148726008209,0.031885074975313246,0.9681149250246868
original,9,2,1,0,0,6,586384459,1338990307,0.11232735550624777,0.5163884210941768,0.03750127150717536,0.9624987284928246
original,9,3,0,1,0,6,586384459,1338990307,0.22011752632790627,0.5321148726008209,0.031885074975313246,0.9681149250246868
original,9,4,0,0,1,6,586384459,1338990307,-0.21984616087996556,0.46792471927963625,0.060619885419471865,0.9393801145805282
original,9,5,1,1,0,6,586384459,1338990307,0.11232735550624777,0.5163884210941768,0.03750127150717536,0.9624987284928246
original,9,6,1,0,1,6,586384459,1338990307,1.6579165860674299,0.7418879624561417,0.00624663626381898,0.9937533637361811
original,9,7,0,1,1,6,586384459,1338990307,-0.21984616087996556,0.46792471927963625,0.060619885419471865,0.9393801145805282
original,9,8,1,1,1,6,586384459,1338990307,1.6579165860674299,0.7418879624561417,0.00624663626381898,0.9937533637361811
original,10,1,0,0,0,6,2041229467,683449491,1.1495849714852753,0.6677230137870552,0.006317716945079834,0.9936822830549201
original,10,2,1,0,0,6,2041229467,683449491,1.0887389842771105,0.6588456601293985,0.006124510441675314,0.9938754895583247
original,10,3,0,1,0,6,2041229467,683449491,1.1495849714852753,0.6677230137870552,0.006317716945079834,0.9936822830549201
original,10,4,0,0,1,6,2041229467,683449491,0.5102746406393508,0.5744484337478439,0.009117078759415363,0.9908829212405846
original,10,5,1,1,0,6,2041229467,683449491,1.0887389842771105,0.6588456601293985,0.006124510441675314,0.9938754895583247
original,10,6,1,0,1,6,2041229467,683449491,1.096175247402898,0.6599306016463001,0.00108158233594493,0.9989184176640551
original,10,7,0,1,1,6,2041229467,683449491,0.5102746406393508,0.5744484337478439,0.009117078759415363,0.9908829212405846
original,10,8,1,1,1,6,2041229467,683449491,1.096175247402898,0.6599306016463001,0.00108158233594493,0.9989184176640551
original,11,1,0,0,0,6,1408844179,1096719747,-0.6806841427303445,0.40068903240072185,0.09888267497766975,0.9011173250223302
original,11,2,1,0,0,6,1408844179,1096719747,0.5310699683755253,0.5774824461324128,0.0035477428702425347,0.9964522571297575
original,11,3,0,1,0,6,1408844179,1096719747,-0.6806841427303445,0.40068903240072185,0.09888267497766975,0.9011173250223302
original,11,4,0,0,1,6,1408844179,1096719747,-1.220090746165325,0.3219902816090648,0.06436095913413661,0.9356390408658634
original,11,5,1,1,0,6,1408844179,1096719747,0.5310699683755253,0.5774824461324128,0.0035477428702425347,0.9964522571297575
original,11,6,1,0,1,6,1408844179,1096719747,-0.5713148804438997,0.41664587138292347,0.12879698164673392,0.8712030183532661
original,11,7,0,1,1,6,1408844179,1096719747,-1.220090746165325,0.3219902816090648,0.06436095913413661,0.9356390408658634
original,11,8,1,1,1,6,1408844179,1096719747,-0.5713148804438997,0.41664587138292347,0.12879698164673392,0.8712030183532661
original,12,1,0,0,0,6,920612083,1724305527,0.6706405496105841,0.5978456198876423,0.0011283729474900488,0.99887162705251
original,12,2,1,0,0,6,920612083,1724305527,1.2452974959762617,0.6816873517550913,0.009216880974221024,0.990783119025779
original,12,3,0,1,0,6,920612083,1724305527,0.6706405496105841,0.5978456198876423,0.0011283729474900488,0.99887162705251
original,12,4,0,0,1,6,920612083,1724305527,0.49399369606621135,0.5720730642372467,0.007362071784860726,0.9926379282151393
original,12,5,1,1,0,6,920612083,1724305527,1.2452974959762617,0.6816873517550913,0.009216880974221024,0.990783119025779
original,12,6,1,0,1,6,920612083,1724305527,0.7256173033081722,0.6058666596951431,0.014667634564142086,0.9853323654358579
original,12,7,0,1,1,6,920612083,1724305527,0.49399369606621135,0.5720730642372467,0.007362071784860726,0.9926379282151393
original,12,8,1,1,1,6,920612083,1724305527,0.7256173033081722,0.6058666596951431,0.014667634564142086,0.9853323654358579
original,13,1,0,0,0,6,507716262,1076826817,-1.1388377887916197,0.33384498676602375,0.3008583267040227,0.6991416732959773
original,13,2,1,0,0,6,507716262,1076826817,-0.7832169132609865,0.38572962904046654,0.01872273795056694,0.9812772620494331
original,13,3,0,1,0,6,507716262,1076826817,-1.1388377887916197,0.33384498676602375,0.3008583267040227,0.6991416732959773
original,13,4,0,0,1,6,507716262,1076826817,-1.269119092922757,0.31483710695636485,0.25823137523146483,0.7417686247685351
original,13,5,1,1,0,6,507716262,1076826817,-0.7832169132609865,0.38572962904046654,0.01872273795056694,0.9812772620494331
original,13,6,1,0,1,6,507716262,1076826817,-1.1488914337406975,0.33237817250502505,0.017162205821536974,0.9828377941784631
original,13,7,0,1,1,6,507716262,1076826817,-1.269119092922757,0.31483710695636485,0.25823137523146483,0.7417686247685351
original,13,8,1,1,1,6,507716262,1076826817,-1.1488914337406975,0.33237817250502505,0.017162205821536974,0.9828377941784631
original,14,1,0,0,0,6,1604647668,740969522,-0.9368623494275599,0.3633129515023204,0.0005442354610650305,0.9994557645389349
original,14,2,1,0,0,6,1604647668,740969522,-0.6395864257721073,0.4066851380553539,0.014298875815833795,0.9857011241841662
original,14,3,0,1,0,6,1604647668,740969522,-0.9368623494275599,0.3633129515023204,0.0005442354610650305,0.9994557645389349
original,14,4,0,0,1,6,1604647668,740969522,-1.2878064920327268,0.3121106387297351,0.04370373123280532,0.9562962687671946
original,14,5,1,1,0,6,1604647668,740969522,-0.6395864257721073,0.4066851380553539,0.014298875815833795,0.9857011241841662
original,14,6,1,0,1,6,1604647668,740969522,-0.028764834620423785,0.49580324649913415,0.08250067401783845,0.9174993259821616
original,14,7,0,1,1,6,1604647668,740969522,-1.2878064920327268,0.3121106387297351,0.04370373123280532,0.9562962687671946
original,14,8,1,1,1,6,1604647668,740969522,-0.028764834620423785,0.49580324649913415,0.08250067401783845,0.9174993259821616
original,15,1,0,0,0,6,995343871,646968702,-0.5771785526391324,0.4157903689217412,0.2390700930114326,0.7609299069885674
original,15,2,1,0,0,6,995343871,646968702,1.580758483355098,0.7306306914879216,0.05961490148572936,0.9403850985142707
original,15,3,0,1,0,6,995343871,646968702,-0.5771785526391324,0.4157903689217412,0.2390700930114326,0.7609299069885674
original,15,4,0,0,1,6,995343871,646968702,0.3703617508436271,0.5540353176004783,0.09760035757866985,0.9023996424213302
original,15,5,1,1,0,6,995343871,646968702,1.580758483355098,0.7306306914879216,0.05961490148572936,0.9403850985142707
original,15,6,1,0,1,6,995343871,646968702,0.7525266831294546,0.609792704654599,0.08203354949319477,0.9179664505068053
original,15,7,0,1,1,6,995343871,646968702,0.3703617508436271,0.5540353176004783,0.09760035757866985,0.9023996424213302
original,15,8,1,1,1,6,995343871,646968702,0.7525266831294546,0.609792704654599,0.08203354949319477,0.9179664505068053
original,16,1,0,0,0,6,1694628667,1988206463,-0.740316300125559,0.39198877499910745,0.09784883769022441,0.9021511623097755
original,16,2,1,0,0,6,1694628667,1988206463,-0.5916390241344626,0.4136806041630344,0.09457068782665663,0.9054293121733433
original,16,3,0,1,0,6,1694628667,1988206463,-0.740316300125559,0.39198877499910745,0.09784883769022441,0.9021511623097755
original,16,4,0,0,1,6,1694628667,1988206463,-0.7572880944130616,0.38951261137668636,0.09858569916259728,0.9014143008374027
original,16,5,1,1,0,6,1694628667,1988206463,-0.5916390241344626,0.4136806041630344,0.09457068782665663,0.9054293121733433
original,16,6,1,0,1,6,1694628667,1988206463,-1.5811471804543515,0.2693125980900096,0.24021157784816866,0.7597884221518314
original,16,7,0,1,1,6,1694628667,1988206463,-0.7572880944130616,0.38951261137668636,0.09858569916259728,0.9014143008374027
original,16,8,1,1,1,6,1694628667,1988206463,-1.5811471804543515,0.2693125980900096,0.24021157784816866,0.7597884221518314
original,17,1,0,0,0,6,112258025,242692771,0.6196630824868826,0.5904080710040909,0.025563911718400344,0.9744360882815997
original,17,2,1,0,0,6,112258025,242692771,1.9739818692604112,0.7880014931350394,0.002607025655619381,0.9973929743443806
original,17,3,0,1,0,6,112258025,242692771,0.6196630824868826,0.5904080710040909,0.025563911718400344,0.9744360882815997
original,17,4,0,0,1,6,112258025,242692771,1.6124765476159637,0.7352583175105987,0.02837093683450791,0.9716290631654921
original,17,5,1,1,0,6,112258025,242692771,1.9739818692604112,0.7880014931350394,0.002607025655619381,0.9973929743443806
original,17,6,1,0,1,6,112258025,242692771,0.9581977121522341,0.6397998513136377,0.0018486299576462902,0.9981513700423537
original,17,7,0,1,1,6,112258025,242692771,1.6124765476159637,0.7352583175105987,0.02837093683450791,0.9716290631654921
original,17,8,1,1,1,6,112258025,242692771,0.9581977121522341,0.6397998513136377,0.0018486299576462902,0.9981513700423537
original,18,1,0,0,0,6,653240703,1393392149,-1.1202022000719596,0.33656389592131575,0.002418569104088808,0.9975814308959112
original,18,2,1,0,0,6,653240703,1393392149,-0.7445522859314435,0.3913707499523776,0.0017704906181165462,0.9982295093818835
original,18,3,0,1,0,6,653240703,1393392149,-1.1202022000719596,0.33656389592131575,0.002418569104088808,0.9975814308959112
original,18,4,0,0,1,6,653240703,1393392149,-0.48735829540988296,0.4288950324440507,0.0016787344085578257,0.9983212655914422
original,18,5,1,1,0,6,653240703,1393392149,-0.7445522859314435,0.3913707499523776,0.0017704906181165462,0.9982295093818835
original,18,6,1,0,1,6,653240703,1393392149,-1.1546262828116085,0.3315414651770367,0.029387903555077224,0.9706120964449227
original,18,7,0,1,1,6,653240703,1393392149,-0.48735829540988296,0.4288950324440507,0.0016787344085578257,0.9983212655914422
original,18,8,1,1,1,6,653240703,1393392149,-1.1546262828116085,0.3315414651770367,0.029387903555077224,0.9706120964449227
original,19,1,0,0,0,6,96933556,467378874,1.3257452987807372,0.6934245858644416,2.1152840062940048e-05,0.999978847159937
original,19,2,1,0,0,6,96933556,467378874,0.5777337775714229,0.5842906377035048,0.0460123615805946,0.9539876384194054
original,19,3,0,1,0,6,96933556,467378874,1.3257452987807372,0.6934245858644416,2.1152840062940048e-05,0.999978847159937
original,19,4,0,0,1,6,96933556,467378874,1.466890643002004,0.7140175155756016,2.0668443130730197e-06,0.999997933155687
original,19,5,1,1,0,6,96933556,467378874,0.5777337775714229,0.5842906377035048,0.0460123615805946,0.9539876384194054
original,19,6,1,0,1,6,96933556,467378874,0.19100005513361112,0.5278666698635712,0.05990350470764054,0.9400964952923595
original,19,7,0,1,1,6,96933556,467378874,1.466890643002004,0.7140175155756016,2.0668443130730197e-06,0.999997933155687
original,19,8,1,1,1,6,96933556,467378874,0.19100005513361112,0.5278666698635712,0.05990350470764054,0.9400964952923595
original,20,1,0,0,0,6,1727870959,229041150,1.1907751026834372,0.6737326025640501,0.00023245152566769072,0.9997675484743324
original,20,2,1,0,0,6,1727870959,229041150,-1.1274294593514398,0.33550944780495884,0.016670078596336478,0.9833299214036635
original,20,3,0,1,0,6,1727870959,229041150,1.1907751026834372,0.6737326025640501,0.00023245152566769072,0.9997675484743324
original,20,4,0,0,1,6,1727870959,229041150,1.148277712806005,0.6675322863759243,9.632475276294968e-05,0.999903675247237
original,20,5,1,1,0,6,1727870959,229041150,-1.1274294593514398,0.33550944780495884,0.016670078596336478,0.9833299214036635
original,20,6,1,0,1,6,1727870959,229041150,-1.2696688923014738,0.3147568919126195,0.00867402963682072,0.9913259703631793
original,20,7,0,1,1,6,1727870959,229041150,1.148277712806005,0.6675322863759243,9.632475276294968e-05,0.999903675247237
original,20,8,1,1,1,6,1727870959,229041150,-1.2696688923014738,0.3147568919126195,0.00867402963682072,0.9913259703631793
original,21,1,0,0,0,6,404196714,332336133,0.49964564022593444,0.5728976758420766,0.09938458838721619,0.9006154116127838
original,21,2,1,0,0,6,404196714,332336133,-0.38923982295510107,0.4432103952197452,0.26822651968245054,0.7317734803175495
original,21,3,0,1,0,6,404196714,332336133,0.49964564022593444,0.5728976758420766,0.09938458838721619,0.9006154116127838
original,21,4,0,0,1,6,404196714,332336133,0.629379854517601,0.5918257359263873,0.07528621961139138,0.9247137803886086
original,21,5,1,1,0,6,404196714,332336133,-0.38923982295510107,0.4432103952197452,0.26822651968245054,0.7317734803175495
original,21,6,1,0,1,6,404196714,332336133,0.5293125902628659,0.5772260468572573,0.0020649526513837843,0.9979350473486163
original,21,7,0,1,1,6,404196714,332336133,0.629379854517601,0.5918257359263873,0.07528621961139138,0.9247137803886086
original,21,8,1,1,1,6,404196714,332336133,0.5293125902628659,0.5772260468572573,0.0020649526513837843,0.9979350473486163
original,22,1,0,0,0,6,1078409441,1965497972,-0.10310476274405164,0.48495714368909265,0.13965889825174047,0.8603411017482595
original,22,2,1,0,0,6,1078409441,1965497972,-0.6799287898155867,0.40079923744904666,4.244105696612022e-05,0.9999575589430338
original,22,3,0,1,0,6,1078409441,1965497972,-0.10310476274405164,0.48495714368909265,0.13965889825174047,0.8603411017482595
original,22,4,0,0,1,6,1078409441,1965497972,-0.34813900631585193,0.4492069531139716,0.1242790296696899,0.8757209703303102
original,22,5,1,1,0,6,1078409441,1965497972,-0.6799287898155867,0.40079923744904666,4.244105696612022e-05,0.9999575589430338
original,22,6,1,0,1,6,1078409441,1965497972,-1.354769480900736,0.3023408221579155,0.023016634432556537,0.9769833655674435
original,22,7,0,1,1,6,1078409441,1965497972,-0.34813900631585193,0.4492069531139716,0.1242790296696899,0.8757209703303102
original,22,8,1,1,1,6,1078409441,1965497972,-1.354769480900736,0.3023408221579155,0.023016634432556537,0.9769833655674435
original,23,1,0,0,0,6,2031296480,1105746285,-0.3631677953738628,0.4470142715315717,0.031189829912302854,0.9688101700876971
original,23,2,1,0,0,6,2031296480,1105746285,0.8471599561261516,0.6235995811754639,0.02613094402441721,0.9738690559755828
original,23,3,0,1,0,6,2031296480,1105746285,-0.3631677953738628,0.4470142715315717,0.031189829912302854,0.9688101700876971
original,23,4,0,0,1,6,2031296480,1105746285,0.07547681948303117,0.5110119738416551,0.011710308055257445,0.9882896919447426
original,23,5,1,1,0,6,2031296480,1105746285,0.8471599561261516,0.6235995811754639,0.02613094402441721,0.9738690559755828
original,23,6,1,0,1,6,2031296480,1105746285,0.5203261954345129,0.5759149430579927,0.0015762482737445465,0.9984237517262554
original,23,7,0,1,1,6,2031296480,1105746285,0.07547681948303117,0.5110119738416551,0.011710308055257445,0.9882896919447426
original,23,8,1,1,1,6,2031296480,1105746285,0.5203261954345129,0.5759149430579927,0.0015762482737445465,0.9984237517262554
original,24,1,0,0,0,6,672978297,1677992790,2.8896259218704943,0.9215928185866379,0.00130476309341468,0.9986952369065853
original,24,2,1,0,0,6,672978297,1677992790,0.020914740677603093,0.5030514345838135,0.044558274059279555,0.9554417259407204
original,24,3,0,1,0,6,672978297,1677992790,2.8896259218704943,0.9215928185866379,0.00130476309341468,0.9986952369065853
original,24,4,0,0,1,6,672978297,1677992790,2.5115549474041914,0.8664327348731485,1.0860410460736941e-07,0.9999998913958954
original,24,5,1,1,0,6,672978297,1677992790,0.020914740677603093,0.5030514345838135,0.044558274059279555,0.9554417259407204
original,24,6,1,0,1,6,672978297,1677992790,1.8076187354808884,0.7637293193743562,0.00029471166089043403,0.9997052883391095
original,24,7,0,1,1,6,672978297,1677992790,2.5115549474041914,0.8664327348731485,1.0860410460736941e-07,0.9999998913958954
original,24,8,1,1,1,6,672978297,1677992790,1.8076187354808884,0.7637293193743562,0.00029471166089043403,0.9997052883391095
original,25,1,0,0,0,6,1579301770,611673855,1.2616222635021916,0.6840691149798528,0.0029425498485936455,0.9970574501514063
original,25,2,1,0,0,6,1579301770,611673855,1.42436262569192,0.7078127308832447,0.008337419633633887,0.9916625803663661
original,25,3,0,1,0,6,1579301770,611673855,1.2616222635021916,0.6840691149798528,0.0029425498485936455,0.9970574501514063
original,25,4,0,0,1,6,1579301770,611673855,1.282910964100903,0.6871751098498213,0.003748062064008359,0.9962519379359916
original,25,5,1,1,0,6,1579301770,611673855,1.42436262569192,0.7078127308832447,0.008337419633633887,0.9916625803663661
original,25,6,1,0,1,6,1579301770,611673855,1.5388889908967216,0.7245219847502368,0.00032263876906195066,0.9996773612309381
original,25,7,0,1,1,6,1579301770,611673855,1.282910964100903,0.6871751098498213,0.003748062064008359,0.9962519379359916
original,25,8,1,1,1,6,1579301770,611673855,1.5388889908967216,0.7245219847502368,0.00032263876906195066,0.9996773612309381
original,26,1,0,0,0,6,473450134,1985492509,-0.7122559241362386,0.3960827488641677,0.037414436586837595,0.9625855634131624
original,26,2,1,0,0,6,473450134,1985492509,-0.6737789372081128,0.4016964932755029,0.017280066531598578,0.9827199334684015
original,26,3,0,1,0,6,473450134,1985492509,-0.7122559241362386,0.3960827488641677,0.037414436586837595,0.9625855634131624
original,26,4,0,0,1,6,473450134,1985492509,-0.7105226775646802,0.39633562737756917,0.032636030665937475,0.9673639693340625
original,26,5,1,1,0,6,473450134,1985492509,-0.6737789372081128,0.4016964932755029,0.017280066531598578,0.9827199334684015
original,26,6,1,0,1,6,473450134,1985492509,-1.0221901430562605,0.35086373281715005,0.01906492612147058,0.9809350738785294
original,26,7,0,1,1,6,473450134,1985492509,-0.7105226775646802,0.39633562737756917,0.032636030665937475,0.9673639693340625
original,26,8,1,1,1,6,473450134,1985492509,-1.0221901430562605,0.35086373281715005,0.01906492612147058,0.9809350738785294
original,27,1,0,0,0,6,500065551,1051410245,1.0248606400559621,0.6495258893649499,0.012948085767616043,0.9870519142323839
original,27,2,1,0,0,6,500065551,1051410245,-0.6657190359708258,0.4028724228151847,0.008173878830717296,0.9918261211692827
original,27,3,0,1,0,6,500065551,1051410245,1.0248606400559621,0.6495258893649499,0.012948085767616043,0.9870519142323839
original,27,4,0,0,1,6,500065551,1051410245,0.9900295561542932,0.6444440776586696,0.0013411598227765073,0.9986588401772235
original,27,5,1,1,0,6,500065551,1051410245,-0.6657190359708258,0.4028724228151847,0.008173878830717296,0.9918261211692827
original,27,6,1,0,1,6,500065551,1051410245,0.2114744418899803,0.5308538573594056,0.005049052921732447,0.9949509470782676
original,27,7,0,1,1,6,500065551,1051410245,0.9900295561542932,0.6444440776586696,0.0013411598227765073,0.9986588401772235
original,27,8,1,1,1,6,500065551,1051410245,0.2114744418899803,0.5308538573594056,0.005049052921732447,0.9949509470782676
original,28,1,0,0,0,6,278925832,1624984685,-1.790628899447508,0.23874947651629028,0.5174608903868118,0.48253910961318824
original,28,2,1,0,0,6,278925832,1624984685,-0.5655880401371471,0.4174814102422083,0.28324560330784065,0.7167543966921593
original,28,3,0,1,0,6,278925832,1624984685,-1.790628899447508,0.23874947651629028,0.5174608903868118,0.48253910961318824
original,28,4,0,0,1,6,278925832,1624984685,-1.5866063678732474,0.2685161094532953,0.46493046457028614,0.5350695354297139
original,28,5,1,1,0,6,278925832,1624984685,-0.5655880401371471,0.4174814102422083,0.28324560330784065,0.7167543966921593
original,28,6,1,0,1,6,278925832,1624984685,-2.022278717728326,0.20495205690051013,0.47373674137256616,0.5262632586274338
original,28,7,0,1,1,6,278925832,1624984685,-1.5866063678732474,0.2685161094532953,0.46493046457028614,0.5350695354297139
original,28,8,1,1,1,6,278925832,1624984685,-2.022278717728326,0.20495205690051013,0.47373674137256616,0.5262632586274338
original,29,1,0,0,0,6,992910501,735544635,1.4926262894518563,0.717772314299832,0.0015039905268183025,0.9984960094731817
original,29,2,1,0,0,6,992910501,735544635,-1.380599112032227,0.2985723111858346,0.010182025299845313,0.9898179747001546
original,29,3,0,1,0,6,992910501,735544635,1.4926262894518563,0.717772314299832,0.0015039905268183025,0.9984960094731817
original,29,4,0,0,1,6,992910501,735544635,1.6624911326626852,0.7425553830998496,0.002375600257038158,0.9976243997429618
original,29,5,1,1,0,6,992910501,735544635,-1.380599112032227,0.2985723111858346,0.010182025299845313,0.9898179747001546
original,29,6,1,0,1,6,992910501,735544635,-1.6751930534272588,0.25559142250011757,0.0007186666016517373,0.9992813333983482
original,29,7,0,1,1,6,992910501,735544635,1.6624911326626852,0.7425553830998496,0.002375600257038158,0.9976243997429618
original,29,8,1,1,1,6,992910501,735544635,-1.6751930534272588,0.25559142250011757,0.0007186666016517373,0.9992813333983482
original,30,1,0,0,0,6,280789872,332431160,0.5306206750665206,0.5774168947989058,0.053185576569507564,0.9468144234304925
original,30,2,1,0,0,6,280789872,332431160,-0.46955868387471666,0.4314919735706033,3.146947105371026e-06,0.9999968530528947
original,30,3,0,1,0,6,280789872,332431160,0.5306206750665206,0.5774168947989058,0.053185576569507564,0.9468144234304925
original,30,4,0,0,1,6,280789872,332431160,0.8821781420707561,0.6287086908364888,0.023710737049665913,0.9762892629503341
original,30,5,1,1,0,6,280789872,332431160,-0.46955868387471666,0.4314919735706033,3.146947105371026e-06,0.9999968530528947
original,30,6,1,0,1,6,280789872,332431160,-0.9031236340343616,0.36823538800541744,0.037463578025897,0.962536421974103
original,30,7,0,1,1,6,280789872,332431160,0.8821781420707561,0.6287086908364888,0.023710737049665913,0.9762892629503341
original,30,8,1,1,1,6,280789872,332431160,-0.9031236340343616,0.36823538800541744,0.037463578025897,0.962536421974103
original,31,1,0,0,0,6,916352912,1976142276,-0.6778639902758413,0.4011004891270542,0.045408909100095415,0.9545910908999046
original,31,2,1,0,0,6,916352912,1976142276,-1.3302661023639735,0.3059158345302859,0.03988912314596796,0.9601108768540321
original,31,3,0,1,0,6,916352912,1976142276,-0.6778639902758413,0.4011004891270542,0.045408909100095415,0.9545910908999046
original,31,4,0,0,1,6,916352912,1976142276,-0.5680617491711804,0.4171204991789014,0.03622277653497865,0.9637772234650214
original,31,5,1,1,0,6,916352912,1976142276,-1.3302661023639735,0.3059158345302859,0.03988912314596796,0.9601108768540321
original,31,6,1,0,1,6,916352912,1976142276,-1.2948442050330013,0.31108384517914667,0.03707610602278312,0.9629238939772169
original,31,7,0,1,1,6,916352912,1976142276,-0.5680617491711804,0.4171204991789014,0.03622277653497865,0.9637772234650214
original,31,8,1,1,1,6,916352912,1976142276,-1.2948442050330013,0.31108384517914667,0.03707610602278312,0.9629238939772169
original,32,1,0,0,0,6,540534702,1788245583,0.039623953999452635,0.5057810854767537,0.021464427704701642,0.9785355722952983
original,32,2,1,0,0,6,540534702,1788245583,0.03607066114958522,0.5052626644809767,0.005681860659797078,0.994318139340203
original,32,3,0,1,0,6,540534702,1788245583,0.039623953999452635,0.5057810854767537,0.021464427704701642,0.9785355722952983
original,32,4,0,0,1,6,540534702,1788245583,-0.43515409536324523,0.43651156013130094,0.004891314279835753,0.9951086857201642
original,32,5,1,1,0,6,540534702,1788245583,0.03607066114958522,0.5052626644809767,0.005681860659797078,0.994318139340203
original,32,6,1,0,1,6,540534702,1788245583,-1.3597547008865916,0.3016134847786361,0.027178881472205225,0.9728211185277947
original,32,7,0,1,1,6,540534702,1788245583,-0.43515409536324523,0.43651156013130094,0.004891314279835753,0.9951086857201642
original,32,8,1,1,1,6,540534702,1788245583,-1.3597547008865916,0.3016134847786361,0.027178881472205225,0.9728211185277947
original,33,1,0,0,0,6,372317043,1890573239,0.8938525671841883,0.6304119749023256,0.000253703023602426,0.9997462969763976
original,33,2,1,0,0,6,372317043,1890573239,0.6374424579154068,0.5930020597079192,0.007208619206186921,0.9927913807938131
original,33,3,0,1,0,6,372317043,1890573239,0.8938525671841883,0.6304119749023256,0.000253703023602426,0.9997462969763976
original,33,4,0,0,1,6,372317043,1890573239,1.033342087656169,0.650763321993306,3.701707101133447e-06,0.9999962982928988
original,33,5,1,1,0,6,372317043,1890573239,0.6374424579154068,0.5930020597079192,0.007208619206186921,0.9927913807938131
original,33,6,1,0,1,6,372317043,1890573239,0.34688063761397653,0.5506094524616327,9.596904350162625e-05,0.9999040309564984
original,33,7,0,1,1,6,372317043,1890573239,1.033342087656169,0.650763321993306,3.701707101133447e-06,0.9999962982928988
original,33,8,1,1,1,6,372317043,1890573239,0.34688063761397653,0.5506094524616327,9.596904350162625e-05,0.9999040309564984
original,34,1,0,0,0,6,487357141,926352144,0.8611495333937712,0.625640643053561,0.005333935414713016,0.994666064585287
original,34,2,1,0,0,6,487357141,926352144,0.4314313946990852,0.5629453024840714,0.013807400479691173,0.9861925995203088
original,34,3,0,1,0,6,487357141,926352144,0.8611495333937712,0.625640643053561,0.005333935414713016,0.994666064585287
original,34,4,0,0,1,6,487357141,926352144,0.7095759979779602,0.6035262532512545,0.0112945847839318,0.9887054152160683
original,34,5,1,1,0,6,487357141,926352144,0.4314313946990852,0.5629453024840714,0.013807400479691173,0.9861925995203088
original,34,6,1,0,1,6,487357141,926352144,-1.3897743678623136,0.2972336528019301,0.05283327627703193,0.9471667237229681
original,34,7,0,1,1,6,487357141,926352144,0.7095759979779602,0.6035262532512545,0.0112945847839318,0.9887054152160683
original,34,8,1,1,1,6,487357141,926352144,-1.3897743678623136,0.2972336528019301,0.05283327627703193,0.9471667237229681
original,35,1,0,0,0,6,2111031834,2058940195,-2.3747762870747167,0.1535231011035307,0.0013993278394433307,0.9986006721605567
original,35,2,1,0,0,6,2111031834,2058940195,0.23286493048930934,0.5339747029717328,0.14077753916126773,0.8592224608387322
original,35,3,0,1,0,6,2111031834,2058940195,-2.3747762870747167,0.1535231011035307,0.0013993278394433307,0.9986006721605567
original,35,4,0,0,1,6,2111031834,2058940195,-1.9216283330593789,0.2196368225109124,7.968474706761822e-05,0.9999203152529323
original,35,5,1,1,0,6,2111031834,2058940195,0.23286493048930934,0.5339747029717328,0.14077753916126773,0.8592224608387322
original,35,6,1,0,1,6,2111031834,2058940195,-1.2413862919864138,0.3188832880296875,0.2574283410466573,0.7425716589533427
original,35,7,0,1,1,6,2111031834,2058940195,-1.9216283330593789,0.2196368225109124,7.968474706761822e-05,0.9999203152529323
original,35,8,1,1,1,6,2111031834,2058940195,-1.2413862919864138,0.3188832880296875,0.2574283410466573,0.7425716589533427
original,36,1,0,0,0,6,975311391,1578032160,0.40995654890765765,0.5598121492626119,0.050952412337169746,0.9490475876628303
original,36,2,1,0,0,6,975311391,1578032160,-0.7661029043488801,0.38822654159927317,0.11660267750855366,0.8833973224914463
original,36,3,0,1,0,6,975311391,1578032160,0.40995654890765765,0.5598121492626119,0.050952412337169746,0.9490475876628303
original,36,4,0,0,1,6,975311391,1578032160,0.055599153312509864,0.5081118471351748,0.0643674639118912,0.9356325360881088
original,36,5,1,1,0,6,975311391,1578032160,-0.7661029043488801,0.38822654159927317,0.11660267750855366,0.8833973224914463
original,36,6,1,0,1,6,975311391,1578032160,-1.0457609121914697,0.34742478699348606,0.1827801700549462,0.8172198299450538
original,36,7,0,1,1,6,975311391,1578032160,0.055599153312509864,0.5081118471351748,0.0643674639118912,0.9356325360881088
original,36,8,1,1,1,6,975311391,1578032160,-1.0457609121914697,0.34742478699348606,0.1827801700549462,0.8172198299450538
original,37,1,0,0,0,6,928938782,1236011434,-0.01321319358444828,0.4980722115331135,0.10612979164748751,0.8938702083525125
original,37,2,1,0,0,6,928938782,1236011434,0.8781251332579146,0.6281173619048686,1.669507920042907e-05,0.9999833049207996
original,37,3,0,1,0,6,928938782,1236011434,-0.01321319358444828,0.4980722115331135,0.10612979164748751,0.8938702083525125
original,37,4,0,0,1,6,928938782,1236011434,-0.17149756272159544,0.4749787194593915,0.08461495759884113,0.9153850424011589
original,37,5,1,1,0,6,928938782,1236011434,0.8781251332579146,0.6281173619048686,1.669507920042907e-05,0.9999833049207996
original,37,6,1,0,1,6,928938782,1236011434,0.5565799553508419,0.5812043214207099,0.0023966748974505445,0.9976033251025495
original,37,7,0,1,1,6,928938782,1236011434,-0.17149756272159544,0.4749787194593915,0.08461495759884113,0.9153850424011589
original,37,8,1,1,1,6,928938782,1236011434,0.5565799553508419,0.5812043214207099,0.0023966748974505445,0.9976033251025495
original,38,1,0,0,0,6,177087404,1761314004,-0.6799419140173102,0.4007973226443813,0.007193828105699706,0.9928061718943003
original,38,2,1,0,0,6,177087404,1761314004,1.0509344678785237,0.6533300283297405,0.0024429545303956907,0.9975570454696043
original,38,3,0,1,0,6,177087404,1761314004,-0.6799419140173102,0.4007973226443813,0.007193828105699706,0.9928061718943003
original,38,4,0,0,1,6,177087404,1761314004,-0.5613559576686759,0.41809886579687705,0.0061707864298491035,0.9938292135701509
original,38,5,1,1,0,6,177087404,1761314004,1.0509344678785237,0.6533300283297405,0.0024429545303956907,0.9975570454696043
original,38,6,1,0,1,6,177087404,1761314004,0.5070146042942489,0.5739727985104162,0.018105491304934468,0.9818945086950656
original,38,7,0,1,1,6,177087404,1761314004,-0.5613559576686759,0.41809886579687705,0.0061707864298491035,0.9938292135701509
original,38,8,1,1,1,6,177087404,1761314004,0.5070146042942489,0.5739727985104162,0.018105491304934468,0.9818945086950656
original,39,1,0,0,0,6,602569590,1118521997,0.5437700381666624,0.5793353704777296,0.005704676268930256,0.9942953237310698
original,39,2,1,0,0,6,602569590,1118521997,-1.133336243155107,0.3346476554138669,0.02211824597573533,0.9778817540242647
original,39,3,0,1,0,6,602569590,1118521997,0.5437700381666624,0.5793353704777296,0.005704676268930256,0.9942953237310698
original,39,4,0,0,1,6,602569590,1118521997,0.4551354524918596,0.5664036949566608,8.479823977935077e-06,0.9999915201760221
original,39,5,1,1,0,6,602569590,1118521997,-1.133336243155107,0.3346476554138669,0.02211824597573533,0.9778817540242647
original,39,6,1,0,1,6,602569590,1118521997,-0.46914862004122554,0.43155180137255283,0.00011417812424580878,0.9998858218757541
original,39,7,0,1,1,6,602569590,1118521997,0.4551354524918596,0.5664036949566608,8.479823977935077e-06,0.9999915201760221
original,39,8,1,1,1,6,602569590,1118521997,-0.46914862004122554,0.43155180137255283,0.00011417812424580878,0.9998858218757541
original,40,1,0,0,0,6,1631003121,1382934720,2.075410706749588,0.8027998340411687,0.0038970335123342833,0.9961029664876657
original,40,2,1,0,0,6,1631003121,1382934720,-1.0934776514743871,0.34046297423572014,0.011584819346471691,0.9884151806535283
original,40,3,0,1,0,6,1631003121,1382934720,2.075410706749588,0.8027998340411687,0.0038970335123342833,0.9961029664876657
original,40,4,0,0,1,6,1631003121,1382934720,1.5451239847935974,0.725431662584644,0.015493954725223587,0.9845060452747764
original,40,5,1,1,0,6,1631003121,1382934720,-1.0934776514743871,0.34046297423572014,0.011584819346471691,0.9884151806535283
original,40,6,1,0,1,6,1631003121,1382934720,-0.6774671245924027,0.4011583913353694,0.0008983453182966465,0.9991016546817033
original,40,7,0,1,1,6,1631003121,1382934720,1.5451239847935974,0.725431662584644,0.015493954725223587,0.9845060452747764
original,40,8,1,1,1,6,1631003121,1382934720,-0.6774671245924027,0.4011583913353694,0.0008983453182966465,0.9991016546817033
original,41,1,0,0,0,6,1662096389,1559511645,0.5848351324545565,0.5853267165254398,0.020670783916330093,0.97932921608367
original,41,2,1,0,0,6,1662096389,1559511645,-1.1719188048842741,0.3290185077707134,0.0008258553853622249,0.9991741446146378
original,41,3,0,1,0,6,1662096389,1559511645,0.5848351324545565,0.5853267165254398,0.020670783916330093,0.97932921608367
original,41,4,0,0,1,6,1662096389,1559511645,0.9913307862458318,0.6446339255063683,0.01324980628476867,0.9867501937152313
original,41,5,1,1,0,6,1662096389,1559511645,-1.1719188048842741,0.3290185077707134,0.0008258553853622249,0.9991741446146378
original,41,6,1,0,1,6,1662096389,1559511645,0.3870750929435137,0.5564737733710207,0.027321371173514616,0.9726786288264854
original,41,7,0,1,1,6,1662096389,1559511645,0.9913307862458318,0.6446339255063683,0.01324980628476867,0.9867501937152313
original,41,8,1,1,1,6,1662096389,1559511645,0.3870750929435137,0.5564737733710207,0.027321371173514616,0.9726786288264854
original,42,1,0,0,0,6,814775334,55012732,0.7574285380909184,0.6105078791807774,5.031048958869153e-05,0.9999496895104113
original,42,2,1,0,0,6,814775334,55012732,1.3231953311403302,0.6930525487655607,0.01930222445420935,0.9806977755457906
original,42,3,0,1,0,6,814775334,55012732,0.7574285380909184,0.6105078791807774,5.031048958869153e-05,0.9999496895104113
original,42,4,0,0,1,6,814775334,55012732,0.30942951575362565,0.5451453804844142,4.719439587601988e-06,0.9999952805604124
original,42,5,1,1,0,6,814775334,55012732,1.3231953311403302,0.6930525487655607,0.01930222445420935,0.9806977755457906
original,42,6,1,0,1,6,814775334,55012732,0.8073923024569843,0.6177975300960948,0.06606800959788138,0.9339319904021186
original,42,7,0,1,1,6,814775334,55012732,0.30942951575362565,0.5451453804844142,4.719439587601988e-06,0.9999952805604124
original,42,8,1,1,1,6,814775334,55012732,0.8073923024569843,0.6177975300960948,0.06606800959788138,0.9339319904021186
original,43,1,0,0,0,6,832575201,939277229,-0.20947353059731816,0.46943807310302244,0.08967716024816547,0.9103228397518346
original,43,2,1,0,0,6,832575201,939277229,-2.0549022275787925,0.20019232749541677,0.42445048417992065,0.5755495158200794
original,43,3,0,1,0,6,832575201,939277229,-0.20947353059731816,0.46943807310302244,0.08967716024816547,0.9103228397518346
original,43,4,0,0,1,6,832575201,939277229,-1.5383080870007786,0.27556276840378413,0.3220145088070527,0.6779854911929473
original,43,5,1,1,0,6,832575201,939277229,-2.0549022275787925,0.20019232749541677,0.42445048417992065,0.5755495158200794
original,43,6,1,0,1,6,832575201,939277229,0.10162814582950941,0.514827419744443,0.2706693903597572,0.7293306096402428
original,43,7,0,1,1,6,832575201,939277229,-1.5383080870007786,0.27556276840378413,0.3220145088070527,0.6779854911929473
original,43,8,1,1,1,6,832575201,939277229,0.10162814582950941,0.514827419744443,0.2706693903597572,0.7293306096402428
original,44,1,0,0,0,6,1064003580,1679241937,2.730187073351245,0.8983308894107233,0.0021760524574658824,0.9978239475425341
original,44,2,1,0,0,6,1064003580,1679241937,1.6884628971710574,0.7463446311543747,0.0022299736689104913,0.9977700263310895
original,44,3,0,1,0,6,1064003580,1679241937,2.730187073351245,0.8983308894107233,0.0021760524574658824,0.9978239475425341
original,44,4,0,0,1,6,1064003580,1679241937,2.650002513476982,0.8866320621166225,0.0010281007967194984,0.9989718992032806
original,44,5,1,1,0,6,1064003580,1679241937,1.6884628971710574,0.7463446311543747,0.0022299736689104913,0.9977700263310895
original,44,6,1,0,1,6,1064003580,1679241937,0.6544714161593317,0.5954865634802979,0.0398589037319488,0.9601410962680512
original,44,7,0,1,1,6,1064003580,1679241937,2.650002513476982,0.8866320621166225,0.0010281007967194984,0.9989718992032806
original,44,8,1,1,1,6,1064003580,1679241937,0.6544714161593317,0.5954865634802979,0.0398589037319488,0.9601410962680512
original,45,1,0,0,0,6,1462645182,1054761948,-0.007731559881573383,0.49887197505466946,0.06693631545254582,0.9330636845474541
original,45,2,1,0,0,6,1462645182,1054761948,0.1215244117406782,0.5177302601298895,0.043582333379924315,0.9564176666200757
original,45,3,0,1,0,6,1462645182,1054761948,-0.007731559881573383,0.49887197505466946,0.06693631545254582,0.9330636845474541
original,45,4,0,0,1,6,1462645182,1054761948,0.2865726384314457,0.5418105905860355,0.03938218590665905,0.9606178140933409
original,45,5,1,1,0,6,1462645182,1054761948,0.1215244117406782,0.5177302601298895,0.043582333379924315,0.9564176666200757
original,45,6,1,0,1,6,1462645182,1054761948,0.8581303224813324,0.6252001439464453,0.003078927691591483,0.9969210723084085
original,45,7,0,1,1,6,1462645182,1054761948,0.2865726384314457,0.5418105905860355,0.03938218590665905,0.9606178140933409
original,45,8,1,1,1,6,1462645182,1054761948,0.8581303224813324,0.6252001439464453,0.003078927691591483,0.9969210723084085
original,46,1,0,0,0,6,1677782712,82912568,1.9086720030561162,0.7784728650983828,0.0024892347363690143,0.997510765263631
original,46,2,1,0,0,6,1677782712,82912568,-1.5166233312304198,0.27872654722940826,0.23723034225525721,0.7627696577447428
original,46,3,0,1,0,6,1677782712,82912568,1.9086720030561162,0.7784728650983828,0.0024892347363690143,0.997510765263631
original,46,4,0,0,1,6,1677782712,82912568,1.8132657197937412,0.7645532073437128,1.9506786098257174e-06,0.9999980493213901
original,46,5,1,1,0,6,1677782712,82912568,-1.5166233312304198,0.27872654722940826,0.23723034225525721,0.7627696577447428
original,46,6,1,0,1,6,1677782712,82912568,-1.0284203690808464,0.3499547506093642,0.11745077635014942,0.8825492236498506
original,46,7,0,1,1,6,1677782712,82912568,1.8132657197937412,0.7645532073437128,1.9506786098257174e-06,0.9999980493213901
original,46,8,1,1,1,6,1677782712,82912568,-1.0284203690808464,0.3499547506093642,0.11745077635014942,0.8825492236498506
original,47,1,0,0,0,6,743120652,468776622,1.7119800002599637,0.7497757471688056,0.0193772718301875,0.9806227281698126
original,47,2,1,0,0,6,743120652,468776622,-0.14440770749135662,0.4789310955559582,0.0013667994874528872,0.9986332005125471
original,47,3,0,1,0,6,743120652,468776622,1.7119800002599637,0.7497757471688056,0.0193772718301875,0.9806227281698126
original,47,4,0,0,1,6,743120652,468776622,2.236061777882237,0.8262386249847155,0.0037815684686953776,0.9962184315313046
original,47,5,1,1,0,6,743120652,468776622,-0.14440770749135662,0.4789310955559582,0.0013667994874528872,0.9986332005125471
original,47,6,1,0,1,6,743120652,468776622,1.9957639688584303,0.7911794743037296,0.0016151204187725434,0.9983848795812275
original,47,7,0,1,1,6,743120652,468776622,2.236061777882237,0.8262386249847155,0.0037815684686953776,0.9962184315313046
original,47,8,1,1,1,6,743120652,468776622,1.9957639688584303,0.7911794743037296,0.0016151204187725434,0.9983848795812275
original,48,1,0,0,0,6,1712827498,1799063649,-0.30149646572585426,0.4560120416219851,0.008286682542642079,0.9917133174573579
original,48,2,1,0,0,6,1712827498,1799063649,-0.24148048439439299,0.4647682984572626,0.0030146376613607462,0.9969853623386392
original,48,3,0,1,0,6,1712827498,1799063649,-0.30149646572585426,0.4560120416219851,0.008286682542642079,0.9917133174573579
original,48,4,0,0,1,6,1712827498,1799063649,-1.1302554606010011,0.33509713774672106,0.0032327817226455564,0.9967672182773545
original,48,5,1,1,0,6,1712827498,1799063649,-0.24148048439439299,0.4647682984572626,0.0030146376613607462,0.9969853623386392
original,48,6,1,0,1,6,1712827498,1799063649,-0.5383910952838177,0.4214494105812412,0.008825975230175555,0.9911740247698244
original,48,7,0,1,1,6,1712827498,1799063649,-1.1302554606010011,0.33509713774672106,0.0032327817226455564,0.9967672182773545
original,48,8,1,1,1,6,1712827498,1799063649,-0.5383910952838177,0.4214494105812412,0.008825975230175555,0.9911740247698244
original,49,1,0,0,0,6,949811059,429182193,1.0238294633355753,0.649375441967341,0.002735006691714548,0.9972649933082854
original,49,2,1,0,0,6,949811059,429182193,-0.7745959892512991,0.38698741110303625,0.02508091100969166,0.9749190889903083
original,49,3,0,1,0,6,949811059,429182193,1.0238294633355753,0.649375441967341,0.002735006691714548,0.9972649933082854
original,49,4,0,0,1,6,949811059,429182193,0.9586128975175818,0.6398604263406985,0.004805006971303572,0.9951949930286964
original,49,5,1,1,0,6,949811059,429182193,-0.7745959892512991,0.38698741110303625,0.02508091100969166,0.9749190889903083
original,49,6,1,0,1,6,949811059,429182193,0.6836320783458668,0.5997410677294556,0.019185831470138894,0.9808141685298611
original,49,7,0,1,1,6,949811059,429182193,0.9586128975175818,0.6398604263406985,0.004805006971303572,0.9951949930286964
original,49,8,1,1,1,6,949811059,429182193,0.6836320783458668,0.5997410677294556,0.019185831470138894,0.9808141685298611
independent_seed,0,1,0,0,0,1,883267427,1368942228,1.3374223716034643,0.6951282562277626,0.0106931247715307,0.9893068752284693
independent_seed,0,2,1,0,0,1,883267427,1368942228,2.6168535410901845,0.8817956683827394,0.002006885822457263,0.9979931141775428
independent_seed,0,3,0,1,0,1,883267427,1368942228,1.3374223716034643,0.6951282562277626,0.0106931247715307,0.9893068752284693
independent_seed,0,4,0,0,1,1,883267427,1368942228,1.3374223716034643,0.6951282562277626,0.0106931247715307,0.9893068752284693
independent_seed,0,5,1,1,0,1,883267427,1368942228,2.6168535410901845,0.8817956683827394,0.002006885822457263,0.9979931141775428
independent_seed,0,6,1,0,1,1,883267427,1368942228,2.6168535410901845,0.8817956683827394,0.002006885822457263,0.9979931141775428
independent_seed,0,7,0,1,1,1,883267427,1368942228,1.3374223716034643,0.6951282562277626,0.0106931247715307,0.9893068752284693
independent_seed,0,8,1,1,1,1,883267427,1368942228,2.6168535410901845,0.8817956683827394,0.002006885822457263,0.9979931141775428
independent_seed,1,1,0,0,0,1,1761715571,1110719293,0.5768771062282328,0.5841656504228177,0.0058503451942382234,0.9941496548057618
independent_seed,1,2,1,0,0,1,1761715571,1110719293,1.2845606478811504,0.6874157966561747,3.9113382878058715e-05,0.9999608866171219
independent_seed,1,3,0,1,0,1,1761715571,1110719293,0.5768771062282328,0.5841656504228177,0.0058503451942382234,0.9941496548057618
independent_seed,1,4,0,0,1,1,1761715571,1110719293,0.5768771062282328,0.5841656504228177,0.0058503451942382234,0.9941496548057618
independent_seed,1,5,1,1,0,1,1761715571,1110719293,1.2845606478811504,0.6874157966561747,3.9113382878058715e-05,0.9999608866171219
independent_seed,1,6,1,0,1,1,1761715571,1110719293,1.2845606478811504,0.6874157966561747,3.9113382878058715e-05,0.9999608866171219
independent_seed,1,7,0,1,1,1,1761715571,1110719293,0.5768771062282328,0.5841656504228177,0.0058503451942382234,0.9941496548057618
independent_seed,1,8,1,1,1,1,1761715571,1110719293,1.2845606478811504,0.6874157966561747,3.9113382878058715e-05,0.9999608866171219
independent_seed,2,1,0,0,0,1,386785849,1354547515,-0.05873058330763914,0.4914312811334842,0.008908707239253747,0.9910912927607463
independent_seed,2,2,1,0,0,1,386785849,1354547515,-1.4999793139643032,0.28115488859315285,0.032063671950483354,0.9679363280495167
independent_seed,2,3,0,1,0,1,386785849,1354547515,-0.05873058330763914,0.4914312811334842,0.008908707239253747,0.9910912927607463
independent_seed,2,4,0,0,1,1,386785849,1354547515,-0.05873058330763914,0.4914312811334842,0.008908707239253747,0.9910912927607463
independent_seed,2,5,1,1,0,1,386785849,1354547515,-1.4999793139643032,0.28115488859315285,0.032063671950483354,0.9679363280495167
independent_seed,2,6,1,0,1,1,386785849,1354547515,-1.4999793139643032,0.28115488859315285,0.032063671950483354,0.9679363280495167
independent_seed,2,7,0,1,1,1,386785849,1354547515,-0.05873058330763914,0.4914312811334842,0.008908707239253747,0.9910912927607463
independent_seed,2,8,1,1,1,1,386785849,1354547515,-1.4999793139643032,0.28115488859315285,0.032063671950483354,0.9679363280495167
independent_seed,3,1,0,0,0,1,1982481835,279027412,0.839231208383596,0.6224427867671126,0.03419573838999814,0.9658042616100019
independent_seed,3,2,1,0,0,1,1982481835,279027412,-0.2649566571817697,0.4613431541227841,0.006100440867023173,0.9938995591329768
independent_seed,3,3,0,1,0,1,1982481835,279027412,0.839231208383596,0.6224427867671126,0.03419573838999814,0.9658042616100019
independent_seed,3,4,0,0,1,1,1982481835,279027412,0.839231208383596,0.6224427867671126,0.03419573838999814,0.9658042616100019
independent_seed,3,5,1,1,0,1,1982481835,279027412,-0.2649566571817697,0.4613431541227841,0.006100440867023173,0.9938995591329768
independent_seed,3,6,1,0,1,1,1982481835,279027412,-0.2649566571817697,0.4613431541227841,0.006100440867023173,0.9938995591329768
independent_seed,3,7,0,1,1,1,1982481835,279027412,0.839231208383596,0.6224427867671126,0.03419573838999814,0.9658042616100019
independent_seed,3,8,1,1,1,1,1982481835,279027412,-0.2649566571817697,0.4613431541227841,0.006100440867023173,0.9938995591329768
independent_seed,4,1,0,0,0,1,1736718405,1749142498,-1.897322865815901,0.22318295987239137,0.004512084766545963,0.995487915233454
independent_seed,4,2,1,0,0,1,1736718405,1749142498,-2.108517343727895,0.19236994890825404,0.08943318408291726,0.9105668159170828
independent_seed,4,3,0,1,0,1,1736718405,1749142498,-1.897322865815901,0.22318295987239137,0.004512084766545963,0.995487915233454
independent_seed,4,4,0,0,1,1,1736718405,1749142498,-1.897322865815901,0.22318295987239137,0.004512084766545963,0.995487915233454
independent_seed,4,5,1,1,0,1,1736718405,1749142498,-2.108517343727895,0.19236994890825404,0.08943318408291726,0.9105668159170828
independent_seed,4,6,1,0,1,1,1736718405,1749142498,-2.108517343727895,0.19236994890825404,0.08943318408291726,0.9105668159170828
independent_seed,4,7,0,1,1,1,1736718405,1749142498,-1.897322865815901,0.22318295987239137,0.004512084766545963,0.995487915233454
independent_seed,4,8,1,1,1,1,1736718405,1749142498,-2.108517343727895,0.19236994890825404,0.08943318408291726,0.9105668159170828
independent_seed,5,1,0,0,0,1,975294874,1151698885,1.7815265433393874,0.7599225010783329,0.0067678186820191565,0.9932321813179809
independent_seed,5,2,1,0,0,1,975294874,1151698885,2.0348033695610486,0.7968752741834234,0.01376666405725451,0.9862333359427455
independent_seed,5,3,0,1,0,1,975294874,1151698885,1.7815265433393874,0.7599225010783329,0.0067678186820191565,0.9932321813179809
independent_seed,5,4,0,0,1,1,975294874,1151698885,1.7815265433393874,0.7599225010783329,0.0067678186820191565,0.9932321813179809
independent_seed,5,5,1,1,0,1,975294874,1151698885,2.0348033695610486,0.7968752741834234,0.01376666405725451,0.9862333359427455
independent_seed,5,6,1,0,1,1,975294874,1151698885,2.0348033695610486,0.7968752741834234,0.01376666405725451,0.9862333359427455
independent_seed,5,7,0,1,1,1,975294874,1151698885,1.7815265433393874,0.7599225010783329,0.0067678186820191565,0.9932321813179809
independent_seed,5,8,1,1,1,1,975294874,1151698885,2.0348033695610486,0.7968752741834234,0.01376666405725451,0.9862333359427455
independent_seed,6,1,0,0,0,1,1410725067,1760209278,-0.792444325674903,0.38438336107602145,0.027808501055770908,0.9721914989442291
independent_seed,6,2,1,0,0,1,1410725067,1760209278,-1.212763028063425,0.32305938654233884,0.029775631333671327,0.9702243686663287
independent_seed,6,3,0,1,0,1,1410725067,1760209278,-0.792444325674903,0.38438336107602145,0.027808501055770908,0.9721914989442291
independent_seed,6,4,0,0,1,1,1410725067,1760209278,-0.792444325674903,0.38438336107602145,0.027808501055770908,0.9721914989442291
independent_seed,6,5,1,1,0,1,1410725067,1760209278,-1.212763028063425,0.32305938654233884,0.029775631333671327,0.9702243686663287
independent_seed,6,6,1,0,1,1,1410725067,1760209278,-1.212763028063425,0.32305938654233884,0.029775631333671327,0.9702243686663287
independent_seed,6,7,0,1,1,1,1410725067,1760209278,-0.792444325674903,0.38438336107602145,0.027808501055770908,0.9721914989442291
independent_seed,6,8,1,1,1,1,1410725067,1760209278,-1.212763028063425,0.32305938654233884,0.029775631333671327,0.9702243686663287
independent_seed,7,1,0,0,0,1,1200818412,1240292562,-0.1478573176290664,0.4784278017385908,0.026911257198745684,0.9730887428012543
independent_seed,7,2,1,0,0,1,1200818412,1240292562,0.8787857259448599,0.628213741554123,0.011158518832562268,0.9888414811674378
independent_seed,7,3,0,1,0,1,1200818412,1240292562,-0.1478573176290664,0.4784278017385908,0.026911257198745684,0.9730887428012543
independent_seed,7,4,0,0,1,1,1200818412,1240292562,-0.1478573176290664,0.4784278017385908,0.026911257198745684,0.9730887428012543
independent_seed,7,5,1,1,0,1,1200818412,1240292562,0.8787857259448599,0.628213741554123,0.011158518832562268,0.9888414811674378
independent_seed,7,6,1,0,1,1,1200818412,1240292562,0.8787857259448599,0.628213741554123,0.011158518832562268,0.9888414811674378
independent_seed,7,7,0,1,1,1,1200818412,1240292562,-0.1478573176290664,0.4784278017385908,0.026911257198745684,0.9730887428012543
independent_seed,7,8,1,1,1,1,1200818412,1240292562,0.8787857259448599,0.628213741554123,0.011158518832562268,0.9888414811674378
independent_seed,8,1,0,0,0,1,1465347049,1901278555,1.261734600438122,0.6840855047987189,0.004832055120808652,0.9951679448791914
independent_seed,8,2,1,0,0,1,1465347049,1901278555,-0.25018973342631734,0.4634976298840914,0.07359524767577619,0.9264047523242238
independent_seed,8,3,0,1,0,1,1465347049,1901278555,1.261734600438122,0.6840855047987189,0.004832055120808652,0.9951679448791914
independent_seed,8,4,0,0,1,1,1465347049,1901278555,1.261734600438122,0.6840855047987189,0.004832055120808652,0.9951679448791914
independent_seed,8,5,1,1,0,1,1465347049,1901278555,-0.25018973342631734,0.4634976298840914,0.07359524767577619,0.9264047523242238
independent_seed,8,6,1,0,1,1,1465347049,1901278555,-0.25018973342631734,0.4634976298840914,0.07359524767577619,0.9264047523242238
independent_seed,8,7,0,1,1,1,1465347049,1901278555,1.261734600438122,0.6840855047987189,0.004832055120808652,0.9951679448791914
independent_seed,8,8,1,1,1,1,1465347049,1901278555,-0.25018973342631734,0.4634976298840914,0.07359524767577619,0.9264047523242238
independent_seed,9,1,0,0,0,1,2071963480,1207364463,-0.8314676903033258,0.3786899008395555,0.006440216459417015,0.9935597835405829
independent_seed,9,2,1,0,0,1,2071963480,1207364463,0.8690811377813966,0.6267978542428657,0.0007925015772286797,0.9992074984227713
independent_seed,9,3,0,1,0,1,2071963480,1207364463,-0.8314676903033258,0.3786899008395555,0.006440216459417015,0.9935597835405829
independent_seed,9,4,0,0,1,1,2071963480,1207364463,-0.8314676903033258,0.3786899008395555,0.006440216459417015,0.9935597835405829
independent_seed,9,5,1,1,0,1,2071963480,1207364463,0.8690811377813966,0.6267978542428657,0.0007925015772286797,0.9992074984227713
independent_seed,9,6,1,0,1,1,2071963480,1207364463,0.8690811377813966,0.6267978542428657,0.0007925015772286797,0.9992074984227713
independent_seed,9,7,0,1,1,1,2071963480,1207364463,-0.8314676903033258,0.3786899008395555,0.006440216459417015,0.9935597835405829
independent_seed,9,8,1,1,1,1,2071963480,1207364463,0.8690811377813966,0.6267978542428657,0.0007925015772286797,0.9992074984227713
independent_seed,10,1,0,0,0,1,328675492,1958066939,2.841471431088057,0.9145671384309759,0.00631421261859667,0.9936857873814033
independent_seed,10,2,1,0,0,1,328675492,1958066939,2.019004302664372,0.7945702100249121,0.0038032142177080153,0.996196785782292
independent_seed,10,3,0,1,0,1,328675492,1958066939,2.841471431088057,0.9145671384309759,0.00631421261859667,0.9936857873814033
independent_seed,10,4,0,0,1,1,328675492,1958066939,2.841471431088057,0.9145671384309759,0.00631421261859667,0.9936857873814033
independent_seed,10,5,1,1,0,1,328675492,1958066939,2.019004302664372,0.7945702100249121,0.0038032142177080153,0.996196785782292
independent_seed,10,6,1,0,1,1,328675492,1958066939,2.019004302664372,0.7945702100249121,0.0038032142177080153,0.996196785782292
independent_seed,10,7,0,1,1,1,328675492,1958066939,2.841471431088057,0.9145671384309759,0.00631421261859667,0.9936857873814033
independent_seed,10,8,1,1,1,1,328675492,1958066939,2.019004302664372,0.7945702100249121,0.0038032142177080153,0.996196785782292
independent_seed,11,1,0,0,0,1,840091718,1741141503,0.4989510156865217,0.5727963309879853,0.01941505661981825,0.9805849433801818
independent_seed,11,2,1,0,0,1,840091718,1741141503,0.6786626744819317,0.5990160379026412,0.011827459340821226,0.9881725406591788
independent_seed,11,3,0,1,0,1,840091718,1741141503,0.4989510156865217,0.5727963309879853,0.01941505661981825,0.9805849433801818
independent_seed,11,4,0,0,1,1,840091718,1741141503,0.4989510156865217,0.5727963309879853,0.01941505661981825,0.9805849433801818
independent_seed,11,5,1,1,0,1,840091718,1741141503,0.6786626744819317,0.5990160379026412,0.011827459340821226,0.9881725406591788
independent_seed,11,6,1,0,1,1,840091718,1741141503,0.6786626744819317,0.5990160379026412,0.011827459340821226,0.9881725406591788
independent_seed,11,7,0,1,1,1,840091718,1741141503,0.4989510156865217,0.5727963309879853,0.01941505661981825,0.9805849433801818
independent_seed,11,8,1,1,1,1,840091718,1741141503,0.6786626744819317,0.5990160379026412,0.011827459340821226,0.9881725406591788
independent_seed,12,1,0,0,0,1,1853098213,266151747,-0.07818103226448161,0.48859348488573234,0.15027900464985242,0.8497209953501476
independent_seed,12,2,1,0,0,1,1853098213,266151747,-1.5112556441000913,0.27950968608812304,0.000137988228420784,0.9998620117715792
independent_seed,12,3,0,1,0,1,1853098213,266151747,-0.07818103226448161,0.48859348488573234,0.15027900464985242,0.8497209953501476
independent_seed,12,4,0,0,1,1,1853098213,266151747,-0.07818103226448161,0.48859348488573234,0.15027900464985242,0.8497209953501476
independent_seed,12,5,1,1,0,1,1853098213,266151747,-1.5112556441000913,0.27950968608812304,0.000137988228420784,0.9998620117715792
independent_seed,12,6,1,0,1,1,1853098213,266151747,-1.5112556441000913,0.27950968608812304,0.000137988228420784,0.9998620117715792
independent_seed,12,7,0,1,1,1,1853098213,266151747,-0.07818103226448161,0.48859348488573234,0.15027900464985242,0.8497209953501476
independent_seed,12,8,1,1,1,1,1853098213,266151747,-1.5112556441000913,0.27950968608812304,0.000137988228420784,0.9998620117715792
independent_seed,13,1,0,0,0,1,1142714730,109799021,0.4824767860853549,0.5703927614328286,1.7582719730738893e-06,0.9999982417280269
independent_seed,13,2,1,0,0,1,1142714730,109799021,0.7192516936223168,0.6049379251800039,0.021535128500634305,0.9784648714993657
independent_seed,13,3,0,1,0,1,1142714730,109799021,0.4824767860853549,0.5703927614328286,1.7582719730738893e-06,0.9999982417280269
independent_seed,13,4,0,0,1,1,1142714730,109799021,0.4824767860853549,0.5703927614328286,1.7582719730738893e-06,0.9999982417280269
independent_seed,13,5,1,1,0,1,1142714730,109799021,0.7192516936223168,0.6049379251800039,0.021535128500634305,0.9784648714993657
independent_seed,13,6,1,0,1,1,1142714730,109799021,0.7192516936223168,0.6049379251800039,0.021535128500634305,0.9784648714993657
independent_seed,13,7,0,1,1,1,1142714730,109799021,0.4824767860853549,0.5703927614328286,1.7582719730738893e-06,0.9999982417280269
independent_seed,13,8,1,1,1,1,1142714730,109799021,0.7192516936223168,0.6049379251800039,0.021535128500634305,0.9784648714993657
independent_seed,14,1,0,0,0,1,22584053,1103606709,-1.7014658073905113,0.25175826045946453,0.1025851035408693,0.8974148964591306
independent_seed,14,2,1,0,0,1,22584053,1103606709,-1.1494214437059798,0.33230084471202215,0.04741821376988352,0.9525817862301165
independent_seed,14,3,0,1,0,1,22584053,1103606709,-1.7014658073905113,0.25175826045946453,0.1025851035408693,0.8974148964591306
independent_seed,14,4,0,0,1,1,22584053,1103606709,-1.7014658073905113,0.25175826045946453,0.1025851035408693,0.8974148964591306
independent_seed,14,5,1,1,0,1,22584053,1103606709,-1.1494214437059798,0.33230084471202215,0.04741821376988352,0.9525817862301165
independent_seed,14,6,1,0,1,1,22584053,1103606709,-1.1494214437059798,0.33230084471202215,0.04741821376988352,0.9525817862301165
independent_seed,14,7,0,1,1,1,22584053,1103606709,-1.7014658073905113,0.25175826045946453,0.1025851035408693,0.8974148964591306
independent_seed,14,8,1,1,1,1,22584053,1103606709,-1.1494214437059798,0.33230084471202215,0.04741821376988352,0.9525817862301165
independent_seed,15,1,0,0,0,1,15863861,708582683,0.8078631659698868,0.6178662284954523,1.3020716402600678e-05,0.9999869792835974
independent_seed,15,2,1,0,0,1,15863861,708582683,-0.9035692888092195,0.3681703675295051,0.03817941279285157,0.9618205872071485
independent_seed,15,3,0,1,0,1,15863861,708582683,0.8078631659698868,0.6178662284954523,1.3020716402600678e-05,0.9999869792835974
independent_seed,15,4,0,0,1,1,15863861,708582683,0.8078631659698868,0.6178662284954523,1.3020716402600678e-05,0.9999869792835974
independent_seed,15,5,1,1,0,1,15863861,708582683,-0.9035692888092195,0.3681703675295051,0.03817941279285157,0.9618205872071485
independent_seed,15,6,1,0,1,1,15863861,708582683,-0.9035692888092195,0.3681703675295051,0.03817941279285157,0.9618205872071485
independent_seed,15,7,0,1,1,1,15863861,708582683,0.8078631659698868,0.6178662284954523,1.3020716402600678e-05,0.9999869792835974
independent_seed,15,8,1,1,1,1,15863861,708582683,-0.9035692888092195,0.3681703675295051,0.03817941279285157,0.9618205872071485
independent_seed,16,1,0,0,0,1,1460865555,759458763,-1.2325633660449347,0.32017054192220573,0.08940750452986163,0.9105924954701383
independent_seed,16,2,1,0,0,1,1460865555,759458763,0.38129373929849303,0.5556302810836616,0.04250398376257729,0.9574960162374228
independent_seed,16,3,0,1,0,1,1460865555,759458763,-1.2325633660449347,0.32017054192220573,0.08940750452986163,0.9105924954701383
independent_seed,16,4,0,0,1,1,1460865555,759458763,-1.2325633660449347,0.32017054192220573,0.08940750452986163,0.9105924954701383
independent_seed,16,5,1,1,0,1,1460865555,759458763,0.38129373929849303,0.5556302810836616,0.04250398376257729,0.9574960162374228
independent_seed,16,6,1,0,1,1,1460865555,759458763,0.38129373929849303,0.5556302810836616,0.04250398376257729,0.9574960162374228
independent_seed,16,7,0,1,1,1,1460865555,759458763,-1.2325633660449347,0.32017054192220573,0.08940750452986163,0.9105924954701383
independent_seed,16,8,1,1,1,1,1460865555,759458763,0.38129373929849303,0.5556302810836616,0.04250398376257729,0.9574960162374228
independent_seed,17,1,0,0,0,1,565197725,2031163070,-0.5547881519148254,0.4190571004661947,3.130429882114496e-05,0.9999686957011789
independent_seed,17,2,1,0,0,1,565197725,2031163070,0.2752757891919583,0.5401623943693638,0.001365360809013652,0.9986346391909864
independent_seed,17,3,0,1,0,1,565197725,2031163070,-0.5547881519148254,0.4190571004661947,3.130429882114496e-05,0.9999686957011789
independent_seed,17,4,0,0,1,1,565197725,2031163070,-0.5547881519148254,0.4190571004661947,3.130429882114496e-05,0.9999686957011789
independent_seed,17,5,1,1,0,1,565197725,2031163070,0.2752757891919583,0.5401623943693638,0.001365360809013652,0.9986346391909864
independent_seed,17,6,1,0,1,1,565197725,2031163070,0.2752757891919583,0.5401623943693638,0.001365360809013652,0.9986346391909864
independent_seed,17,7,0,1,1,1,565197725,2031163070,-0.5547881519148254,0.4190571004661947,3.130429882114496e-05,0.9999686957011789
independent_seed,17,8,1,1,1,1,565197725,2031163070,0.2752757891919583,0.5401623943693638,0.001365360809013652,0.9986346391909864
independent_seed,18,1,0,0,0,1,328193458,255666880,1.1905885939290313,0.673705391169362,0.0008707198376059524,0.999129280162394
independent_seed,18,2,1,0,0,1,328193458,255666880,0.013120450966578379,0.5019142574345912,0.007660399613697097,0.9923396003863029
independent_seed,18,3,0,1,0,1,328193458,255666880,1.1905885939290313,0.673705391169362,0.0008707198376059524,0.999129280162394
independent_seed,18,4,0,0,1,1,328193458,255666880,1.1905885939290313,0.673705391169362,0.0008707198376059524,0.999129280162394
independent_seed,18,5,1,1,0,1,328193458,255666880,0.013120450966578379,0.5019142574345912,0.007660399613697097,0.9923396003863029
independent_seed,18,6,1,0,1,1,328193458,255666880,0.013120450966578379,0.5019142574345912,0.007660399613697097,0.9923396003863029
independent_seed,18,7,0,1,1,1,328193458,255666880,1.1905885939290313,0.673705391169362,0.0008707198376059524,0.999129280162394
independent_seed,18,8,1,1,1,1,328193458,255666880,0.013120450966578379,0.5019142574345912,0.007660399613697097,0.9923396003863029
independent_seed,19,1,0,0,0,1,814084819,874191475,-0.9146567622801776,0.3665527189763664,0.016571530724418446,0.9834284692755816
independent_seed,19,2,1,0,0,1,814084819,874191475,0.1620625909083108,0.5236447299186259,0.014031297144459835,0.9859687028555402
independent_seed,19,3,0,1,0,1,814084819,874191475,-0.9146567622801776,0.3665527189763664,0.016571530724418446,0.9834284692755816
independent_seed,19,4,0,0,1,1,814084819,874191475,-0.9146567622801776,0.3665527189763664,0.016571530724418446,0.9834284692755816
independent_seed,19,5,1,1,0,1,814084819,874191475,0.1620625909083108,0.5236447299186259,0.014031297144459835,0.9859687028555402
independent_seed,19,6,1,0,1,1,814084819,874191475,0.1620625909083108,0.5236447299186259,0.014031297144459835,0.9859687028555402
independent_seed,19,7,0,1,1,1,814084819,874191475,-0.9146567622801776,0.3665527189763664,0.016571530724418446,0.9834284692755816
independent_seed,19,8,1,1,1,1,814084819,874191475,0.1620625909083108,0.5236447299186259,0.014031297144459835,0.9859687028555402
independent_seed,20,1,0,0,0,1,1163278387,126703240,-1.4800314198655575,0.2840652614667856,0.00012803285428626587,0.9998719671457137
independent_seed,20,2,1,0,0,1,1163278387,126703240,0.1206277512648436,0.5175994384846166,0.013069647401360513,0.9869303525986395
independent_seed,20,3,0,1,0,1,1163278387,126703240,-1.4800314198655575,0.2840652614667856,0.00012803285428626587,0.9998719671457137
independent_seed,20,4,0,0,1,1,1163278387,126703240,-1.4800314198655575,0.2840652614667856,0.00012803285428626587,0.9998719671457137
independent_seed,20,5,1,1,0,1,1163278387,126703240,0.1206277512648436,0.5175994384846166,0.013069647401360513,0.9869303525986395
independent_seed,20,6,1,0,1,1,1163278387,126703240,0.1206277512648436,0.5175994384846166,0.013069647401360513,0.9869303525986395
independent_seed,20,7,0,1,1,1,1163278387,126703240,-1.4800314198655575,0.2840652614667856,0.00012803285428626587,0.9998719671457137
independent_seed,20,8,1,1,1,1,1163278387,126703240,0.1206277512648436,0.5175994384846166,0.013069647401360513,0.9869303525986395
independent_seed,21,1,0,0,0,1,1354162876,343513596,1.067536803788245,0.6557522884355643,0.010701789820101875,0.9892982101798982
independent_seed,21,2,1,0,0,1,1354162876,343513596,-1.7239498206279558,0.24847787096608073,0.31122747855477545,0.6887725214452245
independent_seed,21,3,0,1,0,1,1354162876,343513596,1.067536803788245,0.6557522884355643,0.010701789820101875,0.9892982101798982
independent_seed,21,4,0,0,1,1,1354162876,343513596,1.067536803788245,0.6557522884355643,0.010701789820101875,0.9892982101798982
independent_seed,21,5,1,1,0,1,1354162876,343513596,-1.7239498206279558,0.24847787096608073,0.31122747855477545,0.6887725214452245
independent_seed,21,6,1,0,1,1,1354162876,343513596,-1.7239498206279558,0.24847787096608073,0.31122747855477545,0.6887725214452245
independent_seed,21,7,0,1,1,1,1354162876,343513596,1.067536803788245,0.6557522884355643,0.010701789820101875,0.9892982101798982
independent_seed,21,8,1,1,1,1,1354162876,343513596,-1.7239498206279558,0.24847787096608073,0.31122747855477545,0.6887725214452245
independent_seed,22,1,0,0,0,1,1155044949,446512702,1.391359627953947,0.7029976346685922,0.03401940551549434,0.9659805944845057
independent_seed,22,2,1,0,0,1,1155044949,446512702,1.4857423993789425,0.7167679633225257,2.410276187406362e-07,0.9999997589723812
independent_seed,22,3,0,1,0,1,1155044949,446512702,1.391359627953947,0.7029976346685922,0.03401940551549434,0.9659805944845057
independent_seed,22,4,0,0,1,1,1155044949,446512702,1.391359627953947,0.7029976346685922,0.03401940551549434,0.9659805944845057
independent_seed,22,5,1,1,0,1,1155044949,446512702,1.4857423993789425,0.7167679633225257,2.410276187406362e-07,0.9999997589723812
independent_seed,22,6,1,0,1,1,1155044949,446512702,1.4857423993789425,0.7167679633225257,2.410276187406362e-07,0.9999997589723812
independent_seed,22,7,0,1,1,1,1155044949,446512702,1.391359627953947,0.7029976346685922,0.03401940551549434,0.9659805944845057
independent_seed,22,8,1,1,1,1,1155044949,446512702,1.4857423993789425,0.7167679633225257,2.410276187406362e-07,0.9999997589723812
independent_seed,23,1,0,0,0,1,316328585,608356052,0.4042243605251073,0.5589758301257374,0.052203333546583144,0.9477966664534169
independent_seed,23,2,1,0,0,1,316328585,608356052,-2.4352898901982103,0.1446942418693387,0.357733420440614,0.642266579559386
independent_seed,23,3,0,1,0,1,316328585,608356052,0.4042243605251073,0.5589758301257374,0.052203333546583144,0.9477966664534169
independent_seed,23,4,0,0,1,1,316328585,608356052,0.4042243605251073,0.5589758301257374,0.052203333546583144,0.9477966664534169
independent_seed,23,5,1,1,0,1,316328585,608356052,-2.4352898901982103,0.1446942418693387,0.357733420440614,0.642266579559386
independent_seed,23,6,1,0,1,1,316328585,608356052,-2.4352898901982103,0.1446942418693387,0.357733420440614,0.642266579559386
independent_seed,23,7,0,1,1,1,316328585,608356052,0.4042243605251073,0.5589758301257374,0.052203333546583144,0.9477966664534169
independent_seed,23,8,1,1,1,1,316328585,608356052,-2.4352898901982103,0.1446942418693387,0.357733420440614,0.642266579559386
independent_seed,24,1,0,0,0,1,1368871840,1556446082,-1.0490514962288735,0.3469446948858449,0.013221740715678408,0.9867782592843216
independent_seed,24,2,1,0,0,1,1368871840,1556446082,-0.11509174635546093,0.48320825772816706,0.019120447592932827,0.9808795524070671
independent_seed,24,3,0,1,0,1,1368871840,1556446082,-1.0490514962288735,0.3469446948858449,0.013221740715678408,0.9867782592843216
independent_seed,24,4,0,0,1,1,1368871840,1556446082,-1.0490514962288735,0.3469446948858449,0.013221740715678408,0.9867782592843216
independent_seed,24,5,1,1,0,1,1368871840,1556446082,-0.11509174635546093,0.48320825772816706,0.019120447592932827,0.9808795524070671
independent_seed,24,6,1,0,1,1,1368871840,1556446082,-0.11509174635546093,0.48320825772816706,0.019120447592932827,0.9808795524070671
independent_seed,24,7,0,1,1,1,1368871840,1556446082,-1.0490514962288735,0.3469446948858449,0.013221740715678408,0.9867782592843216
independent_seed,24,8,1,1,1,1,1368871840,1556446082,-0.11509174635546093,0.48320825772816706,0.019120447592932827,0.9808795524070671
independent_seed,25,1,0,0,0,1,1107067445,958718909,0.6158369565689773,0.5898498440039147,0.028244971414721442,0.9717550285852785
independent_seed,25,2,1,0,0,1,1107067445,958718909,1.7047449425699823,0.7487201612740811,0.017326833417115384,0.9826731665828846
independent_seed,25,3,0,1,0,1,1107067445,958718909,0.6158369565689773,0.5898498440039147,0.028244971414721442,0.9717550285852785
independent_seed,25,4,0,0,1,1,1107067445,958718909,0.6158369565689773,0.5898498440039147,0.028244971414721442,0.9717550285852785
independent_seed,25,5,1,1,0,1,1107067445,958718909,1.7047449425699823,0.7487201612740811,0.017326833417115384,0.9826731665828846
independent_seed,25,6,1,0,1,1,1107067445,958718909,1.7047449425699823,0.7487201612740811,0.017326833417115384,0.9826731665828846
independent_seed,25,7,0,1,1,1,1107067445,958718909,0.6158369565689773,0.5898498440039147,0.028244971414721442,0.9717550285852785
independent_seed,25,8,1,1,1,1,1107067445,958718909,1.7047449425699823,0.7487201612740811,0.017326833417115384,0.9826731665828846
independent_seed,26,1,0,0,0,1,799040355,467316083,-0.7446400726497135,0.3913579419796536,0.005701399784297464,0.9942986002157025
independent_seed,26,2,1,0,0,1,799040355,467316083,-0.4415886982661835,0.43557275959182506,0.017619917019040303,0.9823800829809597
independent_seed,26,3,0,1,0,1,799040355,467316083,-0.7446400726497135,0.3913579419796536,0.005701399784297464,0.9942986002157025
independent_seed,26,4,0,0,1,1,799040355,467316083,-0.7446400726497135,0.3913579419796536,0.005701399784297464,0.9942986002157025
independent_seed,26,5,1,1,0,1,799040355,467316083,-0.4415886982661835,0.43557275959182506,0.017619917019040303,0.9823800829809597
independent_seed,26,6,1,0,1,1,799040355,467316083,-0.4415886982661835,0.43557275959182506,0.017619917019040303,0.9823800829809597
independent_seed,26,7,0,1,1,1,799040355,467316083,-0.7446400726497135,0.3913579419796536,0.005701399784297464,0.9942986002157025
independent_seed,26,8,1,1,1,1,799040355,467316083,-0.4415886982661835,0.43557275959182506,0.017619917019040303,0.9823800829809597
independent_seed,27,1,0,0,0,1,299232118,1495618672,-2.7173660476697186,0.10353968224816737,0.013249776679362358,0.9867502233206377
independent_seed,27,2,1,0,0,1,299232118,1495618672,-0.6271121659598267,0.4085051170063446,0.053815619038942025,0.946184380961058
independent_seed,27,3,0,1,0,1,299232118,1495618672,-2.7173660476697186,0.10353968224816737,0.013249776679362358,0.9867502233206377
independent_seed,27,4,0,0,1,1,299232118,1495618672,-2.7173660476697186,0.10353968224816737,0.013249776679362358,0.9867502233206377
independent_seed,27,5,1,1,0,1,299232118,1495618672,-0.6271121659598267,0.4085051170063446,0.053815619038942025,0.946184380961058
independent_seed,27,6,1,0,1,1,299232118,1495618672,-0.6271121659598267,0.4085051170063446,0.053815619038942025,0.946184380961058
independent_seed,27,7,0,1,1,1,299232118,1495618672,-2.7173660476697186,0.10353968224816737,0.013249776679362358,0.9867502233206377
independent_seed,27,8,1,1,1,1,299232118,1495618672,-0.6271121659598267,0.4085051170063446,0.053815619038942025,0.946184380961058
independent_seed,28,1,0,0,0,1,1159926351,1027680888,-1.4214404952215571,0.29261360430843336,0.007752418402598579,0.9922475815974015
independent_seed,28,2,1,0,0,1,1159926351,1027680888,-0.02075362183369958,0.4969720724545941,0.05616417056990457,0.9438358294300955
independent_seed,28,3,0,1,0,1,1159926351,1027680888,-1.4214404952215571,0.29261360430843336,0.007752418402598579,0.9922475815974015
independent_seed,28,4,0,0,1,1,1159926351,1027680888,-1.4214404952215571,0.29261360430843336,0.007752418402598579,0.9922475815974015
independent_seed,28,5,1,1,0,1,1159926351,1027680888,-0.02075362183369958,0.4969720724545941,0.05616417056990457,0.9438358294300955
independent_seed,28,6,1,0,1,1,1159926351,1027680888,-0.02075362183369958,0.4969720724545941,0.05616417056990457,0.9438358294300955
independent_seed,28,7,0,1,1,1,1159926351,1027680888,-1.4214404952215571,0.29261360430843336,0.007752418402598579,0.9922475815974015
independent_seed,28,8,1,1,1,1,1159926351,1027680888,-0.02075362183369958,0.4969720724545941,0.05616417056990457,0.9438358294300955
independent_seed,29,1,0,0,0,1,1110458187,1263013145,-0.19727102885404535,0.471218402890632,0.08194422867966035,0.9180557713203397
independent_seed,29,2,1,0,0,1,1110458187,1263013145,-0.47509275954489,0.43068455883141454,0.052454034205172424,0.9475459657948275
independent_seed,29,3,0,1,0,1,1110458187,1263013145,-0.19727102885404535,0.471218402890632,0.08194422867966035,0.9180557713203397
independent_seed,29,4,0,0,1,1,1110458187,1263013145,-0.19727102885404535,0.471218402890632,0.08194422867966035,0.9180557713203397
independent_seed,29,5,1,1,0,1,1110458187,1263013145,-0.47509275954489,0.43068455883141454,0.052454034205172424,0.9475459657948275
independent_seed,29,6,1,0,1,1,1110458187,1263013145,-0.47509275954489,0.43068455883141454,0.052454034205172424,0.9475459657948275
independent_seed,29,7,0,1,1,1,1110458187,1263013145,-0.19727102885404535,0.471218402890632,0.08194422867966035,0.9180557713203397
independent_seed,29,8,1,1,1,1,1110458187,1263013145,-0.47509275954489,0.43068455883141454,0.052454034205172424,0.9475459657948275
independent_seed,30,1,0,0,0,1,91057565,782334077,0.43914411821658245,0.5640705792273726,0.016691630545240223,0.9833083694547597
independent_seed,30,2,1,0,0,1,91057565,782334077,-2.3325111059302026,0.15968953832709223,0.2715426940939667,0.7284573059060333
independent_seed,30,3,0,1,0,1,91057565,782334077,0.43914411821658245,0.5640705792273726,0.016691630545240223,0.9833083694547597
independent_seed,30,4,0,0,1,1,91057565,782334077,0.43914411821658245,0.5640705792273726,0.016691630545240223,0.9833083694547597
independent_seed,30,5,1,1,0,1,91057565,782334077,-2.3325111059302026,0.15968953832709223,0.2715426940939667,0.7284573059060333
independent_seed,30,6,1,0,1,1,91057565,782334077,-2.3325111059302026,0.15968953832709223,0.2715426940939667,0.7284573059060333
independent_seed,30,7,0,1,1,1,91057565,782334077,0.43914411821658245,0.5640705792273726,0.016691630545240223,0.9833083694547597
independent_seed,30,8,1,1,1,1,91057565,782334077,-2.3325111059302026,0.15968953832709223,0.2715426940939667,0.7284573059060333
independent_seed,31,1,0,0,0,1,1073495472,1834798465,-1.230404969765241,0.320485449247855,0.4218669130084423,0.5781330869915577
independent_seed,31,2,1,0,0,1,1073495472,1834798465,-1.6638591125637425,0.2572450303384813,0.35684108103882023,0.6431589189611797
independent_seed,31,3,0,1,0,1,1073495472,1834798465,-1.230404969765241,0.320485449247855,0.4218669130084423,0.5781330869915577
independent_seed,31,4,0,0,1,1,1073495472,1834798465,-1.230404969765241,0.320485449247855,0.4218669130084423,0.5781330869915577
independent_seed,31,5,1,1,0,1,1073495472,1834798465,-1.6638591125637425,0.2572450303384813,0.35684108103882023,0.6431589189611797
independent_seed,31,6,1,0,1,1,1073495472,1834798465,-1.6638591125637425,0.2572450303384813,0.35684108103882023,0.6431589189611797
independent_seed,31,7,0,1,1,1,1073495472,1834798465,-1.230404969765241,0.320485449247855,0.4218669130084423,0.5781330869915577
independent_seed,31,8,1,1,1,1,1073495472,1834798465,-1.6638591125637425,0.2572450303384813,0.35684108103882023,0.6431589189611797
independent_seed,32,1,0,0,0,1,2118141803,1494188637,-0.4322439003409132,0.4369361539559949,0.007139926795171578,0.9928600732048284
independent_seed,32,2,1,0,0,1,2118141803,1494188637,0.7254015680226011,0.605835184186004,0.014294989765866123,0.9857050102341339
independent_seed,32,3,0,1,0,1,2118141803,1494188637,-0.4322439003409132,0.4369361539559949,0.007139926795171578,0.9928600732048284
independent_seed,32,4,0,0,1,1,2118141803,1494188637,-0.4322439003409132,0.4369361539559949,0.007139926795171578,0.9928600732048284
independent_seed,32,5,1,1,0,1,2118141803,1494188637,0.7254015680226011,0.605835184186004,0.014294989765866123,0.9857050102341339
independent_seed,32,6,1,0,1,1,2118141803,1494188637,0.7254015680226011,0.605835184186004,0.014294989765866123,0.9857050102341339
independent_seed,32,7,0,1,1,1,2118141803,1494188637,-0.4322439003409132,0.4369361539559949,0.007139926795171578,0.9928600732048284
independent_seed,32,8,1,1,1,1,2118141803,1494188637,0.7254015680226011,0.605835184186004,0.014294989765866123,0.9857050102341339
independent_seed,33,1,0,0,0,1,1639009125,639239090,1.5168192969236989,0.7213020439208686,0.0009525331661762331,0.9990474668338237
independent_seed,33,2,1,0,0,1,1639009125,639239090,0.9454625221002979,0.6379418029660658,1.6711620227370574e-05,0.9999832883797727
independent_seed,33,3,0,1,0,1,1639009125,639239090,1.5168192969236989,0.7213020439208686,0.0009525331661762331,0.9990474668338237
independent_seed,33,4,0,0,1,1,1639009125,639239090,1.5168192969236989,0.7213020439208686,0.0009525331661762331,0.9990474668338237
independent_seed,33,5,1,1,0,1,1639009125,639239090,0.9454625221002979,0.6379418029660658,1.6711620227370574e-05,0.9999832883797727
independent_seed,33,6,1,0,1,1,1639009125,639239090,0.9454625221002979,0.6379418029660658,1.6711620227370574e-05,0.9999832883797727
independent_seed,33,7,0,1,1,1,1639009125,639239090,1.5168192969236989,0.7213020439208686,0.0009525331661762331,0.9990474668338237
independent_seed,33,8,1,1,1,1,1639009125,639239090,0.9454625221002979,0.6379418029660658,1.6711620227370574e-05,0.9999832883797727
independent_seed,34,1,0,0,0,1,362406588,912693753,-0.7012233054250908,0.3976923941762549,0.06193378325113624,0.9380662167488638
independent_seed,34,2,1,0,0,1,362406588,912693753,0.3239184464712573,0.5472592974081656,0.02009353685205258,0.9799064631479474
independent_seed,34,3,0,1,0,1,362406588,912693753,-0.7012233054250908,0.3976923941762549,0.06193378325113624,0.9380662167488638
independent_seed,34,4,0,0,1,1,362406588,912693753,-0.7012233054250908,0.3976923941762549,0.06193378325113624,0.9380662167488638
independent_seed,34,5,1,1,0,1,362406588,912693753,0.3239184464712573,0.5472592974081656,0.02009353685205258,0.9799064631479474
independent_seed,34,6,1,0,1,1,362406588,912693753,0.3239184464712573,0.5472592974081656,0.02009353685205258,0.9799064631479474
independent_seed,34,7,0,1,1,1,362406588,912693753,-0.7012233054250908,0.3976923941762549,0.06193378325113624,0.9380662167488638
independent_seed,34,8,1,1,1,1,362406588,912693753,0.3239184464712573,0.5472592974081656,0.02009353685205258,0.9799064631479474
independent_seed,35,1,0,0,0,1,2041710946,1431611889,0.8620853793799353,0.625777181815926,0.013370874668271028,0.986629125331729
independent_seed,35,2,1,0,0,1,2041710946,1431611889,-1.1601735822788584,0.33073212110234473,0.21236326583117554,0.7876367341688244
independent_seed,35,3,0,1,0,1,2041710946,1431611889,0.8620853793799353,0.625777181815926,0.013370874668271028,0.986629125331729
independent_seed,35,4,0,0,1,1,2041710946,1431611889,0.8620853793799353,0.625777181815926,0.013370874668271028,0.986629125331729
independent_seed,35,5,1,1,0,1,2041710946,1431611889,-1.1601735822788584,0.33073212110234473,0.21236326583117554,0.7876367341688244
independent_seed,35,6,1,0,1,1,2041710946,1431611889,-1.1601735822788584,0.33073212110234473,0.21236326583117554,0.7876367341688244
independent_seed,35,7,0,1,1,1,2041710946,1431611889,0.8620853793799353,0.625777181815926,0.013370874668271028,0.986629125331729
independent_seed,35,8,1,1,1,1,2041710946,1431611889,-1.1601735822788584,0.33073212110234473,0.21236326583117554,0.7876367341688244
independent_seed,36,1,0,0,0,1,910655183,1759687508,-0.6021937912570163,0.4121406768018338,0.0071997330958208615,0.9928002669041791
independent_seed,36,2,1,0,0,1,910655183,1759687508,-0.21807800604290667,0.468182690865443,0.03864553475926258,0.9613544652407374
independent_seed,36,3,0,1,0,1,910655183,1759687508,-0.6021937912570163,0.4121406768018338,0.0071997330958208615,0.9928002669041791
independent_seed,36,4,0,0,1,1,910655183,1759687508,-0.6021937912570163,0.4121406768018338,0.0071997330958208615,0.9928002669041791
independent_seed,36,5,1,1,0,1,910655183,1759687508,-0.21807800604290667,0.468182690865443,0.03864553475926258,0.9613544652407374
independent_seed,36,6,1,0,1,1,910655183,1759687508,-0.21807800604290667,0.468182690865443,0.03864553475926258,0.9613544652407374
independent_seed,36,7,0,1,1,1,910655183,1759687508,-0.6021937912570163,0.4121406768018338,0.0071997330958208615,0.9928002669041791
independent_seed,36,8,1,1,1,1,910655183,1759687508,-0.21807800604290667,0.468182690865443,0.03864553475926258,0.9613544652407374
independent_seed,37,1,0,0,0,1,1563489507,748171839,-1.649391670782181,0.25935581205325714,0.40364349216097367,0.5963565078390263
independent_seed,37,2,1,0,0,1,1563489507,748171839,-1.6854978859972793,0.2540879602784587,0.06887697533955581,0.9311230246604442
independent_seed,37,3,0,1,0,1,1563489507,748171839,-1.649391670782181,0.25935581205325714,0.40364349216097367,0.5963565078390263
independent_seed,37,4,0,0,1,1,1563489507,748171839,-1.649391670782181,0.25935581205325714,0.40364349216097367,0.5963565078390263
independent_seed,37,5,1,1,0,1,1563489507,748171839,-1.6854978859972793,0.2540879602784587,0.06887697533955581,0.9311230246604442
independent_seed,37,6,1,0,1,1,1563489507,748171839,-1.6854978859972793,0.2540879602784587,0.06887697533955581,0.9311230246604442
independent_seed,37,7,0,1,1,1,1563489507,748171839,-1.649391670782181,0.25935581205325714,0.40364349216097367,0.5963565078390263
independent_seed,37,8,1,1,1,1,1563489507,748171839,-1.6854978859972793,0.2540879602784587,0.06887697533955581,0.9311230246604442
independent_seed,38,1,0,0,0,1,1486852848,1761013042,-1.2992678581925712,0.31043843969953866,0.014469306859700918,0.9855306931402991
independent_seed,38,2,1,0,0,1,1486852848,1761013042,-0.23286842387779505,0.4660247873472436,0.0215383261590283,0.9784616738409717
independent_seed,38,3,0,1,0,1,1486852848,1761013042,-1.2992678581925712,0.31043843969953866,0.014469306859700918,0.9855306931402991
independent_seed,38,4,0,0,1,1,1486852848,1761013042,-1.2992678581925712,0.31043843969953866,0.014469306859700918,0.9855306931402991
independent_seed,38,5,1,1,0,1,1486852848,1761013042,-0.23286842387779505,0.4660247873472436,0.0215383261590283,0.9784616738409717
independent_seed,38,6,1,0,1,1,1486852848,1761013042,-0.23286842387779505,0.4660247873472436,0.0215383261590283,0.9784616738409717
independent_seed,38,7,0,1,1,1,1486852848,1761013042,-1.2992678581925712,0.31043843969953866,0.014469306859700918,0.9855306931402991
independent_seed,38,8,1,1,1,1,1486852848,1761013042,-0.23286842387779505,0.4660247873472436,0.0215383261590283,0.9784616738409717
independent_seed,39,1,0,0,0,1,218844334,221239144,-0.28870356293876087,0.45787851018564757,0.0004982142551199752,0.99950178574488
independent_seed,39,2,1,0,0,1,218844334,221239144,-0.25147273659696917,0.46331044132142074,0.0012070042947814955,0.9987929957052185
independent_seed,39,3,0,1,0,1,218844334,221239144,-0.28870356293876087,0.45787851018564757,0.0004982142551199752,0.99950178574488
independent_seed,39,4,0,0,1,1,218844334,221239144,-0.28870356293876087,0.45787851018564757,0.0004982142551199752,0.99950178574488
independent_seed,39,5,1,1,0,1,218844334,221239144,-0.25147273659696917,0.46331044132142074,0.0012070042947814955,0.9987929957052185
independent_seed,39,6,1,0,1,1,218844334,221239144,-0.25147273659696917,0.46331044132142074,0.0012070042947814955,0.9987929957052185
independent_seed,39,7,0,1,1,1,218844334,221239144,-0.28870356293876087,0.45787851018564757,0.0004982142551199752,0.99950178574488
independent_seed,39,8,1,1,1,1,218844334,221239144,-0.25147273659696917,0.46331044132142074,0.0012070042947814955,0.9987929957052185
independent_seed,40,1,0,0,0,1,278693411,2101656633,-0.9460657004655447,0.3619701940626188,0.04049147526909881,0.9595085247309012
independent_seed,40,2,1,0,0,1,278693411,2101656633,0.04045995197760016,0.5059030565392613,0.025723684884154722,0.9742763151158452
independent_seed,40,3,0,1,0,1,278693411,2101656633,-0.9460657004655447,0.3619701940626188,0.04049147526909881,0.9595085247309012
independent_seed,40,4,0,0,1,1,278693411,2101656633,-0.9460657004655447,0.3619701940626188,0.04049147526909881,0.9595085247309012
independent_seed,40,5,1,1,0,1,278693411,2101656633,0.04045995197760016,0.5059030565392613,0.025723684884154722,0.9742763151158452
independent_seed,40,6,1,0,1,1,278693411,2101656633,0.04045995197760016,0.5059030565392613,0.025723684884154722,0.9742763151158452
independent_seed,40,7,0,1,1,1,278693411,2101656633,-0.9460657004655447,0.3619701940626188,0.04049147526909881,0.9595085247309012
independent_seed,40,8,1,1,1,1,278693411,2101656633,0.04045995197760016,0.5059030565392613,0.025723684884154722,0.9742763151158452
independent_seed,41,1,0,0,0,1,1571001867,1099642439,0.532623900146005,0.5777091628399457,0.0008868041154972276,0.9991131958845028
independent_seed,41,2,1,0,0,1,1571001867,1099642439,0.10232827546127651,0.5149295677846438,0.005846662049049933,0.9941533379509501
independent_seed,41,3,0,1,0,1,1571001867,1099642439,0.532623900146005,0.5777091628399457,0.0008868041154972276,0.9991131958845028
independent_seed,41,4,0,0,1,1,1571001867,1099642439,0.532623900146005,0.5777091628399457,0.0008868041154972276,0.9991131958845028
independent_seed,41,5,1,1,0,1,1571001867,1099642439,0.10232827546127651,0.5149295677846438,0.005846662049049933,0.9941533379509501
independent_seed,41,6,1,0,1,1,1571001867,1099642439,0.10232827546127651,0.5149295677846438,0.005846662049049933,0.9941533379509501
independent_seed,41,7,0,1,1,1,1571001867,1099642439,0.532623900146005,0.5777091628399457,0.0008868041154972276,0.9991131958845028
independent_seed,41,8,1,1,1,1,1571001867,1099642439,0.10232827546127651,0.5149295677846438,0.005846662049049933,0.9941533379509501
independent_seed,42,1,0,0,0,1,601308352,1149031014,-1.2548992697858363,0.3169117614196724,0.0001407487285377987,0.9998592512714622
independent_seed,42,2,1,0,0,1,601308352,1149031014,-1.1078987563985012,0.33835895301066304,0.1069209806444837,0.8930790193555163
independent_seed,42,3,0,1,0,1,601308352,1149031014,-1.2548992697858363,0.3169117614196724,0.0001407487285377987,0.9998592512714622
independent_seed,42,4,0,0,1,1,601308352,1149031014,-1.2548992697858363,0.3169117614196724,0.0001407487285377987,0.9998592512714622
independent_seed,42,5,1,1,0,1,601308352,1149031014,-1.1078987563985012,0.33835895301066304,0.1069209806444837,0.8930790193555163
independent_seed,42,6,1,0,1,1,601308352,1149031014,-1.1078987563985012,0.33835895301066304,0.1069209806444837,0.8930790193555163
independent_seed,42,7,0,1,1,1,601308352,1149031014,-1.2548992697858363,0.3169117614196724,0.0001407487285377987,0.9998592512714622
independent_seed,42,8,1,1,1,1,601308352,1149031014,-1.1078987563985012,0.33835895301066304,0.1069209806444837,0.8930790193555163
independent_seed,43,1,0,0,0,1,1517093065,1010813958,1.341358601213201,0.6957025472192756,6.340114952288295e-05,0.9999365988504771
independent_seed,43,2,1,0,0,1,1517093065,1010813958,2.064074556724903,0.8011459038889455,1.3213161739139453e-05,0.9999867868382608
independent_seed,43,3,0,1,0,1,1517093065,1010813958,1.341358601213201,0.6957025472192756,6.340114952288295e-05,0.9999365988504771
independent_seed,43,4,0,0,1,1,1517093065,1010813958,1.341358601213201,0.6957025472192756,6.340114952288295e-05,0.9999365988504771
independent_seed,43,5,1,1,0,1,1517093065,1010813958,2.064074556724903,0.8011459038889455,1.3213161739139453e-05,0.9999867868382608
independent_seed,43,6,1,0,1,1,1517093065,1010813958,2.064074556724903,0.8011459038889455,1.3213161739139453e-05,0.9999867868382608
independent_seed,43,7,0,1,1,1,1517093065,1010813958,1.341358601213201,0.6957025472192756,6.340114952288295e-05,0.9999365988504771
independent_seed,43,8,1,1,1,1,1517093065,1010813958,2.064074556724903,0.8011459038889455,1.3213161739139453e-05,0.9999867868382608
independent_seed,44,1,0,0,0,1,289271506,94894882,0.6919802853344726,0.6009590607187324,0.024535427051832898,0.9754645729481671
independent_seed,44,2,1,0,0,1,289271506,94894882,-0.8695526779947806,0.3731333486280206,0.10345038818028675,0.8965496118197133
independent_seed,44,3,0,1,0,1,289271506,94894882,0.6919802853344726,0.6009590607187324,0.024535427051832898,0.9754645729481671
independent_seed,44,4,0,0,1,1,289271506,94894882,0.6919802853344726,0.6009590607187324,0.024535427051832898,0.9754645729481671
independent_seed,44,5,1,1,0,1,289271506,94894882,-0.8695526779947806,0.3731333486280206,0.10345038818028675,0.8965496118197133
independent_seed,44,6,1,0,1,1,289271506,94894882,-0.8695526779947806,0.3731333486280206,0.10345038818028675,0.8965496118197133
independent_seed,44,7,0,1,1,1,289271506,94894882,0.6919802853344726,0.6009590607187324,0.024535427051832898,0.9754645729481671
independent_seed,44,8,1,1,1,1,289271506,94894882,-0.8695526779947806,0.3731333486280206,0.10345038818028675,0.8965496118197133
independent_seed,45,1,0,0,0,1,7102090,1180287019,-0.9914290087834393,0.35535174394788,0.19884244698540454,0.8011575530145955
independent_seed,45,2,1,0,0,1,7102090,1180287019,0.004794587425344887,0.5006995243264232,0.15449463959615828,0.8455053604038417
independent_seed,45,3,0,1,0,1,7102090,1180287019,-0.9914290087834393,0.35535174394788,0.19884244698540454,0.8011575530145955
independent_seed,45,4,0,0,1,1,7102090,1180287019,-0.9914290087834393,0.35535174394788,0.19884244698540454,0.8011575530145955
independent_seed,45,5,1,1,0,1,7102090,1180287019,0.004794587425344887,0.5006995243264232,0.15449463959615828,0.8455053604038417
independent_seed,45,6,1,0,1,1,7102090,1180287019,0.004794587425344887,0.5006995243264232,0.15449463959615828,0.8455053604038417
independent_seed,45,7,0,1,1,1,7102090,1180287019,-0.9914290087834393,0.35535174394788,0.19884244698540454,0.8011575530145955
independent_seed,45,8,1,1,1,1,7102090,1180287019,0.004794587425344887,0.5006995243264232,0.15449463959615828,0.8455053604038417
independent_seed,46,1,0,0,0,1,136081358,697217933,-0.17548198317054714,0.47439739748453175,0.000971812302120245,0.9990281876978797
independent_seed,46,2,1,0,0,1,136081358,697217933,0.8833138952860011,0.628874395814289,0.00012129982216355801,0.9998787001778364
independent_seed,46,3,0,1,0,1,136081358,697217933,-0.17548198317054714,0.47439739748453175,0.000971812302120245,0.9990281876978797
independent_seed,46,4,0,0,1,1,136081358,697217933,-0.17548198317054714,0.47439739748453175,0.000971812302120245,0.9990281876978797
independent_seed,46,5,1,1,0,1,136081358,697217933,0.8833138952860011,0.628874395814289,0.00012129982216355801,0.9998787001778364
independent_seed,46,6,1,0,1,1,136081358,697217933,0.8833138952860011,0.628874395814289,0.00012129982216355801,0.9998787001778364
independent_seed,46,7,0,1,1,1,136081358,697217933,-0.17548198317054714,0.47439739748453175,0.000971812302120245,0.9990281876978797
independent_seed,46,8,1,1,1,1,136081358,697217933,0.8833138952860011,0.628874395814289,0.00012129982216355801,0.9998787001778364
independent_seed,47,1,0,0,0,1,525403973,1791294113,0.4075757748340028,0.5594647972941327,0.007747070956825053,0.992252929043175
independent_seed,47,2,1,0,0,1,525403973,1791294113,1.720202672601912,0.7509754248096789,0.0004897746431799729,0.99951022535682
independent_seed,47,3,0,1,0,1,525403973,1791294113,0.4075757748340028,0.5594647972941327,0.007747070956825053,0.992252929043175
independent_seed,47,4,0,0,1,1,525403973,1791294113,0.4075757748340028,0.5594647972941327,0.007747070956825053,0.992252929043175
independent_seed,47,5,1,1,0,1,525403973,1791294113,1.720202672601912,0.7509754248096789,0.0004897746431799729,0.99951022535682
independent_seed,47,6,1,0,1,1,525403973,1791294113,1.720202672601912,0.7509754248096789,0.0004897746431799729,0.99951022535682
independent_seed,47,7,0,1,1,1,525403973,1791294113,0.4075757748340028,0.5594647972941327,0.007747070956825053,0.992252929043175
independent_seed,47,8,1,1,1,1,525403973,1791294113,1.720202672601912,0.7509754248096789,0.0004897746431799729,0.99951022535682
independent_seed,48,1,0,0,0,1,296068104,763297223,-0.44475049498553265,0.43511145739328805,0.15753522704191084,0.8424647729580892
independent_seed,48,2,1,0,0,1,296068104,763297223,-1.0112701694739137,0.3524569433454156,0.05228477464515846,0.9477152253548415
independent_seed,48,3,0,1,0,1,296068104,763297223,-0.44475049498553265,0.43511145739328805,0.15753522704191084,0.8424647729580892
independent_seed,48,4,0,0,1,1,296068104,763297223,-0.44475049498553265,0.43511145739328805,0.15753522704191084,0.8424647729580892
independent_seed,48,5,1,1,0,1,296068104,763297223,-1.0112701694739137,0.3524569433454156,0.05228477464515846,0.9477152253548415
independent_seed,48,6,1,0,1,1,296068104,763297223,-1.0112701694739137,0.3524569433454156,0.05228477464515846,0.9477152253548415
independent_seed,48,7,0,1,1,1,296068104,763297223,-0.44475049498553265,0.43511145739328805,0.15753522704191084,0.8424647729580892
independent_seed,48,8,1,1,1,1,296068104,763297223,-1.0112701694739137,0.3524569433454156,0.05228477464515846,0.9477152253548415
independent_seed,49,1,0,0,0,1,20020364,546628782,-0.1856656852596594,0.47291160804898563,0.19364431225602236,0.8063556877439777
independent_seed,49,2,1,0,0,1,20020364,546628782,-2.383976295331952,0.15218083137137195,0.38992671860219325,0.6100732813978067
independent_seed,49,3,0,1,0,1,20020364,546628782,-0.1856656852596594,0.47291160804898563,0.19364431225602236,0.8063556877439777
independent_seed,49,4,0,0,1,1,20020364,546628782,-0.1856656852596594,0.47291160804898563,0.19364431225602236,0.8063556877439777
independent_seed,49,5,1,1,0,1,20020364,546628782,-2.383976295331952,0.15218083137137195,0.38992671860219325,0.6100732813978067
independent_seed,49,6,1,0,1,1,20020364,546628782,-2.383976295331952,0.15218083137137195,0.38992671860219325,0.6100732813978067
independent_seed,49,7,0,1,1,1,20020364,546628782,-0.1856656852596594,0.47291160804898563,0.19364431225602236,0.8063556877439777
independent_seed,49,8,1,1,1,1,20020364,546628782,-2.383976295331952,0.15218083137137195,0.38992671860219325,0.6100732813978067
independent_seed,0,1,0,0,0,2,274516312,601181551,1.0248311447176328,0.6495215860318689,0.03312935659141379,0.9668706434085862
independent_seed,0,2,1,0,0,2,274516312,601181551,0.9483430691999436,0.6383620711958113,0.005200173923511881,0.9947998260764881
independent_seed,0,3,0,1,0,2,274516312,601181551,1.0248311447176328,0.6495215860318689,0.03312935659141379,0.9668706434085862
independent_seed,0,4,0,0,1,2,274516312,601181551,1.0248311447176328,0.6495215860318689,0.03312935659141379,0.9668706434085862
independent_seed,0,5,1,1,0,2,274516312,601181551,0.9483430691999436,0.6383620711958113,0.005200173923511881,0.9947998260764881
independent_seed,0,6,1,0,1,2,274516312,601181551,0.9483430691999436,0.6383620711958113,0.005200173923511881,0.9947998260764881
independent_seed,0,7,0,1,1,2,274516312,601181551,1.0248311447176328,0.6495215860318689,0.03312935659141379,0.9668706434085862
independent_seed,0,8,1,1,1,2,274516312,601181551,0.9483430691999436,0.6383620711958113,0.005200173923511881,0.9947998260764881
independent_seed,1,1,0,0,0,2,1445926373,1370177730,-1.3064611090436133,0.3093889533704817,0.09763721600540214,0.9023627839945979
independent_seed,1,2,1,0,0,2,1445926373,1370177730,-0.10926406971824468,0.48405850848232185,0.011613139450540122,0.9883868605494599
independent_seed,1,3,0,1,0,2,1445926373,1370177730,-1.3064611090436133,0.3093889533704817,0.09763721600540214,0.9023627839945979
independent_seed,1,4,0,0,1,2,1445926373,1370177730,-1.3064611090436133,0.3093889533704817,0.09763721600540214,0.9023627839945979
independent_seed,1,5,1,1,0,2,1445926373,1370177730,-0.10926406971824468,0.48405850848232185,0.011613139450540122,0.9883868605494599
independent_seed,1,6,1,0,1,2,1445926373,1370177730,-0.10926406971824468,0.48405850848232185,0.011613139450540122,0.9883868605494599
independent_seed,1,7,0,1,1,2,1445926373,1370177730,-1.3064611090436133,0.3093889533704817,0.09763721600540214,0.9023627839945979
independent_seed,1,8,1,1,1,2,1445926373,1370177730,-0.10926406971824468,0.48405850848232185,0.011613139450540122,0.9883868605494599
independent_seed,2,1,0,0,0,2,1817156299,1695695997,-0.1732645976981606,0.4747209112598343,0.03786150423003588,0.9621384957699641
independent_seed,2,2,1,0,0,2,1817156299,1695695997,0.02758019488210761,0.5040239160403123,0.02014135027865553,0.9798586497213445
independent_seed,2,3,0,1,0,2,1817156299,1695695997,-0.1732645976981606,0.4747209112598343,0.03786150423003588,0.9621384957699641
independent_seed,2,4,0,0,1,2,1817156299,1695695997,-0.1732645976981606,0.4747209112598343,0.03786150423003588,0.9621384957699641
independent_seed,2,5,1,1,0,2,1817156299,1695695997,0.02758019488210761,0.5040239160403123,0.02014135027865553,0.9798586497213445
independent_seed,2,6,1,0,1,2,1817156299,1695695997,0.02758019488210761,0.5040239160403123,0.02014135027865553,0.9798586497213445
independent_seed,2,7,0,1,1,2,1817156299,1695695997,-0.1732645976981606,0.4747209112598343,0.03786150423003588,0.9621384957699641
independent_seed,2,8,1,1,1,2,1817156299,1695695997,0.02758019488210761,0.5040239160403123,0.02014135027865553,0.9798586497213445
independent_seed,3,1,0,0,0,2,1212431290,1963499218,-1.9106264677113547,0.22124198094566985,0.4062114820109083,0.5937885179890917
independent_seed,3,2,1,0,0,2,1212431290,1963499218,-0.7767623134598628,0.38667134710245116,0.4371258698573501,0.5628741301426499
independent_seed,3,3,0,1,0,2,1212431290,1963499218,-1.9106264677113547,0.22124198094566985,0.4062114820109083,0.5937885179890917
independent_seed,3,4,0,0,1,2,1212431290,1963499218,-1.9106264677113547,0.22124198094566985,0.4062114820109083,0.5937885179890917
independent_seed,3,5,1,1,0,2,1212431290,1963499218,-0.7767623134598628,0.38667134710245116,0.4371258698573501,0.5628741301426499
independent_seed,3,6,1,0,1,2,1212431290,1963499218,-0.7767623134598628,0.38667134710245116,0.4371258698573501,0.5628741301426499
independent_seed,3,7,0,1,1,2,1212431290,1963499218,-1.9106264677113547,0.22124198094566985,0.4062114820109083,0.5937885179890917
independent_seed,3,8,1,1,1,2,1212431290,1963499218,-0.7767623134598628,0.38667134710245116,0.4371258698573501,0.5628741301426499
independent_seed,4,1,0,0,0,2,918003960,520290703,1.1862393353796175,0.6730708397706042,0.01025674816008458,0.9897432518399154
independent_seed,4,2,1,0,0,2,918003960,520290703,-0.6260919511878454,0.4086539650693509,0.0001498260726909209,0.9998501739273091
independent_seed,4,3,0,1,0,2,918003960,520290703,1.1862393353796175,0.6730708397706042,0.01025674816008458,0.9897432518399154
independent_seed,4,4,0,0,1,2,918003960,520290703,1.1862393353796175,0.6730708397706042,0.01025674816008458,0.9897432518399154
independent_seed,4,5,1,1,0,2,918003960,520290703,-0.6260919511878454,0.4086539650693509,0.0001498260726909209,0.9998501739273091
independent_seed,4,6,1,0,1,2,918003960,520290703,-0.6260919511878454,0.4086539650693509,0.0001498260726909209,0.9998501739273091
independent_seed,4,7,0,1,1,2,918003960,520290703,1.1862393353796175,0.6730708397706042,0.01025674816008458,0.9897432518399154
independent_seed,4,8,1,1,1,2,918003960,520290703,-0.6260919511878454,0.4086539650693509,0.0001498260726909209,0.9998501739273091
independent_seed,5,1,0,0,0,2,2047290348,225444119,1.0122620413025363,0.647687769517499,0.09217993142771541,0.9078200685722846
independent_seed,5,2,1,0,0,2,2047290348,225444119,-0.002800994527336037,0.49959133839135106,0.03936348825244146,0.9606365117475586
independent_seed,5,3,0,1,0,2,2047290348,225444119,1.0122620413025363,0.647687769517499,0.09217993142771541,0.9078200685722846
independent_seed,5,4,0,0,1,2,2047290348,225444119,1.0122620413025363,0.647687769517499,0.09217993142771541,0.9078200685722846
independent_seed,5,5,1,1,0,2,2047290348,225444119,-0.002800994527336037,0.49959133839135106,0.03936348825244146,0.9606365117475586
independent_seed,5,6,1,0,1,2,2047290348,225444119,-0.002800994527336037,0.49959133839135106,0.03936348825244146,0.9606365117475586
independent_seed,5,7,0,1,1,2,2047290348,225444119,1.0122620413025363,0.647687769517499,0.09217993142771541,0.9078200685722846
independent_seed,5,8,1,1,1,2,2047290348,225444119,-0.002800994527336037,0.49959133839135106,0.03936348825244146,0.9606365117475586
independent_seed,6,1,0,0,0,2,1817334469,781766712,-0.784096863680832,0.3856012453715247,0.1618249020314534,0.8381750979685466
independent_seed,6,2,1,0,0,2,1817334469,781766712,0.9535674041972252,0.6391242951570772,0.011597312256255378,0.9884026877437446
independent_seed,6,3,0,1,0,2,1817334469,781766712,-0.784096863680832,0.3856012453715247,0.1618249020314534,0.8381750979685466
independent_seed,6,4,0,0,1,2,1817334469,781766712,-0.784096863680832,0.3856012453715247,0.1618249020314534,0.8381750979685466
independent_seed,6,5,1,1,0,2,1817334469,781766712,0.9535674041972252,0.6391242951570772,0.011597312256255378,0.9884026877437446
independent_seed,6,6,1,0,1,2,1817334469,781766712,0.9535674041972252,0.6391242951570772,0.011597312256255378,0.9884026877437446
independent_seed,6,7,0,1,1,2,1817334469,781766712,-0.784096863680832,0.3856012453715247,0.1618249020314534,0.8381750979685466
independent_seed,6,8,1,1,1,2,1817334469,781766712,0.9535674041972252,0.6391242951570772,0.011597312256255378,0.9884026877437446
independent_seed,7,1,0,0,0,2,192062842,665908793,-0.28597193015716627,0.4582770520020882,0.08169347225867374,0.9183065277413263
independent_seed,7,2,1,0,0,2,192062842,665908793,-2.040364937751455,0.2023132999529696,0.05385579920166768,0.9461442007983323
independent_seed,7,3,0,1,0,2,192062842,665908793,-0.28597193015716627,0.4582770520020882,0.08169347225867374,0.9183065277413263
independent_seed,7,4,0,0,1,2,192062842,665908793,-0.28597193015716627,0.4582770520020882,0.08169347225867374,0.9183065277413263
independent_seed,7,5,1,1,0,2,192062842,665908793,-2.040364937751455,0.2023132999529696,0.05385579920166768,0.9461442007983323
independent_seed,7,6,1,0,1,2,192062842,665908793,-2.040364937751455,0.2023132999529696,0.05385579920166768,0.9461442007983323
independent_seed,7,7,0,1,1,2,192062842,665908793,-0.28597193015716627,0.4582770520020882,0.08169347225867374,0.9183065277413263
independent_seed,7,8,1,1,1,2,192062842,665908793,-2.040364937751455,0.2023132999529696,0.05385579920166768,0.9461442007983323
independent_seed,8,1,0,0,0,2,959602108,253667426,0.24960018451159122,0.5364163556644281,0.001080956751807137,0.9989190432481929
independent_seed,8,2,1,0,0,2,959602108,253667426,0.7905565686288806,0.6153412175250302,0.008000719895810426,0.9919992801041896
independent_seed,8,3,0,1,0,2,959602108,253667426,0.24960018451159122,0.5364163556644281,0.001080956751807137,0.9989190432481929
independent_seed,8,4,0,0,1,2,959602108,253667426,0.24960018451159122,0.5364163556644281,0.001080956751807137,0.9989190432481929
independent_seed,8,5,1,1,0,2,959602108,253667426,0.7905565686288806,0.6153412175250302,0.008000719895810426,0.9919992801041896
independent_seed,8,6,1,0,1,2,959602108,253667426,0.7905565686288806,0.6153412175250302,0.008000719895810426,0.9919992801041896
independent_seed,8,7,0,1,1,2,959602108,253667426,0.24960018451159122,0.5364163556644281,0.001080956751807137,0.9989190432481929
independent_seed,8,8,1,1,1,2,959602108,253667426,0.7905565686288806,0.6153412175250302,0.008000719895810426,0.9919992801041896
independent_seed,9,1,0,0,0,2,420180451,1401610243,-1.077153596189404,0.3428446335454156,0.006377183610384897,0.9936228163896151
independent_seed,9,2,1,0,0,2,420180451,1401610243,0.08343298756238687,0.5121727688429517,0.044966110180197603,0.9550338898198024
independent_seed,9,3,0,1,0,2,420180451,1401610243,-1.077153596189404,0.3428446335454156,0.006377183610384897,0.9936228163896151
independent_seed,9,4,0,0,1,2,420180451,1401610243,-1.077153596189404,0.3428446335454156,0.006377183610384897,0.9936228163896151
independent_seed,9,5,1,1,0,2,420180451,1401610243,0.08343298756238687,0.5121727688429517,0.044966110180197603,0.9550338898198024
independent_seed,9,6,1,0,1,2,420180451,1401610243,0.08343298756238687,0.5121727688429517,0.044966110180197603,0.9550338898198024
independent_seed,9,7,0,1,1,2,420180451,1401610243,-1.077153596189404,0.3428446335454156,0.006377183610384897,0.9936228163896151
independent_seed,9,8,1,1,1,2,420180451,1401610243,0.08343298756238687,0.5121727688429517,0.044966110180197603,0.9550338898198024
independent_seed,10,1,0,0,0,2,1732116740,1697450288,1.3537163566323882,0.6975055283245971,0.008702000017186878,0.9912979999828131
independent_seed,10,2,1,0,0,2,1732116740,1697450288,0.4323470412773768,0.5630788941780167,0.010878197010398005,0.989121802989602
independent_seed,10,3,0,1,0,2,1732116740,1697450288,1.3537163566323882,0.6975055283245971,0.008702000017186878,0.9912979999828131
independent_seed,10,4,0,0,1,2,1732116740,1697450288,1.3537163566323882,0.6975055283245971,0.008702000017186878,0.9912979999828131
independent_seed,10,5,1,1,0,2,1732116740,1697450288,0.4323470412773768,0.5630788941780167,0.010878197010398005,0.989121802989602
independent_seed,10,6,1,0,1,2,1732116740,1697450288,0.4323470412773768,0.5630788941780167,0.010878197010398005,0.989121802989602
independent_seed,10,7,0,1,1,2,1732116740,1697450288,1.3537163566323882,0.6975055283245971,0.008702000017186878,0.9912979999828131
independent_seed,10,8,1,1,1,2,1732116740,1697450288,0.4323470412773768,0.5630788941780167,0.010878197010398005,0.989121802989602
independent_seed,11,1,0,0,0,2,1851434007,301963393,-1.1148441041498607,0.33734563543471024,0.05604454172896524,0.9439554582710348
independent_seed,11,2,1,0,0,2,1851434007,301963393,-0.4164708702038523,0.4392374193837465,0.00351211439351872,0.9964878856064813
independent_seed,11,3,0,1,0,2,1851434007,301963393,-1.1148441041498607,0.33734563543471024,0.05604454172896524,0.9439554582710348
independent_seed,11,4,0,0,1,2,1851434007,301963393,-1.1148441041498607,0.33734563543471024,0.05604454172896524,0.9439554582710348
independent_seed,11,5,1,1,0,2,1851434007,301963393,-0.4164708702038523,0.4392374193837465,0.00351211439351872,0.9964878856064813
independent_seed,11,6,1,0,1,2,1851434007,301963393,-0.4164708702038523,0.4392374193837465,0.00351211439351872,0.9964878856064813
independent_seed,11,7,0,1,1,2,1851434007,301963393,-1.1148441041498607,0.33734563543471024,0.05604454172896524,0.9439554582710348
independent_seed,11,8,1,1,1,2,1851434007,301963393,-0.4164708702038523,0.4392374193837465,0.00351211439351872,0.9964878856064813
independent_seed,12,1,0,0,0,2,1097227929,873049485,-0.44221784140528153,0.43548096839238315,7.006766521121853e-10,0.9999999992993234
independent_seed,12,2,1,0,0,2,1097227929,873049485,1.5065939512328785,0.7198101787357636,0.0229730615266366,0.9770269384733634
independent_seed,12,3,0,1,0,2,1097227929,873049485,-0.44221784140528153,0.43548096839238315,7.006766521121853e-10,0.9999999992993234
independent_seed,12,4,0,0,1,2,1097227929,873049485,-0.44221784140528153,0.43548096839238315,7.006766521121853e-10,0.9999999992993234
independent_seed,12,5,1,1,0,2,1097227929,873049485,1.5065939512328785,0.7198101787357636,0.0229730615266366,0.9770269384733634
independent_seed,12,6,1,0,1,2,1097227929,873049485,1.5065939512328785,0.7198101787357636,0.0229730615266366,0.9770269384733634
independent_seed,12,7,0,1,1,2,1097227929,873049485,-0.44221784140528153,0.43548096839238315,7.006766521121853e-10,0.9999999992993234
independent_seed,12,8,1,1,1,2,1097227929,873049485,1.5065939512328785,0.7198101787357636,0.0229730615266366,0.9770269384733634
independent_seed,13,1,0,0,0,2,824805448,869808483,-0.6470221060508408,0.4056002815751106,0.09614194774850388,0.9038580522514961
independent_seed,13,2,1,0,0,2,824805448,869808483,-1.249466270966257,0.3177044291724041,0.18420262399022644,0.8157973760097735
independent_seed,13,3,0,1,0,2,824805448,869808483,-0.6470221060508408,0.4056002815751106,0.09614194774850388,0.9038580522514961
independent_seed,13,4,0,0,1,2,824805448,869808483,-0.6470221060508408,0.4056002815751106,0.09614194774850388,0.9038580522514961
independent_seed,13,5,1,1,0,2,824805448,869808483,-1.249466270966257,0.3177044291724041,0.18420262399022644,0.8157973760097735
independent_seed,13,6,1,0,1,2,824805448,869808483,-1.249466270966257,0.3177044291724041,0.18420262399022644,0.8157973760097735
independent_seed,13,7,0,1,1,2,824805448,869808483,-0.6470221060508408,0.4056002815751106,0.09614194774850388,0.9038580522514961
independent_seed,13,8,1,1,1,2,824805448,869808483,-1.249466270966257,0.3177044291724041,0.18420262399022644,0.8157973760097735
independent_seed,14,1,0,0,0,2,1209052191,697282234,-1.950279530929335,0.2154566484702327,0.41016992470338176,0.5898300752966182
independent_seed,14,2,1,0,0,2,1209052191,697282234,-0.1258690611127466,0.48163586094457983,0.026753923985862085,0.9732460760141379
independent_seed,14,3,0,1,0,2,1209052191,697282234,-1.950279530929335,0.2154566484702327,0.41016992470338176,0.5898300752966182
independent_seed,14,4,0,0,1,2,1209052191,697282234,-1.950279530929335,0.2154566484702327,0.41016992470338176,0.5898300752966182
independent_seed,14,5,1,1,0,2,1209052191,697282234,-0.1258690611127466,0.48163586094457983,0.026753923985862085,0.9732460760141379
independent_seed,14,6,1,0,1,2,1209052191,697282234,-0.1258690611127466,0.48163586094457983,0.026753923985862085,0.9732460760141379
independent_seed,14,7,0,1,1,2,1209052191,697282234,-1.950279530929335,0.2154566484702327,0.41016992470338176,0.5898300752966182
independent_seed,14,8,1,1,1,2,1209052191,697282234,-0.1258690611127466,0.48163586094457983,0.026753923985862085,0.9732460760141379
independent_seed,15,1,0,0,0,2,727490308,124905790,-0.2056579601034461,0.46999476007999497,0.20308758145278355,0.7969124185472165
independent_seed,15,2,1,0,0,2,727490308,124905790,-0.27488376180054674,0.45989480193817833,0.006654130878204507,0.9933458691217955
independent_seed,15,3,0,1,0,2,727490308,124905790,-0.2056579601034461,0.46999476007999497,0.20308758145278355,0.7969124185472165
independent_seed,15,4,0,0,1,2,727490308,124905790,-0.2056579601034461,0.46999476007999497,0.20308758145278355,0.7969124185472165
independent_seed,15,5,1,1,0,2,727490308,124905790,-0.27488376180054674,0.45989480193817833,0.006654130878204507,0.9933458691217955
independent_seed,15,6,1,0,1,2,727490308,124905790,-0.27488376180054674,0.45989480193817833,0.006654130878204507,0.9933458691217955
independent_seed,15,7,0,1,1,2,727490308,124905790,-0.2056579601034461,0.46999476007999497,0.20308758145278355,0.7969124185472165
independent_seed,15,8,1,1,1,2,727490308,124905790,-0.27488376180054674,0.45989480193817833,0.006654130878204507,0.9933458691217955
independent_seed,16,1,0,0,0,2,1959722465,479805824,2.3097113936873033,0.8369840120883104,7.88033469444293e-08,0.999999921196653
independent_seed,16,2,1,0,0,2,1959722465,479805824,-1.1017527423450524,0.33925564879687375,0.03979774634519948,0.9602022536548005
independent_seed,16,3,0,1,0,2,1959722465,479805824,2.3097113936873033,0.8369840120883104,7.88033469444293e-08,0.999999921196653
independent_seed,16,4,0,0,1,2,1959722465,479805824,2.3097113936873033,0.8369840120883104,7.88033469444293e-08,0.999999921196653
independent_seed,16,5,1,1,0,2,1959722465,479805824,-1.1017527423450524,0.33925564879687375,0.03979774634519948,0.9602022536548005
independent_seed,16,6,1,0,1,2,1959722465,479805824,-1.1017527423450524,0.33925564879687375,0.03979774634519948,0.9602022536548005
independent_seed,16,7,0,1,1,2,1959722465,479805824,2.3097113936873033,0.8369840120883104,7.88033469444293e-08,0.999999921196653
independent_seed,16,8,1,1,1,2,1959722465,479805824,-1.1017527423450524,0.33925564879687375,0.03979774634519948,0.9602022536548005
independent_seed,17,1,0,0,0,2,2010991013,701768117,2.1353199389501096,0.8115405163113603,4.0757049606593575e-06,0.9999959242950394
independent_seed,17,2,1,0,0,2,2010991013,701768117,0.3613371124119532,0.5527186341071797,0.0006754079368166603,0.9993245920631834
independent_seed,17,3,0,1,0,2,2010991013,701768117,2.1353199389501096,0.8115405163113603,4.0757049606593575e-06,0.9999959242950394
independent_seed,17,4,0,0,1,2,2010991013,701768117,2.1353199389501096,0.8115405163113603,4.0757049606593575e-06,0.9999959242950394
independent_seed,17,5,1,1,0,2,2010991013,701768117,0.3613371124119532,0.5527186341071797,0.0006754079368166603,0.9993245920631834
independent_seed,17,6,1,0,1,2,2010991013,701768117,0.3613371124119532,0.5527186341071797,0.0006754079368166603,0.9993245920631834
independent_seed,17,7,0,1,1,2,2010991013,701768117,2.1353199389501096,0.8115405163113603,4.0757049606593575e-06,0.9999959242950394
independent_seed,17,8,1,1,1,2,2010991013,701768117,0.3613371124119532,0.5527186341071797,0.0006754079368166603,0.9993245920631834
independent_seed,18,1,0,0,0,2,169238210,902804507,-1.2232634876062027,0.321527382589305,0.08973565161770138,0.9102643483822986
independent_seed,18,2,1,0,0,2,169238210,902804507,-0.3251657408068928,0.4525587239036632,0.13524671924182818,0.8647532807581718
independent_seed,18,3,0,1,0,2,169238210,902804507,-1.2232634876062027,0.321527382589305,0.08973565161770138,0.9102643483822986
independent_seed,18,4,0,0,1,2,169238210,902804507,-1.2232634876062027,0.321527382589305,0.08973565161770138,0.9102643483822986
independent_seed,18,5,1,1,0,2,169238210,902804507,-0.3251657408068928,0.4525587239036632,0.13524671924182818,0.8647532807581718
independent_seed,18,6,1,0,1,2,169238210,902804507,-0.3251657408068928,0.4525587239036632,0.13524671924182818,0.8647532807581718
independent_seed,18,7,0,1,1,2,169238210,902804507,-1.2232634876062027,0.321527382589305,0.08973565161770138,0.9102643483822986
independent_seed,18,8,1,1,1,2,169238210,902804507,-0.3251657408068928,0.4525587239036632,0.13524671924182818,0.8647532807581718
independent_seed,19,1,0,0,0,2,1008084451,1299246515,-1.639452891020028,0.2608058676267224,0.22273768476039313,0.7772623152396069
independent_seed,19,2,1,0,0,2,1008084451,1299246515,-0.5985378026106382,0.4126740809862583,0.13674808211652717,0.8632519178834728
independent_seed,19,3,0,1,0,2,1008084451,1299246515,-1.639452891020028,0.2608058676267224,0.22273768476039313,0.7772623152396069
independent_seed,19,4,0,0,1,2,1008084451,1299246515,-1.639452891020028,0.2608058676267224,0.22273768476039313,0.7772623152396069
independent_seed,19,5,1,1,0,2,1008084451,1299246515,-0.5985378026106382,0.4126740809862583,0.13674808211652717,0.8632519178834728
independent_seed,19,6,1,0,1,2,1008084451,1299246515,-0.5985378026106382,0.4126740809862583,0.13674808211652717,0.8632519178834728
independent_seed,19,7,0,1,1,2,1008084451,1299246515,-1.639452891020028,0.2608058676267224,0.22273768476039313,0.7772623152396069
independent_seed,19,8,1,1,1,2,1008084451,1299246515,-0.5985378026106382,0.4126740809862583,0.13674808211652717,0.8632519178834728
independent_seed,20,1,0,0,0,2,145415595,1444397744,0.20925455029031137,0.5305299779432577,0.045797497483598355,0.9542025025164016
independent_seed,20,2,1,0,0,2,145415595,1444397744,-1.627003911311478,0.2626221582421035,0.12831536153678894,0.8716846384632111
independent_seed,20,3,0,1,0,2,145415595,1444397744,0.20925455029031137,0.5305299779432577,0.045797497483598355,0.9542025025164016
independent_seed,20,4,0,0,1,2,145415595,1444397744,0.20925455029031137,0.5305299779432577,0.045797497483598355,0.9542025025164016
independent_seed,20,5,1,1,0,2,145415595,1444397744,-1.627003911311478,0.2626221582421035,0.12831536153678894,0.8716846384632111
independent_seed,20,6,1,0,1,2,145415595,1444397744,-1.627003911311478,0.2626221582421035,0.12831536153678894,0.8716846384632111
independent_seed,20,7,0,1,1,2,145415595,1444397744,0.20925455029031137,0.5305299779432577,0.045797497483598355,0.9542025025164016
independent_seed,20,8,1,1,1,2,145415595,1444397744,-1.627003911311478,0.2626221582421035,0.12831536153678894,0.8716846384632111
independent_seed,21,1,0,0,0,2,1353610619,208387885,0.6032335808164949,0.5880110271982584,0.01478020113487947,0.9852197988651206
independent_seed,21,2,1,0,0,2,1353610619,208387885,-1.5790134414027317,0.2696239079568309,0.1564215001383929,0.8435784998616072
independent_seed,21,3,0,1,0,2,1353610619,208387885,0.6032335808164949,0.5880110271982584,0.01478020113487947,0.9852197988651206
independent_seed,21,4,0,0,1,2,1353610619,208387885,0.6032335808164949,0.5880110271982584,0.01478020113487947,0.9852197988651206
independent_seed,21,5,1,1,0,2,1353610619,208387885,-1.5790134414027317,0.2696239079568309,0.1564215001383929,0.8435784998616072
independent_seed,21,6,1,0,1,2,1353610619,208387885,-1.5790134414027317,0.2696239079568309,0.1564215001383929,0.8435784998616072
independent_seed,21,7,0,1,1,2,1353610619,208387885,0.6032335808164949,0.5880110271982584,0.01478020113487947,0.9852197988651206
independent_seed,21,8,1,1,1,2,1353610619,208387885,-1.5790134414027317,0.2696239079568309,0.1564215001383929,0.8435784998616072
independent_seed,22,1,0,0,0,2,1031239718,461763530,-1.0606098923725336,0.34525833930200783,0.00023389034410121166,0.9997661096558987
independent_seed,22,2,1,0,0,2,1031239718,461763530,-0.07376317217246971,0.48923804516400776,0.02526199214534012,0.9747380078546599
independent_seed,22,3,0,1,0,2,1031239718,461763530,-1.0606098923725336,0.34525833930200783,0.00023389034410121166,0.9997661096558987
independent_seed,22,4,0,0,1,2,1031239718,461763530,-1.0606098923725336,0.34525833930200783,0.00023389034410121166,0.9997661096558987
independent_seed,22,5,1,1,0,2,1031239718,461763530,-0.07376317217246971,0.48923804516400776,0.02526199214534012,0.9747380078546599
independent_seed,22,6,1,0,1,2,1031239718,461763530,-0.07376317217246971,0.48923804516400776,0.02526199214534012,0.9747380078546599
independent_seed,22,7,0,1,1,2,1031239718,461763530,-1.0606098923725336,0.34525833930200783,0.00023389034410121166,0.9997661096558987
independent_seed,22,8,1,1,1,2,1031239718,461763530,-0.07376317217246971,0.48923804516400776,0.02526199214534012,0.9747380078546599
independent_seed,23,1,0,0,0,2,1443592655,291018934,-0.08433501130674537,0.487695627017586,0.08973025053270589,0.9102697494672941
independent_seed,23,2,1,0,0,2,1443592655,291018934,0.4588919779248757,0.5669517673328847,0.00985027075980423,0.9901497292401957
independent_seed,23,3,0,1,0,2,1443592655,291018934,-0.08433501130674537,0.487695627017586,0.08973025053270589,0.9102697494672941
independent_seed,23,4,0,0,1,2,1443592655,291018934,-0.08433501130674537,0.487695627017586,0.08973025053270589,0.9102697494672941
independent_seed,23,5,1,1,0,2,1443592655,291018934,0.4588919779248757,0.5669517673328847,0.00985027075980423,0.9901497292401957
independent_seed,23,6,1,0,1,2,1443592655,291018934,0.4588919779248757,0.5669517673328847,0.00985027075980423,0.9901497292401957
independent_seed,23,7,0,1,1,2,1443592655,291018934,-0.08433501130674537,0.487695627017586,0.08973025053270589,0.9102697494672941
independent_seed,23,8,1,1,1,2,1443592655,291018934,0.4588919779248757,0.5669517673328847,0.00985027075980423,0.9901497292401957
independent_seed,24,1,0,0,0,2,1907960151,436387886,-0.6459331831786477,0.4057591540642576,0.0583724234294236,0.9416275765705764
independent_seed,24,2,1,0,0,2,1907960151,436387886,0.7572542207466301,0.6104824464976225,0.006329261438731373,0.9936707385612686
independent_seed,24,3,0,1,0,2,1907960151,436387886,-0.6459331831786477,0.4057591540642576,0.0583724234294236,0.9416275765705764
independent_seed,24,4,0,0,1,2,1907960151,436387886,-0.6459331831786477,0.4057591540642576,0.0583724234294236,0.9416275765705764
independent_seed,24,5,1,1,0,2,1907960151,436387886,0.7572542207466301,0.6104824464976225,0.006329261438731373,0.9936707385612686
independent_seed,24,6,1,0,1,2,1907960151,436387886,0.7572542207466301,0.6104824464976225,0.006329261438731373,0.9936707385612686
independent_seed,24,7,0,1,1,2,1907960151,436387886,-0.6459331831786477,0.4057591540642576,0.0583724234294236,0.9416275765705764
independent_seed,24,8,1,1,1,2,1907960151,436387886,0.7572542207466301,0.6104824464976225,0.006329261438731373,0.9936707385612686
independent_seed,25,1,0,0,0,2,431179249,1183660724,0.1727648773907261,0.5252061801704712,0.03402980453204152,0.9659701954679585
independent_seed,25,2,1,0,0,2,431179249,1183660724,1.3072813219418296,0.6907307146685482,0.0016309061534734756,0.9983690938465265
independent_seed,25,3,0,1,0,2,431179249,1183660724,0.1727648773907261,0.5252061801704712,0.03402980453204152,0.9659701954679585
independent_seed,25,4,0,0,1,2,431179249,1183660724,0.1727648773907261,0.5252061801704712,0.03402980453204152,0.9659701954679585
independent_seed,25,5,1,1,0,2,431179249,1183660724,1.3072813219418296,0.6907307146685482,0.0016309061534734756,0.9983690938465265
independent_seed,25,6,1,0,1,2,431179249,1183660724,1.3072813219418296,0.6907307146685482,0.0016309061534734756,0.9983690938465265
independent_seed,25,7,0,1,1,2,431179249,1183660724,0.1727648773907261,0.5252061801704712,0.03402980453204152,0.9659701954679585
independent_seed,25,8,1,1,1,2,431179249,1183660724,1.3072813219418296,0.6907307146685482,0.0016309061534734756,0.9983690938465265
independent_seed,26,1,0,0,0,2,2143246895,277721309,1.7589172365884598,0.7566238314175753,3.139499491920945e-06,0.9999968605005081
independent_seed,26,2,1,0,0,2,2143246895,277721309,-1.5089451924159931,0.2798467781076592,0.019042166248411437,0.9809578337515885
independent_seed,26,3,0,1,0,2,2143246895,277721309,1.7589172365884598,0.7566238314175753,3.139499491920945e-06,0.9999968605005081
independent_seed,26,4,0,0,1,2,2143246895,277721309,1.7589172365884598,0.7566238314175753,3.139499491920945e-06,0.9999968605005081
independent_seed,26,5,1,1,0,2,2143246895,277721309,-1.5089451924159931,0.2798467781076592,0.019042166248411437,0.9809578337515885
independent_seed,26,6,1,0,1,2,2143246895,277721309,-1.5089451924159931,0.2798467781076592,0.019042166248411437,0.9809578337515885
independent_seed,26,7,0,1,1,2,2143246895,277721309,1.7589172365884598,0.7566238314175753,3.139499491920945e-06,0.9999968605005081
independent_seed,26,8,1,1,1,2,2143246895,277721309,-1.5089451924159931,0.2798467781076592,0.019042166248411437,0.9809578337515885
independent_seed,27,1,0,0,0,2,1047902980,2054560280,-0.1887247143437698,0.47246529952027694,0.049293966797849496,0.9507060332021505
independent_seed,27,2,1,0,0,2,1047902980,2054560280,-0.03433783351162799,0.4949901529105349,0.0004981986172128277,0.9995018013827872
independent_seed,27,3,0,1,0,2,1047902980,2054560280,-0.1887247143437698,0.47246529952027694,0.049293966797849496,0.9507060332021505
independent_seed,27,4,0,0,1,2,1047902980,2054560280,-0.1887247143437698,0.47246529952027694,0.049293966797849496,0.9507060332021505
independent_seed,27,5,1,1,0,2,1047902980,2054560280,-0.03433783351162799,0.4949901529105349,0.0004981986172128277,0.9995018013827872
independent_seed,27,6,1,0,1,2,1047902980,2054560280,-0.03433783351162799,0.4949901529105349,0.0004981986172128277,0.9995018013827872
independent_seed,27,7,0,1,1,2,1047902980,2054560280,-0.1887247143437698,0.47246529952027694,0.049293966797849496,0.9507060332021505
independent_seed,27,8,1,1,1,2,1047902980,2054560280,-0.03433783351162799,0.4949901529105349,0.0004981986172128277,0.9995018013827872
independent_seed,28,1,0,0,0,2,1734920862,595227138,0.7786880935804512,0.6136096218156613,0.0038779325888255466,0.9961220674111745
independent_seed,28,2,1,0,0,2,1734920862,595227138,-0.07250222630778788,0.4894220155932432,0.0003418362658456276,0.9996581637341544
independent_seed,28,3,0,1,0,2,1734920862,595227138,0.7786880935804512,0.6136096218156613,0.0038779325888255466,0.9961220674111745
independent_seed,28,4,0,0,1,2,1734920862,595227138,0.7786880935804512,0.6136096218156613,0.0038779325888255466,0.9961220674111745
independent_seed,28,5,1,1,0,2,1734920862,595227138,-0.07250222630778788,0.4894220155932432,0.0003418362658456276,0.9996581637341544
independent_seed,28,6,1,0,1,2,1734920862,595227138,-0.07250222630778788,0.4894220155932432,0.0003418362658456276,0.9996581637341544
independent_seed,28,7,0,1,1,2,1734920862,595227138,0.7786880935804512,0.6136096218156613,0.0038779325888255466,0.9961220674111745
independent_seed,28,8,1,1,1,2,1734920862,595227138,-0.07250222630778788,0.4894220155932432,0.0003418362658456276,0.9996581637341544
independent_seed,29,1,0,0,0,2,1097113628,1305707546,0.48922718035665175,0.5713776355391507,0.018463224918941024,0.981536775081059
independent_seed,29,2,1,0,0,2,1097113628,1305707546,1.431019600051679,0.7087839751409697,0.002040479373794706,0.9979595206262053
independent_seed,29,3,0,1,0,2,1097113628,1305707546,0.48922718035665175,0.5713776355391507,0.018463224918941024,0.981536775081059
independent_seed,29,4,0,0,1,2,1097113628,1305707546,0.48922718035665175,0.5713776355391507,0.018463224918941024,0.981536775081059
independent_seed,29,5,1,1,0,2,1097113628,1305707546,1.431019600051679,0.7087839751409697,0.002040479373794706,0.9979595206262053
independent_seed,29,6,1,0,1,2,1097113628,1305707546,1.431019600051679,0.7087839751409697,0.002040479373794706,0.9979595206262053
independent_seed,29,7,0,1,1,2,1097113628,1305707546,0.48922718035665175,0.5713776355391507,0.018463224918941024,0.981536775081059
independent_seed,29,8,1,1,1,2,1097113628,1305707546,1.431019600051679,0.7087839751409697,0.002040479373794706,0.9979595206262053
independent_seed,30,1,0,0,0,2,302077862,822431891,1.0010203967718876,0.6460476275990055,0.007726533335390979,0.992273466664609
independent_seed,30,2,1,0,0,2,302077862,822431891,0.7285377126719434,0.6062927437795155,0.026361541450097403,0.9736384585499026
independent_seed,30,3,0,1,0,2,302077862,822431891,1.0010203967718876,0.6460476275990055,0.007726533335390979,0.992273466664609
independent_seed,30,4,0,0,1,2,302077862,822431891,1.0010203967718876,0.6460476275990055,0.007726533335390979,0.992273466664609
independent_seed,30,5,1,1,0,2,302077862,822431891,0.7285377126719434,0.6062927437795155,0.026361541450097403,0.9736384585499026
independent_seed,30,6,1,0,1,2,302077862,822431891,0.7285377126719434,0.6062927437795155,0.026361541450097403,0.9736384585499026
independent_seed,30,7,0,1,1,2,302077862,822431891,1.0010203967718876,0.6460476275990055,0.007726533335390979,0.992273466664609
independent_seed,30,8,1,1,1,2,302077862,822431891,0.7285377126719434,0.6062927437795155,0.026361541450097403,0.9736384585499026
independent_seed,31,1,0,0,0,2,2038858089,1087888616,1.089781279625678,0.6589977297209939,0.002783960623638826,0.9972160393763612
independent_seed,31,2,1,0,0,2,2038858089,1087888616,-0.40744335954835253,0.4405545219309196,0.024031498598632663,0.9759685014013674
independent_seed,31,3,0,1,0,2,2038858089,1087888616,1.089781279625678,0.6589977297209939,0.002783960623638826,0.9972160393763612
independent_seed,31,4,0,0,1,2,2038858089,1087888616,1.089781279625678,0.6589977297209939,0.002783960623638826,0.9972160393763612
independent_seed,31,5,1,1,0,2,2038858089,1087888616,-0.40744335954835253,0.4405545219309196,0.024031498598632663,0.9759685014013674
independent_seed,31,6,1,0,1,2,2038858089,1087888616,-0.40744335954835253,0.4405545219309196,0.024031498598632663,0.9759685014013674
independent_seed,31,7,0,1,1,2,2038858089,1087888616,1.089781279625678,0.6589977297209939,0.002783960623638826,0.9972160393763612
independent_seed,31,8,1,1,1,2,2038858089,1087888616,-0.40744335954835253,0.4405545219309196,0.024031498598632663,0.9759685014013674
independent_seed,32,1,0,0,0,2,1878891086,34307732,1.7071596780110503,0.7490724681637155,2.5294828013798226e-07,0.9999997470517199
independent_seed,32,2,1,0,0,2,1878891086,34307732,0.3919525035408923,0.5571853814949616,0.012164127603620581,0.9878358723963794
independent_seed,32,3,0,1,0,2,1878891086,34307732,1.7071596780110503,0.7490724681637155,2.5294828013798226e-07,0.9999997470517199
independent_seed,32,4,0,0,1,2,1878891086,34307732,1.7071596780110503,0.7490724681637155,2.5294828013798226e-07,0.9999997470517199
independent_seed,32,5,1,1,0,2,1878891086,34307732,0.3919525035408923,0.5571853814949616,0.012164127603620581,0.9878358723963794
independent_seed,32,6,1,0,1,2,1878891086,34307732,0.3919525035408923,0.5571853814949616,0.012164127603620581,0.9878358723963794
independent_seed,32,7,0,1,1,2,1878891086,34307732,1.7071596780110503,0.7490724681637155,2.5294828013798226e-07,0.9999997470517199
independent_seed,32,8,1,1,1,2,1878891086,34307732,0.3919525035408923,0.5571853814949616,0.012164127603620581,0.9878358723963794
independent_seed,33,1,0,0,0,2,1045006933,1993438911,-0.43640063734187073,0.43632969121107923,0.18478974342432672,0.8152102565756733
independent_seed,33,2,1,0,0,2,1045006933,1993438911,-1.414358428517276,0.29364686900912645,0.015391188435130649,0.9846088115648693
independent_seed,33,3,0,1,0,2,1045006933,1993438911,-0.43640063734187073,0.43632969121107923,0.18478974342432672,0.8152102565756733
independent_seed,33,4,0,0,1,2,1045006933,1993438911,-0.43640063734187073,0.43632969121107923,0.18478974342432672,0.8152102565756733
independent_seed,33,5,1,1,0,2,1045006933,1993438911,-1.414358428517276,0.29364686900912645,0.015391188435130649,0.9846088115648693
independent_seed,33,6,1,0,1,2,1045006933,1993438911,-1.414358428517276,0.29364686900912645,0.015391188435130649,0.9846088115648693
independent_seed,33,7,0,1,1,2,1045006933,1993438911,-0.43640063734187073,0.43632969121107923,0.18478974342432672,0.8152102565756733
independent_seed,33,8,1,1,1,2,1045006933,1993438911,-1.414358428517276,0.29364686900912645,0.015391188435130649,0.9846088115648693
independent_seed,34,1,0,0,0,2,670587702,694806395,1.115321644681077,0.6627240371332929,0.01137454384347454,0.9886254561565254
independent_seed,34,2,1,0,0,2,670587702,694806395,0.7316753506893592,0.6067505212535669,0.010312698589169547,0.9896873014108305
independent_seed,34,3,0,1,0,2,670587702,694806395,1.115321644681077,0.6627240371332929,0.01137454384347454,0.9886254561565254
independent_seed,34,4,0,0,1,2,670587702,694806395,1.115321644681077,0.6627240371332929,0.01137454384347454,0.9886254561565254
independent_seed,34,5,1,1,0,2,670587702,694806395,0.7316753506893592,0.6067505212535669,0.010312698589169547,0.9896873014108305
independent_seed,34,6,1,0,1,2,670587702,694806395,0.7316753506893592,0.6067505212535669,0.010312698589169547,0.9896873014108305
independent_seed,34,7,0,1,1,2,670587702,694806395,1.115321644681077,0.6627240371332929,0.01137454384347454,0.9886254561565254
independent_seed,34,8,1,1,1,2,670587702,694806395,0.7316753506893592,0.6067505212535669,0.010312698589169547,0.9896873014108305
independent_seed,35,1,0,0,0,2,816114455,1689675702,1.0349475257857632,0.6509975534144042,0.021236730969609218,0.9787632690303908
independent_seed,35,2,1,0,0,2,816114455,1689675702,-1.204051140900488,0.32433044001553507,0.0023960701477317107,0.9976039298522683
independent_seed,35,3,0,1,0,2,816114455,1689675702,1.0349475257857632,0.6509975534144042,0.021236730969609218,0.9787632690303908
independent_seed,35,4,0,0,1,2,816114455,1689675702,1.0349475257857632,0.6509975534144042,0.021236730969609218,0.9787632690303908
independent_seed,35,5,1,1,0,2,816114455,1689675702,-1.204051140900488,0.32433044001553507,0.0023960701477317107,0.9976039298522683
independent_seed,35,6,1,0,1,2,816114455,1689675702,-1.204051140900488,0.32433044001553507,0.0023960701477317107,0.9976039298522683
independent_seed,35,7,0,1,1,2,816114455,1689675702,1.0349475257857632,0.6509975534144042,0.021236730969609218,0.9787632690303908
independent_seed,35,8,1,1,1,2,816114455,1689675702,-1.204051140900488,0.32433044001553507,0.0023960701477317107,0.9976039298522683
independent_seed,36,1,0,0,0,2,2002178033,223275662,-0.5236680938754522,0.4235974781268804,0.06556337897827512,0.9344366210217249
independent_seed,36,2,1,0,0,2,2002178033,223275662,-0.943068065224056,0.36240754530624825,0.41406561230547445,0.5859343876945255
independent_seed,36,3,0,1,0,2,2002178033,223275662,-0.5236680938754522,0.4235974781268804,0.06556337897827512,0.9344366210217249
independent_seed,36,4,0,0,1,2,2002178033,223275662,-0.5236680938754522,0.4235974781268804,0.06556337897827512,0.9344366210217249
independent_seed,36,5,1,1,0,2,2002178033,223275662,-0.943068065224056,0.36240754530624825,0.41406561230547445,0.5859343876945255
independent_seed,36,6,1,0,1,2,2002178033,223275662,-0.943068065224056,0.36240754530624825,0.41406561230547445,0.5859343876945255
independent_seed,36,7,0,1,1,2,2002178033,223275662,-0.5236680938754522,0.4235974781268804,0.06556337897827512,0.9344366210217249
independent_seed,36,8,1,1,1,2,2002178033,223275662,-0.943068065224056,0.36240754530624825,0.41406561230547445,0.5859343876945255
independent_seed,37,1,0,0,0,2,1591276742,64123462,-1.0113833039569327,0.3524404371654238,0.019487999543408137,0.9805120004565918
independent_seed,37,2,1,0,0,2,1591276742,64123462,1.2605971491867496,0.6839195520795653,4.830703656729865e-06,0.9999951692963432
independent_seed,37,3,0,1,0,2,1591276742,64123462,-1.0113833039569327,0.3524404371654238,0.019487999543408137,0.9805120004565918
independent_seed,37,4,0,0,1,2,1591276742,64123462,-1.0113833039569327,0.3524404371654238,0.019487999543408137,0.9805120004565918
independent_seed,37,5,1,1,0,2,1591276742,64123462,1.2605971491867496,0.6839195520795653,4.830703656729865e-06,0.9999951692963432
independent_seed,37,6,1,0,1,2,1591276742,64123462,1.2605971491867496,0.6839195520795653,4.830703656729865e-06,0.9999951692963432
independent_seed,37,7,0,1,1,2,1591276742,64123462,-1.0113833039569327,0.3524404371654238,0.019487999543408137,0.9805120004565918
independent_seed,37,8,1,1,1,2,1591276742,64123462,1.2605971491867496,0.6839195520795653,4.830703656729865e-06,0.9999951692963432
independent_seed,38,1,0,0,0,2,1408444138,2008668348,-0.5986726276896308,0.4126544101753626,0.002671894202779075,0.997328105797221
independent_seed,38,2,1,0,0,2,1408444138,2008668348,-0.21057673846511435,0.46927711645083053,0.00024043384240870886,0.9997595661575913
independent_seed,38,3,0,1,0,2,1408444138,2008668348,-0.5986726276896308,0.4126544101753626,0.002671894202779075,0.997328105797221
independent_seed,38,4,0,0,1,2,1408444138,2008668348,-0.5986726276896308,0.4126544101753626,0.002671894202779075,0.997328105797221
independent_seed,38,5,1,1,0,2,1408444138,2008668348,-0.21057673846511435,0.46927711645083053,0.00024043384240870886,0.9997595661575913
independent_seed,38,6,1,0,1,2,1408444138,2008668348,-0.21057673846511435,0.46927711645083053,0.00024043384240870886,0.9997595661575913
independent_seed,38,7,0,1,1,2,1408444138,2008668348,-0.5986726276896308,0.4126544101753626,0.002671894202779075,0.997328105797221
independent_seed,38,8,1,1,1,2,1408444138,2008668348,-0.21057673846511435,0.46927711645083053,0.00024043384240870886,0.9997595661575913
independent_seed,39,1,0,0,0,2,1653631190,587999763,-1.8260949005145828,0.23357503118733017,0.3038539421797718,0.6961460578202282
independent_seed,39,2,1,0,0,2,1653631190,587999763,1.1863681248008613,0.6730896299865611,0.01687430125098096,0.983125698749019
independent_seed,39,3,0,1,0,2,1653631190,587999763,-1.8260949005145828,0.23357503118733017,0.3038539421797718,0.6961460578202282
independent_seed,39,4,0,0,1,2,1653631190,587999763,-1.8260949005145828,0.23357503118733017,0.3038539421797718,0.6961460578202282
independent_seed,39,5,1,1,0,2,1653631190,587999763,1.1863681248008613,0.6730896299865611,0.01687430125098096,0.983125698749019
independent_seed,39,6,1,0,1,2,1653631190,587999763,1.1863681248008613,0.6730896299865611,0.01687430125098096,0.983125698749019
independent_seed,39,7,0,1,1,2,1653631190,587999763,-1.8260949005145828,0.23357503118733017,0.3038539421797718,0.6961460578202282
independent_seed,39,8,1,1,1,2,1653631190,587999763,1.1863681248008613,0.6730896299865611,0.01687430125098096,0.983125698749019
independent_seed,40,1,0,0,0,2,435390140,1104808288,0.3990894529794725,0.5582266535181492,0.10936745463777682,0.8906325453622231
independent_seed,40,2,1,0,0,2,435390140,1104808288,-0.47805467542637137,0.43025241899786754,0.10637351367978559,0.8936264863202144
independent_seed,40,3,0,1,0,2,435390140,1104808288,0.3990894529794725,0.5582266535181492,0.10936745463777682,0.8906325453622231
independent_seed,40,4,0,0,1,2,435390140,1104808288,0.3990894529794725,0.5582266535181492,0.10936745463777682,0.8906325453622231
independent_seed,40,5,1,1,0,2,435390140,1104808288,-0.47805467542637137,0.43025241899786754,0.10637351367978559,0.8936264863202144
independent_seed,40,6,1,0,1,2,435390140,1104808288,-0.47805467542637137,0.43025241899786754,0.10637351367978559,0.8936264863202144
independent_seed,40,7,0,1,1,2,435390140,1104808288,0.3990894529794725,0.5582266535181492,0.10936745463777682,0.8906325453622231
independent_seed,40,8,1,1,1,2,435390140,1104808288,-0.47805467542637137,0.43025241899786754,0.10637351367978559,0.8936264863202144
independent_seed,41,1,0,0,0,2,55597484,424739468,0.5144875968478878,0.575063098805039,0.001380994977209708,0.9986190050227903
independent_seed,41,2,1,0,0,2,55597484,424739468,-0.8365270779338377,0.37795174249340896,0.0061548575169428025,0.9938451424830572
independent_seed,41,3,0,1,0,2,55597484,424739468,0.5144875968478878,0.575063098805039,0.001380994977209708,0.9986190050227903
independent_seed,41,4,0,0,1,2,55597484,424739468,0.5144875968478878,0.575063098805039,0.001380994977209708,0.9986190050227903
independent_seed,41,5,1,1,0,2,55597484,424739468,-0.8365270779338377,0.37795174249340896,0.0061548575169428025,0.9938451424830572
independent_seed,41,6,1,0,1,2,55597484,424739468,-0.8365270779338377,0.37795174249340896,0.0061548575169428025,0.9938451424830572
independent_seed,41,7,0,1,1,2,55597484,424739468,0.5144875968478878,0.575063098805039,0.001380994977209708,0.9986190050227903
independent_seed,41,8,1,1,1,2,55597484,424739468,-0.8365270779338377,0.37795174249340896,0.0061548575169428025,0.9938451424830572
independent_seed,42,1,0,0,0,2,372727143,140345461,-0.3383274160553418,0.45063845189775464,0.0029956191925896297,0.9970043808074104
independent_seed,42,2,1,0,0,2,372727143,140345461,1.0287676503887058,0.6500959173003867,0.006358981452450187,0.9936410185475498
independent_seed,42,3,0,1,0,2,372727143,140345461,-0.3383274160553418,0.45063845189775464,0.0029956191925896297,0.9970043808074104
independent_seed,42,4,0,0,1,2,372727143,140345461,-0.3383274160553418,0.45063845189775464,0.0029956191925896297,0.9970043808074104
independent_seed,42,5,1,1,0,2,372727143,140345461,1.0287676503887058,0.6500959173003867,0.006358981452450187,0.9936410185475498
independent_seed,42,6,1,0,1,2,372727143,140345461,1.0287676503887058,0.6500959173003867,0.006358981452450187,0.9936410185475498
independent_seed,42,7,0,1,1,2,372727143,140345461,-0.3383274160553418,0.45063845189775464,0.0029956191925896297,0.9970043808074104
independent_seed,42,8,1,1,1,2,372727143,140345461,1.0287676503887058,0.6500959173003867,0.006358981452450187,0.9936410185475498
independent_seed,43,1,0,0,0,2,1217650009,1228953753,0.08551373816072064,0.5124763477605161,0.0018844880606102958,0.9981155119393897
independent_seed,43,2,1,0,0,2,1217650009,1228953753,0.6508799843541416,0.5949625780584993,0.18918335358098123,0.8108166464190187
independent_seed,43,3,0,1,0,2,1217650009,1228953753,0.08551373816072064,0.5124763477605161,0.0018844880606102958,0.9981155119393897
independent_seed,43,4,0,0,1,2,1217650009,1228953753,0.08551373816072064,0.5124763477605161,0.0018844880606102958,0.9981155119393897
independent_seed,43,5,1,1,0,2,1217650009,1228953753,0.6508799843541416,0.5949625780584993,0.18918335358098123,0.8108166464190187
independent_seed,43,6,1,0,1,2,1217650009,1228953753,0.6508799843541416,0.5949625780584993,0.18918335358098123,0.8108166464190187
independent_seed,43,7,0,1,1,2,1217650009,1228953753,0.08551373816072064,0.5124763477605161,0.0018844880606102958,0.9981155119393897
independent_seed,43,8,1,1,1,2,1217650009,1228953753,0.6508799843541416,0.5949625780584993,0.18918335358098123,0.8108166464190187
independent_seed,44,1,0,0,0,2,723272878,632922989,1.5797972459833898,0.7304904481540693,0.004200250808916539,0.9957997491910835
independent_seed,44,2,1,0,0,2,723272878,632922989,-0.6049695884916044,0.4117356914467753,0.0004100625697670371,0.9995899374302329
independent_seed,44,3,0,1,0,2,723272878,632922989,1.5797972459833898,0.7304904481540693,0.004200250808916539,0.9957997491910835
independent_seed,44,4,0,0,1,2,723272878,632922989,1.5797972459833898,0.7304904481540693,0.004200250808916539,0.9957997491910835
independent_seed,44,5,1,1,0,2,723272878,632922989,-0.6049695884916044,0.4117356914467753,0.0004100625697670371,0.9995899374302329
independent_seed,44,6,1,0,1,2,723272878,632922989,-0.6049695884916044,0.4117356914467753,0.0004100625697670371,0.9995899374302329
independent_seed,44,7,0,1,1,2,723272878,632922989,1.5797972459833898,0.7304904481540693,0.004200250808916539,0.9957997491910835
independent_seed,44,8,1,1,1,2,723272878,632922989,-0.6049695884916044,0.4117356914467753,0.0004100625697670371,0.9995899374302329
independent_seed,45,1,0,0,0,2,280330423,1278064605,1.7932854069399453,0.7616381046141449,0.00011515312409365927,0.9998848468759063
independent_seed,45,2,1,0,0,2,280330423,1278064605,0.47179846843326784,0.5688348082034388,0.0012169110592674167,0.9987830889407325
independent_seed,45,3,0,1,0,2,280330423,1278064605,1.7932854069399453,0.7616381046141449,0.00011515312409365927,0.9998848468759063
independent_seed,45,4,0,0,1,2,280330423,1278064605,1.7932854069399453,0.7616381046141449,0.00011515312409365927,0.9998848468759063
independent_seed,45,5,1,1,0,2,280330423,1278064605,0.47179846843326784,0.5688348082034388,0.0012169110592674167,0.9987830889407325
independent_seed,45,6,1,0,1,2,280330423,1278064605,0.47179846843326784,0.5688348082034388,0.0012169110592674167,0.9987830889407325
independent_seed,45,7,0,1,1,2,280330423,1278064605,1.7932854069399453,0.7616381046141449,0.00011515312409365927,0.9998848468759063
independent_seed,45,8,1,1,1,2,280330423,1278064605,0.47179846843326784,0.5688348082034388,0.0012169110592674167,0.9987830889407325
independent_seed,46,1,0,0,0,2,905861570,1116043554,1.0153059653676775,0.6481318742427764,0.010405617114521823,0.9895943828854782
independent_seed,46,2,1,0,0,2,905861570,1116043554,2.27744843448777,0.8322768865735751,0.010527096690962483,0.9894729033090375
independent_seed,46,3,0,1,0,2,905861570,1116043554,1.0153059653676775,0.6481318742427764,0.010405617114521823,0.9895943828854782
independent_seed,46,4,0,0,1,2,905861570,1116043554,1.0153059653676775,0.6481318742427764,0.010405617114521823,0.9895943828854782
independent_seed,46,5,1,1,0,2,905861570,1116043554,2.27744843448777,0.8322768865735751,0.010527096690962483,0.9894729033090375
independent_seed,46,6,1,0,1,2,905861570,1116043554,2.27744843448777,0.8322768865735751,0.010527096690962483,0.9894729033090375
independent_seed,46,7,0,1,1,2,905861570,1116043554,1.0153059653676775,0.6481318742427764,0.010405617114521823,0.9895943828854782
independent_seed,46,8,1,1,1,2,905861570,1116043554,2.27744843448777,0.8322768865735751,0.010527096690962483,0.9894729033090375
independent_seed,47,1,0,0,0,2,845585878,1178736763,0.6424512346457132,0.5937328339868383,0.02078844750331592,0.9792115524966841
independent_seed,47,2,1,0,0,2,845585878,1178736763,2.720430759392636,0.896907455370457,0.0006181268699897329,0.9993818731300103
independent_seed,47,3,0,1,0,2,845585878,1178736763,0.6424512346457132,0.5937328339868383,0.02078844750331592,0.9792115524966841
independent_seed,47,4,0,0,1,2,845585878,1178736763,0.6424512346457132,0.5937328339868383,0.02078844750331592,0.9792115524966841
independent_seed,47,5,1,1,0,2,845585878,1178736763,2.720430759392636,0.896907455370457,0.0006181268699897329,0.9993818731300103
independent_seed,47,6,1,0,1,2,845585878,1178736763,2.720430759392636,0.896907455370457,0.0006181268699897329,0.9993818731300103
independent_seed,47,7,0,1,1,2,845585878,1178736763,0.6424512346457132,0.5937328339868383,0.02078844750331592,0.9792115524966841
independent_seed,47,8,1,1,1,2,845585878,1178736763,2.720430759392636,0.896907455370457,0.0006181268699897329,0.9993818731300103
independent_seed,48,1,0,0,0,2,1481735547,1500095633,1.2063647370057788,0.676007110771132,0.012584680465658606,0.9874153195343414
independent_seed,48,2,1,0,0,2,1481735547,1500095633,-1.2029654917647723,0.3244888348706125,0.02178174898359119,0.9782182510164088
independent_seed,48,3,0,1,0,2,1481735547,1500095633,1.2063647370057788,0.676007110771132,0.012584680465658606,0.9874153195343414
independent_seed,48,4,0,0,1,2,1481735547,1500095633,1.2063647370057788,0.676007110771132,0.012584680465658606,0.9874153195343414
independent_seed,48,5,1,1,0,2,1481735547,1500095633,-1.2029654917647723,0.3244888348706125,0.02178174898359119,0.9782182510164088
independent_seed,48,6,1,0,1,2,1481735547,1500095633,-1.2029654917647723,0.3244888348706125,0.02178174898359119,0.9782182510164088
independent_seed,48,7,0,1,1,2,1481735547,1500095633,1.2063647370057788,0.676007110771132,0.012584680465658606,0.9874153195343414
independent_seed,48,8,1,1,1,2,1481735547,1500095633,-1.2029654917647723,0.3244888348706125,0.02178174898359119,0.9782182510164088
independent_seed,49,1,0,0,0,2,253277389,920538212,0.32382095029007674,0.5472450728369108,0.0607091340477137,0.9392908659522863
independent_seed,49,2,1,0,0,2,253277389,920538212,0.6680384472513554,0.5974659763982981,0.0384929899193945,0.9615070100806055
independent_seed,49,3,0,1,0,2,253277389,920538212,0.32382095029007674,0.5472450728369108,0.0607091340477137,0.9392908659522863
independent_seed,49,4,0,0,1,2,253277389,920538212,0.32382095029007674,0.5472450728369108,0.0607091340477137,0.9392908659522863
independent_seed,49,5,1,1,0,2,253277389,920538212,0.6680384472513554,0.5974659763982981,0.0384929899193945,0.9615070100806055
independent_seed,49,6,1,0,1,2,253277389,920538212,0.6680384472513554,0.5974659763982981,0.0384929899193945,0.9615070100806055
independent_seed,49,7,0,1,1,2,253277389,920538212,0.32382095029007674,0.5472450728369108,0.0607091340477137,0.9392908659522863
independent_seed,49,8,1,1,1,2,253277389,920538212,0.6680384472513554,0.5974659763982981,0.0384929899193945,0.9615070100806055
independent_seed,0,1,0,0,0,3,1452578414,981428792,0.40687016708714036,0.5593618500037707,0.03999153989557459,0.9600084601044254
independent_seed,0,2,1,0,0,3,1452578414,981428792,-0.884140922510563,0.3710049419449651,0.04108280453288734,0.9589171954671126
independent_seed,0,3,0,1,0,3,1452578414,981428792,0.40687016708714036,0.5593618500037707,0.03999153989557459,0.9600084601044254
independent_seed,0,4,0,0,1,3,1452578414,981428792,1.09365437070724,0.6595628088799812,0.0009854874462583256,0.9990145125537416
independent_seed,0,5,1,1,0,3,1452578414,981428792,-0.884140922510563,0.3710049419449651,0.04108280453288734,0.9589171954671126
independent_seed,0,6,1,0,1,3,1452578414,981428792,-1.3967063547559109,0.29622228455846367,0.018191816325002087,0.9818081836749979
independent_seed,0,7,0,1,1,3,1452578414,981428792,1.09365437070724,0.6595628088799812,0.0009854874462583256,0.9990145125537416
independent_seed,0,8,1,1,1,3,1452578414,981428792,-1.3967063547559109,0.29622228455846367,0.018191816325002087,0.9818081836749979
independent_seed,1,1,0,0,0,3,1922936989,785924062,1.1736140053978694,0.6712288198702755,0.0002034377319956638,0.9997965622680043
independent_seed,1,2,1,0,0,3,1922936989,785924062,1.269132595418872,0.6851648630409806,9.663990855678385e-05,0.9999033600914432
independent_seed,1,3,0,1,0,3,1922936989,785924062,1.1736140053978694,0.6712288198702755,0.0002034377319956638,0.9997965622680043
independent_seed,1,4,0,0,1,3,1922936989,785924062,2.087968795833105,0.8046320435782963,0.00032293737435815773,0.9996770626256418
independent_seed,1,5,1,1,0,3,1922936989,785924062,1.269132595418872,0.6851648630409806,9.663990855678385e-05,0.9999033600914432
independent_seed,1,6,1,0,1,3,1922936989,785924062,-0.057429377510020724,0.4916211254367303,9.57369123699235e-05,0.99990426308763
independent_seed,1,7,0,1,1,3,1922936989,785924062,2.087968795833105,0.8046320435782963,0.00032293737435815773,0.9996770626256418
independent_seed,1,8,1,1,1,3,1922936989,785924062,-0.057429377510020724,0.4916211254367303,9.57369123699235e-05,0.99990426308763
independent_seed,2,1,0,0,0,3,2003587735,872213275,0.8184917546511624,0.6194169263300137,0.04305004043014202,0.956949959569858
independent_seed,2,2,1,0,0,3,2003587735,872213275,-0.24031000716016077,0.4649390696261314,0.05449490171766926,0.9455050982823308
independent_seed,2,3,0,1,0,3,2003587735,872213275,0.8184917546511624,0.6194169263300137,0.04305004043014202,0.956949959569858
independent_seed,2,4,0,0,1,3,2003587735,872213275,0.8851340015796716,0.6291399470528309,0.030619998237283935,0.9693800017627161
independent_seed,2,5,1,1,0,3,2003587735,872213275,-0.24031000716016077,0.4649390696261314,0.05449490171766926,0.9455050982823308
independent_seed,2,6,1,0,1,3,2003587735,872213275,-0.9801389461740139,0.35699895000368886,0.20635032435612066,0.7936496756438793
independent_seed,2,7,0,1,1,3,2003587735,872213275,0.8851340015796716,0.6291399470528309,0.030619998237283935,0.9693800017627161
independent_seed,2,8,1,1,1,3,2003587735,872213275,-0.9801389461740139,0.35699895000368886,0.20635032435612066,0.7936496756438793
independent_seed,3,1,0,0,0,3,62618481,628799440,1.47081416644764,0.7145899527536171,0.04911137458917557,0.9508886254108244
independent_seed,3,2,1,0,0,3,62618481,628799440,-0.10405746971618185,0.4848181449299011,0.10262277227518378,0.8973772277248162
independent_seed,3,3,0,1,0,3,62618481,628799440,1.47081416644764,0.7145899527536171,0.04911137458917557,0.9508886254108244
independent_seed,3,4,0,0,1,3,62618481,628799440,1.7488281525085672,0.7551518466315839,0.018542953072882683,0.9814570469271173
independent_seed,3,5,1,1,0,3,62618481,628799440,-0.10405746971618185,0.4848181449299011,0.10262277227518378,0.8973772277248162
independent_seed,3,6,1,0,1,3,62618481,628799440,-1.8891758596675017,0.2243715979099831,0.33327121420612,0.66672878579388
independent_seed,3,7,0,1,1,3,62618481,628799440,1.7488281525085672,0.7551518466315839,0.018542953072882683,0.9814570469271173
independent_seed,3,8,1,1,1,3,62618481,628799440,-1.8891758596675017,0.2243715979099831,0.33327121420612,0.66672878579388
independent_seed,4,1,0,0,0,3,395976947,692052330,0.951673454339437,0.6388479702346146,0.007469743653982935,0.9925302563460171
independent_seed,4,2,1,0,0,3,395976947,692052330,-0.25103466330719026,0.4633743556681144,4.6842294302620544e-08,0.9999999531577057
independent_seed,4,3,0,1,0,3,395976947,692052330,0.951673454339437,0.6388479702346146,0.007469743653982935,0.9925302563460171
independent_seed,4,4,0,0,1,3,395976947,692052330,1.0104864494691692,0.6474287128832048,0.0020674624244582675,0.9979325375755417
independent_seed,4,5,1,1,0,3,395976947,692052330,-0.25103466330719026,0.4633743556681144,4.6842294302620544e-08,0.9999999531577057
independent_seed,4,6,1,0,1,3,395976947,692052330,0.538845311268259,0.5786168589644736,0.015120431082024047,0.9848795689179759
independent_seed,4,7,0,1,1,3,395976947,692052330,1.0104864494691692,0.6474287128832048,0.0020674624244582675,0.9979325375755417
independent_seed,4,8,1,1,1,3,395976947,692052330,0.538845311268259,0.5786168589644736,0.015120431082024047,0.9848795689179759
independent_seed,5,1,0,0,0,3,1427528918,982408173,1.820242608166672,0.7655711266570211,0.0013549995476454624,0.9986450004523545
independent_seed,5,2,1,0,0,3,1427528918,982408173,0.6521668497999578,0.5951503301222999,0.0073193525587697,0.9926806474412303
independent_seed,5,3,0,1,0,3,1427528918,982408173,1.820242608166672,0.7655711266570211,0.0013549995476454624,0.9986450004523545
independent_seed,5,4,0,0,1,3,1427528918,982408173,1.4561605890016351,0.7124520140775135,0.00479698300653724,0.9952030169934628
independent_seed,5,5,1,1,0,3,1427528918,982408173,0.6521668497999578,0.5951503301222999,0.0073193525587697,0.9926806474412303
independent_seed,5,6,1,0,1,3,1427528918,982408173,-0.2878935451006629,0.4579966907781196,0.022856054729075478,0.9771439452709245
independent_seed,5,7,0,1,1,3,1427528918,982408173,1.4561605890016351,0.7124520140775135,0.00479698300653724,0.9952030169934628
independent_seed,5,8,1,1,1,3,1427528918,982408173,-0.2878935451006629,0.4579966907781196,0.022856054729075478,0.9771439452709245
independent_seed,6,1,0,0,0,3,488752754,1337111677,1.0217832355754455,0.64907689988882,0.0024328389002679644,0.997567161099732
independent_seed,6,2,1,0,0,3,488752754,1337111677,0.4432313027167628,0.564666894349158,0.006650676610829317,0.9933493233891707
independent_seed,6,3,0,1,0,3,488752754,1337111677,1.0217832355754455,0.64907689988882,0.0024328389002679644,0.997567161099732
independent_seed,6,4,0,0,1,3,488752754,1337111677,1.0229626650160728,0.6492489771734383,0.003816723070806324,0.9961832769291937
independent_seed,6,5,1,1,0,3,488752754,1337111677,0.4432313027167628,0.564666894349158,0.006650676610829317,0.9933493233891707
independent_seed,6,6,1,0,1,3,488752754,1337111677,1.321157254618323,0.692755195942517,0.0009790338400266696,0.9990209661599734
independent_seed,6,7,0,1,1,3,488752754,1337111677,1.0229626650160728,0.6492489771734383,0.003816723070806324,0.9961832769291937
independent_seed,6,8,1,1,1,3,488752754,1337111677,1.321157254618323,0.692755195942517,0.0009790338400266696,0.9990209661599734
independent_seed,7,1,0,0,0,3,533409384,540589113,0.3203558488589881,0.5467395188591574,0.1032157799360343,0.8967842200639657
independent_seed,7,2,1,0,0,3,533409384,540589113,0.25826375363651977,0.5376803595961324,0.0014450580675364171,0.9985549419324636
independent_seed,7,3,0,1,0,3,533409384,540589113,0.3203558488589881,0.5467395188591574,0.1032157799360343,0.8967842200639657
independent_seed,7,4,0,0,1,3,533409384,540589113,0.6435410379921217,0.5938918349360754,0.055250749588802245,0.9447492504111977
independent_seed,7,5,1,1,0,3,533409384,540589113,0.25826375363651977,0.5376803595961324,0.0014450580675364171,0.9985549419324636
independent_seed,7,6,1,0,1,3,533409384,540589113,-1.4397324692198534,0.2899448281124947,0.06579804171177303,0.9342019582882269
independent_seed,7,7,0,1,1,3,533409384,540589113,0.6435410379921217,0.5938918349360754,0.055250749588802245,0.9447492504111977
independent_seed,7,8,1,1,1,3,533409384,540589113,-1.4397324692198534,0.2899448281124947,0.06579804171177303,0.9342019582882269
independent_seed,8,1,0,0,0,3,1626629069,982910845,0.6217491161832085,0.5907124207190642,0.011774221510751425,0.9882257784892485
independent_seed,8,2,1,0,0,3,1626629069,982910845,-1.1606317607866978,0.3306652734294076,0.00012987509241891453,0.9998701249075811
independent_seed,8,3,0,1,0,3,1626629069,982910845,0.6217491161832085,0.5907124207190642,0.011774221510751425,0.9882257784892485
independent_seed,8,4,0,0,1,3,1626629069,982910845,0.11737135985503289,0.5171243350387025,0.014134337556068919,0.985865662443931
independent_seed,8,5,1,1,0,3,1626629069,982910845,-1.1606317607866978,0.3306652734294076,0.00012987509241891453,0.9998701249075811
independent_seed,8,6,1,0,1,3,1626629069,982910845,-0.587312213720994,0.41431188040675093,0.00403187241873787,0.9959681275812622
independent_seed,8,7,0,1,1,3,1626629069,982910845,0.11737135985503289,0.5171243350387025,0.014134337556068919,0.985865662443931
independent_seed,8,8,1,1,1,3,1626629069,982910845,-0.587312213720994,0.41431188040675093,0.00403187241873787,0.9959681275812622
independent_seed,9,1,0,0,0,3,1638340149,769645704,0.797962534958118,0.6164217387770959,0.0012879697700885115,0.9987120302299115
independent_seed,9,2,1,0,0,3,1638340149,769645704,0.9806442751577411,0.6430747768648829,0.017615447457809234,0.9823845525421908
independent_seed,9,3,0,1,0,3,1638340149,769645704,0.797962534958118,0.6164217387770959,0.0012879697700885115,0.9987120302299115
independent_seed,9,4,0,0,1,3,1638340149,769645704,0.5726074290224152,0.5835427098428513,0.0002748647853627455,0.9997251352146372
independent_seed,9,5,1,1,0,3,1638340149,769645704,0.9806442751577411,0.6430747768648829,0.017615447457809234,0.9823845525421908
independent_seed,9,6,1,0,1,3,1638340149,769645704,0.49490360555052654,0.572205818896335,0.002232507089803278,0.9977674929101967
independent_seed,9,7,0,1,1,3,1638340149,769645704,0.5726074290224152,0.5835427098428513,0.0002748647853627455,0.9997251352146372
independent_seed,9,8,1,1,1,3,1638340149,769645704,0.49490360555052654,0.572205818896335,0.002232507089803278,0.9977674929101967
independent_seed,10,1,0,0,0,3,1363907757,1883592816,-0.13718669030698327,0.47998463295842303,0.030099905898271925,0.9699000941017281
independent_seed,10,2,1,0,0,3,1363907757,1883592816,0.508975848520357,0.5742589415972993,0.031584903230415726,0.9684150967695843
independent_seed,10,3,0,1,0,3,1363907757,1883592816,-0.13718669030698327,0.47998463295842303,0.030099905898271925,0.9699000941017281
independent_seed,10,4,0,0,1,3,1363907757,1883592816,-0.20235466143609027,0.4704767072362907,0.026681218790703332,0.9733187812092967
independent_seed,10,5,1,1,0,3,1363907757,1883592816,0.508975848520357,0.5742589415972993,0.031584903230415726,0.9684150967695843
independent_seed,10,6,1,0,1,3,1363907757,1883592816,1.3437672239995528,0.6960539622802095,0.003191408037936503,0.9968085919620635
independent_seed,10,7,0,1,1,3,1363907757,1883592816,-0.20235466143609027,0.4704767072362907,0.026681218790703332,0.9733187812092967
independent_seed,10,8,1,1,1,3,1363907757,1883592816,1.3437672239995528,0.6960539622802095,0.003191408037936503,0.9968085919620635
independent_seed,11,1,0,0,0,3,569325534,1588385524,0.9574804049991867,0.6396951970945027,0.009930820759349084,0.990069179240651
independent_seed,11,2,1,0,0,3,569325534,1588385524,1.078140294382289,0.6572993244904966,0.06471475065679984,0.9352852493432001
independent_seed,11,3,0,1,0,3,569325534,1588385524,0.9574804049991867,0.6396951970945027,0.009930820759349084,0.990069179240651
independent_seed,11,4,0,0,1,3,569325534,1588385524,0.9574353528194837,0.6396886240376648,0.010114414780622085,0.9898855852193779
independent_seed,11,5,1,1,0,3,569325534,1588385524,1.078140294382289,0.6572993244904966,0.06471475065679984,0.9352852493432001
independent_seed,11,6,1,0,1,3,569325534,1588385524,1.065562740833445,0.6554642751121503,0.03641153457593295,0.9635884654240671
independent_seed,11,7,0,1,1,3,569325534,1588385524,0.9574353528194837,0.6396886240376648,0.010114414780622085,0.9898855852193779
independent_seed,11,8,1,1,1,3,569325534,1588385524,1.065562740833445,0.6554642751121503,0.03641153457593295,0.9635884654240671
independent_seed,12,1,0,0,0,3,492631251,1818966930,-1.788791026195732,0.23901761993186416,0.001093199927863829,0.9989068000721362
independent_seed,12,2,1,0,0,3,492631251,1818966930,-0.6214045629854208,0.4093378491628292,0.11396644205373603,0.8860335579462639
independent_seed,12,3,0,1,0,3,492631251,1818966930,-1.788791026195732,0.23901761993186416,0.001093199927863829,0.9989068000721362
independent_seed,12,4,0,0,1,3,492631251,1818966930,-2.8259737315595435,0.08769395660433092,0.049321890311141474,0.9506781096888586
independent_seed,12,5,1,1,0,3,492631251,1818966930,-0.6214045629854208,0.4093378491628292,0.11396644205373603,0.8860335579462639
independent_seed,12,6,1,0,1,3,492631251,1818966930,-1.925784144163832,0.21903049485314213,0.2569419225234019,0.743058077476598
independent_seed,12,7,0,1,1,3,492631251,1818966930,-2.8259737315595435,0.08769395660433092,0.049321890311141474,0.9506781096888586
independent_seed,12,8,1,1,1,3,492631251,1818966930,-1.925784144163832,0.21903049485314213,0.2569419225234019,0.743058077476598
independent_seed,13,1,0,0,0,3,1447343338,80811739,0.9467988364592796,0.6381367695646338,0.032674941530941325,0.9673250584690587
independent_seed,13,2,1,0,0,3,1447343338,80811739,0.28964117290121394,0.5422582859386583,0.002301063680060614,0.9976989363199393
independent_seed,13,3,0,1,0,3,1447343338,80811739,0.9467988364592796,0.6381367695646338,0.032674941530941325,0.9673250584690587
independent_seed,13,4,0,0,1,3,1447343338,80811739,0.7954704089800202,0.6160581407046163,0.05311684139253693,0.9468831586074631
independent_seed,13,5,1,1,0,3,1447343338,80811739,0.28964117290121394,0.5422582859386583,0.002301063680060614,0.9976989363199393
independent_seed,13,6,1,0,1,3,1447343338,80811739,0.9833952833008229,0.6434761455224031,0.0074975606329057524,0.9925024393670943
independent_seed,13,7,0,1,1,3,1447343338,80811739,0.7954704089800202,0.6160581407046163,0.05311684139253693,0.9468831586074631
independent_seed,13,8,1,1,1,3,1447343338,80811739,0.9833952833008229,0.6434761455224031,0.0074975606329057524,0.9925024393670943
independent_seed,14,1,0,0,0,3,1733898305,1361156909,1.4783164850720998,0.7156845316854029,1.2363214468471728e-05,0.9999876367855315
independent_seed,14,2,1,0,0,3,1733898305,1361156909,1.721684190950533,0.7511915764892633,0.0038717249133360136,0.996128275086664
independent_seed,14,3,0,1,0,3,1733898305,1361156909,1.4783164850720998,0.7156845316854029,1.2363214468471728e-05,0.9999876367855315
independent_seed,14,4,0,0,1,3,1733898305,1361156909,1.2016227083046758,0.6753152546970341,4.205153731608767e-05,0.9999579484626839
independent_seed,14,5,1,1,0,3,1733898305,1361156909,1.721684190950533,0.7511915764892633,0.0038717249133360136,0.996128275086664
independent_seed,14,6,1,0,1,3,1733898305,1361156909,2.1782086407428216,0.8177979244199526,0.00023114489552571337,0.9997688551044743
independent_seed,14,7,0,1,1,3,1733898305,1361156909,1.2016227083046758,0.6753152546970341,4.205153731608767e-05,0.9999579484626839
independent_seed,14,8,1,1,1,3,1733898305,1361156909,2.1782086407428216,0.8177979244199526,0.00023114489552571337,0.9997688551044743
independent_seed,15,1,0,0,0,3,1755771793,952934093,-0.5832546231460402,0.41490387781175,0.0010677428457980891,0.9989322571542019
independent_seed,15,2,1,0,0,3,1755771793,952934093,-1.4287691832451355,0.29154435786479593,0.15286698959977535,0.8471330104002246
independent_seed,15,3,0,1,0,3,1755771793,952934093,-0.5832546231460402,0.41490387781175,0.0010677428457980891,0.9989322571542019
independent_seed,15,4,0,0,1,3,1755771793,952934093,-0.5044204945237266,0.4264056788702028,0.003506606287275359,0.9964933937127246
independent_seed,15,5,1,1,0,3,1755771793,952934093,-1.4287691832451355,0.29154435786479593,0.15286698959977535,0.8471330104002246
independent_seed,15,6,1,0,1,3,1755771793,952934093,-1.6016629314275914,0.2663193756065157,0.1764479627044492,0.8235520372955508
independent_seed,15,7,0,1,1,3,1755771793,952934093,-0.5044204945237266,0.4264056788702028,0.003506606287275359,0.9964933937127246
independent_seed,15,8,1,1,1,3,1755771793,952934093,-1.6016629314275914,0.2663193756065157,0.1764479627044492,0.8235520372955508
independent_seed,16,1,0,0,0,3,463968571,570703549,-0.10330307960359242,0.4849282095065902,0.010015479302644488,0.9899845206973555
independent_seed,16,2,1,0,0,3,463968571,570703549,1.083515484317429,0.6580835579990771,0.0024135859398264387,0.9975864140601736
independent_seed,16,3,0,1,0,3,463968571,570703549,-0.10330307960359242,0.4849282095065902,0.010015479302644488,0.9899845206973555
independent_seed,16,4,0,0,1,3,463968571,570703549,0.6610588562975006,0.5964476627818032,0.00018009799497113052,0.9998199020050289
independent_seed,16,5,1,1,0,3,463968571,570703549,1.083515484317429,0.6580835579990771,0.0024135859398264387,0.9975864140601736
independent_seed,16,6,1,0,1,3,463968571,570703549,0.7936090294691592,0.6157865677551547,0.000678765347211174,0.9993212346527889
independent_seed,16,7,0,1,1,3,463968571,570703549,0.6610588562975006,0.5964476627818032,0.00018009799497113052,0.9998199020050289
independent_seed,16,8,1,1,1,3,463968571,570703549,0.7936090294691592,0.6157865677551547,0.000678765347211174,0.9993212346527889
independent_seed,17,1,0,0,0,3,848930299,440515450,0.6281802416522282,0.5916507139052678,0.06871420934078679,0.9312857906592132
independent_seed,17,2,1,0,0,3,848930299,440515450,-0.3943763265460521,0.4424609857511356,0.11902664666151065,0.8809733533384894
independent_seed,17,3,0,1,0,3,848930299,440515450,0.6281802416522282,0.5916507139052678,0.06871420934078679,0.9312857906592132
independent_seed,17,4,0,0,1,3,848930299,440515450,0.7035328594550938,0.6026445668766682,0.029364271837392368,0.9706357281626077
independent_seed,17,5,1,1,0,3,848930299,440515450,-0.3943763265460521,0.4424609857511356,0.11902664666151065,0.8809733533384894
independent_seed,17,6,1,0,1,3,848930299,440515450,-1.5478143068982995,0.274175822775159,0.3788672376511781,0.6211327623488219
independent_seed,17,7,0,1,1,3,848930299,440515450,0.7035328594550938,0.6026445668766682,0.029364271837392368,0.9706357281626077
independent_seed,17,8,1,1,1,3,848930299,440515450,-1.5478143068982995,0.274175822775159,0.3788672376511781,0.6211327623488219
independent_seed,18,1,0,0,0,3,1718074372,995900404,0.23028322661365436,0.5335980355957048,0.042938792812989166,0.9570612071870108
independent_seed,18,2,1,0,0,3,1718074372,995900404,0.5949852637281619,0.5868076080208668,0.00035508068324622443,0.9996449193167538
independent_seed,18,3,0,1,0,3,1718074372,995900404,0.23028322661365436,0.5335980355957048,0.042938792812989166,0.9570612071870108
independent_seed,18,4,0,0,1,3,1718074372,995900404,0.8312355448339984,0.6212762294259593,1.2352665160653317e-08,0.9999999876473349
independent_seed,18,5,1,1,0,3,1718074372,995900404,0.5949852637281619,0.5868076080208668,0.00035508068324622443,0.9996449193167538
independent_seed,18,6,1,0,1,3,1718074372,995900404,-0.35430148421539454,0.4483078552731465,0.13740512449697148,0.8625948755030285
independent_seed,18,7,0,1,1,3,1718074372,995900404,0.8312355448339984,0.6212762294259593,1.2352665160653317e-08,0.9999999876473349
independent_seed,18,8,1,1,1,3,1718074372,995900404,-0.35430148421539454,0.4483078552731465,0.13740512449697148,0.8625948755030285
independent_seed,19,1,0,0,0,3,571364841,250146112,1.1251593076351014,0.6641593398905465,8.171027675574641e-05,0.9999182897232443
independent_seed,19,2,1,0,0,3,571364841,250146112,-1.8644493652393372,0.22797916261267953,0.24427199700758914,0.7557280029924108
independent_seed,19,3,0,1,0,3,571364841,250146112,1.1251593076351014,0.6641593398905465,8.171027675574641e-05,0.9999182897232443
independent_seed,19,4,0,0,1,3,571364841,250146112,1.2271819087051465,0.6790443101626911,0.00028844462437274513,0.9997115553756273
independent_seed,19,5,1,1,0,3,571364841,250146112,-1.8644493652393372,0.22797916261267953,0.24427199700758914,0.7557280029924108
independent_seed,19,6,1,0,1,3,571364841,250146112,-2.7393312327500654,0.10033498913591628,0.2907001540813519,0.7092998459186481
independent_seed,19,7,0,1,1,3,571364841,250146112,1.2271819087051465,0.6790443101626911,0.00028844462437274513,0.9997115553756273
independent_seed,19,8,1,1,1,3,571364841,250146112,-2.7393312327500654,0.10033498913591628,0.2907001540813519,0.7092998459186481
independent_seed,20,1,0,0,0,3,197985006,1479221335,-1.5541093385442606,0.27325738550802825,0.28409726477613134,0.7159027352238687
independent_seed,20,2,1,0,0,3,197985006,1479221335,-1.2204403399520847,0.32193927631152613,0.06143489287323971,0.9385651071267603
independent_seed,20,3,0,1,0,3,197985006,1479221335,-1.5541093385442606,0.27325738550802825,0.28409726477613134,0.7159027352238687
independent_seed,20,4,0,0,1,3,197985006,1479221335,-1.1907190372093897,0.3262755773186989,0.17221941099325536,0.8277805890067447
independent_seed,20,5,1,1,0,3,197985006,1479221335,-1.2204403399520847,0.32193927631152613,0.06143489287323971,0.9385651071267603
independent_seed,20,6,1,0,1,3,197985006,1479221335,-0.9730438541500747,0.3580341150822772,0.04621845965701406,0.9537815403429859
independent_seed,20,7,0,1,1,3,197985006,1479221335,-1.1907190372093897,0.3262755773186989,0.17221941099325536,0.8277805890067447
independent_seed,20,8,1,1,1,3,197985006,1479221335,-0.9730438541500747,0.3580341150822772,0.04621845965701406,0.9537815403429859
independent_seed,21,1,0,0,0,3,1630026920,1842317664,-0.9149219064711714,0.3665140347695398,0.0003547561207033156,0.9996452438792967
independent_seed,21,2,1,0,0,3,1630026920,1842317664,-0.6926149738609401,0.39894833901672383,0.06426666741653712,0.9357333325834629
independent_seed,21,3,0,1,0,3,1630026920,1842317664,-0.9149219064711714,0.3665140347695398,0.0003547561207033156,0.9996452438792967
independent_seed,21,4,0,0,1,3,1630026920,1842317664,-0.6621728697023421,0.40338980405162483,0.0016051594686690472,0.998394840531331
independent_seed,21,5,1,1,0,3,1630026920,1842317664,-0.6926149738609401,0.39894833901672383,0.06426666741653712,0.9357333325834629
independent_seed,21,6,1,0,1,3,1630026920,1842317664,-1.3404051511347617,0.30443655995819974,0.12026142687225488,0.8797385731277452
independent_seed,21,7,0,1,1,3,1630026920,1842317664,-0.6621728697023421,0.40338980405162483,0.0016051594686690472,0.998394840531331
independent_seed,21,8,1,1,1,3,1630026920,1842317664,-1.3404051511347617,0.30443655995819974,0.12026142687225488,0.8797385731277452
independent_seed,22,1,0,0,0,3,189746570,1944571778,0.4033804240586595,0.5588527008476862,0.024716749750747138,0.9752832502492529
independent_seed,22,2,1,0,0,3,189746570,1944571778,0.3194692344604362,0.5466101629240323,0.015525125091011316,0.9844748749089887
independent_seed,22,3,0,1,0,3,189746570,1944571778,0.4033804240586595,0.5588527008476862,0.024716749750747138,0.9752832502492529
independent_seed,22,4,0,0,1,3,189746570,1944571778,0.2780490299235177,0.5405670067338183,0.009943161363582607,0.9900568386364174
independent_seed,22,5,1,1,0,3,189746570,1944571778,0.3194692344604362,0.5466101629240323,0.015525125091011316,0.9844748749089887
independent_seed,22,6,1,0,1,3,189746570,1944571778,-0.8968229042419866,0.36915465662500435,0.012124602287929415,0.9878753977120706
independent_seed,22,7,0,1,1,3,189746570,1944571778,0.2780490299235177,0.5405670067338183,0.009943161363582607,0.9900568386364174
independent_seed,22,8,1,1,1,3,189746570,1944571778,-0.8968229042419866,0.36915465662500435,0.012124602287929415,0.9878753977120706
independent_seed,23,1,0,0,0,3,1175279326,1900974602,-0.928467510043171,0.3645377480999907,0.007867948119225797,0.9921320518807742
independent_seed,23,2,1,0,0,3,1175279326,1900974602,-0.760674393568775,0.3890185545526423,0.02706777917085064,0.9729322208291493
independent_seed,23,3,0,1,0,3,1175279326,1900974602,-0.928467510043171,0.3645377480999907,0.007867948119225797,0.9921320518807742
independent_seed,23,4,0,0,1,3,1175279326,1900974602,-0.5530358942368142,0.41931275267632045,0.01065807636203678,0.9893419236379632
independent_seed,23,5,1,1,0,3,1175279326,1900974602,-0.760674393568775,0.3890185545526423,0.02706777917085064,0.9729322208291493
independent_seed,23,6,1,0,1,3,1175279326,1900974602,-0.6442407262428652,0.4060060814206647,0.006192432549819085,0.993807567450181
independent_seed,23,7,0,1,1,3,1175279326,1900974602,-0.5530358942368142,0.41931275267632045,0.01065807636203678,0.9893419236379632
independent_seed,23,8,1,1,1,3,1175279326,1900974602,-0.6442407262428652,0.4060060814206647,0.006192432549819085,0.993807567450181
independent_seed,24,1,0,0,0,3,2041497647,1350784032,-0.674047154847353,0.40165736065640983,0.046340684303084946,0.9536593156969151
independent_seed,24,2,1,0,0,3,2041497647,1350784032,1.2254952385606255,0.6787982270919127,0.0032862392071220992,0.9967137607928779
independent_seed,24,3,0,1,0,3,2041497647,1350784032,-0.674047154847353,0.40165736065640983,0.046340684303084946,0.9536593156969151
independent_seed,24,4,0,0,1,3,2041497647,1350784032,-0.8777881383143561,0.3719318052371582,0.023680963944246795,0.9763190360557532
independent_seed,24,5,1,1,0,3,2041497647,1350784032,1.2254952385606255,0.6787982270919127,0.0032862392071220992,0.9967137607928779
independent_seed,24,6,1,0,1,3,2041497647,1350784032,1.5273723181094423,0.7228417165520659,0.0002026792260382315,0.9997973207739618
independent_seed,24,7,0,1,1,3,2041497647,1350784032,-0.8777881383143561,0.3719318052371582,0.023680963944246795,0.9763190360557532
independent_seed,24,8,1,1,1,3,2041497647,1350784032,1.5273723181094423,0.7228417165520659,0.0002026792260382315,0.9997973207739618
independent_seed,25,1,0,0,0,3,1888800756,1318549743,0.5852512605851701,0.5853874291007772,0.02575281098613638,0.9742471890138636
independent_seed,25,2,1,0,0,3,1888800756,1318549743,-0.690502545115638,0.3992565397364277,0.13592140960711235,0.8640785903928876
independent_seed,25,3,0,1,0,3,1888800756,1318549743,0.5852512605851701,0.5853874291007772,0.02575281098613638,0.9742471890138636
independent_seed,25,4,0,0,1,3,1888800756,1318549743,0.8016369069095395,0.616957825062802,0.0036161597487795365,0.9963838402512205
independent_seed,25,5,1,1,0,3,1888800756,1318549743,-0.690502545115638,0.3992565397364277,0.13592140960711235,0.8640785903928876
independent_seed,25,6,1,0,1,3,1888800756,1318549743,1.3448672013887029,0.6962144476095954,0.017357013176923317,0.9826429868230767
independent_seed,25,7,0,1,1,3,1888800756,1318549743,0.8016369069095395,0.616957825062802,0.0036161597487795365,0.9963838402512205
independent_seed,25,8,1,1,1,3,1888800756,1318549743,1.3448672013887029,0.6962144476095954,0.017357013176923317,0.9826429868230767
independent_seed,26,1,0,0,0,3,54141106,1926508227,-0.30292583141058904,0.4558034989510264,0.14758936933192812,0.8524106306680719
independent_seed,26,2,1,0,0,3,54141106,1926508227,0.1532886924332859,0.5223646290723252,0.0018817578692338654,0.9981182421307662
independent_seed,26,3,0,1,0,3,54141106,1926508227,-0.30292583141058904,0.4558034989510264,0.14758936933192812,0.8524106306680719
independent_seed,26,4,0,0,1,3,54141106,1926508227,-0.33488731932344346,0.4511403577210776,0.18413039199377837,0.8158696080062217
independent_seed,26,5,1,1,0,3,54141106,1926508227,0.1532886924332859,0.5223646290723252,0.0018817578692338654,0.9981182421307662
independent_seed,26,6,1,0,1,3,54141106,1926508227,-0.18809085593730185,0.472557778671348,0.016174061067914716,0.9838259389320853
independent_seed,26,7,0,1,1,3,54141106,1926508227,-0.33488731932344346,0.4511403577210776,0.18413039199377837,0.8158696080062217
independent_seed,26,8,1,1,1,3,54141106,1926508227,-0.18809085593730185,0.472557778671348,0.016174061067914716,0.9838259389320853
independent_seed,27,1,0,0,0,3,266914700,1081452481,-0.3499392668512321,0.44894429734681607,0.00014426333118320117,0.9998557366688168
independent_seed,27,2,1,0,0,3,266914700,1081452481,-1.4221238229554998,0.2925139076441728,0.002862449450692961,0.9971375505493071
independent_seed,27,3,0,1,0,3,266914700,1081452481,-0.3499392668512321,0.44894429734681607,0.00014426333118320117,0.9998557366688168
independent_seed,27,4,0,0,1,3,266914700,1081452481,-0.33137200734546823,0.4516532373550084,0.0006201976260052953,0.9993798023739947
independent_seed,27,5,1,1,0,3,266914700,1081452481,-1.4221238229554998,0.2925139076441728,0.002862449450692961,0.9971375505493071
independent_seed,27,6,1,0,1,3,266914700,1081452481,-0.8729573080529961,0.3726366173481605,7.44073505674195e-05,0.9999255926494326
independent_seed,27,7,0,1,1,3,266914700,1081452481,-0.33137200734546823,0.4516532373550084,0.0006201976260052953,0.9993798023739947
independent_seed,27,8,1,1,1,3,266914700,1081452481,-0.8729573080529961,0.3726366173481605,7.44073505674195e-05,0.9999255926494326
independent_seed,28,1,0,0,0,3,1583706340,1824294648,-0.14085407765705008,0.4794495657173447,0.15556908296764027,0.8444309170323597
independent_seed,28,2,1,0,0,3,1583706340,1824294648,-0.5138332112778524,0.42503237523359894,5.645425510852204e-05,0.9999435457448915
independent_seed,28,3,0,1,0,3,1583706340,1824294648,-0.14085407765705008,0.4794495657173447,0.15556908296764027,0.8444309170323597
independent_seed,28,4,0,0,1,3,1583706340,1824294648,-0.8474803952768364,0.3763536671520446,0.2116620928065441,0.7883379071934559
independent_seed,28,5,1,1,0,3,1583706340,1824294648,-0.5138332112778524,0.42503237523359894,5.645425510852204e-05,0.9999435457448915
independent_seed,28,6,1,0,1,3,1583706340,1824294648,-0.36651916366137494,0.44652531107763876,5.834228650460059e-05,0.9999416577134954
independent_seed,28,7,0,1,1,3,1583706340,1824294648,-0.8474803952768364,0.3763536671520446,0.2116620928065441,0.7883379071934559
independent_seed,28,8,1,1,1,3,1583706340,1824294648,-0.36651916366137494,0.44652531107763876,5.834228650460059e-05,0.9999416577134954
independent_seed,29,1,0,0,0,3,1330657846,1410009039,0.23211921509350042,0.5338659040254045,0.12493796323672827,0.8750620367632718
independent_seed,29,2,1,0,0,3,1330657846,1410009039,1.547998866597764,0.7258511042548438,0.0038195556790915795,0.9961804443209085
independent_seed,29,3,0,1,0,3,1330657846,1410009039,0.23211921509350042,0.5338659040254045,0.12493796323672827,0.8750620367632718
independent_seed,29,4,0,0,1,3,1330657846,1410009039,0.22078763282914976,0.5322126403037177,0.10070521683217999,0.89929478316782
independent_seed,29,5,1,1,0,3,1330657846,1410009039,1.547998866597764,0.7258511042548438,0.0038195556790915795,0.9961804443209085
independent_seed,29,6,1,0,1,3,1330657846,1410009039,0.39121537583880506,0.5570778354824382,0.00021739282400024557,0.9997826071759998
independent_seed,29,7,0,1,1,3,1330657846,1410009039,0.22078763282914976,0.5322126403037177,0.10070521683217999,0.89929478316782
independent_seed,29,8,1,1,1,3,1330657846,1410009039,0.39121537583880506,0.5570778354824382,0.00021739282400024557,0.9997826071759998
independent_seed,30,1,0,0,0,3,1163570231,1907233984,2.021600170838854,0.7949489439544759,0.0027902070564738103,0.9972097929435262
independent_seed,30,2,1,0,0,3,1163570231,1907233984,0.7862686995377849,0.6147156227716875,0.07571442617783511,0.9242855738221649
independent_seed,30,3,0,1,0,3,1163570231,1907233984,2.021600170838854,0.7949489439544759,0.0027902070564738103,0.9972097929435262
independent_seed,30,4,0,0,1,3,1163570231,1907233984,1.9996374354107598,0.7917446082434337,0.0038072658587753,0.9961927341412247
independent_seed,30,5,1,1,0,3,1163570231,1907233984,0.7862686995377849,0.6147156227716875,0.07571442617783511,0.9242855738221649
independent_seed,30,6,1,0,1,3,1163570231,1907233984,0.3896333970711402,0.5568470267529912,0.08316199428368248,0.9168380057163175
independent_seed,30,7,0,1,1,3,1163570231,1907233984,1.9996374354107598,0.7917446082434337,0.0038072658587753,0.9961927341412247
independent_seed,30,8,1,1,1,3,1163570231,1907233984,0.3896333970711402,0.5568470267529912,0.08316199428368248,0.9168380057163175
independent_seed,31,1,0,0,0,3,2956845,573148714,-0.18172527472897249,0.4734865090316517,0.16660303833230608,0.833396961667694
independent_seed,31,2,1,0,0,3,2956845,573148714,-1.3704029917048186,0.3000599124268624,0.010818341191419738,0.9891816588085802
independent_seed,31,3,0,1,0,3,2956845,573148714,-0.18172527472897249,0.4734865090316517,0.16660303833230608,0.833396961667694
independent_seed,31,4,0,0,1,3,2956845,573148714,-0.023188838901413072,0.4966167773211732,0.14288543302843035,0.8571145669715696
independent_seed,31,5,1,1,0,3,2956845,573148714,-1.3704029917048186,0.3000599124268624,0.010818341191419738,0.9891816588085802
independent_seed,31,6,1,0,1,3,2956845,573148714,-1.3194619199683755,0.3074921512687984,0.0036586603495222803,0.9963413396504777
independent_seed,31,7,0,1,1,3,2956845,573148714,-0.023188838901413072,0.4966167773211732,0.14288543302843035,0.8571145669715696
independent_seed,31,8,1,1,1,3,2956845,573148714,-1.3194619199683755,0.3074921512687984,0.0036586603495222803,0.9963413396504777
independent_seed,32,1,0,0,0,3,889849542,624922146,2.107895504104503,0.8075393254661382,0.012981296791950505,0.9870187032080495
independent_seed,32,2,1,0,0,3,889849542,624922146,0.41689306291595474,0.5608241780064677,0.014460191729409438,0.9855398082705905
independent_seed,32,3,0,1,0,3,889849542,624922146,2.107895504104503,0.8075393254661382,0.012981296791950505,0.9870187032080495
independent_seed,32,4,0,0,1,3,889849542,624922146,2.166261557766256,0.816054859911894,0.01576865575380721,0.9842313442461927
independent_seed,32,5,1,1,0,3,889849542,624922146,0.41689306291595474,0.5608241780064677,0.014460191729409438,0.9855398082705905
independent_seed,32,6,1,0,1,3,889849542,624922146,1.041200389021013,0.651909838362997,9.402061346077175e-06,0.999990597938654
independent_seed,32,7,0,1,1,3,889849542,624922146,2.166261557766256,0.816054859911894,0.01576865575380721,0.9842313442461927
independent_seed,32,8,1,1,1,3,889849542,624922146,1.041200389021013,0.651909838362997,9.402061346077175e-06,0.999990597938654
independent_seed,33,1,0,0,0,3,1132876061,892594828,-0.32962961166276317,0.451907450712317,2.1180862004413687e-05,0.9999788191379956
independent_seed,33,2,1,0,0,3,1132876061,892594828,1.7740531377166913,0.7588321405174496,0.0009198781994712325,0.9990801218005287
independent_seed,33,3,0,1,0,3,1132876061,892594828,-0.32962961166276317,0.451907450712317,2.1180862004413687e-05,0.9999788191379956
independent_seed,33,4,0,0,1,3,1132876061,892594828,-0.18784079602935852,0.47259426210008787,0.00023684077424638802,0.9997631592257537
independent_seed,33,5,1,1,0,3,1132876061,892594828,1.7740531377166913,0.7588321405174496,0.0009198781994712325,0.9990801218005287
independent_seed,33,6,1,0,1,3,1132876061,892594828,1.937550018513487,0.7826861315422207,0.0004208331021186021,0.9995791668978814
independent_seed,33,7,0,1,1,3,1132876061,892594828,-0.18784079602935852,0.47259426210008787,0.00023684077424638802,0.9997631592257537
independent_seed,33,8,1,1,1,3,1132876061,892594828,1.937550018513487,0.7826861315422207,0.0004208331021186021,0.9995791668978814
independent_seed,34,1,0,0,0,3,941873425,2110832865,-0.16976200544334996,0.4752319351020171,0.028375720735228458,0.9716242792647716
independent_seed,34,2,1,0,0,3,941873425,2110832865,-0.4586838763339328,0.4330785944297277,0.01769933955787874,0.9823006604421213
independent_seed,34,3,0,1,0,3,941873425,2110832865,-0.16976200544334996,0.4752319351020171,0.028375720735228458,0.9716242792647716
independent_seed,34,4,0,0,1,3,941873425,2110832865,-0.3855192896735681,0.44375321638595056,0.03647905799008561,0.9635209420099143
independent_seed,34,5,1,1,0,3,941873425,2110832865,-0.4586838763339328,0.4330785944297277,0.01769933955787874,0.9823006604421213
independent_seed,34,6,1,0,1,3,941873425,2110832865,-1.1062758810380604,0.33859572850199726,0.025707425237756355,0.9742925747622436
independent_seed,34,7,0,1,1,3,941873425,2110832865,-0.3855192896735681,0.44375321638595056,0.03647905799008561,0.9635209420099143
independent_seed,34,8,1,1,1,3,941873425,2110832865,-1.1062758810380604,0.33859572850199726,0.025707425237756355,0.9742925747622436
independent_seed,35,1,0,0,0,3,668087494,237920300,-1.107248368539885,0.33845384378819005,0.0006769122753985117,0.9993230877246014
independent_seed,35,2,1,0,0,3,668087494,237920300,-1.2431921340495662,0.3186198179245904,0.009026139321623402,0.9909738606783766
independent_seed,35,3,0,1,0,3,668087494,237920300,-1.107248368539885,0.33845384378819005,0.0006769122753985117,0.9993230877246014
independent_seed,35,4,0,0,1,3,668087494,237920300,-0.9672166614292853,0.3588842952336288,0.0014224145070954103,0.9985775854929045
independent_seed,35,5,1,1,0,3,668087494,237920300,-1.2431921340495662,0.3186198179245904,0.009026139321623402,0.9909738606783766
independent_seed,35,6,1,0,1,3,668087494,237920300,-0.5214374000666214,0.4239229335718745,0.0047148665676410295,0.9952851334323589
independent_seed,35,7,0,1,1,3,668087494,237920300,-0.9672166614292853,0.3588842952336288,0.0014224145070954103,0.9985775854929045
independent_seed,35,8,1,1,1,3,668087494,237920300,-0.5214374000666214,0.4239229335718745,0.0047148665676410295,0.9952851334323589
independent_seed,36,1,0,0,0,3,1054718930,2010549907,0.36854320441904065,0.5537699939448905,0.07685703391070758,0.9231429660892925
independent_seed,36,2,1,0,0,3,1054718930,2010549907,-0.55634973258589,0.4188292677936049,0.06714225821635729,0.9328577417836427
independent_seed,36,3,0,1,0,3,1054718930,2010549907,0.36854320441904065,0.5537699939448905,0.07685703391070758,0.9231429660892925
independent_seed,36,4,0,0,1,3,1054718930,2010549907,0.3473309640638378,0.5506751545291027,0.0006334596211829258,0.9993665403788171
independent_seed,36,5,1,1,0,3,1054718930,2010549907,-0.55634973258589,0.4188292677936049,0.06714225821635729,0.9328577417836427
independent_seed,36,6,1,0,1,3,1054718930,2010549907,-0.8330498013514634,0.37845907281055247,0.030706311814877176,0.9692936881851228
independent_seed,36,7,0,1,1,3,1054718930,2010549907,0.3473309640638378,0.5506751545291027,0.0006334596211829258,0.9993665403788171
independent_seed,36,8,1,1,1,3,1054718930,2010549907,-0.8330498013514634,0.37845907281055247,0.030706311814877176,0.9692936881851228
independent_seed,37,1,0,0,0,3,1131820699,482588805,-0.6916472825678388,0.39908952396965924,0.020211180204752866,0.9797888197952471
independent_seed,37,2,1,0,0,3,1131820699,482588805,-0.5479171913276746,0.4200595650476515,0.03016810621166878,0.9698318937883312
independent_seed,37,3,0,1,0,3,1131820699,482588805,-0.6916472825678388,0.39908952396965924,0.020211180204752866,0.9797888197952471
independent_seed,37,4,0,0,1,3,1131820699,482588805,-0.7159148022373241,0.39554892311190454,0.01749446097286865,0.9825055390271313
independent_seed,37,5,1,1,0,3,1131820699,482588805,-0.5479171913276746,0.4200595650476515,0.03016810621166878,0.9698318937883312
independent_seed,37,6,1,0,1,3,1131820699,482588805,-0.4392832896383455,0.4359091158357416,0.0723693812964356,0.9276306187035644
independent_seed,37,7,0,1,1,3,1131820699,482588805,-0.7159148022373241,0.39554892311190454,0.01749446097286865,0.9825055390271313
independent_seed,37,8,1,1,1,3,1131820699,482588805,-0.4392832896383455,0.4359091158357416,0.0723693812964356,0.9276306187035644
independent_seed,38,1,0,0,0,3,1684412120,1131892524,-0.7464781312556767,0.3910897715211349,0.001765157708514601,0.9982348422914854
independent_seed,38,2,1,0,0,3,1684412120,1131892524,2.0385666201980324,0.7974243277585197,2.1326340624264385e-06,0.9999978673659375
independent_seed,38,3,0,1,0,3,1684412120,1131892524,-0.7464781312556767,0.3910897715211349,0.001765157708514601,0.9982348422914854
independent_seed,38,4,0,0,1,3,1684412120,1131892524,-0.7783845096339603,0.38643467070355747,0.0007907499781293674,0.9992092500218707
independent_seed,38,5,1,1,0,3,1684412120,1131892524,2.0385666201980324,0.7974243277585197,2.1326340624264385e-06,0.9999978673659375
independent_seed,38,6,1,0,1,3,1684412120,1131892524,1.3677646920185693,0.69955516293892,0.02532581234317101,0.974674187656829
independent_seed,38,7,0,1,1,3,1684412120,1131892524,-0.7783845096339603,0.38643467070355747,0.0007907499781293674,0.9992092500218707
independent_seed,38,8,1,1,1,3,1684412120,1131892524,1.3677646920185693,0.69955516293892,0.02532581234317101,0.974674187656829
independent_seed,39,1,0,0,0,3,1816577144,1958882418,-1.0705752250576508,0.34380440969019416,0.0013231680061916158,0.9986768319938084
independent_seed,39,2,1,0,0,3,1816577144,1958882418,-2.071761133857688,0.19773263409267808,0.21943725442094272,0.7805627455790572
independent_seed,39,3,0,1,0,3,1816577144,1958882418,-1.0705752250576508,0.34380440969019416,0.0013231680061916158,0.9986768319938084
independent_seed,39,4,0,0,1,3,1816577144,1958882418,0.3434098469446518,0.5501030684311152,0.010072678792071754,0.9899273212079283
independent_seed,39,5,1,1,0,3,1816577144,1958882418,-2.071761133857688,0.19773263409267808,0.21943725442094272,0.7805627455790572
independent_seed,39,6,1,0,1,3,1816577144,1958882418,-1.8134368285175664,0.2354218281068568,0.23475862501456982,0.7652413749854302
independent_seed,39,7,0,1,1,3,1816577144,1958882418,0.3434098469446518,0.5501030684311152,0.010072678792071754,0.9899273212079283
independent_seed,39,8,1,1,1,3,1816577144,1958882418,-1.8134368285175664,0.2354218281068568,0.23475862501456982,0.7652413749854302
independent_seed,40,1,0,0,0,3,46675014,81013114,0.10580868235560875,0.5154373548103984,0.0014798970957988432,0.9985201029042011
independent_seed,40,2,1,0,0,3,46675014,81013114,0.6534501483420919,0.5953375617793015,0.0012436806994124221,0.9987563193005876
independent_seed,40,3,0,1,0,3,46675014,81013114,0.10580868235560875,0.5154373548103984,0.0014798970957988432,0.9985201029042011
independent_seed,40,4,0,0,1,3,46675014,81013114,0.05458382411405932,0.5079637118712541,0.0003647612309916881,0.9996352387690083
independent_seed,40,5,1,1,0,3,46675014,81013114,0.6534501483420919,0.5953375617793015,0.0012436806994124221,0.9987563193005876
independent_seed,40,6,1,0,1,3,46675014,81013114,1.9215871202800665,0.7803571645959791,0.010094525520938634,0.9899054744790614
independent_seed,40,7,0,1,1,3,46675014,81013114,0.05458382411405932,0.5079637118712541,0.0003647612309916881,0.9996352387690083
independent_seed,40,8,1,1,1,3,46675014,81013114,1.9215871202800665,0.7803571645959791,0.010094525520938634,0.9899054744790614
independent_seed,41,1,0,0,0,3,1244341947,297915661,0.016383640236318775,0.5023903526797919,0.012458950216741458,0.9875410497832585
independent_seed,41,2,1,0,0,3,1244341947,297915661,1.9448326139317746,0.7837486531322245,7.369803727908124e-05,0.9999263019627209
independent_seed,41,3,0,1,0,3,1244341947,297915661,0.016383640236318775,0.5023903526797919,0.012458950216741458,0.9875410497832585
independent_seed,41,4,0,0,1,3,1244341947,297915661,0.03438886836678179,0.5050172930111908,0.00948296552454031,0.9905170344754597
independent_seed,41,5,1,1,0,3,1244341947,297915661,1.9448326139317746,0.7837486531322245,7.369803727908124e-05,0.9999263019627209
independent_seed,41,6,1,0,1,3,1244341947,297915661,1.5079253787189841,0.720004432345673,0.00013862483115984842,0.9998613751688401
independent_seed,41,7,0,1,1,3,1244341947,297915661,0.03438886836678179,0.5050172930111908,0.00948296552454031,0.9905170344754597
independent_seed,41,8,1,1,1,3,1244341947,297915661,1.5079253787189841,0.720004432345673,0.00013862483115984842,0.9998613751688401
independent_seed,42,1,0,0,0,3,66585529,1326233488,-0.728266932624269,0.3937467626917728,0.12258226480655654,0.8774177351934435
independent_seed,42,2,1,0,0,3,66585529,1326233488,-0.7518935428189197,0.3902996697271711,0.009596622525132846,0.9904033774748672
independent_seed,42,3,0,1,0,3,66585529,1326233488,-0.728266932624269,0.3937467626917728,0.12258226480655654,0.8774177351934435
independent_seed,42,4,0,0,1,3,66585529,1326233488,-0.717503811637817,0.39531708862189524,0.12647399215223212,0.8735260078477679
independent_seed,42,5,1,1,0,3,66585529,1326233488,-0.7518935428189197,0.3902996697271711,0.009596622525132846,0.9904033774748672
independent_seed,42,6,1,0,1,3,66585529,1326233488,-0.5194189497293397,0.4242174229590409,0.009887825338603669,0.9901121746613963
independent_seed,42,7,0,1,1,3,66585529,1326233488,-0.717503811637817,0.39531708862189524,0.12647399215223212,0.8735260078477679
independent_seed,42,8,1,1,1,3,66585529,1326233488,-0.5194189497293397,0.4242174229590409,0.009887825338603669,0.9901121746613963
independent_seed,43,1,0,0,0,3,1860608047,1629819228,0.4530489784887484,0.5660992810014767,0.00888864903961142,0.9911113509603886
independent_seed,43,2,1,0,0,3,1860608047,1629819228,-0.5371562713650644,0.42162956985114025,0.0037559726619067427,0.9962440273380933
independent_seed,43,3,0,1,0,3,1860608047,1629819228,0.4530489784887484,0.5660992810014767,0.00888864903961142,0.9911113509603886
independent_seed,43,4,0,0,1,3,1860608047,1629819228,0.4543036459043547,0.5662823354128212,0.00792041269083343,0.9920795873091666
independent_seed,43,5,1,1,0,3,1860608047,1629819228,-0.5371562713650644,0.42162956985114025,0.0037559726619067427,0.9962440273380933
independent_seed,43,6,1,0,1,3,1860608047,1629819228,-1.0809262198900278,0.34229421245202263,0.02482531614258667,0.9751746838574133
independent_seed,43,7,0,1,1,3,1860608047,1629819228,0.4543036459043547,0.5662823354128212,0.00792041269083343,0.9920795873091666
independent_seed,43,8,1,1,1,3,1860608047,1629819228,-1.0809262198900278,0.34229421245202263,0.02482531614258667,0.9751746838574133
independent_seed,44,1,0,0,0,3,1354001854,1239219076,1.6949022948763386,0.7472841312495331,0.00045394711140271063,0.9995460528885973
independent_seed,44,2,1,0,0,3,1354001854,1239219076,1.6169434968642182,0.7359100398355549,0.007474875117966807,0.9925251248820331
independent_seed,44,3,0,1,0,3,1354001854,1239219076,1.6949022948763386,0.7472841312495331,0.00045394711140271063,0.9995460528885973
independent_seed,44,4,0,0,1,3,1354001854,1239219076,1.7193998131053747,0.7508582886103141,1.775491886748895e-05,0.9999822450811325
independent_seed,44,5,1,1,0,3,1354001854,1239219076,1.6169434968642182,0.7359100398355549,0.007474875117966807,0.9925251248820331
independent_seed,44,6,1,0,1,3,1354001854,1239219076,1.151677118708899,0.6680282554580376,9.64464770866204e-06,0.9999903553522913
independent_seed,44,7,0,1,1,3,1354001854,1239219076,1.7193998131053747,0.7508582886103141,1.775491886748895e-05,0.9999822450811325
independent_seed,44,8,1,1,1,3,1354001854,1239219076,1.151677118708899,0.6680282554580376,9.64464770866204e-06,0.9999903553522913
independent_seed,45,1,0,0,0,3,859891519,1432530826,0.12014941737284612,0.517529650166265,0.15401499324869217,0.8459850067513078
independent_seed,45,2,1,0,0,3,859891519,1432530826,0.22633981408805537,0.5330226966257245,0.06581713371294429,0.9341828662870557
independent_seed,45,3,0,1,0,3,859891519,1432530826,0.12014941737284612,0.517529650166265,0.15401499324869217,0.8459850067513078
independent_seed,45,4,0,0,1,3,859891519,1432530826,0.3455538763372457,0.5504158796458524,0.10059063735880396,0.8994093626411961
independent_seed,45,5,1,1,0,3,859891519,1432530826,0.22633981408805537,0.5330226966257245,0.06581713371294429,0.9341828662870557
independent_seed,45,6,1,0,1,3,859891519,1432530826,1.5202796708529336,0.7218069081619969,0.008539304551029492,0.9914606954489705
independent_seed,45,7,0,1,1,3,859891519,1432530826,0.3455538763372457,0.5504158796458524,0.10059063735880396,0.8994093626411961
independent_seed,45,8,1,1,1,3,859891519,1432530826,1.5202796708529336,0.7218069081619969,0.008539304551029492,0.9914606954489705
independent_seed,46,1,0,0,0,3,1063087668,766569470,2.4920627549512413,0.8635888483013693,0.004329687883878668,0.9956703121161213
independent_seed,46,2,1,0,0,3,1063087668,766569470,2.6629291511202884,0.8885180424290369,0.0008795040075482111,0.9991204959924518
independent_seed,46,3,0,1,0,3,1063087668,766569470,2.4920627549512413,0.8635888483013693,0.004329687883878668,0.9956703121161213
independent_seed,46,4,0,0,1,3,1063087668,766569470,2.7122982680913204,0.8957209350309546,0.005581330621541574,0.9944186693784585
independent_seed,46,5,1,1,0,3,1063087668,766569470,2.6629291511202884,0.8885180424290369,0.0008795040075482111,0.9991204959924518
independent_seed,46,6,1,0,1,3,1063087668,766569470,2.0165832440987033,0.7942169805992837,0.0064546110943649385,0.993545388905635
independent_seed,46,7,0,1,1,3,1063087668,766569470,2.7122982680913204,0.8957209350309546,0.005581330621541574,0.9944186693784585
independent_seed,46,8,1,1,1,3,1063087668,766569470,2.0165832440987033,0.7942169805992837,0.0064546110943649385,0.993545388905635
independent_seed,47,1,0,0,0,3,933866323,1319339738,1.9351975550139149,0.7823429100511965,0.005748872913166761,0.9942511270868333
independent_seed,47,2,1,0,0,3,933866323,1319339738,0.789649791436217,0.6152089198633877,0.0004371675056859913,0.999562832494314
independent_seed,47,3,0,1,0,3,933866323,1319339738,1.9351975550139149,0.7823429100511965,0.005748872913166761,0.9942511270868333
independent_seed,47,4,0,0,1,3,933866323,1319339738,1.9980772525714467,0.7915169795127533,0.022602083491811132,0.9773979165081889
independent_seed,47,5,1,1,0,3,933866323,1319339738,0.789649791436217,0.6152089198633877,0.0004371675056859913,0.999562832494314
independent_seed,47,6,1,0,1,3,933866323,1319339738,0.6768318760784007,0.5987489266986039,0.023100924064283258,0.9768990759357168
independent_seed,47,7,0,1,1,3,933866323,1319339738,1.9980772525714467,0.7915169795127533,0.022602083491811132,0.9773979165081889
independent_seed,47,8,1,1,1,3,933866323,1319339738,0.6768318760784007,0.5987489266986039,0.023100924064283258,0.9768990759357168
independent_seed,48,1,0,0,0,3,288301376,48440514,-0.23982038897867058,0.4650105043082484,5.709619090000572e-06,0.99999429038091
independent_seed,48,2,1,0,0,3,288301376,48440514,-0.5459742672629917,0.4203430352458284,0.08345504141956865,0.9165449585804314
independent_seed,48,3,0,1,0,3,288301376,48440514,-0.23982038897867058,0.4650105043082484,5.709619090000572e-06,0.99999429038091
independent_seed,48,4,0,0,1,3,288301376,48440514,-0.29163329285527345,0.457451066244253,4.9158216004596926e-05,0.9999508417839954
independent_seed,48,5,1,1,0,3,288301376,48440514,-0.5459742672629917,0.4203430352458284,0.08345504141956865,0.9165449585804314
independent_seed,48,6,1,0,1,3,288301376,48440514,-1.5123336842289625,0.2793524013776557,0.11708220613157828,0.8829177938684217
independent_seed,48,7,0,1,1,3,288301376,48440514,-0.29163329285527345,0.457451066244253,4.9158216004596926e-05,0.9999508417839954
independent_seed,48,8,1,1,1,3,288301376,48440514,-1.5123336842289625,0.2793524013776557,0.11708220613157828,0.8829177938684217
independent_seed,49,1,0,0,0,3,1406718778,593204483,0.5824213088327919,0.5849745426691048,0.000154759954474371,0.9998452400455257
independent_seed,49,2,1,0,0,3,1406718778,593204483,-1.3332613240094418,0.30547883542730603,0.0022436337788183246,0.9977563662211817
independent_seed,49,3,0,1,0,3,1406718778,593204483,0.5824213088327919,0.5849745426691048,0.000154759954474371,0.9998452400455257
independent_seed,49,4,0,0,1,3,1406718778,593204483,0.31106992822657564,0.5453847146185944,0.08355974936085193,0.916440250639148
independent_seed,49,5,1,1,0,3,1406718778,593204483,-1.3332613240094418,0.30547883542730603,0.0022436337788183246,0.9977563662211817
independent_seed,49,6,1,0,1,3,1406718778,593204483,-0.8088667228666445,0.381987353804764,0.06372453315911045,0.9362754668408896
independent_seed,49,7,0,1,1,3,1406718778,593204483,0.31106992822657564,0.5453847146185944,0.08355974936085193,0.916440250639148
independent_seed,49,8,1,1,1,3,1406718778,593204483,-0.8088667228666445,0.381987353804764,0.06372453315911045,0.9362754668408896
independent_seed,0,1,0,0,0,4,283061841,643970910,-1.5726031176876158,0.27055916619308007,0.4695294401683677,0.5304705598316324
independent_seed,0,2,1,0,0,4,283061841,643970910,-1.4970921772824808,0.2815761182347206,0.26471805059316383,0.7352819494068361
independent_seed,0,3,0,1,0,4,283061841,643970910,-1.5726031176876158,0.27055916619308007,0.4695294401683677,0.5304705598316324
independent_seed,0,4,0,0,1,4,283061841,643970910,-1.5604555231535069,0.2723314850873429,0.4821288753732011,0.5178711246267989
independent_seed,0,5,1,1,0,4,283061841,643970910,-1.4970921772824808,0.2815761182347206,0.26471805059316383,0.7352819494068361
independent_seed,0,6,1,0,1,4,283061841,643970910,-1.9040653344218421,0.2221992421107613,0.37769190841558575,0.6223080915844142
independent_seed,0,7,0,1,1,4,283061841,643970910,-1.5604555231535069,0.2723314850873429,0.4821288753732011,0.5178711246267989
independent_seed,0,8,1,1,1,4,283061841,643970910,-1.9040653344218421,0.2221992421107613,0.37769190841558575,0.6223080915844142
independent_seed,1,1,0,0,0,4,128970177,1999489850,-2.334481386424862,0.15940207685989577,0.609040598536096,0.39095940146390395
independent_seed,1,2,1,0,0,4,128970177,1999489850,0.26111206319631125,0.5380959244090139,0.08273981759691121,0.9172601824030888
independent_seed,1,3,0,1,0,4,128970177,1999489850,-2.334481386424862,0.15940207685989577,0.609040598536096,0.39095940146390395
independent_seed,1,4,0,0,1,4,128970177,1999489850,-2.3014081719193937,0.16422741761336435,0.5338919768971295,0.4661080231028705
independent_seed,1,5,1,1,0,4,128970177,1999489850,0.26111206319631125,0.5380959244090139,0.08273981759691121,0.9172601824030888
independent_seed,1,6,1,0,1,4,128970177,1999489850,1.1977752168979727,0.6747539104986855,0.014499554110433872,0.9855004458895661
independent_seed,1,7,0,1,1,4,128970177,1999489850,-2.3014081719193937,0.16422741761336435,0.5338919768971295,0.4661080231028705
independent_seed,1,8,1,1,1,4,128970177,1999489850,1.1977752168979727,0.6747539104986855,0.014499554110433872,0.9855004458895661
independent_seed,2,1,0,0,0,4,237674930,1808699969,0.06556366503823624,0.5095656569700371,0.042247371483770176,0.9577526285162298
independent_seed,2,2,1,0,0,4,237674930,1808699969,-0.4569472509103514,0.43333196591342577,0.049621280631734925,0.9503787193682651
independent_seed,2,3,0,1,0,4,237674930,1808699969,0.06556366503823624,0.5095656569700371,0.042247371483770176,0.9577526285162298
independent_seed,2,4,0,0,1,4,237674930,1808699969,-0.17596150026271865,0.47432743653875015,0.05321865986977147,0.9467813401302285
independent_seed,2,5,1,1,0,4,237674930,1808699969,-0.4569472509103514,0.43333196591342577,0.049621280631734925,0.9503787193682651
independent_seed,2,6,1,0,1,4,237674930,1808699969,-0.35444698176009515,0.4482866273628126,0.060661686313490976,0.939338313686509
independent_seed,2,7,0,1,1,4,237674930,1808699969,-0.17596150026271865,0.47432743653875015,0.05321865986977147,0.9467813401302285
independent_seed,2,8,1,1,1,4,237674930,1808699969,-0.35444698176009515,0.4482866273628126,0.060661686313490976,0.939338313686509
independent_seed,3,1,0,0,0,4,1276588721,1210416098,0.1223601129797558,0.5178521878985368,0.1445855310277548,0.8554144689722452
independent_seed,3,2,1,0,0,4,1276588721,1210416098,-1.022862384801068,0.3507656535848798,0.33125711431916427,0.6687428856808357
independent_seed,3,3,0,1,0,4,1276588721,1210416098,0.1223601129797558,0.5178521878985368,0.1445855310277548,0.8554144689722452
independent_seed,3,4,0,0,1,4,1276588721,1210416098,-0.522154624273909,0.4238182914544224,0.15170330074360644,0.8482966992563936
independent_seed,3,5,1,1,0,4,1276588721,1210416098,-1.022862384801068,0.3507656535848798,0.33125711431916427,0.6687428856808357
independent_seed,3,6,1,0,1,4,1276588721,1210416098,-1.07253414719254,0.3435186053935241,0.4428080635696606,0.5571919364303394
independent_seed,3,7,0,1,1,4,1276588721,1210416098,-0.522154624273909,0.4238182914544224,0.15170330074360644,0.8482966992563936
independent_seed,3,8,1,1,1,4,1276588721,1210416098,-1.07253414719254,0.3435186053935241,0.4428080635696606,0.5571919364303394
independent_seed,4,1,0,0,0,4,1316520509,1053866273,-1.3565583841622049,0.302079823402861,0.001206139319161819,0.9987938606808382
independent_seed,4,2,1,0,0,4,1316520509,1053866273,0.5313672493616088,0.577525819057568,7.053379910886878e-05,0.9999294662008912
independent_seed,4,3,0,1,0,4,1316520509,1053866273,-1.3565583841622049,0.302079823402861,0.001206139319161819,0.9987938606808382
independent_seed,4,4,0,0,1,4,1316520509,1053866273,-0.47544498110773004,0.43063317014462266,0.003159688121688938,0.996840311878311
independent_seed,4,5,1,1,0,4,1316520509,1053866273,0.5313672493616088,0.577525819057568,7.053379910886878e-05,0.9999294662008912
independent_seed,4,6,1,0,1,4,1316520509,1053866273,-0.994472106064656,0.3549077598493463,0.0024249347987830567,0.997575065201217
independent_seed,4,7,0,1,1,4,1316520509,1053866273,-0.47544498110773004,0.43063317014462266,0.003159688121688938,0.996840311878311
independent_seed,4,8,1,1,1,4,1316520509,1053866273,-0.994472106064656,0.3549077598493463,0.0024249347987830567,0.997575065201217
independent_seed,5,1,0,0,0,4,1335239978,1259428701,-0.06427972310046809,0.49062166855758527,0.15308678464099512,0.8469132153590049
independent_seed,5,2,1,0,0,4,1335239978,1259428701,-1.5104938752201738,0.2796208272177639,0.17528689872155853,0.8247131012784414
independent_seed,5,3,0,1,0,4,1335239978,1259428701,-0.06427972310046809,0.49062166855758527,0.15308678464099512,0.8469132153590049
independent_seed,5,4,0,0,1,4,1335239978,1259428701,-0.002185522394574979,0.49968113500801636,0.15536850176515182,0.8446314982348482
independent_seed,5,5,1,1,0,4,1335239978,1259428701,-1.5104938752201738,0.2796208272177639,0.17528689872155853,0.8247131012784414
independent_seed,5,6,1,0,1,4,1335239978,1259428701,-0.5306795439075028,0.42257451631060555,0.1484143323777171,0.8515856676222829
independent_seed,5,7,0,1,1,4,1335239978,1259428701,-0.002185522394574979,0.49968113500801636,0.15536850176515182,0.8446314982348482
independent_seed,5,8,1,1,1,4,1335239978,1259428701,-0.5306795439075028,0.42257451631060555,0.1484143323777171,0.8515856676222829
independent_seed,6,1,0,0,0,4,2090671619,556096226,-0.32572705578732697,0.4524768287479875,0.08930436417995621,0.9106956358200438
independent_seed,6,2,1,0,0,4,2090671619,556096226,-0.35387752027843683,0.4483697110828581,0.00034745130095310486,0.9996525486990469
independent_seed,6,3,0,1,0,4,2090671619,556096226,-0.32572705578732697,0.4524768287479875,0.08930436417995621,0.9106956358200438
independent_seed,6,4,0,0,1,4,2090671619,556096226,-0.8619099697547509,0.3742484102296496,0.0016972948139065056,0.9983027051860935
independent_seed,6,5,1,1,0,4,2090671619,556096226,-0.35387752027843683,0.4483697110828581,0.00034745130095310486,0.9996525486990469
independent_seed,6,6,1,0,1,4,2090671619,556096226,-0.11387157918467439,0.48338627859681493,0.001641484682721632,0.9983585153172784
independent_seed,6,7,0,1,1,4,2090671619,556096226,-0.8619099697547509,0.3742484102296496,0.0016972948139065056,0.9983027051860935
independent_seed,6,8,1,1,1,4,2090671619,556096226,-0.11387157918467439,0.48338627859681493,0.001641484682721632,0.9983585153172784
independent_seed,7,1,0,0,0,4,1878737841,705096933,1.7434106323298466,0.7543614371932514,0.001720128516250228,0.9982798714837497
independent_seed,7,2,1,0,0,4,1878737841,705096933,-0.22030330364750372,0.4678580227199175,0.0755779183394976,0.9244220816605024
independent_seed,7,3,0,1,0,4,1878737841,705096933,1.7434106323298466,0.7543614371932514,0.001720128516250228,0.9982798714837497
independent_seed,7,4,0,0,1,4,1878737841,705096933,1.387131473146611,0.7023807521547851,0.0008874807134380011,0.999112519286562
independent_seed,7,5,1,1,0,4,1878737841,705096933,-0.22030330364750372,0.4678580227199175,0.0755779183394976,0.9244220816605024
independent_seed,7,6,1,0,1,4,1878737841,705096933,0.5860659798515867,0.5855062956257783,0.004059984192412543,0.9959400158075875
independent_seed,7,7,0,1,1,4,1878737841,705096933,1.387131473146611,0.7023807521547851,0.0008874807134380011,0.999112519286562
independent_seed,7,8,1,1,1,4,1878737841,705096933,0.5860659798515867,0.5855062956257783,0.004059984192412543,0.9959400158075875
independent_seed,8,1,0,0,0,4,195230574,564007696,-2.844934652895117,0.08492758182607262,0.688267431873761,0.31173256812623895
independent_seed,8,2,1,0,0,4,195230574,564007696,-1.5902637678009437,0.2679824993646864,0.16128803677022552,0.8387119632297745
independent_seed,8,3,0,1,0,4,195230574,564007696,-2.844934652895117,0.08492758182607262,0.688267431873761,0.31173256812623895
independent_seed,8,4,0,0,1,4,195230574,564007696,-2.1038119017479593,0.1930564670253579,0.26281508148616617,0.7371849185138338
independent_seed,8,5,1,1,0,4,195230574,564007696,-1.5902637678009437,0.2679824993646864,0.16128803677022552,0.8387119632297745
independent_seed,8,6,1,0,1,4,195230574,564007696,-1.0670326020947078,0.34432127396277445,0.04954939246269274,0.9504506075373073
independent_seed,8,7,0,1,1,4,195230574,564007696,-2.1038119017479593,0.1930564670253579,0.26281508148616617,0.7371849185138338
independent_seed,8,8,1,1,1,4,195230574,564007696,-1.0670326020947078,0.34432127396277445,0.04954939246269274,0.9504506075373073
independent_seed,9,1,0,0,0,4,2130761903,1064917506,0.10517406875658847,0.5153447654776757,0.03491536097451767,0.9650846390254824
independent_seed,9,2,1,0,0,4,2130761903,1064917506,-0.09292840046664719,0.4864418622552635,0.012313225031460819,0.9876867749685392
independent_seed,9,3,0,1,0,4,2130761903,1064917506,0.10517406875658847,0.5153447654776757,0.03491536097451767,0.9650846390254824
independent_seed,9,4,0,0,1,4,2130761903,1064917506,1.5748408302452317,0.7297673132786093,0.007542709950748678,0.9924572900492513
independent_seed,9,5,1,1,0,4,2130761903,1064917506,-0.09292840046664719,0.4864418622552635,0.012313225031460819,0.9876867749685392
independent_seed,9,6,1,0,1,4,2130761903,1064917506,-0.42897239369922296,0.4374134626953913,0.011310771846259287,0.9886892281537407
independent_seed,9,7,0,1,1,4,2130761903,1064917506,1.5748408302452317,0.7297673132786093,0.007542709950748678,0.9924572900492513
independent_seed,9,8,1,1,1,4,2130761903,1064917506,-0.42897239369922296,0.4374134626953913,0.011310771846259287,0.9886892281537407
independent_seed,10,1,0,0,0,4,1154090087,2071813689,0.44567650183768137,0.5650236458516937,0.0021825552703899145,0.9978174447296101
independent_seed,10,2,1,0,0,4,1154090087,2071813689,-0.2593700614974731,0.46215823146654006,0.04704721764269538,0.9529527823573046
independent_seed,10,3,0,1,0,4,1154090087,2071813689,0.44567650183768137,0.5650236458516937,0.0021825552703899145,0.9978174447296101
independent_seed,10,4,0,0,1,4,1154090087,2071813689,0.41301692019651903,0.56025865361732,0.00263678538663777,0.9973632146133622
independent_seed,10,5,1,1,0,4,1154090087,2071813689,-0.2593700614974731,0.46215823146654006,0.04704721764269538,0.9529527823573046
independent_seed,10,6,1,0,1,4,1154090087,2071813689,-0.7991106785559119,0.38341074850374135,0.020707057111506028,0.979292942888494
independent_seed,10,7,0,1,1,4,1154090087,2071813689,0.41301692019651903,0.56025865361732,0.00263678538663777,0.9973632146133622
independent_seed,10,8,1,1,1,4,1154090087,2071813689,-0.7991106785559119,0.38341074850374135,0.020707057111506028,0.979292942888494
independent_seed,11,1,0,0,0,4,2048954601,2069379533,-0.6847718520979936,0.4000926407014272,0.09488933542710602,0.905110664572894
independent_seed,11,2,1,0,0,4,2048954601,2069379533,-0.7076932284496952,0.39674844047507274,0.0048509228576204075,0.9951490771423795
independent_seed,11,3,0,1,0,4,2048954601,2069379533,-0.6847718520979936,0.4000926407014272,0.09488933542710602,0.905110664572894
independent_seed,11,4,0,0,1,4,2048954601,2069379533,-0.24438258348428554,0.46434488581901584,0.005434188268246639,0.9945658117317534
independent_seed,11,5,1,1,0,4,2048954601,2069379533,-0.7076932284496952,0.39674844047507274,0.0048509228576204075,0.9951490771423795
independent_seed,11,6,1,0,1,4,2048954601,2069379533,-0.27971793028257863,0.4591895027849428,0.006380905631305415,0.9936190943686946
independent_seed,11,7,0,1,1,4,2048954601,2069379533,-0.24438258348428554,0.46434488581901584,0.005434188268246639,0.9945658117317534
independent_seed,11,8,1,1,1,4,2048954601,2069379533,-0.27971793028257863,0.4591895027849428,0.006380905631305415,0.9936190943686946
independent_seed,12,1,0,0,0,4,451396233,882973941,1.1663377716358465,0.6701672264379875,0.0030170672136391056,0.9969829327863609
independent_seed,12,2,1,0,0,4,451396233,882973941,-0.8554208885058389,0.3751951590918676,0.00021382894760573948,0.9997861710523943
independent_seed,12,3,0,1,0,4,451396233,882973941,1.1663377716358465,0.6701672264379875,0.0030170672136391056,0.9969829327863609
independent_seed,12,4,0,0,1,4,451396233,882973941,0.9703523744187482,0.6415732013812449,0.038765783318295624,0.9612342166817044
independent_seed,12,5,1,1,0,4,451396233,882973941,-0.8554208885058389,0.3751951590918676,0.00021382894760573948,0.9997861710523943
independent_seed,12,6,1,0,1,4,451396233,882973941,-0.7829201313140384,0.3857729291564339,0.006630922204872632,0.9933690777951274
independent_seed,12,7,0,1,1,4,451396233,882973941,0.9703523744187482,0.6415732013812449,0.038765783318295624,0.9612342166817044
independent_seed,12,8,1,1,1,4,451396233,882973941,-0.7829201313140384,0.3857729291564339,0.006630922204872632,0.9933690777951274
independent_seed,13,1,0,0,0,4,1294321214,691066321,1.7147724481528948,0.7501831618341527,0.00043903311024427326,0.9995609668897557
independent_seed,13,2,1,0,0,4,1294321214,691066321,-0.36218915962907516,0.44715705326636024,0.004359384982796231,0.9956406150172038
independent_seed,13,3,0,1,0,4,1294321214,691066321,1.7147724481528948,0.7501831618341527,0.00043903311024427326,0.9995609668897557
independent_seed,13,4,0,0,1,4,1294321214,691066321,1.7927288055420774,0.7615568971642876,0.0001359761716912688,0.9998640238283087
independent_seed,13,5,1,1,0,4,1294321214,691066321,-0.36218915962907516,0.44715705326636024,0.004359384982796231,0.9956406150172038
independent_seed,13,6,1,0,1,4,1294321214,691066321,-0.6914745661360788,0.3991147230816727,0.00240068504956446,0.9975993149504355
independent_seed,13,7,0,1,1,4,1294321214,691066321,1.7927288055420774,0.7615568971642876,0.0001359761716912688,0.9998640238283087
independent_seed,13,8,1,1,1,4,1294321214,691066321,-0.6914745661360788,0.3991147230816727,0.00240068504956446,0.9975993149504355
independent_seed,14,1,0,0,0,4,629136492,1900267917,-0.9583575552896861,0.3601768277719354,0.0018996847742502258,0.9981003152257498
independent_seed,14,2,1,0,0,4,629136492,1900267917,1.0906451606684244,0.6591237688878558,0.004840328679612487,0.9951596713203875
independent_seed,14,3,0,1,0,4,629136492,1900267917,-0.9583575552896861,0.3601768277719354,0.0018996847742502258,0.9981003152257498
independent_seed,14,4,0,0,1,4,629136492,1900267917,-0.7130450205454044,0.39596762068208746,0.004905898389419686,0.9950941016105803
independent_seed,14,5,1,1,0,4,629136492,1900267917,1.0906451606684244,0.6591237688878558,0.004840328679612487,0.9951596713203875
independent_seed,14,6,1,0,1,4,629136492,1900267917,1.2918893553842208,0.6884850459418458,0.002693363114807659,0.9973066368851924
independent_seed,14,7,0,1,1,4,629136492,1900267917,-0.7130450205454044,0.39596762068208746,0.004905898389419686,0.9950941016105803
independent_seed,14,8,1,1,1,4,629136492,1900267917,1.2918893553842208,0.6884850459418458,0.002693363114807659,0.9973066368851924
independent_seed,15,1,0,0,0,4,1393559014,1083186302,1.197152162167232,0.6746630075904307,0.00010338811833119115,0.9998966118816688
independent_seed,15,2,1,0,0,4,1393559014,1083186302,0.2622458210373895,0.5382613382642113,0.004641653566652689,0.9953583464333473
independent_seed,15,3,0,1,0,4,1393559014,1083186302,1.197152162167232,0.6746630075904307,0.00010338811833119115,0.9998966118816688
independent_seed,15,4,0,0,1,4,1393559014,1083186302,1.0331833932020187,0.6507401686703402,0.001575715607006872,0.9984242843929931
independent_seed,15,5,1,1,0,4,1393559014,1083186302,0.2622458210373895,0.5382613382642113,0.004641653566652689,0.9953583464333473
independent_seed,15,6,1,0,1,4,1393559014,1083186302,0.43579815252528753,0.5635824070054906,0.001308811192667468,0.9986911888073325
independent_seed,15,7,0,1,1,4,1393559014,1083186302,1.0331833932020187,0.6507401686703402,0.001575715607006872,0.9984242843929931
independent_seed,15,8,1,1,1,4,1393559014,1083186302,0.43579815252528753,0.5635824070054906,0.001308811192667468,0.9986911888073325
independent_seed,16,1,0,0,0,4,375382123,1845881242,-2.607765502524206,0.11953026511109326,0.7896645864795548,0.21033541352044516
independent_seed,16,2,1,0,0,4,375382123,1845881242,-2.173180750890971,0.18293563843956548,0.4541250958509977,0.5458749041490023
independent_seed,16,3,0,1,0,4,375382123,1845881242,-2.607765502524206,0.11953026511109326,0.7896645864795548,0.21033541352044516
independent_seed,16,4,0,0,1,4,375382123,1845881242,-2.7605590377943447,0.09723787885140159,0.8066124247685246,0.19338757523147543
independent_seed,16,5,1,1,0,4,375382123,1845881242,-2.173180750890971,0.18293563843956548,0.4541250958509977,0.5458749041490023
independent_seed,16,6,1,0,1,4,375382123,1845881242,-2.218384801371085,0.17634042384476162,0.5454219081859785,0.45457809181402153
independent_seed,16,7,0,1,1,4,375382123,1845881242,-2.7605590377943447,0.09723787885140159,0.8066124247685246,0.19338757523147543
independent_seed,16,8,1,1,1,4,375382123,1845881242,-2.218384801371085,0.17634042384476162,0.5454219081859785,0.45457809181402153
independent_seed,17,1,0,0,0,4,757781274,912506902,2.2399731503178346,0.826809289345519,0.0038980510633197683,0.9961019489366802
independent_seed,17,2,1,0,0,4,757781274,912506902,-0.727468115982376,0.3938633090436866,0.005142005352125919,0.994857994647874
independent_seed,17,3,0,1,0,4,757781274,912506902,2.2399731503178346,0.826809289345519,0.0038980510633197683,0.9961019489366802
independent_seed,17,4,0,0,1,4,757781274,912506902,0.6140759413658461,0.5895929140817948,0.12347545781701919,0.8765245421829808
independent_seed,17,5,1,1,0,4,757781274,912506902,-0.727468115982376,0.3938633090436866,0.005142005352125919,0.994857994647874
independent_seed,17,6,1,0,1,4,757781274,912506902,-0.20958806393611756,0.4694213628317167,0.002452315998176192,0.9975476840018238
independent_seed,17,7,0,1,1,4,757781274,912506902,0.6140759413658461,0.5895929140817948,0.12347545781701919,0.8765245421829808
independent_seed,17,8,1,1,1,4,757781274,912506902,-0.20958806393611756,0.4694213628317167,0.002452315998176192,0.9975476840018238
independent_seed,18,1,0,0,0,4,1860316162,1350591793,-1.322032874824307,0.30711705216134383,0.157567626699977,0.842432373300023
independent_seed,18,2,1,0,0,4,1860316162,1350591793,-1.3710495314797018,0.2999655830799534,0.038353789103004035,0.961646210896996
independent_seed,18,3,0,1,0,4,1860316162,1350591793,-1.322032874824307,0.30711705216134383,0.157567626699977,0.842432373300023
independent_seed,18,4,0,0,1,4,1860316162,1350591793,-1.3979372725876242,0.2960426951817928,0.1751592034251809,0.8248407965748191
independent_seed,18,5,1,1,0,4,1860316162,1350591793,-1.3710495314797018,0.2999655830799534,0.038353789103004035,0.961646210896996
independent_seed,18,6,1,0,1,4,1860316162,1350591793,-0.19436453574562648,0.47164245661070237,0.040785901491062135,0.9592140985089379
independent_seed,18,7,0,1,1,4,1860316162,1350591793,-1.3979372725876242,0.2960426951817928,0.1751592034251809,0.8248407965748191
independent_seed,18,8,1,1,1,4,1860316162,1350591793,-0.19436453574562648,0.47164245661070237,0.040785901491062135,0.9592140985089379
independent_seed,19,1,0,0,0,4,1178518234,1600447692,-0.03503046749883032,0.49488909847552887,0.033064706147552414,0.9669352938524476
independent_seed,19,2,1,0,0,4,1178518234,1600447692,-0.40296170046324636,0.441208390402729,0.004768559686792971,0.995231440313207
independent_seed,19,3,0,1,0,4,1178518234,1600447692,-0.03503046749883032,0.49488909847552887,0.033064706147552414,0.9669352938524476
independent_seed,19,4,0,0,1,4,1178518234,1600447692,0.0009066562861146377,0.5001322800215279,0.06227865500470408,0.9377213449952959
independent_seed,19,5,1,1,0,4,1178518234,1600447692,-0.40296170046324636,0.441208390402729,0.004768559686792971,0.995231440313207
independent_seed,19,6,1,0,1,4,1178518234,1600447692,-0.13625834100717832,0.48012007796359674,7.722963883571835e-05,0.9999227703611643
independent_seed,19,7,0,1,1,4,1178518234,1600447692,0.0009066562861146377,0.5001322800215279,0.06227865500470408,0.9377213449952959
independent_seed,19,8,1,1,1,4,1178518234,1600447692,-0.13625834100717832,0.48012007796359674,7.722963883571835e-05,0.9999227703611643
independent_seed,20,1,0,0,0,4,1731846908,599696371,0.601700964851983,0.5877874204402352,0.000806148512255813,0.9991938514877442
independent_seed,20,2,1,0,0,4,1731846908,599696371,0.7841339123148046,0.6144041599779718,0.05872829714278436,0.9412717028572156
independent_seed,20,3,0,1,0,4,1731846908,599696371,0.601700964851983,0.5877874204402352,0.000806148512255813,0.9991938514877442
independent_seed,20,4,0,0,1,4,1731846908,599696371,-0.41522181630871774,0.4394196547894545,0.00032067391076822695,0.9996793260892318
independent_seed,20,5,1,1,0,4,1731846908,599696371,0.7841339123148046,0.6144041599779718,0.05872829714278436,0.9412717028572156
independent_seed,20,6,1,0,1,4,1731846908,599696371,0.6987344435961327,0.6019444839865548,0.0641700067838589,0.9358299932161411
independent_seed,20,7,0,1,1,4,1731846908,599696371,-0.41522181630871774,0.4394196547894545,0.00032067391076822695,0.9996793260892318
independent_seed,20,8,1,1,1,4,1731846908,599696371,0.6987344435961327,0.6019444839865548,0.0641700067838589,0.9358299932161411
independent_seed,21,1,0,0,0,4,131937819,469000113,-0.7170583572985928,0.3953820798544987,0.05895194676114704,0.941048053238853
independent_seed,21,2,1,0,0,4,131937819,469000113,-0.40131740533799165,0.4414482910110388,0.020315426516800666,0.9796845734831994
independent_seed,21,3,0,1,0,4,131937819,469000113,-0.7170583572985928,0.3953820798544987,0.05895194676114704,0.941048053238853
independent_seed,21,4,0,0,1,4,131937819,469000113,-0.6308633139885754,0.40795782918669765,0.04256291080448517,0.9574370891955148
independent_seed,21,5,1,1,0,4,131937819,469000113,-0.40131740533799165,0.4414482910110388,0.020315426516800666,0.9796845734831994
independent_seed,21,6,1,0,1,4,131937819,469000113,0.5448968044373028,0.5794997642715188,0.015624296013704842,0.9843757039862951
independent_seed,21,7,0,1,1,4,131937819,469000113,-0.6308633139885754,0.40795782918669765,0.04256291080448517,0.9574370891955148
independent_seed,21,8,1,1,1,4,131937819,469000113,0.5448968044373028,0.5794997642715188,0.015624296013704842,0.9843757039862951
independent_seed,22,1,0,0,0,4,689175389,555916789,-1.6523746558832146,0.25892059824685115,0.16578198061626592,0.8342180193837341
independent_seed,22,2,1,0,0,4,689175389,555916789,0.6189645620088488,0.590306157737413,0.010992933208528469,0.9890070667914715
independent_seed,22,3,0,1,0,4,689175389,555916789,-1.6523746558832146,0.25892059824685115,0.16578198061626592,0.8342180193837341
independent_seed,22,4,0,0,1,4,689175389,555916789,-1.6534855696297064,0.25875851731656696,0.03426292756462564,0.9657370724353743
independent_seed,22,5,1,1,0,4,689175389,555916789,0.6189645620088488,0.590306157737413,0.010992933208528469,0.9890070667914715
independent_seed,22,6,1,0,1,4,689175389,555916789,-0.11282763719469202,0.4835385884313394,0.01416191090405215,0.9858380890959478
independent_seed,22,7,0,1,1,4,689175389,555916789,-1.6534855696297064,0.25875851731656696,0.03426292756462564,0.9657370724353743
independent_seed,22,8,1,1,1,4,689175389,555916789,-0.11282763719469202,0.4835385884313394,0.01416191090405215,0.9858380890959478
independent_seed,23,1,0,0,0,4,1449143953,1462861801,-0.8618579110304811,0.37425600553260246,0.0001170929443146492,0.9998829070556854
independent_seed,23,2,1,0,0,4,1449143953,1462861801,1.978986133561945,0.7887316090562277,0.010544754041514741,0.9894552459584852
independent_seed,23,3,0,1,0,4,1449143953,1462861801,-0.8618579110304811,0.37425600553260246,0.0001170929443146492,0.9998829070556854
independent_seed,23,4,0,0,1,4,1449143953,1462861801,-0.9346601185443755,0.36363425424195644,3.472039455088947e-05,0.9999652796054491
independent_seed,23,5,1,1,0,4,1449143953,1462861801,1.978986133561945,0.7887316090562277,0.010544754041514741,0.9894552459584852
independent_seed,23,6,1,0,1,4,1449143953,1462861801,0.6243139532314107,0.5910866272460001,0.030502475843778225,0.9694975241562218
independent_seed,23,7,0,1,1,4,1449143953,1462861801,-0.9346601185443755,0.36363425424195644,3.472039455088947e-05,0.9999652796054491
independent_seed,23,8,1,1,1,4,1449143953,1462861801,0.6243139532314107,0.5910866272460001,0.030502475843778225,0.9694975241562218
independent_seed,24,1,0,0,0,4,12808713,286141993,-2.8862784616162274,0.07889557169011809,0.012766337749729158,0.9872336622502709
independent_seed,24,2,1,0,0,4,12808713,286141993,1.3507805212200645,0.6970771935989775,0.00719981355224018,0.9928001864477598
independent_seed,24,3,0,1,0,4,12808713,286141993,-2.8862784616162274,0.07889557169011809,0.012766337749729158,0.9872336622502709
independent_seed,24,4,0,0,1,4,12808713,286141993,-2.7640906104936778,0.09672262679850206,0.006059876308722697,0.9939401236912773
independent_seed,24,5,1,1,0,4,12808713,286141993,1.3507805212200645,0.6970771935989775,0.00719981355224018,0.9928001864477598
independent_seed,24,6,1,0,1,4,12808713,286141993,1.16136236358733,0.6694413206081303,0.00043271460556425966,0.9995672853944357
independent_seed,24,7,0,1,1,4,12808713,286141993,-2.7640906104936778,0.09672262679850206,0.006059876308722697,0.9939401236912773
independent_seed,24,8,1,1,1,4,12808713,286141993,1.16136236358733,0.6694413206081303,0.00043271460556425966,0.9995672853944357
independent_seed,25,1,0,0,0,4,799971967,371537267,-0.47685221460741006,0.4304278565318642,0.2441632742338567,0.7558367257661434
independent_seed,25,2,1,0,0,4,799971967,371537267,-1.8681682091862188,0.22743658791829321,0.06191499067205662,0.9380850093279434
independent_seed,25,3,0,1,0,4,799971967,371537267,-0.47685221460741006,0.4304278565318642,0.2441632742338567,0.7558367257661434
independent_seed,25,4,0,0,1,4,799971967,371537267,-0.3965394746542214,0.4421453851396374,0.26503593170779516,0.7349640682922048
independent_seed,25,5,1,1,0,4,799971967,371537267,-1.8681682091862188,0.22743658791829321,0.06191499067205662,0.9380850093279434
independent_seed,25,6,1,0,1,4,799971967,371537267,-0.6689575990309451,0.4023999205032583,0.005134967560402676,0.9948650324395973
independent_seed,25,7,0,1,1,4,799971967,371537267,-0.3965394746542214,0.4421453851396374,0.26503593170779516,0.7349640682922048
independent_seed,25,8,1,1,1,4,799971967,371537267,-0.6689575990309451,0.4023999205032583,0.005134967560402676,0.9948650324395973
independent_seed,26,1,0,0,0,4,1034287201,161101395,0.06262365582551477,0.5091367132921442,0.09971095832488394,0.900289041675116
independent_seed,26,2,1,0,0,4,1034287201,161101395,-1.339345184415317,0.3045912077807696,0.506566715239427,0.493433284760573
independent_seed,26,3,0,1,0,4,1034287201,161101395,0.06262365582551477,0.5091367132921442,0.09971095832488394,0.900289041675116
independent_seed,26,4,0,0,1,4,1034287201,161101395,0.7098139400125959,0.6035609686973901,0.06577950485981805,0.9342204951401819
independent_seed,26,5,1,1,0,4,1034287201,161101395,-1.339345184415317,0.3045912077807696,0.506566715239427,0.493433284760573
independent_seed,26,6,1,0,1,4,1034287201,161101395,-0.6926376949390387,0.39894502403976284,0.18119327950572864,0.8188067204942714
independent_seed,26,7,0,1,1,4,1034287201,161101395,0.7098139400125959,0.6035609686973901,0.06577950485981805,0.9342204951401819
independent_seed,26,8,1,1,1,4,1034287201,161101395,-0.6926376949390387,0.39894502403976284,0.18119327950572864,0.8188067204942714
independent_seed,27,1,0,0,0,4,444384260,2140317063,-0.7711405219096776,0.38749155947915037,0.09728812930694296,0.902711870693057
independent_seed,27,2,1,0,0,4,444384260,2140317063,1.9677110530587645,0.7870865888710371,0.004676484215519665,0.9953235157844803
independent_seed,27,3,0,1,0,4,444384260,2140317063,-0.7711405219096776,0.38749155947915037,0.09728812930694296,0.902711870693057
independent_seed,27,4,0,0,1,4,444384260,2140317063,-0.7570270461816493,0.38955069798811764,0.02168791714404026,0.9783120828559597
independent_seed,27,5,1,1,0,4,444384260,2140317063,1.9677110530587645,0.7870865888710371,0.004676484215519665,0.9953235157844803
independent_seed,27,6,1,0,1,4,444384260,2140317063,2.120323516002857,0.8093525569041589,0.009972365635194116,0.9900276343648059
independent_seed,27,7,0,1,1,4,444384260,2140317063,-0.7570270461816493,0.38955069798811764,0.02168791714404026,0.9783120828559597
independent_seed,27,8,1,1,1,4,444384260,2140317063,2.120323516002857,0.8093525569041589,0.009972365635194116,0.9900276343648059
independent_seed,28,1,0,0,0,4,1642484551,2111973496,0.366617478493823,0.5534890329338152,0.0007807878279282492,0.9992192121720718
independent_seed,28,2,1,0,0,4,1642484551,2111973496,1.3743522405740152,0.7005162780583708,0.00017318802705689458,0.9998268119729431
independent_seed,28,3,0,1,0,4,1642484551,2111973496,0.366617478493823,0.5534890329338152,0.0007807878279282492,0.9992192121720718
independent_seed,28,4,0,0,1,4,1642484551,2111973496,-0.6945530161678859,0.39866558106091327,0.000671122057828702,0.9993288779421713
independent_seed,28,5,1,1,0,4,1642484551,2111973496,1.3743522405740152,0.7005162780583708,0.00017318802705689458,0.9998268119729431
independent_seed,28,6,1,0,1,4,1642484551,2111973496,1.809279727244174,0.7639716560013337,0.008617230832768656,0.9913827691672313
independent_seed,28,7,0,1,1,4,1642484551,2111973496,-0.6945530161678859,0.39866558106091327,0.000671122057828702,0.9993288779421713
independent_seed,28,8,1,1,1,4,1642484551,2111973496,1.809279727244174,0.7639716560013337,0.008617230832768656,0.9913827691672313
independent_seed,29,1,0,0,0,4,532316314,1214932782,-1.2134674484852095,0.32295661248122515,1.6979400685198567e-05,0.9999830205993148
independent_seed,29,2,1,0,0,4,532316314,1214932782,0.4702743702860861,0.5686124441843421,0.04510852949946774,0.9548914705005322
independent_seed,29,3,0,1,0,4,532316314,1214932782,-1.2134674484852095,0.32295661248122515,1.6979400685198567e-05,0.9999830205993148
independent_seed,29,4,0,0,1,4,532316314,1214932782,-1.0312663512867486,0.3495395253545129,0.0015929353982532747,0.9984070646017468
independent_seed,29,5,1,1,0,4,532316314,1214932782,0.4702743702860861,0.5686124441843421,0.04510852949946774,0.9548914705005322
independent_seed,29,6,1,0,1,4,532316314,1214932782,1.1035651507403719,0.6610087793278984,0.032580240321088104,0.9674197596789119
independent_seed,29,7,0,1,1,4,532316314,1214932782,-1.0312663512867486,0.3495395253545129,0.0015929353982532747,0.9984070646017468
independent_seed,29,8,1,1,1,4,532316314,1214932782,1.1035651507403719,0.6610087793278984,0.032580240321088104,0.9674197596789119
independent_seed,30,1,0,0,0,4,1350416946,546450844,0.9725942539530371,0.6419002888096345,0.012313866194150954,0.987686133805849
independent_seed,30,2,1,0,0,4,1350416946,546450844,0.8214206762854293,0.6198442523440365,0.00010532241816356383,0.9998946775818365
independent_seed,30,3,0,1,0,4,1350416946,546450844,0.9725942539530371,0.6419002888096345,0.012313866194150954,0.987686133805849
independent_seed,30,4,0,0,1,4,1350416946,546450844,0.9229172669546611,0.6346524783546466,0.01317391063112599,0.9868260893688741
independent_seed,30,5,1,1,0,4,1350416946,546450844,0.8214206762854293,0.6198442523440365,0.00010532241816356383,0.9998946775818365
independent_seed,30,6,1,0,1,4,1350416946,546450844,0.7675916908921051,0.6119906705008404,0.00018869971304258425,0.9998113002869574
independent_seed,30,7,0,1,1,4,1350416946,546450844,0.9229172669546611,0.6346524783546466,0.01317391063112599,0.9868260893688741
independent_seed,30,8,1,1,1,4,1350416946,546450844,0.7675916908921051,0.6119906705008404,0.00018869971304258425,0.9998113002869574
independent_seed,31,1,0,0,0,4,1211162627,1356084150,0.19293452973439695,0.528148907295502,0.007562067296768061,0.9924379327032319
independent_seed,31,2,1,0,0,4,1211162627,1356084150,0.29485329441064906,0.5430187279672779,0.06784639225007094,0.9321536077499291
independent_seed,31,3,0,1,0,4,1211162627,1356084150,0.19293452973439695,0.528148907295502,0.007562067296768061,0.9924379327032319
independent_seed,31,4,0,0,1,4,1211162627,1356084150,-0.6713158982004108,0.4020558475952737,0.16320775962736803,0.836792240372632
independent_seed,31,5,1,1,0,4,1211162627,1356084150,0.29485329441064906,0.5430187279672779,0.06784639225007094,0.9321536077499291
independent_seed,31,6,1,0,1,4,1211162627,1356084150,-0.37599417396339935,0.4451429188900776,6.325895864133372e-05,0.9999367410413587
independent_seed,31,7,0,1,1,4,1211162627,1356084150,-0.6713158982004108,0.4020558475952737,0.16320775962736803,0.836792240372632
independent_seed,31,8,1,1,1,4,1211162627,1356084150,-0.37599417396339935,0.4451429188900776,6.325895864133372e-05,0.9999367410413587
independent_seed,32,1,0,0,0,4,1466901221,1532208296,1.8932483493193681,0.7762225732517583,0.000890601169358063,0.999109398830642
independent_seed,32,2,1,0,0,4,1466901221,1532208296,2.2882656495903824,0.8338551047677891,0.0019738741495140214,0.998026125850486
independent_seed,32,3,0,1,0,4,1466901221,1532208296,1.8932483493193681,0.7762225732517583,0.000890601169358063,0.999109398830642
independent_seed,32,4,0,0,1,4,1466901221,1532208296,1.9041979009873065,0.7778200991858273,0.0009544748873541704,0.9990455251126459
independent_seed,32,5,1,1,0,4,1466901221,1532208296,2.2882656495903824,0.8338551047677891,0.0019738741495140214,0.998026125850486
independent_seed,32,6,1,0,1,4,1466901221,1532208296,1.267095566654573,0.68486766308448,0.008237768202417152,0.9917622317975828
independent_seed,32,7,0,1,1,4,1466901221,1532208296,1.9041979009873065,0.7778200991858273,0.0009544748873541704,0.9990455251126459
independent_seed,32,8,1,1,1,4,1466901221,1532208296,1.267095566654573,0.68486766308448,0.008237768202417152,0.9917622317975828
independent_seed,33,1,0,0,0,4,1600301554,1971251431,1.0872224868768376,0.6586244050497975,0.0078832925449777,0.9921167074550223
independent_seed,33,2,1,0,0,4,1600301554,1971251431,-0.2537471880981841,0.4629786016836745,0.0021050449331468588,0.9978949550668531
independent_seed,33,3,0,1,0,4,1600301554,1971251431,1.0872224868768376,0.6586244050497975,0.0078832925449777,0.9921167074550223
independent_seed,33,4,0,0,1,4,1600301554,1971251431,1.0537870805292757,0.6537462209582271,0.0021542540577923755,0.9978457459422077
independent_seed,33,5,1,1,0,4,1600301554,1971251431,-0.2537471880981841,0.4629786016836745,0.0021050449331468588,0.9978949550668531
independent_seed,33,6,1,0,1,4,1600301554,1971251431,-0.07319303283411406,0.4893212277825001,0.007703362842884607,0.9922966371571154
independent_seed,33,7,0,1,1,4,1600301554,1971251431,1.0537870805292757,0.6537462209582271,0.0021542540577923755,0.9978457459422077
independent_seed,33,8,1,1,1,4,1600301554,1971251431,-0.07319303283411406,0.4893212277825001,0.007703362842884607,0.9922966371571154
independent_seed,34,1,0,0,0,4,1691570342,746656327,0.9898769919760749,0.6444218187353179,0.00250286304784336,0.9974971369521567
independent_seed,34,2,1,0,0,4,1691570342,746656327,0.7202282781324156,0.6050804076422092,0.017522844241633702,0.9824771557583662
independent_seed,34,3,0,1,0,4,1691570342,746656327,0.9898769919760749,0.6444218187353179,0.00250286304784336,0.9974971369521567
independent_seed,34,4,0,0,1,4,1691570342,746656327,0.4390966582175544,0.5640636548726978,1.3743858080804737e-05,0.9999862561419192
independent_seed,34,5,1,1,0,4,1691570342,746656327,0.7202282781324156,0.6050804076422092,0.017522844241633702,0.9824771557583662
independent_seed,34,6,1,0,1,4,1691570342,746656327,0.9713180015606259,0.6417140851770907,0.009514895127806957,0.990485104872193
independent_seed,34,7,0,1,1,4,1691570342,746656327,0.4390966582175544,0.5640636548726978,1.3743858080804737e-05,0.9999862561419192
independent_seed,34,8,1,1,1,4,1691570342,746656327,0.9713180015606259,0.6417140851770907,0.009514895127806957,0.990485104872193
independent_seed,35,1,0,0,0,4,1922032262,419792022,0.8232894469564166,0.6201169036545436,0.04642522777193204,0.953574772228068
independent_seed,35,2,1,0,0,4,1922032262,419792022,0.8318771192595575,0.6213698343345937,0.0035472673787370476,0.996452732621263
independent_seed,35,3,0,1,0,4,1922032262,419792022,0.8232894469564166,0.6201169036545436,0.04642522777193204,0.953574772228068
independent_seed,35,4,0,0,1,4,1922032262,419792022,0.44039521190030756,0.5642531122356922,0.07667050753064146,0.9233294924693586
independent_seed,35,5,1,1,0,4,1922032262,419792022,0.8318771192595575,0.6213698343345937,0.0035472673787370476,0.996452732621263
independent_seed,35,6,1,0,1,4,1922032262,419792022,0.8990576981550625,0.6311713970200864,1.5168626543035528e-06,0.9999984831373457
independent_seed,35,7,0,1,1,4,1922032262,419792022,0.44039521190030756,0.5642531122356922,0.07667050753064146,0.9233294924693586
independent_seed,35,8,1,1,1,4,1922032262,419792022,0.8990576981550625,0.6311713970200864,1.5168626543035528e-06,0.9999984831373457
independent_seed,36,1,0,0,0,4,68300535,551648365,-0.5493522190838553,0.41985019628752956,0.0001256104221518056,0.9998743895778482
independent_seed,36,2,1,0,0,4,68300535,551648365,-0.523560588224256,0.42361316306732855,0.15164297173470864,0.8483570282652914
independent_seed,36,3,0,1,0,4,68300535,551648365,-0.5493522190838553,0.41985019628752956,0.0001256104221518056,0.9998743895778482
independent_seed,36,4,0,0,1,4,68300535,551648365,-0.5660791004730262,0.41740976515156436,4.67468086980627e-06,0.9999953253191302
independent_seed,36,5,1,1,0,4,68300535,551648365,-0.523560588224256,0.42361316306732855,0.15164297173470864,0.8483570282652914
independent_seed,36,6,1,0,1,4,68300535,551648365,-0.7270363272700701,0.3939263064783639,0.12492732087141917,0.8750726791285808
independent_seed,36,7,0,1,1,4,68300535,551648365,-0.5660791004730262,0.41740976515156436,4.67468086980627e-06,0.9999953253191302
independent_seed,36,8,1,1,1,4,68300535,551648365,-0.7270363272700701,0.3939263064783639,0.12492732087141917,0.8750726791285808
independent_seed,37,1,0,0,0,4,785799458,1477535155,-1.2043897072581842,0.3242810436061454,0.001836422134130117,0.9981635778658698
independent_seed,37,2,1,0,0,4,785799458,1477535155,0.928630297919546,0.6354860024481733,0.08322320376782733,0.9167767962321727
independent_seed,37,3,0,1,0,4,785799458,1477535155,-1.2043897072581842,0.3242810436061454,0.001836422134130117,0.9981635778658698
independent_seed,37,4,0,0,1,4,785799458,1477535155,-0.1500620501429868,0.47810613401415,0.0004391425824191296,0.9995608574175808
independent_seed,37,5,1,1,0,4,785799458,1477535155,0.928630297919546,0.6354860024481733,0.08322320376782733,0.9167767962321727
independent_seed,37,6,1,0,1,4,785799458,1477535155,0.5077184631030612,0.5740754906328975,0.03042005418884861,0.9695799458111514
independent_seed,37,7,0,1,1,4,785799458,1477535155,-0.1500620501429868,0.47810613401415,0.0004391425824191296,0.9995608574175808
independent_seed,37,8,1,1,1,4,785799458,1477535155,0.5077184631030612,0.5740754906328975,0.03042005418884861,0.9695799458111514
independent_seed,38,1,0,0,0,4,1922661789,936680032,-0.30606101467462327,0.45534607962243234,0.0010953158087543848,0.9989046841912456
independent_seed,38,2,1,0,0,4,1922661789,936680032,1.0537942020022653,0.6537472599722557,0.031246107278868198,0.9687538927211318
independent_seed,38,3,0,1,0,4,1922661789,936680032,-0.30606101467462327,0.45534607962243234,0.0010953158087543848,0.9989046841912456
independent_seed,38,4,0,0,1,4,1922661789,936680032,-0.2403471296195172,0.46493365350560373,7.782041969329551e-05,0.9999221795803067
independent_seed,38,5,1,1,0,4,1922661789,936680032,1.0537942020022653,0.6537472599722557,0.031246107278868198,0.9687538927211318
independent_seed,38,6,1,0,1,4,1922661789,936680032,-0.2206650574913322,0.4678052432852164,0.10012359031868466,0.8998764096813153
independent_seed,38,7,0,1,1,4,1922661789,936680032,-0.2403471296195172,0.46493365350560373,7.782041969329551e-05,0.9999221795803067
independent_seed,38,8,1,1,1,4,1922661789,936680032,-0.2206650574913322,0.4678052432852164,0.10012359031868466,0.8998764096813153
independent_seed,39,1,0,0,0,4,768393290,911237859,1.9803028071050846,0.7889237100842567,0.000296088627379306,0.9997039113726207
independent_seed,39,2,1,0,0,4,768393290,911237859,1.2098962174112746,0.6765223493584758,0.017385803310918706,0.9826141966890813
independent_seed,39,3,0,1,0,4,768393290,911237859,1.9803028071050846,0.7889237100842567,0.000296088627379306,0.9997039113726207
independent_seed,39,4,0,0,1,4,768393290,911237859,1.7004799649667692,0.7480979063602744,0.00043513753306756334,0.9995648624669324
independent_seed,39,5,1,1,0,4,768393290,911237859,1.2098962174112746,0.6765223493584758,0.017385803310918706,0.9826141966890813
independent_seed,39,6,1,0,1,4,768393290,911237859,0.3604626932290933,0.5525910574388165,0.07772026627305731,0.9222797337269427
independent_seed,39,7,0,1,1,4,768393290,911237859,1.7004799649667692,0.7480979063602744,0.00043513753306756334,0.9995648624669324
independent_seed,39,8,1,1,1,4,768393290,911237859,0.3604626932290933,0.5525910574388165,0.07772026627305731,0.9222797337269427
independent_seed,40,1,0,0,0,4,802356028,1106053536,-0.20700997106729874,0.46979750336635023,0.03963873612816461,0.9603612638718354
independent_seed,40,2,1,0,0,4,802356028,1106053536,0.30933799202068707,0.5451320272859101,0.032775577727337676,0.9672244222726624
independent_seed,40,3,0,1,0,4,802356028,1106053536,-0.20700997106729874,0.46979750336635023,0.03963873612816461,0.9603612638718354
independent_seed,40,4,0,0,1,4,802356028,1106053536,0.0009393669856513354,0.5001370524717995,0.06457491903098934,0.9354250809690107
independent_seed,40,5,1,1,0,4,802356028,1106053536,0.30933799202068707,0.5451320272859101,0.032775577727337676,0.9672244222726624
independent_seed,40,6,1,0,1,4,802356028,1106053536,0.6783181147528735,0.5989657670678438,0.0026104029508198043,0.9973895970491802
independent_seed,40,7,0,1,1,4,802356028,1106053536,0.0009393669856513354,0.5001370524717995,0.06457491903098934,0.9354250809690107
independent_seed,40,8,1,1,1,4,802356028,1106053536,0.6783181147528735,0.5989657670678438,0.0026104029508198043,0.9973895970491802
independent_seed,41,1,0,0,0,4,651622492,155725311,-2.764268099732108,0.09669673133994731,0.3099262479558453,0.6900737520441547
independent_seed,41,2,1,0,0,4,651622492,155725311,1.5236366474901393,0.7222966868671564,2.166942304688176e-05,0.9999783305769531
independent_seed,41,3,0,1,0,4,651622492,155725311,-2.764268099732108,0.09669673133994731,0.3099262479558453,0.6900737520441547
independent_seed,41,4,0,0,1,4,651622492,155725311,-2.707428968204713,0.1049894897503991,0.31517828281464605,0.6848217171853539
independent_seed,41,5,1,1,0,4,651622492,155725311,1.5236366474901393,0.7222966868671564,2.166942304688176e-05,0.9999783305769531
independent_seed,41,6,1,0,1,4,651622492,155725311,1.8818683746779665,0.774562249142606,0.015417104579693012,0.984582895420307
independent_seed,41,7,0,1,1,4,651622492,155725311,-2.707428968204713,0.1049894897503991,0.31517828281464605,0.6848217171853539
independent_seed,41,8,1,1,1,4,651622492,155725311,1.8818683746779665,0.774562249142606,0.015417104579693012,0.984582895420307
independent_seed,42,1,0,0,0,4,276258061,1593718533,-1.9589894089455806,0.21418588812903328,0.16103673374024732,0.8389632662597527
independent_seed,42,2,1,0,0,4,276258061,1593718533,0.898759444264563,0.6311278821493903,0.011069180481409549,0.9889308195185904
independent_seed,42,3,0,1,0,4,276258061,1593718533,-1.9589894089455806,0.21418588812903328,0.16103673374024732,0.8389632662597527
independent_seed,42,4,0,0,1,4,276258061,1593718533,-1.2898632161460886,0.3118105652463667,0.12311252817340208,0.8768874718265979
independent_seed,42,5,1,1,0,4,276258061,1593718533,0.898759444264563,0.6311278821493903,0.011069180481409549,0.9889308195185904
independent_seed,42,6,1,0,1,4,276258061,1593718533,2.008834215732239,0.7930864070237909,0.026574875170605628,0.9734251248293944
independent_seed,42,7,0,1,1,4,276258061,1593718533,-1.2898632161460886,0.3118105652463667,0.12311252817340208,0.8768874718265979
independent_seed,42,8,1,1,1,4,276258061,1593718533,2.008834215732239,0.7930864070237909,0.026574875170605628,0.9734251248293944
independent_seed,43,1,0,0,0,4,115900111,649936184,-1.1257811579777592,0.33574993291991806,0.10563136301161173,0.8943686369883883
independent_seed,43,2,1,0,0,4,115900111,649936184,0.13160119373341894,0.5192004500567063,0.12537981411717278,0.8746201858828272
independent_seed,43,3,0,1,0,4,115900111,649936184,-1.1257811579777592,0.33574993291991806,0.10563136301161173,0.8943686369883883
independent_seed,43,4,0,0,1,4,115900111,649936184,-1.0797924889420543,0.34245962238354954,0.16190651086011482,0.8380934891398852
independent_seed,43,5,1,1,0,4,115900111,649936184,0.13160119373341894,0.5192004500567063,0.12537981411717278,0.8746201858828272
independent_seed,43,6,1,0,1,4,115900111,649936184,0.71322951529597,0.604059296871952,0.0327005186323273,0.9672994813676727
independent_seed,43,7,0,1,1,4,115900111,649936184,-1.0797924889420543,0.34245962238354954,0.16190651086011482,0.8380934891398852
independent_seed,43,8,1,1,1,4,115900111,649936184,0.71322951529597,0.604059296871952,0.0327005186323273,0.9672994813676727
independent_seed,44,1,0,0,0,4,1885338786,1557816342,-0.6148719492091396,0.4102909493665046,0.00011373980807128896,0.9998862601919287
independent_seed,44,2,1,0,0,4,1885338786,1557816342,1.195187923448,0.6743764276107349,0.0408638137611293,0.9591361862388708
independent_seed,44,3,0,1,0,4,1885338786,1557816342,-0.6148719492091396,0.4102909493665046,0.00011373980807128896,0.9998862601919287
independent_seed,44,4,0,0,1,4,1885338786,1557816342,-0.6334698075279321,0.40757754502964866,0.0018705173137558886,0.9981294826862441
independent_seed,44,5,1,1,0,4,1885338786,1557816342,1.195187923448,0.6743764276107349,0.0408638137611293,0.9591361862388708
independent_seed,44,6,1,0,1,4,1885338786,1557816342,1.3409267573657804,0.6956395417404538,0.008420417274449714,0.9915795827255502
independent_seed,44,7,0,1,1,4,1885338786,1557816342,-0.6334698075279321,0.40757754502964866,0.0018705173137558886,0.9981294826862441
independent_seed,44,8,1,1,1,4,1885338786,1557816342,1.3409267573657804,0.6956395417404538,0.008420417274449714,0.9915795827255502
independent_seed,45,1,0,0,0,4,1668681368,380701293,1.0200163942951515,0.6488191199493072,0.0018714488241561402,0.9981285511758439
independent_seed,45,2,1,0,0,4,1668681368,380701293,0.697902357017372,0.60182308359234,0.013478915190084928,0.9865210848099151
independent_seed,45,3,0,1,0,4,1668681368,380701293,1.0200163942951515,0.6488191199493072,0.0018714488241561402,0.9981285511758439
independent_seed,45,4,0,0,1,4,1668681368,380701293,0.5929571361992676,0.5865117067435119,0.06632013617291338,0.9336798638270867
independent_seed,45,5,1,1,0,4,1668681368,380701293,0.697902357017372,0.60182308359234,0.013478915190084928,0.9865210848099151
independent_seed,45,6,1,0,1,4,1668681368,380701293,0.5101602023963805,0.574431737350901,0.0038475913081220093,0.996152408691878
independent_seed,45,7,0,1,1,4,1668681368,380701293,0.5929571361992676,0.5865117067435119,0.06632013617291338,0.9336798638270867
independent_seed,45,8,1,1,1,4,1668681368,380701293,0.5101602023963805,0.574431737350901,0.0038475913081220093,0.996152408691878
independent_seed,46,1,0,0,0,4,1016589118,1577331032,0.5274033439967312,0.5769474902078918,0.006405370077636273,0.9935946299223637
independent_seed,46,2,1,0,0,4,1016589118,1577331032,-1.4061430690180565,0.294845479715365,0.06688410127457857,0.9331158987254214
independent_seed,46,3,0,1,0,4,1016589118,1577331032,0.5274033439967312,0.5769474902078918,0.006405370077636273,0.9935946299223637
independent_seed,46,4,0,0,1,4,1016589118,1577331032,0.5733940460710492,0.5836574762893216,0.005826854262985903,0.9941731457370141
independent_seed,46,5,1,1,0,4,1016589118,1577331032,-1.4061430690180565,0.294845479715365,0.06688410127457857,0.9331158987254214
independent_seed,46,6,1,0,1,4,1016589118,1577331032,-0.5086260700644556,0.425792090643237,0.0034038233718520355,0.9965961766281479
independent_seed,46,7,0,1,1,4,1016589118,1577331032,0.5733940460710492,0.5836574762893216,0.005826854262985903,0.9941731457370141
independent_seed,46,8,1,1,1,4,1016589118,1577331032,-0.5086260700644556,0.425792090643237,0.0034038233718520355,0.9965961766281479
independent_seed,47,1,0,0,0,4,1591578040,652659266,0.3632905419348117,0.5530036370386038,0.0010609053263057543,0.9989390946736942
independent_seed,47,2,1,0,0,4,1591578040,652659266,-0.6784693369068368,0.4010121698084698,0.004128954784225239,0.9958710452157747
independent_seed,47,3,0,1,0,4,1591578040,652659266,0.3632905419348117,0.5530036370386038,0.0010609053263057543,0.9989390946736942
independent_seed,47,4,0,0,1,4,1591578040,652659266,0.43672026717722434,0.563716942383315,0.0005588883856392821,0.9994411116143607
independent_seed,47,5,1,1,0,4,1591578040,652659266,-0.6784693369068368,0.4010121698084698,0.004128954784225239,0.9958710452157747
independent_seed,47,6,1,0,1,4,1591578040,652659266,-0.3188504287815128,0.45348012005286115,0.024101866612390953,0.975898133387609
independent_seed,47,7,0,1,1,4,1591578040,652659266,0.43672026717722434,0.563716942383315,0.0005588883856392821,0.9994411116143607
independent_seed,47,8,1,1,1,4,1591578040,652659266,-0.3188504287815128,0.45348012005286115,0.024101866612390953,0.975898133387609
independent_seed,48,1,0,0,0,4,1871001634,498904165,-2.1798855684759015,0.1819574139149494,0.09350166341797297,0.906498336582027
independent_seed,48,2,1,0,0,4,1871001634,498904165,0.5057966780024373,0.5737951045832163,0.08072963670030825,0.9192703632996917
independent_seed,48,3,0,1,0,4,1871001634,498904165,-2.1798855684759015,0.1819574139149494,0.09350166341797297,0.906498336582027
independent_seed,48,4,0,0,1,4,1871001634,498904165,-0.8212664111989392,0.3801782547397113,0.1001927647003206,0.8998072352996794
independent_seed,48,5,1,1,0,4,1871001634,498904165,0.5057966780024373,0.5737951045832163,0.08072963670030825,0.9192703632996917
independent_seed,48,6,1,0,1,4,1871001634,498904165,0.9874278659420104,0.6440644943010511,0.032914493941415435,0.9670855060585846
independent_seed,48,7,0,1,1,4,1871001634,498904165,-0.8212664111989392,0.3801782547397113,0.1001927647003206,0.8998072352996794
independent_seed,48,8,1,1,1,4,1871001634,498904165,0.9874278659420104,0.6440644943010511,0.032914493941415435,0.9670855060585846
independent_seed,49,1,0,0,0,4,401392234,696936432,-0.7657760184317064,0.3882742338469563,0.01076894465318219,0.9892310553468178
independent_seed,49,2,1,0,0,4,401392234,696936432,0.34609395708933266,0.5504946767540917,0.006640830651933211,0.9933591693480668
independent_seed,49,3,0,1,0,4,401392234,696936432,-0.7657760184317064,0.3882742338469563,0.01076894465318219,0.9892310553468178
independent_seed,49,4,0,0,1,4,401392234,696936432,-1.0526880611803013,0.3464141245942919,0.006891950275632474,0.9931080497243675
independent_seed,49,5,1,1,0,4,401392234,696936432,0.34609395708933266,0.5504946767540917,0.006640830651933211,0.9933591693480668
independent_seed,49,6,1,0,1,4,401392234,696936432,-0.17527445499570943,0.4744276755864493,0.028539760048616296,0.9714602399513838
independent_seed,49,7,0,1,1,4,401392234,696936432,-1.0526880611803013,0.3464141245942919,0.006891950275632474,0.9931080497243675
independent_seed,49,8,1,1,1,4,401392234,696936432,-0.17527445499570943,0.4744276755864493,0.028539760048616296,0.9714602399513838
independent_seed,0,1,0,0,0,6,206423914,986916519,-2.414186726293625,0.14777316716700173,0.6342375318951339,0.3657624681048661
independent_seed,0,2,1,0,0,6,206423914,986916519,0.8404807458802389,0.6226250927296777,0.021588254400513797,0.9784117455994862
independent_seed,0,3,0,1,0,6,206423914,986916519,-2.414186726293625,0.14777316716700173,0.6342375318951339,0.3657624681048661
independent_seed,0,4,0,0,1,6,206423914,986916519,-2.4558982152367896,0.1416875129451532,0.6059898952106484,0.3940101047893516
independent_seed,0,5,1,1,0,6,206423914,986916519,0.8404807458802389,0.6226250927296777,0.021588254400513797,0.9784117455994862
independent_seed,0,6,1,0,1,6,206423914,986916519,1.315690943972112,0.6919576680358202,0.03840728135584761,0.9615927186441524
independent_seed,0,7,0,1,1,6,206423914,986916519,-2.4558982152367896,0.1416875129451532,0.6059898952106484,0.3940101047893516
independent_seed,0,8,1,1,1,6,206423914,986916519,1.315690943972112,0.6919576680358202,0.03840728135584761,0.9615927186441524
independent_seed,1,1,0,0,0,6,1500108499,1078002851,0.9926067199873851,0.6448200826481492,0.0006212714794457116,0.9993787285205543
independent_seed,1,2,1,0,0,6,1500108499,1078002851,-0.866976528028764,0.37350920569555823,0.008541537905136648,0.9914584620948633
independent_seed,1,3,0,1,0,6,1500108499,1078002851,0.9926067199873851,0.6448200826481492,0.0006212714794457116,0.9993787285205543
independent_seed,1,4,0,0,1,6,1500108499,1078002851,0.9457994522417568,0.6379909606535469,0.00045587144139332396,0.9995441285586066
independent_seed,1,5,1,1,0,6,1500108499,1078002851,-0.866976528028764,0.37350920569555823,0.008541537905136648,0.9914584620948633
independent_seed,1,6,1,0,1,6,1500108499,1078002851,-1.167153649344898,0.3297137380216758,0.029507460053176567,0.9704925399468234
independent_seed,1,7,0,1,1,6,1500108499,1078002851,0.9457994522417568,0.6379909606535469,0.00045587144139332396,0.9995441285586066
independent_seed,1,8,1,1,1,6,1500108499,1078002851,-1.167153649344898,0.3297137380216758,0.029507460053176567,0.9704925399468234
independent_seed,2,1,0,0,0,6,393526898,619366153,-0.08963048025352971,0.4869230247017929,0.005307272530610905,0.9946927274693891
independent_seed,2,2,1,0,0,6,393526898,619366153,0.4552075460890572,0.5664142133225899,0.06542088090587828,0.9345791190941217
independent_seed,2,3,0,1,0,6,393526898,619366153,-0.08963048025352971,0.4869230247017929,0.005307272530610905,0.9946927274693891
independent_seed,2,4,0,0,1,6,393526898,619366153,-0.25778073253097367,0.4623901125808312,0.08545104234830259,0.9145489576516974
independent_seed,2,5,1,1,0,6,393526898,619366153,0.4552075460890572,0.5664142133225899,0.06542088090587828,0.9345791190941217
independent_seed,2,6,1,0,1,6,393526898,619366153,1.462042564802124,0.7133101870118778,0.0017396747107906135,0.9982603252892094
independent_seed,2,7,0,1,1,6,393526898,619366153,-0.25778073253097367,0.4623901125808312,0.08545104234830259,0.9145489576516974
independent_seed,2,8,1,1,1,6,393526898,619366153,1.462042564802124,0.7133101870118778,0.0017396747107906135,0.9982603252892094
independent_seed,3,1,0,0,0,6,1790670228,192252107,0.20883542627809237,0.53046882827253,0.007007148686868786,0.9929928513131312
independent_seed,3,2,1,0,0,6,1790670228,192252107,1.3592385437825765,0.6983112085435452,0.003601375525507848,0.9963986244744921
independent_seed,3,3,0,1,0,6,1790670228,192252107,0.20883542627809237,0.53046882827253,0.007007148686868786,0.9929928513131312
independent_seed,3,4,0,0,1,6,1790670228,192252107,0.12858405913041476,0.5187602538805479,0.010520833865390216,0.9894791661346097
independent_seed,3,5,1,1,0,6,1790670228,192252107,1.3592385437825765,0.6983112085435452,0.003601375525507848,0.9963986244744921
independent_seed,3,6,1,0,1,6,1790670228,192252107,1.12940744716508,0.6647791381504659,0.029105187008928068,0.9708948129910719
independent_seed,3,7,0,1,1,6,1790670228,192252107,0.12858405913041476,0.5187602538805479,0.010520833865390216,0.9894791661346097
independent_seed,3,8,1,1,1,6,1790670228,192252107,1.12940744716508,0.6647791381504659,0.029105187008928068,0.9708948129910719
independent_seed,4,1,0,0,0,6,1833052179,324514849,-0.5826336338633671,0.4149944793737075,0.19719434586415022,0.8028056541358498
independent_seed,4,2,1,0,0,6,1833052179,324514849,-0.372984146339715,0.44558207816681583,0.19723797027736,0.80276202972264
independent_seed,4,3,0,1,0,6,1833052179,324514849,-0.5826336338633671,0.4149944793737075,0.19719434586415022,0.8028056541358498
independent_seed,4,4,0,0,1,6,1833052179,324514849,-1.7235059056354642,0.24854263760991546,0.20865025081599417,0.7913497491840058
independent_seed,4,5,1,1,0,6,1833052179,324514849,-0.372984146339715,0.44558207816681583,0.19723797027736,0.80276202972264
independent_seed,4,6,1,0,1,6,1833052179,324514849,-0.3987168820040775,0.4418277041225586,0.0814991485528072,0.9185008514471928
independent_seed,4,7,0,1,1,6,1833052179,324514849,-1.7235059056354642,0.24854263760991546,0.20865025081599417,0.7913497491840058
independent_seed,4,8,1,1,1,6,1833052179,324514849,-0.3987168820040775,0.4418277041225586,0.0814991485528072,0.9185008514471928
independent_seed,5,1,0,0,0,6,878174272,348778070,-1.0776940249359188,0.34276578566522325,8.73892162386394e-05,0.9999126107837614
independent_seed,5,2,1,0,0,6,878174272,348778070,0.3164393315843023,0.5461681038727465,0.13120187879210196,0.868798121207898
independent_seed,5,3,0,1,0,6,878174272,348778070,-1.0776940249359188,0.34276578566522325,8.73892162386394e-05,0.9999126107837614
independent_seed,5,4,0,0,1,6,878174272,348778070,-0.6595389828478586,0.4037740848591908,0.018097567453526395,0.9819024325464736
independent_seed,5,5,1,1,0,6,878174272,348778070,0.3164393315843023,0.5461681038727465,0.13120187879210196,0.868798121207898
independent_seed,5,6,1,0,1,6,878174272,348778070,-0.9848672148049443,0.3563091015066701,0.3141852864402814,0.6858147135597186
independent_seed,5,7,0,1,1,6,878174272,348778070,-0.6595389828478586,0.4037740848591908,0.018097567453526395,0.9819024325464736
independent_seed,5,8,1,1,1,6,878174272,348778070,-0.9848672148049443,0.3563091015066701,0.3141852864402814,0.6858147135597186
independent_seed,6,1,0,0,0,6,2059153432,955423257,-0.3277246835328035,0.45218537735099934,0.10028519630197447,0.8997148036980256
independent_seed,6,2,1,0,0,6,2059153432,955423257,0.15244143713195663,0.5222410155804035,0.004206253254123199,0.9957937467458768
independent_seed,6,3,0,1,0,6,2059153432,955423257,-0.3277246835328035,0.45218537735099934,0.10028519630197447,0.8997148036980256
independent_seed,6,4,0,0,1,6,2059153432,955423257,-0.1633083080494338,0.47617352150391556,0.0719809710836988,0.9280190289163012
independent_seed,6,5,1,1,0,6,2059153432,955423257,0.15244143713195663,0.5222410155804035,0.004206253254123199,0.9957937467458768
independent_seed,6,6,1,0,1,6,2059153432,955423257,-0.8775944504825798,0.37196006405028226,0.012819919991202198,0.9871800800087978
independent_seed,6,7,0,1,1,6,2059153432,955423257,-0.1633083080494338,0.47617352150391556,0.0719809710836988,0.9280190289163012
independent_seed,6,8,1,1,1,6,2059153432,955423257,-0.8775944504825798,0.37196006405028226,0.012819919991202198,0.9871800800087978
independent_seed,7,1,0,0,0,6,930603679,309436192,-0.850748495012095,0.3758768554760481,0.0006255686044610874,0.9993744313955389
independent_seed,7,2,1,0,0,6,930603679,309436192,0.04830940492510954,0.5070482819358972,0.0005850210527793873,0.9994149789472206
independent_seed,7,3,0,1,0,6,930603679,309436192,-0.850748495012095,0.3758768554760481,0.0006255686044610874,0.9993744313955389
independent_seed,7,4,0,0,1,6,930603679,309436192,-0.9653127183364552,0.3591620781566222,0.006090795587297062,0.9939092044127029
independent_seed,7,5,1,1,0,6,930603679,309436192,0.04830940492510954,0.5070482819358972,0.0005850210527793873,0.9994149789472206
independent_seed,7,6,1,0,1,6,930603679,309436192,-0.7980499533231699,0.3835655069924554,0.05227359390163355,0.9477264060983664
independent_seed,7,7,0,1,1,6,930603679,309436192,-0.9653127183364552,0.3591620781566222,0.006090795587297062,0.9939092044127029
independent_seed,7,8,1,1,1,6,930603679,309436192,-0.7980499533231699,0.3835655069924554,0.05227359390163355,0.9477264060983664
independent_seed,8,1,0,0,0,6,535145225,2132898135,-0.6208881360578162,0.4094131952075733,0.00020359226089430656,0.9997964077391057
independent_seed,8,2,1,0,0,6,535145225,2132898135,-0.8035815099426104,0.38275845977962725,0.03076589758771342,0.9692341024122866
independent_seed,8,3,0,1,0,6,535145225,2132898135,-0.6208881360578162,0.4094131952075733,0.00020359226089430656,0.9997964077391057
independent_seed,8,4,0,0,1,6,535145225,2132898135,-0.6376826972606358,0.4069628896711947,0.0001232307703485742,0.9998767692296514
independent_seed,8,5,1,1,0,6,535145225,2132898135,-0.8035815099426104,0.38275845977962725,0.03076589758771342,0.9692341024122866
independent_seed,8,6,1,0,1,6,535145225,2132898135,-0.3187007525499279,0.4535019576284005,0.032999512866099215,0.9670004871339007
independent_seed,8,7,0,1,1,6,535145225,2132898135,-0.6376826972606358,0.4069628896711947,0.0001232307703485742,0.9998767692296514
independent_seed,8,8,1,1,1,6,535145225,2132898135,-0.3187007525499279,0.4535019576284005,0.032999512866099215,0.9670004871339007
independent_seed,9,1,0,0,0,6,75935834,1035297782,0.9274025174525119,0.6353068708090968,0.014043280189570155,0.9859567198104299
independent_seed,9,2,1,0,0,6,75935834,1035297782,-1.6268996246047078,0.26263737354257394,0.13846648403323858,0.8615335159667614
independent_seed,9,3,0,1,0,6,75935834,1035297782,0.9274025174525119,0.6353068708090968,0.014043280189570155,0.9859567198104299
independent_seed,9,4,0,0,1,6,75935834,1035297782,1.6646171609838993,0.74286556798072,0.008599814147138903,0.991400185852861
independent_seed,9,5,1,1,0,6,75935834,1035297782,-1.6268996246047078,0.26263737354257394,0.13846648403323858,0.8615335159667614
independent_seed,9,6,1,0,1,6,75935834,1035297782,-1.3276540229737055,0.3062969336560171,0.11757486408099377,0.8824251359190063
independent_seed,9,7,0,1,1,6,75935834,1035297782,1.6646171609838993,0.74286556798072,0.008599814147138903,0.991400185852861
independent_seed,9,8,1,1,1,6,75935834,1035297782,-1.3276540229737055,0.3062969336560171,0.11757486408099377,0.8824251359190063
independent_seed,10,1,0,0,0,6,535837622,481101911,0.8902561063172665,0.6298872557466915,0.007958766335493476,0.9920412336645065
independent_seed,10,2,1,0,0,6,535837622,481101911,0.8000810834875607,0.6167308323656744,0.0016521225374036344,0.9983478774625963
independent_seed,10,3,0,1,0,6,535837622,481101911,0.8902561063172665,0.6298872557466915,0.007958766335493476,0.9920412336645065
independent_seed,10,4,0,0,1,6,535837622,481101911,0.6586793258018979,0.5961004922498111,0.0015680129534871795,0.9984319870465128
independent_seed,10,5,1,1,0,6,535837622,481101911,0.8000810834875607,0.6167308323656744,0.0016521225374036344,0.9983478774625963
independent_seed,10,6,1,0,1,6,535837622,481101911,-1.2323125600929223,0.3202071341978449,0.11666838672098756,0.8833316132790124
independent_seed,10,7,0,1,1,6,535837622,481101911,0.6586793258018979,0.5961004922498111,0.0015680129534871795,0.9984319870465128
independent_seed,10,8,1,1,1,6,535837622,481101911,-1.2323125600929223,0.3202071341978449,0.11666838672098756,0.8833316132790124
independent_seed,11,1,0,0,0,6,753704450,2078752069,-0.08239511018787793,0.48797865617173797,0.0813363054517316,0.9186636945482685
independent_seed,11,2,1,0,0,6,753704450,2078752069,-1.5367028147824386,0.2757969756186373,0.17501085070494568,0.8249891492950543
independent_seed,11,3,0,1,0,6,753704450,2078752069,-0.08239511018787793,0.48797865617173797,0.0813363054517316,0.9186636945482685
independent_seed,11,4,0,0,1,6,753704450,2078752069,0.1010515361052991,0.5147432931047232,0.08359948618783779,0.9164005138121623
independent_seed,11,5,1,1,0,6,753704450,2078752069,-1.5367028147824386,0.2757969756186373,0.17501085070494568,0.8249891492950543
independent_seed,11,6,1,0,1,6,753704450,2078752069,-0.5094188005589955,0.4256764322526325,0.0035578430734800716,0.9964421569265199
independent_seed,11,7,0,1,1,6,753704450,2078752069,0.1010515361052991,0.5147432931047232,0.08359948618783779,0.9164005138121623
independent_seed,11,8,1,1,1,6,753704450,2078752069,-0.5094188005589955,0.4256764322526325,0.0035578430734800716,0.9964421569265199
independent_seed,12,1,0,0,0,6,1754990879,2099985049,1.1831200649977394,0.6726157421116732,0.00048714314328453316,0.9995128568567154
independent_seed,12,2,1,0,0,6,1754990879,2099985049,-0.6292756926184542,0.4081894611648066,0.015875264385104164,0.9841247356148959
independent_seed,12,3,0,1,0,6,1754990879,2099985049,1.1831200649977394,0.6726157421116732,0.00048714314328453316,0.9995128568567154
independent_seed,12,4,0,0,1,6,1754990879,2099985049,1.2025929181945134,0.6754568071100927,4.73037910217969e-05,0.9999526962089782
independent_seed,12,5,1,1,0,6,1754990879,2099985049,-0.6292756926184542,0.4081894611648066,0.015875264385104164,0.9841247356148959
independent_seed,12,6,1,0,1,6,1754990879,2099985049,-0.23126476302182628,0.4662587594663362,0.006020337392964364,0.9939796626070356
independent_seed,12,7,0,1,1,6,1754990879,2099985049,1.2025929181945134,0.6754568071100927,4.73037910217969e-05,0.9999526962089782
independent_seed,12,8,1,1,1,6,1754990879,2099985049,-0.23126476302182628,0.4662587594663362,0.006020337392964364,0.9939796626070356
independent_seed,13,1,0,0,0,6,1193266379,1683117505,0.5492787102777701,0.5801390788693295,0.032468381387495415,0.9675316186125046
independent_seed,13,2,1,0,0,6,1193266379,1683117505,1.0449659849687853,0.6524592341160126,0.009046057385395118,0.9909539426146049
independent_seed,13,3,0,1,0,6,1193266379,1683117505,0.5492787102777701,0.5801390788693295,0.032468381387495415,0.9675316186125046
independent_seed,13,4,0,0,1,6,1193266379,1683117505,0.6149195920851087,0.5897160016696879,0.023897480940439576,0.9761025190595605
independent_seed,13,5,1,1,0,6,1193266379,1683117505,1.0449659849687853,0.6524592341160126,0.009046057385395118,0.9909539426146049
independent_seed,13,6,1,0,1,6,1193266379,1683117505,0.13222081970139468,0.5192908527127496,0.020126921524084525,0.9798730784759154
independent_seed,13,7,0,1,1,6,1193266379,1683117505,0.6149195920851087,0.5897160016696879,0.023897480940439576,0.9761025190595605
independent_seed,13,8,1,1,1,6,1193266379,1683117505,0.13222081970139468,0.5192908527127496,0.020126921524084525,0.9798730784759154
independent_seed,14,1,0,0,0,6,857668467,24658774,-0.08717888075415181,0.4872807100115645,0.035982011229920834,0.9640179887700792
independent_seed,14,2,1,0,0,6,857668467,24658774,0.07479866414088546,0.5109130318229076,0.03011721761790572,0.9698827823820942
independent_seed,14,3,0,1,0,6,857668467,24658774,-0.08717888075415181,0.4872807100115645,0.035982011229920834,0.9640179887700792
independent_seed,14,4,0,0,1,6,857668467,24658774,-0.33031092001070445,0.4518080486739559,0.038440207931189734,0.9615597920688103
independent_seed,14,5,1,1,0,6,857668467,24658774,0.07479866414088546,0.5109130318229076,0.03011721761790572,0.9698827823820942
independent_seed,14,6,1,0,1,6,857668467,24658774,-1.1021141721014633,0.3392029166461227,0.10349382152957937,0.8965061784704207
independent_seed,14,7,0,1,1,6,857668467,24658774,-0.33031092001070445,0.4518080486739559,0.038440207931189734,0.9615597920688103
independent_seed,14,8,1,1,1,6,857668467,24658774,-1.1021141721014633,0.3392029166461227,0.10349382152957937,0.8965061784704207
independent_seed,15,1,0,0,0,6,1306415849,1266450282,-1.431649351416163,0.29112414492026334,0.40114721384329083,0.5988527861567092
independent_seed,15,2,1,0,0,6,1306415849,1266450282,1.1749977318620184,0.6714307038358636,0.017991630949307686,0.9820083690506923
independent_seed,15,3,0,1,0,6,1306415849,1266450282,-1.431649351416163,0.29112414492026334,0.40114721384329083,0.5988527861567092
independent_seed,15,4,0,0,1,6,1306415849,1266450282,-1.899107778913453,0.2229225432772765,0.6528123396335986,0.34718766036640136
independent_seed,15,5,1,1,0,6,1306415849,1266450282,1.1749977318620184,0.6714307038358636,0.017991630949307686,0.9820083690506923
independent_seed,15,6,1,0,1,6,1306415849,1266450282,0.825583930743172,0.6204516659777698,7.704463874274166e-05,0.9999229553612573
independent_seed,15,7,0,1,1,6,1306415849,1266450282,-1.899107778913453,0.2229225432772765,0.6528123396335986,0.34718766036640136
independent_seed,15,8,1,1,1,6,1306415849,1266450282,0.825583930743172,0.6204516659777698,7.704463874274166e-05,0.9999229553612573
independent_seed,16,1,0,0,0,6,616834443,201380168,-0.8144106340638986,0.3811785040744392,0.030342477982540934,0.969657522017459
independent_seed,16,2,1,0,0,6,616834443,201380168,0.30475294387714724,0.5444630744794032,0.016765150423708047,0.9832348495762919
independent_seed,16,3,0,1,0,6,616834443,201380168,-0.8144106340638986,0.3811785040744392,0.030342477982540934,0.969657522017459
independent_seed,16,4,0,0,1,6,616834443,201380168,-1.0419710880448934,0.34797771761049423,0.10451614371369417,0.8954838562863059
independent_seed,16,5,1,1,0,6,616834443,201380168,0.30475294387714724,0.5444630744794032,0.016765150423708047,0.9832348495762919
independent_seed,16,6,1,0,1,6,616834443,201380168,0.5247622269970273,0.5765621545311543,0.01018318541222053,0.9898168145877795
independent_seed,16,7,0,1,1,6,616834443,201380168,-1.0419710880448934,0.34797771761049423,0.10451614371369417,0.8954838562863059
independent_seed,16,8,1,1,1,6,616834443,201380168,0.5247622269970273,0.5765621545311543,0.01018318541222053,0.9898168145877795
independent_seed,17,1,0,0,0,6,1417917141,1817938003,-0.9789128846563826,0.357177830850191,0.03342736073469378,0.9665726392653062
independent_seed,17,2,1,0,0,6,1417917141,1817938003,0.7718677730225083,0.6126145455513169,0.0038621459459575397,0.9961378540540424
independent_seed,17,3,0,1,0,6,1417917141,1817938003,-0.9789128846563826,0.357177830850191,0.03342736073469378,0.9665726392653062
independent_seed,17,4,0,0,1,6,1417917141,1817938003,-0.87942108652614,0.3716935601293741,0.04022654793483487,0.9597734520651652
independent_seed,17,5,1,1,0,6,1417917141,1817938003,0.7718677730225083,0.6126145455513169,0.0038621459459575397,0.9961378540540424
independent_seed,17,6,1,0,1,6,1417917141,1817938003,0.6762306712182735,0.5986612116592243,4.704925278733867e-05,0.9999529507472127
independent_seed,17,7,0,1,1,6,1417917141,1817938003,-0.87942108652614,0.3716935601293741,0.04022654793483487,0.9597734520651652
independent_seed,17,8,1,1,1,6,1417917141,1817938003,0.6762306712182735,0.5986612116592243,4.704925278733867e-05,0.9999529507472127
independent_seed,18,1,0,0,0,6,411280813,1675905986,0.8547208344067934,0.6247027038880616,0.03080349917761108,0.969196500822389
independent_seed,18,2,1,0,0,6,411280813,1675905986,-1.1886827861650195,0.32657266380683175,0.02558316373791026,0.9744168362620897
independent_seed,18,3,0,1,0,6,411280813,1675905986,0.8547208344067934,0.6247027038880616,0.03080349917761108,0.969196500822389
independent_seed,18,4,0,0,1,6,411280813,1675905986,0.9946803522710136,0.6451226230124748,0.013825845107280361,0.9861741548927196
independent_seed,18,5,1,1,0,6,411280813,1675905986,-1.1886827861650195,0.32657266380683175,0.02558316373791026,0.9744168362620897
independent_seed,18,6,1,0,1,6,411280813,1675905986,-0.8739735533122917,0.372488348432105,0.021670919472509098,0.9783290805274909
independent_seed,18,7,0,1,1,6,411280813,1675905986,0.9946803522710136,0.6451226230124748,0.013825845107280361,0.9861741548927196
independent_seed,18,8,1,1,1,6,411280813,1675905986,-0.8739735533122917,0.372488348432105,0.021670919472509098,0.9783290805274909
independent_seed,19,1,0,0,0,6,931771768,186360410,-0.9996868325919643,0.3541469377518675,0.003420296784871923,0.9965797032151281
independent_seed,19,2,1,0,0,6,931771768,186360410,1.4125968766772123,0.7060961227740945,2.956035139959472e-06,0.99999704396486
independent_seed,19,3,0,1,0,6,931771768,186360410,-0.9996868325919643,0.3541469377518675,0.003420296784871923,0.9965797032151281
independent_seed,19,4,0,0,1,6,931771768,186360410,-0.7288830890090761,0.39365686624358726,0.0031761163573813594,0.9968238836426186
independent_seed,19,5,1,1,0,6,931771768,186360410,1.4125968766772123,0.7060961227740945,2.956035139959472e-06,0.99999704396486
independent_seed,19,6,1,0,1,6,931771768,186360410,0.7309321181437938,0.6066420845519929,0.0026301207700467387,0.9973698792299532
independent_seed,19,7,0,1,1,6,931771768,186360410,-0.7288830890090761,0.39365686624358726,0.0031761163573813594,0.9968238836426186
independent_seed,19,8,1,1,1,6,931771768,186360410,0.7309321181437938,0.6066420845519929,0.0026301207700467387,0.9973698792299532
independent_seed,20,1,0,0,0,6,116040221,515270094,0.4294912961403698,0.5626622445236917,0.08371297666219615,0.9162870233378039
independent_seed,20,2,1,0,0,6,116040221,515270094,0.4817482834940752,0.5702864738132165,0.08328825890616404,0.9167117410938359
independent_seed,20,3,0,1,0,6,116040221,515270094,0.4294912961403698,0.5626622445236917,0.08371297666219615,0.9162870233378039
independent_seed,20,4,0,0,1,6,116040221,515270094,0.1072625917857381,0.5156494783832037,0.1442138389545362,0.8557861610454638
independent_seed,20,5,1,1,0,6,116040221,515270094,0.4817482834940752,0.5702864738132165,0.08328825890616404,0.9167117410938359
independent_seed,20,6,1,0,1,6,116040221,515270094,-1.3966559655451463,0.296229636281478,0.16324561650677857,0.8367543834932214
independent_seed,20,7,0,1,1,6,116040221,515270094,0.1072625917857381,0.5156494783832037,0.1442138389545362,0.8557861610454638
independent_seed,20,8,1,1,1,6,116040221,515270094,-1.3966559655451463,0.296229636281478,0.16324561650677857,0.8367543834932214
independent_seed,21,1,0,0,0,6,1840486787,771020262,0.8000128626706087,0.6167208790335537,0.08474729123508873,0.9152527087649113
independent_seed,21,2,1,0,0,6,1840486787,771020262,-1.1850516358741192,0.3271024441061659,0.023622940030626084,0.976377059969374
independent_seed,21,3,0,1,0,6,1840486787,771020262,0.8000128626706087,0.6167208790335537,0.08474729123508873,0.9152527087649113
independent_seed,21,4,0,0,1,6,1840486787,771020262,0.5047229620205681,0.5736384507604042,0.17168598298717974,0.8283140170128203
independent_seed,21,5,1,1,0,6,1840486787,771020262,-1.1850516358741192,0.3271024441061659,0.023622940030626084,0.976377059969374
independent_seed,21,6,1,0,1,6,1840486787,771020262,-1.2155126064574635,0.3226582264834212,0.02542720679408015,0.9745727932059198
independent_seed,21,7,0,1,1,6,1840486787,771020262,0.5047229620205681,0.5736384507604042,0.17168598298717974,0.8283140170128203
independent_seed,21,8,1,1,1,6,1840486787,771020262,-1.2155126064574635,0.3226582264834212,0.02542720679408015,0.9745727932059198
independent_seed,22,1,0,0,0,6,1158468561,2015147750,-0.7474448492211749,0.39094872857548296,0.006070117304080916,0.9939298826959191
independent_seed,22,2,1,0,0,6,1158468561,2015147750,0.0653503542226812,0.5095345351880499,0.00953810728491535,0.9904618927150847
independent_seed,22,3,0,1,0,6,1158468561,2015147750,-0.7474448492211749,0.39094872857548296,0.006070117304080916,0.9939298826959191
independent_seed,22,4,0,0,1,6,1158468561,2015147750,-0.86081086988637,0.37440876752984953,0.005811990555264016,0.994188009444736
independent_seed,22,5,1,1,0,6,1158468561,2015147750,0.0653503542226812,0.5095345351880499,0.00953810728491535,0.9904618927150847
independent_seed,22,6,1,0,1,6,1158468561,2015147750,-0.24847183703643977,0.46374826882512754,0.051990256231930834,0.9480097437680691
independent_seed,22,7,0,1,1,6,1158468561,2015147750,-0.86081086988637,0.37440876752984953,0.005811990555264016,0.994188009444736
independent_seed,22,8,1,1,1,6,1158468561,2015147750,-0.24847183703643977,0.46374826882512754,0.051990256231930834,0.9480097437680691
independent_seed,23,1,0,0,0,6,1451865810,1441827278,1.026633299285128,0.649784518135948,0.0008977399951320791,0.9991022600048679
independent_seed,23,2,1,0,0,6,1451865810,1441827278,-0.5724034255150026,0.41648705401448444,0.03271191075061488,0.9672880892493851
independent_seed,23,3,0,1,0,6,1451865810,1441827278,1.026633299285128,0.649784518135948,0.0008977399951320791,0.9991022600048679
independent_seed,23,4,0,0,1,6,1451865810,1441827278,0.0791643812888646,0.5115499845106718,0.0017966983269003271,0.9982033016730997
independent_seed,23,5,1,1,0,6,1451865810,1441827278,-0.5724034255150026,0.41648705401448444,0.03271191075061488,0.9672880892493851
independent_seed,23,6,1,0,1,6,1451865810,1441827278,-0.9665198676766311,0.358985956573227,0.0006722424747793587,0.9993277575252206
independent_seed,23,7,0,1,1,6,1451865810,1441827278,0.0791643812888646,0.5115499845106718,0.0017966983269003271,0.9982033016730997
independent_seed,23,8,1,1,1,6,1451865810,1441827278,-0.9665198676766311,0.358985956573227,0.0006722424747793587,0.9993277575252206
independent_seed,24,1,0,0,0,6,1008203325,770606268,0.18464227443135833,0.5269390775873767,2.8844279763647966e-08,0.9999999711557203
independent_seed,24,2,1,0,0,6,1008203325,770606268,-0.3110063719568574,0.4546245581619018,0.04740499778263968,0.9525950022173604
independent_seed,24,3,0,1,0,6,1008203325,770606268,0.18464227443135833,0.5269390775873767,2.8844279763647966e-08,0.9999999711557203
independent_seed,24,4,0,0,1,6,1008203325,770606268,1.0732729754232857,0.6565891887240101,0.0036805420943938185,0.9963194579056062
independent_seed,24,5,1,1,0,6,1008203325,770606268,-0.3110063719568574,0.4546245581619018,0.04740499778263968,0.9525950022173604
independent_seed,24,6,1,0,1,6,1008203325,770606268,0.8526562162517508,0.624401478673856,0.026251501809535005,0.9737484981904649
independent_seed,24,7,0,1,1,6,1008203325,770606268,1.0732729754232857,0.6565891887240101,0.0036805420943938185,0.9963194579056062
independent_seed,24,8,1,1,1,6,1008203325,770606268,0.8526562162517508,0.624401478673856,0.026251501809535005,0.9737484981904649
independent_seed,25,1,0,0,0,6,270336647,2041798413,0.9335538153301522,0.6362043374986681,0.029059790075913472,0.9709402099240865
independent_seed,25,2,1,0,0,6,270336647,2041798413,-0.697515705144544,0.39823332843374404,0.3040415389479408,0.6959584610520593
independent_seed,25,3,0,1,0,6,270336647,2041798413,0.9335538153301522,0.6362043374986681,0.029059790075913472,0.9709402099240865
independent_seed,25,4,0,0,1,6,270336647,2041798413,0.9552607143657008,0.6393713469990703,0.027352655709013476,0.9726473442909865
independent_seed,25,5,1,1,0,6,270336647,2041798413,-0.697515705144544,0.39823332843374404,0.3040415389479408,0.6959584610520593
independent_seed,25,6,1,0,1,6,270336647,2041798413,0.5869876503540162,0.5856407662027434,0.04266729698293246,0.9573327030170675
independent_seed,25,7,0,1,1,6,270336647,2041798413,0.9552607143657008,0.6393713469990703,0.027352655709013476,0.9726473442909865
independent_seed,25,8,1,1,1,6,270336647,2041798413,0.5869876503540162,0.5856407662027434,0.04266729698293246,0.9573327030170675
independent_seed,26,1,0,0,0,6,1853777252,1624429211,0.23198559796511686,0.5338464094529962,0.0015541680378245624,0.9984458319621754
independent_seed,26,2,1,0,0,6,1853777252,1624429211,0.9584476607436502,0.6398363185014351,0.010229119887352443,0.9897708801126476
independent_seed,26,3,0,1,0,6,1853777252,1624429211,0.23198559796511686,0.5338464094529962,0.0015541680378245624,0.9984458319621754
independent_seed,26,4,0,0,1,6,1853777252,1624429211,0.5464661446000089,0.579728729044263,0.0018386868279295138,0.9981613131720705
independent_seed,26,5,1,1,0,6,1853777252,1624429211,0.9584476607436502,0.6398363185014351,0.010229119887352443,0.9897708801126476
independent_seed,26,6,1,0,1,6,1853777252,1624429211,-0.1204948005488304,0.482419958859058,0.06994374223958827,0.9300562577604117
independent_seed,26,7,0,1,1,6,1853777252,1624429211,0.5464661446000089,0.579728729044263,0.0018386868279295138,0.9981613131720705
independent_seed,26,8,1,1,1,6,1853777252,1624429211,-0.1204948005488304,0.482419958859058,0.06994374223958827,0.9300562577604117
independent_seed,27,1,0,0,0,6,332824401,1177553632,-0.2704511093530474,0.460541520402673,0.01371601181111626,0.9862839881888837
independent_seed,27,2,1,0,0,6,332824401,1177553632,-0.2357209541104271,0.46560860674345783,0.025528283905217327,0.9744717160947827
independent_seed,27,3,0,1,0,6,332824401,1177553632,-0.2704511093530474,0.460541520402673,0.01371601181111626,0.9862839881888837
independent_seed,27,4,0,0,1,6,332824401,1177553632,-0.5983254965390636,0.41270505617735165,0.021935212590329628,0.9780647874096704
independent_seed,27,5,1,1,0,6,332824401,1177553632,-0.2357209541104271,0.46560860674345783,0.025528283905217327,0.9744717160947827
independent_seed,27,6,1,0,1,6,332824401,1177553632,-1.9175966795970432,0.22022503572352453,0.2601448202658679,0.7398551797341322
independent_seed,27,7,0,1,1,6,332824401,1177553632,-0.5983254965390636,0.41270505617735165,0.021935212590329628,0.9780647874096704
independent_seed,27,8,1,1,1,6,332824401,1177553632,-1.9175966795970432,0.22022503572352453,0.2601448202658679,0.7398551797341322
independent_seed,28,1,0,0,0,6,449389087,1035812251,-0.7671019236366278,0.3880807859309854,0.021231986307526825,0.9787680136924731
independent_seed,28,2,1,0,0,6,449389087,1035812251,1.4825130103032758,0.7162967994834907,0.008652870957333868,0.9913471290426661
independent_seed,28,3,0,1,0,6,449389087,1035812251,-0.7671019236366278,0.3880807859309854,0.021231986307526825,0.9787680136924731
independent_seed,28,4,0,0,1,6,449389087,1035812251,0.1552544569261548,0.522651431660492,0.013874990163672229,0.9861250098363278
independent_seed,28,5,1,1,0,6,449389087,1035812251,1.4825130103032758,0.7162967994834907,0.008652870957333868,0.9913471290426661
independent_seed,28,6,1,0,1,6,449389087,1035812251,1.7094269920088219,0.74940326644861,0.002486432645636939,0.997513567354363
independent_seed,28,7,0,1,1,6,449389087,1035812251,0.1552544569261548,0.522651431660492,0.013874990163672229,0.9861250098363278
independent_seed,28,8,1,1,1,6,449389087,1035812251,1.7094269920088219,0.74940326644861,0.002486432645636939,0.997513567354363
independent_seed,29,1,0,0,0,6,325493503,444728372,1.7008233203178804,0.7481480014778313,3.168595132916442e-05,0.9999683140486708
independent_seed,29,2,1,0,0,6,325493503,444728372,1.3754873796104448,0.7006818934282476,0.0004459874680973344,0.9995540125319027
independent_seed,29,3,0,1,0,6,325493503,444728372,1.7008233203178804,0.7481480014778313,3.168595132916442e-05,0.9999683140486708
independent_seed,29,4,0,0,1,6,325493503,444728372,2.475993865142244,0.8612444173164244,1.4699887544722445e-07,0.9999998530011246
independent_seed,29,5,1,1,0,6,325493503,444728372,1.3754873796104448,0.7006818934282476,0.0004459874680973344,0.9995540125319027
independent_seed,29,6,1,0,1,6,325493503,444728372,1.2214592181208899,0.6782093767427436,5.750915221750596e-05,0.9999424908477825
independent_seed,29,7,0,1,1,6,325493503,444728372,2.475993865142244,0.8612444173164244,1.4699887544722445e-07,0.9999998530011246
independent_seed,29,8,1,1,1,6,325493503,444728372,1.2214592181208899,0.6782093767427436,5.750915221750596e-05,0.9999424908477825
independent_seed,30,1,0,0,0,6,968882038,191665333,-1.3196382573741041,0.3074664238611985,0.4486986745406399,0.5513013254593602
independent_seed,30,2,1,0,0,6,968882038,191665333,0.33911221810750025,0.5494760497429935,0.13698195478006744,0.8630180452199325
independent_seed,30,3,0,1,0,6,968882038,191665333,-1.3196382573741041,0.3074664238611985,0.4486986745406399,0.5513013254593602
independent_seed,30,4,0,0,1,6,968882038,191665333,-1.3556128807418044,0.30221777117283805,0.46622297029391097,0.5337770297060891
independent_seed,30,5,1,1,0,6,968882038,191665333,0.33911221810750025,0.5494760497429935,0.13698195478006744,0.8630180452199325
independent_seed,30,6,1,0,1,6,968882038,191665333,1.2295261158682722,0.6793863270645236,0.020389808371186754,0.9796101916288132
independent_seed,30,7,0,1,1,6,968882038,191665333,-1.3556128807418044,0.30221777117283805,0.46622297029391097,0.5337770297060891
independent_seed,30,8,1,1,1,6,968882038,191665333,1.2295261158682722,0.6793863270645236,0.020389808371186754,0.9796101916288132
independent_seed,31,1,0,0,0,6,812606562,1991528800,0.3109162517590875,0.5453622934136252,0.026232101030764086,0.9737678989692359
independent_seed,31,2,1,0,0,6,812606562,1991528800,-0.6790096432765562,0.4009333397828993,0.008934532981862054,0.9910654670181379
independent_seed,31,3,0,1,0,6,812606562,1991528800,0.3109162517590875,0.5453622934136252,0.026232101030764086,0.9737678989692359
independent_seed,31,4,0,0,1,6,812606562,1991528800,0.7184711287387107,0.6048240417368638,0.03856424638736654,0.9614357536126334
independent_seed,31,5,1,1,0,6,812606562,1991528800,-0.6790096432765562,0.4009333397828993,0.008934532981862054,0.9910654670181379
independent_seed,31,6,1,0,1,6,812606562,1991528800,-0.15015350015313214,0.47809279157170953,0.007618572626720563,0.9923814273732794
independent_seed,31,7,0,1,1,6,812606562,1991528800,0.7184711287387107,0.6048240417368638,0.03856424638736654,0.9614357536126334
independent_seed,31,8,1,1,1,6,812606562,1991528800,-0.15015350015313214,0.47809279157170953,0.007618572626720563,0.9923814273732794
independent_seed,32,1,0,0,0,6,1972291923,1185376648,-1.9734905307265094,0.21207019254434928,0.4129037116594972,0.5870962883405029
independent_seed,32,2,1,0,0,6,1972291923,1185376648,-0.8620047326660889,0.3742345844390564,0.22317004347076475,0.7768299565292353
independent_seed,32,3,0,1,0,6,1972291923,1185376648,-1.9734905307265094,0.21207019254434928,0.4129037116594972,0.5870962883405029
independent_seed,32,4,0,0,1,6,1972291923,1185376648,-2.182323090114525,0.18160178254750653,0.4392087005948601,0.5607912994051398
independent_seed,32,5,1,1,0,6,1972291923,1185376648,-0.8620047326660889,0.3742345844390564,0.22317004347076475,0.7768299565292353
independent_seed,32,6,1,0,1,6,1972291923,1185376648,-0.45748969477839796,0.4332528240295148,0.11917611942452268,0.8808238805754773
independent_seed,32,7,0,1,1,6,1972291923,1185376648,-2.182323090114525,0.18160178254750653,0.4392087005948601,0.5607912994051398
independent_seed,32,8,1,1,1,6,1972291923,1185376648,-0.45748969477839796,0.4332528240295148,0.11917611942452268,0.8808238805754773
independent_seed,33,1,0,0,0,6,588741965,418947518,0.4365215899435725,0.5636879556226791,0.06484387855975858,0.9351561214402414
independent_seed,33,2,1,0,0,6,588741965,418947518,-0.45714524188756106,0.4333030792767491,0.14178093613819684,0.8582190638618031
independent_seed,33,3,0,1,0,6,588741965,418947518,0.4365215899435725,0.5636879556226791,0.06484387855975858,0.9351561214402414
independent_seed,33,4,0,0,1,6,588741965,418947518,0.20108343761030367,0.5293378227927655,0.055906406141097924,0.9440935938589021
independent_seed,33,5,1,1,0,6,588741965,418947518,-0.45714524188756106,0.4333030792767491,0.14178093613819684,0.8582190638618031
independent_seed,33,6,1,0,1,6,588741965,418947518,-2.2000527351030135,0.1790150494528647,0.4176089459196953,0.5823910540803048
independent_seed,33,7,0,1,1,6,588741965,418947518,0.20108343761030367,0.5293378227927655,0.055906406141097924,0.9440935938589021
independent_seed,33,8,1,1,1,6,588741965,418947518,-2.2000527351030135,0.1790150494528647,0.4176089459196953,0.5823910540803048
independent_seed,34,1,0,0,0,6,1187332713,1033609656,-1.511226885132185,0.27951388198567767,0.2880757024720131,0.7119242975279869
independent_seed,34,2,1,0,0,6,1187332713,1033609656,-0.2474939127275044,0.46389094676231246,0.12452045672550982,0.8754795432744902
independent_seed,34,3,0,1,0,6,1187332713,1033609656,-1.511226885132185,0.27951388198567767,0.2880757024720131,0.7119242975279869
independent_seed,34,4,0,0,1,6,1187332713,1033609656,-0.9984376791418471,0.3543291876825233,0.029516704919225336,0.9704832950807747
independent_seed,34,5,1,1,0,6,1187332713,1033609656,-0.2474939127275044,0.46389094676231246,0.12452045672550982,0.8754795432744902
independent_seed,34,6,1,0,1,6,1187332713,1033609656,-0.4713470431876555,0.431231054176961,0.2427270597161433,0.7572729402838567
independent_seed,34,7,0,1,1,6,1187332713,1033609656,-0.9984376791418471,0.3543291876825233,0.029516704919225336,0.9704832950807747
independent_seed,34,8,1,1,1,6,1187332713,1033609656,-0.4713470431876555,0.431231054176961,0.2427270597161433,0.7572729402838567
independent_seed,35,1,0,0,0,6,222720564,45576461,-0.8395710928373754,0.37750762451492287,0.016567310533878336,0.9834326894661216
independent_seed,35,2,1,0,0,6,222720564,45576461,-0.523437727141819,0.4236310883460461,0.046891314389853625,0.9531086856101464
independent_seed,35,3,0,1,0,6,222720564,45576461,-0.8395710928373754,0.37750762451492287,0.016567310533878336,0.9834326894661216
independent_seed,35,4,0,0,1,6,222720564,45576461,-1.0436989567757982,0.3477256237173379,0.004149512150421908,0.9958504878495781
independent_seed,35,5,1,1,0,6,222720564,45576461,-0.523437727141819,0.4236310883460461,0.046891314389853625,0.9531086856101464
independent_seed,35,6,1,0,1,6,222720564,45576461,0.03914392408321392,0.5057110497105803,0.020888854201657536,0.9791111457983425
independent_seed,35,7,0,1,1,6,222720564,45576461,-1.0436989567757982,0.3477256237173379,0.004149512150421908,0.9958504878495781
independent_seed,35,8,1,1,1,6,222720564,45576461,0.03914392408321392,0.5057110497105803,0.020888854201657536,0.9791111457983425
independent_seed,36,1,0,0,0,6,1430022569,1411302778,-1.0754597249052202,0.3430917672534908,0.1697055807827582,0.8302944192172418
independent_seed,36,2,1,0,0,6,1430022569,1411302778,-0.17881250810458563,0.4739114780498786,0.004700492872205093,0.9952995071277949
independent_seed,36,3,0,1,0,6,1430022569,1411302778,-1.0754597249052202,0.3430917672534908,0.1697055807827582,0.8302944192172418
independent_seed,36,4,0,0,1,6,1430022569,1411302778,-1.0266371821950657,0.35021491535233423,0.12826755634001,0.87173244365999
independent_seed,36,5,1,1,0,6,1430022569,1411302778,-0.17881250810458563,0.4739114780498786,0.004700492872205093,0.9952995071277949
independent_seed,36,6,1,0,1,6,1430022569,1411302778,0.06404179119675432,0.5093436174743683,0.007116423953346727,0.9928835760466532
independent_seed,36,7,0,1,1,6,1430022569,1411302778,-1.0266371821950657,0.35021491535233423,0.12826755634001,0.87173244365999
independent_seed,36,8,1,1,1,6,1430022569,1411302778,0.06404179119675432,0.5093436174743683,0.007116423953346727,0.9928835760466532
independent_seed,37,1,0,0,0,6,231584888,1257823566,-0.7520075680076379,0.3902830335943285,0.0005026240741540917,0.9994973759258459
independent_seed,37,2,1,0,0,6,231584888,1257823566,-2.0032407901155564,0.20772966679858318,0.3025052568014208,0.6974947431985792
independent_seed,37,3,0,1,0,6,231584888,1257823566,-0.7520075680076379,0.3902830335943285,0.0005026240741540917,0.9994973759258459
independent_seed,37,4,0,0,1,6,231584888,1257823566,-0.8109794974791649,0.3816791026234643,0.00016436264266823843,0.9998356373573317
independent_seed,37,5,1,1,0,6,231584888,1257823566,-2.0032407901155564,0.20772966679858318,0.3025052568014208,0.6974947431985792
independent_seed,37,6,1,0,1,6,231584888,1257823566,-2.5757690638607484,0.12419850561197082,0.2874387323608349,0.712561267639165
independent_seed,37,7,0,1,1,6,231584888,1257823566,-0.8109794974791649,0.3816791026234643,0.00016436264266823843,0.9998356373573317
independent_seed,37,8,1,1,1,6,231584888,1257823566,-2.5757690638607484,0.12419850561197082,0.2874387323608349,0.712561267639165
independent_seed,38,1,0,0,0,6,94771522,553121714,1.506630260502118,0.7198154762128673,7.908369856808797e-05,0.9999209163014319
independent_seed,38,2,1,0,0,6,94771522,553121714,0.21212120792069794,0.5309482197167587,0.02191958122038161,0.9780804187796184
independent_seed,38,3,0,1,0,6,94771522,553121714,1.506630260502118,0.7198154762128673,7.908369856808797e-05,0.9999209163014319
independent_seed,38,4,0,0,1,6,94771522,553121714,0.9346627674274028,0.6363661322267742,2.1466459970633786e-06,0.9999978533540029
independent_seed,38,5,1,1,0,6,94771522,553121714,0.21212120792069794,0.5309482197167587,0.02191958122038161,0.9780804187796184
independent_seed,38,6,1,0,1,6,94771522,553121714,-0.46039501832318164,0.4328289409473204,0.0924545710847043,0.9075454289152957
independent_seed,38,7,0,1,1,6,94771522,553121714,0.9346627674274028,0.6363661322267742,2.1466459970633786e-06,0.9999978533540029
independent_seed,38,8,1,1,1,6,94771522,553121714,-0.46039501832318164,0.4328289409473204,0.0924545710847043,0.9075454289152957
independent_seed,39,1,0,0,0,6,1820730353,403287037,1.146119614292585,0.6672174224940028,0.0001355482059625366,0.9998644517940375
independent_seed,39,2,1,0,0,6,1820730353,403287037,0.7566202675658033,0.6103899535190906,4.660905148254831e-06,0.9999953390948517
independent_seed,39,3,0,1,0,6,1820730353,403287037,1.146119614292585,0.6672174224940028,0.0001355482059625366,0.9998644517940375
independent_seed,39,4,0,0,1,6,1820730353,403287037,1.007910782003521,0.6470529262118695,0.0003476038027112543,0.9996523961972887
independent_seed,39,5,1,1,0,6,1820730353,403287037,0.7566202675658033,0.6103899535190906,4.660905148254831e-06,0.9999953390948517
independent_seed,39,6,1,0,1,6,1820730353,403287037,0.9852076700416172,0.6437405704878069,0.0017512807473069518,0.9982487192526931
independent_seed,39,7,0,1,1,6,1820730353,403287037,1.007910782003521,0.6470529262118695,0.0003476038027112543,0.9996523961972887
independent_seed,39,8,1,1,1,6,1820730353,403287037,0.9852076700416172,0.6437405704878069,0.0017512807473069518,0.9982487192526931
independent_seed,40,1,0,0,0,6,1513262874,2051590715,0.6559618010156498,0.5957040087722986,0.06381642649255775,0.9361835735074422
independent_seed,40,2,1,0,0,6,1513262874,2051590715,-0.4842104436586393,0.4293543000891307,0.15775708445831244,0.8422429155416875
independent_seed,40,3,0,1,0,6,1513262874,2051590715,0.6559618010156498,0.5957040087722986,0.06381642649255775,0.9361835735074422
independent_seed,40,4,0,0,1,6,1513262874,2051590715,0.20812782651360578,0.5303655903492807,0.16448490376596106,0.835515096234039
independent_seed,40,5,1,1,0,6,1513262874,2051590715,-0.4842104436586393,0.4293543000891307,0.15775708445831244,0.8422429155416875
independent_seed,40,6,1,0,1,6,1513262874,2051590715,-0.6159265516581606,0.4101370841843002,0.0235836863145737,0.9764163136854263
independent_seed,40,7,0,1,1,6,1513262874,2051590715,0.20812782651360578,0.5303655903492807,0.16448490376596106,0.835515096234039
independent_seed,40,8,1,1,1,6,1513262874,2051590715,-0.6159265516581606,0.4101370841843002,0.0235836863145737,0.9764163136854263
independent_seed,41,1,0,0,0,6,1093811800,1282931425,0.7337600754531057,0.6070546799969091,0.0019749989011257824,0.9980250010988743
independent_seed,41,2,1,0,0,6,1093811800,1282931425,0.2401642894367295,0.5350396703397325,0.0006969031155771495,0.9993030968844229
independent_seed,41,3,0,1,0,6,1093811800,1282931425,0.7337600754531057,0.6070546799969091,0.0019749989011257824,0.9980250010988743
independent_seed,41,4,0,0,1,6,1093811800,1282931425,0.5517358258544883,0.5804975689679064,0.0008677797584367031,0.9991322202415633
independent_seed,41,5,1,1,0,6,1093811800,1282931425,0.2401642894367295,0.5350396703397325,0.0006969031155771495,0.9993030968844229
independent_seed,41,6,1,0,1,6,1093811800,1282931425,-0.9375869946897328,0.3632072266622147,0.26415496739680344,0.7358450326031966
independent_seed,41,7,0,1,1,6,1093811800,1282931425,0.5517358258544883,0.5804975689679064,0.0008677797584367031,0.9991322202415633
independent_seed,41,8,1,1,1,6,1093811800,1282931425,-0.9375869946897328,0.3632072266622147,0.26415496739680344,0.7358450326031966
independent_seed,42,1,0,0,0,6,918346929,1709617739,-0.4948811884420233,0.42779745173184114,0.005940588154506599,0.9940594118454934
independent_seed,42,2,1,0,0,6,918346929,1709617739,0.3409460158672519,0.5497435985493632,0.18525096841772654,0.8147490315822734
independent_seed,42,3,0,1,0,6,918346929,1709617739,-0.4948811884420233,0.42779745173184114,0.005940588154506599,0.9940594118454934
independent_seed,42,4,0,0,1,6,918346929,1709617739,-0.3947948228266496,0.44239992766566866,0.061953546260691196,0.9380464537393088
independent_seed,42,5,1,1,0,6,918346929,1709617739,0.3409460158672519,0.5497435985493632,0.18525096841772654,0.8147490315822734
independent_seed,42,6,1,0,1,6,918346929,1709617739,-0.39602201225061906,0.4422208822590383,0.058692004062560574,0.9413079959374394
independent_seed,42,7,0,1,1,6,918346929,1709617739,-0.3947948228266496,0.44239992766566866,0.061953546260691196,0.9380464537393088
independent_seed,42,8,1,1,1,6,918346929,1709617739,-0.39602201225061906,0.4422208822590383,0.058692004062560574,0.9413079959374394
independent_seed,43,1,0,0,0,6,758894503,651584779,1.0216142453519195,0.6490522444259413,3.6572348992224484e-05,0.9999634276510078
independent_seed,43,2,1,0,0,6,758894503,651584779,-0.6201134990537056,0.4095262137804871,0.01753450914390875,0.9824654908560913
independent_seed,43,3,0,1,0,6,758894503,651584779,1.0216142453519195,0.6490522444259413,3.6572348992224484e-05,0.9999634276510078
independent_seed,43,4,0,0,1,6,758894503,651584779,1.0146586662764874,0.648037434112565,0.002242555004440797,0.9977574449955592
independent_seed,43,5,1,1,0,6,758894503,651584779,-0.6201134990537056,0.4095262137804871,0.01753450914390875,0.9824654908560913
independent_seed,43,6,1,0,1,6,758894503,651584779,-0.30803572716105904,0.4550579715331625,0.009391670917951397,0.9906083290820487
independent_seed,43,7,0,1,1,6,758894503,651584779,1.0146586662764874,0.648037434112565,0.002242555004440797,0.9977574449955592
independent_seed,43,8,1,1,1,6,758894503,651584779,-0.30803572716105904,0.4550579715331625,0.009391670917951397,0.9906083290820487
independent_seed,44,1,0,0,0,6,489302076,1083036846,-0.9090008300823693,0.36737791243097984,0.017875555757293302,0.9821244442427067
independent_seed,44,2,1,0,0,6,489302076,1083036846,-1.4784439102302476,0.28429687714292495,0.04533165747658206,0.9546683425234179
independent_seed,44,3,0,1,0,6,489302076,1083036846,-0.9090008300823693,0.36737791243097984,0.017875555757293302,0.9821244442427067
independent_seed,44,4,0,0,1,6,489302076,1083036846,-0.7740757825612432,0.38706330861040855,0.026983712417775835,0.9730162875822241
independent_seed,44,5,1,1,0,6,489302076,1083036846,-1.4784439102302476,0.28429687714292495,0.04533165747658206,0.9546683425234179
independent_seed,44,6,1,0,1,6,489302076,1083036846,-0.9084491557815458,0.3674584010235224,0.006157890085503379,0.9938421099144966
independent_seed,44,7,0,1,1,6,489302076,1083036846,-0.7740757825612432,0.38706330861040855,0.026983712417775835,0.9730162875822241
independent_seed,44,8,1,1,1,6,489302076,1083036846,-0.9084491557815458,0.3674584010235224,0.006157890085503379,0.9938421099144966
independent_seed,45,1,0,0,0,6,209153007,952276023,-0.8462902856756137,0.3765273026587754,0.002059371165220703,0.9979406288347793
independent_seed,45,2,1,0,0,6,209153007,952276023,1.1031362162338538,0.6609461983182863,0.007075680145762295,0.9929243198542377
independent_seed,45,3,0,1,0,6,209153007,952276023,-0.8462902856756137,0.3765273026587754,0.002059371165220703,0.9979406288347793
independent_seed,45,4,0,0,1,6,209153007,952276023,-0.7340001269644458,0.392910296786935,0.005888999660583952,0.994111000339416
independent_seed,45,5,1,1,0,6,209153007,952276023,1.1031362162338538,0.6609461983182863,0.007075680145762295,0.9929243198542377
independent_seed,45,6,1,0,1,6,209153007,952276023,1.140438511013514,0.666388556610022,0.0010629139982516415,0.9989370860017484
independent_seed,45,7,0,1,1,6,209153007,952276023,-0.7340001269644458,0.392910296786935,0.005888999660583952,0.994111000339416
independent_seed,45,8,1,1,1,6,209153007,952276023,1.140438511013514,0.666388556610022,0.0010629139982516415,0.9989370860017484
independent_seed,46,1,0,0,0,6,37414003,1093388208,0.1773032778460888,0.5258683271374434,0.04045334392882028,0.9595466560711797
independent_seed,46,2,1,0,0,6,37414003,1093388208,0.4594624277996632,0.5670349952582552,0.084713876738057,0.915286123261943
independent_seed,46,3,0,1,0,6,37414003,1093388208,0.1773032778460888,0.5258683271374434,0.04045334392882028,0.9595466560711797
independent_seed,46,4,0,0,1,6,37414003,1093388208,0.31877102945233027,0.5465082956840236,0.031195539837318504,0.9688044601626815
independent_seed,46,5,1,1,0,6,37414003,1093388208,0.4594624277996632,0.5670349952582552,0.084713876738057,0.915286123261943
independent_seed,46,6,1,0,1,6,37414003,1093388208,0.3183385595325909,0.5464451988620311,0.1067616311137911,0.8932383688862089
independent_seed,46,7,0,1,1,6,37414003,1093388208,0.31877102945233027,0.5465082956840236,0.031195539837318504,0.9688044601626815
independent_seed,46,8,1,1,1,6,37414003,1093388208,0.3183385595325909,0.5464451988620311,0.1067616311137911,0.8932383688862089
independent_seed,47,1,0,0,0,6,1858206756,1159918049,-0.14267928796065707,0.47918326981011783,0.005540034530786283,0.9944599654692137
independent_seed,47,2,1,0,0,6,1858206756,1159918049,-0.41475523696987704,0.43948772813315873,3.5979688172513485e-06,0.9999964020311828
independent_seed,47,3,0,1,0,6,1858206756,1159918049,-0.14267928796065707,0.47918326981011783,0.005540034530786283,0.9944599654692137
independent_seed,47,4,0,0,1,6,1858206756,1159918049,0.23110061734287551,0.5337172918837976,0.01298016873033736,0.9870198312696626
independent_seed,47,5,1,1,0,6,1858206756,1159918049,-0.41475523696987704,0.43948772813315873,3.5979688172513485e-06,0.9999964020311828
independent_seed,47,6,1,0,1,6,1858206756,1159918049,0.09373942077532554,0.5136764645964162,0.002864462993410652,0.9971355370065893
independent_seed,47,7,0,1,1,6,1858206756,1159918049,0.23110061734287551,0.5337172918837976,0.01298016873033736,0.9870198312696626
independent_seed,47,8,1,1,1,6,1858206756,1159918049,0.09373942077532554,0.5136764645964162,0.002864462993410652,0.9971355370065893
independent_seed,48,1,0,0,0,6,272557550,1090567640,1.2652211605849408,0.6845941895763379,0.01165905036611953,0.9883409496338804
independent_seed,48,2,1,0,0,6,272557550,1090567640,0.13903322061614848,0.5202847735110285,0.06764320551182323,0.9323567944881768
independent_seed,48,3,0,1,0,6,272557550,1090567640,1.2652211605849408,0.6845941895763379,0.01165905036611953,0.9883409496338804
independent_seed,48,4,0,0,1,6,272557550,1090567640,1.2755489370406627,0.6861009992823092,0.0104673465052154,0.9895326534947846
independent_seed,48,5,1,1,0,6,272557550,1090567640,0.13903322061614848,0.5202847735110285,0.06764320551182323,0.9323567944881768
independent_seed,48,6,1,0,1,6,272557550,1090567640,0.1071069338561624,0.5156267680853869,0.1402711738468397,0.8597288261531603
independent_seed,48,7,0,1,1,6,272557550,1090567640,1.2755489370406627,0.6861009992823092,0.0104673465052154,0.9895326534947846
independent_seed,48,8,1,1,1,6,272557550,1090567640,0.1071069338561624,0.5156267680853869,0.1402711738468397,0.8597288261531603
independent_seed,49,1,0,0,0,6,1919061051,1331283363,-0.5654937768157904,0.4174951631432462,0.12945169371408544,0.8705483062859145
independent_seed,49,2,1,0,0,6,1919061051,1331283363,-1.6501816723522187,0.2592405518093345,3.537075906183023e-08,0.9999999646292409
independent_seed,49,3,0,1,0,6,1919061051,1331283363,-0.5654937768157904,0.4174951631432462,0.12945169371408544,0.8705483062859145
independent_seed,49,4,0,0,1,6,1919061051,1331283363,-0.6594219735787817,0.40379115636563656,0.0955574753783156,0.9044425246216844
independent_seed,49,5,1,1,0,6,1919061051,1331283363,-1.6501816723522187,0.2592405518093345,3.537075906183023e-08,0.9999999646292409
independent_seed,49,6,1,0,1,6,1919061051,1331283363,-1.6070992282302201,0.26552622668216974,0.01829972518338707,0.9817002748166129
independent_seed,49,7,0,1,1,6,1919061051,1331283363,-0.6594219735787817,0.40379115636563656,0.0955574753783156,0.9044425246216844
independent_seed,49,8,1,1,1,6,1919061051,1331283363,-1.6070992282302201,0.26552622668216974,0.01829972518338707,0.9817002748166129
