config_name,config_label,seed,L,mean_snr,median_snr,std_snr,min_snr,max_snr,n_params,n_finite_params,mean_abs_grad
local_cost_only,Local cost only,0,1,89.46554779594264,6.254609890944735e-16,154.95887430955443,0.0,357.86219118377056,4,4,0.24807044289459038
local_cost_only,Local cost only,1,1,3.596733881325207,4.053185896759427e-15,6.2297258237596616,0.0,14.386935525300819,4,4,0.07656119829194401
local_cost_only,Local cost only,2,1,35.55293116945218,6.505979010033016e-16,61.57948314349035,0.0,142.21172467780872,4,4,0.2384858363955392
local_cost_only,Local cost only,3,1,134.6019075877015,3.1138541961596383e-16,233.1373427375898,0.0,538.407630350806,4,4,0.24914201950963794
local_cost_only,Local cost only,4,1,0.797085962938304,3.490968990088125e-14,1.3805933858090655,0.0,3.1883438517531464,4,4,0.0177782598491698
local_cost_only,Local cost only,5,1,29.341886168428225,2.6566468752236145e-15,50.82163763362017,0.0,117.3675446737129,4,4,0.23361536834268892
local_cost_only,Local cost only,6,1,16.842101149053594,0.0,29.171374896374996,0.0,67.36840459621438,4,4,0.20828459151649834
local_cost_only,Local cost only,7,1,8.425917941632477,4.124788776299666e-15,14.594117975313615,0.0,33.703671766529894,4,4,0.15046431998600096
local_cost_only,Local cost only,8,1,0.8956870238474294,3.108731135382991e-14,1.5513754329838683,0.0,3.5827480953896553,4,4,0.019964207623100586
local_cost_only,Local cost only,9,1,47.465627340857246,9.564271613224645e-16,82.21287816749516,0.0,189.86250936342898,4,4,0.24334061837508092
local_cost_only,Local cost only,10,1,41.05263552093029,1.2864761334105443e-15,71.10525050685807,0.0,164.21054208372115,4,4,0.24121455586839086
local_cost_only,Local cost only,11,1,0.05072917381154161,2.73569025861197e-13,0.0878655064672667,0.0,0.20291669524561928,4,4,0.0011343271343746825
local_cost_only,Local cost only,12,1,3.8866118371563068,0.0,6.73180917125334,0.0,15.546447348625227,4,4,0.0820886655278362
local_cost_only,Local cost only,13,1,14.357174731355421,1.5732382946994117e-15,24.867356087851636,0.0,57.428698925421685,4,4,0.19724714952682937
local_cost_only,Local cost only,14,1,13.352203514682442,0.0,23.126694880429724,0.0,53.40881405872977,4,4,0.1916770460056914
local_cost_only,Local cost only,15,1,25.47658023437783,1.3555337494775434e-15,44.12673136904741,0.0,101.90632093751132,4,4,0.22892588935945934
local_cost_only,Local cost only,16,1,5.197358213326446,5.889145422426673e-15,9.0020884906168,0.0,20.78943285330577,4,4,0.10538600998853932
local_cost_only,Local cost only,17,1,17.85780493317882,1.464469461116972e-15,30.930625455919856,0.0,71.43121973271528,4,4,0.21189705719040808
local_cost_only,Local cost only,18,1,53.84244579722404,3.1693631415984223e-16,93.2578517245654,0.0,215.36978318889615,4,4,0.24477848963010063
local_cost_only,Local cost only,19,1,5.619955857469722,2.763795403001747e-15,9.734049081431872,0.0,22.47982342987888,4,4,0.11227921170245649
local_cost_only,Local cost only,20,1,2.7849157639208855,0.0,4.823615597910466,0.0,11.139663055683542,4,4,0.060426215105414835
local_cost_only,Local cost only,21,1,8.768060047014744,2.0114403643554475e-15,15.186725485244292,0.0,35.07224018805897,4,4,0.15427589833385286
local_cost_only,Local cost only,22,1,33.898159839538906,6.535192126492453e-16,58.71333512517225,0.0,135.59263935815562,4,4,0.23741977523349517
local_cost_only,Local cost only,23,1,13.76965664218641,4.7967282661857625e-15,23.84974490704512,0.0,55.078626568745634,4,4,0.19408026800901018
local_cost_only,Local cost only,24,1,7.579955902859005,0.0,13.128868742883421,0.0,30.31982361143602,4,4,0.14029039323285414
local_cost_only,Local cost only,25,1,0.02191992074435455,0.0,0.03796641642710508,0.0,0.0876796829774182,4,4,0.0004901433864366381
local_cost_only,Local cost only,26,1,113.6954937417697,2.4945082463996916e-15,196.92637175237442,0.0,454.7819749670788,4,4,0.2487999545431749
local_cost_only,Local cost only,27,1,26.37360137249936,0.0,45.68041755573716,0.0,105.49440548999743,4,4,0.23017198472252914
local_cost_only,Local cost only,28,1,9.87016798036023,1.8755464368892885e-15,17.09563242122341,0.0,39.480671921440916,4,4,0.16545405810937375
local_cost_only,Local cost only,29,1,0.4443635226687213,1.2502146505773474e-13,0.7696601982923655,0.0,1.7774540906746352,4,4,0.009928431698112437
local_cost_only,Local cost only,30,1,5.337894665669401,0.0,9.245504766390287,0.0,21.351578662677603,4,4,0.10771236259433373
local_cost_only,Local cost only,31,1,5.063200216383053,1.2035510295063844e-14,8.769720023669164,6.017755147531925e-15,20.252800865532183,4,4,0.10313373061819595
local_cost_only,Local cost only,32,1,5.453648602956428,8.493835381232042e-15,9.44599646694755,0.0,21.814594411825695,4,4,0.10960305511980532
local_cost_only,Local cost only,33,1,5.1321790869697255,5.950716158989873e-15,8.889194932174009,0.0,20.528716347878888,4,4,0.10429560438271177
local_cost_only,Local cost only,34,1,11.584178606176806,1.7250901210041807e-15,20.06438590985065,0.0,46.336714424707225,4,4,0.17988438133033474
local_cost_only,Local cost only,35,1,2.9835523404523827,1.444261013957484e-14,5.167664240704542,9.628406759716548e-15,11.934209361809494,4,4,0.06445859151987976
local_cost_only,Local cost only,36,1,8.31378372479686,4.16035635725842e-15,14.399895814487381,0.0,33.255134899187425,4,4,0.1491779753984348
local_cost_only,Local cost only,37,1,18.032561930166874,2.920973798126796e-15,31.233313453681326,0.0,72.1302477206675,4,4,0.21247487351986072
local_cost_only,Local cost only,38,1,6736.573129945328,2.3273789739655223e-15,11668.086929968606,0.0,26946.292519781313,4,4,0.24999965569679025
local_cost_only,Local cost only,39,1,2.820912151970076,1.014757254145152e-14,4.885963170900618,0.0,11.283648607880284,4,4,0.06116078853111026
local_cost_only,Local cost only,40,1,30.110284767473324,1.3240738144839169e-15,52.15254304763103,0.0,120.4411390698933,4,4,0.234365158317749
local_cost_only,Local cost only,41,1,98.81002458564905,9.36890781105952e-16,171.14398287947404,0.0,395.2400983425962,4,4,0.2484148436087683
local_cost_only,Local cost only,42,1,4.518004404859417,0.0,7.825413178036497,0.0,18.072017619437666,4,4,0.0936668664525788
local_cost_only,Local cost only,43,1,3.155102482317834,0.0,5.464797802461174,0.0,12.620409929271336,4,4,0.06789839642013354
local_cost_only,Local cost only,44,1,219.13575931366336,1.2428815704919876e-15,379.55426888644973,6.214407852459939e-16,876.5430372546534,4,4,0.24967525186898698
local_cost_only,Local cost only,45,1,2.0231075948690176,2.0913118454074903e-14,3.5041251434915863,0.0,8.092430379476028,4,4,0.04451513577528352
local_cost_only,Local cost only,46,1,5.895134883444553,5.322620151927459e-15,10.210673135597592,0.0,23.5805395337782,4,4,0.11660301141103808
local_cost_only,Local cost only,47,1,484.92227991348346,6.595983780765013e-16,839.9100265322903,0.0,1939.6891196539339,4,4,0.24993357942271416
local_cost_only,Local cost only,48,1,7.677846708155802,0.0,13.298420591251304,0.0,30.71138683262321,4,4,0.14152408000812816
local_cost_only,Local cost only,49,1,7.416452478725435,0.0,12.84567250507259,0.0,29.66580991490174,4,4,0.13819598625112134
residual_only,Residual only,0,1,18.980799621423216,12.925438529962031,13.811775307643778,7.591225323893671,42.48109610187513,5,4,1.2160235263513037
residual_only,Residual only,1,1,22.829473254839343,25.628240204920893,13.636264100547093,3.8314034598737465,36.230009149641845,5,4,1.3883649595770122
residual_only,Residual only,2,1,23.53904379268831,24.592815271573652,17.20692405696989,0.9495092375504105,44.02103539005554,5,4,1.345365906055417
residual_only,Residual only,3,1,26.17970882053913,26.017690518466473,14.207704168684165,11.705306887654729,40.97814735756884,5,4,1.3883771393547775
residual_only,Residual only,4,1,7.089691716344342,7.1837051699561565,4.554620245237398,1.6267529899330901,12.364603535531963,5,4,0.9643406446442693
residual_only,Residual only,5,1,18.035490444966552,13.394762108517154,16.514143999415,2.0200762978637914,43.33236126496811,5,4,1.2119583682740216
residual_only,Residual only,6,1,27.300396156733406,31.193998095945084,12.308951794547877,8.459347483423105,38.35424095162035,5,4,1.5905018436999836
residual_only,Residual only,7,1,23.07499057238209,23.754979725071593,19.15535036208403,1.6815200048879901,43.10848283449719,5,4,1.2584677830014932
residual_only,Residual only,8,1,20.06342072905532,22.385800421049474,12.599753706656228,0.5259466618673261,34.95613541225501,5,4,1.3760843492073693
residual_only,Residual only,9,1,23.143708886641576,18.720271817119958,13.48960353411502,9.677840532741959,45.45645137958443,5,4,1.356390518243129
residual_only,Residual only,10,1,27.31824271323245,26.753477614754708,12.997746392116499,11.077826489153074,44.688189134267304,5,4,1.530350049344255
residual_only,Residual only,11,1,5.404006647120722,1.4923241294426384,7.640018516280509,0.0728659245194969,18.558512405078115,5,4,0.922218439513145
residual_only,Residual only,12,1,21.89065776198378,19.006946254709913,18.709905256121214,0.028441237038633566,49.52029730147667,5,4,1.3099383643173674
residual_only,Residual only,13,1,23.984372635490068,20.53892316575353,17.99199883092437,6.1021895763605825,48.75745463409262,5,4,1.3000604373748472
residual_only,Residual only,14,1,18.508502655828813,18.84368467134329,13.451518359665187,4.1993576472150265,32.147283633413636,5,4,1.221380245814224
residual_only,Residual only,15,1,19.094877157267074,19.82301663449433,9.950679153659697,4.790230990487993,31.943244369591646,5,4,1.2613754773639214
residual_only,Residual only,16,1,19.7078367588754,9.209524065460048,23.258456723433323,1.093889781994216,59.31840912258728,5,4,1.1982180685940675
residual_only,Residual only,17,1,22.988599488734984,19.785254693952368,16.01920363026951,7.025342136970296,45.358546430064905,5,4,1.3481016392056069
residual_only,Residual only,18,1,20.265684898772726,18.47257376779531,10.39405541598082,8.705608259585922,35.41198379991437,5,4,1.3024122939478164
residual_only,Residual only,19,1,24.119119191024335,24.310413630026495,15.320911491759633,5.8242906488262,42.031358855218144,5,4,1.36818876652835
residual_only,Residual only,20,1,18.896807919021214,20.279831078481244,12.024393642622826,0.7678110973687376,34.25975842175363,5,4,1.2858451045348984
residual_only,Residual only,21,1,27.055041339184307,24.427232787615537,21.834789061729666,1.6989319508859408,57.66676783062021,5,4,1.3881132155467113
residual_only,Residual only,22,1,15.408557152939807,13.62926776320636,4.660817251151587,11.264336179620011,23.1113569057265,5,4,1.1849542062384884
residual_only,Residual only,23,1,18.35781265765484,15.051105663810304,17.030886826886388,0.10170110207118904,43.22733820092756,5,4,1.1494879422518072
residual_only,Residual only,24,1,12.478776948751834,7.062686597943467,9.915794832196918,6.15286391258412,29.636870686536277,5,4,1.0650699929257559
residual_only,Residual only,25,1,23.594359677683784,24.26474627400192,16.41176368086058,0.012857746523633681,45.83508841620766,5,4,1.4434905604214638
residual_only,Residual only,26,1,20.628679110516,20.39002009335926,7.668523455599152,10.697694770163485,31.036981485181993,5,4,1.3361876907708834
residual_only,Residual only,27,1,20.932818908971218,15.059516183321106,20.897225788645095,0.7623873837030053,52.849855885539654,5,4,1.2647883748676794
residual_only,Residual only,28,1,15.830149120176216,7.055263049162049,19.29813328797796,0.3092857951656511,48.90078458721512,5,4,1.0760858144769936
residual_only,Residual only,29,1,15.467729384340577,5.573916997453238,20.28968248103945,0.6459422889252688,50.07714125353056,5,4,1.0929335942052287
residual_only,Residual only,30,1,17.06308773864254,11.097695367215316,17.942023136147746,0.7415224487009116,45.31543777143862,5,4,1.1682289653337605
residual_only,Residual only,31,1,18.94807229528357,14.714065371020798,14.32588034302539,5.90428733335331,40.45987110573938,5,4,1.244332884844224
residual_only,Residual only,32,1,25.45806521805951,16.746600611641334,24.912266636319877,3.16446906982215,65.17459057913321,5,4,1.3012266333786773
residual_only,Residual only,33,1,22.28686442251751,19.00623094415942,15.116507280401104,5.607563842244834,45.527431959506366,5,4,1.2997749869739565
residual_only,Residual only,34,1,22.511529958903836,22.559712083612713,15.077238716858304,4.9309874005349155,39.995708267854994,5,4,1.339915435368997
residual_only,Residual only,35,1,12.634453110830533,13.298722137327122,6.8206631319037525,2.830789283380256,21.109578885287632,5,4,1.1044999512743512
residual_only,Residual only,36,1,19.893806035387346,22.48777000071792,9.923103962498347,3.7571253367020634,30.842558803411475,5,4,1.328471372436756
residual_only,Residual only,37,1,23.657503799773956,27.313689953604218,13.553201312497372,3.141274566841107,36.86136072504629,5,4,1.4202131719597386
residual_only,Residual only,38,1,24.889692673486508,25.88731211244945,7.771253008575046,14.143131121827421,33.6410153472197,5,4,1.440197203125095
residual_only,Residual only,39,1,17.010710465987973,9.06678123461182,17.925132956400144,2.8723928525175118,47.03688654221074,5,4,1.2011810640878116
residual_only,Residual only,40,1,16.512550916802663,2.3438461654032205,24.85034132053246,1.8100571372511909,59.55245419915302,5,4,1.0776262115040562
residual_only,Residual only,41,1,27.5589142230753,30.75434007477675,11.258018482854352,9.881400226925521,38.84557651582217,5,4,1.6297840564697021
residual_only,Residual only,42,1,17.2003812942015,16.53211714631324,12.366563810090428,1.0163912403880182,34.720899643791505,5,4,1.1954046506032856
residual_only,Residual only,43,1,20.65520660866537,13.453993182812992,19.467653869016917,2.432367494588764,53.28047257444673,5,4,1.247970445862681
residual_only,Residual only,44,1,23.422716729155667,25.700744111005882,8.76592587353745,9.21522991194193,33.07414878266896,5,4,1.447720046862218
residual_only,Residual only,45,1,20.747037257800123,26.09000428667264,10.802075724842014,2.279257555024873,28.528882902830325,5,4,1.3683617818630445
residual_only,Residual only,46,1,14.328352126658892,8.320880460700543,15.194837843866651,0.6005090569558275,40.07113852827865,5,4,1.0934941388395938
residual_only,Residual only,47,1,13.366298078578104,2.169426569794724,20.236394604024248,0.7548778513225353,48.37146132340044,5,4,1.0328715987290693
residual_only,Residual only,48,1,18.32937098227797,18.524815727228514,10.162951963607972,6.684998785969939,29.58285368868491,5,4,1.2340812772698506
residual_only,Residual only,49,1,5.029515777870526,4.070417373503,3.801497567297022,0.8021859439549583,11.175042420521148,5,4,0.893207497639559
local_and_residual,Local cost + residual,0,1,89.46554779594271,0.0,154.95887430955457,0.0,357.86219118377085,5,4,0.9984563543156725
local_and_residual,Local cost + residual,1,1,3.5967338813252088,0.0,6.229725823759671,0.0,14.386935525300835,5,4,0.8612489586335552
local_and_residual,Local cost + residual,2,1,35.552931169452165,0.0,61.57948314349033,0.0,142.21172467780866,5,4,0.9907886691164313
local_and_residual,Local cost + residual,3,1,134.60190758770148,0.0,233.13734273758976,0.0,538.4076303508059,5,4,0.9993136156077103
local_and_residual,Local cost + residual,4,1,0.7970859629382782,0.0,1.3805933858090609,0.0,3.1883438517531126,5,4,0.8142226078793356
local_and_residual,Local cost + residual,5,1,29.341886168428225,5.313293750447229e-15,50.82163763362017,0.0,117.3675446737129,5,4,0.9868922946741512
local_and_residual,Local cost + residual,6,1,16.842101149053562,0.0,29.17137489637494,0.0,67.36840459621425,5,4,0.9666276732131983
local_and_residual,Local cost + residual,7,1,8.42591794163249,3.299831021039734e-14,14.594117975313607,0.0,33.703671766529894,5,4,0.920371455988801
local_and_residual,Local cost + residual,8,1,0.8956870238474248,0.0,1.5513754329838962,0.0,3.5827480953896993,5,4,0.8159713660984806
local_and_residual,Local cost + residual,9,1,47.465627340857225,0.0,82.21287816749515,0.0,189.8625093634289,5,4,0.9946724947000647
local_and_residual,Local cost + residual,10,1,41.05263552093026,0.0,71.10525050685803,0.0,164.21054208372104,5,4,0.9929716446947126
local_and_residual,Local cost + residual,11,1,0.05072917381140482,0.0,0.08786550646734566,0.0,0.20291669524561928,5,4,0.8009074617074997
local_and_residual,Local cost + residual,12,1,3.8866118371563028,0.0,6.731809171253333,0.0,15.546447348625211,5,4,0.8656709324222689
local_and_residual,Local cost + residual,13,1,14.357174731355421,0.0,24.867356087851636,0.0,57.428698925421685,5,4,0.9577977196214634
local_and_residual,Local cost + residual,14,1,13.352203514682438,0.0,23.12669488042972,0.0,53.40881405872975,5,4,0.9533416368045531
local_and_residual,Local cost + residual,15,1,25.47658023437782,0.0,44.126731369047405,0.0,101.90632093751128,5,4,0.9831407114875674
local_and_residual,Local cost + residual,16,1,5.197358213326432,0.0,9.002088490616785,0.0,20.78943285330573,5,4,0.8843088079908312
local_and_residual,Local cost + residual,17,1,17.85780493317882,0.0,30.930625455919856,0.0,71.43121973271528,5,4,0.9695176457523264
local_and_residual,Local cost + residual,18,1,53.84244579722414,0.0,93.25785172456557,0.0,215.36978318889655,5,4,0.9958227917040808
local_and_residual,Local cost + residual,19,1,5.61995585746972,0.0,9.734049081431872,0.0,22.47982342987888,5,4,0.8898233693619652
local_and_residual,Local cost + residual,20,1,2.7849157639208886,0.0,4.823615597910472,0.0,11.139663055683554,5,4,0.8483409720843319
local_and_residual,Local cost + residual,21,1,8.768060047014727,0.0,15.186725485244265,0.0,35.072240188058906,5,4,0.9234207186670821
local_and_residual,Local cost + residual,22,1,33.89815983953891,0.0,58.71333512517226,0.0,135.59263935815565,5,4,0.9899358201867962
local_and_residual,Local cost + residual,23,1,13.769656642186408,0.0,23.849744907045125,0.0,55.078626568745634,5,4,0.9552642144072081
local_and_residual,Local cost + residual,24,1,7.579955902859003,0.0,13.128868742883414,0.0,30.31982361143601,5,4,0.9122323145862833
local_and_residual,Local cost + residual,25,1,0.02191992074435455,0.0,0.03796641642710508,0.0,0.0876796829774182,5,4,0.8003921147091493
local_and_residual,Local cost + residual,26,1,113.69549374176982,0.0,196.92637175237465,0.0,454.7819749670793,5,4,0.9990399636345402
local_and_residual,Local cost + residual,27,1,26.373601372499316,0.0,45.680417555737094,0.0,105.49440548999726,5,4,0.984137587778023
local_and_residual,Local cost + residual,28,1,9.870167980360227,0.0,17.095632421223407,0.0,39.48067192144091,5,4,0.932363246487499
local_and_residual,Local cost + residual,29,1,0.4443635226687829,2.5004293011546947e-13,0.7696601982923277,0.0,1.7774540906746314,5,4,0.80794274535849
local_and_residual,Local cost + residual,30,1,5.337894665669388,0.0,9.245504766390265,0.0,21.351578662677554,5,4,0.8861698900754668
local_and_residual,Local cost + residual,31,1,5.063200216383045,0.0,8.769720023669167,0.0,20.25280086553218,5,4,0.8825069844945567
local_and_residual,Local cost + residual,32,1,5.453648602956435,0.0,9.445996466947575,0.0,21.81459441182574,5,4,0.8876824440958444
local_and_residual,Local cost + residual,33,1,5.132179086969719,0.0,8.889194932174005,0.0,20.528716347878877,5,4,0.8834364835061693
local_and_residual,Local cost + residual,34,1,11.584178606176811,0.0,20.064385909850657,0.0,46.336714424707246,5,4,0.9439075050642678
local_and_residual,Local cost + residual,35,1,2.983552340452383,1.9256813519433122e-14,5.167664240704541,0.0,11.934209361809494,5,4,0.8515668732159039
local_and_residual,Local cost + residual,36,1,8.313783724796858,0.0,14.399895814487387,0.0,33.25513489918743,5,4,0.9193423803187478
local_and_residual,Local cost + residual,37,1,18.032561930166874,0.0,31.233313453681326,0.0,72.1302477206675,5,4,0.9699798988158885
local_and_residual,Local cost + residual,38,1,6736.573129945324,0.0,11668.086929968596,0.0,26946.292519781295,5,4,0.999999724557432
local_and_residual,Local cost + residual,39,1,2.8209121519700737,0.0,4.8859631709006255,0.0,11.283648607880295,5,4,0.8489286308248882
local_and_residual,Local cost + residual,40,1,30.110284767473274,0.0,52.15254304763096,0.0,120.4411390698931,5,4,0.9874921266541989
local_and_residual,Local cost + residual,41,1,98.81002458564896,0.0,171.1439828794739,0.0,395.24009834259584,5,4,0.9987318748870144
local_and_residual,Local cost + residual,42,1,4.518004404859417,0.0,7.825413178036497,0.0,18.072017619437666,5,4,0.874933493162063
local_and_residual,Local cost + residual,43,1,3.155102482317838,0.0,5.464797802461181,0.0,12.620409929271352,5,4,0.8543187171361069
local_and_residual,Local cost + residual,44,1,219.1357593136633,0.0,379.5542688864496,0.0,876.5430372546532,5,4,0.9997402014951895
local_and_residual,Local cost + residual,45,1,2.0231075948690656,1.1153663175506574e-13,3.504125143491565,0.0,8.092430379476038,5,4,0.8356121086202271
local_and_residual,Local cost + residual,46,1,5.895134883444542,0.0,10.210673135597577,0.0,23.58053953377817,5,4,0.8932824091288303
local_and_residual,Local cost + residual,47,1,484.92227991348267,0.0,839.9100265322887,0.0,1939.6891196539307,5,4,0.999946863538171
local_and_residual,Local cost + residual,48,1,7.677846708155787,0.0,13.298420591251277,0.0,30.71138683262315,5,4,0.9132192640065023
local_and_residual,Local cost + residual,49,1,7.416452478725432,0.0,12.845672505072587,0.0,29.66580991490173,5,4,0.910556789000897
local_cost_only,Local cost only,0,2,8.223893447012465,1.8160296712688806,11.238586950458002,0.0,28.374084995938013,8,8,0.1611917813370543
local_cost_only,Local cost only,1,2,2.997708968053211,1.4114629248107167,3.70241433157622,0.0,10.389893102819816,8,8,0.056612789793520066
local_cost_only,Local cost only,2,2,4.761241632324433,1.8242411020924194,6.325935303759124,0.0,17.877949753049073,8,8,0.09644848498253249
local_cost_only,Local cost only,3,2,19.81123738850961,0.9396130503284589,32.784944740380915,0.0,88.2803134705395,8,8,0.23410314881200295
local_cost_only,Local cost only,4,2,7.603401032216377,1.4812263423347918,12.67888793527485,3.3020982878252297e-15,39.50009415373829,8,8,0.13900018913083506
local_cost_only,Local cost only,5,2,7.205543340207125,0.3110557039231062,11.686247715661015,0.0,35.78146186018021,8,8,0.13719237094654396
local_cost_only,Local cost only,6,2,19.841469843504957,2.2234407066986246,27.606100614981308,0.0,70.36683544209865,8,8,0.2700274713566545
local_cost_only,Local cost only,7,2,20.551745855510028,1.6846465078660702,29.31922458350957,6.208844859886841e-16,75.50557095626351,8,8,0.26802338103402346
local_cost_only,Local cost only,8,2,10.358027470823139,0.5062330961533165,15.262190598952872,0.0,41.99123600048977,8,8,0.1856587883012934
local_cost_only,Local cost only,9,2,9.180539396168754,3.408450283363333,10.470631314945633,1.3773514637866985e-15,26.174199888035595,8,8,0.18364512282919798
local_cost_only,Local cost only,10,2,7.340072257825144,1.3750509117815415,8.905806590244614,0.0,21.62238365474186,8,8,0.14930514009434964
local_cost_only,Local cost only,11,2,8.034358547711697,0.0453790469736366,12.687830424536418,0.0,38.3021022437854,8,8,0.15095159746795306
local_cost_only,Local cost only,12,2,11.481096301923946,0.9405763093609512,25.639041627559187,0.0,79.05930474284615,8,8,0.14361027342444552
local_cost_only,Local cost only,13,2,8.929757096403511,2.3713868257377486,11.129559023877663,0.0,29.976269570681783,8,8,0.1741858321986135
local_cost_only,Local cost only,14,2,14.92706842053498,1.5765779004129339,20.31899385631418,6.225818561675937e-16,58.24066747991608,8,8,0.24191683839375566
local_cost_only,Local cost only,15,2,10.980313706805,6.679289538006964,11.88832847926182,0.0,31.2766371879887,8,8,0.20858416865238555
local_cost_only,Local cost only,16,2,7.540740401837921,1.8620990230364773,8.997635743102737,0.0,22.523764441623094,8,8,0.15112956425172366
local_cost_only,Local cost only,17,2,11.232314340988841,8.011052027402775,11.684455538893246,0.0,28.293241561891033,8,8,0.2196890055078862
local_cost_only,Local cost only,18,2,13.871684800439601,1.6710618759923308,22.546136675025632,0.0,64.12760331007243,8,8,0.2066653787970984
local_cost_only,Local cost only,19,2,26.192015095127324,1.4921195620284107,45.34951605613098,1.2928131218751188e-15,128.07933633004615,8,8,0.24393999707827113
local_cost_only,Local cost only,20,2,13.16692679207251,1.725080506105309,24.208965683760013,0.0,75.51274674601102,8,8,0.18714978089896536
local_cost_only,Local cost only,21,2,12.339965898918532,0.4196923438258142,19.20716154518368,0.0,53.67438350650078,8,8,0.20088328311184966
local_cost_only,Local cost only,22,2,9.781917296806924,1.4291946052413176,13.730451887949064,6.297669205068123e-16,37.74034410917245,8,8,0.18200853426155628
local_cost_only,Local cost only,23,2,11.896539252915444,9.766362712484579,12.141497468232497,1.3079626385253517e-15,27.583407580647975,8,8,0.22784751139875825
local_cost_only,Local cost only,24,2,7.044720399511078,1.3528798687497408,12.646138184081327,0.0,39.301718532720265,8,8,0.12695446571384028
local_cost_only,Local cost only,25,2,17.767076261879442,0.008707657178723014,33.23083647106459,0.0,102.48845880046808,8,8,0.21404157473830046
local_cost_only,Local cost only,26,2,18.68140252961721,0.11101269889268436,38.53185126545258,6.356266841482727e-16,119.19471019855285,8,8,0.19681565124318062
local_cost_only,Local cost only,27,2,6.645846921359989,0.7767215249043352,12.157895342453457,0.0,37.85839462837543,8,8,0.11992404936412088
local_cost_only,Local cost only,28,2,5.816211613010023,1.313130133818681,8.56862846498552,0.0,23.551730337697993,8,8,0.11110927507642065
local_cost_only,Local cost only,29,2,2.6750552661297426,0.3416898440875958,4.743537066168124,0.0,14.396827114967747,8,8,0.0565039022904457
local_cost_only,Local cost only,30,2,9.532656792140545,5.004127006306182,11.741115369935406,0.0,34.85085474812463,8,8,0.18518291897724778
local_cost_only,Local cost only,31,2,5.360107719643613,1.5435456908512442,8.391137361088374,0.0,26.278797825760485,8,8,0.10633369827974493
local_cost_only,Local cost only,32,2,8.602600159205856,1.386703266545,16.213763241466683,0.0,50.5733160458121,8,8,0.14279127761377708
local_cost_only,Local cost only,33,2,7.1871066232443575,3.074464489702655,9.116716703492598,0.0,26.91210098718029,8,8,0.14023955268539956
local_cost_only,Local cost only,34,2,17.963342544393264,0.13154555293899772,30.62376458154554,0.0,71.05262805532611,8,8,0.2160410364745296
local_cost_only,Local cost only,35,2,9.399144881426972,0.03440948415402159,20.99937784837951,0.0,64.64057191194202,8,8,0.13205322760579183
local_cost_only,Local cost only,36,2,10.142317425449447,0.7753060461081206,15.604973467807968,0.0,47.20054831146414,8,8,0.1794980583077304
local_cost_only,Local cost only,37,2,8.554528675461217,5.5366634141993165,9.300637501970709,3.1047867251936916e-16,24.704600763369164,8,8,0.17527721224342674
local_cost_only,Local cost only,38,2,38.67343577279641,0.0033120838269405017,66.71623963988948,0.0,166.69086216882997,8,8,0.24555698237186838
local_cost_only,Local cost only,39,2,38.94479660592639,0.060794807019227265,81.7692837041162,0.0,250.34741495466218,8,8,0.23895168310804543
local_cost_only,Local cost only,40,2,6.190020489901799,1.0325354212280016,7.728843077762933,0.0,20.137721078702935,8,8,0.1295636145542598
local_cost_only,Local cost only,41,2,11.677773720669355,0.5112081739764084,15.013680581228092,0.0,35.684861856166016,8,8,0.2137485162752197
local_cost_only,Local cost only,42,2,14.078429970539014,0.8143135179936157,31.292417966556755,1.2622947743548313e-15,96.22003375762462,8,8,0.1578018983245688
local_cost_only,Local cost only,43,2,6.3873042277859255,2.1229746469597375,9.412235655732008,0.0,28.84311933535102,8,8,0.12838440843780313
local_cost_only,Local cost only,44,2,10.134749012309557,0.5502067858358011,13.78688503088873,0.0,38.007687514161674,8,8,0.18947353871384787
local_cost_only,Local cost only,45,2,23.68691685354132,0.339797038253803,41.69083822372486,0.0,117.44243564670933,8,8,0.2330022778085107
local_cost_only,Local cost only,46,2,16.658880586903017,0.9680408591562115,23.07553333097627,0.0,55.464747504254795,8,8,0.251041756868626
local_cost_only,Local cost only,47,2,11.085306733171807,0.2257376464998713,27.326369551381823,6.329612517226923e-16,83.30023637988519,8,8,0.12510151724557578
local_cost_only,Local cost only,48,2,9.116125964099302,5.21255011578891,9.833324952125212,0.0,23.71428074767689,8,8,0.18084912858038094
local_cost_only,Local cost only,49,2,8.388343268729178,0.9758700958244565,12.12476697570462,0.0,36.32076841230104,8,8,0.16005455196095553
residual_only,Residual only,0,2,9.710463482079236,3.112531734544552,17.000074776712562,0.2996584770127673,56.80987273705063,10,9,2.1983689223067193
residual_only,Residual only,1,2,19.390612717060883,15.798273865893325,22.606474649601196,1.2308386173843158,81.02493242728647,10,9,1.004965998738168
residual_only,Residual only,2,2,3.1232858033057207,1.651308126900421,3.8537858343965983,0.4254658784655121,13.569657785406111,10,9,0.8877564203749209
residual_only,Residual only,3,2,11.894509727694206,10.693430100008277,10.59479827138758,0.3408309534582818,36.70130558785703,10,9,0.9805792224514425
residual_only,Residual only,4,2,14.851352562936528,9.208433645580287,17.62020741256611,3.3842429354428556,63.36459535514793,10,9,1.2977912236581681
residual_only,Residual only,5,2,4.589254316466179,0.6601973226238171,7.930645451826798,0.27544697728475737,26.401708268448647,10,9,1.3204107367155198
residual_only,Residual only,6,2,12.593512993541774,10.695966555979682,7.8453954882553365,3.9423270053609487,30.641149546024096,10,9,0.9060425743673317
residual_only,Residual only,7,2,9.715980961932482,6.461605761720007,9.124199622014691,0.8038693339832964,27.043556935463865,10,9,1.3008207823193092
residual_only,Residual only,8,2,10.397380682646642,6.314152577634522,11.436054342014122,0.15792142216631747,39.54879769439152,10,9,1.4432198513887013
residual_only,Residual only,9,2,5.424121843385968,4.242976319211318,4.651573923361088,0.31646024115348237,14.90997254292385,10,9,0.9102582135558823
residual_only,Residual only,10,2,11.079878819857381,1.7662179566268215,15.803056740262505,0.3054923501284144,50.025874258714786,10,9,2.0745884044001155
residual_only,Residual only,11,2,8.704158391714493,3.2945944103296414,9.737743159360559,0.5209754667014128,28.56161631517765,10,9,1.3105555472322599
residual_only,Residual only,12,2,10.474826315538833,2.173114040684998,23.736828767198073,0.20043180388381357,77.54406100412868,10,9,2.1435638694822594
residual_only,Residual only,13,2,10.619759731955229,4.358468601708792,10.800819785281,0.1603617514152517,33.71285089983055,10,9,2.406958479067066
residual_only,Residual only,14,2,6.421893268038918,5.365630274588827,4.800136804584239,0.044180700956839285,14.263930268086515,10,9,1.2301473063543273
residual_only,Residual only,15,2,4.651042574983752,1.6158151936530307,6.345040485536212,0.1834123857537865,21.58710915984038,10,9,1.3409353805880284
residual_only,Residual only,16,2,5.305688670079386,4.765160038915357,4.311082793726688,0.27381323561639276,12.32040576117573,10,9,1.154702828964735
residual_only,Residual only,17,2,12.634907435825259,7.450496203075858,9.820373529880323,1.0155109040872792,33.64693584702883,10,9,0.8063882607095094
residual_only,Residual only,18,2,10.263446246670531,12.171618913693674,4.356550336068558,3.9080274690498897,15.619925861187324,10,9,0.8875079079639546
residual_only,Residual only,19,2,14.623364146417995,5.016025999220871,17.824035384004326,1.0439416963004264,58.98083596356416,10,9,2.5187351731888534
residual_only,Residual only,20,2,2.163252058934278,1.164669280681759,3.2548120708169472,0.06799928838421321,11.045166124682355,10,9,0.5890872142644492
residual_only,Residual only,21,2,4.720122372761578,2.3295405706808348,6.310530806604229,0.4540564018128594,22.022101547600943,10,9,1.0961031503140417
residual_only,Residual only,22,2,7.92107578117958,5.543032096050739,7.718723379858146,0.39551662436688284,23.166896139901493,10,9,1.3002291912117603
residual_only,Residual only,23,2,4.69053820551492,4.659711993270852,3.106709925050002,1.0008272855211362,9.871859988928199,10,9,0.9493697086212469
residual_only,Residual only,24,2,2.5738319461354404,2.073291029894113,1.709177585481399,0.18689210472951115,6.715121826189785,10,9,0.8636224799643866
residual_only,Residual only,25,2,11.193933659128625,10.577087076149281,7.131116383612132,3.4502405073010665,26.978653906585652,10,9,1.0866949369747854
residual_only,Residual only,26,2,18.650990184261097,15.173618121272492,24.57068648889111,0.9342607983609543,85.01151447570548,10,9,1.2577138781226518
residual_only,Residual only,27,2,4.520658477272854,3.279611721930494,3.9362313047370856,0.43626933452242384,12.049518958978542,10,9,1.3790574009656462
residual_only,Residual only,28,2,10.415830605837847,2.711995517154043,12.415382701666411,0.261192741096731,39.09612978423932,10,9,1.9991046172471545
residual_only,Residual only,29,2,12.709726038351013,7.881936633072263,11.146931468713074,0.66190782595619,39.12793630926371,10,9,0.9689447010104562
residual_only,Residual only,30,2,2.7022678447495543,2.299525364373331,2.013167031486284,0.037653102859928546,6.240303044978217,10,9,0.7727597992949305
residual_only,Residual only,31,2,8.25339647362786,3.309216172354858,9.522270331376705,0.7477802238911313,31.08307565755861,10,9,0.8949930597522618
residual_only,Residual only,32,2,4.754512837310146,4.256521634160374,2.507787387922829,0.21583550081130207,8.151898410605257,10,9,0.8879929972460475
residual_only,Residual only,33,2,10.31952881598968,9.005544934221769,8.963021552968359,1.6598284687685219,32.45635731699638,10,9,1.2984685549512573
residual_only,Residual only,34,2,8.274946056078424,4.423486604513819,10.001952948513113,0.4867227674318825,34.02473357739068,10,9,1.4374365515320613
residual_only,Residual only,35,2,9.94612590106385,3.643348024432187,14.299036692104902,0.33158823250418207,47.692024847616416,10,9,1.858350391683258
residual_only,Residual only,36,2,10.187085579678802,10.012031553159378,7.024675583782733,0.5984106543459916,23.657116970757414,10,9,0.939446529616097
residual_only,Residual only,37,2,7.0680078428134685,5.1727826584490595,7.572614036401124,0.6141308443895609,27.706815881662433,10,9,0.667481490618796
residual_only,Residual only,38,2,7.893864699934119,5.835497946868282,6.220304152555597,0.5047909494342786,18.80142709900708,10,9,1.1271169781571586
residual_only,Residual only,39,2,7.791114210252051,7.640363385075275,5.133319212166416,0.5201701132225626,19.631382384809832,10,9,1.1926785568713856
residual_only,Residual only,40,2,1.9215815183916598,1.1400356380318972,2.630895792887314,0.03914681387267947,9.037897736394983,10,9,0.7526035962598768
residual_only,Residual only,41,2,14.80303836172778,7.340630865745591,22.89892228566005,1.1693814657107982,77.51690266206144,10,9,2.017078889356165
residual_only,Residual only,42,2,2.6244026193654117,2.6539102301381794,1.2244924505243335,0.7682736377329048,4.656085278165082,10,9,0.6908015982840171
residual_only,Residual only,43,2,17.199626756916558,7.796854526625343,23.83634211171158,1.8540317456004183,78.58196775981834,10,9,1.8441849452894772
residual_only,Residual only,44,2,7.037990937841948,5.322816053540136,5.268329299827743,0.16507932021455418,16.461361810338712,10,9,1.2859828784866234
residual_only,Residual only,45,2,7.983280412611612,3.108672752867732,12.253834270086855,0.549871764705456,41.71985355128987,10,9,1.3740671328172909
residual_only,Residual only,46,2,8.974889124452368,5.094901545273477,9.070963971045403,1.4634019686019943,29.205068713384748,10,9,1.492891953115981
residual_only,Residual only,47,2,6.864148114088013,4.406679571715853,6.5359847262119555,0.2681205285189469,18.92076216348853,10,9,0.7858068188264424
residual_only,Residual only,48,2,12.566904508922612,11.029982879738398,7.436501202193813,2.8623207008574894,26.051298108918722,10,9,1.1046195623438861
residual_only,Residual only,49,2,13.374763749914601,18.303567999411527,8.805059183141607,2.9622040529515083,26.40940410305771,10,9,0.9861936736438082
local_and_residual,Local cost + residual,0,2,8.619909920318669,0.6975403585882365,17.636520050216603,0.0,57.355396268848324,10,9,1.9320576296417076
local_and_residual,Local cost + residual,1,2,14.586109989709014,3.794644853973789,24.872780593176795,0.0,81.02493242728647,10,9,0.7901724426022712
local_and_residual,Local cost + residual,2,2,2.3321688888146643,0.5171458684145025,3.9835280958953607,0.0,12.905052666754338,10,9,0.7465432666024803
local_and_residual,Local cost + residual,3,2,7.2380486864011955,3.3719768739110303,9.390814065511606,0.0,29.208530960202392,10,9,0.6490918737916503
local_and_residual,Local cost + residual,4,2,12.838762471963301,7.311113059082321,18.854400405831836,0.0,63.36459535514793,10,9,1.1224887242542518
local_and_residual,Local cost + residual,5,2,4.1279749239074475,0.8809528306222373,7.815774464334691,0.0,25.619070781038015,10,9,1.2052960032981062
local_and_residual,Local cost + residual,6,2,8.404418140099413,5.638238047856917,8.348957961163743,0.0,26.36169297140554,10,9,0.6594949031224638
local_and_residual,Local cost + residual,7,2,11.991213150761887,6.950229532299855,12.663683939194875,0.0,37.519491421550995,10,9,1.5207679560711604
local_and_residual,Local cost + residual,8,2,7.368366560929557,4.445319273192744,9.65264746651896,0.0,31.575030928857377,10,9,1.0896945852010949
local_and_residual,Local cost + residual,9,2,5.087240994623334,3.6628413153589743,5.173507723283356,0.0,15.792322687071195,10,9,0.8591514200956836
local_and_residual,Local cost + residual,10,2,11.191647068207837,2.491769870494979,17.0302212736955,0.0,54.08542311697518,10,9,2.080266151063683
local_and_residual,Local cost + residual,11,2,8.848597733037481,2.163961303375802,11.185168234356516,0.0,28.87900627044264,10,9,1.3095091208023684
local_and_residual,Local cost + residual,12,2,9.214250414723221,0.17354967295157625,24.41835222437026,0.0,78.20812580665286,10,9,1.8413425188906047
local_and_residual,Local cost + residual,13,2,9.936916733922049,3.6884174028280454,11.875240863605939,0.0,36.00085091399149,10,9,2.233944552452619
local_and_residual,Local cost + residual,14,2,4.910915621168469,1.63211399178596,6.220367663211962,0.0,19.053635128503114,10,9,0.9985582708637567
local_and_residual,Local cost + residual,15,2,4.154630152215995,1.0224177444893463,7.4319763977680005,0.0,24.554699272248126,10,9,1.2066852968004949
local_and_residual,Local cost + residual,16,2,5.794211600620234,3.87254283373606,6.674311659065011,0.0,19.188853382942288,10,9,1.230595196568805
local_and_residual,Local cost + residual,17,2,10.600777022975308,10.585525367465669,10.41161695960198,0.0,27.803457515511752,10,9,0.6410315051477647
local_and_residual,Local cost + residual,18,2,6.869974450289067,4.12797712123337,7.895337361943667,0.0,24.232341988634943,10,9,0.6457193302741174
local_and_residual,Local cost + residual,19,2,12.136436400265918,2.972234644962875,17.659114307079737,0.0,54.59283928015213,10,9,2.032191871475832
local_and_residual,Local cost + residual,20,2,1.9972487458708548,0.4143621048333151,3.5181522370223215,0.0,11.411219026846082,10,9,0.5623880246461164
local_and_residual,Local cost + residual,21,2,2.7983914243606534,1.7847553314787163,3.495404697612573,0.0,11.112197518064187,10,9,0.8072523338467483
local_and_residual,Local cost + residual,22,2,8.888975610359003,3.4649464707257764,11.086702439706682,0.0,27.973488935795157,10,9,1.3807604480134283
local_and_residual,Local cost + residual,23,2,5.462837265389379,2.227738147910349,6.180415924216921,0.0,17.580307457740126,10,9,0.99148296032175
local_and_residual,Local cost + residual,24,2,2.008161304366637,0.3423455824479607,3.0668655981742825,0.0,9.053979365280172,10,9,0.7175742044974066
local_and_residual,Local cost + residual,25,2,10.939959596382717,4.031824178756865,15.511046129370436,0.0,50.819534915621155,10,9,0.965287881784677
local_and_residual,Local cost + residual,26,2,8.017520342251698,1.9981741562322481,11.122198702428909,0.0,33.66006161306243,10,9,0.6921563188555415
local_and_residual,Local cost + residual,27,2,2.8241038056775802,1.3798624874826801,3.876690813225867,0.0,10.863894333313267,10,9,0.9754754974430417
local_and_residual,Local cost + residual,28,2,10.42351589605735,0.3784048200438566,12.969751100872697,0.0,37.687911729609915,10,9,1.9671096555280698
local_and_residual,Local cost + residual,29,2,10.31936188437931,1.6096884917051473,19.350447113458436,0.0,61.194231907337894,10,9,0.6675261075551192
local_and_residual,Local cost + residual,30,2,1.6338638112568007,0.821487143270574,2.315834601781574,0.0,7.475057662906688,10,9,0.590923989445787
local_and_residual,Local cost + residual,31,2,8.70561758057516,1.618802202354749,12.647913713643156,0.0,32.41926274732572,10,9,0.9250778515752354
local_and_residual,Local cost + residual,32,2,2.9492783787880033,3.748974958705062,2.5044471557892183,0.0,7.536220740690526,10,9,0.6853940297065356
local_and_residual,Local cost + residual,33,2,9.478756761665407,5.0883900916125855,9.353134924535444,0.0,26.79539309635739,10,9,1.215097036143634
local_and_residual,Local cost + residual,34,2,8.217497192488786,0.9803183186393528,11.87958407997262,0.0,34.02473357739068,10,9,1.404821501470178
local_and_residual,Local cost + residual,35,2,10.69915107277471,3.7861852802838003,17.302164580814814,0.0,57.23794358066502,10,9,1.9352520779739888
local_and_residual,Local cost + residual,36,2,4.1924438403768685,0.5984106543459916,7.618071579894987,0.0,24.231907820978204,10,9,0.538781979559498
local_and_residual,Local cost + residual,37,2,4.2371926614688755,0.7673472074847939,5.95125736298026,0.0,18.157788342094033,10,9,0.5316537723953426
local_and_residual,Local cost + residual,38,2,7.601813638347969,0.364586252485037,12.760227289781428,0.0,39.820891185834455,10,9,1.0077035953439328
local_and_residual,Local cost + residual,39,2,8.180165549636996,8.297068475129102,8.36897243616608,0.0,22.969874207598984,10,9,1.2277121935303117
local_and_residual,Local cost + residual,40,2,1.3130409255025433,0.33422121841238883,2.3019342047040534,0.0,7.632220352679952,10,9,0.6379521496725202
local_and_residual,Local cost + residual,41,2,10.691849851530728,1.7014807164629377,19.06693447964873,0.0,61.43238853756484,10,9,1.4343671905203155
local_and_residual,Local cost + residual,42,2,3.161400847869412,1.333247991238929,6.379684624389544,0.0,21.07932710454902,10,9,0.6698520446377981
local_and_residual,Local cost + residual,43,2,16.728087087470655,4.888930291139543,27.695551259603217,0.0,88.72734826989677,10,9,1.695163057568886
local_and_residual,Local cost + residual,44,2,4.989588777667187,2.310488939049907,6.085090036928361,0.0,16.89283127875553,10,9,0.9713579988102611
local_and_residual,Local cost + residual,45,2,6.096297787304207,1.4807995038288355,13.083406028163868,0.0,42.803626103495915,10,9,1.0760737570642773
local_and_residual,Local cost + residual,46,2,9.130490334290927,4.398119515305098,10.924422122853644,0.0,29.205068713384748,10,9,1.537523603564879
local_and_residual,Local cost + residual,47,2,4.794435891765894,0.8002280228746446,8.123683093083367,0.0,22.4323637216651,10,9,0.6180688952663516
local_and_residual,Local cost + residual,48,2,6.249789020791464,7.57174732659574,5.212843242292583,0.0,15.848852494958358,10,9,0.6929707030822513
local_and_residual,Local cost + residual,49,2,5.6604569554582405,4.1864853964589575,5.41314505139564,0.0,14.31515412887015,10,9,0.5794835833921295
local_cost_only,Local cost only,0,3,6.764786120138105,4.076951095219552,7.335791457316315,1.2432220538980504e-15,23.919487465455987,12,12,0.1423496575419592
local_cost_only,Local cost only,1,3,9.846255666402788,1.7967960144415864,22.705592320202108,0.0,83.45941407294114,12,12,0.13316780468058473
local_cost_only,Local cost only,2,3,13.95097140533757,2.27002861868949,21.737049514597327,0.0,70.1423859560843,12,12,0.21329743882465446
local_cost_only,Local cost only,3,3,8.954200599331235,6.502880123369417,9.408027843825316,0.0,27.989314738761344,12,12,0.18073997217037274
local_cost_only,Local cost only,4,3,11.29432006621868,3.264298526211933,17.329440362867295,1.3413580751171663e-15,53.19155968099896,12,12,0.1871631741564003
local_cost_only,Local cost only,5,3,13.795030061066432,0.2538534206669463,29.96132186703485,0.0,107.02909212549758,12,12,0.1682876842251367
local_cost_only,Local cost only,6,3,11.876402351361326,6.018711894218259,14.738487346096985,0.0,44.194666181982555,12,12,0.21370720541130614
local_cost_only,Local cost only,7,3,7.974267053748221,2.2736345515745713,12.426455261010826,0.0,42.07171951269049,12,12,0.14564832465736624
local_cost_only,Local cost only,8,3,3.484531989618868,2.257682379958207,3.6016333596980625,0.0,10.5377863187892,12,12,0.06934910130145766
local_cost_only,Local cost only,9,3,12.88452062120046,6.24789790550081,20.426581244902717,1.2418718396996452e-15,76.43322850017184,12,12,0.20666336435972266
local_cost_only,Local cost only,10,3,5.8625729046598565,4.596101880342715,6.180751574581502,0.0,18.71353528884335,12,12,0.11957952579656476
local_cost_only,Local cost only,11,3,7.851335834156135,6.649192126789139,9.05200075434723,0.0,33.83266522061688,12,12,0.15561461006375935
local_cost_only,Local cost only,12,3,14.500511536172304,5.408114394499782,19.841890771396553,0.0,63.60189074831352,12,12,0.23560925802749177
local_cost_only,Local cost only,13,3,8.41100610574576,1.041755232821354,11.242010075633459,0.0,29.17426332102996,12,12,0.1602010611545219
local_cost_only,Local cost only,14,3,23.336179316287442,1.707424079134551,57.08405618072846,0.0,210.35923312072552,12,12,0.19778050153809237
local_cost_only,Local cost only,15,3,13.23780959596734,5.336744362388768,14.904081228732325,0.0,41.01430634289036,12,12,0.2410384957473983
local_cost_only,Local cost only,16,3,8.597371959367303,6.79979004977602,9.277831849150278,0.0,29.518449262243756,12,12,0.1741222147222913
local_cost_only,Local cost only,17,3,7.328012906936148,3.916084799467736,8.732542719008299,3.1205030058824703e-16,28.716900329844254,12,12,0.14996951466470862
local_cost_only,Local cost only,18,3,8.385032440537644,5.641240491780239,8.984664125588504,0.0,26.06946459142549,12,12,0.1666075078063319
local_cost_only,Local cost only,19,3,9.366734849696499,6.153822332828382,10.942277254858785,0.0,36.35661550223282,12,12,0.18048393918530145
local_cost_only,Local cost only,20,3,4.756312188449276,5.841433138337052,3.8803435859163606,0.0,11.770994704192848,12,12,0.08386368454124545
local_cost_only,Local cost only,21,3,9.713857207703835,4.022435755311914,12.831930066987933,3.103219029168533e-16,41.616347311410266,12,12,0.1821123910863627
local_cost_only,Local cost only,22,3,12.443449019158399,1.6730267202465843,28.125157789031746,6.256630226141769e-16,102.83645204611872,12,12,0.1552907613627982
local_cost_only,Local cost only,23,3,12.620965238155582,2.8623695901041755,15.38206226892094,0.0,48.22194302687412,12,12,0.22394902676201514
local_cost_only,Local cost only,24,3,8.631587950843915,2.2389427576217447,11.132500064020483,0.0,34.98840294860835,12,12,0.16201959847480693
local_cost_only,Local cost only,25,3,9.606402804512008,7.754123327342098,9.274579022550002,0.0,30.76905298537226,12,12,0.19603167425915935
local_cost_only,Local cost only,26,3,13.313509648391323,3.437733177259805,21.54678526853509,0.0,66.19388352961059,12,12,0.20287478498646005
local_cost_only,Local cost only,27,3,9.045854957169645,6.691964659744772,9.271861562752596,1.4066501725131665e-15,25.028493005989567,12,12,0.18167591926477136
local_cost_only,Local cost only,28,3,6.76754356333529,2.2686131630313913,9.833429091030268,6.296504447323989e-16,32.81012354788855,12,12,0.1348344757480927
local_cost_only,Local cost only,29,3,12.765076269398035,1.2906537371325242,20.115663283469342,3.1033141145213703e-16,54.72508482514332,12,12,0.2019523813469728
local_cost_only,Local cost only,30,3,10.314768916702944,2.9298213276569607,14.37858526490382,0.0,47.79611150097117,12,12,0.18509302291827665
local_cost_only,Local cost only,31,3,6.9602991693159595,3.2571617367191337,8.298474954415083,0.0,26.20044668154464,12,12,0.1437952150482266
local_cost_only,Local cost only,32,3,11.286113524077257,1.4787276976923822,16.772244465277254,0.0,55.70903619294517,12,12,0.19528884342936956
local_cost_only,Local cost only,33,3,10.7717798498352,2.094020129472219,14.880718536346976,0.0,44.35267858426304,12,12,0.19197736192210688
local_cost_only,Local cost only,34,3,12.024099756416,4.667677918996754,18.07603529097565,0.0,50.91799099897531,12,12,0.19861311279215854
local_cost_only,Local cost only,35,3,6.541417306672351,0.41985751604936095,9.49490545052073,0.0,26.99317739292345,12,12,0.12831667729451043
local_cost_only,Local cost only,36,3,6.630701911727692,1.0623101195707068,9.257275732399735,0.0,24.037980540279474,12,12,0.13227619836514146
local_cost_only,Local cost only,37,3,12.36206061594084,6.157591102144897,18.45851277282465,0.0,67.14939340454677,12,12,0.20264703284550958
local_cost_only,Local cost only,38,3,14.298667945696076,2.7693062702157856,25.39754133248368,6.39315502233247e-16,79.32370353411315,12,12,0.1976397328376844
local_cost_only,Local cost only,39,3,7.831822107115893,7.717398581607103,7.265638532557708,0.0,20.7226937328522,12,12,0.15648831058456972
local_cost_only,Local cost only,40,3,9.616913851835813,1.4512243577695203,14.63418795620336,0.0,51.198195297033344,12,12,0.17358136013848355
local_cost_only,Local cost only,41,3,16.044234702503406,11.757318836796887,16.519267676874875,9.330727887289286e-16,52.31630310165468,12,12,0.2801180855181561
local_cost_only,Local cost only,42,3,5.672042857874021,3.6756359972094974,6.477206461143966,0.0,19.38047639398423,12,12,0.11116159590365426
local_cost_only,Local cost only,43,3,14.18034075730115,0.7176619844402068,27.725697586345163,0.0,95.06050527988927,12,12,0.18376236634410045
local_cost_only,Local cost only,44,3,8.989455052086823,12.119395071471173,6.919608944343967,0.0,18.83368887131252,12,12,0.1816994938830946
local_cost_only,Local cost only,45,3,14.757981606356816,6.9537268969364865,20.987052933318537,1.2991700987800112e-15,73.25031983906965,12,12,0.2376347137174404
local_cost_only,Local cost only,46,3,9.95557092203092,9.26827240618006,10.83733017017894,0.0,36.86128442009952,12,12,0.19779413805835966
local_cost_only,Local cost only,47,3,8.402572708331496,5.13227585124258,9.065679814394969,0.0,27.765572825283975,12,12,0.15423701571982296
local_cost_only,Local cost only,48,3,7.6430532293813584,4.861430246784252,9.148376380912394,0.0,24.706237835005215,12,12,0.14627604757563226
local_cost_only,Local cost only,49,3,10.070440354172241,1.7205084967224988,13.706025450875044,1.283734321624862e-15,43.856360770819386,12,12,0.18637100478059695
residual_only,Residual only,0,3,9.042809133791906,5.409978119444167,9.17988948530122,0.7538521177068654,29.148604071168702,15,14,1.567733625482216
residual_only,Residual only,1,3,12.553665103950554,2.050061763171559,23.553856313740855,0.6129319542030363,81.02493242728647,15,14,1.4916667615058044
residual_only,Residual only,2,3,4.758816614221135,3.9427163499989395,4.29927754804237,0.471434347689024,17.507496062645618,15,14,1.1399779899790956
residual_only,Residual only,3,3,10.033967941081638,6.246075516369471,12.257577208967376,0.13861141616281147,41.795495348163094,15,14,2.1870210688451124
residual_only,Residual only,4,3,12.340397764572781,6.96714057929011,16.130735507020646,0.06739774460978336,63.36459535514793,15,14,2.097317627818355
residual_only,Residual only,5,3,4.237725320822662,1.8634908474105476,6.35975038047734,0.01820797964996321,25.723034296565935,15,14,1.377461008971267
residual_only,Residual only,6,3,5.7929642635727365,2.713461136648398,6.25231443791294,0.031907867470083714,20.44707896697513,15,14,1.3515231647949257
residual_only,Residual only,7,3,8.105608962725512,3.8951608173462082,7.842776713987291,0.19509134380633852,24.421546695870546,15,14,1.2884802294981605
residual_only,Residual only,8,3,11.951181849510984,8.579267286951907,11.8364985794446,0.1685529267357724,40.12684293803922,15,14,2.0785398271677002
residual_only,Residual only,9,3,5.584368200731562,3.629401363597589,4.220230003144939,0.8935551562303189,14.435772234512847,15,14,1.7107387244230228
residual_only,Residual only,10,3,8.550282051686539,4.203657198773914,9.959264535658114,0.4955692054366676,35.73726325090672,15,14,1.8417806675326256
residual_only,Residual only,11,3,11.425174048677567,9.58492788541361,7.722139638626312,1.6606651195040703,29.545725342386305,15,14,1.1056227350361683
residual_only,Residual only,12,3,7.311737946800621,5.036682678962249,6.128825397275041,0.20043180388381357,18.701874097033993,15,14,1.060922117086253
residual_only,Residual only,13,3,9.102196256590043,7.530307765500691,9.738384614939156,0.3723244314138743,35.12957741074219,15,14,1.8800987147673924
residual_only,Residual only,14,3,6.013881960813117,4.465083763025881,6.189294599152507,0.054149574959913405,19.458376252259324,15,14,1.2512431130374915
residual_only,Residual only,15,3,4.725945885510859,2.294738736444386,6.688386950611019,0.0008422705176186249,25.653832712930296,15,14,1.1054111399340976
residual_only,Residual only,16,3,14.26735917131822,5.283590366931719,15.161778626606276,0.22453014309243507,50.588948260644216,15,14,3.313646114481747
residual_only,Residual only,17,3,6.6414823911179335,3.518621715418943,7.040469895735709,0.00861383773769455,19.246092541353068,15,14,1.935597869160655
residual_only,Residual only,18,3,9.369465018426835,5.3287574477855095,13.1217889517017,0.13597892517399238,47.91228122497923,15,14,2.58449887068886
residual_only,Residual only,19,3,9.463093373179635,7.59366772866119,9.289895224251794,0.022164712161254797,28.754201556239266,15,14,1.9229187799853418
residual_only,Residual only,20,3,8.079294527029191,8.306026451118742,6.080926556035786,0.06799928838421321,18.07691351338253,15,14,0.6043344167802487
residual_only,Residual only,21,3,5.398706265168742,3.3776490647065405,5.286626024161481,0.01793446324097425,18.49037878257585,15,14,1.2625629689862659
residual_only,Residual only,22,3,6.419729824902973,2.895045984435804,8.719625205071232,0.043919327626192245,30.967866649602005,15,14,0.8315644505204547
residual_only,Residual only,23,3,7.740623115248666,5.852545508087544,5.445246843543703,1.1386600339528774,18.285656990258765,15,14,1.2707754888044744
residual_only,Residual only,24,3,11.005351699753797,8.647200059374407,11.222541086227329,0.25588218133205204,36.61364364061494,15,14,2.1448689470605946
residual_only,Residual only,25,3,8.933208063318428,3.7004854410781745,13.807385134050772,0.048388860606697996,54.97166691569525,15,14,1.5761304837291668
residual_only,Residual only,26,3,11.14782873921,7.467598213648905,12.189388254520987,0.6575343761493186,48.93031576282381,15,14,1.4672826086973072
residual_only,Residual only,27,3,5.089667105463649,2.613602837616871,5.939719855015884,0.14479698891717982,19.896903727741773,15,14,1.1814953078790638
residual_only,Residual only,28,3,7.557819226232891,4.922096089208614,6.7816239767954025,0.042499371200134986,19.30198202239523,15,14,1.7368507221426783
residual_only,Residual only,29,3,6.247308375144788,2.910219996092542,6.224166191930548,1.40591535066562,23.734318663106265,15,14,1.2109906751805677
residual_only,Residual only,30,3,11.352258564147595,7.706703348802238,10.85991051532714,0.037653102859928546,36.01353857476992,15,14,1.872908451845261
residual_only,Residual only,31,3,9.005965745765218,8.317478407366684,7.642699537215048,0.34916556331237675,31.08307565755861,15,14,1.1098110913406203
residual_only,Residual only,32,3,6.777809612488383,4.501469540187031,5.255192360776028,0.850052614723743,18.879485996442398,15,14,1.6369452824527246
residual_only,Residual only,33,3,10.602734230461289,9.656413677624297,7.982541821605349,1.3943869179907928,27.746178611091814,15,14,0.9864046493777191
residual_only,Residual only,34,3,7.3252978095589,4.009659415331566,8.930296052465971,0.07852517385660389,34.02473357739068,15,14,1.144937972016062
residual_only,Residual only,35,3,9.656194309115353,6.954550392885463,10.347783631616613,0.4416566671768004,42.46361287259491,15,14,1.0048516401919982
residual_only,Residual only,36,3,3.744966719654285,1.297168647270878,5.624765919801118,0.05207076370005521,19.255915820448788,15,14,1.0907514828783598
residual_only,Residual only,37,3,3.781764964454431,2.186362884557217,3.8185152595058907,0.33330340926701385,13.308644013108564,15,14,0.9136906336351857
residual_only,Residual only,38,3,7.1463459375991265,3.214776700850129,7.324053642359415,0.6110777123121195,21.586379272717174,15,14,1.197274560128456
residual_only,Residual only,39,3,9.498297965229074,6.28692915712592,8.399816045102806,0.5049597509976372,27.9125308326619,15,14,0.9294936692327077
residual_only,Residual only,40,3,9.039323326072623,5.196876800577262,10.98416517427398,0.04820968793005769,38.087766662308404,15,14,0.6627744415601491
residual_only,Residual only,41,3,10.37704200634367,8.220515479617621,9.005175213963147,0.2591281064289936,26.764203980594356,15,14,1.659599847880629
residual_only,Residual only,42,3,4.005306214206405,2.142957029901675,3.597166933632194,0.6659968774865536,11.60685281547882,15,14,1.0693903439856205
residual_only,Residual only,43,3,10.18952287877355,7.760901544480031,10.510960296267324,0.05602874074725718,36.182863375834735,15,14,1.3229058987703666
residual_only,Residual only,44,3,7.929621648166919,3.806628086712119,10.937905541117093,0.1787207997165853,40.14586345963616,15,14,2.193778237574057
residual_only,Residual only,45,3,11.21551908500641,4.148720865357626,12.916346987659399,0.05992462064979932,43.75679839733122,15,14,2.3953268097974387
residual_only,Residual only,46,3,12.448290372980116,6.802476411206905,11.391041753852557,1.1973792533538394,38.261570434724355,15,14,1.860280520587375
residual_only,Residual only,47,3,3.4142184743076904,1.6251728970853618,5.768761982617701,0.12149538759303187,23.44809509498293,15,14,1.09814833064577
residual_only,Residual only,48,3,5.827104694658692,4.120528200774357,5.509991416773169,0.04455701440230205,14.542339786342053,15,14,0.7782060020718807
residual_only,Residual only,49,3,6.163684253523322,4.405929813313838,5.44054633435131,0.10543366459758484,18.468981497737275,15,14,1.867767215669531
local_and_residual,Local cost + residual,0,3,9.647621166715398,7.053426075539697,9.793091246914111,0.0,31.554352631146177,15,14,1.6524943390437714
local_and_residual,Local cost + residual,1,3,12.734097315353639,2.6847959994495776,22.918236759469895,0.0,81.02493242728647,15,14,1.4661830728976872
local_and_residual,Local cost + residual,2,3,3.3788503070748876,2.694203287657328,3.4346674864400812,0.0,11.961253592562963,15,14,0.8577647609728181
local_and_residual,Local cost + residual,3,3,9.904501838486292,5.8821162431001035,12.678781612686386,0.0,42.83259308277731,15,14,2.133363076973158
local_and_residual,Local cost + residual,4,3,11.317776820966243,5.913277436864177,16.24235347783998,0.0,63.36459535514793,15,14,1.8210622700314154
local_and_residual,Local cost + residual,5,3,4.24195182455712,1.054694434642679,6.708094102775317,0.0,25.5468163734825,15,14,1.3686932038771489
local_and_residual,Local cost + residual,6,3,7.5989130866465455,4.429832684790018,8.920898862710695,0.0,32.397762166461774,15,14,1.768679961552152
local_and_residual,Local cost + residual,7,3,7.30270256387273,3.036374811573311,8.24197860808478,0.0,24.421546695870546,15,14,1.1497677539568438
local_and_residual,Local cost + residual,8,3,11.396299084144232,8.813160081343955,12.737415452508968,0.0,43.276665079721326,15,14,1.9291443744906787
local_and_residual,Local cost + residual,9,3,4.945453528861724,2.7817798979530077,4.845569406373685,0.0,13.500561058646438,15,14,1.5055129367926374
local_and_residual,Local cost + residual,10,3,7.79205416666476,4.124084113491866,10.150275528359806,0.0,33.71724801655563,15,14,1.6706456209684497
local_and_residual,Local cost + residual,11,3,7.114424154834494,3.4126233883054917,8.668844341068462,0.0,29.321181464700466,15,14,0.7106537759957139
local_and_residual,Local cost + residual,12,3,9.117263037879795,9.205478828291437,7.352411968529991,0.0,20.94602374838485,15,14,1.236617391486836
local_and_residual,Local cost + residual,13,3,9.72229301058832,7.360370825325089,10.707099134596085,0.0,36.84438876465156,15,14,1.9977655408075192
local_and_residual,Local cost + residual,14,3,3.708411623105723,1.8378666413843197,4.700247844724294,0.0,16.329539309838975,15,14,0.7806120975434394
local_and_residual,Local cost + residual,15,3,3.8571466181037244,1.720104692375716,5.967352074516409,0.0,21.280729799749416,15,14,0.8984802761492167
local_and_residual,Local cost + residual,16,3,13.30140724470044,4.942149305924154,15.812209180476042,0.0,52.76996901182772,15,14,3.05311125530835
local_and_residual,Local cost + residual,17,3,7.141285836484101,3.548153949981038,7.352223024441119,0.0,21.37871775561675,15,14,2.078754614442449
local_and_residual,Local cost + residual,18,3,9.422212644347706,4.857974059183276,14.021254539891942,0.0,50.59812454353712,15,14,2.582719251259767
local_and_residual,Local cost + residual,19,3,8.962375711214154,7.735545903385745,8.933962755578795,0.0,28.205234204418545,15,14,1.807073688165864
local_and_residual,Local cost + residual,20,3,4.118779483610557,2.508183717248487,5.976595346221156,0.0,23.63671693696441,15,14,0.37265710383185735
local_and_residual,Local cost + residual,21,3,6.008242088353585,3.6092355828698013,5.901258278484284,0.0,18.90889534207152,15,14,1.3864499999743487
local_and_residual,Local cost + residual,22,3,5.596722069514861,3.825496095086319,6.298101786936918,0.0,20.23812208451644,15,14,0.7286044926932473
local_and_residual,Local cost + residual,23,3,4.26617011263197,3.164491548246376,3.827138764650747,0.0,11.766936004038591,15,14,0.7781081311106836
local_and_residual,Local cost + residual,24,3,10.348105248982634,9.098862068896345,9.937224561756153,0.0,33.05205433974704,15,14,2.0112680084293433
local_and_residual,Local cost + residual,25,3,7.945393391941801,3.6064190712196256,12.838519579214413,0.0,49.719077199832775,15,14,1.3726027138629484
local_and_residual,Local cost + residual,26,3,9.531532329394722,1.8538795037410976,16.228194000429117,0.0,62.251477903001685,15,14,1.1738203073642093
local_and_residual,Local cost + residual,27,3,5.314521275834905,1.5708609631844626,7.037595680042153,0.0,22.08374699673834,15,14,1.2171228881189333
local_and_residual,Local cost + residual,28,3,7.209238381032333,5.444751278077016,6.357112706402118,0.0,19.30198202239523,15,14,1.6403238896975763
local_and_residual,Local cost + residual,29,3,5.83722896383384,3.0682582010188746,7.076754697531759,0.0,23.734318663106265,15,14,1.0957541391502292
local_and_residual,Local cost + residual,30,3,8.526686497444006,6.310254975885437,8.759253733315907,0.0,25.33681814763572,15,14,1.4050935148806925
local_and_residual,Local cost + residual,31,3,8.521757783812266,9.035762608323704,7.929882616118893,0.0,31.08307565755861,15,14,1.0325363667723881
local_and_residual,Local cost + residual,32,3,5.078274492512777,4.721632653005841,4.339051146437748,0.0,14.657899768158371,15,14,1.2141208423469778
local_and_residual,Local cost + residual,33,3,8.292713952411866,8.635544761282734,7.332660789085713,0.0,25.735522513713228,15,14,0.7852194952086513
local_and_residual,Local cost + residual,34,3,7.001921528880496,1.8485380274417722,9.565777364100265,0.0,34.02473357739068,15,14,1.0600548061929633
local_and_residual,Local cost + residual,35,3,7.292372304751365,3.6925951718859555,12.70125549448487,0.0,50.14267007616472,15,14,0.743967331410088
local_and_residual,Local cost + residual,36,3,3.5734046167028493,1.6946007530701337,4.726003294417651,0.0,14.855887581833045,15,14,1.0540146162412312
local_and_residual,Local cost + residual,37,3,5.113259749876053,4.027639753271205,4.491828737381906,0.0,11.891649636712376,15,14,1.1371986265304344
local_and_residual,Local cost + residual,38,3,6.376497261954846,2.1074474331114,7.418671980875612,0.0,21.442132553834465,15,14,1.0505922179542455
local_and_residual,Local cost + residual,39,3,6.752638310415512,7.099507673327853,5.913196950065349,0.0,16.647127119934858,15,14,0.6811781548930402
local_and_residual,Local cost + residual,40,3,7.7259737009996075,1.5021991221776063,11.749893865180086,0.0,43.41554807478591,15,14,0.46654666670395745
local_and_residual,Local cost + residual,41,3,10.065343006764326,6.51383315074001,9.081715710090219,0.0,26.764203980594356,15,14,1.580303239262475
local_and_residual,Local cost + residual,42,3,2.8897658879303916,1.4004425119210242,3.0890325307004094,0.0,9.750764114642104,15,14,0.7993422084280349
local_and_residual,Local cost + residual,43,3,9.0359045002262,4.198321889833361,12.507433006436518,0.0,40.0464940356727,15,14,1.136991242740325
local_and_residual,Local cost + residual,44,3,7.038590630641332,2.5457034186144574,10.678190383203445,0.0,38.40694668729311,15,14,1.9223410618242653
local_and_residual,Local cost + residual,45,3,10.278997361972946,6.052240477750615,11.056506241152434,0.0,35.34807156209275,15,14,2.2005262292480716
local_and_residual,Local cost + residual,46,3,10.795442488755654,7.48971654585395,10.740594381232912,0.0,30.57124975866938,15,14,1.562524090196395
local_and_residual,Local cost + residual,47,3,2.9115894307285273,0.9279961391016883,6.213017226205727,0.0,24.76430456710738,15,14,0.949991256963887
local_and_residual,Local cost + residual,48,3,5.400018364235331,3.951434939656929,5.977487937854201,0.0,22.63750544051018,15,14,0.7173370702837937
local_and_residual,Local cost + residual,49,3,5.757135793311504,3.9859090010483555,6.3905111209186805,0.0,22.945563642157257,15,14,1.7308361393705178
local_cost_only,Local cost only,0,5,5.517166958989987,4.245270632595407,5.701970127232969,3.122602053690905e-16,19.98021499321285,20,20,0.11827298602424671
local_cost_only,Local cost only,1,5,6.060872636968105,4.319922440719072,6.336716103089527,0.0,21.317534223761747,20,20,0.12440052821256194
local_cost_only,Local cost only,2,5,6.568979815769046,4.5473092681241045,6.501003941394349,0.0,23.195365549186565,20,20,0.1371287424673023
local_cost_only,Local cost only,3,5,11.672367495545759,9.426257594738377,9.944782953743399,0.0,31.096043133229635,20,20,0.23073181113187996
local_cost_only,Local cost only,4,5,7.864611589897568,4.991521075045785,8.489183715247497,0.0,29.07153175177553,20,20,0.16141727812300755
local_cost_only,Local cost only,5,5,9.339773345945948,3.4585545420462047,16.077346569194997,1.3307292943888292e-15,64.3817558216644,20,20,0.1583976090319876
local_cost_only,Local cost only,6,5,8.306936313980083,4.545616439614565,9.220885740866306,0.0,32.036501626647116,20,20,0.1683941753005477
local_cost_only,Local cost only,7,5,7.797979482384278,6.14054140410179,8.229934409635138,0.0,31.471359468562664,20,20,0.16141763819366378
local_cost_only,Local cost only,8,5,10.940894438716803,7.6083908389129,11.732463075968226,1.2620597061212817e-15,39.29084246152565,20,20,0.20963009347385722
local_cost_only,Local cost only,9,5,11.631104951468968,7.367818050429593,10.846016082067443,0.0,28.18643502174988,20,20,0.2222163090442562
local_cost_only,Local cost only,10,5,7.2665327516732745,2.2115586811275723,10.65467628404295,0.0,34.1271013610395,20,20,0.13102306934603847
local_cost_only,Local cost only,11,5,6.03672949315021,1.338868928738366,7.700711431617469,6.274674262371393e-16,23.84906050346033,20,20,0.12598667274580128
local_cost_only,Local cost only,12,5,9.771486796632098,3.8051905689656165,13.50974799353257,0.0,57.2004542700292,20,20,0.1779758189521624
local_cost_only,Local cost only,13,5,8.250371132287743,5.849498291464474,8.358541810804972,9.36407611548231e-16,28.24551577129895,20,20,0.1679294007300641
local_cost_only,Local cost only,14,5,10.741223030763482,7.792058794160832,9.912324601059884,0.0,35.12192256469316,20,20,0.21384169885408277
local_cost_only,Local cost only,15,5,9.819410888898677,10.428983805241566,7.944711856351454,0.0,27.8211865845197,20,20,0.20316552050184233
local_cost_only,Local cost only,16,5,8.776814024764967,7.832310986460671,8.45476620556647,0.0,27.68040115604352,20,20,0.179185864060799
local_cost_only,Local cost only,17,5,8.992412149498183,7.178464490385192,8.984418766923152,0.0,28.96051209812246,20,20,0.1803545984406375
local_cost_only,Local cost only,18,5,5.815804111252698,4.141385758343924,5.961852802272918,0.0,20.989502905369513,20,20,0.11538225877693138
local_cost_only,Local cost only,19,5,6.793416369109009,4.525114792986699,6.666075264887104,1.3823701547151701e-15,17.81535785306752,20,20,0.14162455099375962
local_cost_only,Local cost only,20,5,7.208056806082547,3.300726291044983,12.169679987072431,0.0,55.88456923576795,20,20,0.1306053301280274
local_cost_only,Local cost only,21,5,9.301623657762525,6.3130040868072275,8.839356579863296,0.0,29.565948113380642,20,20,0.18172597405620292
local_cost_only,Local cost only,22,5,10.731405316876108,6.032416705263352,11.990531166927997,0.0,45.34404103751486,20,20,0.20408584772554642
local_cost_only,Local cost only,23,5,8.376613746566445,4.167459679741315,10.281497667293598,6.399210424636123e-16,37.475698950853406,20,20,0.16509992077553318
local_cost_only,Local cost only,24,5,7.656179833345601,7.540249675108646,5.599487228231288,0.0,19.596908608403105,20,20,0.16200249171668576
local_cost_only,Local cost only,25,5,11.187158071374654,7.928775198196477,12.222840103873958,6.409430382424333e-16,47.8372783319237,20,20,0.2162626493249138
local_cost_only,Local cost only,26,5,8.285769589862054,5.58523237115156,8.265078921073894,0.0,24.315268107018873,20,20,0.1706379211807453
local_cost_only,Local cost only,27,5,7.220635416881791,4.017418088216058,9.597619848753164,1.3456805620648404e-15,40.81015318775702,20,20,0.14298979506398096
local_cost_only,Local cost only,28,5,3.9234988002606506,2.722214003191504,4.874241713337654,1.0868322807393233e-15,20.935391129196642,20,20,0.08472202564740375
local_cost_only,Local cost only,29,5,9.204731177488018,4.192060624410351,9.734885421515756,0.0,24.517207409776393,20,20,0.1848860003341169
local_cost_only,Local cost only,30,5,6.810597208189797,4.25304796198721,7.569938311716073,0.0,25.222813747811113,20,20,0.14226024876446183
local_cost_only,Local cost only,31,5,9.279938442372952,4.914316304022562,8.607007165124982,0.0,24.317236209887533,20,20,0.1889784736845026
local_cost_only,Local cost only,32,5,8.234994197175805,7.305591402800151,9.380302972923587,0.0,40.75924109383671,20,20,0.16319801261793182
local_cost_only,Local cost only,33,5,10.68297523537132,4.235308922995425,14.801432722058799,0.0,59.566567057387495,20,20,0.1935775691110491
local_cost_only,Local cost only,34,5,6.5168066726598965,4.61949928511284,6.7690326931998275,0.0,21.270726872025513,20,20,0.13705822460304412
local_cost_only,Local cost only,35,5,8.605172667442558,6.622198967584174,7.762711302225764,6.349343798631917e-16,24.96089117891888,20,20,0.1765350312852136
local_cost_only,Local cost only,36,5,7.1999414624353495,3.033517777256787,7.682195535416963,6.305779791909839e-16,21.885979863609727,20,20,0.14924781477968357
local_cost_only,Local cost only,37,5,8.970995201844307,5.311888194218599,11.248250879504903,0.0,45.279596193991,20,20,0.1709409374469653
local_cost_only,Local cost only,38,5,9.282729406706478,8.411996339136905,6.585543151711189,3.1108116098318097e-16,22.506524876858133,20,20,0.194345257786327
local_cost_only,Local cost only,39,5,5.143579796814359,2.7848725120267437,7.999433158048114,0.0,34.59483332914796,20,20,0.10469637201087778
local_cost_only,Local cost only,40,5,7.6372237844877615,6.738103486252783,6.948791755892769,0.0,24.042636050531414,20,20,0.1558965620242858
local_cost_only,Local cost only,41,5,10.358274966973154,7.5845623853951984,10.936149372817445,0.0,36.52831944827287,20,20,0.2021256429472023
local_cost_only,Local cost only,42,5,9.893630685212466,7.271639782448393,10.430031834462966,1.2489332726805404e-15,46.92556503787228,20,20,0.194412031461948
local_cost_only,Local cost only,43,5,8.863241327022758,6.02897630951643,10.691529432052459,3.1083862816465514e-16,36.18679817679812,20,20,0.174606846945741
local_cost_only,Local cost only,44,5,9.798321733628086,8.556420877172885,9.406858843753232,0.0,30.385799185124366,20,20,0.19488825726144018
local_cost_only,Local cost only,45,5,7.11420229592274,5.783338978693756,6.381638340790691,0.0,24.888618454257973,20,20,0.14626668254131797
local_cost_only,Local cost only,46,5,7.925238069663079,6.067858471896981,7.423940826679928,6.237126981266802e-16,25.72702480000739,20,20,0.16637094703624336
local_cost_only,Local cost only,47,5,8.185098825189758,8.100085907947953,7.075682478305431,0.0,28.97946092857746,20,20,0.16891759408310686
local_cost_only,Local cost only,48,5,8.77318104798387,7.385368168575523,8.405455000226368,1.4026610701425844e-15,26.886481841345162,20,20,0.17698343649827594
local_cost_only,Local cost only,49,5,9.296647415056052,6.311863873416406,9.976725009354645,0.0,38.33720039275516,20,20,0.1854339041950717
residual_only,Residual only,0,5,6.730247536796039,5.829259905509462,5.729812599551369,0.037939411158442536,17.473073003751505,25,24,1.6201184910616928
residual_only,Residual only,1,5,9.73506369237645,5.171185197434061,16.219316516681438,0.0943452235628523,81.02493242728647,25,24,2.4151866245146336
residual_only,Residual only,2,5,4.217893479144003,3.5461859515857794,3.530531167037153,0.4562194341161266,11.845768493103666,25,24,1.4316259386965355
residual_only,Residual only,3,5,10.53745786100077,9.666268823740133,8.735460383964528,0.07563842647618758,30.580108310629367,25,24,2.7961376565820717
residual_only,Residual only,4,5,7.719563528780064,2.859879334338822,12.92775118306737,0.40121804251373444,63.36459535514793,25,24,1.1288222210556056
residual_only,Residual only,5,5,5.51482671132035,5.663259996857793,3.8086701747500005,0.12331598982417645,13.444292421030644,25,24,1.614101031301506
residual_only,Residual only,6,5,11.1412421703791,7.165408330285145,11.007148038246445,0.08675565826513361,36.205291596178796,25,24,2.3011511438088217
residual_only,Residual only,7,5,7.942976926505769,3.000940968162171,10.211306962471353,0.1590925832510566,30.482039825695875,25,24,1.1247173557986203
residual_only,Residual only,8,5,10.860522688999652,6.383472718775835,9.8915991495672,1.1150287635496563,33.850067354652964,25,24,1.2744483937592903
residual_only,Residual only,9,5,9.205622077839726,5.234704716677845,8.598544960133355,0.2642128621642744,30.390136396085033,25,24,3.240863492074692
residual_only,Residual only,10,5,5.833487114402566,3.9226335512179897,7.050138566411748,0.14916503147547908,25.69235201740827,25,24,1.4084881224128611
residual_only,Residual only,11,5,10.068127402524368,6.494310423511166,8.440131356190971,0.06585113947041424,24.670326374142103,25,24,1.8890179848904691
residual_only,Residual only,12,5,8.439453323024443,1.76106895588546,9.48030448301718,0.16570341368113284,28.5012253808955,25,24,2.8541424091610286
residual_only,Residual only,13,5,9.031999778495072,6.171148681944127,10.32619773802592,0.42737528834503186,45.73102528148122,25,24,2.933812976818633
residual_only,Residual only,14,5,7.054522508961843,5.386754091020159,5.670162946124076,0.1490641952380242,19.8933366156647,25,24,1.8729515086853916
residual_only,Residual only,15,5,5.142154911414604,2.0038017434957385,6.232771307765232,0.23248669671825403,23.866498438770627,25,24,1.5603721051674497
residual_only,Residual only,16,5,12.298956605861576,7.575722856878938,12.503043633017015,0.4664007694380658,54.46575577282206,25,24,1.9991023702694455
residual_only,Residual only,17,5,9.677665226677021,7.939972965620374,8.224954317733532,0.13089082458736248,32.6279153222212,25,24,2.675092888321804
residual_only,Residual only,18,5,8.83890130820032,4.679503091447913,11.565546209495166,0.09550456714704164,41.43025524650352,25,24,2.2324942665539367
residual_only,Residual only,19,5,11.69264188597088,8.30421538954618,9.857293169204816,0.8316933970864542,36.792848389569734,25,24,2.8682526329076388
residual_only,Residual only,20,5,5.483251458470929,3.7456260816761473,6.399545539052805,0.06799928838421321,25.121370076842286,25,24,1.501398389470142
residual_only,Residual only,21,5,5.032122788165444,2.810616593072282,4.686861042349012,0.3676226541296049,13.336538780550173,25,24,1.0952998514482761
residual_only,Residual only,22,5,6.889376839943821,5.065799129528665,6.084550494314319,0.11321291531869714,18.269151793481,25,24,1.3747755897659826
residual_only,Residual only,23,5,5.087430861086982,3.184003191402196,5.729270210142568,0.06013067001349846,23.061288575600738,25,24,1.7989285766918959
residual_only,Residual only,24,5,5.980132681254592,3.5619694005725777,5.7763319918544225,0.33997576462287415,18.364928789702308,25,24,1.2377092475376743
residual_only,Residual only,25,5,10.787352782800363,11.060184744261537,7.906421628055319,0.10282752835781299,23.610096675271517,25,24,2.3159497731489767
residual_only,Residual only,26,5,9.5411330102867,8.741127218253485,9.11374355655442,0.15691649885659967,37.73326409580255,25,24,3.353633140518375
residual_only,Residual only,27,5,6.372632581671805,3.9184003043419198,5.577538855258006,0.3627202314904806,20.607069659596867,25,24,1.6678873457591823
residual_only,Residual only,28,5,7.664041483736329,4.264911601832502,7.495269672870529,0.37961843201564593,22.464331478170333,25,24,1.4670181567800922
residual_only,Residual only,29,5,8.82609501344319,7.576382300636748,7.385519300733694,0.1685288867530972,28.37749868533373,25,24,1.8012167952682017
residual_only,Residual only,30,5,6.60833236119089,3.2868652043276496,8.11603451134122,0.037653102859928546,34.116585772658105,25,24,1.8223253758467934
residual_only,Residual only,31,5,6.627302971972479,5.569510193723863,6.497491854294512,0.04892969359456104,31.08307565755861,25,24,1.6157838835662566
residual_only,Residual only,32,5,6.319898631927491,4.762552489802918,5.512673697028259,0.4465008505817859,21.509811140676714,25,24,1.6281527900446036
residual_only,Residual only,33,5,7.282945180204931,5.040042708462126,6.140464380768181,0.03417900926088582,19.395232428719677,25,24,2.166878521900677
residual_only,Residual only,34,5,8.947515833453473,5.253638945084164,10.62489431106938,0.039632618442005225,41.38793505506941,25,24,1.4455162176729228
residual_only,Residual only,35,5,12.197969974168961,11.12280992893772,10.049910024612153,0.08718333092727101,36.48409314552681,25,24,2.778812528816897
residual_only,Residual only,36,5,5.214848798707059,3.079649626536926,4.423834080928906,0.5532731587346088,16.322140879666986,25,24,1.2525673444384577
residual_only,Residual only,37,5,5.941789012453017,4.168498788480306,5.590440226596629,0.09801383059585252,23.968627357938917,25,24,2.23328537841809
residual_only,Residual only,38,5,6.847367309116909,2.6497065171933434,8.432635343485687,0.16531523996363717,28.012596431234577,25,24,1.1539273629791746
residual_only,Residual only,39,5,8.286186765422064,7.538185194465227,7.808802498527235,0.03427084458827387,34.91826960621007,25,24,1.7972691919329373
residual_only,Residual only,40,5,6.489772685830698,4.4244058688339605,5.366524251536787,0.04820968793005769,17.37174961319821,25,24,1.3778592809770287
residual_only,Residual only,41,5,8.288253736090175,4.32281163498304,8.647658485346827,0.01841709753524738,30.41765753882459,25,24,1.817770243526221
residual_only,Residual only,42,5,9.118789930307393,5.036337600364389,10.928414385806946,0.3656471838893699,42.257286431907886,25,24,3.054905879727339
residual_only,Residual only,43,5,9.549809421566719,5.754170682105322,10.748749170064285,0.25913292033830343,42.68934138623026,25,24,3.223730813770228
residual_only,Residual only,44,5,6.055671791440143,4.581756699827756,5.999032112262164,0.30991046488667545,28.2334177980619,25,24,1.3831000529780662
residual_only,Residual only,45,5,6.867543905947637,3.5776600413777735,6.875370106124525,0.03728304813234944,25.262029951367456,25,24,1.484076314708092
residual_only,Residual only,46,5,8.842144483886807,5.699709936410198,9.19847335536342,0.34038550965735315,29.205068713384748,25,24,1.6352465048955924
residual_only,Residual only,47,5,9.214820957036514,4.968174724737445,8.911699588988657,0.4229966554692824,28.49870432535057,25,24,1.987572224769931
residual_only,Residual only,48,5,6.064373613044257,3.685766371961516,7.233959253010715,0.13605829485881318,32.7233221142326,25,24,1.5322785543415214
residual_only,Residual only,49,5,7.4532004797995635,4.127122809689909,8.724922796084035,0.2593240673381537,34.47972650367601,25,24,1.782909281353519
local_and_residual,Local cost + residual,0,5,5.725857567100789,4.596904678962651,5.407892507349679,0.0,15.450881249629372,25,24,1.336462446881788
local_and_residual,Local cost + residual,1,5,9.164110467642079,4.606755429528294,16.126182271926925,0.0,81.02493242728647,25,24,2.1986867817376936
local_and_residual,Local cost + residual,2,5,4.0970736108217904,2.3615572716042994,4.087366459518775,0.0,14.218211057156394,25,24,1.3845739468011897
local_and_residual,Local cost + residual,3,5,9.782712087650475,9.13594813556649,8.417843668920938,0.0,30.580108310629367,25,24,2.5311208771826337
local_and_residual,Local cost + residual,4,5,7.70634537744439,3.6694617588639216,12.930289271598191,0.0,63.36459535514793,25,24,1.1324059277299632
local_and_residual,Local cost + residual,5,5,4.412539606619394,4.663178070312005,3.2921894127920726,0.0,11.624614037955025,25,24,1.2728029998642472
local_and_residual,Local cost + residual,6,5,11.444851011563854,8.31441835750245,11.00419416342742,0.0,35.313740295043864,25,24,2.3531688826476507
local_and_residual,Local cost + residual,7,5,7.608471254155847,2.729611472752908,10.070016316584063,0.0,30.482039825695875,25,24,1.0558837617866919
local_and_residual,Local cost + residual,8,5,11.018744231914935,4.90914170249762,12.416762324615467,0.0,35.2278364550105,25,24,1.2444198340679888
local_and_residual,Local cost + residual,9,5,8.662226166709084,4.847305229061586,8.848840152344744,0.0,30.235316677160604,25,24,3.0080149440228343
local_and_residual,Local cost + residual,10,5,5.96662794049882,3.7137320651497685,7.118686946423728,0.0,25.69235201740827,25,24,1.4477555936293607
local_and_residual,Local cost + residual,11,5,8.609493026518196,6.048543052444806,7.6276154565302186,0.0,23.097760598208655,25,24,1.560835841379339
local_and_residual,Local cost + residual,12,5,8.527892782256188,1.3392984598536062,9.722714944024181,0.0,28.76652026327109,25,24,2.882879958559556
local_and_residual,Local cost + residual,13,5,9.180617379124904,7.101951647706607,10.487612617559224,0.0,47.163865088967725,25,24,2.9805097139735066
local_and_residual,Local cost + residual,14,5,6.492310350573177,5.327896498445626,5.595040320563199,0.0,19.8933366156647,25,24,1.6776239321605877
local_and_residual,Local cost + residual,15,5,5.1512579141522075,2.723609743619659,6.311624629175328,0.0,23.866498438770627,25,24,1.5615164775981774
local_and_residual,Local cost + residual,16,5,11.667732448420324,8.289562081074662,12.081981452061232,0.0,46.57087445756981,25,24,1.8552092488710332
local_and_residual,Local cost + residual,17,5,10.291898297526037,8.948616091459503,8.329487844287986,0.0,30.185760915140573,25,24,2.8543931590071803
local_and_residual,Local cost + residual,18,5,8.529933429332436,3.3598273293143164,11.710514524478118,0.0,41.65233597903471,25,24,2.1249002859139465
local_and_residual,Local cost + residual,19,5,10.507105660964607,8.32533828006806,9.599738176473762,0.0,36.792848389569734,25,24,2.505173461844919
local_and_residual,Local cost + residual,20,5,5.200288234568973,1.7776128474840303,7.484829775326364,0.0,27.657574859016105,25,24,1.4052029115285398
local_and_residual,Local cost + residual,21,5,6.009483828880772,2.9838500573203484,6.376706774142595,0.0,18.4952464599669,25,24,1.2869573257434197
local_and_residual,Local cost + residual,22,5,8.255617444918382,7.431166431683177,6.309715989230292,0.0,18.269151793481,25,24,1.651812645706947
local_and_residual,Local cost + residual,23,5,4.895889301793035,3.162004211551899,5.295762219297746,0.0,22.225629855555994,25,24,1.7224498420567753
local_and_residual,Local cost + residual,24,5,4.957767937641743,2.4596814104940865,5.57167817616923,0.0,16.261754711640133,25,24,1.0025423749024833
local_and_residual,Local cost + residual,25,5,10.000312544925775,9.454861635208704,7.808019542221906,0.0,25.65441101201619,25,24,2.097682909715223
local_and_residual,Local cost + residual,26,5,9.826801418264763,8.995996597961865,9.272046280404027,0.0,36.89803252390573,25,24,3.4638358502612605
local_and_residual,Local cost + residual,27,5,6.186113635625067,4.492570844297019,5.662525485052683,0.0,20.607069659596867,25,24,1.60279375958044
local_and_residual,Local cost + residual,28,5,7.5458854249971905,2.4832368021774682,8.203631223608225,0.0,24.61206670692095,25,24,1.4058239716559173
local_and_residual,Local cost + residual,29,5,7.763817929223304,6.164159632467879,7.430481577539071,0.0,25.269177848459506,25,24,1.5447861072893532
local_and_residual,Local cost + residual,30,5,6.146488057812551,2.598401154568198,8.456342618804737,0.0,35.05569709229452,25,24,1.6645243911138061
local_and_residual,Local cost + residual,31,5,6.1452683810941835,5.379038134180335,6.740406031085293,0.0,31.08307565755861,25,24,1.4633775261183137
local_and_residual,Local cost + residual,32,5,6.310557112503904,4.550401664918235,5.725318129326551,0.0,21.509811140676714,25,24,1.6184143804667244
local_and_residual,Local cost + residual,33,5,7.466783468830638,5.746212528121335,6.65520463276431,0.0,21.63625297587546,25,24,2.2197606487166692
local_and_residual,Local cost + residual,34,5,8.733679432955265,5.445753393423619,10.590129153626016,0.0,41.38793505506941,25,24,1.3934165002122625
local_and_residual,Local cost + residual,35,5,11.930639841550658,11.110112930908423,9.577041319763818,0.0,32.4982558160791,25,24,2.6923885447788773
local_and_residual,Local cost + residual,36,5,5.0304680085067295,4.773870154561038,4.341193607816544,0.0,16.322140879666986,25,24,1.1977888246896007
local_and_residual,Local cost + residual,37,5,5.693640220507177,4.792475365049901,5.851276068056218,0.0,24.38122174108599,25,24,2.128935824769808
local_and_residual,Local cost + residual,38,5,6.920100836876909,3.4792688369065075,8.460435082028717,0.0,28.054208513186154,25,24,1.1568482521062116
local_and_residual,Local cost + residual,39,5,9.448748556279979,7.8569738116536625,9.68190350045552,0.0,44.3262596555219,25,24,2.039571622983284
local_and_residual,Local cost + residual,40,5,6.357893931791881,5.355344128369012,5.118947483174735,0.0,15.426837184161071,25,24,1.328633995559515
local_and_residual,Local cost + residual,41,5,8.645011324543502,5.191347509237363,8.936068064692936,0.0,30.41765753882459,25,24,1.9348541069280656
local_and_residual,Local cost + residual,42,5,8.997204077859552,4.625168516787292,10.803732076216004,0.0,40.4772306636593,25,24,2.9983355061230372
local_and_residual,Local cost + residual,43,5,9.629426902704298,6.14523774729905,10.93897622725811,0.0,43.31863732825998,25,24,3.248476625912302
local_and_residual,Local cost + residual,44,5,6.3327854165169155,5.227028213667321,6.473911783799485,0.0,30.0422108785484,25,24,1.4416273801073505
local_and_residual,Local cost + residual,45,5,6.685787004294916,3.9739448571859004,7.195311768725365,0.0,25.262029951367456,25,24,1.4204055736812742
local_and_residual,Local cost + residual,46,5,8.360540208867482,5.268073574689677,9.039683101301387,0.0,29.205068713384748,25,24,1.498855913301946
local_and_residual,Local cost + residual,47,5,9.46870749822395,4.76260650948743,10.486203038626018,0.0,33.31750835855452,25,24,2.0090267563626605
local_and_residual,Local cost + residual,48,5,5.867365167983579,4.215691766811054,7.192397908365029,0.0,33.9354745209595,25,24,1.4706169864279435
local_and_residual,Local cost + residual,49,5,9.022581595069392,5.1244991278974865,10.49619742513013,0.0,39.31977151585682,25,24,2.123848232733111
local_cost_only,Local cost only,0,8,8.162284244686646,6.018650395490628,8.222896799730231,0.0,28.184012179173493,32,32,0.16363244627334672
local_cost_only,Local cost only,1,8,9.094362294857898,4.140984957258516,12.245526530031297,0.0,59.39378609641078,32,32,0.17357295707314524
local_cost_only,Local cost only,2,8,7.408077315099822,4.900755121748868,7.783163425945321,0.0,31.364023728934413,32,32,0.1535006889239215
local_cost_only,Local cost only,3,8,9.206137176005873,8.262064727736837,6.544884017553557,0.0,21.862190563558016,32,32,0.19264314022333606
local_cost_only,Local cost only,4,8,8.595834935899735,5.09639159502417,9.007798032668942,0.0,28.907560004309303,32,32,0.16972510616596015
local_cost_only,Local cost only,5,8,10.904710252935576,7.495429714083054,11.013501166769021,6.215953890990246e-16,40.27163168736969,32,32,0.21387714066914248
local_cost_only,Local cost only,6,8,6.093945728147293,2.6766905907778393,10.122213430533717,4.660977153503617e-16,39.50947901713223,32,32,0.11842891794323282
local_cost_only,Local cost only,7,8,6.758846615878294,1.8207564254346504,8.15736506910361,0.0,32.8457755774841,32,32,0.13962254333687377
local_cost_only,Local cost only,8,8,8.313239634612469,4.7957121400422285,9.719439940455231,0.0,39.509704570217565,32,32,0.162436864885862
local_cost_only,Local cost only,9,8,10.9223809102133,10.279242980972782,8.563129358286961,0.0,31.466380093573935,32,32,0.21564140089068798
local_cost_only,Local cost only,10,8,10.281098978006998,7.557672015831164,9.336441222845146,0.0,40.93545244835268,32,32,0.20484051432303724
local_cost_only,Local cost only,11,8,8.0113573140661,4.902916637780725,8.582708457569419,3.1190508753816363e-16,34.739969327001745,32,32,0.16320213389393176
local_cost_only,Local cost only,12,8,10.016685244937808,7.082015607891719,11.866413933344367,0.0,47.224406038575296,32,32,0.1919254690082622
local_cost_only,Local cost only,13,8,7.91473819029246,5.309146125274406,10.036420385099822,0.0,50.54250656024856,32,32,0.15421716336640173
local_cost_only,Local cost only,14,8,10.707621520759094,7.020820390731011,10.678219293841426,6.208813915598894e-16,36.735524471663005,32,32,0.21237148522710791
local_cost_only,Local cost only,15,8,9.85391248810321,8.827635993551947,8.544502548744397,6.342785756650045e-16,29.977036872169922,32,32,0.19984342299262683
local_cost_only,Local cost only,16,8,8.142948002631538,6.0395186584192615,7.302274393804188,0.0,24.542861748071108,32,32,0.16626968806761214
local_cost_only,Local cost only,17,8,8.94355936657115,8.84884737419521,7.313185634080226,0.0,25.320700835321603,32,32,0.1859853451896944
local_cost_only,Local cost only,18,8,5.8218757918011,5.343333619101015,5.640988570289286,0.0,26.192955383437386,32,32,0.12251928128651113
local_cost_only,Local cost only,19,8,10.69651035369202,8.035895884089173,12.440112902038296,1.3591859478078033e-15,52.047097024671764,32,32,0.19933312209572096
local_cost_only,Local cost only,20,8,7.963446435420523,4.470027973692975,8.917798372984032,0.0,35.367909524152665,32,32,0.1610568906579662
local_cost_only,Local cost only,21,8,8.224018146725435,6.2237317290353245,8.729626888478828,3.103443238099914e-16,36.21052092819163,32,32,0.16836430727736235
local_cost_only,Local cost only,22,8,7.5429981059394615,6.149868452003346,6.114580029799586,0.0,19.833998434335427,32,32,0.16000212713508408
local_cost_only,Local cost only,23,8,9.869464053999199,7.7556374269403845,8.772096748902143,0.0,29.529256851708773,32,32,0.20165533474174657
local_cost_only,Local cost only,24,8,9.287923878234707,8.234466230476688,9.053587530590038,6.206573049410568e-16,31.80217217674411,32,32,0.18842669453929406
local_cost_only,Local cost only,25,8,7.045518059658944,5.758097188840074,6.0348255623746985,6.400803681261911e-16,25.751512610023436,32,32,0.14886189511122902
local_cost_only,Local cost only,26,8,8.203051443809557,5.254388181780314,8.674031208326022,0.0,32.34760462920425,32,32,0.1649165327136966
local_cost_only,Local cost only,27,8,8.33582034137739,9.169057708514131,5.646339270160677,0.0,21.634096470048004,32,32,0.17792827914875858
local_cost_only,Local cost only,28,8,10.278179005581066,7.818747971380599,9.340377822002344,0.0,38.864468440040135,32,32,0.20638355878940123
local_cost_only,Local cost only,29,8,6.058931759992433,3.8693470601093383,6.671043374135296,0.0,26.373473039838277,32,32,0.11917896030992577
local_cost_only,Local cost only,30,8,8.235653234953407,5.775497434085108,7.231155696856647,0.0,28.22941776086738,32,32,0.17217095090963075
local_cost_only,Local cost only,31,8,6.742795086025174,5.921037583043004,6.335422409023257,0.0,27.71702171626734,32,32,0.13780545434321
local_cost_only,Local cost only,32,8,7.377735240968295,5.520475765451944,6.5762851030108695,0.0,21.432521285250193,32,32,0.15093663883495428
local_cost_only,Local cost only,33,8,8.820975000571273,6.124390430089495,8.667031890791122,0.0,38.547308999063986,32,32,0.179779884525142
local_cost_only,Local cost only,34,8,6.64098375540258,4.106022471938994,6.669720009291464,1.3118953832125742e-15,24.02774613882486,32,32,0.13906555088674405
local_cost_only,Local cost only,35,8,10.202996968492023,9.029005799995915,8.330700489469455,0.0,28.34836505305825,32,32,0.20886105071870295
local_cost_only,Local cost only,36,8,10.452786505048884,7.721943583080314,10.470288222008131,0.0,43.59274837362959,32,32,0.2075852252025011
local_cost_only,Local cost only,37,8,7.41130044947883,5.988338870802364,6.739114598858735,0.0,29.199089715501383,32,32,0.15481601163426
local_cost_only,Local cost only,38,8,8.949334290191095,6.320564543691868,9.690123871127728,0.0,46.909361113994116,32,32,0.17623956838418744
local_cost_only,Local cost only,39,8,9.528581554440915,6.345802945958847,9.33422876853313,0.0,30.518062617090425,32,32,0.18575541735109144
local_cost_only,Local cost only,40,8,8.153161380671866,7.482665246763178,7.181772990960736,6.210334207863109e-16,24.80390706022657,32,32,0.17071975261831426
local_cost_only,Local cost only,41,8,8.559448793242613,8.284596839879338,6.85739812639074,0.0,26.738145757000208,32,32,0.17569598361929764
local_cost_only,Local cost only,42,8,10.294632764388783,4.969850750141632,12.391894141604604,0.0,49.466538732135845,32,32,0.19556306771189413
local_cost_only,Local cost only,43,8,7.64610246092381,6.456973357292965,6.794489020720381,0.0,26.544034729661394,32,32,0.15819907545372636
local_cost_only,Local cost only,44,8,9.459771092310088,7.417810049796746,7.774050465731143,1.3096008290103733e-15,32.90027039588998,32,32,0.19370816492176307
local_cost_only,Local cost only,45,8,11.27396821926663,8.331718898052703,9.998781105040937,6.282257388762542e-16,34.13111531439008,32,32,0.22558960181241614
local_cost_only,Local cost only,46,8,8.165929781619308,4.295871698243148,8.098021144715648,6.219405498885173e-16,30.042172347879724,32,32,0.16916449830361813
local_cost_only,Local cost only,47,8,6.804167444670549,6.840682958039232,5.203751151817844,1.403386187955377e-15,21.997720955482194,32,32,0.14265379793401023
local_cost_only,Local cost only,48,8,9.709896689274277,7.56325107160189,7.17831115922196,0.0,29.806564590694965,32,32,0.1951422662795653
local_cost_only,Local cost only,49,8,9.125162470195578,6.7815175963986825,9.080921334452198,0.0,32.63706910270569,32,32,0.18552062003330122
residual_only,Residual only,0,8,6.726731623690753,6.036036728164151,6.152720825550667,0.09087049880696996,27.218684764533236,40,39,2.360967842958914
residual_only,Residual only,1,8,7.136206091453348,2.4481397460524543,13.298238998474888,0.11639693438063745,81.02493242728647,40,39,1.8184990571231723
residual_only,Residual only,2,8,4.913764669377459,2.418551634914107,5.526824967087599,0.03145190253387166,22.03559613851835,40,39,1.8736254886277017
residual_only,Residual only,3,8,8.048786948110584,5.27432812408801,7.554333750374783,0.20052181911702732,30.580108310629367,40,39,2.2725780747416904
residual_only,Residual only,4,8,9.119240353882644,6.125140552371502,11.780487156115582,0.2701041875327745,63.36459535514793,40,39,2.094840183901443
residual_only,Residual only,5,8,5.725274869278876,4.5266170958210585,4.9725636312792405,0.061876767618826566,18.694437269551614,40,39,1.6111828250217073
residual_only,Residual only,6,8,8.462467930956034,5.619742481942066,9.104545471692488,0.009442050610955467,46.972750674707555,40,39,2.8680122680865305
residual_only,Residual only,7,8,9.90943326556632,6.935475915782115,9.038921226124089,0.1590925832510566,31.54603932349171,40,39,2.4586975166770038
residual_only,Residual only,8,8,9.217992656654143,6.715728956540864,8.322712165593806,0.3994540517178933,33.850067354652964,40,39,2.145932500172657
residual_only,Residual only,9,8,7.984434815884022,3.42584487747253,9.307057906565586,0.6844076714809815,47.80243370680801,40,39,1.7979698213113984
residual_only,Residual only,10,8,7.773331367301253,5.399988276333133,6.953653564794307,0.19756072957881915,28.244077633110106,40,39,1.6649104961683725
residual_only,Residual only,11,8,5.685388724341433,3.9500767572310385,5.8845114940088035,0.006916381683489266,23.097760598208655,40,39,1.5003996790020704
residual_only,Residual only,12,8,7.326581615354662,6.210401971357223,6.6190970002263345,0.033417378560413206,24.98905799310453,40,39,2.137869290592134
residual_only,Residual only,13,8,6.660052311082318,5.275808203498659,5.7201494984183014,0.08350064556145785,20.772171420035868,40,39,2.1719489604316338
residual_only,Residual only,14,8,6.012488971552092,3.915905552899437,5.586507053277758,0.21664501969421834,19.8933366156647,40,39,2.2024752881141922
residual_only,Residual only,15,8,7.745316528333974,6.236980975153395,6.7737953867419245,0.08716755916218882,32.598762135586774,40,39,1.2771983529093127
residual_only,Residual only,16,8,6.629260133668168,4.448980335806117,7.059593563565946,0.0653368099276421,36.06035168223435,40,39,2.3416604505650467
residual_only,Residual only,17,8,7.404788142344496,7.068604716920705,5.721414693794535,0.09610820428428243,19.160082769729627,40,39,2.2214232594705123
residual_only,Residual only,18,8,6.023160019606741,4.427966991788082,7.1360056766854925,0.058244049892581265,38.73894298526109,40,39,1.6385923059523269
residual_only,Residual only,19,8,8.584999362096942,5.480831280602513,8.350403363347274,0.1201281517479125,36.792848389569734,40,39,2.8025681791730044
residual_only,Residual only,20,8,5.869431751701319,4.674082836957068,5.367425042432893,0.06799928838421321,22.770459363520576,40,39,2.146767354773985
residual_only,Residual only,21,8,5.016197873379438,4.0810955003198774,4.019162153789152,0.05699834497600587,15.886781039856977,40,39,1.3272693029762659
residual_only,Residual only,22,8,6.2323987178682305,5.027399276758207,4.923466380648253,0.11151746482652844,18.269151793481,40,39,1.8777201185253063
residual_only,Residual only,23,8,6.351223593206151,5.897128251024672,5.440043609802376,0.052133387238097004,20.524137684492356,40,39,2.0363561798828447
residual_only,Residual only,24,8,6.814040400874278,4.361768236288713,7.552738937431682,0.004884709284721308,38.325073892180754,40,39,1.7776396003939134
residual_only,Residual only,25,8,8.90286289040083,6.105206215808326,7.711366251385086,0.46763024679656773,36.81954465616538,40,39,2.354313822663355
residual_only,Residual only,26,8,7.494482503523695,5.537783150828143,7.227306999453663,0.16964534188555,34.3029159594616,40,39,2.447564165749969
residual_only,Residual only,27,8,6.549562020728195,3.7146110544224737,6.50928266777069,0.10324535919180368,24.621538887520817,40,39,1.7020603215039862
residual_only,Residual only,28,8,8.316599429182263,4.919909989422288,7.935732416947241,0.17791156879357803,30.05392733827222,40,39,3.0816204168341192
residual_only,Residual only,29,8,7.030399439240268,5.26964948440176,6.345546851038006,0.013162922349587288,23.734318663106265,40,39,1.9426501776321672
residual_only,Residual only,30,8,4.890048791350428,3.8009483573273912,4.686626821992432,0.033338743956252116,22.460283549816136,40,39,1.2315270677744927
residual_only,Residual only,31,8,6.234963868845415,5.233745930018116,5.608351320318756,0.020784708184315607,31.08307565755861,40,39,1.8754550203429237
residual_only,Residual only,32,8,8.47932438939057,6.4300645002726755,6.629412301915807,0.41588144515679065,22.624103930818553,40,39,3.0704685729344323
residual_only,Residual only,33,8,5.611260138293821,3.715142718215427,5.054811443076045,0.16515663667440594,21.424168764051473,40,39,2.06093373944168
residual_only,Residual only,34,8,10.59399994771527,7.794021269142967,9.625657766119659,0.38467037323108005,41.38793505506941,40,39,2.9113250606989425
residual_only,Residual only,35,8,7.9890399833289845,2.4088868970771227,9.470128968680323,0.04192139216454957,35.895731516721796,40,39,2.1904741400822476
residual_only,Residual only,36,8,6.709013114096783,5.973834847230445,5.186377961032755,0.05129072725623662,19.529903070103398,40,39,2.5466500360096207
residual_only,Residual only,37,8,5.3435005000050335,3.3788852786091224,4.979538351497001,0.08456669515465617,19.564967729966824,40,39,1.5666754222381747
residual_only,Residual only,38,8,7.112179821653344,3.107104467566176,8.06927930210484,0.0012317327826456609,30.615220378115744,40,39,2.096009586994662
residual_only,Residual only,39,8,5.6441460260422485,3.981614823030403,6.058265655920452,0.002743417326351958,26.371449561437167,40,39,1.7462879234684556
residual_only,Residual only,40,8,5.7772208015954964,3.699533234799381,5.613265078394511,0.04820968793005769,23.94131732427477,40,39,1.1309744583548997
residual_only,Residual only,41,8,7.993193918329514,5.132053159074282,8.078465955802757,0.13996786978238074,30.41765753882459,40,39,2.462118087566258
residual_only,Residual only,42,8,8.285169860618668,7.278458242138655,6.851305931108255,0.2033088707598755,25.254016110095126,40,39,2.080349850773935
residual_only,Residual only,43,8,9.320890938955475,7.28222166442995,8.2044918286549,0.5586390588109611,36.182863375834735,40,39,2.122082511743887
residual_only,Residual only,44,8,8.357633720511584,6.198246648412569,7.855413622506438,0.43563941906346026,27.80219742564402,40,39,2.646462382558064
residual_only,Residual only,45,8,6.508288177556087,3.4188818615204,6.189281377717971,0.260027453683303,25.262029951367456,40,39,1.8242596789288712
residual_only,Residual only,46,8,8.484504543807532,4.725261277055757,7.863202432907563,0.03172122688175087,29.205068713384748,40,39,2.176412961159747
residual_only,Residual only,47,8,5.827743368276242,4.172556486886682,6.116255053001853,0.20670824339382624,26.977529052925654,40,39,2.4518651624378434
residual_only,Residual only,48,8,5.576158578780802,3.757094124384786,6.086880125757759,0.11869232953777217,25.194228085880948,40,39,1.8292345130723475
residual_only,Residual only,49,8,7.397140461406154,3.785332605637754,9.346931281465823,0.06050546839619799,37.296537205547445,40,39,2.8116393568180635
local_and_residual,Local cost + residual,0,8,6.62121743794602,4.325732639614253,6.333360815962243,0.0,27.62943076630585,40,39,2.3043346081167138
local_and_residual,Local cost + residual,1,8,7.480912718130348,3.6662936691146273,13.187624498869074,0.0,81.02493242728647,40,39,1.9277484462459575
local_and_residual,Local cost + residual,2,8,4.796530426995834,2.2348890885907857,5.774445605539632,0.0,21.983333805317574,40,39,1.8159784727037345
local_and_residual,Local cost + residual,3,8,7.989280744903835,6.294792020894448,7.3967587793089065,0.0,30.580108310629367,40,39,2.2414777804235255
local_and_residual,Local cost + residual,4,8,8.082403215907911,5.064829537775768,11.804589001512065,0.0,63.36459535514793,40,39,1.7095063245697504
local_and_residual,Local cost + residual,5,8,6.338307537092779,5.895877601501326,5.541918964219032,0.0,18.694437269551614,40,39,1.8001800443850091
local_and_residual,Local cost + residual,6,8,8.18141585932392,4.686769344519759,9.348841076564343,0.0,47.169597622694795,40,39,2.732782023976844
local_and_residual,Local cost + residual,7,8,9.349934891107877,6.440162239977691,8.82177394088091,0.0,30.482039825695875,40,39,2.277052855469516
local_and_residual,Local cost + residual,8,8,8.755301430151247,6.784075434190589,8.340089255642912,0.0,33.850067354652964,40,39,1.9914843412146261
local_and_residual,Local cost + residual,9,8,7.427046805932414,3.469931025121368,9.495521675921623,0.0,47.80243370680801,40,39,1.602564121629645
local_and_residual,Local cost + residual,10,8,8.972493479330216,7.9825909769824195,7.47471501245402,0.0,31.14451967687527,40,39,1.9580597642730595
local_and_residual,Local cost + residual,11,8,5.5932034497257295,3.984002684351704,5.944757653282619,0.0,23.097760598208655,40,39,1.4615442230355413
local_and_residual,Local cost + residual,12,8,7.034044715781186,5.101258244073231,6.762223277167634,0.0,27.045244054472608,40,39,2.0335069410481252
local_and_residual,Local cost + residual,13,8,6.832972830809403,5.451345281269973,6.112891805395159,0.0,20.772171420035868,40,39,2.226561128395234
local_and_residual,Local cost + residual,14,8,5.906236496122583,3.8299928854892835,5.6190618404812,0.0,19.8933366156647,40,39,2.1505394490763057
local_and_residual,Local cost + residual,15,8,9.020926634152648,7.88266975622089,7.3114292802678005,0.0,32.62438119825534,40,39,1.4685317394628326
local_and_residual,Local cost + residual,16,8,6.622145532909012,4.179458976418546,7.387678500251452,0.0,36.06035168223435,40,39,2.335788284638702
local_and_residual,Local cost + residual,17,8,7.752873193980045,7.576642376801904,6.2148802505103795,0.0,19.519516684422186,40,39,2.3327554587004458
local_and_residual,Local cost + residual,18,8,5.718739096272919,4.405491336109529,7.091614093032632,0.0,38.73894298526109,40,39,1.5249070720531832
local_and_residual,Local cost + residual,19,8,8.455046547633499,6.003768432164047,8.41041139910492,0.0,36.792848389569734,40,39,2.7387425234605898
local_and_residual,Local cost + residual,20,8,5.817212278076747,4.733450621005611,5.426823042486813,0.0,23.033075857110777,40,39,2.1195337834797194
local_and_residual,Local cost + residual,21,8,5.090590710312242,4.7788624408552325,4.144213503118617,0.0,15.397421727656823,40,39,1.342348578324502
local_and_residual,Local cost + residual,22,8,5.472406815510358,4.111386776419045,4.736094115153508,0.0,18.269151793481,40,39,1.577960666947671
local_and_residual,Local cost + residual,23,8,6.0045251928483685,5.095477760748825,5.029585907240898,0.0,18.370549703252085,40,39,1.9018815255284376
local_and_residual,Local cost + residual,24,8,6.841847646223828,4.361480521965407,7.625801144323976,0.0,38.325073892180754,40,39,1.7811700986870442
local_and_residual,Local cost + residual,25,8,8.413503377270262,6.83206930306714,7.538621504043631,0.0,34.57295093593178,40,39,2.1806655712343423
local_and_residual,Local cost + residual,26,8,7.365300544662658,5.537783150828143,7.1270216983486065,2.5555182462208105e-16,33.353992240281045,40,39,2.3847629452047965
local_and_residual,Local cost + residual,27,8,6.838852500269027,4.892937013031038,6.573205200099463,0.0,24.716442826881813,40,39,1.7759002401871087
local_and_residual,Local cost + residual,28,8,8.46508641393059,4.635296412426872,8.055623310151637,0.0,28.56862537684831,40,39,3.142625578298475
local_and_residual,Local cost + residual,29,8,6.932028357023452,5.29329009882049,6.78025014079692,0.0,23.734318663106265,40,39,1.894267980549543
local_and_residual,Local cost + residual,30,8,5.101325681450362,3.3535168004569402,5.327982201018132,0.0,22.460283549816136,40,39,1.2858640337494538
local_and_residual,Local cost + residual,31,8,5.963584206513191,4.700246133211185,5.819507910396846,0.0,31.08307565755861,40,39,1.7636492214798267
local_and_residual,Local cost + residual,32,8,7.677196029995641,6.0234234263624655,6.370672907016428,0.0,21.509811140676714,40,39,2.6979772261963335
local_and_residual,Local cost + residual,33,8,5.4918725178937455,3.2827693452377686,5.262999906616435,0.0,22.293113635376542,40,39,2.0028350602973783
local_and_residual,Local cost + residual,34,8,10.780168423737868,8.446308645198735,9.98860532757194,0.0,41.38793505506941,40,39,2.9668458724449467
local_and_residual,Local cost + residual,35,8,7.875131487291329,2.5475038958249714,9.493124386532603,0.0,36.349305915794,40,39,2.1419850876265842
local_and_residual,Local cost + residual,36,8,6.304332311888372,5.59149834823904,4.849476525979192,0.0,19.529903070103398,40,39,2.359778743183149
local_and_residual,Local cost + residual,37,8,5.052633136806866,3.431359631159188,4.789639486201371,0.0,17.432704013700246,40,39,1.4724012633523471
local_and_residual,Local cost + residual,38,8,7.175331806270965,3.9761215705525146,8.210696687558574,0.0,30.615220378115744,40,39,2.113907310875009
local_and_residual,Local cost + residual,39,8,5.764070383435737,3.7684623396672947,5.7691505165351735,0.0,24.904735536069182,40,39,1.7900529111806798
local_and_residual,Local cost + residual,40,8,5.96313863013999,4.251047563149331,5.706169986544024,0.0,23.94131732427477,40,39,1.1635414468413368
local_and_residual,Local cost + residual,41,8,8.02598729243484,4.491626754854092,8.17743085651678,0.0,30.41765753882459,40,39,2.4627491621127144
local_and_residual,Local cost + residual,42,8,7.601438280941113,6.387022171581821,6.482568678646705,0.0,21.021632490620952,40,39,1.8789152196780137
local_and_residual,Local cost + residual,43,8,8.245347938327168,5.1988462523920065,7.916808727949019,0.0,36.182863375834735,40,39,1.8039441727056271
local_and_residual,Local cost + residual,44,8,7.643386357792899,4.468998449792432,7.913336506472839,0.0,26.799430035525646,40,39,2.3694784266934237
local_and_residual,Local cost + residual,45,8,5.812753020202604,2.8608863823518873,6.224804226371477,0.0,25.262029951367456,40,39,1.5671654083440152
local_and_residual,Local cost + residual,46,8,8.648451232414876,6.231668616454043,7.744450336941475,0.0,29.205068713384748,40,39,2.223014476726558
local_and_residual,Local cost + residual,47,8,5.573487225184979,4.732481855952508,6.012810218696413,0.0,26.977529052925654,40,39,2.3123756210972837
local_and_residual,Local cost + residual,48,8,5.696323357694628,4.031318344825308,5.966151125083729,0.0,25.133374454358236,40,39,1.8759002515088532
local_and_residual,Local cost + residual,49,8,7.7370237636914885,4.4753526963578265,9.08226569523129,0.0,35.37328066894108,40,39,2.94480000049348
