task,task_label,n_qubits,config_id,config_name,config_label,seed,L,residual_reduction,mean_snr,median_snr,std_snr,min_snr,max_snr,n_params,n_active_params,n_deterministic_nonzero_params,n_inactive_zero_params,operationally_resolvable_fraction,deterministic_nonzero_labels,inactive_zero_labels,n_circuit_theta_params,n_residual_alpha_params,mean_abs_grad
tfim_h0.5,"TFIM (J=1, h=0.5)",4,1,baseline,Baseline (HEA),0,3,mean,6.946875183013695,6.834149344794212,3.8673998574748136,0.966367709443014,13.06516809316529,12,12,0,0,1.0,,,12,0,0.26235726266698384
tfim_h0.5,"TFIM (J=1, h=0.5)",4,1,baseline,Baseline (HEA),1,3,mean,9.886473132275361,7.045127286064259,10.23096456848853,2.2343023780757343,39.1983357444595,12,12,0,0,1.0,,,12,0,0.4033784866254913
tfim_h0.5,"TFIM (J=1, h=0.5)",4,1,baseline,Baseline (HEA),2,3,mean,12.874208220563213,15.044970082759622,7.215293633095896,0.9403722363742285,22.411970973314855,12,12,0,0,1.0,,,12,0,0.5170476266973036
tfim_h0.5,"TFIM (J=1, h=0.5)",4,1,baseline,Baseline (HEA),3,3,mean,6.749950244535978,6.945258828134307,3.3643585739941457,0.7719040020327282,12.859950272749442,12,12,0,0,1.0,,,12,0,0.2805667984297356
tfim_h0.5,"TFIM (J=1, h=0.5)",4,1,baseline,Baseline (HEA),4,3,mean,12.74571391310405,14.359762652306655,6.635572082052133,0.3844754980763431,20.55346500104414,12,12,0,0,1.0,,,12,0,0.5135650974679643
tfim_h0.5,"TFIM (J=1, h=0.5)",4,1,baseline,Baseline (HEA),5,3,mean,10.336957607138267,4.452504841980842,10.883502157325825,0.16906241487172655,37.29888680165088,12,12,0,0,1.0,,,12,0,0.4176409361428118
tfim_h0.5,"TFIM (J=1, h=0.5)",4,1,baseline,Baseline (HEA),6,3,mean,15.778903841182272,4.145613678511857,22.613053409791874,0.17450482982411053,77.956772471689,12,12,0,0,1.0,,,12,0,0.580601876236465
tfim_h0.5,"TFIM (J=1, h=0.5)",4,1,baseline,Baseline (HEA),7,3,mean,12.34517105530005,9.312041580796597,7.74148817867353,5.156914761816693,29.729504157838445,12,12,0,0,1.0,,,12,0,0.35602801104040593
tfim_h0.5,"TFIM (J=1, h=0.5)",4,1,baseline,Baseline (HEA),8,3,mean,11.026922182957042,8.302408351203589,10.627546993840571,0.9434856777752766,42.74358103730994,12,12,0,0,1.0,,,12,0,0.43778567370403976
tfim_h0.5,"TFIM (J=1, h=0.5)",4,1,baseline,Baseline (HEA),9,3,mean,13.632057243162018,14.082038795601232,7.994840233960033,0.27594960584427675,25.411457149695202,12,12,0,0,1.0,,,12,0,0.6135449770621056
tfim_h0.5,"TFIM (J=1, h=0.5)",4,1,baseline,Baseline (HEA),10,3,mean,11.590737614560355,9.626636925787754,9.872993144686223,0.9873274552839993,33.91306807658877,12,12,0,0,1.0,,,12,0,0.39573091988021303
tfim_h0.5,"TFIM (J=1, h=0.5)",4,1,baseline,Baseline (HEA),11,3,mean,11.925195646250542,11.258345710924328,9.414143540790485,0.5760924010648876,36.07872285493388,12,12,0,0,1.0,,,12,0,0.5457284781681365
tfim_h0.5,"TFIM (J=1, h=0.5)",4,1,baseline,Baseline (HEA),12,3,mean,14.261427921821214,11.278456855636994,10.737068126669481,1.727725367330755,34.80665212519095,12,12,0,0,1.0,,,12,0,0.6253611558241396
tfim_h0.5,"TFIM (J=1, h=0.5)",4,1,baseline,Baseline (HEA),13,3,mean,9.940110872154895,5.941391409018827,8.985683592344822,0.6260981884556999,29.824350244158488,12,12,0,0,1.0,,,12,0,0.2964272201518346
tfim_h0.5,"TFIM (J=1, h=0.5)",4,1,baseline,Baseline (HEA),14,3,mean,16.13398267439975,7.006915175923526,27.58750986793903,0.2349026860972774,103.57918923637592,12,12,0,0,1.0,,,12,0,0.517764598910462
tfim_h0.5,"TFIM (J=1, h=0.5)",4,1,baseline,Baseline (HEA),15,3,mean,11.501371578720795,12.636438002563214,7.0040028336704765,0.005507552755996131,20.77079509973198,12,12,0,0,1.0,,,12,0,0.42499899938710656
tfim_h0.5,"TFIM (J=1, h=0.5)",4,1,baseline,Baseline (HEA),16,3,mean,15.61387955412644,15.006248905867256,6.552689669609347,6.934539835670658,26.51272500106946,12,12,0,0,1.0,,,12,0,0.6020476744957931
tfim_h0.5,"TFIM (J=1, h=0.5)",4,1,baseline,Baseline (HEA),17,3,mean,12.248047204078373,13.331103622927166,9.880064292160382,0.47408397328277546,36.71207591229707,12,12,0,0,1.0,,,12,0,0.5424223303418741
tfim_h0.5,"TFIM (J=1, h=0.5)",4,1,baseline,Baseline (HEA),18,3,mean,5.431657637627402,4.056765271644066,4.019146802262634,0.5726958879597143,11.829424048591838,12,12,0,0,1.0,,,12,0,0.18405572294919292
tfim_h0.5,"TFIM (J=1, h=0.5)",4,1,baseline,Baseline (HEA),19,3,mean,9.067448943724921,6.565559528944977,6.991414300139106,0.11721692891843287,20.8843409436281,12,12,0,0,1.0,,,12,0,0.3615816718296671
tfim_h0.5,"TFIM (J=1, h=0.5)",4,1,baseline,Baseline (HEA),20,3,mean,8.572906309654181,7.009792262784735,7.633132954793253,0.3035507581819748,28.369375199985452,12,12,0,0,1.0,,,12,0,0.32028950168938836
tfim_h0.5,"TFIM (J=1, h=0.5)",4,1,baseline,Baseline (HEA),21,3,mean,8.927465494029677,7.1820016208395385,6.275512962057438,0.19247614121432682,21.024266323087748,12,12,0,0,1.0,,,12,0,0.31683077786317704
tfim_h0.5,"TFIM (J=1, h=0.5)",4,1,baseline,Baseline (HEA),22,3,mean,8.05018031443363,6.813120383755635,6.407294421132762,0.12035169221543884,20.07561947305367,12,12,0,0,1.0,,,12,0,0.3218367068308676
tfim_h0.5,"TFIM (J=1, h=0.5)",4,1,baseline,Baseline (HEA),23,3,mean,13.173060465857125,12.123684134535107,7.626823797789337,2.2955870514153136,24.57230185647083,12,12,0,0,1.0,,,12,0,0.5123217573223973
tfim_h0.5,"TFIM (J=1, h=0.5)",4,1,baseline,Baseline (HEA),24,3,mean,9.757268806232377,5.87079933953302,8.915248031194945,0.8843594938814114,24.97294964046966,12,12,0,0,1.0,,,12,0,0.4138999027983939
tfim_h0.5,"TFIM (J=1, h=0.5)",4,1,baseline,Baseline (HEA),25,3,mean,11.060974723206364,10.391371160571786,9.160360492167632,2.4828985501285645,36.6663049717372,12,12,0,0,1.0,,,12,0,0.45224113593771603
tfim_h0.5,"TFIM (J=1, h=0.5)",4,1,baseline,Baseline (HEA),26,3,mean,10.985020173478233,7.538811865918895,9.683414547499165,1.3013351931377273,32.25242483672454,12,12,0,0,1.0,,,12,0,0.466005576343638
tfim_h0.5,"TFIM (J=1, h=0.5)",4,1,baseline,Baseline (HEA),27,3,mean,10.086121367627285,10.032196974422035,7.0584541227923205,0.7475337599249595,22.461588540398264,12,12,0,0,1.0,,,12,0,0.41881265058408096
tfim_h0.5,"TFIM (J=1, h=0.5)",4,1,baseline,Baseline (HEA),28,3,mean,11.554325995791139,7.440090622558634,10.435672196206248,0.24241465882105784,33.4525458773925,12,12,0,0,1.0,,,12,0,0.48252670495154554
tfim_h0.5,"TFIM (J=1, h=0.5)",4,1,baseline,Baseline (HEA),29,3,mean,16.96355135604854,16.382369265837614,8.140274818866574,1.281452949232367,29.43826916666061,12,12,0,0,1.0,,,12,0,0.6414481588923646
tfim_h0.5,"TFIM (J=1, h=0.5)",4,1,baseline,Baseline (HEA),30,3,mean,12.054699182290813,10.486450309470651,9.376909140077759,0.016035419862646078,27.305639387119033,12,12,0,0,1.0,,,12,0,0.4757606256731091
tfim_h0.5,"TFIM (J=1, h=0.5)",4,1,baseline,Baseline (HEA),31,3,mean,6.6825211461047,4.335003395336033,5.072116098890872,0.7983465216118859,14.690145685361413,12,12,0,0,1.0,,,12,0,0.2719264870506993
tfim_h0.5,"TFIM (J=1, h=0.5)",4,1,baseline,Baseline (HEA),32,3,mean,13.42164027055363,11.093008886901943,10.30121564762813,1.4212630335106715,38.97515598814989,12,12,0,0,1.0,,,12,0,0.6008109258878457
tfim_h0.5,"TFIM (J=1, h=0.5)",4,1,baseline,Baseline (HEA),33,3,mean,13.778613089007166,9.702748877323572,11.265225928072027,2.6444513752258683,46.62446086633724,12,12,0,0,1.0,,,12,0,0.49146752645876396
tfim_h0.5,"TFIM (J=1, h=0.5)",4,1,baseline,Baseline (HEA),34,3,mean,11.197842760108571,7.212398896934191,9.769037882149833,1.2986012689225968,32.67213636367313,12,12,0,0,1.0,,,12,0,0.43402671428353595
tfim_h0.5,"TFIM (J=1, h=0.5)",4,1,baseline,Baseline (HEA),35,3,mean,11.386410298672148,9.799238038307461,8.178710131798995,1.0784496956646152,30.01172311666299,12,12,0,0,1.0,,,12,0,0.4042356677539976
tfim_h0.5,"TFIM (J=1, h=0.5)",4,1,baseline,Baseline (HEA),36,3,mean,9.492514762808293,6.565141335035439,8.656020677194709,0.2663257780105039,22.42778163826183,12,12,0,0,1.0,,,12,0,0.45530462629777246
tfim_h0.5,"TFIM (J=1, h=0.5)",4,1,baseline,Baseline (HEA),37,3,mean,11.47556231249181,12.217648691250336,5.714265591562083,1.7907118206478574,20.874335943911678,12,12,0,0,1.0,,,12,0,0.44985448711573817
tfim_h0.5,"TFIM (J=1, h=0.5)",4,1,baseline,Baseline (HEA),38,3,mean,11.177770927039193,10.21866053176368,6.36014817727514,5.292751007749888,28.8871406616903,12,12,0,0,1.0,,,12,0,0.39631420715083343
tfim_h0.5,"TFIM (J=1, h=0.5)",4,1,baseline,Baseline (HEA),39,3,mean,12.015204090591704,7.557655228485463,14.356371998945892,1.9383341095423667,55.7522954140806,12,12,0,0,1.0,,,12,0,0.4399739295238679
tfim_h0.5,"TFIM (J=1, h=0.5)",4,1,baseline,Baseline (HEA),40,3,mean,10.52905695236833,2.74498140692251,13.667004682412664,0.5007770962611805,46.14245759244641,12,12,0,0,1.0,,,12,0,0.4517181892465128
tfim_h0.5,"TFIM (J=1, h=0.5)",4,1,baseline,Baseline (HEA),41,3,mean,7.645719587522238,4.430050571124754,8.885511140083217,1.1646748399065703,34.04735763527127,12,12,0,0,1.0,,,12,0,0.30824662583149076
tfim_h0.5,"TFIM (J=1, h=0.5)",4,1,baseline,Baseline (HEA),42,3,mean,10.800234572518184,9.596569467425509,5.558562147221497,4.146986071354607,20.529080890536104,12,12,0,0,1.0,,,12,0,0.44603349393386543
tfim_h0.5,"TFIM (J=1, h=0.5)",4,1,baseline,Baseline (HEA),43,3,mean,13.147870363332261,13.940951826420795,11.947292328466526,0.06050521454965078,34.354431142766295,12,12,0,0,1.0,,,12,0,0.5579852679431835
tfim_h0.5,"TFIM (J=1, h=0.5)",4,1,baseline,Baseline (HEA),44,3,mean,8.939161981740284,7.398192718732343,5.41859494099645,1.1969695702218148,21.652673794595444,12,12,0,0,1.0,,,12,0,0.39119446730938573
tfim_h0.5,"TFIM (J=1, h=0.5)",4,1,baseline,Baseline (HEA),45,3,mean,12.55610231887191,10.19136038653395,11.321208028090396,0.4184850567301698,37.727700211426246,12,12,0,0,1.0,,,12,0,0.466200048139227
tfim_h0.5,"TFIM (J=1, h=0.5)",4,1,baseline,Baseline (HEA),46,3,mean,14.740394170834188,14.933640524875237,9.775580524192508,0.7242902966222226,28.821923912463106,12,12,0,0,1.0,,,12,0,0.6132045516494138
tfim_h0.5,"TFIM (J=1, h=0.5)",4,1,baseline,Baseline (HEA),47,3,mean,9.506915275342658,5.194249971188503,11.570518154678563,0.8433496798125188,42.60810777579768,12,12,0,0,1.0,,,12,0,0.34457784169423533
tfim_h0.5,"TFIM (J=1, h=0.5)",4,1,baseline,Baseline (HEA),48,3,mean,9.20259342350398,4.058321195030739,13.07340993927741,0.35348954548566547,49.894097400757,12,12,0,0,1.0,,,12,0,0.27872905837659095
tfim_h0.5,"TFIM (J=1, h=0.5)",4,1,baseline,Baseline (HEA),49,3,mean,13.16305189570725,15.018799917303175,8.644551721438162,0.7301122632960453,27.61865661243613,12,12,0,0,1.0,,,12,0,0.5409464745545848
tfim_h0.5,"TFIM (J=1, h=0.5)",4,1,baseline,Baseline (HEA),50,3,mean,6.560951745465407,6.053246577385677,5.136002847888428,0.11582874802052048,18.890044660680534,12,12,0,0,1.0,,,12,0,0.21292675465395838
tfim_h0.5,"TFIM (J=1, h=0.5)",4,1,baseline,Baseline (HEA),51,3,mean,10.329384763704754,8.926810426191812,13.219856866661962,0.509129681450202,51.949878365400615,12,12,0,0,1.0,,,12,0,0.35738975440403603
tfim_h0.5,"TFIM (J=1, h=0.5)",4,1,baseline,Baseline (HEA),52,3,mean,10.084149504344543,10.196515606770728,4.777442636968053,1.592612698834653,18.53928237970469,12,12,0,0,1.0,,,12,0,0.4090785762948737
tfim_h0.5,"TFIM (J=1, h=0.5)",4,1,baseline,Baseline (HEA),53,3,mean,9.793335550206473,9.135196981778943,5.586156296799268,0.9391781977679539,22.392478715843364,12,12,0,0,1.0,,,12,0,0.34758057326108277
tfim_h0.5,"TFIM (J=1, h=0.5)",4,1,baseline,Baseline (HEA),54,3,mean,9.441279882909946,6.347669763533199,8.204851120317517,0.4601897239975698,25.369205121192515,12,12,0,0,1.0,,,12,0,0.3426654249112057
tfim_h0.5,"TFIM (J=1, h=0.5)",4,1,baseline,Baseline (HEA),55,3,mean,16.266680544009777,14.381643142439312,11.847009083472797,1.6316232805633288,41.10491917384814,12,12,0,0,1.0,,,12,0,0.7288449661826335
tfim_h0.5,"TFIM (J=1, h=0.5)",4,1,baseline,Baseline (HEA),56,3,mean,7.4220289322901065,4.8415920584697005,6.325145883629244,0.9843079545060708,20.49326780049801,12,12,0,0,1.0,,,12,0,0.23083845969004435
tfim_h0.5,"TFIM (J=1, h=0.5)",4,1,baseline,Baseline (HEA),57,3,mean,14.795530549930966,11.886404330848976,14.138316844201817,1.0055672414970567,55.51645939854178,12,12,0,0,1.0,,,12,0,0.597746083506652
tfim_h0.5,"TFIM (J=1, h=0.5)",4,1,baseline,Baseline (HEA),58,3,mean,12.854741320506022,10.357019680749605,12.749378615975601,1.3179544444262894,49.852373986045805,12,12,0,0,1.0,,,12,0,0.5418092460382643
tfim_h0.5,"TFIM (J=1, h=0.5)",4,1,baseline,Baseline (HEA),59,3,mean,13.019272542645174,9.469389215591082,9.28397564482098,1.0652598502855783,32.854032490778124,12,12,0,0,1.0,,,12,0,0.5681266434616389
tfim_h0.5,"TFIM (J=1, h=0.5)",4,1,baseline,Baseline (HEA),60,3,mean,9.137121607658772,8.039406832090508,7.0998985708651805,0.9730795004810252,27.31061720817557,12,12,0,0,1.0,,,12,0,0.3418524145331033
tfim_h0.5,"TFIM (J=1, h=0.5)",4,1,baseline,Baseline (HEA),61,3,mean,14.825181300969838,12.385161619741655,12.520743093287711,0.6918576803845269,38.98884227467433,12,12,0,0,1.0,,,12,0,0.5258899685509436
tfim_h0.5,"TFIM (J=1, h=0.5)",4,1,baseline,Baseline (HEA),62,3,mean,11.389353698815592,7.09696147048167,12.544279958468872,0.22031470673047723,36.80185197909072,12,12,0,0,1.0,,,12,0,0.41652763759756223
tfim_h0.5,"TFIM (J=1, h=0.5)",4,1,baseline,Baseline (HEA),63,3,mean,7.702831553013681,4.329686696720488,7.3213225007083755,0.04994706352741711,24.448542814067835,12,12,0,0,1.0,,,12,0,0.2781103588606783
tfim_h0.5,"TFIM (J=1, h=0.5)",4,1,baseline,Baseline (HEA),64,3,mean,12.957338649165266,12.497162346056081,9.498644172349715,0.8276555569036965,32.655424280987425,12,12,0,0,1.0,,,12,0,0.5583297902211712
tfim_h0.5,"TFIM (J=1, h=0.5)",4,1,baseline,Baseline (HEA),65,3,mean,14.715393325876432,12.95820149697267,8.075607021862744,4.575124498747789,33.38168254306188,12,12,0,0,1.0,,,12,0,0.5444022289125114
tfim_h0.5,"TFIM (J=1, h=0.5)",4,1,baseline,Baseline (HEA),66,3,mean,10.217758767934841,7.833485964277389,7.011465943258725,1.8389312140247227,24.425568180686103,12,12,0,0,1.0,,,12,0,0.36690799359774195
tfim_h0.5,"TFIM (J=1, h=0.5)",4,1,baseline,Baseline (HEA),67,3,mean,13.928711143159559,9.098294319272162,13.411996208129006,0.3055599847886452,47.03999543283829,12,12,0,0,1.0,,,12,0,0.5431041943945709
tfim_h0.5,"TFIM (J=1, h=0.5)",4,1,baseline,Baseline (HEA),68,3,mean,9.946578279508453,8.198809008446283,8.558917522272141,2.182004330688666,34.44772895850651,12,12,0,0,1.0,,,12,0,0.27513461296029873
tfim_h0.5,"TFIM (J=1, h=0.5)",4,1,baseline,Baseline (HEA),69,3,mean,14.173936031133522,13.585470242077175,6.455479106337159,5.34220133392064,26.740489122916234,12,12,0,0,1.0,,,12,0,0.4479265789484271
tfim_h0.5,"TFIM (J=1, h=0.5)",4,1,baseline,Baseline (HEA),70,3,mean,7.208059410354892,4.837000744810645,8.301824604534296,0.8458726035143592,32.81405291838969,12,12,0,0,1.0,,,12,0,0.3172715383158286
tfim_h0.5,"TFIM (J=1, h=0.5)",4,1,baseline,Baseline (HEA),71,3,mean,12.853343602561898,7.4073465954576765,14.137024789509661,0.5320463788633025,53.38793278638102,12,12,0,0,1.0,,,12,0,0.5421701656411924
tfim_h0.5,"TFIM (J=1, h=0.5)",4,1,baseline,Baseline (HEA),72,3,mean,14.151173259950186,10.957915145384597,9.072000847381435,4.340966971612755,33.08004688421159,12,12,0,0,1.0,,,12,0,0.5246759443323458
tfim_h0.5,"TFIM (J=1, h=0.5)",4,1,baseline,Baseline (HEA),73,3,mean,6.943114064008483,8.224261994076421,4.792653774546613,0.7371844657489263,13.385413106023433,12,12,0,0,1.0,,,12,0,0.291070380739483
tfim_h0.5,"TFIM (J=1, h=0.5)",4,1,baseline,Baseline (HEA),74,3,mean,13.550754109165581,6.7440815244139225,12.258188906970135,0.667050410851084,41.184519599740966,12,12,0,0,1.0,,,12,0,0.6270737957518933
tfim_h0.5,"TFIM (J=1, h=0.5)",4,1,baseline,Baseline (HEA),75,3,mean,9.850601721880865,8.849294821442296,9.541792998843638,0.09591875716735032,33.21628804452204,12,12,0,0,1.0,,,12,0,0.346202297439342
tfim_h0.5,"TFIM (J=1, h=0.5)",4,1,baseline,Baseline (HEA),76,3,mean,10.2307314449993,6.432659557063959,10.718716611714285,0.5774921001530565,34.418658105600805,12,12,0,0,1.0,,,12,0,0.3500324932635624
tfim_h0.5,"TFIM (J=1, h=0.5)",4,1,baseline,Baseline (HEA),77,3,mean,14.49793463900034,13.802646558126753,8.430268770637486,0.31027624919433855,31.51153106844986,12,12,0,0,1.0,,,12,0,0.5521796088155636
tfim_h0.5,"TFIM (J=1, h=0.5)",4,1,baseline,Baseline (HEA),78,3,mean,12.805944278584205,9.971484312103112,9.71119900392105,1.6496942077327077,33.6124857018453,12,12,0,0,1.0,,,12,0,0.4705151852829581
tfim_h0.5,"TFIM (J=1, h=0.5)",4,1,baseline,Baseline (HEA),79,3,mean,13.753550145016826,7.815084920348122,11.971636450408768,1.7779311195865843,34.039824613120715,12,12,0,0,1.0,,,12,0,0.5234110195561479
tfim_h0.5,"TFIM (J=1, h=0.5)",4,1,baseline,Baseline (HEA),80,3,mean,9.087467780715116,8.483041691750895,7.815203782871146,0.5662768525418228,29.684192642436006,12,12,0,0,1.0,,,12,0,0.3043478953208418
tfim_h0.5,"TFIM (J=1, h=0.5)",4,1,baseline,Baseline (HEA),81,3,mean,10.890960811497406,8.356334526832267,10.502350362312468,0.5755836143499867,40.060119185872374,12,12,0,0,1.0,,,12,0,0.345146923561628
tfim_h0.5,"TFIM (J=1, h=0.5)",4,1,baseline,Baseline (HEA),82,3,mean,5.847901410603961,4.415357906594693,5.1921404317744,1.6472849696727991,21.37079207045527,12,12,0,0,1.0,,,12,0,0.20984285103242303
tfim_h0.5,"TFIM (J=1, h=0.5)",4,1,baseline,Baseline (HEA),83,3,mean,11.744291430917984,10.1279660167444,7.940866571252438,1.5519102042697441,29.920824383798834,12,12,0,0,1.0,,,12,0,0.393983005051453
tfim_h0.5,"TFIM (J=1, h=0.5)",4,1,baseline,Baseline (HEA),84,3,mean,11.242560428633341,12.00213991268854,5.534845559964725,2.2096656606363827,18.220798499041134,12,12,0,0,1.0,,,12,0,0.3758243513129859
tfim_h0.5,"TFIM (J=1, h=0.5)",4,1,baseline,Baseline (HEA),85,3,mean,14.065568792572426,11.821246100490992,10.546563850030067,3.217865514365359,40.315747487703355,12,12,0,0,1.0,,,12,0,0.49382702959767916
tfim_h0.5,"TFIM (J=1, h=0.5)",4,1,baseline,Baseline (HEA),86,3,mean,11.314317911763164,7.480006969228674,9.369113686796487,0.48841629314799806,29.514595745117703,12,12,0,0,1.0,,,12,0,0.3659939475936003
tfim_h0.5,"TFIM (J=1, h=0.5)",4,1,baseline,Baseline (HEA),87,3,mean,11.036765839624158,10.69470656007379,8.312388666030584,1.507546274802159,33.89764627793941,12,12,0,0,1.0,,,12,0,0.4628513332214365
tfim_h0.5,"TFIM (J=1, h=0.5)",4,1,baseline,Baseline (HEA),88,3,mean,14.129526985879911,9.752940443248017,14.288993628436467,0.23553058584722955,43.92565746534357,12,12,0,0,1.0,,,12,0,0.6201901419163246
tfim_h0.5,"TFIM (J=1, h=0.5)",4,1,baseline,Baseline (HEA),89,3,mean,8.505013168506233,4.744347098706234,9.519883496643162,0.762718187983054,34.820518821118334,12,12,0,0,1.0,,,12,0,0.2660849562243015
tfim_h0.5,"TFIM (J=1, h=0.5)",4,1,baseline,Baseline (HEA),90,3,mean,10.677551656070818,8.040410230634494,8.688608600292506,0.689340296168788,30.268152495003463,12,12,0,0,1.0,,,12,0,0.43046428646607343
tfim_h0.5,"TFIM (J=1, h=0.5)",4,1,baseline,Baseline (HEA),91,3,mean,9.601302884754702,5.9764904835378445,8.780651815967627,0.9965387713321756,30.58557880634965,12,12,0,0,1.0,,,12,0,0.35536870704400325
tfim_h0.5,"TFIM (J=1, h=0.5)",4,1,baseline,Baseline (HEA),92,3,mean,12.263776404794333,8.280216002890887,10.547315326909846,1.4732405737509935,40.262300814407965,12,12,0,0,1.0,,,12,0,0.4045047772113863
tfim_h0.5,"TFIM (J=1, h=0.5)",4,1,baseline,Baseline (HEA),93,3,mean,9.115887915507713,6.47251507624905,11.665744412129765,0.36372763955330406,44.601802680838894,12,12,0,0,1.0,,,12,0,0.422302527614774
tfim_h0.5,"TFIM (J=1, h=0.5)",4,1,baseline,Baseline (HEA),94,3,mean,8.849467953523453,5.426638594918199,8.556347647625161,2.4439696753216884,33.24588763743463,12,12,0,0,1.0,,,12,0,0.3067140290864187
tfim_h0.5,"TFIM (J=1, h=0.5)",4,1,baseline,Baseline (HEA),95,3,mean,7.4266409420916375,4.828790661067199,5.853291745309968,1.0505436305989784,18.362774117643337,12,12,0,0,1.0,,,12,0,0.24243122139540044
tfim_h0.5,"TFIM (J=1, h=0.5)",4,1,baseline,Baseline (HEA),96,3,mean,8.504790367777467,3.819820056557222,9.759531649811057,0.27102856811742004,31.878806476039102,12,12,0,0,1.0,,,12,0,0.35381091646858703
tfim_h0.5,"TFIM (J=1, h=0.5)",4,1,baseline,Baseline (HEA),97,3,mean,9.349990962147077,4.858722373862375,11.938277192724241,0.11021044523663552,42.68442926692663,12,12,0,0,1.0,,,12,0,0.3563014743067561
tfim_h0.5,"TFIM (J=1, h=0.5)",4,1,baseline,Baseline (HEA),98,3,mean,12.088048568519133,8.99459117167698,9.154596085592878,0.06455799358000196,27.277774808842608,12,12,0,0,1.0,,,12,0,0.5039090298004453
tfim_h0.5,"TFIM (J=1, h=0.5)",4,1,baseline,Baseline (HEA),99,3,mean,10.372851024715327,7.028788084808193,9.086251453943401,0.22367568171031446,29.952541702813715,12,12,0,0,1.0,,,12,0,0.4185745919526571
tfim_h0.5,"TFIM (J=1, h=0.5)",4,1,baseline,Baseline (HEA),100,3,mean,12.00014263166795,10.686561722379167,5.502246371899693,2.074371468426711,21.933370549537987,12,12,0,0,1.0,,,12,0,0.5472934608569076
tfim_h0.5,"TFIM (J=1, h=0.5)",4,1,baseline,Baseline (HEA),101,3,mean,8.79305193743513,9.365164805009464,3.703954053245207,1.9002289504472298,14.348552496986084,12,12,0,0,1.0,,,12,0,0.33750753823282237
tfim_h0.5,"TFIM (J=1, h=0.5)",4,1,baseline,Baseline (HEA),102,3,mean,9.968627721072444,6.716109019318882,8.042889413668133,0.7298390754875703,23.64282717242099,12,12,0,0,1.0,,,12,0,0.30899527049015174
tfim_h0.5,"TFIM (J=1, h=0.5)",4,1,baseline,Baseline (HEA),103,3,mean,10.810879388277428,9.516865929824835,6.777111820113341,0.8653087376976708,25.810342833760384,12,12,0,0,1.0,,,12,0,0.4588565538292546
tfim_h0.5,"TFIM (J=1, h=0.5)",4,1,baseline,Baseline (HEA),104,3,mean,14.953056198477638,12.206760249091253,10.022460282627216,0.45052199177794683,31.132458250016203,12,12,0,0,1.0,,,12,0,0.6212803464367014
tfim_h0.5,"TFIM (J=1, h=0.5)",4,1,baseline,Baseline (HEA),105,3,mean,10.608644183687508,11.055593125426128,5.6940446980087485,1.029445053827548,18.143362023226018,12,12,0,0,1.0,,,12,0,0.37991244690566933
tfim_h0.5,"TFIM (J=1, h=0.5)",4,1,baseline,Baseline (HEA),106,3,mean,15.184775783720546,10.050726554891382,15.671111913951117,0.22017398603003105,48.81661317350153,12,12,0,0,1.0,,,12,0,0.6566188106024675
tfim_h0.5,"TFIM (J=1, h=0.5)",4,1,baseline,Baseline (HEA),107,3,mean,17.709294484086072,19.30904734918353,7.795947981004514,3.125010386013775,29.881520941663837,12,12,0,0,1.0,,,12,0,0.6957881663845321
tfim_h0.5,"TFIM (J=1, h=0.5)",4,1,baseline,Baseline (HEA),108,3,mean,10.45515042590026,12.070431264916486,6.665956483941822,0.3973185470629527,20.006236488304193,12,12,0,0,1.0,,,12,0,0.49711366417089464
tfim_h0.5,"TFIM (J=1, h=0.5)",4,1,baseline,Baseline (HEA),109,3,mean,17.315734948757484,14.664850221642643,11.485286132534629,1.5012691317677516,47.90529351121426,12,12,0,0,1.0,,,12,0,0.6429855270480277
tfim_h0.5,"TFIM (J=1, h=0.5)",4,1,baseline,Baseline (HEA),110,3,mean,10.464142131078694,10.238855908250112,8.802459278992766,0.2712089699063861,25.058544317866975,12,12,0,0,1.0,,,12,0,0.4159905572986567
tfim_h0.5,"TFIM (J=1, h=0.5)",4,1,baseline,Baseline (HEA),111,3,mean,12.402424909113558,11.390542456662489,8.852240547700584,1.0012640445942496,25.10150057664743,12,12,0,0,1.0,,,12,0,0.5234329319346114
tfim_h0.5,"TFIM (J=1, h=0.5)",4,1,baseline,Baseline (HEA),112,3,mean,8.623298883527944,6.302899650763753,6.597824111491764,0.030708362232650287,21.62009679895216,12,12,0,0,1.0,,,12,0,0.36529924006189946
tfim_h0.5,"TFIM (J=1, h=0.5)",4,1,baseline,Baseline (HEA),113,3,mean,13.144775245908235,10.617993041817616,11.960432464744267,1.0816779099977365,44.975715675687255,12,12,0,0,1.0,,,12,0,0.535996233718755
tfim_h0.5,"TFIM (J=1, h=0.5)",4,1,baseline,Baseline (HEA),114,3,mean,11.372746889635202,8.773842273763139,8.965580120409125,0.18792756721710624,30.644226668712033,12,12,0,0,1.0,,,12,0,0.4432166801579724
tfim_h0.5,"TFIM (J=1, h=0.5)",4,1,baseline,Baseline (HEA),115,3,mean,8.420479865640148,8.73356781163652,6.628535113110876,0.11441022436504297,25.248611058129164,12,12,0,0,1.0,,,12,0,0.33931714235296484
tfim_h0.5,"TFIM (J=1, h=0.5)",4,1,baseline,Baseline (HEA),116,3,mean,11.202093136050587,8.645089450303992,9.42795108171056,0.49496621725570467,27.96512833010179,12,12,0,0,1.0,,,12,0,0.4464685561012179
tfim_h0.5,"TFIM (J=1, h=0.5)",4,1,baseline,Baseline (HEA),117,3,mean,10.590475870434874,6.615761058856975,9.057652053069619,0.5972539748814463,26.83649364243311,12,12,0,0,1.0,,,12,0,0.3964757225191175
tfim_h0.5,"TFIM (J=1, h=0.5)",4,1,baseline,Baseline (HEA),118,3,mean,8.341291000249965,8.789053574804157,6.024131673447969,0.6558299428355794,17.60681667299098,12,12,0,0,1.0,,,12,0,0.262294739842186
tfim_h0.5,"TFIM (J=1, h=0.5)",4,1,baseline,Baseline (HEA),119,3,mean,12.434248373383229,8.077163433424872,8.148356860110608,2.898173736879832,25.40535431284756,12,12,0,0,1.0,,,12,0,0.4841020983950837
tfim_h0.5,"TFIM (J=1, h=0.5)",4,1,baseline,Baseline (HEA),120,3,mean,9.980242070661067,9.357718623728847,6.923125964943891,0.3304730185389456,20.27243819744791,12,12,0,0,1.0,,,12,0,0.3669967056125752
tfim_h0.5,"TFIM (J=1, h=0.5)",4,1,baseline,Baseline (HEA),121,3,mean,13.334902311058736,8.927655845750772,9.970348451916443,3.9137360582635994,34.47281023190986,12,12,0,0,1.0,,,12,0,0.553094660430535
tfim_h0.5,"TFIM (J=1, h=0.5)",4,1,baseline,Baseline (HEA),122,3,mean,10.1722412599189,5.340248225798238,10.894652030666132,0.18690375389739977,30.27933558296066,12,12,0,0,1.0,,,12,0,0.4958557362872374
tfim_h0.5,"TFIM (J=1, h=0.5)",4,1,baseline,Baseline (HEA),123,3,mean,11.698002641808593,8.420407846497717,9.631120755842234,0.9757974378845012,30.585525955990935,12,12,0,0,1.0,,,12,0,0.4450422995213568
tfim_h0.5,"TFIM (J=1, h=0.5)",4,1,baseline,Baseline (HEA),124,3,mean,11.234314043038475,7.462170267377516,11.694449519609522,0.06694441888330155,35.10199991408969,12,12,0,0,1.0,,,12,0,0.5003142583230947
tfim_h0.5,"TFIM (J=1, h=0.5)",4,1,baseline,Baseline (HEA),125,3,mean,7.823049281191781,4.048264200228044,6.715775929094244,1.0125852295391995,20.40621252123221,12,12,0,0,1.0,,,12,0,0.2557238659959736
tfim_h0.5,"TFIM (J=1, h=0.5)",4,1,baseline,Baseline (HEA),126,3,mean,9.85365844933999,7.072406136071043,10.757911116844259,0.24593153737303608,38.594370876980484,12,12,0,0,1.0,,,12,0,0.40550517821290777
tfim_h0.5,"TFIM (J=1, h=0.5)",4,1,baseline,Baseline (HEA),127,3,mean,11.178486728883188,9.502095077925937,5.926440707866272,3.0599775476630136,22.87577573964315,12,12,0,0,1.0,,,12,0,0.5014727826310862
tfim_h0.5,"TFIM (J=1, h=0.5)",4,1,baseline,Baseline (HEA),128,3,mean,11.124655640370413,11.139084400748153,7.892468022385973,0.4752623509477936,29.114759592945404,12,12,0,0,1.0,,,12,0,0.3761318646635614
tfim_h0.5,"TFIM (J=1, h=0.5)",4,1,baseline,Baseline (HEA),129,3,mean,10.151848336142839,7.36891315943741,10.865787561196248,0.9370717867094025,41.38200260677726,12,12,0,0,1.0,,,12,0,0.356784168579872
tfim_h0.5,"TFIM (J=1, h=0.5)",4,1,baseline,Baseline (HEA),130,3,mean,8.755145074937316,6.5556038938404875,8.571915604182466,0.7812340590974057,29.3427493981703,12,12,0,0,1.0,,,12,0,0.3248196724138361
tfim_h0.5,"TFIM (J=1, h=0.5)",4,1,baseline,Baseline (HEA),131,3,mean,9.889852691574426,7.87560285931499,8.655266274254819,0.27553855184566184,28.767738165905886,12,12,0,0,1.0,,,12,0,0.3858677960028261
tfim_h0.5,"TFIM (J=1, h=0.5)",4,1,baseline,Baseline (HEA),132,3,mean,10.010714857402027,5.591659824124532,11.348473784717632,0.6007514364903404,41.00740778459526,12,12,0,0,1.0,,,12,0,0.43677989816178137
tfim_h0.5,"TFIM (J=1, h=0.5)",4,1,baseline,Baseline (HEA),133,3,mean,12.44803678796506,11.354431258807114,7.967313558653522,1.9623756181993568,25.839509025686233,12,12,0,0,1.0,,,12,0,0.4731143854770255
tfim_h0.5,"TFIM (J=1, h=0.5)",4,1,baseline,Baseline (HEA),134,3,mean,14.811530746095983,9.481517209879517,11.946443366381294,0.8407123674802457,39.99578092406597,12,12,0,0,1.0,,,12,0,0.5633137571082822
tfim_h0.5,"TFIM (J=1, h=0.5)",4,1,baseline,Baseline (HEA),135,3,mean,8.138864356885327,7.84518837919147,7.081294735515926,0.1411811416551731,20.52166342708367,12,12,0,0,1.0,,,12,0,0.3755134977276889
tfim_h0.5,"TFIM (J=1, h=0.5)",4,1,baseline,Baseline (HEA),136,3,mean,10.049074418023716,8.236660160706414,6.867653692879589,0.23124799484577488,22.420735452579578,12,12,0,0,1.0,,,12,0,0.42763726775174576
tfim_h0.5,"TFIM (J=1, h=0.5)",4,1,baseline,Baseline (HEA),137,3,mean,9.12813744522765,7.082944085641031,6.742580874364652,1.9592288510244784,22.95593115431596,12,12,0,0,1.0,,,12,0,0.33394322082194083
tfim_h0.5,"TFIM (J=1, h=0.5)",4,1,baseline,Baseline (HEA),138,3,mean,9.353289559446006,10.273607461901669,6.930483472099486,0.10732426863440524,23.620438238221414,12,12,0,0,1.0,,,12,0,0.34848837318013776
tfim_h0.5,"TFIM (J=1, h=0.5)",4,1,baseline,Baseline (HEA),139,3,mean,15.89597605016422,14.51819177455995,10.318705140854307,1.1311692250288252,29.868041046118005,12,12,0,0,1.0,,,12,0,0.543269081602635
tfim_h0.5,"TFIM (J=1, h=0.5)",4,1,baseline,Baseline (HEA),140,3,mean,10.849979212384993,10.069738145784033,8.24217973959637,0.05045903528770485,28.37134381678636,12,12,0,0,1.0,,,12,0,0.4726041355001572
tfim_h0.5,"TFIM (J=1, h=0.5)",4,1,baseline,Baseline (HEA),141,3,mean,11.772925757813963,12.3110547015598,9.875741279071715,0.42190507980412684,31.468968038430383,12,12,0,0,1.0,,,12,0,0.46407482814962703
tfim_h0.5,"TFIM (J=1, h=0.5)",4,1,baseline,Baseline (HEA),142,3,mean,8.298471861700941,5.713001135757622,6.332823541618901,1.4505175994215245,24.66219373383697,12,12,0,0,1.0,,,12,0,0.3213798076857095
tfim_h0.5,"TFIM (J=1, h=0.5)",4,1,baseline,Baseline (HEA),143,3,mean,8.919701724248403,7.702464203970896,5.837929926239213,1.274748837697787,23.687643935479084,12,12,0,0,1.0,,,12,0,0.3273729845871637
tfim_h0.5,"TFIM (J=1, h=0.5)",4,1,baseline,Baseline (HEA),144,3,mean,9.231877885901609,8.35264526131457,5.267211388797323,2.0709178718124956,22.019057494211182,12,12,0,0,1.0,,,12,0,0.33461675548593317
tfim_h0.5,"TFIM (J=1, h=0.5)",4,1,baseline,Baseline (HEA),145,3,mean,16.249268871294458,13.643354152696164,14.167811677971223,0.3651131963319367,43.172548251973254,12,12,0,0,1.0,,,12,0,0.5754198013958378
tfim_h0.5,"TFIM (J=1, h=0.5)",4,1,baseline,Baseline (HEA),146,3,mean,8.022798729037891,8.500831929453579,6.6040376437498045,0.07629013246776109,20.7905252643656,12,12,0,0,1.0,,,12,0,0.327211496262633
tfim_h0.5,"TFIM (J=1, h=0.5)",4,1,baseline,Baseline (HEA),147,3,mean,10.28214393217273,4.793263023330857,10.283556645653348,1.6666504222617977,32.9903357056081,12,12,0,0,1.0,,,12,0,0.4442766731332122
tfim_h0.5,"TFIM (J=1, h=0.5)",4,1,baseline,Baseline (HEA),148,3,mean,14.75293282719088,14.48421524440202,9.40672361805228,1.0000566727315354,26.50195768558595,12,12,0,0,1.0,,,12,0,0.5552077420752753
tfim_h0.5,"TFIM (J=1, h=0.5)",4,1,baseline,Baseline (HEA),149,3,mean,11.317346014669852,6.147400250771642,9.802246293449521,1.8307357911658955,26.7469690425812,12,12,0,0,1.0,,,12,0,0.3691956413072826
tfim_h0.5,"TFIM (J=1, h=0.5)",4,1,baseline,Baseline (HEA),150,3,mean,14.590256521782345,9.302893893690067,13.252660251759988,0.7945401989941856,43.36165054809312,12,12,0,0,1.0,,,12,0,0.5323533487738358
tfim_h0.5,"TFIM (J=1, h=0.5)",4,1,baseline,Baseline (HEA),151,3,mean,15.282380180695979,11.968377546100626,12.114335562460454,0.22878480945376767,39.40129101671642,12,12,0,0,1.0,,,12,0,0.4780751616269872
tfim_h0.5,"TFIM (J=1, h=0.5)",4,1,baseline,Baseline (HEA),152,3,mean,8.766643922760101,6.173841457412266,7.312729850042749,1.378147604978891,29.079277198270564,12,12,0,0,1.0,,,12,0,0.37629015820409184
tfim_h0.5,"TFIM (J=1, h=0.5)",4,1,baseline,Baseline (HEA),153,3,mean,11.441311916829358,10.595157009526057,7.84780801623996,2.3098359460763045,28.563209787131473,12,12,0,0,1.0,,,12,0,0.44740978958769206
tfim_h0.5,"TFIM (J=1, h=0.5)",4,1,baseline,Baseline (HEA),154,3,mean,10.856174983802541,11.113498644464766,5.513239441922324,0.6810742877369029,21.196810688319726,12,12,0,0,1.0,,,12,0,0.35976221351010423
tfim_h0.5,"TFIM (J=1, h=0.5)",4,1,baseline,Baseline (HEA),155,3,mean,11.467721424903736,6.3302283396893415,9.665663686528355,1.9825520438994195,28.714002109456217,12,12,0,0,1.0,,,12,0,0.3549329182692474
tfim_h0.5,"TFIM (J=1, h=0.5)",4,1,baseline,Baseline (HEA),156,3,mean,8.565725104168555,5.287058447176127,10.522712082670255,0.4274536145484745,34.49636130460106,12,12,0,0,1.0,,,12,0,0.3220443577888766
tfim_h0.5,"TFIM (J=1, h=0.5)",4,1,baseline,Baseline (HEA),157,3,mean,16.051606053100226,14.055145152655207,12.582261987552293,0.4240957246937106,51.48727830270706,12,12,0,0,1.0,,,12,0,0.7472080087292577
tfim_h0.5,"TFIM (J=1, h=0.5)",4,1,baseline,Baseline (HEA),158,3,mean,5.780451055114139,5.857208606476611,3.5653877617334095,0.47575946039951794,11.68309954814506,12,12,0,0,1.0,,,12,0,0.2658693936290626
tfim_h0.5,"TFIM (J=1, h=0.5)",4,1,baseline,Baseline (HEA),159,3,mean,14.629400176058402,16.262247818191785,8.537288745980211,0.32027551654329817,27.017416205776502,12,12,0,0,1.0,,,12,0,0.6525355480377947
tfim_h0.5,"TFIM (J=1, h=0.5)",4,1,baseline,Baseline (HEA),160,3,mean,9.984633186094745,8.83352100689338,5.728310867096004,0.8672937566740158,21.52553174781298,12,12,0,0,1.0,,,12,0,0.40899710419381613
tfim_h0.5,"TFIM (J=1, h=0.5)",4,1,baseline,Baseline (HEA),161,3,mean,10.061569489313227,8.689609963190772,8.152787128730495,0.09343038705829436,30.27471031284828,12,12,0,0,1.0,,,12,0,0.31557404546002493
tfim_h0.5,"TFIM (J=1, h=0.5)",4,1,baseline,Baseline (HEA),162,3,mean,12.00117943623144,11.848865867537544,8.173020299185804,0.1598734413874869,25.27929255272123,12,12,0,0,1.0,,,12,0,0.4531341597861742
tfim_h0.5,"TFIM (J=1, h=0.5)",4,1,baseline,Baseline (HEA),163,3,mean,10.856642546291077,9.037534192758837,7.437808374787282,0.5466376476994591,23.107018899138133,12,12,0,0,1.0,,,12,0,0.40152588636880676
tfim_h0.5,"TFIM (J=1, h=0.5)",4,1,baseline,Baseline (HEA),164,3,mean,8.951425844655674,8.083537076850291,5.430460250767282,0.5474727371664628,18.431416585962157,12,12,0,0,1.0,,,12,0,0.3007306345057457
tfim_h0.5,"TFIM (J=1, h=0.5)",4,1,baseline,Baseline (HEA),165,3,mean,12.031115983928082,10.507599401329234,8.432334845184874,3.1435830038129557,31.68296961150204,12,12,0,0,1.0,,,12,0,0.4888147110686656
tfim_h0.5,"TFIM (J=1, h=0.5)",4,1,baseline,Baseline (HEA),166,3,mean,10.751375704718805,10.889499650501172,8.754405973119239,0.6293775224614984,30.71700869063521,12,12,0,0,1.0,,,12,0,0.37339521783192287
tfim_h0.5,"TFIM (J=1, h=0.5)",4,1,baseline,Baseline (HEA),167,3,mean,10.799724711240911,8.802062507000425,8.34436527447614,0.26493874151705815,29.4811583905586,12,12,0,0,1.0,,,12,0,0.4026886368061446
tfim_h0.5,"TFIM (J=1, h=0.5)",4,1,baseline,Baseline (HEA),168,3,mean,11.86764467558052,10.012312198886287,9.296891702371454,0.5976613842774593,32.9226289127058,12,12,0,0,1.0,,,12,0,0.3648486113147127
tfim_h0.5,"TFIM (J=1, h=0.5)",4,1,baseline,Baseline (HEA),169,3,mean,11.45605864233607,5.833967886114519,10.68585676907019,0.9339082944744609,32.1474974300886,12,12,0,0,1.0,,,12,0,0.43870394554709885
tfim_h0.5,"TFIM (J=1, h=0.5)",4,1,baseline,Baseline (HEA),170,3,mean,9.786677317739683,6.489584467174749,6.861649695369167,3.206285729492928,25.36116656900596,12,12,0,0,1.0,,,12,0,0.41281354599101644
tfim_h0.5,"TFIM (J=1, h=0.5)",4,1,baseline,Baseline (HEA),171,3,mean,11.234255913222306,12.705916682592441,6.94637677385748,0.0490679631114004,22.316271795275167,12,12,0,0,1.0,,,12,0,0.4494151608999078
tfim_h0.5,"TFIM (J=1, h=0.5)",4,1,baseline,Baseline (HEA),172,3,mean,13.904174741355625,11.050512546317346,10.834521498151204,2.311556921691745,34.77794895545653,12,12,0,0,1.0,,,12,0,0.5334983994868415
tfim_h0.5,"TFIM (J=1, h=0.5)",4,1,baseline,Baseline (HEA),173,3,mean,12.29432541844002,4.470684540926363,17.194769529092476,0.9915342216162135,64.11439972436686,12,12,0,0,1.0,,,12,0,0.49782920782525114
tfim_h0.5,"TFIM (J=1, h=0.5)",4,1,baseline,Baseline (HEA),174,3,mean,9.713863280052701,8.06153885951796,7.462941862811081,1.4165327538298418,22.6838031288207,12,12,0,0,1.0,,,12,0,0.38514344288130714
tfim_h0.5,"TFIM (J=1, h=0.5)",4,1,baseline,Baseline (HEA),175,3,mean,11.722932148749662,11.57778919637275,8.106775321075704,1.1843538785025873,31.916280431076277,12,12,0,0,1.0,,,12,0,0.387096958405483
tfim_h0.5,"TFIM (J=1, h=0.5)",4,1,baseline,Baseline (HEA),176,3,mean,11.840654226579451,11.360978606398067,6.982914200131694,2.2136096869635735,25.433748345899055,12,12,0,0,1.0,,,12,0,0.5343040975085316
tfim_h0.5,"TFIM (J=1, h=0.5)",4,1,baseline,Baseline (HEA),177,3,mean,7.800722953321853,7.217483988757241,5.742356962703864,0.19367210230475557,17.92908911724674,12,12,0,0,1.0,,,12,0,0.29108556528813717
tfim_h0.5,"TFIM (J=1, h=0.5)",4,1,baseline,Baseline (HEA),178,3,mean,12.428324365507734,9.105484570464972,11.047836626063392,0.16446972428717238,31.094150351523016,12,12,0,0,1.0,,,12,0,0.44871020366173164
tfim_h0.5,"TFIM (J=1, h=0.5)",4,1,baseline,Baseline (HEA),179,3,mean,9.242955674262001,5.990536129599666,7.9598432576603,0.7833908735935553,24.706589298363014,12,12,0,0,1.0,,,12,0,0.2709839536140434
tfim_h0.5,"TFIM (J=1, h=0.5)",4,1,baseline,Baseline (HEA),180,3,mean,8.574487227161335,6.918971964142891,5.305750370930805,1.9712339381652078,17.386583629148372,12,12,0,0,1.0,,,12,0,0.26871239339899805
tfim_h0.5,"TFIM (J=1, h=0.5)",4,1,baseline,Baseline (HEA),181,3,mean,7.9100265867374056,6.509432695076687,6.1841742604694385,0.12745025013960182,19.88849941237209,12,12,0,0,1.0,,,12,0,0.29596573003548937
tfim_h0.5,"TFIM (J=1, h=0.5)",4,1,baseline,Baseline (HEA),182,3,mean,14.993791471192546,13.542945974678034,9.740095823225817,1.3242684965291738,31.064412769111172,12,12,0,0,1.0,,,12,0,0.5652520423335808
tfim_h0.5,"TFIM (J=1, h=0.5)",4,1,baseline,Baseline (HEA),183,3,mean,10.600544970388613,7.037251992503137,9.016879388165293,0.8850796248337481,29.533796232454353,12,12,0,0,1.0,,,12,0,0.440278683002078
tfim_h0.5,"TFIM (J=1, h=0.5)",4,1,baseline,Baseline (HEA),184,3,mean,10.694858992072104,7.767213142557967,12.86363161286945,0.014889294335742284,50.67431439084213,12,12,0,0,1.0,,,12,0,0.35067770120970726
tfim_h0.5,"TFIM (J=1, h=0.5)",4,1,baseline,Baseline (HEA),185,3,mean,12.99354730443288,5.371350336511999,15.130506558661855,0.5415074679905266,43.803522175522765,12,12,0,0,1.0,,,12,0,0.5717844001158627
tfim_h0.5,"TFIM (J=1, h=0.5)",4,1,baseline,Baseline (HEA),186,3,mean,12.713279420194988,8.450470482192369,11.67262691067993,1.7175660417054293,43.85443408328775,12,12,0,0,1.0,,,12,0,0.4395034418191249
tfim_h0.5,"TFIM (J=1, h=0.5)",4,1,baseline,Baseline (HEA),187,3,mean,9.433828938942575,6.274801785077278,7.306157006559909,0.11273867607833861,22.97644617089738,12,12,0,0,1.0,,,12,0,0.3428832401399932
tfim_h0.5,"TFIM (J=1, h=0.5)",4,1,baseline,Baseline (HEA),188,3,mean,6.767756848545257,3.555407586043355,6.984565146396924,0.0010862867015303645,20.17641882933023,12,12,0,0,1.0,,,12,0,0.25981832556895035
tfim_h0.5,"TFIM (J=1, h=0.5)",4,1,baseline,Baseline (HEA),189,3,mean,12.499069143067226,10.457761993099453,9.42988802625132,2.93320894930317,37.5378968983478,12,12,0,0,1.0,,,12,0,0.48622617641034555
tfim_h0.5,"TFIM (J=1, h=0.5)",4,1,baseline,Baseline (HEA),190,3,mean,9.055272184182336,6.750744766620819,7.5798941845503105,0.32496323731649446,23.539466913008535,12,12,0,0,1.0,,,12,0,0.3547747777850178
tfim_h0.5,"TFIM (J=1, h=0.5)",4,1,baseline,Baseline (HEA),191,3,mean,10.060921157866789,5.345967366767506,9.943029401775906,0.30128156392512984,31.19929830511821,12,12,0,0,1.0,,,12,0,0.3563223510223757
tfim_h0.5,"TFIM (J=1, h=0.5)",4,1,baseline,Baseline (HEA),192,3,mean,10.8708306889515,7.928409290551723,8.359693257723288,1.4854558164182161,28.803151927315767,12,12,0,0,1.0,,,12,0,0.3856957384181357
tfim_h0.5,"TFIM (J=1, h=0.5)",4,1,baseline,Baseline (HEA),193,3,mean,8.785759479393063,3.447682915063185,11.824115119224802,0.568798157853786,35.88098799457165,12,12,0,0,1.0,,,12,0,0.2541768265055466
tfim_h0.5,"TFIM (J=1, h=0.5)",4,1,baseline,Baseline (HEA),194,3,mean,7.760841321302941,7.215086204040521,5.049047182541708,0.7473433879609757,17.57648714222305,12,12,0,0,1.0,,,12,0,0.28550763659874473
tfim_h0.5,"TFIM (J=1, h=0.5)",4,1,baseline,Baseline (HEA),195,3,mean,15.26789211766208,16.660753706238825,7.364503541125878,3.7860113462651106,28.681881717214377,12,12,0,0,1.0,,,12,0,0.5151242101664602
tfim_h0.5,"TFIM (J=1, h=0.5)",4,1,baseline,Baseline (HEA),196,3,mean,12.139237168171524,9.66855142067832,9.350514707795758,1.0561758632429028,33.98855322364658,12,12,0,0,1.0,,,12,0,0.45679184955519364
tfim_h0.5,"TFIM (J=1, h=0.5)",4,1,baseline,Baseline (HEA),197,3,mean,9.56994858773545,8.694430209365589,5.177944830082558,1.7843619383093414,19.531181528452812,12,12,0,0,1.0,,,12,0,0.3355569260083962
tfim_h0.5,"TFIM (J=1, h=0.5)",4,1,baseline,Baseline (HEA),198,3,mean,11.109540840417814,10.032880305859148,7.261177005232184,0.25402545858824266,25.091926442262594,12,12,0,0,1.0,,,12,0,0.4714258417917081
tfim_h0.5,"TFIM (J=1, h=0.5)",4,1,baseline,Baseline (HEA),199,3,mean,14.639202213794597,11.833369693342801,12.236978815813872,0.8982378080668273,41.042468675631085,12,12,0,0,1.0,,,12,0,0.585215350566298
tfim_h0.5,"TFIM (J=1, h=0.5)",4,2,entanglement_only,Constrained entanglement only,0,3,mean,12.478730775784356,9.934221272995647,10.144771469511328,1.105344227246083,29.37657305537462,12,12,0,0,1.0,,,12,0,0.41482525679354293
tfim_h0.5,"TFIM (J=1, h=0.5)",4,2,entanglement_only,Constrained entanglement only,1,3,mean,11.98360932599005,10.744497185701444,8.991052010492371,2.089665244573648,38.41291321587102,12,12,0,0,1.0,,,12,0,0.4370037968635851
tfim_h0.5,"TFIM (J=1, h=0.5)",4,2,entanglement_only,Constrained entanglement only,2,3,mean,11.287577400363524,11.701614550018704,7.010707910293038,0.3012854530626221,23.12353740307824,12,12,0,0,1.0,,,12,0,0.3710784193104036
tfim_h0.5,"TFIM (J=1, h=0.5)",4,2,entanglement_only,Constrained entanglement only,3,3,mean,15.215360995779577,11.558874002826927,13.30349189438342,1.9690840634454783,43.45736854644106,12,12,0,0,1.0,,,12,0,0.5585472661118881
tfim_h0.5,"TFIM (J=1, h=0.5)",4,2,entanglement_only,Constrained entanglement only,4,3,mean,20.88765011523652,24.705865797658507,9.140573372872726,0.6550749165491657,30.400180326443017,12,12,0,0,1.0,,,12,0,0.7489997009742707
tfim_h0.5,"TFIM (J=1, h=0.5)",4,2,entanglement_only,Constrained entanglement only,5,3,mean,16.504676743950444,14.002008402314498,8.861602391774538,2.2484349545791944,35.182878336496955,12,12,0,0,1.0,,,12,0,0.6001572476869069
tfim_h0.5,"TFIM (J=1, h=0.5)",4,2,entanglement_only,Constrained entanglement only,6,3,mean,15.969589001622692,9.848646574414307,12.722660846141915,1.971715032455822,39.722100166427545,12,12,0,0,1.0,,,12,0,0.6369544698846233
tfim_h0.5,"TFIM (J=1, h=0.5)",4,2,entanglement_only,Constrained entanglement only,7,3,mean,14.608304968799496,7.036975839868231,15.492935160432028,0.6949366662409004,46.864715817658485,12,12,0,0,1.0,,,12,0,0.4761403235135761
tfim_h0.5,"TFIM (J=1, h=0.5)",4,2,entanglement_only,Constrained entanglement only,8,3,mean,16.456541349216554,15.330259186901664,9.881035938722311,4.6490573731526075,34.52923600881848,12,12,0,0,1.0,,,12,0,0.5986968367219908
tfim_h0.5,"TFIM (J=1, h=0.5)",4,2,entanglement_only,Constrained entanglement only,9,3,mean,17.802184367586822,16.541322275430858,8.267453839946642,6.857916501650099,32.77980031548603,12,12,0,0,1.0,,,12,0,0.5970732903784679
tfim_h0.5,"TFIM (J=1, h=0.5)",4,2,entanglement_only,Constrained entanglement only,10,3,mean,14.171721294602056,20.09290044922364,10.055106683368207,0.3766825940896225,25.200322924774827,12,12,0,0,1.0,,,12,0,0.5110729136118656
tfim_h0.5,"TFIM (J=1, h=0.5)",4,2,entanglement_only,Constrained entanglement only,11,3,mean,15.163462030710194,14.901681039954305,7.3663964210483535,3.9999536511999243,28.476881760953958,12,12,0,0,1.0,,,12,0,0.615303039609648
tfim_h0.5,"TFIM (J=1, h=0.5)",4,2,entanglement_only,Constrained entanglement only,12,3,mean,11.324854336863842,10.22941600336914,6.010464601994746,2.1166082616298487,23.33352115448083,12,12,0,0,1.0,,,12,0,0.47029918332617554
tfim_h0.5,"TFIM (J=1, h=0.5)",4,2,entanglement_only,Constrained entanglement only,13,3,mean,14.117310476626484,12.370548298870702,12.063270219068281,0.5242532236533028,37.22310306072207,12,12,0,0,1.0,,,12,0,0.4717221268911223
tfim_h0.5,"TFIM (J=1, h=0.5)",4,2,entanglement_only,Constrained entanglement only,14,3,mean,11.16153948943478,8.64992535010972,6.24296114769887,4.728674268371895,20.857345656298072,12,12,0,0,1.0,,,12,0,0.4261581251577086
tfim_h0.5,"TFIM (J=1, h=0.5)",4,2,entanglement_only,Constrained entanglement only,15,3,mean,11.734220400479765,12.53635058692663,7.400145461594086,0.022131298684922036,31.176877376212996,12,12,0,0,1.0,,,12,0,0.46206754997691585
tfim_h0.5,"TFIM (J=1, h=0.5)",4,2,entanglement_only,Constrained entanglement only,16,3,mean,12.744335408941126,6.8676067830613095,10.180928027222551,2.302511945369761,27.56755357797609,12,12,0,0,1.0,,,12,0,0.5251311233866142
tfim_h0.5,"TFIM (J=1, h=0.5)",4,2,entanglement_only,Constrained entanglement only,17,3,mean,11.573763607903976,9.611546166396085,7.9968875994003215,0.8520556561407838,24.052652579008832,12,12,0,0,1.0,,,12,0,0.4319954683187137
tfim_h0.5,"TFIM (J=1, h=0.5)",4,2,entanglement_only,Constrained entanglement only,18,3,mean,13.196268561258305,10.182406682017104,11.926504694512348,0.0017640128426971342,37.8411668974155,12,12,0,0,1.0,,,12,0,0.502349363500395
tfim_h0.5,"TFIM (J=1, h=0.5)",4,2,entanglement_only,Constrained entanglement only,19,3,mean,12.139355965573316,9.453011606585438,6.850079416059772,3.0252911298890943,29.197773210401337,12,12,0,0,1.0,,,12,0,0.5282432019326831
tfim_h0.5,"TFIM (J=1, h=0.5)",4,2,entanglement_only,Constrained entanglement only,20,3,mean,12.010864432643304,5.892839421445571,10.55624259924111,1.5717364332834227,30.59555615906202,12,12,0,0,1.0,,,12,0,0.4339141435427399
tfim_h0.5,"TFIM (J=1, h=0.5)",4,2,entanglement_only,Constrained entanglement only,21,3,mean,8.55321038927814,8.308210458509722,7.002320422346921,0.37186764667823263,24.978743429757603,12,12,0,0,1.0,,,12,0,0.26977943032882684
tfim_h0.5,"TFIM (J=1, h=0.5)",4,2,entanglement_only,Constrained entanglement only,22,3,mean,13.361257921758037,13.155188244206078,5.6882861304852375,1.9111458633032434,23.96025177871524,12,12,0,0,1.0,,,12,0,0.4883075105628296
tfim_h0.5,"TFIM (J=1, h=0.5)",4,2,entanglement_only,Constrained entanglement only,23,3,mean,14.563573714688458,10.777817508111202,8.97377804262788,2.3999366494654053,29.171520956212245,12,12,0,0,1.0,,,12,0,0.49002834525970274
tfim_h0.5,"TFIM (J=1, h=0.5)",4,2,entanglement_only,Constrained entanglement only,24,3,mean,12.50270984420488,13.197123625827071,3.1183921314878713,6.3570176066263056,16.025377828921528,12,12,0,0,1.0,,,12,0,0.40252587072715573
tfim_h0.5,"TFIM (J=1, h=0.5)",4,2,entanglement_only,Constrained entanglement only,25,3,mean,20.007995021146858,12.323021731095743,15.87489110365447,1.4937286532163256,48.35400119927694,12,12,0,0,1.0,,,12,0,0.7386853159007202
tfim_h0.5,"TFIM (J=1, h=0.5)",4,2,entanglement_only,Constrained entanglement only,26,3,mean,16.563841323967207,16.4705933309114,5.268297541852913,7.685126671841925,29.389235020204396,12,12,0,0,1.0,,,12,0,0.6232091483468818
tfim_h0.5,"TFIM (J=1, h=0.5)",4,2,entanglement_only,Constrained entanglement only,27,3,mean,18.033442997510022,16.80476908855313,9.71528319084017,2.8473984595197415,36.047309759553144,12,12,0,0,1.0,,,12,0,0.5185281556673543
tfim_h0.5,"TFIM (J=1, h=0.5)",4,2,entanglement_only,Constrained entanglement only,28,3,mean,11.34837186452713,9.807354149975108,6.365802455953693,1.1793020656767204,19.285551383972436,12,12,0,0,1.0,,,12,0,0.4592812908806619
tfim_h0.5,"TFIM (J=1, h=0.5)",4,2,entanglement_only,Constrained entanglement only,29,3,mean,13.985563445332131,10.891939468495043,8.815743663538392,1.6884114448519332,27.05760221211264,12,12,0,0,1.0,,,12,0,0.4955180841566113
tfim_h0.5,"TFIM (J=1, h=0.5)",4,2,entanglement_only,Constrained entanglement only,30,3,mean,19.554066636248397,22.624245628779377,10.929159243402609,0.7303359404551686,36.118171063746104,12,12,0,0,1.0,,,12,0,0.8434844666342047
tfim_h0.5,"TFIM (J=1, h=0.5)",4,2,entanglement_only,Constrained entanglement only,31,3,mean,10.981748112346269,10.545910320431041,6.53534369791261,0.4353036442204207,27.47796193960141,12,12,0,0,1.0,,,12,0,0.42642995514064297
tfim_h0.5,"TFIM (J=1, h=0.5)",4,2,entanglement_only,Constrained entanglement only,32,3,mean,11.888576329700816,7.801283504036311,7.985580614528389,2.930328350699198,25.031801102504527,12,12,0,0,1.0,,,12,0,0.46184273482716337
tfim_h0.5,"TFIM (J=1, h=0.5)",4,2,entanglement_only,Constrained entanglement only,33,3,mean,15.675084942600279,10.44138317638274,12.826655956140787,3.578820693102477,39.63125644000989,12,12,0,0,1.0,,,12,0,0.5415133431790474
tfim_h0.5,"TFIM (J=1, h=0.5)",4,2,entanglement_only,Constrained entanglement only,34,3,mean,17.55296460080555,14.990726204785002,14.323849749649973,1.3787876455667225,57.87426333422309,12,12,0,0,1.0,,,12,0,0.6341853988747282
tfim_h0.5,"TFIM (J=1, h=0.5)",4,2,entanglement_only,Constrained entanglement only,35,3,mean,8.739107238588206,8.507517293982533,4.430086868387466,2.351031095365504,14.925578822260915,12,12,0,0,1.0,,,12,0,0.3496472224153507
tfim_h0.5,"TFIM (J=1, h=0.5)",4,2,entanglement_only,Constrained entanglement only,36,3,mean,14.947120012709206,14.91480191932582,10.564065254652103,2.682352907078604,43.662794688577314,12,12,0,0,1.0,,,12,0,0.6449028294357146
tfim_h0.5,"TFIM (J=1, h=0.5)",4,2,entanglement_only,Constrained entanglement only,37,3,mean,11.763763452844474,12.447096442642323,4.560525061041427,4.122594193768172,21.132075876493655,12,12,0,0,1.0,,,12,0,0.41554298321669636
tfim_h0.5,"TFIM (J=1, h=0.5)",4,2,entanglement_only,Constrained entanglement only,38,3,mean,12.819353215631986,10.790710192572197,10.997183192703526,0.47751251265638617,35.37625899279766,12,12,0,0,1.0,,,12,0,0.4523935758987774
tfim_h0.5,"TFIM (J=1, h=0.5)",4,2,entanglement_only,Constrained entanglement only,39,3,mean,17.808232389498848,14.868731485605263,10.957574009554437,4.497517942361783,36.27050307180609,12,12,0,0,1.0,,,12,0,0.6872678523677322
tfim_h0.5,"TFIM (J=1, h=0.5)",4,2,entanglement_only,Constrained entanglement only,40,3,mean,11.597326026120257,12.239562450596418,8.262582664314507,0.09871812483534703,25.519020742614547,12,12,0,0,1.0,,,12,0,0.41044573452690153
tfim_h0.5,"TFIM (J=1, h=0.5)",4,2,entanglement_only,Constrained entanglement only,41,3,mean,14.343480288274264,12.06800122478459,11.086566862651566,0.1239079328461396,31.26476315391174,12,12,0,0,1.0,,,12,0,0.542965497864705
tfim_h0.5,"TFIM (J=1, h=0.5)",4,2,entanglement_only,Constrained entanglement only,42,3,mean,13.755747406807211,9.744725125643363,9.518424515440731,3.5760667233103725,27.187166201610818,12,12,0,0,1.0,,,12,0,0.5229652983411922
tfim_h0.5,"TFIM (J=1, h=0.5)",4,2,entanglement_only,Constrained entanglement only,43,3,mean,11.572361466426798,10.448919528374871,10.797655898488646,0.07274975411777528,40.90858202463466,12,12,0,0,1.0,,,12,0,0.3743594887985184
tfim_h0.5,"TFIM (J=1, h=0.5)",4,2,entanglement_only,Constrained entanglement only,44,3,mean,15.890722571072649,12.324187641268633,15.195323574630429,0.40987991718232536,52.706833289060235,12,12,0,0,1.0,,,12,0,0.5074677411589773
tfim_h0.5,"TFIM (J=1, h=0.5)",4,2,entanglement_only,Constrained entanglement only,45,3,mean,17.390469477429512,14.739279964468095,12.648814772970992,2.9789664912498526,42.77784722594565,12,12,0,0,1.0,,,12,0,0.6717586730906238
tfim_h0.5,"TFIM (J=1, h=0.5)",4,2,entanglement_only,Constrained entanglement only,46,3,mean,13.799964911724208,14.819207176664111,7.153702905514612,2.132338979903104,23.356758026625183,12,12,0,0,1.0,,,12,0,0.5461269876384172
tfim_h0.5,"TFIM (J=1, h=0.5)",4,2,entanglement_only,Constrained entanglement only,47,3,mean,15.791003975088358,15.104262511365294,9.054598628202124,0.8737344327092287,29.27807289587789,12,12,0,0,1.0,,,12,0,0.49494174234492244
tfim_h0.5,"TFIM (J=1, h=0.5)",4,2,entanglement_only,Constrained entanglement only,48,3,mean,18.277450957421774,20.176216469617657,9.402414606024609,2.787679553739568,29.879328054604557,12,12,0,0,1.0,,,12,0,0.6967912772369029
tfim_h0.5,"TFIM (J=1, h=0.5)",4,2,entanglement_only,Constrained entanglement only,49,3,mean,11.170589124217882,8.793883969229178,9.250041855785105,0.14503616038370007,28.04133402202489,12,12,0,0,1.0,,,12,0,0.40735707491832013
tfim_h0.5,"TFIM (J=1, h=0.5)",4,2,entanglement_only,Constrained entanglement only,50,3,mean,11.048718724291357,9.42568390739152,11.922304111603667,1.1467055904265782,47.40459149538855,12,12,0,0,1.0,,,12,0,0.37554976713316984
tfim_h0.5,"TFIM (J=1, h=0.5)",4,2,entanglement_only,Constrained entanglement only,51,3,mean,14.112703444636644,11.840369263596193,9.966848726995657,4.002792896720535,33.44271312738274,12,12,0,0,1.0,,,12,0,0.5269393963510743
tfim_h0.5,"TFIM (J=1, h=0.5)",4,2,entanglement_only,Constrained entanglement only,52,3,mean,9.541673907327171,8.111553986400219,7.728770359021908,0.8481358334067113,29.158972049304673,12,12,0,0,1.0,,,12,0,0.36907569697899917
tfim_h0.5,"TFIM (J=1, h=0.5)",4,2,entanglement_only,Constrained entanglement only,53,3,mean,11.536260642932511,12.42678952854366,7.057019368648564,2.329659680551148,21.509563674592087,12,12,0,0,1.0,,,12,0,0.40043196379358986
tfim_h0.5,"TFIM (J=1, h=0.5)",4,2,entanglement_only,Constrained entanglement only,54,3,mean,13.231193740902055,7.726442646299388,10.740212258570056,1.9300034544837696,32.97055380612244,12,12,0,0,1.0,,,12,0,0.5761003846623013
tfim_h0.5,"TFIM (J=1, h=0.5)",4,2,entanglement_only,Constrained entanglement only,55,3,mean,16.697886235182903,17.24140832495977,8.236908740841944,4.045576744851575,29.0566956599408,12,12,0,0,1.0,,,12,0,0.6543975147378118
tfim_h0.5,"TFIM (J=1, h=0.5)",4,2,entanglement_only,Constrained entanglement only,56,3,mean,13.04864918632875,10.901752750496627,5.468581029909645,6.208405827780762,22.617819457311008,12,12,0,0,1.0,,,12,0,0.5348715508588398
tfim_h0.5,"TFIM (J=1, h=0.5)",4,2,entanglement_only,Constrained entanglement only,57,3,mean,10.720171532508237,11.067197595414251,6.179134528613627,2.7305851939861174,24.532537306099833,12,12,0,0,1.0,,,12,0,0.39022401207306756
tfim_h0.5,"TFIM (J=1, h=0.5)",4,2,entanglement_only,Constrained entanglement only,58,3,mean,10.62065915923993,7.859381373052545,9.287172272219632,0.9025124434633705,29.525991215700337,12,12,0,0,1.0,,,12,0,0.3966280284390687
tfim_h0.5,"TFIM (J=1, h=0.5)",4,2,entanglement_only,Constrained entanglement only,59,3,mean,13.581087171585994,11.324977364472524,11.017142369782793,1.3010867278706681,36.15637073116189,12,12,0,0,1.0,,,12,0,0.451447066410161
tfim_h0.5,"TFIM (J=1, h=0.5)",4,2,entanglement_only,Constrained entanglement only,60,3,mean,6.902447879555379,7.014279294459424,3.9207933082042983,1.8381315674792493,15.419844446360925,12,12,0,0,1.0,,,12,0,0.26699543797475384
tfim_h0.5,"TFIM (J=1, h=0.5)",4,2,entanglement_only,Constrained entanglement only,61,3,mean,20.75808335139586,24.857391890150723,11.298801927719687,0.7996654671783088,37.582705688239145,12,12,0,0,1.0,,,12,0,0.7800938224442882
tfim_h0.5,"TFIM (J=1, h=0.5)",4,2,entanglement_only,Constrained entanglement only,62,3,mean,14.508907040649833,11.18542873640642,11.656805366059944,0.2825835677883842,36.1129710991949,12,12,0,0,1.0,,,12,0,0.5584590942450668
tfim_h0.5,"TFIM (J=1, h=0.5)",4,2,entanglement_only,Constrained entanglement only,63,3,mean,11.69752127050515,5.582725274053184,15.863856480555635,0.43118914407062364,61.58495513915149,12,12,0,0,1.0,,,12,0,0.47098132008546484
tfim_h0.5,"TFIM (J=1, h=0.5)",4,2,entanglement_only,Constrained entanglement only,64,3,mean,8.919214380236024,7.855771352451421,5.610902520393369,1.0159177696612656,17.268107971041925,12,12,0,0,1.0,,,12,0,0.2996631238465858
tfim_h0.5,"TFIM (J=1, h=0.5)",4,2,entanglement_only,Constrained entanglement only,65,3,mean,20.58201673543362,20.857977256678126,12.825553087033692,1.1200382292038118,42.8836650711015,12,12,0,0,1.0,,,12,0,0.8400580340177828
tfim_h0.5,"TFIM (J=1, h=0.5)",4,2,entanglement_only,Constrained entanglement only,66,3,mean,15.035637414274712,8.683402449569728,13.685260627943236,1.1180689631613374,48.062496929525,12,12,0,0,1.0,,,12,0,0.4995024216069846
tfim_h0.5,"TFIM (J=1, h=0.5)",4,2,entanglement_only,Constrained entanglement only,67,3,mean,8.93234148902505,12.4762109966228,6.2496916127122955,0.08108653849914614,14.681535420366354,12,12,0,0,1.0,,,12,0,0.29875824160874725
tfim_h0.5,"TFIM (J=1, h=0.5)",4,2,entanglement_only,Constrained entanglement only,68,3,mean,14.943692388328238,12.564175648809275,10.702661280225271,1.198488896780961,35.27440677713781,12,12,0,0,1.0,,,12,0,0.5142355214709632
tfim_h0.5,"TFIM (J=1, h=0.5)",4,2,entanglement_only,Constrained entanglement only,69,3,mean,16.17291728098372,15.605911793494172,10.18875171749025,2.903875139011941,35.17243504968388,12,12,0,0,1.0,,,12,0,0.565416601497989
tfim_h0.5,"TFIM (J=1, h=0.5)",4,2,entanglement_only,Constrained entanglement only,70,3,mean,9.966773882958682,6.76600597544534,9.27621382090413,0.8698839580381115,27.532807110799876,12,12,0,0,1.0,,,12,0,0.4168778102986468
tfim_h0.5,"TFIM (J=1, h=0.5)",4,2,entanglement_only,Constrained entanglement only,71,3,mean,13.728088092449951,12.214239013596707,8.084697626171007,2.3845066378650555,30.684489986294174,12,12,0,0,1.0,,,12,0,0.5255085528364281
tfim_h0.5,"TFIM (J=1, h=0.5)",4,2,entanglement_only,Constrained entanglement only,72,3,mean,9.409186721941166,9.660829224815583,7.948562432292418,0.04879132088879615,21.79831487987218,12,12,0,0,1.0,,,12,0,0.35246338467552957
tfim_h0.5,"TFIM (J=1, h=0.5)",4,2,entanglement_only,Constrained entanglement only,73,3,mean,9.599189935741109,7.655861489268453,11.634263356648974,1.8406682158388858,46.13841245617674,12,12,0,0,1.0,,,12,0,0.3073962229156349
tfim_h0.5,"TFIM (J=1, h=0.5)",4,2,entanglement_only,Constrained entanglement only,74,3,mean,9.189137888137074,9.013571681305066,7.286714782868692,0.04054878262083513,26.377450998819675,12,12,0,0,1.0,,,12,0,0.3124873514174879
tfim_h0.5,"TFIM (J=1, h=0.5)",4,2,entanglement_only,Constrained entanglement only,75,3,mean,13.453890428712013,12.689815386477179,8.982125946392221,0.23580308049252507,33.57481280607999,12,12,0,0,1.0,,,12,0,0.408331534319065
tfim_h0.5,"TFIM (J=1, h=0.5)",4,2,entanglement_only,Constrained entanglement only,76,3,mean,20.222573303502617,24.08023598716987,8.871656946402624,2.2029121928245887,29.502580798228283,12,12,0,0,1.0,,,12,0,0.8296565574069334
tfim_h0.5,"TFIM (J=1, h=0.5)",4,2,entanglement_only,Constrained entanglement only,77,3,mean,7.880426171181077,6.880513392834237,4.186145520057472,1.2739678852197227,13.70001556144218,12,12,0,0,1.0,,,12,0,0.31349872455984396
tfim_h0.5,"TFIM (J=1, h=0.5)",4,2,entanglement_only,Constrained entanglement only,78,3,mean,18.789861179313107,14.69775385787626,14.006707828333608,2.705439756777957,42.44793442779118,12,12,0,0,1.0,,,12,0,0.5924322880063709
tfim_h0.5,"TFIM (J=1, h=0.5)",4,2,entanglement_only,Constrained entanglement only,79,3,mean,13.00786406919091,11.0524370197708,10.584931716112179,1.5518828121897172,36.43928556743746,12,12,0,0,1.0,,,12,0,0.4701050939140993
tfim_h0.5,"TFIM (J=1, h=0.5)",4,2,entanglement_only,Constrained entanglement only,80,3,mean,11.183452834098263,8.431147491073498,7.479825018288425,0.6310612938735453,22.02768147182679,12,12,0,0,1.0,,,12,0,0.3974789992923382
tfim_h0.5,"TFIM (J=1, h=0.5)",4,2,entanglement_only,Constrained entanglement only,81,3,mean,16.841909781609655,15.453326224618689,7.708747461263894,8.09725558579029,32.48937247969526,12,12,0,0,1.0,,,12,0,0.687335963111687
tfim_h0.5,"TFIM (J=1, h=0.5)",4,2,entanglement_only,Constrained entanglement only,82,3,mean,11.38957684834424,4.7793025750059535,13.204208744160113,0.7802558598772137,38.77449467078144,12,12,0,0,1.0,,,12,0,0.4135314319203179
tfim_h0.5,"TFIM (J=1, h=0.5)",4,2,entanglement_only,Constrained entanglement only,83,3,mean,12.682869804069426,12.994871940190748,8.428954332895112,0.28968155277905,25.73082454196059,12,12,0,0,1.0,,,12,0,0.4168587385277341
tfim_h0.5,"TFIM (J=1, h=0.5)",4,2,entanglement_only,Constrained entanglement only,84,3,mean,8.145962763740057,7.483752416049558,6.0189076829846435,1.0898175176150544,23.551145943130624,12,12,0,0,1.0,,,12,0,0.3137133329174479
tfim_h0.5,"TFIM (J=1, h=0.5)",4,2,entanglement_only,Constrained entanglement only,85,3,mean,25.016254665846247,15.922467284288864,21.95397151595191,3.209571445968753,66.87136824026811,12,12,0,0,1.0,,,12,0,0.8798223534700097
tfim_h0.5,"TFIM (J=1, h=0.5)",4,2,entanglement_only,Constrained entanglement only,86,3,mean,14.306907067712773,13.545755324261886,10.693062543169184,0.279405655627205,32.998701119231036,12,12,0,0,1.0,,,12,0,0.5487364631897833
tfim_h0.5,"TFIM (J=1, h=0.5)",4,2,entanglement_only,Constrained entanglement only,87,3,mean,10.675720051266703,8.863110123225097,8.959640055270059,2.500403529562565,33.60702330707889,12,12,0,0,1.0,,,12,0,0.42164055496489117
tfim_h0.5,"TFIM (J=1, h=0.5)",4,2,entanglement_only,Constrained entanglement only,88,3,mean,15.818953981039504,14.647142454988863,11.822113313920397,1.22171667236325,36.935802132183056,12,12,0,0,1.0,,,12,0,0.5497705014029061
tfim_h0.5,"TFIM (J=1, h=0.5)",4,2,entanglement_only,Constrained entanglement only,89,3,mean,10.833447511499266,5.0372810184838634,12.584213252492901,0.0367142903717017,43.53985672106951,12,12,0,0,1.0,,,12,0,0.42404908038360123
tfim_h0.5,"TFIM (J=1, h=0.5)",4,2,entanglement_only,Constrained entanglement only,90,3,mean,16.477034807786215,13.191008433483152,11.761072297804798,5.440612013391688,37.297609914858754,12,12,0,0,1.0,,,12,0,0.5775643507664352
tfim_h0.5,"TFIM (J=1, h=0.5)",4,2,entanglement_only,Constrained entanglement only,91,3,mean,8.540965612848396,8.42033341051075,5.2572690834954585,0.15183018603734907,18.70796929384692,12,12,0,0,1.0,,,12,0,0.27257955673921624
tfim_h0.5,"TFIM (J=1, h=0.5)",4,2,entanglement_only,Constrained entanglement only,92,3,mean,15.518082843284702,16.331637473400562,9.234083963373118,1.6744927948839285,27.13664001009137,12,12,0,0,1.0,,,12,0,0.6369571615566482
tfim_h0.5,"TFIM (J=1, h=0.5)",4,2,entanglement_only,Constrained entanglement only,93,3,mean,14.087277245912254,15.090583566737063,5.109381644175474,1.0918640711758507,19.699624231917124,12,12,0,0,1.0,,,12,0,0.45329416872950207
tfim_h0.5,"TFIM (J=1, h=0.5)",4,2,entanglement_only,Constrained entanglement only,94,3,mean,12.718256016982622,9.774827918810287,10.78452876533265,1.6352722684255891,40.42927360807475,12,12,0,0,1.0,,,12,0,0.4947752986105429
tfim_h0.5,"TFIM (J=1, h=0.5)",4,2,entanglement_only,Constrained entanglement only,95,3,mean,11.388242461648979,11.136828228967172,6.97350497535734,1.3282410245642828,22.03504620030208,12,12,0,0,1.0,,,12,0,0.4011426713875938
tfim_h0.5,"TFIM (J=1, h=0.5)",4,2,entanglement_only,Constrained entanglement only,96,3,mean,15.480882102617757,15.705718742496202,8.797188025297869,5.258567351465329,30.69378920105387,12,12,0,0,1.0,,,12,0,0.5498982508359113
tfim_h0.5,"TFIM (J=1, h=0.5)",4,2,entanglement_only,Constrained entanglement only,97,3,mean,16.134282073512598,17.470039882948598,10.430022642838242,1.6015454825941682,30.948039834330082,12,12,0,0,1.0,,,12,0,0.6157286264007924
tfim_h0.5,"TFIM (J=1, h=0.5)",4,2,entanglement_only,Constrained entanglement only,98,3,mean,18.981595256984505,8.642570401189367,20.611496490587346,1.8987542187179136,57.57895530550121,12,12,0,0,1.0,,,12,0,0.5342214624669116
tfim_h0.5,"TFIM (J=1, h=0.5)",4,2,entanglement_only,Constrained entanglement only,99,3,mean,19.388341282929133,17.019701792376928,9.22207037971736,1.117194636781424,33.119069608449735,12,12,0,0,1.0,,,12,0,0.6574982367896737
tfim_h0.5,"TFIM (J=1, h=0.5)",4,2,entanglement_only,Constrained entanglement only,100,3,mean,9.96486220725919,7.93018591147667,10.211566366398715,1.4247157888635842,41.58565630710413,12,12,0,0,1.0,,,12,0,0.3970302811465536
tfim_h0.5,"TFIM (J=1, h=0.5)",4,2,entanglement_only,Constrained entanglement only,101,3,mean,17.402788007370912,13.936326160484878,12.97960253051844,1.8626214824671257,44.56890149215895,12,12,0,0,1.0,,,12,0,0.7037088889565531
tfim_h0.5,"TFIM (J=1, h=0.5)",4,2,entanglement_only,Constrained entanglement only,102,3,mean,11.824504717844869,9.888158403824953,9.275058218270182,0.05753938879482642,28.566145009373287,12,12,0,0,1.0,,,12,0,0.4270591990344113
tfim_h0.5,"TFIM (J=1, h=0.5)",4,2,entanglement_only,Constrained entanglement only,103,3,mean,15.940774905836248,15.236313301175153,10.889581678811746,3.5998716327224245,35.981301688539745,12,12,0,0,1.0,,,12,0,0.5971402627731761
tfim_h0.5,"TFIM (J=1, h=0.5)",4,2,entanglement_only,Constrained entanglement only,104,3,mean,11.735366410432716,10.44525953984408,9.440719406352615,0.4394645858480081,28.691009499752578,12,12,0,0,1.0,,,12,0,0.45688263633472
tfim_h0.5,"TFIM (J=1, h=0.5)",4,2,entanglement_only,Constrained entanglement only,105,3,mean,15.208026582866182,14.385653457497192,11.080920210082054,1.7773962561938335,31.937398939011704,12,12,0,0,1.0,,,12,0,0.5770965129445886
tfim_h0.5,"TFIM (J=1, h=0.5)",4,2,entanglement_only,Constrained entanglement only,106,3,mean,12.14425342244941,10.908562269488208,8.159544565790124,0.40068879085007003,34.14117627515552,12,12,0,0,1.0,,,12,0,0.4756078545324671
tfim_h0.5,"TFIM (J=1, h=0.5)",4,2,entanglement_only,Constrained entanglement only,107,3,mean,13.583075093053738,15.257064599677719,6.660139932245824,1.6519576144755317,24.052632695795,12,12,0,0,1.0,,,12,0,0.5138097844791901
tfim_h0.5,"TFIM (J=1, h=0.5)",4,2,entanglement_only,Constrained entanglement only,108,3,mean,14.88783987196602,18.392084470868014,9.105067265511956,0.7371074091359048,33.07080385748667,12,12,0,0,1.0,,,12,0,0.5960176833225839
tfim_h0.5,"TFIM (J=1, h=0.5)",4,2,entanglement_only,Constrained entanglement only,109,3,mean,14.188295004245356,7.418011842135802,12.484419950451915,1.1288883060474375,38.48549546011208,12,12,0,0,1.0,,,12,0,0.4720830941908289
tfim_h0.5,"TFIM (J=1, h=0.5)",4,2,entanglement_only,Constrained entanglement only,110,3,mean,12.254493570274038,7.7802379746848285,11.220197770082857,2.048318048768434,37.45414826983968,12,12,0,0,1.0,,,12,0,0.5271441102291607
tfim_h0.5,"TFIM (J=1, h=0.5)",4,2,entanglement_only,Constrained entanglement only,111,3,mean,14.308567215798542,13.468491657113342,10.175935575172693,3.1741401180210387,28.47506836701739,12,12,0,0,1.0,,,12,0,0.40545732223902653
tfim_h0.5,"TFIM (J=1, h=0.5)",4,2,entanglement_only,Constrained entanglement only,112,3,mean,11.282756974819783,10.888496824732847,6.734081123741828,1.8245599255389624,25.895567852635622,12,12,0,0,1.0,,,12,0,0.4598557563699863
tfim_h0.5,"TFIM (J=1, h=0.5)",4,2,entanglement_only,Constrained entanglement only,113,3,mean,9.134390600040438,7.352095947291589,6.672999121088154,0.23136806628244996,22.5393378538063,12,12,0,0,1.0,,,12,0,0.31900666339765
tfim_h0.5,"TFIM (J=1, h=0.5)",4,2,entanglement_only,Constrained entanglement only,114,3,mean,13.628253250925063,6.436944201183081,12.024727693436754,0.8809865707640774,32.777326861957036,12,12,0,0,1.0,,,12,0,0.5450646225437339
tfim_h0.5,"TFIM (J=1, h=0.5)",4,2,entanglement_only,Constrained entanglement only,115,3,mean,14.90233664985477,14.770107130853187,11.703270242661334,0.3062642020018296,32.57664129037118,12,12,0,0,1.0,,,12,0,0.5299632543894357
tfim_h0.5,"TFIM (J=1, h=0.5)",4,2,entanglement_only,Constrained entanglement only,116,3,mean,15.005941815997005,15.986572105863385,6.155245058439917,6.5590528310837035,25.257998331649077,12,12,0,0,1.0,,,12,0,0.5110682208888251
tfim_h0.5,"TFIM (J=1, h=0.5)",4,2,entanglement_only,Constrained entanglement only,117,3,mean,14.714339070390471,6.800759642103243,17.165772155477104,1.7726568094168738,44.34310734408101,12,12,0,0,1.0,,,12,0,0.3875389935466085
tfim_h0.5,"TFIM (J=1, h=0.5)",4,2,entanglement_only,Constrained entanglement only,118,3,mean,12.932874916298351,11.682168786357057,9.503951873480451,0.33199151870625787,40.308282798083034,12,12,0,0,1.0,,,12,0,0.5058390612044015
tfim_h0.5,"TFIM (J=1, h=0.5)",4,2,entanglement_only,Constrained entanglement only,119,3,mean,15.963586076668802,15.886180765718942,10.000663567353458,1.3748246096335102,29.51068587969738,12,12,0,0,1.0,,,12,0,0.5762615142397269
tfim_h0.5,"TFIM (J=1, h=0.5)",4,2,entanglement_only,Constrained entanglement only,120,3,mean,16.549870838168314,14.137573712873621,11.121358081364118,3.916821697939589,39.72896498596898,12,12,0,0,1.0,,,12,0,0.5859355261537372
tfim_h0.5,"TFIM (J=1, h=0.5)",4,2,entanglement_only,Constrained entanglement only,121,3,mean,12.389730062956076,4.258278074539086,15.026532969710162,0.32136605999560874,50.505095282844835,12,12,0,0,1.0,,,12,0,0.4111295289748766
tfim_h0.5,"TFIM (J=1, h=0.5)",4,2,entanglement_only,Constrained entanglement only,122,3,mean,15.065595024468825,14.794136994085235,9.737817139791302,0.9927425520783363,29.141598364357247,12,12,0,0,1.0,,,12,0,0.523467195827784
tfim_h0.5,"TFIM (J=1, h=0.5)",4,2,entanglement_only,Constrained entanglement only,123,3,mean,13.553031608235969,11.178251304004906,6.951744351134334,4.356542146289258,25.790237314843864,12,12,0,0,1.0,,,12,0,0.5001915182059864
tfim_h0.5,"TFIM (J=1, h=0.5)",4,2,entanglement_only,Constrained entanglement only,124,3,mean,14.625395744184878,11.269533056803027,8.151040126189178,6.584320850386383,28.55730341922927,12,12,0,0,1.0,,,12,0,0.46773129058150714
tfim_h0.5,"TFIM (J=1, h=0.5)",4,2,entanglement_only,Constrained entanglement only,125,3,mean,11.422119173274508,10.702318666571177,9.786915244656072,0.39340132299127023,36.606801359849406,12,12,0,0,1.0,,,12,0,0.402116657982922
tfim_h0.5,"TFIM (J=1, h=0.5)",4,2,entanglement_only,Constrained entanglement only,126,3,mean,12.875239485488029,11.445030536810496,10.195008726272649,0.7941216946980572,28.294953704839962,12,12,0,0,1.0,,,12,0,0.4308656077028233
tfim_h0.5,"TFIM (J=1, h=0.5)",4,2,entanglement_only,Constrained entanglement only,127,3,mean,14.579054218298593,8.807470168262945,12.134427442028672,1.038129473304249,40.97964882103821,12,12,0,0,1.0,,,12,0,0.486707712814278
tfim_h0.5,"TFIM (J=1, h=0.5)",4,2,entanglement_only,Constrained entanglement only,128,3,mean,15.559423621389188,16.57203944703477,9.311223574773067,1.193062370053926,29.637774952510217,12,12,0,0,1.0,,,12,0,0.6672600024216031
tfim_h0.5,"TFIM (J=1, h=0.5)",4,2,entanglement_only,Constrained entanglement only,129,3,mean,11.214842563809087,9.367713898477158,11.402904958313467,0.9634393320580281,46.075617210203504,12,12,0,0,1.0,,,12,0,0.4322605288584866
tfim_h0.5,"TFIM (J=1, h=0.5)",4,2,entanglement_only,Constrained entanglement only,130,3,mean,14.226077362595577,12.147138136803033,13.181671449938548,1.5037294540986574,39.04391624841344,12,12,0,0,1.0,,,12,0,0.4880388081590208
tfim_h0.5,"TFIM (J=1, h=0.5)",4,2,entanglement_only,Constrained entanglement only,131,3,mean,11.728540443013648,10.500215078725272,9.962561780993061,3.1803930143211465,41.32750588144045,12,12,0,0,1.0,,,12,0,0.44143600152833623
tfim_h0.5,"TFIM (J=1, h=0.5)",4,2,entanglement_only,Constrained entanglement only,132,3,mean,9.063119585816256,10.12464469253121,6.805039210660905,0.13705249072068135,20.867325797507046,12,12,0,0,1.0,,,12,0,0.3318605715911707
tfim_h0.5,"TFIM (J=1, h=0.5)",4,2,entanglement_only,Constrained entanglement only,133,3,mean,15.913328025247141,12.246962022090067,12.218941365833395,0.6073142054764538,40.517001841514066,12,12,0,0,1.0,,,12,0,0.6073704913594421
tfim_h0.5,"TFIM (J=1, h=0.5)",4,2,entanglement_only,Constrained entanglement only,134,3,mean,16.122367776456624,11.06566648204487,14.055642274373806,1.4348461478713568,42.280190442244425,12,12,0,0,1.0,,,12,0,0.4697910641446927
tfim_h0.5,"TFIM (J=1, h=0.5)",4,2,entanglement_only,Constrained entanglement only,135,3,mean,11.254024528600027,9.57834318612294,7.311243779618629,0.12375206033947551,23.496687501925223,12,12,0,0,1.0,,,12,0,0.39148401665875987
tfim_h0.5,"TFIM (J=1, h=0.5)",4,2,entanglement_only,Constrained entanglement only,136,3,mean,14.397993394882945,14.823927067320232,8.363062830314156,1.2196653508455928,30.606682653980286,12,12,0,0,1.0,,,12,0,0.6468623908678997
tfim_h0.5,"TFIM (J=1, h=0.5)",4,2,entanglement_only,Constrained entanglement only,137,3,mean,8.58050003027663,6.247654091968915,4.697744363785101,3.8619317268820037,16.3732859183055,12,12,0,0,1.0,,,12,0,0.33255174625903033
tfim_h0.5,"TFIM (J=1, h=0.5)",4,2,entanglement_only,Constrained entanglement only,138,3,mean,13.063356899370659,10.717071970074326,9.638204741463209,2.146754772480007,31.669686368129955,12,12,0,0,1.0,,,12,0,0.46496831234743935
tfim_h0.5,"TFIM (J=1, h=0.5)",4,2,entanglement_only,Constrained entanglement only,139,3,mean,8.504218939308611,9.56716567655313,5.034724054459903,0.6849612988375235,18.30801699044201,12,12,0,0,1.0,,,12,0,0.31307686635004034
tfim_h0.5,"TFIM (J=1, h=0.5)",4,2,entanglement_only,Constrained entanglement only,140,3,mean,14.39091230849533,12.536755197272276,7.844931649008742,4.856408328217458,28.596984835195816,12,12,0,0,1.0,,,12,0,0.5233431092604758
tfim_h0.5,"TFIM (J=1, h=0.5)",4,2,entanglement_only,Constrained entanglement only,141,3,mean,13.135362627294379,4.421337664806109,15.194383389520794,0.0315410744203284,37.824583852184915,12,12,0,0,1.0,,,12,0,0.4078223393421057
tfim_h0.5,"TFIM (J=1, h=0.5)",4,2,entanglement_only,Constrained entanglement only,142,3,mean,10.392832425599746,7.4717304179341015,8.465049844860731,2.38574425835704,32.246843847942074,12,12,0,0,1.0,,,12,0,0.4105725526331541
tfim_h0.5,"TFIM (J=1, h=0.5)",4,2,entanglement_only,Constrained entanglement only,143,3,mean,15.219043909635294,9.118136641561094,12.919312111619314,0.9096669409234833,37.33396663880203,12,12,0,0,1.0,,,12,0,0.4459734583839267
tfim_h0.5,"TFIM (J=1, h=0.5)",4,2,entanglement_only,Constrained entanglement only,144,3,mean,11.087987205145303,7.090005090843773,11.792845824012478,0.5372442035000059,39.79307414759377,12,12,0,0,1.0,,,12,0,0.4538052535675803
tfim_h0.5,"TFIM (J=1, h=0.5)",4,2,entanglement_only,Constrained entanglement only,145,3,mean,17.692037255666303,13.55700340214632,10.708547510521853,4.716532554279539,33.348023925140524,12,12,0,0,1.0,,,12,0,0.6329156679692451
tfim_h0.5,"TFIM (J=1, h=0.5)",4,2,entanglement_only,Constrained entanglement only,146,3,mean,15.751107142695853,14.563695778110109,10.231005615573187,0.35379272727674177,35.167230025290635,12,12,0,0,1.0,,,12,0,0.6211523049377131
tfim_h0.5,"TFIM (J=1, h=0.5)",4,2,entanglement_only,Constrained entanglement only,147,3,mean,14.324556278444568,14.992223573872083,8.210358191393246,4.38796427930869,27.745310495595433,12,12,0,0,1.0,,,12,0,0.5087336496817693
tfim_h0.5,"TFIM (J=1, h=0.5)",4,2,entanglement_only,Constrained entanglement only,148,3,mean,13.492579651457243,13.015543973795566,8.099497413009233,0.36332083886847266,26.051216347976183,12,12,0,0,1.0,,,12,0,0.5184183354680689
tfim_h0.5,"TFIM (J=1, h=0.5)",4,2,entanglement_only,Constrained entanglement only,149,3,mean,20.918467916432032,19.23480133869076,12.04184588733101,1.6931875573568491,35.95232784054256,12,12,0,0,1.0,,,12,0,0.8373119410695944
tfim_h0.5,"TFIM (J=1, h=0.5)",4,2,entanglement_only,Constrained entanglement only,150,3,mean,12.337298940216854,12.037732360990036,6.862582085021758,0.11510942636936243,23.149125487569034,12,12,0,0,1.0,,,12,0,0.41196779939428446
tfim_h0.5,"TFIM (J=1, h=0.5)",4,2,entanglement_only,Constrained entanglement only,151,3,mean,9.951327525751038,7.334795020173554,9.795888730388553,0.41239102392037497,29.804951932183062,12,12,0,0,1.0,,,12,0,0.2859624168450145
tfim_h0.5,"TFIM (J=1, h=0.5)",4,2,entanglement_only,Constrained entanglement only,152,3,mean,10.9086252291887,9.813127519284851,3.706958988533586,4.072825751469725,19.69284905359576,12,12,0,0,1.0,,,12,0,0.36789377327327194
tfim_h0.5,"TFIM (J=1, h=0.5)",4,2,entanglement_only,Constrained entanglement only,153,3,mean,15.659127977719194,16.487288999082175,6.9833179251581345,3.3585018083669533,28.71534597964103,12,12,0,0,1.0,,,12,0,0.5431030797158312
tfim_h0.5,"TFIM (J=1, h=0.5)",4,2,entanglement_only,Constrained entanglement only,154,3,mean,14.005197176441262,5.30255820363433,15.835933614739284,0.3863458473388735,44.947442518384086,12,12,0,0,1.0,,,12,0,0.4381230553437165
tfim_h0.5,"TFIM (J=1, h=0.5)",4,2,entanglement_only,Constrained entanglement only,155,3,mean,14.857847682649878,16.702750630267502,9.165152040823395,0.2720562567712341,30.909482879479224,12,12,0,0,1.0,,,12,0,0.5740151045355882
tfim_h0.5,"TFIM (J=1, h=0.5)",4,2,entanglement_only,Constrained entanglement only,156,3,mean,15.626660313081487,8.69751684007704,11.283588198977972,3.0322160426237716,32.45289811605626,12,12,0,0,1.0,,,12,0,0.5678667652418347
tfim_h0.5,"TFIM (J=1, h=0.5)",4,2,entanglement_only,Constrained entanglement only,157,3,mean,8.962614600524839,6.226610610661057,6.327684416123416,3.1117046928606125,22.222899720416073,12,12,0,0,1.0,,,12,0,0.2629025746516112
tfim_h0.5,"TFIM (J=1, h=0.5)",4,2,entanglement_only,Constrained entanglement only,158,3,mean,12.529454701991382,9.066720089347609,9.52350162078186,2.1765436671293292,26.870690168204113,12,12,0,0,1.0,,,12,0,0.457514659731137
tfim_h0.5,"TFIM (J=1, h=0.5)",4,2,entanglement_only,Constrained entanglement only,159,3,mean,15.21443326570701,15.613990199813887,7.493996127647096,3.356020385252271,24.322127331956988,12,12,0,0,1.0,,,12,0,0.5916784722520081
tfim_h0.5,"TFIM (J=1, h=0.5)",4,2,entanglement_only,Constrained entanglement only,160,3,mean,14.551714335723682,13.16990879154994,10.781855740124916,0.7676541690233366,35.81025262079431,12,12,0,0,1.0,,,12,0,0.4798767808839504
tfim_h0.5,"TFIM (J=1, h=0.5)",4,2,entanglement_only,Constrained entanglement only,161,3,mean,13.789599208949253,12.622376237786536,3.0373450900391084,9.124875605848045,18.2200305381023,12,12,0,0,1.0,,,12,0,0.42565910272649554
tfim_h0.5,"TFIM (J=1, h=0.5)",4,2,entanglement_only,Constrained entanglement only,162,3,mean,12.258304862224255,11.952988489681475,8.364119909705247,0.18470260271072064,27.92517635626779,12,12,0,0,1.0,,,12,0,0.4075931892966124
tfim_h0.5,"TFIM (J=1, h=0.5)",4,2,entanglement_only,Constrained entanglement only,163,3,mean,15.811281650515417,18.265571514717124,7.988146720793954,3.2192845976525697,30.825131890032363,12,12,0,0,1.0,,,12,0,0.5573762534293726
tfim_h0.5,"TFIM (J=1, h=0.5)",4,2,entanglement_only,Constrained entanglement only,164,3,mean,13.662631167083786,7.727706566476398,11.410219401013691,0.21707930821293447,29.131716106055485,12,12,0,0,1.0,,,12,0,0.5170800200289142
tfim_h0.5,"TFIM (J=1, h=0.5)",4,2,entanglement_only,Constrained entanglement only,165,3,mean,11.045793587269124,4.939571095247276,11.275981798929266,0.526996853693385,35.99535584347151,12,12,0,0,1.0,,,12,0,0.4283371839790701
tfim_h0.5,"TFIM (J=1, h=0.5)",4,2,entanglement_only,Constrained entanglement only,166,3,mean,16.996857124042567,13.524494457892342,13.84763016136485,1.7053452380988008,45.65811536443308,12,12,0,0,1.0,,,12,0,0.5821541950715857
tfim_h0.5,"TFIM (J=1, h=0.5)",4,2,entanglement_only,Constrained entanglement only,167,3,mean,15.750633106032895,16.45795866303287,12.830252093398972,0.6921648972294835,50.49446648157138,12,12,0,0,1.0,,,12,0,0.5397335019651053
tfim_h0.5,"TFIM (J=1, h=0.5)",4,2,entanglement_only,Constrained entanglement only,168,3,mean,10.447018648923203,7.836223937136467,9.296976276835277,0.8870132492852387,38.99012156617483,12,12,0,0,1.0,,,12,0,0.3918603383600358
tfim_h0.5,"TFIM (J=1, h=0.5)",4,2,entanglement_only,Constrained entanglement only,169,3,mean,20.08160275493398,14.858449302434554,14.739548534772577,5.8326752948077045,44.83450270531436,12,12,0,0,1.0,,,12,0,0.6674346649260398
tfim_h0.5,"TFIM (J=1, h=0.5)",4,2,entanglement_only,Constrained entanglement only,170,3,mean,10.533315525114043,7.555799169047426,9.38061811634516,0.7678811849167825,31.119492146220146,12,12,0,0,1.0,,,12,0,0.39712925230632584
tfim_h0.5,"TFIM (J=1, h=0.5)",4,2,entanglement_only,Constrained entanglement only,171,3,mean,14.28309545404187,14.868671463884883,4.0206343838580905,2.335623360442613,19.380634029892036,12,12,0,0,1.0,,,12,0,0.4713876514587829
tfim_h0.5,"TFIM (J=1, h=0.5)",4,2,entanglement_only,Constrained entanglement only,172,3,mean,12.590147361548626,9.738425868867697,10.041481708248552,1.3846407235505815,30.89426874637386,12,12,0,0,1.0,,,12,0,0.45149396485138915
tfim_h0.5,"TFIM (J=1, h=0.5)",4,2,entanglement_only,Constrained entanglement only,173,3,mean,8.845325303175093,4.8674682268044265,13.219082524386415,0.947036132837629,51.716010253760196,12,12,0,0,1.0,,,12,0,0.35442674992981266
tfim_h0.5,"TFIM (J=1, h=0.5)",4,2,entanglement_only,Constrained entanglement only,174,3,mean,17.57010248892843,17.16201906999839,11.331624819828864,2.1591729933970116,34.57944447104774,12,12,0,0,1.0,,,12,0,0.6025222558803053
tfim_h0.5,"TFIM (J=1, h=0.5)",4,2,entanglement_only,Constrained entanglement only,175,3,mean,12.054038233162501,8.37430024447426,6.564004795489337,2.6311476420419364,22.48696990679411,12,12,0,0,1.0,,,12,0,0.43865846052694996
tfim_h0.5,"TFIM (J=1, h=0.5)",4,2,entanglement_only,Constrained entanglement only,176,3,mean,20.24218882841197,18.551794657200247,11.369523016691446,0.94033053117619,47.03703959036098,12,12,0,0,1.0,,,12,0,0.7748940076781614
tfim_h0.5,"TFIM (J=1, h=0.5)",4,2,entanglement_only,Constrained entanglement only,177,3,mean,16.544252610805795,13.466681395254092,14.982927565382024,0.0905705353990537,52.66956294983461,12,12,0,0,1.0,,,12,0,0.6121721682660208
tfim_h0.5,"TFIM (J=1, h=0.5)",4,2,entanglement_only,Constrained entanglement only,178,3,mean,14.948761940914446,11.498317283830671,11.600224845755331,1.5798627956362885,36.42298879591737,12,12,0,0,1.0,,,12,0,0.4892319685226549
tfim_h0.5,"TFIM (J=1, h=0.5)",4,2,entanglement_only,Constrained entanglement only,179,3,mean,12.618980768388239,12.128721853190282,8.98898286162994,1.968141359342912,30.534450580314033,12,12,0,0,1.0,,,12,0,0.4178273001858193
tfim_h0.5,"TFIM (J=1, h=0.5)",4,2,entanglement_only,Constrained entanglement only,180,3,mean,17.8674065655862,9.962345267870514,18.51927370412336,1.375751596308718,63.682634078595285,12,12,0,0,1.0,,,12,0,0.5743719218388472
tfim_h0.5,"TFIM (J=1, h=0.5)",4,2,entanglement_only,Constrained entanglement only,181,3,mean,18.402424327260846,16.79230576342689,4.94064540644013,12.369755190083453,27.824752732870163,12,12,0,0,1.0,,,12,0,0.744365537778631
tfim_h0.5,"TFIM (J=1, h=0.5)",4,2,entanglement_only,Constrained entanglement only,182,3,mean,18.512080299995755,18.338313853241026,8.719959719815627,2.048879370882624,29.935535161958203,12,12,0,0,1.0,,,12,0,0.6162756681151705
tfim_h0.5,"TFIM (J=1, h=0.5)",4,2,entanglement_only,Constrained entanglement only,183,3,mean,12.53823433372731,10.003496717846648,8.949306018215411,1.6383773546251732,31.84196637390346,12,12,0,0,1.0,,,12,0,0.4770541394327327
tfim_h0.5,"TFIM (J=1, h=0.5)",4,2,entanglement_only,Constrained entanglement only,184,3,mean,16.60688689558299,18.205143674222597,9.08007864358359,0.8956232098900352,28.591198844819004,12,12,0,0,1.0,,,12,0,0.5964246576295658
tfim_h0.5,"TFIM (J=1, h=0.5)",4,2,entanglement_only,Constrained entanglement only,185,3,mean,8.196584442960168,5.702156907450448,7.490563217411867,1.0265633814500263,29.825708681667265,12,12,0,0,1.0,,,12,0,0.30543680904024806
tfim_h0.5,"TFIM (J=1, h=0.5)",4,2,entanglement_only,Constrained entanglement only,186,3,mean,11.913568827472636,7.014079149777679,12.272786990195312,0.32069414926937434,39.339257430434685,12,12,0,0,1.0,,,12,0,0.3409162907033249
tfim_h0.5,"TFIM (J=1, h=0.5)",4,2,entanglement_only,Constrained entanglement only,187,3,mean,18.985519926653133,12.835541671036282,14.096767701757017,3.6082365411755513,41.22518057742895,12,12,0,0,1.0,,,12,0,0.558646951168449
tfim_h0.5,"TFIM (J=1, h=0.5)",4,2,entanglement_only,Constrained entanglement only,188,3,mean,13.620587052048174,12.766499331234826,10.234706612385791,0.8706336151047963,35.474861865242744,12,12,0,0,1.0,,,12,0,0.47111587208621014
tfim_h0.5,"TFIM (J=1, h=0.5)",4,2,entanglement_only,Constrained entanglement only,189,3,mean,14.650687748516825,8.41907545031832,13.93987210790813,1.582938624344244,38.606609783009304,12,12,0,0,1.0,,,12,0,0.4216861292728817
tfim_h0.5,"TFIM (J=1, h=0.5)",4,2,entanglement_only,Constrained entanglement only,190,3,mean,19.12691979803847,15.184057557313063,16.70891805077399,1.6197475927947111,53.78617612009409,12,12,0,0,1.0,,,12,0,0.6800540706802946
tfim_h0.5,"TFIM (J=1, h=0.5)",4,2,entanglement_only,Constrained entanglement only,191,3,mean,7.853166530292082,7.72055536116585,4.000530433522962,2.8631332700857057,19.313431535634688,12,12,0,0,1.0,,,12,0,0.2584581157516
tfim_h0.5,"TFIM (J=1, h=0.5)",4,2,entanglement_only,Constrained entanglement only,192,3,mean,16.538850228958324,17.156982657799674,9.974492992349617,2.6882036159016867,30.698459137368335,12,12,0,0,1.0,,,12,0,0.5670078288176955
tfim_h0.5,"TFIM (J=1, h=0.5)",4,2,entanglement_only,Constrained entanglement only,193,3,mean,9.717768860866899,8.394489237150886,7.241978929465826,0.4727656663015912,27.63982982124778,12,12,0,0,1.0,,,12,0,0.4193480923833259
tfim_h0.5,"TFIM (J=1, h=0.5)",4,2,entanglement_only,Constrained entanglement only,194,3,mean,12.962551695955435,11.2239248989803,12.997729080286385,0.1963020443289416,50.794730528598855,12,12,0,0,1.0,,,12,0,0.5338151471222173
tfim_h0.5,"TFIM (J=1, h=0.5)",4,2,entanglement_only,Constrained entanglement only,195,3,mean,15.164073702594123,11.344869342561694,13.623057850871993,2.3978430830995725,42.39287321597502,12,12,0,0,1.0,,,12,0,0.6052082354600531
tfim_h0.5,"TFIM (J=1, h=0.5)",4,2,entanglement_only,Constrained entanglement only,196,3,mean,14.767422182157793,12.091190712037797,9.170271540693241,3.591344262056711,35.545563465007795,12,12,0,0,1.0,,,12,0,0.6331799145805895
tfim_h0.5,"TFIM (J=1, h=0.5)",4,2,entanglement_only,Constrained entanglement only,197,3,mean,12.758982826295906,10.3187249412622,10.99194292508824,2.106077206532347,36.146562995907615,12,12,0,0,1.0,,,12,0,0.5127013876283155
tfim_h0.5,"TFIM (J=1, h=0.5)",4,2,entanglement_only,Constrained entanglement only,198,3,mean,8.451089458930669,6.176813848038969,5.251828153356338,3.8332680853365595,20.621532020126757,12,12,0,0,1.0,,,12,0,0.33706569021282423
tfim_h0.5,"TFIM (J=1, h=0.5)",4,2,entanglement_only,Constrained entanglement only,199,3,mean,8.436239893554724,9.737814783476122,6.245808425267298,0.29036735521718854,17.28770017595091,12,12,0,0,1.0,,,12,0,0.3366229791146689
tfim_h0.5,"TFIM (J=1, h=0.5)",4,3,local_cost_only,Local cost function only,0,3,mean,6.764786120138105,4.076951095219552,7.335791457316315,1.2432220538980504e-15,23.919487465455987,12,12,0,0,1.0,,,12,0,0.1423496575419592
tfim_h0.5,"TFIM (J=1, h=0.5)",4,3,local_cost_only,Local cost function only,1,3,mean,9.846255666402788,1.7967960144415864,22.705592320202108,0.0,83.45941407294114,12,12,0,0,1.0,,,12,0,0.13316780468058473
tfim_h0.5,"TFIM (J=1, h=0.5)",4,3,local_cost_only,Local cost function only,2,3,mean,13.95097140533757,2.27002861868949,21.737049514597327,0.0,70.1423859560843,12,12,0,0,1.0,,,12,0,0.21329743882465446
tfim_h0.5,"TFIM (J=1, h=0.5)",4,3,local_cost_only,Local cost function only,3,3,mean,8.954200599331235,6.502880123369417,9.408027843825316,0.0,27.989314738761344,12,12,0,0,1.0,,,12,0,0.18073997217037274
tfim_h0.5,"TFIM (J=1, h=0.5)",4,3,local_cost_only,Local cost function only,4,3,mean,11.29432006621868,3.264298526211933,17.329440362867295,1.3413580751171663e-15,53.19155968099896,12,12,0,0,1.0,,,12,0,0.1871631741564003
tfim_h0.5,"TFIM (J=1, h=0.5)",4,3,local_cost_only,Local cost function only,5,3,mean,13.795030061066432,0.2538534206669463,29.96132186703485,0.0,107.02909212549758,12,12,0,0,1.0,,,12,0,0.1682876842251367
tfim_h0.5,"TFIM (J=1, h=0.5)",4,3,local_cost_only,Local cost function only,6,3,mean,11.876402351361326,6.018711894218259,14.738487346096985,0.0,44.194666181982555,12,12,0,0,1.0,,,12,0,0.21370720541130614
tfim_h0.5,"TFIM (J=1, h=0.5)",4,3,local_cost_only,Local cost function only,7,3,mean,7.974267053748221,2.2736345515745713,12.426455261010826,0.0,42.07171951269049,12,12,0,0,1.0,,,12,0,0.14564832465736624
tfim_h0.5,"TFIM (J=1, h=0.5)",4,3,local_cost_only,Local cost function only,8,3,mean,3.484531989618868,2.257682379958207,3.6016333596980625,0.0,10.5377863187892,12,12,0,0,1.0,,,12,0,0.06934910130145766
tfim_h0.5,"TFIM (J=1, h=0.5)",4,3,local_cost_only,Local cost function only,9,3,mean,12.88452062120046,6.24789790550081,20.426581244902717,1.2418718396996452e-15,76.43322850017184,12,12,0,0,1.0,,,12,0,0.20666336435972266
tfim_h0.5,"TFIM (J=1, h=0.5)",4,3,local_cost_only,Local cost function only,10,3,mean,5.8625729046598565,4.596101880342715,6.180751574581502,0.0,18.71353528884335,12,12,0,0,1.0,,,12,0,0.11957952579656476
tfim_h0.5,"TFIM (J=1, h=0.5)",4,3,local_cost_only,Local cost function only,11,3,mean,7.851335834156135,6.649192126789139,9.05200075434723,0.0,33.83266522061688,12,12,0,0,1.0,,,12,0,0.15561461006375935
tfim_h0.5,"TFIM (J=1, h=0.5)",4,3,local_cost_only,Local cost function only,12,3,mean,14.500511536172304,5.408114394499782,19.841890771396553,0.0,63.60189074831352,12,12,0,0,1.0,,,12,0,0.23560925802749177
tfim_h0.5,"TFIM (J=1, h=0.5)",4,3,local_cost_only,Local cost function only,13,3,mean,8.41100610574576,1.041755232821354,11.242010075633459,0.0,29.17426332102996,12,12,0,0,1.0,,,12,0,0.1602010611545219
tfim_h0.5,"TFIM (J=1, h=0.5)",4,3,local_cost_only,Local cost function only,14,3,mean,23.336179316287442,1.707424079134551,57.08405618072846,0.0,210.35923312072552,12,12,0,0,1.0,,,12,0,0.19778050153809237
tfim_h0.5,"TFIM (J=1, h=0.5)",4,3,local_cost_only,Local cost function only,15,3,mean,13.23780959596734,5.336744362388768,14.904081228732325,0.0,41.01430634289036,12,12,0,0,1.0,,,12,0,0.2410384957473983
tfim_h0.5,"TFIM (J=1, h=0.5)",4,3,local_cost_only,Local cost function only,16,3,mean,8.597371959367303,6.79979004977602,9.277831849150278,0.0,29.518449262243756,12,12,0,0,1.0,,,12,0,0.1741222147222913
tfim_h0.5,"TFIM (J=1, h=0.5)",4,3,local_cost_only,Local cost function only,17,3,mean,7.328012906936148,3.916084799467736,8.732542719008299,3.1205030058824703e-16,28.716900329844254,12,12,0,0,1.0,,,12,0,0.14996951466470862
tfim_h0.5,"TFIM (J=1, h=0.5)",4,3,local_cost_only,Local cost function only,18,3,mean,8.385032440537644,5.641240491780239,8.984664125588504,0.0,26.06946459142549,12,12,0,0,1.0,,,12,0,0.1666075078063319
tfim_h0.5,"TFIM (J=1, h=0.5)",4,3,local_cost_only,Local cost function only,19,3,mean,9.366734849696499,6.153822332828382,10.942277254858785,0.0,36.35661550223282,12,12,0,0,1.0,,,12,0,0.18048393918530145
tfim_h0.5,"TFIM (J=1, h=0.5)",4,3,local_cost_only,Local cost function only,20,3,mean,4.756312188449276,5.841433138337052,3.8803435859163606,0.0,11.770994704192848,12,12,0,0,1.0,,,12,0,0.08386368454124545
tfim_h0.5,"TFIM (J=1, h=0.5)",4,3,local_cost_only,Local cost function only,21,3,mean,9.713857207703835,4.022435755311914,12.831930066987933,3.103219029168533e-16,41.616347311410266,12,12,0,0,1.0,,,12,0,0.1821123910863627
tfim_h0.5,"TFIM (J=1, h=0.5)",4,3,local_cost_only,Local cost function only,22,3,mean,12.443449019158399,1.6730267202465843,28.125157789031746,6.256630226141769e-16,102.83645204611872,12,12,0,0,1.0,,,12,0,0.1552907613627982
tfim_h0.5,"TFIM (J=1, h=0.5)",4,3,local_cost_only,Local cost function only,23,3,mean,12.620965238155582,2.8623695901041755,15.38206226892094,0.0,48.22194302687412,12,12,0,0,1.0,,,12,0,0.22394902676201514
tfim_h0.5,"TFIM (J=1, h=0.5)",4,3,local_cost_only,Local cost function only,24,3,mean,8.631587950843915,2.2389427576217447,11.132500064020483,0.0,34.98840294860835,12,12,0,0,1.0,,,12,0,0.16201959847480693
tfim_h0.5,"TFIM (J=1, h=0.5)",4,3,local_cost_only,Local cost function only,25,3,mean,9.606402804512008,7.754123327342098,9.274579022550002,0.0,30.76905298537226,12,12,0,0,1.0,,,12,0,0.19603167425915935
tfim_h0.5,"TFIM (J=1, h=0.5)",4,3,local_cost_only,Local cost function only,26,3,mean,13.313509648391323,3.437733177259805,21.54678526853509,0.0,66.19388352961059,12,12,0,0,1.0,,,12,0,0.20287478498646005
tfim_h0.5,"TFIM (J=1, h=0.5)",4,3,local_cost_only,Local cost function only,27,3,mean,9.045854957169645,6.691964659744772,9.271861562752596,1.4066501725131665e-15,25.028493005989567,12,12,0,0,1.0,,,12,0,0.18167591926477136
tfim_h0.5,"TFIM (J=1, h=0.5)",4,3,local_cost_only,Local cost function only,28,3,mean,6.76754356333529,2.2686131630313913,9.833429091030268,6.296504447323989e-16,32.81012354788855,12,12,0,0,1.0,,,12,0,0.1348344757480927
tfim_h0.5,"TFIM (J=1, h=0.5)",4,3,local_cost_only,Local cost function only,29,3,mean,12.765076269398035,1.2906537371325242,20.115663283469342,3.1033141145213703e-16,54.72508482514332,12,12,0,0,1.0,,,12,0,0.2019523813469728
tfim_h0.5,"TFIM (J=1, h=0.5)",4,3,local_cost_only,Local cost function only,30,3,mean,10.314768916702944,2.9298213276569607,14.37858526490382,0.0,47.79611150097117,12,12,0,0,1.0,,,12,0,0.18509302291827665
tfim_h0.5,"TFIM (J=1, h=0.5)",4,3,local_cost_only,Local cost function only,31,3,mean,6.9602991693159595,3.2571617367191337,8.298474954415083,0.0,26.20044668154464,12,12,0,0,1.0,,,12,0,0.1437952150482266
tfim_h0.5,"TFIM (J=1, h=0.5)",4,3,local_cost_only,Local cost function only,32,3,mean,11.286113524077257,1.4787276976923822,16.772244465277254,0.0,55.70903619294517,12,12,0,0,1.0,,,12,0,0.19528884342936956
tfim_h0.5,"TFIM (J=1, h=0.5)",4,3,local_cost_only,Local cost function only,33,3,mean,10.7717798498352,2.094020129472219,14.880718536346976,0.0,44.35267858426304,12,12,0,0,1.0,,,12,0,0.19197736192210688
tfim_h0.5,"TFIM (J=1, h=0.5)",4,3,local_cost_only,Local cost function only,34,3,mean,12.024099756416,4.667677918996754,18.07603529097565,0.0,50.91799099897531,12,12,0,0,1.0,,,12,0,0.19861311279215854
tfim_h0.5,"TFIM (J=1, h=0.5)",4,3,local_cost_only,Local cost function only,35,3,mean,6.541417306672351,0.41985751604936095,9.49490545052073,0.0,26.99317739292345,12,12,0,0,1.0,,,12,0,0.12831667729451043
tfim_h0.5,"TFIM (J=1, h=0.5)",4,3,local_cost_only,Local cost function only,36,3,mean,6.630701911727692,1.0623101195707068,9.257275732399735,0.0,24.037980540279474,12,12,0,0,1.0,,,12,0,0.13227619836514146
tfim_h0.5,"TFIM (J=1, h=0.5)",4,3,local_cost_only,Local cost function only,37,3,mean,12.36206061594084,6.157591102144897,18.45851277282465,0.0,67.14939340454677,12,12,0,0,1.0,,,12,0,0.20264703284550958
tfim_h0.5,"TFIM (J=1, h=0.5)",4,3,local_cost_only,Local cost function only,38,3,mean,14.298667945696076,2.7693062702157856,25.39754133248368,6.39315502233247e-16,79.32370353411315,12,12,0,0,1.0,,,12,0,0.1976397328376844
tfim_h0.5,"TFIM (J=1, h=0.5)",4,3,local_cost_only,Local cost function only,39,3,mean,7.831822107115893,7.717398581607103,7.265638532557708,0.0,20.7226937328522,12,12,0,0,1.0,,,12,0,0.15648831058456972
tfim_h0.5,"TFIM (J=1, h=0.5)",4,3,local_cost_only,Local cost function only,40,3,mean,9.616913851835813,1.4512243577695203,14.63418795620336,0.0,51.198195297033344,12,12,0,0,1.0,,,12,0,0.17358136013848355
tfim_h0.5,"TFIM (J=1, h=0.5)",4,3,local_cost_only,Local cost function only,41,3,mean,16.044234702503406,11.757318836796887,16.519267676874875,9.330727887289286e-16,52.31630310165468,12,12,0,0,1.0,,,12,0,0.2801180855181561
tfim_h0.5,"TFIM (J=1, h=0.5)",4,3,local_cost_only,Local cost function only,42,3,mean,5.672042857874021,3.6756359972094974,6.477206461143966,0.0,19.38047639398423,12,12,0,0,1.0,,,12,0,0.11116159590365426
tfim_h0.5,"TFIM (J=1, h=0.5)",4,3,local_cost_only,Local cost function only,43,3,mean,14.18034075730115,0.7176619844402068,27.725697586345163,0.0,95.06050527988927,12,12,0,0,1.0,,,12,0,0.18376236634410045
tfim_h0.5,"TFIM (J=1, h=0.5)",4,3,local_cost_only,Local cost function only,44,3,mean,8.989455052086823,12.119395071471173,6.919608944343967,0.0,18.83368887131252,12,12,0,0,1.0,,,12,0,0.1816994938830946
tfim_h0.5,"TFIM (J=1, h=0.5)",4,3,local_cost_only,Local cost function only,45,3,mean,14.757981606356816,6.9537268969364865,20.987052933318537,1.2991700987800112e-15,73.25031983906965,12,12,0,0,1.0,,,12,0,0.2376347137174404
tfim_h0.5,"TFIM (J=1, h=0.5)",4,3,local_cost_only,Local cost function only,46,3,mean,9.95557092203092,9.26827240618006,10.83733017017894,0.0,36.86128442009952,12,12,0,0,1.0,,,12,0,0.19779413805835966
tfim_h0.5,"TFIM (J=1, h=0.5)",4,3,local_cost_only,Local cost function only,47,3,mean,8.402572708331496,5.13227585124258,9.065679814394969,0.0,27.765572825283975,12,12,0,0,1.0,,,12,0,0.15423701571982296
tfim_h0.5,"TFIM (J=1, h=0.5)",4,3,local_cost_only,Local cost function only,48,3,mean,7.6430532293813584,4.861430246784252,9.148376380912394,0.0,24.706237835005215,12,12,0,0,1.0,,,12,0,0.14627604757563226
tfim_h0.5,"TFIM (J=1, h=0.5)",4,3,local_cost_only,Local cost function only,49,3,mean,10.070440354172241,1.7205084967224988,13.706025450875044,1.283734321624862e-15,43.856360770819386,12,12,0,0,1.0,,,12,0,0.18637100478059695
tfim_h0.5,"TFIM (J=1, h=0.5)",4,3,local_cost_only,Local cost function only,50,3,mean,9.471078996661584,1.3349872189189287,14.142806004921818,0.0,48.012720106472095,12,12,0,0,1.0,,,12,0,0.1716879018914457
tfim_h0.5,"TFIM (J=1, h=0.5)",4,3,local_cost_only,Local cost function only,51,3,mean,33.68273540019086,0.44409898925625646,74.8589129000599,0.0,232.072456621048,12,12,0,0,1.0,,,12,0,0.17677102608066772
tfim_h0.5,"TFIM (J=1, h=0.5)",4,3,local_cost_only,Local cost function only,52,3,mean,5.0121486135117275,3.8578684251440647,5.474747535426854,0.0,17.919323061091163,12,12,0,0,1.0,,,12,0,0.09302408513312914
tfim_h0.5,"TFIM (J=1, h=0.5)",4,3,local_cost_only,Local cost function only,53,3,mean,7.435841961733035,2.4189586835046555,11.00799218748271,0.0,36.025278563823456,12,12,0,0,1.0,,,12,0,0.1409946325999375
tfim_h0.5,"TFIM (J=1, h=0.5)",4,3,local_cost_only,Local cost function only,54,3,mean,6.589385580552819,1.0304659451205,8.935312908793287,0.0,28.942748193758217,12,12,0,0,1.0,,,12,0,0.1229717760565081
tfim_h0.5,"TFIM (J=1, h=0.5)",4,3,local_cost_only,Local cost function only,55,3,mean,14.500420965579009,0.9741055584032727,21.17527633956751,0.0,67.76375838219246,12,12,0,0,1.0,,,12,0,0.23094539220824561
tfim_h0.5,"TFIM (J=1, h=0.5)",4,3,local_cost_only,Local cost function only,56,3,mean,6.7996853207932055,1.7419727277320363,15.51124464284526,0.0,57.59935874737891,12,12,0,0,1.0,,,12,0,0.1064202382867026
tfim_h0.5,"TFIM (J=1, h=0.5)",4,3,local_cost_only,Local cost function only,57,3,mean,8.081174050591107,3.5614304961805026,9.79494846088864,0.0,31.317971610554522,12,12,0,0,1.0,,,12,0,0.1550868844131694
tfim_h0.5,"TFIM (J=1, h=0.5)",4,3,local_cost_only,Local cost function only,58,3,mean,14.13925286956138,7.358209098560854,19.32452677800114,1.293888227621051e-15,69.18352116276053,12,12,0,0,1.0,,,12,0,0.2310288028649784
tfim_h0.5,"TFIM (J=1, h=0.5)",4,3,local_cost_only,Local cost function only,59,3,mean,8.116386856337723,9.461042521700177,7.912588949285706,0.0,27.511393444365858,12,12,0,0,1.0,,,12,0,0.16719620475659605
tfim_h0.5,"TFIM (J=1, h=0.5)",4,3,local_cost_only,Local cost function only,60,3,mean,6.860802844650318,3.045512373537467,8.424567517859039,0.0,27.361090623083488,12,12,0,0,1.0,,,12,0,0.1409005607288609
tfim_h0.5,"TFIM (J=1, h=0.5)",4,3,local_cost_only,Local cost function only,61,3,mean,4.217164516855391,0.5324263799231902,5.411670720591901,0.0,12.83258348391685,12,12,0,0,1.0,,,12,0,0.08866625179496208
tfim_h0.5,"TFIM (J=1, h=0.5)",4,3,local_cost_only,Local cost function only,62,3,mean,6.9679520632904755,1.6534156956270172,9.248459880280915,0.0,25.419881286200887,12,12,0,0,1.0,,,12,0,0.13529812325729337
tfim_h0.5,"TFIM (J=1, h=0.5)",4,3,local_cost_only,Local cost function only,63,3,mean,10.539505120401218,4.1542372904300935,14.405672944825858,6.274693358212527e-16,49.29874017833957,12,12,0,0,1.0,,,12,0,0.19222522768973874
tfim_h0.5,"TFIM (J=1, h=0.5)",4,3,local_cost_only,Local cost function only,64,3,mean,10.712252592932762,5.5645550241341875,12.383662617095528,1.3450706392212263e-15,40.53740160148553,12,12,0,0,1.0,,,12,0,0.20122001339387122
tfim_h0.5,"TFIM (J=1, h=0.5)",4,3,local_cost_only,Local cost function only,65,3,mean,7.508615947124103,2.3506926266243955,9.560634421493726,0.0,29.34779122213179,12,12,0,0,1.0,,,12,0,0.14316954394264664
tfim_h0.5,"TFIM (J=1, h=0.5)",4,3,local_cost_only,Local cost function only,66,3,mean,10.650523603978042,4.527818933773961,12.060969860902459,0.0,36.71769181438104,12,12,0,0,1.0,,,12,0,0.19983438900102615
tfim_h0.5,"TFIM (J=1, h=0.5)",4,3,local_cost_only,Local cost function only,67,3,mean,10.628058205019267,8.06049235172543,11.901831077197404,0.0,38.65986368983357,12,12,0,0,1.0,,,12,0,0.19909870068299831
tfim_h0.5,"TFIM (J=1, h=0.5)",4,3,local_cost_only,Local cost function only,68,3,mean,8.058503233198389,3.054960795821369,10.303691257420239,0.0,34.48949496129912,12,12,0,0,1.0,,,12,0,0.15623901132130125
tfim_h0.5,"TFIM (J=1, h=0.5)",4,3,local_cost_only,Local cost function only,69,3,mean,16.44030680077312,10.04961461770877,19.552405983671203,1.3586225487800135e-15,60.30869804712205,12,12,0,0,1.0,,,12,0,0.2701901836592263
tfim_h0.5,"TFIM (J=1, h=0.5)",4,3,local_cost_only,Local cost function only,70,3,mean,4.626298362321505,0.592077838010836,5.613407640629049,0.0,16.128808483495636,12,12,0,0,1.0,,,12,0,0.09982969163100226
tfim_h0.5,"TFIM (J=1, h=0.5)",4,3,local_cost_only,Local cost function only,71,3,mean,12.546792408413054,1.3548145607777125,22.143661716502386,1.4256947486268275e-15,62.83964863571527,12,12,0,0,1.0,,,12,0,0.1842563183873802
tfim_h0.5,"TFIM (J=1, h=0.5)",4,3,local_cost_only,Local cost function only,72,3,mean,8.424302904942099,4.764188432069054,10.752653816252453,0.0,31.82453357923876,12,12,0,0,1.0,,,12,0,0.15467167774278565
tfim_h0.5,"TFIM (J=1, h=0.5)",4,3,local_cost_only,Local cost function only,73,3,mean,4.260905668238572,1.2235978392417612,8.905250855548136,0.0,33.071413710048,12,12,0,0,1.0,,,12,0,0.08297905171049959
tfim_h0.5,"TFIM (J=1, h=0.5)",4,3,local_cost_only,Local cost function only,74,3,mean,16.780795038442164,2.494871740363658,27.928977079513285,0.0,76.19332580462314,12,12,0,0,1.0,,,12,0,0.2209674058971404
tfim_h0.5,"TFIM (J=1, h=0.5)",4,3,local_cost_only,Local cost function only,75,3,mean,11.818327244545676,3.6680341145857653,14.433380888837156,0.0,43.53772926609372,12,12,0,0,1.0,,,12,0,0.21860057531834756
tfim_h0.5,"TFIM (J=1, h=0.5)",4,3,local_cost_only,Local cost function only,76,3,mean,11.450490389726236,5.452433538201716,13.57625286875163,0.0,44.39349175877466,12,12,0,0,1.0,,,12,0,0.21513073586171272
tfim_h0.5,"TFIM (J=1, h=0.5)",4,3,local_cost_only,Local cost function only,77,3,mean,12.059317347938979,4.730538486072117,20.894423916649007,0.0,75.36053504420737,12,12,0,0,1.0,,,12,0,0.18835257835334393
tfim_h0.5,"TFIM (J=1, h=0.5)",4,3,local_cost_only,Local cost function only,78,3,mean,12.401458937622335,4.4055672190625135,16.176228821034947,0.0,53.07956350978832,12,12,0,0,1.0,,,12,0,0.2167511450399784
tfim_h0.5,"TFIM (J=1, h=0.5)",4,3,local_cost_only,Local cost function only,79,3,mean,8.833993403006877,4.0955331358874965,10.423214660620511,0.0,30.308376124882916,12,12,0,0,1.0,,,12,0,0.1674851077723588
tfim_h0.5,"TFIM (J=1, h=0.5)",4,3,local_cost_only,Local cost function only,80,3,mean,8.75797872390141,2.7600246418945966,11.729264037387614,0.0,35.32106085658054,12,12,0,0,1.0,,,12,0,0.16462440748423335
tfim_h0.5,"TFIM (J=1, h=0.5)",4,3,local_cost_only,Local cost function only,81,3,mean,10.417459848946772,1.0226292268610149,19.30365055749709,0.0,68.71967525447329,12,12,0,0,1.0,,,12,0,0.1648836522725925
tfim_h0.5,"TFIM (J=1, h=0.5)",4,3,local_cost_only,Local cost function only,82,3,mean,8.678771081382768,5.088425583038209,10.902182791423675,0.0,36.676796512620975,12,12,0,0,1.0,,,12,0,0.1694670888067409
tfim_h0.5,"TFIM (J=1, h=0.5)",4,3,local_cost_only,Local cost function only,83,3,mean,7.73750824515239,6.376040613132538,8.517692726994008,0.0,28.34944569251261,12,12,0,0,1.0,,,12,0,0.14944478295655786
tfim_h0.5,"TFIM (J=1, h=0.5)",4,3,local_cost_only,Local cost function only,84,3,mean,11.06299272658947,0.7193155868323127,20.466002300893052,0.0,67.89797279790095,12,12,0,0,1.0,,,12,0,0.1684540576025694
tfim_h0.5,"TFIM (J=1, h=0.5)",4,3,local_cost_only,Local cost function only,85,3,mean,14.524300416030167,3.551098989209777,26.436166696309023,2.5781776773210604e-15,94.45185513736834,12,12,0,0,1.0,,,12,0,0.201829257476584
tfim_h0.5,"TFIM (J=1, h=0.5)",4,3,local_cost_only,Local cost function only,86,3,mean,10.729791487543784,2.7713273119319872,12.529233804850755,0.0,36.53803732482381,12,12,0,0,1.0,,,12,0,0.20174647588771255
tfim_h0.5,"TFIM (J=1, h=0.5)",4,3,local_cost_only,Local cost function only,87,3,mean,8.408740036722113,6.073186327826009,8.842823801325167,0.0,24.320481810991897,12,12,0,0,1.0,,,12,0,0.1733389355286019
tfim_h0.5,"TFIM (J=1, h=0.5)",4,3,local_cost_only,Local cost function only,88,3,mean,9.03106476348969,1.9641876207832638,12.773922530259727,3.2902479136058254e-15,43.58218952778004,12,12,0,0,1.0,,,12,0,0.15538308229916462
tfim_h0.5,"TFIM (J=1, h=0.5)",4,3,local_cost_only,Local cost function only,89,3,mean,8.22622489653174,3.458871219760728,9.178045189148609,0.0,24.545858463222434,12,12,0,0,1.0,,,12,0,0.16812950421479642
tfim_h0.5,"TFIM (J=1, h=0.5)",4,3,local_cost_only,Local cost function only,90,3,mean,7.952753857781292,1.3597942456656582,14.801064036113365,0.0,54.13096171746924,12,12,0,0,1.0,,,12,0,0.13848592689899306
tfim_h0.5,"TFIM (J=1, h=0.5)",4,3,local_cost_only,Local cost function only,91,3,mean,12.035070771389108,5.481804877698285,15.267932990223759,6.210995384571191e-16,46.758890559869535,12,12,0,0,1.0,,,12,0,0.21558774194844765
tfim_h0.5,"TFIM (J=1, h=0.5)",4,3,local_cost_only,Local cost function only,92,3,mean,18.029069049697245,5.695783685002571,22.845854684987476,1.2662700581813253e-15,60.38461390418421,12,12,0,0,1.0,,,12,0,0.27356806874145245
tfim_h0.5,"TFIM (J=1, h=0.5)",4,3,local_cost_only,Local cost function only,93,3,mean,6.165136094075737,2.075090799710753,12.900223172109364,0.0,48.01337358648764,12,12,0,0,1.0,,,12,0,0.10663744102331564
tfim_h0.5,"TFIM (J=1, h=0.5)",4,3,local_cost_only,Local cost function only,94,3,mean,7.065642980081669,2.3779084085968467,9.686166400227687,4.1367329915992766e-15,28.03393100033209,12,12,0,0,1.0,,,12,0,0.13774105059499267
tfim_h0.5,"TFIM (J=1, h=0.5)",4,3,local_cost_only,Local cost function only,95,3,mean,5.1132588685489955,4.16062763233463,6.203986930121161,0.0,22.750554727609174,12,12,0,0,1.0,,,12,0,0.09885698064640051
tfim_h0.5,"TFIM (J=1, h=0.5)",4,3,local_cost_only,Local cost function only,96,3,mean,7.339507021873215,1.8344300579986654,12.549064052949237,0.0,45.463123848543574,12,12,0,0,1.0,,,12,0,0.13096578530976674
tfim_h0.5,"TFIM (J=1, h=0.5)",4,3,local_cost_only,Local cost function only,97,3,mean,9.167338272246209,0.8222783866698791,24.766607832833213,0.0,90.84624205536416,12,12,0,0,1.0,,,12,0,0.10983252393638625
tfim_h0.5,"TFIM (J=1, h=0.5)",4,3,local_cost_only,Local cost function only,98,3,mean,12.446961402402513,1.6549046958122415,17.57681595163164,0.0,58.45165371019914,12,12,0,0,1.0,,,12,0,0.21100698833650777
tfim_h0.5,"TFIM (J=1, h=0.5)",4,3,local_cost_only,Local cost function only,99,3,mean,5.101182125227218,2.093194357568197,6.711252829702023,0.0,21.60236254461548,12,12,0,0,1.0,,,12,0,0.10162969882410315
tfim_h0.5,"TFIM (J=1, h=0.5)",4,3,local_cost_only,Local cost function only,100,3,mean,7.98284091610293,6.3492024243795395,8.230739039367158,0.0,28.360645110431953,12,12,0,0,1.0,,,12,0,0.1633475080956622
tfim_h0.5,"TFIM (J=1, h=0.5)",4,3,local_cost_only,Local cost function only,101,3,mean,7.290518937063335,5.03056027178711,7.694904770481944,6.2328884550658e-16,25.094495566027895,12,12,0,0,1.0,,,12,0,0.1517858325282151
tfim_h0.5,"TFIM (J=1, h=0.5)",4,3,local_cost_only,Local cost function only,102,3,mean,7.020127987412195,4.966465336894979,9.220202051483188,0.0,30.91549654704796,12,12,0,0,1.0,,,12,0,0.14017822757509724
tfim_h0.5,"TFIM (J=1, h=0.5)",4,3,local_cost_only,Local cost function only,103,3,mean,11.148250707657096,11.532460523964028,10.24648107468269,0.0,29.00837895616312,12,12,0,0,1.0,,,12,0,0.22225551880059438
tfim_h0.5,"TFIM (J=1, h=0.5)",4,3,local_cost_only,Local cost function only,104,3,mean,10.925679107996112,3.503215526649809,18.96185880947292,0.0,55.95244815695958,12,12,0,0,1.0,,,12,0,0.17168576128894497
tfim_h0.5,"TFIM (J=1, h=0.5)",4,3,local_cost_only,Local cost function only,105,3,mean,7.333610090271715,2.76791718878716,9.71542318929235,0.0,32.31685866572981,12,12,0,0,1.0,,,12,0,0.1386760042343619
tfim_h0.5,"TFIM (J=1, h=0.5)",4,3,local_cost_only,Local cost function only,106,3,mean,15.178646886888282,4.244280522984376,26.315739188853087,0.0,94.08550795840827,12,12,0,0,1.0,,,12,0,0.21138128479677143
tfim_h0.5,"TFIM (J=1, h=0.5)",4,3,local_cost_only,Local cost function only,107,3,mean,15.386727556051595,0.5898923397526548,22.733724505656948,6.387179235148594e-16,73.8335168875229,12,12,0,0,1.0,,,12,0,0.23210980981467433
tfim_h0.5,"TFIM (J=1, h=0.5)",4,3,local_cost_only,Local cost function only,108,3,mean,7.967879447511969,8.72770344268448,6.778755359288191,0.0,17.581029293263324,12,12,0,0,1.0,,,12,0,0.16301897397514298
tfim_h0.5,"TFIM (J=1, h=0.5)",4,3,local_cost_only,Local cost function only,109,3,mean,4.383718579526473,0.10249256673202266,6.166128456124815,0.0,17.190238323650885,12,12,0,0,1.0,,,12,0,0.09304266769165388
tfim_h0.5,"TFIM (J=1, h=0.5)",4,3,local_cost_only,Local cost function only,110,3,mean,8.76427229455216,4.75232965852646,11.497254837843892,0.0,34.07731085958418,12,12,0,0,1.0,,,12,0,0.16937634291494985
tfim_h0.5,"TFIM (J=1, h=0.5)",4,3,local_cost_only,Local cost function only,111,3,mean,11.780270018825489,4.566072038913863,20.09582835538054,0.0,67.32931494709828,12,12,0,0,1.0,,,12,0,0.18132828712316498
tfim_h0.5,"TFIM (J=1, h=0.5)",4,3,local_cost_only,Local cost function only,112,3,mean,5.096302025251887,1.4127929384448528,7.935851733134569,6.254244320468267e-16,25.682106458891052,12,12,0,0,1.0,,,12,0,0.10478699548331015
tfim_h0.5,"TFIM (J=1, h=0.5)",4,3,local_cost_only,Local cost function only,113,3,mean,5.837981729870812,0.3502141694399231,10.314435514238179,0.0,34.237591580850065,12,12,0,0,1.0,,,12,0,0.11253900237485831
tfim_h0.5,"TFIM (J=1, h=0.5)",4,3,local_cost_only,Local cost function only,114,3,mean,13.388547025135656,2.2711298352257567,25.15638090733932,0.0,91.51629660267066,12,12,0,0,1.0,,,12,0,0.18764347527204214
tfim_h0.5,"TFIM (J=1, h=0.5)",4,3,local_cost_only,Local cost function only,115,3,mean,10.754415081567268,2.9859284230873095,17.705354946801275,0.0,65.18838726761972,12,12,0,0,1.0,,,12,0,0.17568699696559312
tfim_h0.5,"TFIM (J=1, h=0.5)",4,3,local_cost_only,Local cost function only,116,3,mean,9.03302247039168,2.652450211785478,11.786000222183173,0.0,35.416962856863705,12,12,0,0,1.0,,,12,0,0.16999087978122632
tfim_h0.5,"TFIM (J=1, h=0.5)",4,3,local_cost_only,Local cost function only,117,3,mean,12.885016381314307,7.760305977366488,14.760447504736677,0.0,45.01985829913834,12,12,0,0,1.0,,,12,0,0.23482485313792859
tfim_h0.5,"TFIM (J=1, h=0.5)",4,3,local_cost_only,Local cost function only,118,3,mean,9.146066350174488,5.079295879757834,13.70910831682457,0.0,49.763300595512476,12,12,0,0,1.0,,,12,0,0.1619903653159008
tfim_h0.5,"TFIM (J=1, h=0.5)",4,3,local_cost_only,Local cost function only,119,3,mean,6.849283782303871,2.5728996176902696,11.281854938870486,0.0,40.95293182234241,12,12,0,0,1.0,,,12,0,0.13071930631202008
tfim_h0.5,"TFIM (J=1, h=0.5)",4,3,local_cost_only,Local cost function only,120,3,mean,6.835240290593329,6.283835923308789,6.214824371581324,0.0,20.45239418197257,12,12,0,0,1.0,,,12,0,0.13484911107496322
tfim_h0.5,"TFIM (J=1, h=0.5)",4,3,local_cost_only,Local cost function only,121,3,mean,13.342686308978074,3.484145726938933,21.940002786986316,0.0,66.78096875557198,12,12,0,0,1.0,,,12,0,0.20034803846981278
tfim_h0.5,"TFIM (J=1, h=0.5)",4,3,local_cost_only,Local cost function only,122,3,mean,8.250262446037754,0.6895019623726554,13.163759175048673,0.0,44.87951339737771,12,12,0,0,1.0,,,12,0,0.15275370032291324
tfim_h0.5,"TFIM (J=1, h=0.5)",4,3,local_cost_only,Local cost function only,123,3,mean,3.387801994934316,2.4612514218906343,3.0178595602287834,0.0,8.093740790725269,12,12,0,0,1.0,,,12,0,0.06862568534386256
tfim_h0.5,"TFIM (J=1, h=0.5)",4,3,local_cost_only,Local cost function only,124,3,mean,11.720693119655222,2.773715223573246,18.406420272104718,1.5516552081153988e-16,57.59522491044893,12,12,0,0,1.0,,,12,0,0.192681017038715
tfim_h0.5,"TFIM (J=1, h=0.5)",4,3,local_cost_only,Local cost function only,125,3,mean,11.357553586096431,10.130463659747114,12.820602155912551,0.0,45.87328796509661,12,12,0,0,1.0,,,12,0,0.20479642457184735
tfim_h0.5,"TFIM (J=1, h=0.5)",4,3,local_cost_only,Local cost function only,126,3,mean,4.924387197424185,2.1473193270722417,6.35340316301041,0.0,21.507030293115655,12,12,0,0,1.0,,,12,0,0.09523229870407084
tfim_h0.5,"TFIM (J=1, h=0.5)",4,3,local_cost_only,Local cost function only,127,3,mean,8.610775776075291,6.075028632525495,8.699383199098941,0.0,28.77168114546017,12,12,0,0,1.0,,,12,0,0.17679464672519982
tfim_h0.5,"TFIM (J=1, h=0.5)",4,3,local_cost_only,Local cost function only,128,3,mean,11.002784792550026,6.206473582950888,13.455742209568323,0.0,46.987154326871746,12,12,0,0,1.0,,,12,0,0.19608282500455143
tfim_h0.5,"TFIM (J=1, h=0.5)",4,3,local_cost_only,Local cost function only,129,3,mean,11.895614954989076,6.463457826452052,13.661949725687592,6.365067555478923e-16,44.90586137725473,12,12,0,0,1.0,,,12,0,0.22118725525500083
tfim_h0.5,"TFIM (J=1, h=0.5)",4,3,local_cost_only,Local cost function only,130,3,mean,7.564227550641373,0.37392148645414364,13.60136018651095,0.0,48.21382554964291,12,12,0,0,1.0,,,12,0,0.13667428012978128
tfim_h0.5,"TFIM (J=1, h=0.5)",4,3,local_cost_only,Local cost function only,131,3,mean,5.219483830662331,1.2794240753920143,6.411798582345146,0.0,19.914971193055994,12,12,0,0,1.0,,,12,0,0.10397823347253676
tfim_h0.5,"TFIM (J=1, h=0.5)",4,3,local_cost_only,Local cost function only,132,3,mean,9.034291983328414,5.8386032218755535,10.550779377802966,0.0,33.53690065768309,12,12,0,0,1.0,,,12,0,0.17511455336373905
tfim_h0.5,"TFIM (J=1, h=0.5)",4,3,local_cost_only,Local cost function only,133,3,mean,12.50929418400593,6.126768184486353,13.989274928274062,0.0,39.078771326485324,12,12,0,0,1.0,,,12,0,0.23030613966089708
tfim_h0.5,"TFIM (J=1, h=0.5)",4,3,local_cost_only,Local cost function only,134,3,mean,7.395645891089708,4.451440353675328,8.969674445814496,0.0,29.34681542920976,12,12,0,0,1.0,,,12,0,0.13701571449199115
tfim_h0.5,"TFIM (J=1, h=0.5)",4,3,local_cost_only,Local cost function only,135,3,mean,8.212671268094052,4.094152302398959,9.25737522899688,0.0,27.2154724865206,12,12,0,0,1.0,,,12,0,0.16524892311104558
tfim_h0.5,"TFIM (J=1, h=0.5)",4,3,local_cost_only,Local cost function only,136,3,mean,6.699892553685515,3.224969220550012,7.784793075428122,0.0,24.770961714612604,12,12,0,0,1.0,,,12,0,0.13882728248193674
tfim_h0.5,"TFIM (J=1, h=0.5)",4,3,local_cost_only,Local cost function only,137,3,mean,16.548655800673192,1.408289785381625,40.30288866121352,0.0,147.24178414541558,12,12,0,0,1.0,,,12,0,0.16437467130271619
tfim_h0.5,"TFIM (J=1, h=0.5)",4,3,local_cost_only,Local cost function only,138,3,mean,10.15805671238992,8.636857001669304,10.624161539309583,0.0,36.62439175942124,12,12,0,0,1.0,,,12,0,0.1996916928049797
tfim_h0.5,"TFIM (J=1, h=0.5)",4,3,local_cost_only,Local cost function only,139,3,mean,12.522997882545306,0.37427971197537546,28.21258148970471,0.0,102.07478990161931,12,12,0,0,1.0,,,12,0,0.15670261752042877
tfim_h0.5,"TFIM (J=1, h=0.5)",4,3,local_cost_only,Local cost function only,140,3,mean,17.83251276524314,1.597695907077172,29.671142137624624,0.0,103.62422017761602,12,12,0,0,1.0,,,12,0,0.23799161682609285
tfim_h0.5,"TFIM (J=1, h=0.5)",4,3,local_cost_only,Local cost function only,141,3,mean,13.524861418907586,0.9555916574315656,20.9782712418238,0.0,68.60879666066525,12,12,0,0,1.0,,,12,0,0.21030621217338816
tfim_h0.5,"TFIM (J=1, h=0.5)",4,3,local_cost_only,Local cost function only,142,3,mean,6.033204128869392,2.892758767119888,7.061285019592888,0.0,20.309173479185095,12,12,0,0,1.0,,,12,0,0.12703496511040405
tfim_h0.5,"TFIM (J=1, h=0.5)",4,3,local_cost_only,Local cost function only,143,3,mean,7.1843671713252055,1.9109909853498834,9.050971134011373,0.0,26.46105022651673,12,12,0,0,1.0,,,12,0,0.1433181542701414
tfim_h0.5,"TFIM (J=1, h=0.5)",4,3,local_cost_only,Local cost function only,144,3,mean,7.740039836294024,2.7117051945946957,8.408909818617312,0.0,23.908789930515255,12,12,0,0,1.0,,,12,0,0.15698688416109907
tfim_h0.5,"TFIM (J=1, h=0.5)",4,3,local_cost_only,Local cost function only,145,3,mean,15.069892000688219,2.2490596382266306,27.243423634972302,0.0,78.21106429064176,12,12,0,0,1.0,,,12,0,0.1930555578124089
tfim_h0.5,"TFIM (J=1, h=0.5)",4,3,local_cost_only,Local cost function only,146,3,mean,12.851109961059327,5.777626515838231,19.68074936519358,0.0,72.32210203998358,12,12,0,0,1.0,,,12,0,0.20930401654597072
tfim_h0.5,"TFIM (J=1, h=0.5)",4,3,local_cost_only,Local cost function only,147,3,mean,11.15932022219745,4.221126543249891,13.477754070315665,3.107871766780849e-16,38.14981786400395,12,12,0,0,1.0,,,12,0,0.2083604527210272
tfim_h0.5,"TFIM (J=1, h=0.5)",4,3,local_cost_only,Local cost function only,148,3,mean,8.142618023727936,1.7378706866046898,10.00520857727567,0.0,26.406193182188595,12,12,0,0,1.0,,,12,0,0.1622933833206616
tfim_h0.5,"TFIM (J=1, h=0.5)",4,3,local_cost_only,Local cost function only,149,3,mean,2.8014842582987076,0.8627158689400904,3.646387997194265,0.0,9.941215009522322,12,12,0,0,1.0,,,12,0,0.05698803761402845
tfim_h0.5,"TFIM (J=1, h=0.5)",4,3,local_cost_only,Local cost function only,150,3,mean,12.66861523455848,9.988672035296158,14.360602557529527,1.3924776107206666e-15,49.96798198307388,12,12,0,0,1.0,,,12,0,0.23357544868752825
tfim_h0.5,"TFIM (J=1, h=0.5)",4,3,local_cost_only,Local cost function only,151,3,mean,21.30630332771491,1.4372416208865997,35.24025226896866,0.0,93.47291246126218,12,12,0,0,1.0,,,12,0,0.23578168199734592
tfim_h0.5,"TFIM (J=1, h=0.5)",4,3,local_cost_only,Local cost function only,152,3,mean,8.847530909750093,7.673996458735389,10.85790927516275,0.0,41.311537059337795,12,12,0,0,1.0,,,12,0,0.1704215921088328
tfim_h0.5,"TFIM (J=1, h=0.5)",4,3,local_cost_only,Local cost function only,153,3,mean,4.825092577394849,0.9759265498059682,8.879974592176023,0.0,32.83395841479328,12,12,0,0,1.0,,,12,0,0.08879263652442798
tfim_h0.5,"TFIM (J=1, h=0.5)",4,3,local_cost_only,Local cost function only,154,3,mean,11.822606470521533,4.432448934200465,16.638066372897942,0.0,52.18494964017591,12,12,0,0,1.0,,,12,0,0.2023717394010026
tfim_h0.5,"TFIM (J=1, h=0.5)",4,3,local_cost_only,Local cost function only,155,3,mean,19.70857021445586,2.8284731052612853,37.11266704946803,6.327782971956953e-16,119.5342064617496,12,12,0,0,1.0,,,12,0,0.21239620189001607
tfim_h0.5,"TFIM (J=1, h=0.5)",4,3,local_cost_only,Local cost function only,156,3,mean,5.9772440988115685,1.12847728095677,8.077392154391545,0.0,22.513218404103277,12,12,0,0,1.0,,,12,0,0.1179857743574257
tfim_h0.5,"TFIM (J=1, h=0.5)",4,3,local_cost_only,Local cost function only,157,3,mean,14.983132851974418,8.505463062903747,16.054624740043618,0.0,49.699689423529904,12,12,0,0,1.0,,,12,0,0.2629943073265922
tfim_h0.5,"TFIM (J=1, h=0.5)",4,3,local_cost_only,Local cost function only,158,3,mean,7.402132481160048,1.424812387273128,10.600410563586024,1.265121503143125e-15,35.755368411749416,12,12,0,0,1.0,,,12,0,0.14560512421213992
tfim_h0.5,"TFIM (J=1, h=0.5)",4,3,local_cost_only,Local cost function only,159,3,mean,12.258004675595473,7.119236231616208,13.269577375164419,0.0,38.401112815047256,12,12,0,0,1.0,,,12,0,0.22338783102870408
tfim_h0.5,"TFIM (J=1, h=0.5)",4,3,local_cost_only,Local cost function only,160,3,mean,11.08425676893104,5.900886123597722,12.454967361608286,0.0,36.60023941512633,12,12,0,0,1.0,,,12,0,0.21008089240274877
tfim_h0.5,"TFIM (J=1, h=0.5)",4,3,local_cost_only,Local cost function only,161,3,mean,7.971231882812614,2.677152545149656,11.862580307659945,0.0,34.985564011522094,12,12,0,0,1.0,,,12,0,0.14998054345055115
tfim_h0.5,"TFIM (J=1, h=0.5)",4,3,local_cost_only,Local cost function only,162,3,mean,10.237136257889585,1.9876860818625135,14.919572000999702,0.0,43.031007994884085,12,12,0,0,1.0,,,12,0,0.17980084866156953
tfim_h0.5,"TFIM (J=1, h=0.5)",4,3,local_cost_only,Local cost function only,163,3,mean,7.392044828024969,0.8033211741098956,14.275082242163537,0.0,50.795715876402845,12,12,0,0,1.0,,,12,0,0.1292775397465332
tfim_h0.5,"TFIM (J=1, h=0.5)",4,3,local_cost_only,Local cost function only,164,3,mean,10.64901722589107,3.5284426340401014,16.661237128215074,4.662448980725862e-16,58.35858814004691,12,12,0,0,1.0,,,12,0,0.18231945065301425
tfim_h0.5,"TFIM (J=1, h=0.5)",4,3,local_cost_only,Local cost function only,165,3,mean,12.425420089355349,5.59854420021364,14.890192387017942,0.0,47.98061464102228,12,12,0,0,1.0,,,12,0,0.2252869287643748
tfim_h0.5,"TFIM (J=1, h=0.5)",4,3,local_cost_only,Local cost function only,166,3,mean,13.314541349327397,0.7442750949497429,17.95140458077823,0.0,51.77026764534371,12,12,0,0,1.0,,,12,0,0.22519000785373322
tfim_h0.5,"TFIM (J=1, h=0.5)",4,3,local_cost_only,Local cost function only,167,3,mean,6.916728086119869,5.9950415010996405,8.164124955664086,0.0,29.244707478135798,12,12,0,0,1.0,,,12,0,0.1320222336159858
tfim_h0.5,"TFIM (J=1, h=0.5)",4,3,local_cost_only,Local cost function only,168,3,mean,5.315891485576553,4.954488385247233,5.2491851586973,0.0,14.59758226896981,12,12,0,0,1.0,,,12,0,0.10314933738030381
tfim_h0.5,"TFIM (J=1, h=0.5)",4,3,local_cost_only,Local cost function only,169,3,mean,6.76864336589361,1.520570935439314,14.046023715175336,0.0,51.88701089866746,12,12,0,0,1.0,,,12,0,0.10935831637524879
tfim_h0.5,"TFIM (J=1, h=0.5)",4,3,local_cost_only,Local cost function only,170,3,mean,5.801647696179724,3.5668949556345284,6.247418944381753,0.0,21.190155119674095,12,12,0,0,1.0,,,12,0,0.1237969469738735
tfim_h0.5,"TFIM (J=1, h=0.5)",4,3,local_cost_only,Local cost function only,171,3,mean,8.16659677068131,1.9222471316150713,10.542186244091816,1.2999233797669157e-15,26.090794680335417,12,12,0,0,1.0,,,12,0,0.1624081059473008
tfim_h0.5,"TFIM (J=1, h=0.5)",4,3,local_cost_only,Local cost function only,172,3,mean,13.452755108766715,12.12272121668433,15.09704914434771,0.0,51.99702260539556,12,12,0,0,1.0,,,12,0,0.2420114516022128
tfim_h0.5,"TFIM (J=1, h=0.5)",4,3,local_cost_only,Local cost function only,173,3,mean,7.505323561205447,3.547690813068276,9.60732985518002,0.0,32.21755188758305,12,12,0,0,1.0,,,12,0,0.1441079688865942
tfim_h0.5,"TFIM (J=1, h=0.5)",4,3,local_cost_only,Local cost function only,174,3,mean,5.421620623154738,2.0526308254498753,11.449951841045605,0.0,42.83257589856753,12,12,0,0,1.0,,,12,0,0.0964427019438258
tfim_h0.5,"TFIM (J=1, h=0.5)",4,3,local_cost_only,Local cost function only,175,3,mean,10.084423088708979,7.943232255268193,10.75583779814393,0.0,37.121562671371514,12,12,0,0,1.0,,,12,0,0.18678869974149392
tfim_h0.5,"TFIM (J=1, h=0.5)",4,3,local_cost_only,Local cost function only,176,3,mean,11.83666316068922,3.042307052207123,15.613920791868155,0.0,44.24628046771769,12,12,0,0,1.0,,,12,0,0.2078494181381607
tfim_h0.5,"TFIM (J=1, h=0.5)",4,3,local_cost_only,Local cost function only,177,3,mean,7.624165997332135,6.868613106233251,7.244374273880872,0.0,22.282057986934085,12,12,0,0,1.0,,,12,0,0.14731412078632164
tfim_h0.5,"TFIM (J=1, h=0.5)",4,3,local_cost_only,Local cost function only,178,3,mean,6.251247310077965,0.5819778762175487,13.260375087515063,0.0,47.97624438905305,12,12,0,0,1.0,,,12,0,0.10512107233545505
tfim_h0.5,"TFIM (J=1, h=0.5)",4,3,local_cost_only,Local cost function only,179,3,mean,10.268670576614012,2.5721841154042835,17.170495834373785,0.0,61.322567056895124,12,12,0,0,1.0,,,12,0,0.17269409775264274
tfim_h0.5,"TFIM (J=1, h=0.5)",4,3,local_cost_only,Local cost function only,180,3,mean,16.616375083405803,1.1049846546369317,35.16167550222733,1.2539377756623318e-15,117.81124115533241,12,12,0,0,1.0,,,12,0,0.1773664129235789
tfim_h0.5,"TFIM (J=1, h=0.5)",4,3,local_cost_only,Local cost function only,181,3,mean,23.57998626649403,1.49224490320653,55.687567786430265,0.0,205.23098031151267,12,12,0,0,1.0,,,12,0,0.2065734569423594
tfim_h0.5,"TFIM (J=1, h=0.5)",4,3,local_cost_only,Local cost function only,182,3,mean,12.121437489195188,2.455609991051291,23.689490473973276,1.5518064507344753e-16,82.94206629641592,12,12,0,0,1.0,,,12,0,0.17196067121780315
tfim_h0.5,"TFIM (J=1, h=0.5)",4,3,local_cost_only,Local cost function only,183,3,mean,10.179079987247407,4.5271822594359,18.97524961336682,0.0,70.21705693743144,12,12,0,0,1.0,,,12,0,0.16023826898555998
tfim_h0.5,"TFIM (J=1, h=0.5)",4,3,local_cost_only,Local cost function only,184,3,mean,6.232118116343934,5.808739294479981,5.762500493027396,4.867938288698224e-15,17.676528580880504,12,12,0,0,1.0,,,12,0,0.12196598368740597
tfim_h0.5,"TFIM (J=1, h=0.5)",4,3,local_cost_only,Local cost function only,185,3,mean,10.346026067375249,1.6768965617639506,15.477028539844737,0.0,51.50793508354978,12,12,0,0,1.0,,,12,0,0.18356888038322058
tfim_h0.5,"TFIM (J=1, h=0.5)",4,3,local_cost_only,Local cost function only,186,3,mean,9.277719562267992,5.358951904320338,10.50902176576599,0.0,33.394181736938435,12,12,0,0,1.0,,,12,0,0.17992123270606444
tfim_h0.5,"TFIM (J=1, h=0.5)",4,3,local_cost_only,Local cost function only,187,3,mean,6.70537269709462,2.0222629013267643,8.549983542417072,0.0,23.888755798555483,12,12,0,0,1.0,,,12,0,0.13648884960082455
tfim_h0.5,"TFIM (J=1, h=0.5)",4,3,local_cost_only,Local cost function only,188,3,mean,8.734496951849716,4.762401830035515,13.33675109040947,1.253846059025907e-15,49.5705137708336,12,12,0,0,1.0,,,12,0,0.15984427837552037
tfim_h0.5,"TFIM (J=1, h=0.5)",4,3,local_cost_only,Local cost function only,189,3,mean,10.372829395312355,4.416107314097903,11.162088072093331,0.0,30.62389910980706,12,12,0,0,1.0,,,12,0,0.20309317477475256
tfim_h0.5,"TFIM (J=1, h=0.5)",4,3,local_cost_only,Local cost function only,190,3,mean,9.1086449056436,0.926982357836617,12.164561704813723,0.0,39.247586508079145,12,12,0,0,1.0,,,12,0,0.17171290873297185
tfim_h0.5,"TFIM (J=1, h=0.5)",4,3,local_cost_only,Local cost function only,191,3,mean,7.012116665523984,1.2153604755839416,8.867877258429576,3.6648757214296476e-15,25.753431460400733,12,12,0,0,1.0,,,12,0,0.13889758443882083
tfim_h0.5,"TFIM (J=1, h=0.5)",4,3,local_cost_only,Local cost function only,192,3,mean,7.627534917178887,1.9677996836772005,12.916772824296773,0.0,38.70334868044758,12,12,0,0,1.0,,,12,0,0.13276904011999432
tfim_h0.5,"TFIM (J=1, h=0.5)",4,3,local_cost_only,Local cost function only,193,3,mean,4.3983659483422395,1.129015251997687,9.98885953662375,0.0,37.00075163606083,12,12,0,0,1.0,,,12,0,0.080476461693645
tfim_h0.5,"TFIM (J=1, h=0.5)",4,3,local_cost_only,Local cost function only,194,3,mean,11.61096544296914,5.624749701376206,16.53686722525202,0.0,47.98371316270539,12,12,0,0,1.0,,,12,0,0.19799896233054778
tfim_h0.5,"TFIM (J=1, h=0.5)",4,3,local_cost_only,Local cost function only,195,3,mean,14.856688271308785,18.249546978052713,12.977922416644272,0.0,35.92448786639827,12,12,0,0,1.0,,,12,0,0.27801334203826145
tfim_h0.5,"TFIM (J=1, h=0.5)",4,3,local_cost_only,Local cost function only,196,3,mean,8.34759132101905,1.308709657826687,13.1659933420489,0.0,40.88778068171806,12,12,0,0,1.0,,,12,0,0.15119651208917187
tfim_h0.5,"TFIM (J=1, h=0.5)",4,3,local_cost_only,Local cost function only,197,3,mean,6.517072594743028,3.280968326778444,7.368430185041888,0.0,20.943386648714796,12,12,0,0,1.0,,,12,0,0.13169256459313816
tfim_h0.5,"TFIM (J=1, h=0.5)",4,3,local_cost_only,Local cost function only,198,3,mean,8.522981106519351,8.436887717889547,8.088102410427346,0.0,21.461379889609507,12,12,0,0,1.0,,,12,0,0.17617619986439925
tfim_h0.5,"TFIM (J=1, h=0.5)",4,3,local_cost_only,Local cost function only,199,3,mean,15.261265452489779,0.4770409685592495,29.752759524855684,0.0,104.3074187177654,12,12,0,0,1.0,,,12,0,0.19379081446138194
tfim_h0.5,"TFIM (J=1, h=0.5)",4,4,residual_only,Residual connections only,0,3,mean,7.318522642523595,4.612044220208343,6.641935189569993,0.3612766608517639,23.76725805361532,15,14,1,0,1.0,alpha_0,,12,3,0.3945580095345586
tfim_h0.5,"TFIM (J=1, h=0.5)",4,4,residual_only,Residual connections only,1,3,mean,14.64804118692008,5.266018522572317,22.111518206411535,1.3767425642544437,81.02493242728647,15,14,1,0,1.0,alpha_0,,12,3,0.5913946226607006
tfim_h0.5,"TFIM (J=1, h=0.5)",4,4,residual_only,Residual connections only,2,3,mean,8.050496812152163,6.101011172016104,6.028659291549939,0.5062436911967785,21.713738067592836,15,14,1,0,1.0,alpha_0,,12,3,0.5437677396073587
tfim_h0.5,"TFIM (J=1, h=0.5)",4,4,residual_only,Residual connections only,3,3,mean,11.1214770205401,9.236417144329442,9.760606418031717,0.4551851968502693,36.24478081800522,15,14,1,0,1.0,alpha_0,,12,3,0.7150953462691195
tfim_h0.5,"TFIM (J=1, h=0.5)",4,4,residual_only,Residual connections only,4,3,mean,14.731434870441825,9.367317512034948,15.460662407466884,0.22304327077311178,63.36459535514793,15,14,1,0,1.0,alpha_0,,12,3,0.7605642627358373
tfim_h0.5,"TFIM (J=1, h=0.5)",4,4,residual_only,Residual connections only,5,3,mean,5.278010576730577,3.4841785299711625,6.259573379418025,0.06721865558571576,23.11441870142279,15,14,1,0,1.0,alpha_0,,12,3,0.475581609806523
tfim_h0.5,"TFIM (J=1, h=0.5)",4,4,residual_only,Residual connections only,6,3,mean,5.744493827132381,5.371785303501005,4.621054679014692,0.10415855333662775,16.810229075674624,15,14,1,0,1.0,alpha_0,,12,3,0.3821551974400636
tfim_h0.5,"TFIM (J=1, h=0.5)",4,4,residual_only,Residual connections only,7,3,mean,9.870200509784627,6.457441336513009,7.908812085247564,0.3639140384004926,24.421546695870546,15,14,1,0,1.0,alpha_0,,12,3,0.45218440682982075
tfim_h0.5,"TFIM (J=1, h=0.5)",4,4,residual_only,Residual connections only,8,3,mean,11.852776868619696,10.920418627480181,10.65395905682287,0.5544360088583503,33.850067354652964,15,14,1,0,1.0,alpha_0,,12,3,0.6320264959286149
tfim_h0.5,"TFIM (J=1, h=0.5)",4,4,residual_only,Residual connections only,9,3,mean,6.707519278158515,3.869993166273635,5.740134444337399,0.2504935947618408,19.47707116407911,15,14,1,0,1.0,alpha_0,,12,3,0.5735844367868727
tfim_h0.5,"TFIM (J=1, h=0.5)",4,4,residual_only,Residual connections only,10,3,mean,9.768279746209933,5.918422340406538,9.54761500243903,1.530858795397441,32.732538469357,15,14,1,0,1.0,alpha_0,,12,3,0.581666307841584
tfim_h0.5,"TFIM (J=1, h=0.5)",4,4,residual_only,Residual connections only,11,3,mean,12.356976105346357,11.32291086299012,9.570572242596857,1.1417430794534615,38.009878416120344,15,14,1,0,1.0,alpha_0,,12,3,0.5637190056410297
tfim_h0.5,"TFIM (J=1, h=0.5)",4,4,residual_only,Residual connections only,12,3,mean,10.984943615096924,13.199267207133413,6.476182386263984,0.20043180388381357,19.792520402217185,15,14,1,0,1.0,alpha_0,,12,3,0.5716694104954446
tfim_h0.5,"TFIM (J=1, h=0.5)",4,4,residual_only,Residual connections only,13,3,mean,8.778186501307514,5.428261631736399,8.145820313054417,1.212643913406118,29.745381855271727,15,14,1,0,1.0,alpha_0,,12,3,0.5068503305561206
tfim_h0.5,"TFIM (J=1, h=0.5)",4,4,residual_only,Residual connections only,14,3,mean,10.404479965530681,6.581727274744011,11.955479747324908,0.1615736608203456,47.25070065472391,15,14,1,0,1.0,alpha_0,,12,3,0.62346953760565
tfim_h0.5,"TFIM (J=1, h=0.5)",4,4,residual_only,Residual connections only,15,3,mean,7.981748927141021,7.013148899159605,6.80737302208998,0.0028987701917782905,29.01668237247207,15,14,1,0,1.0,alpha_0,,12,3,0.5313521846157883
tfim_h0.5,"TFIM (J=1, h=0.5)",4,4,residual_only,Residual connections only,16,3,mean,16.503422392922555,13.228237352621633,12.590227264560832,0.1014991260830416,41.61437818486137,15,14,1,0,1.0,alpha_0,,12,3,1.0918268920938958
tfim_h0.5,"TFIM (J=1, h=0.5)",4,4,residual_only,Residual connections only,17,3,mean,8.227120662536622,8.213948437471952,5.719960356395147,0.24059995681102744,21.77478059135783,15,14,1,0,1.0,alpha_0,,12,3,0.6781077129018928
tfim_h0.5,"TFIM (J=1, h=0.5)",4,4,residual_only,Residual connections only,18,3,mean,9.756357587455748,7.920255760457989,11.301354557671557,0.49596400822510767,42.32796104309972,15,14,1,0,1.0,alpha_0,,12,3,0.7275705148810343
tfim_h0.5,"TFIM (J=1, h=0.5)",4,4,residual_only,Residual connections only,19,3,mean,11.173737273552925,7.520610565571851,8.818109979065355,0.07152854043715517,28.205234204418545,15,14,1,0,1.0,alpha_0,,12,3,0.6676013049684043
tfim_h0.5,"TFIM (J=1, h=0.5)",4,4,residual_only,Residual connections only,20,3,mean,8.025809056927699,7.794684147529416,7.076297396371569,0.06799928838421321,26.480208735490844,15,14,1,0,1.0,alpha_0,,12,3,0.34325730520869513
tfim_h0.5,"TFIM (J=1, h=0.5)",4,4,residual_only,Residual connections only,21,3,mean,6.136655916208193,4.586941451089189,4.29622347507271,0.6307967706982017,14.362019944308702,15,14,1,0,1.0,alpha_0,,12,3,0.40005505416362674
tfim_h0.5,"TFIM (J=1, h=0.5)",4,4,residual_only,Residual connections only,22,3,mean,8.251156320668688,5.103080153090312,7.2397580758295765,0.10146874018619594,21.583077108366098,15,14,1,0,1.0,alpha_0,,12,3,0.38601119149449586
tfim_h0.5,"TFIM (J=1, h=0.5)",4,4,residual_only,Residual connections only,23,3,mean,11.784266324470863,13.37889789791706,6.965643061576018,2.209493380528456,25.661804663082517,15,14,1,0,1.0,alpha_0,,12,3,0.6250869265945571
tfim_h0.5,"TFIM (J=1, h=0.5)",4,4,residual_only,Residual connections only,24,3,mean,11.397330642249953,5.366062153565907,12.707511393875004,0.7629304249072503,40.318685476288806,15,14,1,0,1.0,alpha_0,,12,3,0.7013730207458405
tfim_h0.5,"TFIM (J=1, h=0.5)",4,4,residual_only,Residual connections only,25,3,mean,11.159044292113569,7.180290362747856,12.190946593293624,0.4497108502397556,48.18074953008359,15,14,1,0,1.0,alpha_0,,12,3,0.6233467552472388
tfim_h0.5,"TFIM (J=1, h=0.5)",4,4,residual_only,Residual connections only,26,3,mean,11.735373415986462,10.535946023168462,7.468311494903246,1.6596425377756705,26.718897536078533,15,14,1,0,1.0,alpha_0,,12,3,0.5773121140797678
tfim_h0.5,"TFIM (J=1, h=0.5)",4,4,residual_only,Residual connections only,27,3,mean,6.187370409744902,4.547090019701473,5.085141681964267,0.4633069246936234,19.896903727741773,15,14,1,0,1.0,alpha_0,,12,3,0.41891979428778986
tfim_h0.5,"TFIM (J=1, h=0.5)",4,4,residual_only,Residual connections only,28,3,mean,9.847490502744979,7.769477959741064,7.223985558127449,0.14064084196797882,21.47018550721581,15,14,1,0,1.0,alpha_0,,12,3,0.6750125271041121
tfim_h0.5,"TFIM (J=1, h=0.5)",4,4,residual_only,Residual connections only,29,3,mean,9.807230402226084,8.818119479338865,6.226379560846797,0.3084404632277739,23.734318663106265,15,14,1,0,1.0,alpha_0,,12,3,0.5758771290978072
tfim_h0.5,"TFIM (J=1, h=0.5)",4,4,residual_only,Residual connections only,30,3,mean,13.992692748237234,9.36432061485941,11.668206833172658,0.037653102859928546,40.477403762565295,15,14,1,0,1.0,alpha_0,,12,3,0.7467147276600533
tfim_h0.5,"TFIM (J=1, h=0.5)",4,4,residual_only,Residual connections only,31,3,mean,9.367689978492876,8.717711522462086,7.237997641969361,0.31301797847450386,31.08307565755861,15,14,1,0,1.0,alpha_0,,12,3,0.40133391342309094
tfim_h0.5,"TFIM (J=1, h=0.5)",4,4,residual_only,Residual connections only,32,3,mean,10.091774093694443,8.530958526958738,7.957303087251636,1.1856830014465436,32.14616353284203,15,14,1,0,1.0,alpha_0,,12,3,0.7213347467664388
tfim_h0.5,"TFIM (J=1, h=0.5)",4,4,residual_only,Residual connections only,33,3,mean,13.80182901353922,12.365174060714429,9.417781703692121,2.4528873304978966,39.85060829584763,15,14,1,0,1.0,alpha_0,,12,3,0.5350887391456052
tfim_h0.5,"TFIM (J=1, h=0.5)",4,4,residual_only,Residual connections only,34,3,mean,9.499522899563393,4.211302717730927,10.075860700907425,0.19295032322223254,34.02473357739068,15,14,1,0,1.0,alpha_0,,12,3,0.4629585706492684
tfim_h0.5,"TFIM (J=1, h=0.5)",4,4,residual_only,Residual connections only,35,3,mean,11.670681282310422,11.906464188328657,7.026943994651885,0.9421891272697459,25.582139983274143,15,14,1,0,1.0,alpha_0,,12,3,0.476828744135588
tfim_h0.5,"TFIM (J=1, h=0.5)",4,4,residual_only,Residual connections only,36,3,mean,6.39682645824648,3.659489172229934,7.42734844670429,0.16604861845399332,24.79803867159512,15,14,1,0,1.0,alpha_0,,12,3,0.5175320167988651
tfim_h0.5,"TFIM (J=1, h=0.5)",4,4,residual_only,Residual connections only,37,3,mean,5.754360891140626,5.568727777666767,4.298722102948645,0.6141308443895609,16.259703147827345,15,14,1,0,1.0,alpha_0,,12,3,0.3824678047266861
tfim_h0.5,"TFIM (J=1, h=0.5)",4,4,residual_only,Residual connections only,38,3,mean,9.212841179269962,6.85977320132182,5.791294810209249,2.8091559587985437,21.442132553834465,15,14,1,0,1.0,alpha_0,,12,3,0.4557755015428492
tfim_h0.5,"TFIM (J=1, h=0.5)",4,4,residual_only,Residual connections only,39,3,mean,11.618252558965287,9.812776596517505,11.925589943870749,0.21371096165714543,46.7794315757601,15,14,1,0,1.0,alpha_0,,12,3,0.4654428651099222
tfim_h0.5,"TFIM (J=1, h=0.5)",4,4,residual_only,Residual connections only,40,3,mean,9.944568630413647,3.1695423048667535,12.626037372202273,0.04820968793005769,44.69208917641518,15,14,1,0,1.0,alpha_0,,12,3,0.43639077605312837
tfim_h0.5,"TFIM (J=1, h=0.5)",4,4,residual_only,Residual connections only,41,3,mean,11.763059704127565,12.597184062986198,7.763454217487368,0.7965041780551845,26.764203980594356,15,14,1,0,1.0,alpha_0,,12,3,0.5877450429550157
tfim_h0.5,"TFIM (J=1, h=0.5)",4,4,residual_only,Residual connections only,42,3,mean,6.955446251014695,7.260245767951094,4.064197930204817,0.7682736377329048,14.432966159626565,15,14,1,0,1.0,alpha_0,,12,3,0.5191287983645367
tfim_h0.5,"TFIM (J=1, h=0.5)",4,4,residual_only,Residual connections only,43,3,mean,11.23653981736048,5.486914427682345,11.4247107639305,0.14997059166177718,36.182863375834735,15,14,1,0,1.0,alpha_0,,12,3,0.5234947918092413
tfim_h0.5,"TFIM (J=1, h=0.5)",4,4,residual_only,Residual connections only,44,3,mean,9.881514365724067,6.815704242868752,9.267823525307854,0.6188579152265722,37.229718388062416,15,14,1,0,1.0,alpha_0,,12,3,0.7831612397791454
tfim_h0.5,"TFIM (J=1, h=0.5)",4,4,residual_only,Residual connections only,45,3,mean,13.10575473897913,6.603097570480424,15.078286030304048,0.2096201610554845,52.603101125101084,15,14,1,0,1.0,alpha_0,,12,3,0.8049184019474054
tfim_h0.5,"TFIM (J=1, h=0.5)",4,4,residual_only,Residual connections only,46,3,mean,16.21883425757733,11.985101548112404,11.20614570627498,3.4060101235034517,43.46504149522022,15,14,1,0,1.0,alpha_0,,12,3,0.7927957018421969
tfim_h0.5,"TFIM (J=1, h=0.5)",4,4,residual_only,Residual connections only,47,3,mean,4.903550846593016,1.6372473044473215,5.870385451916868,0.4229966554692824,17.925244008802583,15,14,1,0,1.0,alpha_0,,12,3,0.42168929903679486
tfim_h0.5,"TFIM (J=1, h=0.5)",4,4,residual_only,Residual connections only,48,3,mean,7.292941299115394,4.683783832689993,8.539093540922858,0.29956622553676726,34.07861760508977,15,14,1,0,1.0,alpha_0,,12,3,0.31129094445006333
tfim_h0.5,"TFIM (J=1, h=0.5)",4,4,residual_only,Residual connections only,49,3,mean,8.063295563150566,8.476365569223917,5.720415349688859,0.368077738997458,16.55702105574888,15,14,1,0,1.0,alpha_0,,12,3,0.6787045136346357
tfim_h0.5,"TFIM (J=1, h=0.5)",4,4,residual_only,Residual connections only,50,3,mean,7.417567200566429,5.679256107064397,6.636037108421905,0.9142399564716216,23.673482069692867,15,14,1,0,1.0,alpha_0,,12,3,0.26947196868662265
tfim_h0.5,"TFIM (J=1, h=0.5)",4,4,residual_only,Residual connections only,51,3,mean,9.754368109589592,6.14602044169084,7.665764459314734,1.1023778977423522,26.547634530860662,15,14,1,0,1.0,alpha_0,,12,3,0.5941848996494883
tfim_h0.5,"TFIM (J=1, h=0.5)",4,4,residual_only,Residual connections only,52,3,mean,11.52673779062063,8.156755976228656,9.94590784385316,1.0416368501334636,37.818317366282024,15,14,1,0,1.0,alpha_0,,12,3,0.5379013931702665
tfim_h0.5,"TFIM (J=1, h=0.5)",4,4,residual_only,Residual connections only,53,3,mean,6.957547383117697,5.74554586705176,6.410722472486387,0.25653204414835235,22.422775299197557,15,14,1,0,1.0,alpha_0,,12,3,0.35540568783896087
tfim_h0.5,"TFIM (J=1, h=0.5)",4,4,residual_only,Residual connections only,54,3,mean,13.531582005203315,9.90307793255209,10.225058230381853,0.2600999354673662,36.52321724372398,15,14,1,0,1.0,alpha_0,,12,3,0.7776670325734819
tfim_h0.5,"TFIM (J=1, h=0.5)",4,4,residual_only,Residual connections only,55,3,mean,15.438150224653368,12.001741051408999,12.735923899570944,1.3523967821167546,41.51918512051913,15,14,1,0,1.0,alpha_0,,12,3,0.747812313267118
tfim_h0.5,"TFIM (J=1, h=0.5)",4,4,residual_only,Residual connections only,56,3,mean,9.153424716355579,4.587246421895376,9.700176727196904,0.4348258649695502,31.063438412732356,15,14,1,0,1.0,alpha_0,,12,3,0.5685566717893934
tfim_h0.5,"TFIM (J=1, h=0.5)",4,4,residual_only,Residual connections only,57,3,mean,10.310560916955053,4.793233791396542,10.560418086306672,0.48024379790518223,31.425615229642148,15,14,1,0,1.0,alpha_0,,12,3,0.7016569888853894
tfim_h0.5,"TFIM (J=1, h=0.5)",4,4,residual_only,Residual connections only,58,3,mean,11.842514081996574,10.304954501842108,8.22228018004091,1.1016835786846477,31.887102217899088,15,14,1,0,1.0,alpha_0,,12,3,0.5873411083551137
tfim_h0.5,"TFIM (J=1, h=0.5)",4,4,residual_only,Residual connections only,59,3,mean,13.058373071576396,11.213237552622498,8.040366160441241,1.2865841045977768,24.232044421763383,15,14,1,0,1.0,alpha_0,,12,3,0.7857258253855549
tfim_h0.5,"TFIM (J=1, h=0.5)",4,4,residual_only,Residual connections only,60,3,mean,13.656808188374546,5.63260009454981,21.086257301322757,0.49922814734198817,84.1263426438135,15,14,1,0,1.0,alpha_0,,12,3,0.7189131336405069
tfim_h0.5,"TFIM (J=1, h=0.5)",4,4,residual_only,Residual connections only,61,3,mean,11.991243144342764,13.348887897641852,7.3834926056440855,0.5158629549055341,24.723653899925218,15,14,1,0,1.0,alpha_0,,12,3,0.6445696613222954
tfim_h0.5,"TFIM (J=1, h=0.5)",4,4,residual_only,Residual connections only,62,3,mean,10.859248951715168,9.018160025168884,8.954776648494526,0.9532900729942196,29.69160249215605,15,14,1,0,1.0,alpha_0,,12,3,0.4424875569052819
tfim_h0.5,"TFIM (J=1, h=0.5)",4,4,residual_only,Residual connections only,63,3,mean,9.207855197091348,5.383460226638094,10.116220462509839,0.7357799744427375,40.671458295127344,15,14,1,0,1.0,alpha_0,,12,3,0.3581242825897977
tfim_h0.5,"TFIM (J=1, h=0.5)",4,4,residual_only,Residual connections only,64,3,mean,12.28031926864927,13.960885845434866,8.615525217094394,0.5401540288835498,26.828365263443306,15,14,1,0,1.0,alpha_0,,12,3,0.7970645368232431
tfim_h0.5,"TFIM (J=1, h=0.5)",4,4,residual_only,Residual connections only,65,3,mean,14.179909852092376,11.4263564308636,8.993856536060136,3.4253133136482776,33.70263801306307,15,14,1,0,1.0,alpha_0,,12,3,0.6031667888720632
tfim_h0.5,"TFIM (J=1, h=0.5)",4,4,residual_only,Residual connections only,66,3,mean,7.85972506113111,7.060054103278844,4.490835969776065,2.091114189231118,16.685829777777116,15,14,1,0,1.0,alpha_0,,12,3,0.4596447980979137
tfim_h0.5,"TFIM (J=1, h=0.5)",4,4,residual_only,Residual connections only,67,3,mean,11.759222139348827,9.623877926045875,8.149169634655218,0.16474238518695833,26.40051569924313,15,14,1,0,1.0,alpha_0,,12,3,0.7601567166822966
tfim_h0.5,"TFIM (J=1, h=0.5)",4,4,residual_only,Residual connections only,68,3,mean,11.059217732249381,5.331833315607722,12.447836024842696,1.792882571775786,47.06169392028455,15,14,1,0,1.0,alpha_0,,12,3,0.36216312067419004
tfim_h0.5,"TFIM (J=1, h=0.5)",4,4,residual_only,Residual connections only,69,3,mean,11.820000804127593,10.971225881744093,5.411407361085694,2.8174978618917663,22.513408396865405,15,14,1,0,1.0,alpha_0,,12,3,0.542514433081013
tfim_h0.5,"TFIM (J=1, h=0.5)",4,4,residual_only,Residual connections only,70,3,mean,6.997605692447276,4.880060277149386,8.114264589388172,0.27693576087107924,31.90571062270379,15,14,1,0,1.0,alpha_0,,12,3,0.3110795475194528
tfim_h0.5,"TFIM (J=1, h=0.5)",4,4,residual_only,Residual connections only,71,3,mean,7.14311307274006,4.0316715008432835,7.901841571725876,0.002714301000113383,27.05553186792859,15,14,1,0,1.0,alpha_0,,12,3,0.5942359503497212
tfim_h0.5,"TFIM (J=1, h=0.5)",4,4,residual_only,Residual connections only,72,3,mean,13.090957308478407,15.061511526599789,7.936164932172494,3.0826316580859645,28.854479302054106,15,14,1,0,1.0,alpha_0,,12,3,0.699305719448992
tfim_h0.5,"TFIM (J=1, h=0.5)",4,4,residual_only,Residual connections only,73,3,mean,6.362652401123881,5.92958807981716,5.4051499280915785,0.5171648035187284,21.547366500410742,15,14,1,0,1.0,alpha_0,,12,3,0.3734710280416599
tfim_h0.5,"TFIM (J=1, h=0.5)",4,4,residual_only,Residual connections only,74,3,mean,10.76573900572402,10.846896588558161,7.958621757907629,1.876705768550707,31.643019002324174,15,14,1,0,1.0,alpha_0,,12,3,0.7600243064320152
tfim_h0.5,"TFIM (J=1, h=0.5)",4,4,residual_only,Residual connections only,75,3,mean,6.044311464744493,3.2603671206648803,5.805196946465528,0.559752542137321,19.326129234826023,15,14,1,0,1.0,alpha_0,,12,3,0.450161088811825
tfim_h0.5,"TFIM (J=1, h=0.5)",4,4,residual_only,Residual connections only,76,3,mean,7.688619649927055,5.249074854251516,7.909791882066668,0.0018687672048831284,25.045574049250312,15,14,1,0,1.0,alpha_0,,12,3,0.3669702728812322
tfim_h0.5,"TFIM (J=1, h=0.5)",4,4,residual_only,Residual connections only,77,3,mean,10.028543518060655,9.675343807640434,8.754132568913159,0.015503998932806297,29.953476055577486,15,14,1,0,1.0,alpha_0,,12,3,0.5805021847806923
tfim_h0.5,"TFIM (J=1, h=0.5)",4,4,residual_only,Residual connections only,78,3,mean,9.345521535973436,9.298638507803245,5.311903219631682,1.5958145921404276,18.060577397792382,15,14,1,0,1.0,alpha_0,,12,3,0.649324971235897
tfim_h0.5,"TFIM (J=1, h=0.5)",4,4,residual_only,Residual connections only,79,3,mean,18.78884153331896,13.18767466897409,19.56948896725074,0.699587992702774,74.55330410147113,15,14,1,0,1.0,alpha_0,,12,3,0.8214666624166524
tfim_h0.5,"TFIM (J=1, h=0.5)",4,4,residual_only,Residual connections only,80,3,mean,7.433213332402497,6.2225351058476654,6.245151561103255,0.32732760555608936,22.323243069897416,15,14,1,0,1.0,alpha_0,,12,3,0.44016253702780944
tfim_h0.5,"TFIM (J=1, h=0.5)",4,4,residual_only,Residual connections only,81,3,mean,9.666749505963784,4.839184002134779,11.877098735296677,0.5897254792463611,37.03861586489706,15,14,1,0,1.0,alpha_0,,12,3,0.4506980229246854
tfim_h0.5,"TFIM (J=1, h=0.5)",4,4,residual_only,Residual connections only,82,3,mean,10.028341753376191,6.195212645284995,9.577833184715406,0.8588158160702782,36.457279444467126,15,14,1,0,1.0,alpha_0,,12,3,0.3156724699113748
tfim_h0.5,"TFIM (J=1, h=0.5)",4,4,residual_only,Residual connections only,83,3,mean,10.66419793929168,8.943853223611885,6.088225775350754,0.2665824852848708,22.82512792799205,15,14,1,0,1.0,alpha_0,,12,3,0.56946134758904
tfim_h0.5,"TFIM (J=1, h=0.5)",4,4,residual_only,Residual connections only,84,3,mean,13.561498333242467,10.505050897563255,17.793245299669852,2.075408209618872,75.31455111585258,15,14,1,0,1.0,alpha_0,,12,3,0.45192923954055964
tfim_h0.5,"TFIM (J=1, h=0.5)",4,4,residual_only,Residual connections only,85,3,mean,9.186841361910668,7.821385330515309,5.902386639775928,1.0648394029330297,24.35259981132712,15,14,1,0,1.0,alpha_0,,12,3,0.721519273796365
tfim_h0.5,"TFIM (J=1, h=0.5)",4,4,residual_only,Residual connections only,86,3,mean,7.802556099552095,5.64293607978142,5.218523701746366,1.3333405607418405,17.760558587684358,15,14,1,0,1.0,alpha_0,,12,3,0.4808734146040444
tfim_h0.5,"TFIM (J=1, h=0.5)",4,4,residual_only,Residual connections only,87,3,mean,10.608105547081491,8.849531074366816,7.229960962693946,1.2307923494258524,21.956772869511386,15,14,1,0,1.0,alpha_0,,12,3,0.6491577417835728
tfim_h0.5,"TFIM (J=1, h=0.5)",4,4,residual_only,Residual connections only,88,3,mean,13.916934952309708,7.858921105643006,15.357129976317081,1.368821256709262,53.97590068750385,15,14,1,0,1.0,alpha_0,,12,3,0.8033568633200975
tfim_h0.5,"TFIM (J=1, h=0.5)",4,4,residual_only,Residual connections only,89,3,mean,7.972768450870116,5.668895884300933,6.251691496898815,0.8896125728665816,18.058949059136346,15,14,1,0,1.0,alpha_0,,12,3,0.4259149619043828
tfim_h0.5,"TFIM (J=1, h=0.5)",4,4,residual_only,Residual connections only,90,3,mean,7.367257156347949,6.1905818193908795,7.190011006999829,0.2424190725997962,26.286552275333467,15,14,1,0,1.0,alpha_0,,12,3,0.4841596815388549
tfim_h0.5,"TFIM (J=1, h=0.5)",4,4,residual_only,Residual connections only,91,3,mean,15.303600376761803,12.249809654627153,13.007035895806581,0.8079846989274028,39.72422676524922,15,14,1,0,1.0,alpha_0,,12,3,0.8403103101056347
tfim_h0.5,"TFIM (J=1, h=0.5)",4,4,residual_only,Residual connections only,92,3,mean,9.076782744319468,4.482543844647435,8.629173575940085,1.0063493199835856,25.645615311156387,15,14,1,0,1.0,alpha_0,,12,3,0.4199806583319848
tfim_h0.5,"TFIM (J=1, h=0.5)",4,4,residual_only,Residual connections only,93,3,mean,4.3641934779976035,3.5771898098761916,3.5417574806176737,0.2593300290538199,12.929297404072484,15,14,1,0,1.0,alpha_0,,12,3,0.2965813351994162
tfim_h0.5,"TFIM (J=1, h=0.5)",4,4,residual_only,Residual connections only,94,3,mean,8.393177973098906,6.035594443627112,7.554096254537486,0.46856171206507463,25.50877190384945,15,14,1,0,1.0,alpha_0,,12,3,0.37660613643427554
tfim_h0.5,"TFIM (J=1, h=0.5)",4,4,residual_only,Residual connections only,95,3,mean,9.272099723283121,8.089874342697135,9.714137347708519,0.6271407087321698,37.58292764170665,15,14,1,0,1.0,alpha_0,,12,3,0.42108210753072634
tfim_h0.5,"TFIM (J=1, h=0.5)",4,4,residual_only,Residual connections only,96,3,mean,7.512646503053084,3.6406276133104,8.059219069323346,0.5131869437431514,27.03814513820246,15,14,1,0,1.0,alpha_0,,12,3,0.5913362026172988
tfim_h0.5,"TFIM (J=1, h=0.5)",4,4,residual_only,Residual connections only,97,3,mean,8.898171918428678,5.448525657059523,11.712939760923085,0.06779046572962794,44.66317602037816,15,14,1,0,1.0,alpha_0,,12,3,0.5230383021936877
tfim_h0.5,"TFIM (J=1, h=0.5)",4,4,residual_only,Residual connections only,98,3,mean,13.403338933744319,13.442078180314606,10.054967125427526,0.15949616774879727,37.06937161434379,15,14,1,0,1.0,alpha_0,,12,3,0.6269823872569164
tfim_h0.5,"TFIM (J=1, h=0.5)",4,4,residual_only,Residual connections only,99,3,mean,13.976007823424725,5.834038837330042,20.86664343266078,0.7291488456214554,83.66249957566227,15,14,1,0,1.0,alpha_0,,12,3,0.435532461641921
tfim_h0.5,"TFIM (J=1, h=0.5)",4,4,residual_only,Residual connections only,100,3,mean,8.099936628266192,5.165158673597684,6.936070209015019,1.7978981110309473,24.892957082991217,15,14,1,0,1.0,alpha_0,,12,3,0.47827350354298337
tfim_h0.5,"TFIM (J=1, h=0.5)",4,4,residual_only,Residual connections only,101,3,mean,6.569675782597784,4.7160041498442125,7.535121146065025,1.2257164974737467,33.00717623842152,15,14,1,0,1.0,alpha_0,,12,3,0.43550365995761614
tfim_h0.5,"TFIM (J=1, h=0.5)",4,4,residual_only,Residual connections only,102,3,mean,4.889255367462737,4.748338324844681,3.908736186439713,0.0539740862745005,13.555114370300807,15,14,1,0,1.0,alpha_0,,12,3,0.3773943348363098
tfim_h0.5,"TFIM (J=1, h=0.5)",4,4,residual_only,Residual connections only,103,3,mean,6.649717143228017,5.1024214931219305,4.503856926598778,0.4970891656760119,18.396112161375363,15,14,1,0,1.0,alpha_0,,12,3,0.5105900927383022
tfim_h0.5,"TFIM (J=1, h=0.5)",4,4,residual_only,Residual connections only,104,3,mean,9.725959397545015,6.11624191272023,6.648296939968427,2.3903616207860647,22.444545061387117,15,14,1,0,1.0,alpha_0,,12,3,0.6685464315027285
tfim_h0.5,"TFIM (J=1, h=0.5)",4,4,residual_only,Residual connections only,105,3,mean,10.915240094398259,10.407305895308987,5.921483976798679,2.056149104957139,25.306175855090917,15,14,1,0,1.0,alpha_0,,12,3,0.45735124058815285
tfim_h0.5,"TFIM (J=1, h=0.5)",4,4,residual_only,Residual connections only,106,3,mean,16.558835682674598,14.072298791973449,15.524886368713434,0.9473765690681931,57.963381037352924,15,14,1,0,1.0,alpha_0,,12,3,0.5777014140050934
tfim_h0.5,"TFIM (J=1, h=0.5)",4,4,residual_only,Residual connections only,107,3,mean,13.147159328998441,7.433365927551716,12.401249278200135,2.2437751519124842,43.8310790730255,15,14,1,0,1.0,alpha_0,,12,3,0.6305427944094545
tfim_h0.5,"TFIM (J=1, h=0.5)",4,4,residual_only,Residual connections only,108,3,mean,10.828895134254932,8.982718409293255,7.495316640383691,1.3140963003168162,25.098642813802748,15,14,1,0,1.0,alpha_0,,12,3,0.8583084367974906
tfim_h0.5,"TFIM (J=1, h=0.5)",4,4,residual_only,Residual connections only,109,3,mean,13.096316205706604,9.651722055159473,9.942658967406281,1.09069055193277,32.30834656045,15,14,1,0,1.0,alpha_0,,12,3,0.5931107497665137
tfim_h0.5,"TFIM (J=1, h=0.5)",4,4,residual_only,Residual connections only,110,3,mean,8.58348108258908,7.631415015543276,7.486956268287562,0.058427177496560304,24.90991925996154,15,14,1,0,1.0,alpha_0,,12,3,0.5367782564303378
tfim_h0.5,"TFIM (J=1, h=0.5)",4,4,residual_only,Residual connections only,111,3,mean,11.023811370060429,11.170015112026809,7.820309612869888,0.7432774969747808,23.239070874167943,15,14,1,0,1.0,alpha_0,,12,3,0.5573853913557599
tfim_h0.5,"TFIM (J=1, h=0.5)",4,4,residual_only,Residual connections only,112,3,mean,9.043456127314888,7.102102532084514,7.346991958076275,0.1188500746920376,24.724353924269213,15,14,1,0,1.0,alpha_0,,12,3,0.677080946413178
tfim_h0.5,"TFIM (J=1, h=0.5)",4,4,residual_only,Residual connections only,113,3,mean,17.141776476639468,14.219764659167573,13.446799678967748,2.979940080665233,55.2524960410991,15,14,1,0,1.0,alpha_0,,12,3,0.6838500334673474
tfim_h0.5,"TFIM (J=1, h=0.5)",4,4,residual_only,Residual connections only,114,3,mean,7.124677420117202,4.249171587071936,5.7260128030160065,1.6792682374827312,20.559606121277856,15,14,1,0,1.0,alpha_0,,12,3,0.36402964862042225
tfim_h0.5,"TFIM (J=1, h=0.5)",4,4,residual_only,Residual connections only,115,3,mean,10.456599382878826,7.96086119331852,7.333787786437808,0.11124059744790783,23.09173060740255,15,14,1,0,1.0,alpha_0,,12,3,0.4926055626658755
tfim_h0.5,"TFIM (J=1, h=0.5)",4,4,residual_only,Residual connections only,116,3,mean,12.958682328011585,7.808358666116108,17.43421267446456,0.2786714040806498,68.05069469409459,15,14,1,0,1.0,alpha_0,,12,3,0.8144071706138457
tfim_h0.5,"TFIM (J=1, h=0.5)",4,4,residual_only,Residual connections only,117,3,mean,9.232224213465376,5.661768195705509,7.53524758457964,0.28987153477009103,22.87075298630442,15,14,1,0,1.0,alpha_0,,12,3,0.6574595923637643
tfim_h0.5,"TFIM (J=1, h=0.5)",4,4,residual_only,Residual connections only,118,3,mean,12.336228045180192,4.532025669515882,19.571149823707785,0.5349103427937117,76.11884237950886,15,14,1,0,1.0,alpha_0,,12,3,0.3509282368891053
tfim_h0.5,"TFIM (J=1, h=0.5)",4,4,residual_only,Residual connections only,119,3,mean,9.353813651066755,6.793954247737609,7.445041181302133,1.2290800968749032,25.144412907685346,15,14,1,0,1.0,alpha_0,,12,3,0.604932771100277
tfim_h0.5,"TFIM (J=1, h=0.5)",4,4,residual_only,Residual connections only,120,3,mean,10.60091834794199,11.539664975211743,6.253289522026295,0.21297186703920382,20.39110024693851,15,14,1,0,1.0,alpha_0,,12,3,0.49893103412789075
tfim_h0.5,"TFIM (J=1, h=0.5)",4,4,residual_only,Residual connections only,121,3,mean,9.259575646134575,4.599018152770824,11.08490931913889,2.237898722368802,37.17621023066427,15,14,1,0,1.0,alpha_0,,12,3,0.6217699559386901
tfim_h0.5,"TFIM (J=1, h=0.5)",4,4,residual_only,Residual connections only,122,3,mean,7.533733303093106,6.68048269441128,5.436035031982832,0.12083014721909109,16.859473696166393,15,14,1,0,1.0,alpha_0,,12,3,0.5107215195897938
tfim_h0.5,"TFIM (J=1, h=0.5)",4,4,residual_only,Residual connections only,123,3,mean,11.836931409901073,11.507214971343949,9.028001735460153,0.6890742780180432,35.173447652848395,15,14,1,0,1.0,alpha_0,,12,3,0.6594970162387281
tfim_h0.5,"TFIM (J=1, h=0.5)",4,4,residual_only,Residual connections only,124,3,mean,10.608498336497897,8.463609295881685,8.947159433046414,0.6738781845540991,28.69014938970351,15,14,1,0,1.0,alpha_0,,12,3,0.6698286529426382
tfim_h0.5,"TFIM (J=1, h=0.5)",4,4,residual_only,Residual connections only,125,3,mean,9.896671305038826,9.436929696354955,7.901131281244759,0.49942414860222184,30.449752215404143,15,14,1,0,1.0,alpha_0,,12,3,0.5190795551747128
tfim_h0.5,"TFIM (J=1, h=0.5)",4,4,residual_only,Residual connections only,126,3,mean,20.837426130417864,6.879662570418864,34.60452298212718,0.22419946488266398,138.69949711086292,15,14,1,0,1.0,alpha_0,,12,3,0.5262382605868919
tfim_h0.5,"TFIM (J=1, h=0.5)",4,4,residual_only,Residual connections only,127,3,mean,8.597931768880388,8.30111431148633,5.993170671999527,1.0913395724225659,20.167542889278774,15,14,1,0,1.0,alpha_0,,12,3,0.5083170121005919
tfim_h0.5,"TFIM (J=1, h=0.5)",4,4,residual_only,Residual connections only,128,3,mean,6.945663093089303,5.093681256248924,6.225414112319572,0.1716980320967633,22.965807091987596,15,14,1,0,1.0,alpha_0,,12,3,0.40547288631619705
tfim_h0.5,"TFIM (J=1, h=0.5)",4,4,residual_only,Residual connections only,129,3,mean,6.471621860116018,5.677751790786793,4.9030799316530285,0.4932554076415079,15.887270027194816,15,14,1,0,1.0,alpha_0,,12,3,0.4810711507688693
tfim_h0.5,"TFIM (J=1, h=0.5)",4,4,residual_only,Residual connections only,130,3,mean,12.101711024188878,6.396792950866956,16.639916505914154,0.06105859033540469,62.153438639062564,15,14,1,0,1.0,alpha_0,,12,3,0.7066884193715991
tfim_h0.5,"TFIM (J=1, h=0.5)",4,4,residual_only,Residual connections only,131,3,mean,8.121238256147015,5.366509148080014,6.376014824195667,0.21127168965982165,17.52525275085456,15,14,1,0,1.0,alpha_0,,12,3,0.4214516500735918
tfim_h0.5,"TFIM (J=1, h=0.5)",4,4,residual_only,Residual connections only,132,3,mean,9.880934209760966,9.198239942801541,8.22812113387811,0.40935461889568037,33.21321768826797,15,14,1,0,1.0,alpha_0,,12,3,0.7649858598653217
tfim_h0.5,"TFIM (J=1, h=0.5)",4,4,residual_only,Residual connections only,133,3,mean,10.354565815442692,10.192433532638113,6.8850046723177645,1.598325871264225,24.413840171031065,15,14,1,0,1.0,alpha_0,,12,3,0.5109478341491903
tfim_h0.5,"TFIM (J=1, h=0.5)",4,4,residual_only,Residual connections only,134,3,mean,10.416800064711335,6.328548769651158,8.95573581227891,0.5018903212217717,32.915236112455126,15,14,1,0,1.0,alpha_0,,12,3,0.5636545155334892
tfim_h0.5,"TFIM (J=1, h=0.5)",4,4,residual_only,Residual connections only,135,3,mean,9.900144570628587,6.692397536887492,13.414624961628942,0.038997013163342344,52.895245237929416,15,14,1,0,1.0,alpha_0,,12,3,0.6542667364567099
tfim_h0.5,"TFIM (J=1, h=0.5)",4,4,residual_only,Residual connections only,136,3,mean,9.325436896937386,8.255641798028169,6.588758177634009,0.1466795580107221,27.803117900746216,15,14,1,0,1.0,alpha_0,,12,3,0.5159726504084315
tfim_h0.5,"TFIM (J=1, h=0.5)",4,4,residual_only,Residual connections only,137,3,mean,7.97587132181227,5.69577206252284,6.7979133097174556,0.807534587626847,26.457415103584854,15,14,1,0,1.0,alpha_0,,12,3,0.41807033939990884
tfim_h0.5,"TFIM (J=1, h=0.5)",4,4,residual_only,Residual connections only,138,3,mean,7.4385605625240165,6.81980183792813,4.50079261619809,1.2891001834982825,17.256812463211837,15,14,1,0,1.0,alpha_0,,12,3,0.4070978217613585
tfim_h0.5,"TFIM (J=1, h=0.5)",4,4,residual_only,Residual connections only,139,3,mean,14.63419486006204,13.388924252846685,12.555689293744786,0.003725398933815842,44.95925192964332,15,14,1,0,1.0,alpha_0,,12,3,0.742299559207091
tfim_h0.5,"TFIM (J=1, h=0.5)",4,4,residual_only,Residual connections only,140,3,mean,5.413642160605578,4.11774152294651,3.231730326296415,0.49720970620318405,12.53611016566352,15,14,1,0,1.0,alpha_0,,12,3,0.3377311186079451
tfim_h0.5,"TFIM (J=1, h=0.5)",4,4,residual_only,Residual connections only,141,3,mean,11.241552936346244,5.368581650188762,20.790000187829804,0.570048554672713,84.32128421652958,15,14,1,0,1.0,alpha_0,,12,3,0.6659451381795627
tfim_h0.5,"TFIM (J=1, h=0.5)",4,4,residual_only,Residual connections only,142,3,mean,6.386738001937237,2.7062855575190596,7.590874610920723,0.15378510736576312,25.963177099124003,15,14,1,0,1.0,alpha_0,,12,3,0.3921601873477266
tfim_h0.5,"TFIM (J=1, h=0.5)",4,4,residual_only,Residual connections only,143,3,mean,11.153427583494791,7.959695954946772,9.357299947741234,0.41248246248182074,33.27270102510627,15,14,1,0,1.0,alpha_0,,12,3,0.652237113329138
tfim_h0.5,"TFIM (J=1, h=0.5)",4,4,residual_only,Residual connections only,144,3,mean,10.532607630788565,8.87745532950578,7.724737753158326,1.2026416534833435,24.149378960526153,15,14,1,0,1.0,alpha_0,,12,3,0.6112484528553666
tfim_h0.5,"TFIM (J=1, h=0.5)",4,4,residual_only,Residual connections only,145,3,mean,14.840798888332255,14.636138054674584,11.101652926501103,0.24964936509331861,43.261885875481966,15,14,1,0,1.0,alpha_0,,12,3,0.6612627945804717
tfim_h0.5,"TFIM (J=1, h=0.5)",4,4,residual_only,Residual connections only,146,3,mean,6.751705202079568,6.0103119566491685,7.094603063749866,0.04335129073321566,28.144157651054158,15,14,1,0,1.0,alpha_0,,12,3,0.4940181635869799
tfim_h0.5,"TFIM (J=1, h=0.5)",4,4,residual_only,Residual connections only,147,3,mean,10.331806085642816,4.769198164535103,10.122321680177675,0.8339746610319217,32.32547469247033,15,14,1,0,1.0,alpha_0,,12,3,0.4400089696696241
tfim_h0.5,"TFIM (J=1, h=0.5)",4,4,residual_only,Residual connections only,148,3,mean,14.34376294121092,14.010439915531633,9.872063940493899,0.8157522172231874,35.36085643425426,15,14,1,0,1.0,alpha_0,,12,3,0.655553104088167
tfim_h0.5,"TFIM (J=1, h=0.5)",4,4,residual_only,Residual connections only,149,3,mean,8.446071695732352,8.42834358470593,6.598673931279657,0.7933346358623342,24.19028981521742,15,14,1,0,1.0,alpha_0,,12,3,0.4699268917892398
tfim_h0.5,"TFIM (J=1, h=0.5)",4,4,residual_only,Residual connections only,150,3,mean,14.951757769907713,11.072275674300798,12.35103845501418,0.5602095334794357,43.38134900436282,15,14,1,0,1.0,alpha_0,,12,3,0.7289377198301179
tfim_h0.5,"TFIM (J=1, h=0.5)",4,4,residual_only,Residual connections only,151,3,mean,10.956209987457644,9.03139587122407,7.915600146516309,1.1291398062151607,28.180810020765243,15,14,1,0,1.0,alpha_0,,12,3,0.4446051471707273
tfim_h0.5,"TFIM (J=1, h=0.5)",4,4,residual_only,Residual connections only,152,3,mean,5.2275302820191,3.0427922855377028,4.9554054360486495,0.8356971625382967,16.429325865540083,15,14,1,0,1.0,alpha_0,,12,3,0.41363550773387037
tfim_h0.5,"TFIM (J=1, h=0.5)",4,4,residual_only,Residual connections only,153,3,mean,9.439723079819712,8.064541309906165,6.284355806080325,0.8422553193064509,25.458649408474418,15,14,1,0,1.0,alpha_0,,12,3,0.48007732978120166
tfim_h0.5,"TFIM (J=1, h=0.5)",4,4,residual_only,Residual connections only,154,3,mean,8.605344151681521,7.678340648524902,5.210302873113381,2.347111081798679,18.15896571416,15,14,1,0,1.0,alpha_0,,12,3,0.3773388523792616
tfim_h0.5,"TFIM (J=1, h=0.5)",4,4,residual_only,Residual connections only,155,3,mean,9.745625826508553,7.152956371482057,8.51116870771253,0.8750755004501222,31.105274815662806,15,14,1,0,1.0,alpha_0,,12,3,0.4030300706166486
tfim_h0.5,"TFIM (J=1, h=0.5)",4,4,residual_only,Residual connections only,156,3,mean,10.48993834783245,3.9187317908553707,15.860542018201441,0.049324044493345154,52.14030506667517,15,14,1,0,1.0,alpha_0,,12,3,0.47987854874420094
tfim_h0.5,"TFIM (J=1, h=0.5)",4,4,residual_only,Residual connections only,157,3,mean,5.434154111646746,4.73655160762849,3.642499568143861,0.2558112674463694,12.517048694398675,15,14,1,0,1.0,alpha_0,,12,3,0.49428578324424516
tfim_h0.5,"TFIM (J=1, h=0.5)",4,4,residual_only,Residual connections only,158,3,mean,9.296552685345734,5.263589395589663,10.070647810468788,1.5884366957658578,31.929314133542217,15,14,1,0,1.0,alpha_0,,12,3,0.5613364273114604
tfim_h0.5,"TFIM (J=1, h=0.5)",4,4,residual_only,Residual connections only,159,3,mean,9.547080576909577,9.555783052796784,6.771145677132272,0.2450206294718213,22.823543833379716,15,14,1,0,1.0,alpha_0,,12,3,0.5363410219235605
tfim_h0.5,"TFIM (J=1, h=0.5)",4,4,residual_only,Residual connections only,160,3,mean,11.633992831861365,11.116355970385666,8.884564182030333,0.6533579998039173,37.79269656345929,15,14,1,0,1.0,alpha_0,,12,3,0.618033938257992
tfim_h0.5,"TFIM (J=1, h=0.5)",4,4,residual_only,Residual connections only,161,3,mean,8.640694311806806,5.620762627469663,8.845928993560063,0.0039288577399663425,31.956782638431065,15,14,1,0,1.0,alpha_0,,12,3,0.34429155459664035
tfim_h0.5,"TFIM (J=1, h=0.5)",4,4,residual_only,Residual connections only,162,3,mean,8.819842550661367,8.506203996592479,7.622682811818899,0.07942193320867955,31.223691778270183,15,14,1,0,1.0,alpha_0,,12,3,0.47732594311287957
tfim_h0.5,"TFIM (J=1, h=0.5)",4,4,residual_only,Residual connections only,163,3,mean,5.368896126737539,5.7465672621132615,3.789990322775356,0.3260866993545692,13.09980008880761,15,14,1,0,1.0,alpha_0,,12,3,0.3488226979596566
tfim_h0.5,"TFIM (J=1, h=0.5)",4,4,residual_only,Residual connections only,164,3,mean,9.607623363236248,6.191969282191241,7.8251229189418,0.2956624304151735,24.841838609379117,15,14,1,0,1.0,alpha_0,,12,3,0.6630765797409016
tfim_h0.5,"TFIM (J=1, h=0.5)",4,4,residual_only,Residual connections only,165,3,mean,5.573856873845853,3.6527231231290704,4.335776222604815,0.274538462223302,15.192105457252797,15,14,1,0,1.0,alpha_0,,12,3,0.37018984876342687
tfim_h0.5,"TFIM (J=1, h=0.5)",4,4,residual_only,Residual connections only,166,3,mean,5.365103027610497,4.211809828922295,5.898956451196317,0.12631738418874278,23.647599646002792,15,14,1,0,1.0,alpha_0,,12,3,0.4433402128678022
tfim_h0.5,"TFIM (J=1, h=0.5)",4,4,residual_only,Residual connections only,167,3,mean,9.572737352157548,6.569170262259689,9.433030848692903,0.18316182553462795,34.638575840810034,15,14,1,0,1.0,alpha_0,,12,3,0.44862937223519395
tfim_h0.5,"TFIM (J=1, h=0.5)",4,4,residual_only,Residual connections only,168,3,mean,10.731994630474649,10.209112558560355,5.306528036654625,3.6261221498932463,21.681823192652725,15,14,1,0,1.0,alpha_0,,12,3,0.4122449330073819
tfim_h0.5,"TFIM (J=1, h=0.5)",4,4,residual_only,Residual connections only,169,3,mean,10.59304074320416,3.890656026675567,11.00757669746523,0.7093265807115325,31.082834776938302,15,14,1,0,1.0,alpha_0,,12,3,0.500113421290597
tfim_h0.5,"TFIM (J=1, h=0.5)",4,4,residual_only,Residual connections only,170,3,mean,9.978151969454078,8.428436667395387,6.625360343660085,0.4527291626387938,22.66371130443929,15,14,1,0,1.0,alpha_0,,12,3,0.5504818546920675
tfim_h0.5,"TFIM (J=1, h=0.5)",4,4,residual_only,Residual connections only,171,3,mean,10.654728096722408,10.8032047162727,7.292773903674933,0.041671993378281695,25.03713370744786,15,14,1,0,1.0,alpha_0,,12,3,0.49320512718164816
tfim_h0.5,"TFIM (J=1, h=0.5)",4,4,residual_only,Residual connections only,172,3,mean,7.402352996606532,7.454220987869542,3.758153145646737,1.4191676371959805,14.934540696296889,15,14,1,0,1.0,alpha_0,,12,3,0.44778906027586873
tfim_h0.5,"TFIM (J=1, h=0.5)",4,4,residual_only,Residual connections only,173,3,mean,9.26084407791831,5.102668760661143,12.012994220012331,0.01916928983883902,47.064511918882985,15,14,1,0,1.0,alpha_0,,12,3,0.477278338759484
tfim_h0.5,"TFIM (J=1, h=0.5)",4,4,residual_only,Residual connections only,174,3,mean,8.470499755905983,6.218956178401803,8.137668014350268,0.3990302882627466,25.983466085718042,15,14,1,0,1.0,alpha_0,,12,3,0.43764543533508965
tfim_h0.5,"TFIM (J=1, h=0.5)",4,4,residual_only,Residual connections only,175,3,mean,10.639911137257643,6.49612507378409,12.290765738227115,0.528429435604641,48.7506810931328,15,14,1,0,1.0,alpha_0,,12,3,0.574762761614528
tfim_h0.5,"TFIM (J=1, h=0.5)",4,4,residual_only,Residual connections only,176,3,mean,14.922492579831394,9.90875382673632,14.973206015960141,1.395434146326438,54.617047913944646,15,14,1,0,1.0,alpha_0,,12,3,0.935591716083687
tfim_h0.5,"TFIM (J=1, h=0.5)",4,4,residual_only,Residual connections only,177,3,mean,7.23821401365561,6.076154848766956,5.28629673678254,0.08027074205208158,19.824185901967628,15,14,1,0,1.0,alpha_0,,12,3,0.49699654062095483
tfim_h0.5,"TFIM (J=1, h=0.5)",4,4,residual_only,Residual connections only,178,3,mean,11.16600992800848,6.570565978360866,19.11924091907319,0.08006461739949694,78.49086750012914,15,14,1,0,1.0,alpha_0,,12,3,0.7604507575443468
tfim_h0.5,"TFIM (J=1, h=0.5)",4,4,residual_only,Residual connections only,179,3,mean,12.192937945487612,6.709046626512267,18.34719299760963,2.090515385318858,73.62874182131085,15,14,1,0,1.0,alpha_0,,12,3,0.5535023433092049
tfim_h0.5,"TFIM (J=1, h=0.5)",4,4,residual_only,Residual connections only,180,3,mean,7.060899102408839,5.665562698935164,5.1484105865801215,0.9387894114791405,18.24275948971939,15,14,1,0,1.0,alpha_0,,12,3,0.4692755757882802
tfim_h0.5,"TFIM (J=1, h=0.5)",4,4,residual_only,Residual connections only,181,3,mean,6.419154121938958,4.326607295101919,5.819618088531369,0.06148790579998162,19.93158287079292,15,14,1,0,1.0,alpha_0,,12,3,0.49208747811054926
tfim_h0.5,"TFIM (J=1, h=0.5)",4,4,residual_only,Residual connections only,182,3,mean,7.865194799208853,7.721647204767057,3.646016778941138,0.6031328216070033,15.391909664156024,15,14,1,0,1.0,alpha_0,,12,3,0.6069156947605004
tfim_h0.5,"TFIM (J=1, h=0.5)",4,4,residual_only,Residual connections only,183,3,mean,11.34347749022571,9.511530901278764,9.877048468853465,0.45462217862808607,29.26097567605279,15,14,1,0,1.0,alpha_0,,12,3,0.8260327499982968
tfim_h0.5,"TFIM (J=1, h=0.5)",4,4,residual_only,Residual connections only,184,3,mean,10.950987997489703,10.111883411241848,8.59538931791308,1.1042386063750391,37.237304837379014,15,14,1,0,1.0,alpha_0,,12,3,0.4687070185762827
tfim_h0.5,"TFIM (J=1, h=0.5)",4,4,residual_only,Residual connections only,185,3,mean,9.576138052796052,8.015645270987491,8.093334351691539,0.5582811169660694,25.48211451415954,15,14,1,0,1.0,alpha_0,,12,3,0.6570600530838644
tfim_h0.5,"TFIM (J=1, h=0.5)",4,4,residual_only,Residual connections only,186,3,mean,9.555451920401238,6.776423778526441,7.73758487485142,0.7666528106244244,28.346328995614677,15,14,1,0,1.0,alpha_0,,12,3,0.4283100310773277
tfim_h0.5,"TFIM (J=1, h=0.5)",4,4,residual_only,Residual connections only,187,3,mean,6.592407595973264,3.575111883120228,5.9946575026948326,0.054306710159487175,21.00815811017258,15,14,1,0,1.0,alpha_0,,12,3,0.43566782835540424
tfim_h0.5,"TFIM (J=1, h=0.5)",4,4,residual_only,Residual connections only,188,3,mean,8.540286386007107,5.93115741440712,7.728456624985176,0.43390444539613304,27.946377301344587,15,14,1,0,1.0,alpha_0,,12,3,0.653798664523361
tfim_h0.5,"TFIM (J=1, h=0.5)",4,4,residual_only,Residual connections only,189,3,mean,12.128226912972272,11.302151025823008,9.100812825394103,3.564633211861957,39.99007711628017,15,14,1,0,1.0,alpha_0,,12,3,0.5121668950974894
tfim_h0.5,"TFIM (J=1, h=0.5)",4,4,residual_only,Residual connections only,190,3,mean,10.005085461318052,4.072201552903906,14.91066000409316,0.19042122024088884,59.42077639778463,15,14,1,0,1.0,alpha_0,,12,3,0.4176745685928587
tfim_h0.5,"TFIM (J=1, h=0.5)",4,4,residual_only,Residual connections only,191,3,mean,10.85287509014878,10.456032634868645,8.633980562414695,0.3261821069495453,28.324228585989488,15,14,1,0,1.0,alpha_0,,12,3,0.6367855555972582
tfim_h0.5,"TFIM (J=1, h=0.5)",4,4,residual_only,Residual connections only,192,3,mean,10.987745149438224,10.970481007300336,6.558942361917403,2.3209794015365097,24.9046747101968,15,14,1,0,1.0,alpha_0,,12,3,0.4824761023321343
tfim_h0.5,"TFIM (J=1, h=0.5)",4,4,residual_only,Residual connections only,193,3,mean,8.453500127328459,4.145780742924456,7.696709857183729,1.7953230569579925,25.765336871097958,15,14,1,0,1.0,alpha_0,,12,3,0.4190566895296276
tfim_h0.5,"TFIM (J=1, h=0.5)",4,4,residual_only,Residual connections only,194,3,mean,9.45974765788684,5.697406466692954,8.25660841621355,0.456822110763846,27.531942964129644,15,14,1,0,1.0,alpha_0,,12,3,0.43466307951348065
tfim_h0.5,"TFIM (J=1, h=0.5)",4,4,residual_only,Residual connections only,195,3,mean,20.78873453758973,11.011902510294723,16.084167321179237,2.4492444779007627,49.19854550940893,15,14,1,0,1.0,alpha_0,,12,3,1.1189829955868873
tfim_h0.5,"TFIM (J=1, h=0.5)",4,4,residual_only,Residual connections only,196,3,mean,7.55349369828699,7.276578177566387,4.409430359603596,0.822067195631473,14.600729787390632,15,14,1,0,1.0,alpha_0,,12,3,0.5131458666735665
tfim_h0.5,"TFIM (J=1, h=0.5)",4,4,residual_only,Residual connections only,197,3,mean,8.439752207477904,5.706647339771012,7.220849422903559,0.0842076845018652,20.169857503906147,15,14,1,0,1.0,alpha_0,,12,3,0.41417773702830085
tfim_h0.5,"TFIM (J=1, h=0.5)",4,4,residual_only,Residual connections only,198,3,mean,6.393780025484491,6.3702999538859775,5.182572970098227,0.15657673078441475,20.337545113789897,15,14,1,0,1.0,alpha_0,,12,3,0.44081819154098134
tfim_h0.5,"TFIM (J=1, h=0.5)",4,4,residual_only,Residual connections only,199,3,mean,7.8637545970398675,7.318806584116346,6.480214865419386,0.0696774504970627,22.040896639644814,15,14,1,0,1.0,alpha_0,,12,3,0.5825784629974905
tfim_h0.5,"TFIM (J=1, h=0.5)",4,5,entanglement_local,Entanglement + local cost,0,3,mean,14.869513597299283,2.1879207929834044,24.774673010540397,0.0,84.2026451337647,12,12,0,0,1.0,,,12,0,0.21188313906570863
tfim_h0.5,"TFIM (J=1, h=0.5)",4,5,entanglement_local,Entanglement + local cost,1,3,mean,3.8874533663932653,0.9276052463549879,5.362955592323548,0.0,13.056141420698488,12,12,0,0,1.0,,,12,0,0.07709985715305417
tfim_h0.5,"TFIM (J=1, h=0.5)",4,5,entanglement_local,Entanglement + local cost,2,3,mean,6.4698058886014875,1.5395644361696066,14.697570615159837,0.0,54.53476126388359,12,12,0,0,1.0,,,12,0,0.10346678537276773
tfim_h0.5,"TFIM (J=1, h=0.5)",4,5,entanglement_local,Entanglement + local cost,3,3,mean,8.13107188879725,1.2755883492851876,10.626715734466854,0.0,28.32736512523722,12,12,0,0,1.0,,,12,0,0.15700330302327345
tfim_h0.5,"TFIM (J=1, h=0.5)",4,5,entanglement_local,Entanglement + local cost,4,3,mean,15.096717113339379,0.24841055694936184,24.320004241141785,0.0,65.28294981645267,12,12,0,0,1.0,,,12,0,0.2143304463883334
tfim_h0.5,"TFIM (J=1, h=0.5)",4,5,entanglement_local,Entanglement + local cost,5,3,mean,9.327302747538843,0.09398134904794743,16.070518735659952,0.0,55.11804856600653,12,12,0,0,1.0,,,12,0,0.15567161030882423
tfim_h0.5,"TFIM (J=1, h=0.5)",4,5,entanglement_local,Entanglement + local cost,6,3,mean,12.167590290908016,2.686573307830473,14.99268498772892,0.0,35.74138306146072,12,12,0,0,1.0,,,12,0,0.2178334337018439
tfim_h0.5,"TFIM (J=1, h=0.5)",4,5,entanglement_local,Entanglement + local cost,7,3,mean,3.879558693911744,0.04975860956629575,7.21666096908805,0.0,25.504875701949505,12,12,0,0,1.0,,,12,0,0.077398513677381
tfim_h0.5,"TFIM (J=1, h=0.5)",4,5,entanglement_local,Entanglement + local cost,8,3,mean,8.350219894005631,0.6881888571245729,13.869996037965688,0.0,39.81445892190044,12,12,0,0,1.0,,,12,0,0.15112581180764842
tfim_h0.5,"TFIM (J=1, h=0.5)",4,5,entanglement_local,Entanglement + local cost,9,3,mean,10.997006572403512,0.7554628065471194,17.48912001115511,3.3902178540943562e-15,45.29894480371071,12,12,0,0,1.0,,,12,0,0.1797651081053273
tfim_h0.5,"TFIM (J=1, h=0.5)",4,5,entanglement_local,Entanglement + local cost,10,3,mean,11.04749120435379,1.5237795673377938,18.942970805265052,0.0,53.70210226685602,12,12,0,0,1.0,,,12,0,0.1680356005831601
tfim_h0.5,"TFIM (J=1, h=0.5)",4,5,entanglement_local,Entanglement + local cost,11,3,mean,9.376657803265788,3.3811156153652586,11.524197130714716,0.0,32.730540907916534,12,12,0,0,1.0,,,12,0,0.181810716662675
tfim_h0.5,"TFIM (J=1, h=0.5)",4,5,entanglement_local,Entanglement + local cost,12,3,mean,6.874433323915105,0.5976678398899805,11.762955467925712,0.0,38.610565259135655,12,12,0,0,1.0,,,12,0,0.12915349589512382
tfim_h0.5,"TFIM (J=1, h=0.5)",4,5,entanglement_local,Entanglement + local cost,13,3,mean,14.753472566166119,1.7776109387591263,24.48534449210998,0.0,82.84940759341292,12,12,0,0,1.0,,,12,0,0.21477917575871885
tfim_h0.5,"TFIM (J=1, h=0.5)",4,5,entanglement_local,Entanglement + local cost,14,3,mean,6.491904334576199,1.078957706179314,9.30926419435246,0.0,25.27987915627916,12,12,0,0,1.0,,,12,0,0.12425854536477528
tfim_h0.5,"TFIM (J=1, h=0.5)",4,5,entanglement_local,Entanglement + local cost,15,3,mean,9.710629715532619,1.4052863201206887,13.939731462191537,0.0,44.971408187504906,12,12,0,0,1.0,,,12,0,0.16922877431075467
tfim_h0.5,"TFIM (J=1, h=0.5)",4,5,entanglement_local,Entanglement + local cost,16,3,mean,12.144426081474087,4.9676470216028195,15.469279806521438,0.0,53.605213831331234,12,12,0,0,1.0,,,12,0,0.21857732204357064
tfim_h0.5,"TFIM (J=1, h=0.5)",4,5,entanglement_local,Entanglement + local cost,17,3,mean,3.8576994609962374,0.05256991335767246,7.35189874819008,0.0,21.147242932958704,12,12,0,0,1.0,,,12,0,0.0697290102184787
tfim_h0.5,"TFIM (J=1, h=0.5)",4,5,entanglement_local,Entanglement + local cost,18,3,mean,12.66393415584929,9.39237189688529,13.314446318482627,0.0,38.944986823560136,12,12,0,0,1.0,,,12,0,0.23337253365048324
tfim_h0.5,"TFIM (J=1, h=0.5)",4,5,entanglement_local,Entanglement + local cost,19,3,mean,14.764058573937499,4.642434760439264,22.73314010238087,0.0,71.52943419034038,12,12,0,0,1.0,,,12,0,0.2228669177900778
tfim_h0.5,"TFIM (J=1, h=0.5)",4,5,entanglement_local,Entanglement + local cost,20,3,mean,9.643121948805595,2.2048836414924295,20.600277511872147,6.230491756219954e-16,75.77167221755775,12,12,0,0,1.0,,,12,0,0.1430804495779174
tfim_h0.5,"TFIM (J=1, h=0.5)",4,5,entanglement_local,Entanglement + local cost,21,3,mean,8.663411898698753,11.500556801261101,7.622362301345092,3.1129674093485317e-16,19.026817752060477,12,12,0,0,1.0,,,12,0,0.18194601408802183
tfim_h0.5,"TFIM (J=1, h=0.5)",4,5,entanglement_local,Entanglement + local cost,22,3,mean,23.721335589826975,1.2357006629882272,42.37710462880527,0.0,134.09209834010247,12,12,0,0,1.0,,,12,0,0.23948932307120677
tfim_h0.5,"TFIM (J=1, h=0.5)",4,5,entanglement_local,Entanglement + local cost,23,3,mean,9.703873742462575,1.2540752425232675,13.738744488993543,0.0,41.17570131190184,12,12,0,0,1.0,,,12,0,0.1709756202031202
tfim_h0.5,"TFIM (J=1, h=0.5)",4,5,entanglement_local,Entanglement + local cost,24,3,mean,6.561317552222904,4.294176025839414,7.554459291148966,0.0,23.779358083634087,12,12,0,0,1.0,,,12,0,0.13512545677615487
tfim_h0.5,"TFIM (J=1, h=0.5)",4,5,entanglement_local,Entanglement + local cost,25,3,mean,7.588307661304067,5.09651372130542,8.457980021453558,0.0,26.527857841163687,12,12,0,0,1.0,,,12,0,0.1574009534045296
tfim_h0.5,"TFIM (J=1, h=0.5)",4,5,entanglement_local,Entanglement + local cost,26,3,mean,16.025019280796762,1.3271051940463332,19.797908000027697,6.292605668463358e-16,51.64521955614011,12,12,0,0,1.0,,,12,0,0.26443629554916254
tfim_h0.5,"TFIM (J=1, h=0.5)",4,5,entanglement_local,Entanglement + local cost,27,3,mean,3.379448469320637,0.6485500653274765,5.521687710150548,0.0,18.056917770118496,12,12,0,0,1.0,,,12,0,0.06716631261195044
tfim_h0.5,"TFIM (J=1, h=0.5)",4,5,entanglement_local,Entanglement + local cost,28,3,mean,8.056011024919366,5.00629643245699,9.204851644411013,0.0,24.5096628952867,12,12,0,0,1.0,,,12,0,0.16505323347060433
tfim_h0.5,"TFIM (J=1, h=0.5)",4,5,entanglement_local,Entanglement + local cost,29,3,mean,14.65670838334133,1.0068533399779858,30.532659225115612,6.281016861629315e-16,111.54029938516298,12,12,0,0,1.0,,,12,0,0.18520919340711106
tfim_h0.5,"TFIM (J=1, h=0.5)",4,5,entanglement_local,Entanglement + local cost,30,3,mean,10.603312239688085,1.4255906259957913,18.756203691129514,0.0,67.40216973862599,12,12,0,0,1.0,,,12,0,0.17227434069209083
tfim_h0.5,"TFIM (J=1, h=0.5)",4,5,entanglement_local,Entanglement + local cost,31,3,mean,9.89571083236905,5.480968133476319,11.629694721211596,6.211100040392071e-16,37.6823753453817,12,12,0,0,1.0,,,12,0,0.1931604056626187
tfim_h0.5,"TFIM (J=1, h=0.5)",4,5,entanglement_local,Entanglement + local cost,32,3,mean,5.983925950880093,1.8197738156812626,12.099232129458239,0.0,44.80513419812716,12,12,0,0,1.0,,,12,0,0.10608475827290154
tfim_h0.5,"TFIM (J=1, h=0.5)",4,5,entanglement_local,Entanglement + local cost,33,3,mean,31.213345463273566,1.0961838862226803,56.81267275018868,0.0,178.400917887529,12,12,0,0,1.0,,,12,0,0.2493769269490531
tfim_h0.5,"TFIM (J=1, h=0.5)",4,5,entanglement_local,Entanglement + local cost,34,3,mean,19.766026886757988,2.2981542714143894,33.79295020316588,0.0,92.10126024292207,12,12,0,0,1.0,,,12,0,0.22855490657847657
tfim_h0.5,"TFIM (J=1, h=0.5)",4,5,entanglement_local,Entanglement + local cost,35,3,mean,6.264182264714157,2.2097734890562473,11.19902050364109,1.380674106866976e-15,41.34239348679641,12,12,0,0,1.0,,,12,0,0.11630006306400602
tfim_h0.5,"TFIM (J=1, h=0.5)",4,5,entanglement_local,Entanglement + local cost,36,3,mean,7.473741476211657,5.437652434859908,8.0226013526886,0.0,22.582117890203367,12,12,0,0,1.0,,,12,0,0.15471178447558362
tfim_h0.5,"TFIM (J=1, h=0.5)",4,5,entanglement_local,Entanglement + local cost,37,3,mean,11.29418490899677,7.574616485997742,11.963226314929514,0.0,35.887151041192,12,12,0,0,1.0,,,12,0,0.21777223451049488
tfim_h0.5,"TFIM (J=1, h=0.5)",4,5,entanglement_local,Entanglement + local cost,38,3,mean,35.89379345889623,0.7187349809477541,72.75225044222086,0.0,205.58565441337055,12,12,0,0,1.0,,,12,0,0.22030279118129878
tfim_h0.5,"TFIM (J=1, h=0.5)",4,5,entanglement_local,Entanglement + local cost,39,3,mean,8.23864256666181,3.582421334284228,10.091614756831975,0.0,25.316692032432645,12,12,0,0,1.0,,,12,0,0.16472678278701014
tfim_h0.5,"TFIM (J=1, h=0.5)",4,5,entanglement_local,Entanglement + local cost,40,3,mean,9.372951186256486,2.628267713464116,14.588185757599982,6.309317429500181e-16,52.62039291927387,12,12,0,0,1.0,,,12,0,0.16908471136298867
tfim_h0.5,"TFIM (J=1, h=0.5)",4,5,entanglement_local,Entanglement + local cost,41,3,mean,17.688654573720974,4.770891674004048,22.591688287121123,0.0,58.2023889221218,12,12,0,0,1.0,,,12,0,0.2633038577105459
tfim_h0.5,"TFIM (J=1, h=0.5)",4,5,entanglement_local,Entanglement + local cost,42,3,mean,10.142981699546441,0.6438153344004327,23.386196374537402,0.0,85.95779226368276,12,12,0,0,1.0,,,12,0,0.1380070093303713
tfim_h0.5,"TFIM (J=1, h=0.5)",4,5,entanglement_local,Entanglement + local cost,43,3,mean,22.106768707915762,0.34808388710126714,53.02665781510819,0.0,193.59409028538562,12,12,0,0,1.0,,,12,0,0.1912290424220647
tfim_h0.5,"TFIM (J=1, h=0.5)",4,5,entanglement_local,Entanglement + local cost,44,3,mean,3.6874599189740156,2.1909018455214464,4.130347082451571,0.0,11.726614851979509,12,12,0,0,1.0,,,12,0,0.06428370694811857
tfim_h0.5,"TFIM (J=1, h=0.5)",4,5,entanglement_local,Entanglement + local cost,45,3,mean,13.220113556889807,3.9209085614768986,18.497604413588626,0.0,54.663998240941915,12,12,0,0,1.0,,,12,0,0.22273183709443456
tfim_h0.5,"TFIM (J=1, h=0.5)",4,5,entanglement_local,Entanglement + local cost,46,3,mean,9.300766838141492,8.641214140028135,9.040613333141444,0.0,26.11679473438715,12,12,0,0,1.0,,,12,0,0.19162357605635025
tfim_h0.5,"TFIM (J=1, h=0.5)",4,5,entanglement_local,Entanglement + local cost,47,3,mean,7.233133804187354,1.099689699401774,12.236201481750362,0.0,38.39347858874307,12,12,0,0,1.0,,,12,0,0.13199014880010146
tfim_h0.5,"TFIM (J=1, h=0.5)",4,5,entanglement_local,Entanglement + local cost,48,3,mean,10.294626426206168,3.103401763538688,15.904718472299761,0.0,47.0830787916359,12,12,0,0,1.0,,,12,0,0.1798332994044802
tfim_h0.5,"TFIM (J=1, h=0.5)",4,5,entanglement_local,Entanglement + local cost,49,3,mean,5.4281607998217405,3.260282194533131,6.951167056079684,0.0,24.246466605052937,12,12,0,0,1.0,,,12,0,0.10792191273463643
tfim_h0.5,"TFIM (J=1, h=0.5)",4,5,entanglement_local,Entanglement + local cost,50,3,mean,8.41397181701959,4.850574684214702,13.48904458649754,0.0,49.524358991602995,12,12,0,0,1.0,,,12,0,0.15357787469193113
tfim_h0.5,"TFIM (J=1, h=0.5)",4,5,entanglement_local,Entanglement + local cost,51,3,mean,1.4680727451753983,0.13465431125187344,2.119605335180986,0.0,6.514585234907171,12,12,0,0,1.0,,,12,0,0.024742445985298473
tfim_h0.5,"TFIM (J=1, h=0.5)",4,5,entanglement_local,Entanglement + local cost,52,3,mean,6.988215313257824,1.0689744536880545,9.89664020135629,0.0,31.215794014023032,12,12,0,0,1.0,,,12,0,0.13702172819041938
tfim_h0.5,"TFIM (J=1, h=0.5)",4,5,entanglement_local,Entanglement + local cost,53,3,mean,11.669804773327492,5.245477139797749,15.859750525165012,0.0,53.84245918112285,12,12,0,0,1.0,,,12,0,0.2086392557037672
tfim_h0.5,"TFIM (J=1, h=0.5)",4,5,entanglement_local,Entanglement + local cost,54,3,mean,10.418040314429648,0.5061927154507384,30.545199453653556,0.0,111.53951546732117,12,12,0,0,1.0,,,12,0,0.10227537024635242
tfim_h0.5,"TFIM (J=1, h=0.5)",4,5,entanglement_local,Entanglement + local cost,55,3,mean,6.294472877718999,0.5802238346596783,12.546068403580302,0.0,44.14513978808816,12,12,0,0,1.0,,,12,0,0.11191793595221765
tfim_h0.5,"TFIM (J=1, h=0.5)",4,5,entanglement_local,Entanglement + local cost,56,3,mean,5.616262425564863,2.1532718160530453,11.325334814569889,6.231487396692324e-16,42.290088149811794,12,12,0,0,1.0,,,12,0,0.10371298180385373
tfim_h0.5,"TFIM (J=1, h=0.5)",4,5,entanglement_local,Entanglement + local cost,57,3,mean,7.792745294535522,1.9782891779534233,16.943809706267057,0.0,63.071026234405274,12,12,0,0,1.0,,,12,0,0.12398348765892024
tfim_h0.5,"TFIM (J=1, h=0.5)",4,5,entanglement_local,Entanglement + local cost,58,3,mean,9.539096570640176,0.6091273287348383,13.015867698541705,0.0,41.16454705354187,12,12,0,0,1.0,,,12,0,0.17368678883613894
tfim_h0.5,"TFIM (J=1, h=0.5)",4,5,entanglement_local,Entanglement + local cost,59,3,mean,16.752502777999158,8.181435167526876,23.61568470030456,0.0,70.73346400782145,12,12,0,0,1.0,,,12,0,0.2446310246671507
tfim_h0.5,"TFIM (J=1, h=0.5)",4,5,entanglement_local,Entanglement + local cost,60,3,mean,4.427062373533222,0.1613417114647432,7.055189227450424,0.0,21.158659666429685,12,12,0,0,1.0,,,12,0,0.09289310312910315
tfim_h0.5,"TFIM (J=1, h=0.5)",4,5,entanglement_local,Entanglement + local cost,61,3,mean,9.85858096983953,6.040930735681579,10.004989559754035,0.0,24.443655893624854,12,12,0,0,1.0,,,12,0,0.19863154593217516
tfim_h0.5,"TFIM (J=1, h=0.5)",4,5,entanglement_local,Entanglement + local cost,62,3,mean,8.480307763782198,4.881676460260738,9.72261264181455,0.0,26.62649723473796,12,12,0,0,1.0,,,12,0,0.17238048125056227
tfim_h0.5,"TFIM (J=1, h=0.5)",4,5,entanglement_local,Entanglement + local cost,63,3,mean,14.837403146568839,1.1338651336639807,28.935144132114647,1.3584147133122649e-15,89.21378578660055,12,12,0,0,1.0,,,12,0,0.18226375677756076
tfim_h0.5,"TFIM (J=1, h=0.5)",4,5,entanglement_local,Entanglement + local cost,64,3,mean,9.846012886662278,4.1682172110451585,13.216335173954068,0.0,38.40445863836834,12,12,0,0,1.0,,,12,0,0.1766956613148575
tfim_h0.5,"TFIM (J=1, h=0.5)",4,5,entanglement_local,Entanglement + local cost,65,3,mean,8.684059612172733,0.7853687512540916,12.804370836468232,0.0,33.80666752426612,12,12,0,0,1.0,,,12,0,0.1625641464760619
tfim_h0.5,"TFIM (J=1, h=0.5)",4,5,entanglement_local,Entanglement + local cost,66,3,mean,4.574646784176955,2.4781926783805037,6.298328231752155,0.0,21.887936066378167,12,12,0,0,1.0,,,12,0,0.07725894797914172
tfim_h0.5,"TFIM (J=1, h=0.5)",4,5,entanglement_local,Entanglement + local cost,67,3,mean,11.151710750260309,4.792321724254306,13.589859638047246,0.0,38.43665910844682,12,12,0,0,1.0,,,12,0,0.209801796773166
tfim_h0.5,"TFIM (J=1, h=0.5)",4,5,entanglement_local,Entanglement + local cost,68,3,mean,11.825759354843775,7.522094101547798,13.733706056077631,0.0,40.18567411114174,12,12,0,0,1.0,,,12,0,0.22042712816398535
tfim_h0.5,"TFIM (J=1, h=0.5)",4,5,entanglement_local,Entanglement + local cost,69,3,mean,11.48210915833919,7.491145641776656,12.650475503479997,0.0,36.63406727203655,12,12,0,0,1.0,,,12,0,0.22164649934376554
tfim_h0.5,"TFIM (J=1, h=0.5)",4,5,entanglement_local,Entanglement + local cost,70,3,mean,7.374742784755582,0.9019834416464153,17.66679516230497,0.0,65.01188881638942,12,12,0,0,1.0,,,12,0,0.10962834555549307
tfim_h0.5,"TFIM (J=1, h=0.5)",4,5,entanglement_local,Entanglement + local cost,71,3,mean,15.781035330296634,0.11516864593988557,46.61071868328484,3.105439573860385e-16,170.13555767881766,12,12,0,0,1.0,,,12,0,0.11608907814176318
tfim_h0.5,"TFIM (J=1, h=0.5)",4,5,entanglement_local,Entanglement + local cost,72,3,mean,10.145960573865503,1.7383729870315152,17.29420681023262,0.0,61.629861788634315,12,12,0,0,1.0,,,12,0,0.1709353485932834
tfim_h0.5,"TFIM (J=1, h=0.5)",4,5,entanglement_local,Entanglement + local cost,73,3,mean,9.647251687281722,3.156950392386455,16.226251904168024,0.0,54.75559319010492,12,12,0,0,1.0,,,12,0,0.16556539079958146
tfim_h0.5,"TFIM (J=1, h=0.5)",4,5,entanglement_local,Entanglement + local cost,74,3,mean,11.44346046455378,4.694027182619912,16.11725725040398,0.0,44.667291971267545,12,12,0,0,1.0,,,12,0,0.2015410643744907
tfim_h0.5,"TFIM (J=1, h=0.5)",4,5,entanglement_local,Entanglement + local cost,75,3,mean,3.2248506568063724,0.057521799929744835,8.095163186741054,0.0,29.758033155357257,12,12,0,0,1.0,,,12,0,0.05967429160834362
tfim_h0.5,"TFIM (J=1, h=0.5)",4,5,entanglement_local,Entanglement + local cost,76,3,mean,7.735025415210323,3.407573115617646,11.32868240385213,0.0,40.75360221365368,12,12,0,0,1.0,,,12,0,0.1496413732639729
tfim_h0.5,"TFIM (J=1, h=0.5)",4,5,entanglement_local,Entanglement + local cost,77,3,mean,3.7849595056665684,1.4678030375132827,5.581957181578423,3.125188872070115e-16,16.50050020249911,12,12,0,0,1.0,,,12,0,0.08109133275704054
tfim_h0.5,"TFIM (J=1, h=0.5)",4,5,entanglement_local,Entanglement + local cost,78,3,mean,5.685674394509445,1.7799062872924738,7.921731754785715,0.0,23.42069119843876,12,12,0,0,1.0,,,12,0,0.11506717596855838
tfim_h0.5,"TFIM (J=1, h=0.5)",4,5,entanglement_local,Entanglement + local cost,79,3,mean,12.64296525062386,5.8760594305001606,15.658992266652785,0.0,45.49466228195179,12,12,0,0,1.0,,,12,0,0.2270384857747787
tfim_h0.5,"TFIM (J=1, h=0.5)",4,5,entanglement_local,Entanglement + local cost,80,3,mean,5.601232506900544,0.7732542071489414,11.00053720262732,0.0,35.73395652044831,12,12,0,0,1.0,,,12,0,0.10578491596349913
tfim_h0.5,"TFIM (J=1, h=0.5)",4,5,entanglement_local,Entanglement + local cost,81,3,mean,19.48982776362351,4.564438198317529,36.511176961506635,0.0,120.74968853769067,12,12,0,0,1.0,,,12,0,0.21783827492781957
tfim_h0.5,"TFIM (J=1, h=0.5)",4,5,entanglement_local,Entanglement + local cost,82,3,mean,10.481398530902853,2.577581088432679,15.960249488625065,0.0,50.35113592475535,12,12,0,0,1.0,,,12,0,0.18272276906097482
tfim_h0.5,"TFIM (J=1, h=0.5)",4,5,entanglement_local,Entanglement + local cost,83,3,mean,8.429705572245291,2.036726271176881,15.317125167602418,0.0,56.7388090075404,12,12,0,0,1.0,,,12,0,0.14481717451902532
tfim_h0.5,"TFIM (J=1, h=0.5)",4,5,entanglement_local,Entanglement + local cost,84,3,mean,5.927078873883687,2.8412953558233944,7.9702462676104595,0.0,22.91345855953457,12,12,0,0,1.0,,,12,0,0.12097107511078901
tfim_h0.5,"TFIM (J=1, h=0.5)",4,5,entanglement_local,Entanglement + local cost,85,3,mean,66.29964718642815,0.5896807994493024,148.15376145643165,0.0,530.1604897623203,12,12,0,0,1.0,,,12,0,0.2479931343045231
tfim_h0.5,"TFIM (J=1, h=0.5)",4,5,entanglement_local,Entanglement + local cost,86,3,mean,12.593243363383193,8.4263807702652,14.190302242141675,0.0,47.3036499395165,12,12,0,0,1.0,,,12,0,0.22645303168354602
tfim_h0.5,"TFIM (J=1, h=0.5)",4,5,entanglement_local,Entanglement + local cost,87,3,mean,7.510858752659491,0.15653015081686705,14.836224179752879,0.0,51.44360732297084,12,12,0,0,1.0,,,12,0,0.12644612021597637
tfim_h0.5,"TFIM (J=1, h=0.5)",4,5,entanglement_local,Entanglement + local cost,88,3,mean,9.145403382953408,5.2239587420185325,11.602129546441283,0.0,40.87728660586412,12,12,0,0,1.0,,,12,0,0.1642752683360169
tfim_h0.5,"TFIM (J=1, h=0.5)",4,5,entanglement_local,Entanglement + local cost,89,3,mean,10.297189975066216,2.7455113014928267,14.278821166056439,0.0,41.82330525044208,12,12,0,0,1.0,,,12,0,0.18643414801149807
tfim_h0.5,"TFIM (J=1, h=0.5)",4,5,entanglement_local,Entanglement + local cost,90,3,mean,5.155970646850865,0.0031375016140639937,8.08226737116854,0.0,21.627853932741083,12,12,0,0,1.0,,,12,0,0.10121886596998168
tfim_h0.5,"TFIM (J=1, h=0.5)",4,5,entanglement_local,Entanglement + local cost,91,3,mean,8.99899540795427,3.067746615700879,14.170605218260517,1.3040828812874563e-15,49.83651794175471,12,12,0,0,1.0,,,12,0,0.16113919544176591
tfim_h0.5,"TFIM (J=1, h=0.5)",4,5,entanglement_local,Entanglement + local cost,92,3,mean,16.006443470301463,5.361698982977847,23.9171459896563,1.9039706544436144e-15,73.27922914603104,12,12,0,0,1.0,,,12,0,0.2383509592206501
tfim_h0.5,"TFIM (J=1, h=0.5)",4,5,entanglement_local,Entanglement + local cost,93,3,mean,8.50257795512499,2.4185160050380237,12.665485764408693,0.0,35.19229882889004,12,12,0,0,1.0,,,12,0,0.15108280155533724
tfim_h0.5,"TFIM (J=1, h=0.5)",4,5,entanglement_local,Entanglement + local cost,94,3,mean,1.8625482396659618,0.39717833403407304,3.242983210271965,0.0,10.985217564832855,12,12,0,0,1.0,,,12,0,0.03629839373616759
tfim_h0.5,"TFIM (J=1, h=0.5)",4,5,entanglement_local,Entanglement + local cost,95,3,mean,4.619252174482791,5.049988099715845,4.5150528618905,0.0,13.151144229887901,12,12,0,0,1.0,,,12,0,0.08454368904119407
tfim_h0.5,"TFIM (J=1, h=0.5)",4,5,entanglement_local,Entanglement + local cost,96,3,mean,14.411228900404844,2.1838088032290144,32.28976292396019,0.0,118.14619870464303,12,12,0,0,1.0,,,12,0,0.17030707647689355
tfim_h0.5,"TFIM (J=1, h=0.5)",4,5,entanglement_local,Entanglement + local cost,97,3,mean,6.628122514459943,2.438703647020115,7.817796993140655,0.0,19.727027317455956,12,12,0,0,1.0,,,12,0,0.13837727366541433
tfim_h0.5,"TFIM (J=1, h=0.5)",4,5,entanglement_local,Entanglement + local cost,98,3,mean,9.780758298772673,0.8230275214594582,12.251124508123993,0.0,33.32189013047588,12,12,0,0,1.0,,,12,0,0.18690580931227097
tfim_h0.5,"TFIM (J=1, h=0.5)",4,5,entanglement_local,Entanglement + local cost,99,3,mean,8.772879016526973,0.022253803325737204,14.87152483989219,0.0,35.55854851769539,12,12,0,0,1.0,,,12,0,0.15577271431869696
tfim_h0.5,"TFIM (J=1, h=0.5)",4,5,entanglement_local,Entanglement + local cost,100,3,mean,7.31299811262522,4.5095762838443765,9.925226196305411,0.0,34.13609088822161,12,12,0,0,1.0,,,12,0,0.145825671931999
tfim_h0.5,"TFIM (J=1, h=0.5)",4,5,entanglement_local,Entanglement + local cost,101,3,mean,10.37356733588561,3.5164442056216894,15.647001491155857,0.0,51.383475937162075,12,12,0,0,1.0,,,12,0,0.18346738720243197
tfim_h0.5,"TFIM (J=1, h=0.5)",4,5,entanglement_local,Entanglement + local cost,102,3,mean,11.986576346590953,3.539341898775758,20.19905335368803,0.0,70.54258028079397,12,12,0,0,1.0,,,12,0,0.1894555566493478
tfim_h0.5,"TFIM (J=1, h=0.5)",4,5,entanglement_local,Entanglement + local cost,103,3,mean,12.292571187406837,4.166983239386993,19.443368527386525,0.0,67.140224790223,12,12,0,0,1.0,,,12,0,0.1912898350344725
tfim_h0.5,"TFIM (J=1, h=0.5)",4,5,entanglement_local,Entanglement + local cost,104,3,mean,7.367020112313827,0.9306305997433502,17.187520525904805,0.0,63.682576420021874,12,12,0,0,1.0,,,12,0,0.11106313900523275
tfim_h0.5,"TFIM (J=1, h=0.5)",4,5,entanglement_local,Entanglement + local cost,105,3,mean,7.764859287993006,9.357694973500035,7.091468862876989,0.0,17.717185550359176,12,12,0,0,1.0,,,12,0,0.16393054093290602
tfim_h0.5,"TFIM (J=1, h=0.5)",4,5,entanglement_local,Entanglement + local cost,106,3,mean,23.700093803833564,3.299620751827352,40.742161503128855,0.0,114.12349185516821,12,12,0,0,1.0,,,12,0,0.2482776019505111
tfim_h0.5,"TFIM (J=1, h=0.5)",4,5,entanglement_local,Entanglement + local cost,107,3,mean,9.48642122250739,2.5303788700286596,11.587601872771641,6.206355712488301e-16,34.90099289117158,12,12,0,0,1.0,,,12,0,0.18547020487900442
tfim_h0.5,"TFIM (J=1, h=0.5)",4,5,entanglement_local,Entanglement + local cost,108,3,mean,11.684812719359316,10.897520110987966,11.44207948361117,0.0,34.884215424695256,12,12,0,0,1.0,,,12,0,0.2314788557374646
tfim_h0.5,"TFIM (J=1, h=0.5)",4,5,entanglement_local,Entanglement + local cost,109,3,mean,11.247087924244767,0.08109160959589021,20.676681759793553,0.0,56.78150830837085,12,12,0,0,1.0,,,12,0,0.16742522003013616
tfim_h0.5,"TFIM (J=1, h=0.5)",4,5,entanglement_local,Entanglement + local cost,110,3,mean,8.356271509922585,3.622733246924562,10.750371070975019,0.0,32.62274528812484,12,12,0,0,1.0,,,12,0,0.15708768340934406
tfim_h0.5,"TFIM (J=1, h=0.5)",4,5,entanglement_local,Entanglement + local cost,111,3,mean,3.7501681187642437,1.0030181562719318,4.690546945426522,0.0,13.013109698710386,12,12,0,0,1.0,,,12,0,0.07404801619680594
tfim_h0.5,"TFIM (J=1, h=0.5)",4,5,entanglement_local,Entanglement + local cost,112,3,mean,9.302039459902927,2.3244809699723863,12.453464394223877,0.0,42.21553735337451,12,12,0,0,1.0,,,12,0,0.17767898766530574
tfim_h0.5,"TFIM (J=1, h=0.5)",4,5,entanglement_local,Entanglement + local cost,113,3,mean,12.449725150389463,8.535387467335031,12.737662659648482,0.0,35.45268031591251,12,12,0,0,1.0,,,12,0,0.2397187883264009
tfim_h0.5,"TFIM (J=1, h=0.5)",4,5,entanglement_local,Entanglement + local cost,114,3,mean,8.061119965878152,7.493747318289216,8.033259469314215,2.8989460376943992e-15,21.072180900855713,12,12,0,0,1.0,,,12,0,0.15865383528049726
tfim_h0.5,"TFIM (J=1, h=0.5)",4,5,entanglement_local,Entanglement + local cost,115,3,mean,7.956266449693032,2.797452222397756,11.144072361628035,0.0,37.65279745765859,12,12,0,0,1.0,,,12,0,0.15049559966249157
tfim_h0.5,"TFIM (J=1, h=0.5)",4,5,entanglement_local,Entanglement + local cost,116,3,mean,5.893154614148414,0.055106595415441446,9.589906300567764,0.0,30.302039365390076,12,12,0,0,1.0,,,12,0,0.11377644985052056
tfim_h0.5,"TFIM (J=1, h=0.5)",4,5,entanglement_local,Entanglement + local cost,117,3,mean,3.3592756673102486,0.4752451885652671,5.011068678555623,0.0,14.54500958873692,12,12,0,0,1.0,,,12,0,0.06458522594730128
tfim_h0.5,"TFIM (J=1, h=0.5)",4,5,entanglement_local,Entanglement + local cost,118,3,mean,5.609082903807437,1.6695241552312687,9.045896501120847,0.0,32.97762699318508,12,12,0,0,1.0,,,12,0,0.10568784553886167
tfim_h0.5,"TFIM (J=1, h=0.5)",4,5,entanglement_local,Entanglement + local cost,119,3,mean,43.50579407320387,2.32985898428748,97.53173061769222,0.0,339.8586640102992,12,12,0,0,1.0,,,12,0,0.22756652894366217
tfim_h0.5,"TFIM (J=1, h=0.5)",4,5,entanglement_local,Entanglement + local cost,120,3,mean,13.537463729952584,4.729290363376194,19.600264446284037,0.0,67.2727524073594,12,12,0,0,1.0,,,12,0,0.22202295540290082
tfim_h0.5,"TFIM (J=1, h=0.5)",4,5,entanglement_local,Entanglement + local cost,121,3,mean,1.9552034417058684,0.8211301691936781,2.69492040766739,0.0,7.55379705495768,12,12,0,0,1.0,,,12,0,0.03309166811037756
tfim_h0.5,"TFIM (J=1, h=0.5)",4,5,entanglement_local,Entanglement + local cost,122,3,mean,10.847094283926232,5.193849181938894,14.656997490756876,0.0,48.684909245887546,12,12,0,0,1.0,,,12,0,0.19693173679281065
tfim_h0.5,"TFIM (J=1, h=0.5)",4,5,entanglement_local,Entanglement + local cost,123,3,mean,9.336719696013217,5.020858140483149,16.911863109235668,0.0,63.47090264343623,12,12,0,0,1.0,,,12,0,0.1558450591486184
tfim_h0.5,"TFIM (J=1, h=0.5)",4,5,entanglement_local,Entanglement + local cost,124,3,mean,5.118897963514723,3.1767802012396,5.397649032753597,6.044081171190764e-15,13.29783052609289,12,12,0,0,1.0,,,12,0,0.10335897110015364
tfim_h0.5,"TFIM (J=1, h=0.5)",4,5,entanglement_local,Entanglement + local cost,125,3,mean,9.949244075180198,4.117850763280117,12.430283953542684,0.0,35.75433533857167,12,12,0,0,1.0,,,12,0,0.19153595850999583
tfim_h0.5,"TFIM (J=1, h=0.5)",4,5,entanglement_local,Entanglement + local cost,126,3,mean,6.3729902625197665,2.0737919910097102,9.067288689395653,0.0,26.856925656976102,12,12,0,0,1.0,,,12,0,0.12372494783261401
tfim_h0.5,"TFIM (J=1, h=0.5)",4,5,entanglement_local,Entanglement + local cost,127,3,mean,21.95016430260085,4.654879479140378,39.65146029831698,0.0,128.62240711486803,12,12,0,0,1.0,,,12,0,0.2358255868761218
tfim_h0.5,"TFIM (J=1, h=0.5)",4,5,entanglement_local,Entanglement + local cost,128,3,mean,7.2998061484097185,2.287431303404508,13.618270696489084,0.0,50.46872277728514,12,12,0,0,1.0,,,12,0,0.12869278877455123
tfim_h0.5,"TFIM (J=1, h=0.5)",4,5,entanglement_local,Entanglement + local cost,129,3,mean,12.83329871520401,3.1653181429160306,28.955893030710573,0.0,107.56759238632291,12,12,0,0,1.0,,,12,0,0.16007512452704845
tfim_h0.5,"TFIM (J=1, h=0.5)",4,5,entanglement_local,Entanglement + local cost,130,3,mean,9.13917725498952,0.036829686480923544,15.148429403667915,0.0,41.562361279959845,12,12,0,0,1.0,,,12,0,0.16143098106260748
tfim_h0.5,"TFIM (J=1, h=0.5)",4,5,entanglement_local,Entanglement + local cost,131,3,mean,12.733236671314264,8.925556359737477,13.233683680814073,0.0,34.289638402433596,12,12,0,0,1.0,,,12,0,0.24009453254395266
tfim_h0.5,"TFIM (J=1, h=0.5)",4,5,entanglement_local,Entanglement + local cost,132,3,mean,8.666924214832923,3.9891463858591676,11.112797109106713,0.0,37.224759390206195,12,12,0,0,1.0,,,12,0,0.16851947005904702
tfim_h0.5,"TFIM (J=1, h=0.5)",4,5,entanglement_local,Entanglement + local cost,133,3,mean,15.008616460845381,5.214086535686869,19.835112007374228,0.0,56.15754899262373,12,12,0,0,1.0,,,12,0,0.24726932288224177
tfim_h0.5,"TFIM (J=1, h=0.5)",4,5,entanglement_local,Entanglement + local cost,134,3,mean,15.480029996768067,2.6764040469130395,22.387392753226614,0.0,56.01225924483875,12,12,0,0,1.0,,,12,0,0.23636143419270975
tfim_h0.5,"TFIM (J=1, h=0.5)",4,5,entanglement_local,Entanglement + local cost,135,3,mean,11.799590219204248,4.431270244584972,15.116591081711197,0.0,38.38106259957686,12,12,0,0,1.0,,,12,0,0.20055288773633598
tfim_h0.5,"TFIM (J=1, h=0.5)",4,5,entanglement_local,Entanglement + local cost,136,3,mean,7.086644093380784,2.164236700429286,8.90392900223647,0.0,28.458171042397293,12,12,0,0,1.0,,,12,0,0.1438831223979014
tfim_h0.5,"TFIM (J=1, h=0.5)",4,5,entanglement_local,Entanglement + local cost,137,3,mean,30.56990923571713,0.8115887890691347,77.23847656504418,0.0,282.71571578267304,12,12,0,0,1.0,,,12,0,0.2057387716193643
tfim_h0.5,"TFIM (J=1, h=0.5)",4,5,entanglement_local,Entanglement + local cost,138,3,mean,7.506301107547395,1.4070282763917368,9.115696278601467,0.0,27.043687141373695,12,12,0,0,1.0,,,12,0,0.14409761820556813
tfim_h0.5,"TFIM (J=1, h=0.5)",4,5,entanglement_local,Entanglement + local cost,139,3,mean,12.789583875180256,0.04453178029138032,25.65145655412185,0.0,90.33393546613249,12,12,0,0,1.0,,,12,0,0.17469539843720827
tfim_h0.5,"TFIM (J=1, h=0.5)",4,5,entanglement_local,Entanglement + local cost,140,3,mean,8.688913121280388,1.0769678856249874,13.266170692806245,0.0,34.984898502508436,12,12,0,0,1.0,,,12,0,0.15996852443604448
tfim_h0.5,"TFIM (J=1, h=0.5)",4,5,entanglement_local,Entanglement + local cost,141,3,mean,4.623348170988596,0.6267591144654637,8.766447302650876,1.5536557072053937e-16,27.00467686487216,12,12,0,0,1.0,,,12,0,0.0924873440423115
tfim_h0.5,"TFIM (J=1, h=0.5)",4,5,entanglement_local,Entanglement + local cost,142,3,mean,3.9187425371825593,0.7486770892897208,5.26481985151703,0.0,15.146554852384856,12,12,0,0,1.0,,,12,0,0.07835062716332451
tfim_h0.5,"TFIM (J=1, h=0.5)",4,5,entanglement_local,Entanglement + local cost,143,3,mean,14.673496465020515,2.4074659896530264,20.700797545335583,0.0,58.70378768814398,12,12,0,0,1.0,,,12,0,0.22900695592590792
tfim_h0.5,"TFIM (J=1, h=0.5)",4,5,entanglement_local,Entanglement + local cost,144,3,mean,7.667846532623138,2.3031098688357945,11.18512115444961,0.0,40.41232562100352,12,12,0,0,1.0,,,12,0,0.14826545930057614
tfim_h0.5,"TFIM (J=1, h=0.5)",4,5,entanglement_local,Entanglement + local cost,145,3,mean,14.747400088014778,1.5731077187543687,21.44636891710469,0.0,57.25351510497766,12,12,0,0,1.0,,,12,0,0.2173268048078785
tfim_h0.5,"TFIM (J=1, h=0.5)",4,5,entanglement_local,Entanglement + local cost,146,3,mean,6.601525809588139,2.457361420367398,8.184149808326465,0.0,23.3129581288294,12,12,0,0,1.0,,,12,0,0.129142543984364
tfim_h0.5,"TFIM (J=1, h=0.5)",4,5,entanglement_local,Entanglement + local cost,147,3,mean,5.956112044321492,4.536980587254518,6.350607929874179,0.0,18.73335535055885,12,12,0,0,1.0,,,12,0,0.10407782251202984
tfim_h0.5,"TFIM (J=1, h=0.5)",4,5,entanglement_local,Entanglement + local cost,148,3,mean,6.352971584773119,3.616456498045111,8.220325207532362,0.0,28.614095984932685,12,12,0,0,1.0,,,12,0,0.1285426969011897
tfim_h0.5,"TFIM (J=1, h=0.5)",4,5,entanglement_local,Entanglement + local cost,149,3,mean,6.267172904766473,0.7568767191550603,10.168248937313392,5.002649768755438e-15,25.400898569927506,12,12,0,0,1.0,,,12,0,0.12013999861302131
tfim_h0.5,"TFIM (J=1, h=0.5)",4,5,entanglement_local,Entanglement + local cost,150,3,mean,15.061764803585367,4.300022767710315,16.713291331152103,0.0,40.14298738700193,12,12,0,0,1.0,,,12,0,0.2667074407218614
tfim_h0.5,"TFIM (J=1, h=0.5)",4,5,entanglement_local,Entanglement + local cost,151,3,mean,7.753626762262229,1.7236972660795473,11.987859314026926,0.0,30.466310574637717,12,12,0,0,1.0,,,12,0,0.1444717682509429
tfim_h0.5,"TFIM (J=1, h=0.5)",4,5,entanglement_local,Entanglement + local cost,152,3,mean,6.269258997408269,0.605344250785866,12.850574564805303,0.0,46.43044758210893,12,12,0,0,1.0,,,12,0,0.10748219615625591
tfim_h0.5,"TFIM (J=1, h=0.5)",4,5,entanglement_local,Entanglement + local cost,153,3,mean,1.770769461062544,0.011207119112781723,4.835295246304178,0.0,17.709756937020078,12,12,0,0,1.0,,,12,0,0.037139457230933905
tfim_h0.5,"TFIM (J=1, h=0.5)",4,5,entanglement_local,Entanglement + local cost,154,3,mean,20.513288967034033,2.786515092391446,31.68980368617304,0.0,85.68306805890363,12,12,0,0,1.0,,,12,0,0.2503184691831865
tfim_h0.5,"TFIM (J=1, h=0.5)",4,5,entanglement_local,Entanglement + local cost,155,3,mean,7.688870512528648,2.3850307945106866,10.95480492295253,0.0,36.744812699541974,12,12,0,0,1.0,,,12,0,0.1449063417668008
tfim_h0.5,"TFIM (J=1, h=0.5)",4,5,entanglement_local,Entanglement + local cost,156,3,mean,11.53379186485738,2.2814268342342734,21.018586618169362,0.0,75.53205047713728,12,12,0,0,1.0,,,12,0,0.17806647947806933
tfim_h0.5,"TFIM (J=1, h=0.5)",4,5,entanglement_local,Entanglement + local cost,157,3,mean,10.488216095621814,3.2992558521179367,11.532781412481919,0.0,28.955937787519158,12,12,0,0,1.0,,,12,0,0.20459367292873853
tfim_h0.5,"TFIM (J=1, h=0.5)",4,5,entanglement_local,Entanglement + local cost,158,3,mean,9.376928162374952,4.088943821352399,11.665144242437135,0.0,31.16363263907259,12,12,0,0,1.0,,,12,0,0.17902294706243682
tfim_h0.5,"TFIM (J=1, h=0.5)",4,5,entanglement_local,Entanglement + local cost,159,3,mean,7.590913757940375,1.189862602038755,13.787069468785273,0.0,48.384753051475634,12,12,0,0,1.0,,,12,0,0.1353368771964201
tfim_h0.5,"TFIM (J=1, h=0.5)",4,5,entanglement_local,Entanglement + local cost,160,3,mean,21.752311183621817,3.5235928233049534,41.15562560392937,0.0,119.87435361254266,12,12,0,0,1.0,,,12,0,0.21665194530502332
tfim_h0.5,"TFIM (J=1, h=0.5)",4,5,entanglement_local,Entanglement + local cost,161,3,mean,4.176592835777532,0.6832817400184312,4.8545893783238085,0.0,12.111436210379404,12,12,0,0,1.0,,,12,0,0.0704727534685415
tfim_h0.5,"TFIM (J=1, h=0.5)",4,5,entanglement_local,Entanglement + local cost,162,3,mean,19.166964169575227,1.0818096889504045,27.705245674945832,6.265850270426253e-16,86.33600318409378,12,12,0,0,1.0,,,12,0,0.2631629122536561
tfim_h0.5,"TFIM (J=1, h=0.5)",4,5,entanglement_local,Entanglement + local cost,163,3,mean,9.905952994757763,0.9822743790783393,15.18124257261485,0.0,43.230050267746634,12,12,0,0,1.0,,,12,0,0.17654223743064182
tfim_h0.5,"TFIM (J=1, h=0.5)",4,5,entanglement_local,Entanglement + local cost,164,3,mean,18.761872673344133,9.128159099861115,26.669034420180537,0.0,82.23642653871653,12,12,0,0,1.0,,,12,0,0.26618255526770557
tfim_h0.5,"TFIM (J=1, h=0.5)",4,5,entanglement_local,Entanglement + local cost,165,3,mean,3.2793781918803155,2.583241738553598,3.2729788884599453,0.0,7.679398584976363,12,12,0,0,1.0,,,12,0,0.060488963570870476
tfim_h0.5,"TFIM (J=1, h=0.5)",4,5,entanglement_local,Entanglement + local cost,166,3,mean,8.155470266519783,3.1217462338603004,10.69745941299091,0.0,28.765447233328167,12,12,0,0,1.0,,,12,0,0.1478153985508661
tfim_h0.5,"TFIM (J=1, h=0.5)",4,5,entanglement_local,Entanglement + local cost,167,3,mean,11.88967036934038,5.464264867561515,20.336465412542914,0.0,75.68582744840212,12,12,0,0,1.0,,,12,0,0.18864550982275793
tfim_h0.5,"TFIM (J=1, h=0.5)",4,5,entanglement_local,Entanglement + local cost,168,3,mean,13.359588577188369,0.7651818295222959,37.232587862647726,0.0,136.4793139576692,12,12,0,0,1.0,,,12,0,0.1227100201764052
tfim_h0.5,"TFIM (J=1, h=0.5)",4,5,entanglement_local,Entanglement + local cost,169,3,mean,3.9363032050297337,0.38667335200330166,4.906252457478855,0.0,14.170880836156693,12,12,0,0,1.0,,,12,0,0.07695210257217369
tfim_h0.5,"TFIM (J=1, h=0.5)",4,5,entanglement_local,Entanglement + local cost,170,3,mean,4.566337857884997,2.020469651956595,6.509657228498074,1.2563627734906565e-15,23.44053423938613,12,12,0,0,1.0,,,12,0,0.09625997092256187
tfim_h0.5,"TFIM (J=1, h=0.5)",4,5,entanglement_local,Entanglement + local cost,171,3,mean,16.054474679227827,0.9861171752520921,21.39304903336647,1.24353967414146e-15,68.83736531568954,12,12,0,0,1.0,,,12,0,0.25562653112111977
tfim_h0.5,"TFIM (J=1, h=0.5)",4,5,entanglement_local,Entanglement + local cost,172,3,mean,9.32107431805781,2.498223079501933,10.655613907818518,0.0,25.89493713253867,12,12,0,0,1.0,,,12,0,0.18638875563913374
tfim_h0.5,"TFIM (J=1, h=0.5)",4,5,entanglement_local,Entanglement + local cost,173,3,mean,9.106689584572761,1.4109571064479138,14.092152770639517,0.0,41.84652181492605,12,12,0,0,1.0,,,12,0,0.1613121363331609
tfim_h0.5,"TFIM (J=1, h=0.5)",4,5,entanglement_local,Entanglement + local cost,174,3,mean,13.251281630084456,8.524853336104552,14.764440896876804,0.0,44.30732418038466,12,12,0,0,1.0,,,12,0,0.24289592625717135
tfim_h0.5,"TFIM (J=1, h=0.5)",4,5,entanglement_local,Entanglement + local cost,175,3,mean,7.456599343369028,7.3372810829812005,7.107171990343028,0.0,19.9451951230725,12,12,0,0,1.0,,,12,0,0.15258771048729242
tfim_h0.5,"TFIM (J=1, h=0.5)",4,5,entanglement_local,Entanglement + local cost,176,3,mean,12.643757434093393,2.1545058157791606,21.820825237751727,0.0,74.08341423010224,12,12,0,0,1.0,,,12,0,0.19078814342261227
tfim_h0.5,"TFIM (J=1, h=0.5)",4,5,entanglement_local,Entanglement + local cost,177,3,mean,3.1306954751346683,1.1971941689508172,4.370863901118387,0.0,15.086332204543675,12,12,0,0,1.0,,,12,0,0.05786731660376173
tfim_h0.5,"TFIM (J=1, h=0.5)",4,5,entanglement_local,Entanglement + local cost,178,3,mean,7.854558320837278,1.9148338426723455,14.13564623032877,0.0,46.68967725640259,12,12,0,0,1.0,,,12,0,0.13835004322226294
tfim_h0.5,"TFIM (J=1, h=0.5)",4,5,entanglement_local,Entanglement + local cost,179,3,mean,4.066942432289601,0.6807024748696083,5.866273351657222,0.0,18.41587484959695,12,12,0,0,1.0,,,12,0,0.0839539946105707
tfim_h0.5,"TFIM (J=1, h=0.5)",4,5,entanglement_local,Entanglement + local cost,180,3,mean,15.26656744398967,3.2595635271842416,18.529285337085454,0.0,49.603832338106066,12,12,0,0,1.0,,,12,0,0.2573091450180905
tfim_h0.5,"TFIM (J=1, h=0.5)",4,5,entanglement_local,Entanglement + local cost,181,3,mean,7.955688924559492,3.4206690302482547,10.65555905864016,0.0,35.67079451390101,12,12,0,0,1.0,,,12,0,0.15444916251328844
tfim_h0.5,"TFIM (J=1, h=0.5)",4,5,entanglement_local,Entanglement + local cost,182,3,mean,5.1497965516792545,0.19681493380072926,8.13628123537941,0.0,25.63337208062985,12,12,0,0,1.0,,,12,0,0.09110999872522556
tfim_h0.5,"TFIM (J=1, h=0.5)",4,5,entanglement_local,Entanglement + local cost,183,3,mean,11.145549984684772,2.9073108146649034,18.679505409193585,0.0,55.13868941607497,12,12,0,0,1.0,,,12,0,0.17361590587306197
tfim_h0.5,"TFIM (J=1, h=0.5)",4,5,entanglement_local,Entanglement + local cost,184,3,mean,16.816054821558584,2.5967204159563018,27.184958165174248,3.108163967496005e-16,76.2505975516633,12,12,0,0,1.0,,,12,0,0.2294265831098791
tfim_h0.5,"TFIM (J=1, h=0.5)",4,5,entanglement_local,Entanglement + local cost,185,3,mean,4.467210070580486,3.3716398631576543,4.815859088135169,0.0,14.7823629246178,12,12,0,0,1.0,,,12,0,0.0973259462648746
tfim_h0.5,"TFIM (J=1, h=0.5)",4,5,entanglement_local,Entanglement + local cost,186,3,mean,19.53684429643918,2.92127456741306,25.518834022113808,0.0,67.85563218685967,12,12,0,0,1.0,,,12,0,0.28332514726916364
tfim_h0.5,"TFIM (J=1, h=0.5)",4,5,entanglement_local,Entanglement + local cost,187,3,mean,9.712960610076088,1.7265730180463192,12.84753372374222,0.0,33.649074005897276,12,12,0,0,1.0,,,12,0,0.17781782785058306
tfim_h0.5,"TFIM (J=1, h=0.5)",4,5,entanglement_local,Entanglement + local cost,188,3,mean,6.964036232599118,5.417957402960905,7.785915668858008,0.0,24.275221248734997,12,12,0,0,1.0,,,12,0,0.1360402152633027
tfim_h0.5,"TFIM (J=1, h=0.5)",4,5,entanglement_local,Entanglement + local cost,189,3,mean,1.624167314506166,1.880934051520344,1.4635701432765331,0.0,3.6065411699680907,12,12,0,0,1.0,,,12,0,0.030297733264036248
tfim_h0.5,"TFIM (J=1, h=0.5)",4,5,entanglement_local,Entanglement + local cost,190,3,mean,21.1590460586899,0.5057494502222651,38.5311819534424,0.0,105.49249746537124,12,12,0,0,1.0,,,12,0,0.22092308158257715
tfim_h0.5,"TFIM (J=1, h=0.5)",4,5,entanglement_local,Entanglement + local cost,191,3,mean,3.158091943201777,0.6700509896355601,4.4863725839707636,0.0,15.116766765667496,12,12,0,0,1.0,,,12,0,0.059938056723461676
tfim_h0.5,"TFIM (J=1, h=0.5)",4,5,entanglement_local,Entanglement + local cost,192,3,mean,14.054435812576473,0.04847131172076708,20.19539085418621,3.1250832767652166e-16,49.18796364471243,12,12,0,0,1.0,,,12,0,0.22504625782640839
tfim_h0.5,"TFIM (J=1, h=0.5)",4,5,entanglement_local,Entanglement + local cost,193,3,mean,9.575964515330085,6.852192433246085,10.838829717693825,0.0,34.955844840626405,12,12,0,0,1.0,,,12,0,0.1912587538719479
tfim_h0.5,"TFIM (J=1, h=0.5)",4,5,entanglement_local,Entanglement + local cost,194,3,mean,10.351570559215173,1.3337531449534263,14.514452230941952,0.0,45.99873288363279,12,12,0,0,1.0,,,12,0,0.18875112148334597
tfim_h0.5,"TFIM (J=1, h=0.5)",4,5,entanglement_local,Entanglement + local cost,195,3,mean,15.10385019140709,4.784275592029703,18.29004397326155,0.0,45.60181388687425,12,12,0,0,1.0,,,12,0,0.25807859425631646
tfim_h0.5,"TFIM (J=1, h=0.5)",4,5,entanglement_local,Entanglement + local cost,196,3,mean,7.996081713519672,2.5290592134033814,10.464673385444,0.0,31.20856388109437,12,12,0,0,1.0,,,12,0,0.15493537582156844
tfim_h0.5,"TFIM (J=1, h=0.5)",4,5,entanglement_local,Entanglement + local cost,197,3,mean,14.473047824101362,4.947738413445225,17.626294471074324,0.0,48.426474745967056,12,12,0,0,1.0,,,12,0,0.24623195237345852
tfim_h0.5,"TFIM (J=1, h=0.5)",4,5,entanglement_local,Entanglement + local cost,198,3,mean,9.17497641332391,5.152761763926561,11.896582095697974,0.0,40.2879084876347,12,12,0,0,1.0,,,12,0,0.1683084233055915
tfim_h0.5,"TFIM (J=1, h=0.5)",4,5,entanglement_local,Entanglement + local cost,199,3,mean,11.371213602216239,5.3976759582439024,14.752689676685486,0.0,49.1206260148064,12,12,0,0,1.0,,,12,0,0.20595257657233898
tfim_h0.5,"TFIM (J=1, h=0.5)",4,6,entanglement_residual,Entanglement + residual,0,3,mean,8.835646690510767,5.504722744980486,8.398142023293051,1.0612295484911518,32.851823669804425,15,14,1,0,1.0,alpha_0,,12,3,0.364321945784425
tfim_h0.5,"TFIM (J=1, h=0.5)",4,6,entanglement_residual,Entanglement + residual,1,3,mean,8.651529727852319,7.674935296452249,5.858004055124737,0.437620604410694,20.539508685387926,15,14,1,0,1.0,alpha_0,,12,3,0.3919362482847079
tfim_h0.5,"TFIM (J=1, h=0.5)",4,6,entanglement_residual,Entanglement + residual,2,3,mean,11.476609566058517,5.686141843494154,13.02800710836851,0.8159916842799443,46.40151008390987,15,14,1,0,1.0,alpha_0,,12,3,0.5199752250800482
tfim_h0.5,"TFIM (J=1, h=0.5)",4,6,entanglement_residual,Entanglement + residual,3,3,mean,12.538753070276892,10.354169764720382,9.138287893278196,1.3638943495209386,34.79479502056384,15,14,1,0,1.0,alpha_0,,12,3,0.7856654588472274
tfim_h0.5,"TFIM (J=1, h=0.5)",4,6,entanglement_residual,Entanglement + residual,4,3,mean,21.12434435567437,12.353573971585293,22.15276369327888,0.35371361964423853,80.95202315556172,15,14,1,0,1.0,alpha_0,,12,3,1.0981508664466282
tfim_h0.5,"TFIM (J=1, h=0.5)",4,6,entanglement_residual,Entanglement + residual,5,3,mean,12.60107233449657,8.598781429419198,13.380530117132107,1.0117972018797565,50.997041682540086,15,14,1,0,1.0,alpha_0,,12,3,0.930948695335425
tfim_h0.5,"TFIM (J=1, h=0.5)",4,6,entanglement_residual,Entanglement + residual,6,3,mean,9.147941014682743,6.975238239066911,7.066941034774156,0.9850580441372198,29.46740584227608,15,14,1,0,1.0,alpha_0,,12,3,0.5417495010753208
tfim_h0.5,"TFIM (J=1, h=0.5)",4,6,entanglement_residual,Entanglement + residual,7,3,mean,10.642608618401894,6.175889836132814,8.691662073480709,1.7814772635516818,30.832590338773922,15,14,1,0,1.0,alpha_0,,12,3,0.527364181925796
tfim_h0.5,"TFIM (J=1, h=0.5)",4,6,entanglement_residual,Entanglement + residual,8,3,mean,11.781167222132122,9.707737620430418,7.426245220477686,0.318921837121951,24.88054285758736,15,14,1,0,1.0,alpha_0,,12,3,0.6121009086394757
tfim_h0.5,"TFIM (J=1, h=0.5)",4,6,entanglement_residual,Entanglement + residual,9,3,mean,13.551719168775744,11.874936849397294,8.149683957744326,2.8014640766152246,27.976212079711882,15,14,1,0,1.0,alpha_0,,12,3,0.9840201490329407
tfim_h0.5,"TFIM (J=1, h=0.5)",4,6,entanglement_residual,Entanglement + residual,10,3,mean,10.508412181051025,8.867811868880846,9.65066824397185,0.7891581996159882,37.81234903734907,15,14,1,0,1.0,alpha_0,,12,3,0.5790883027161916
tfim_h0.5,"TFIM (J=1, h=0.5)",4,6,entanglement_residual,Entanglement + residual,11,3,mean,16.32840187512772,16.417027825108406,9.50660662804134,1.6443165932476858,37.8362860068458,15,14,1,0,1.0,alpha_0,,12,3,0.6319471233735658
tfim_h0.5,"TFIM (J=1, h=0.5)",4,6,entanglement_residual,Entanglement + residual,12,3,mean,11.069419907650843,8.76478180227227,8.360768308483623,0.5324625279321532,29.310799067331562,15,14,1,0,1.0,alpha_0,,12,3,0.5689021158122475
tfim_h0.5,"TFIM (J=1, h=0.5)",4,6,entanglement_residual,Entanglement + residual,13,3,mean,10.477418453056174,8.342993894584389,7.022380614754793,0.9541086333378447,24.758026063119107,15,14,1,0,1.0,alpha_0,,12,3,0.6351134623361392
tfim_h0.5,"TFIM (J=1, h=0.5)",4,6,entanglement_residual,Entanglement + residual,14,3,mean,8.946033619482659,5.41686420211027,6.902652100524164,0.3746188031901265,22.230374656172806,15,14,1,0,1.0,alpha_0,,12,3,0.5364121380736455
tfim_h0.5,"TFIM (J=1, h=0.5)",4,6,entanglement_residual,Entanglement + residual,15,3,mean,11.386779814276167,7.397977275708487,8.757272983534863,2.4591755979383843,29.2868630475763,15,14,1,0,1.0,alpha_0,,12,3,0.5906332140334223
tfim_h0.5,"TFIM (J=1, h=0.5)",4,6,entanglement_residual,Entanglement + residual,16,3,mean,18.911059510848094,16.35253638645704,15.222456379813188,0.9906923917191062,46.86963195130386,15,14,1,0,1.0,alpha_0,,12,3,1.1692125042954202
tfim_h0.5,"TFIM (J=1, h=0.5)",4,6,entanglement_residual,Entanglement + residual,17,3,mean,8.959008359454193,7.538529160275253,7.645519237251507,1.54063531322973,29.350855945500086,15,14,1,0,1.0,alpha_0,,12,3,0.5944051741970131
tfim_h0.5,"TFIM (J=1, h=0.5)",4,6,entanglement_residual,Entanglement + residual,18,3,mean,11.217332517428176,9.996327564364773,7.803946585074533,1.530233499085227,25.548140288652803,15,14,1,0,1.0,alpha_0,,12,3,0.758846342072917
tfim_h0.5,"TFIM (J=1, h=0.5)",4,6,entanglement_residual,Entanglement + residual,19,3,mean,12.791778808778023,12.074058594054833,8.816936354771801,1.6014195302195995,38.431714004550464,15,14,1,0,1.0,alpha_0,,12,3,0.7429220310003858
tfim_h0.5,"TFIM (J=1, h=0.5)",4,6,entanglement_residual,Entanglement + residual,20,3,mean,11.056856648779165,5.752374130215026,10.460062129511122,0.03152372879568183,29.666898946371713,15,14,1,0,1.0,alpha_0,,12,3,0.4281017048710341
tfim_h0.5,"TFIM (J=1, h=0.5)",4,6,entanglement_residual,Entanglement + residual,21,3,mean,12.563815393659114,6.424925820240562,11.630351718912689,0.20458119341998496,38.367920444047186,15,14,1,0,1.0,alpha_0,,12,3,0.7748187865284705
tfim_h0.5,"TFIM (J=1, h=0.5)",4,6,entanglement_residual,Entanglement + residual,22,3,mean,13.63272426217336,11.480143724911391,7.008630586554392,1.620251044681213,27.71987713735835,15,14,1,0,1.0,alpha_0,,12,3,0.5636599041392735
tfim_h0.5,"TFIM (J=1, h=0.5)",4,6,entanglement_residual,Entanglement + residual,23,3,mean,14.11544411670599,12.242030930262716,9.098031050890167,1.8233069052902813,30.47081355555624,15,14,1,0,1.0,alpha_0,,12,3,0.6395210686384648
tfim_h0.5,"TFIM (J=1, h=0.5)",4,6,entanglement_residual,Entanglement + residual,24,3,mean,10.632116033961605,7.791186119574237,6.661473552070619,1.8697358590880542,25.241973804342933,15,14,1,0,1.0,alpha_0,,12,3,0.5621857869137056
tfim_h0.5,"TFIM (J=1, h=0.5)",4,6,entanglement_residual,Entanglement + residual,25,3,mean,14.927932031783076,14.420943862180057,12.795914986442694,0.349156886498526,47.602925957493056,15,14,1,0,1.0,alpha_0,,12,3,0.7869587686607004
tfim_h0.5,"TFIM (J=1, h=0.5)",4,6,entanglement_residual,Entanglement + residual,26,3,mean,16.833114820561313,15.005332381764308,7.923795175193919,8.105184210853889,34.92924865222052,15,14,1,0,1.0,alpha_0,,12,3,0.7706514033182241
tfim_h0.5,"TFIM (J=1, h=0.5)",4,6,entanglement_residual,Entanglement + residual,27,3,mean,10.968377846141895,10.480200708108914,7.121262793735863,1.455178603154716,23.693334288280795,15,14,1,0,1.0,alpha_0,,12,3,0.716841150086015
tfim_h0.5,"TFIM (J=1, h=0.5)",4,6,entanglement_residual,Entanglement + residual,28,3,mean,11.543241142085984,8.860356841389088,9.830951852446066,0.8550360104758321,39.544391465028504,15,14,1,0,1.0,alpha_0,,12,3,0.7141829546896581
tfim_h0.5,"TFIM (J=1, h=0.5)",4,6,entanglement_residual,Entanglement + residual,29,3,mean,13.737553964044215,7.921575141395053,11.992153407699977,3.947134321341119,47.404486530372395,15,14,1,0,1.0,alpha_0,,12,3,0.5771166193140661
tfim_h0.5,"TFIM (J=1, h=0.5)",4,6,entanglement_residual,Entanglement + residual,30,3,mean,17.795526832540016,17.161169486070825,11.642594177319229,2.76720365682872,40.10926177085937,15,14,1,0,1.0,alpha_0,,12,3,0.9941228396812012
tfim_h0.5,"TFIM (J=1, h=0.5)",4,6,entanglement_residual,Entanglement + residual,31,3,mean,12.53668303004022,11.109007069680409,8.351569352127067,2.5556514379712794,32.28063331343092,15,14,1,0,1.0,alpha_0,,12,3,0.5487894248707131
tfim_h0.5,"TFIM (J=1, h=0.5)",4,6,entanglement_residual,Entanglement + residual,32,3,mean,6.338925440831881,4.433935590493076,5.608023480410096,0.7382581810443231,19.00914061931366,15,14,1,0,1.0,alpha_0,,12,3,0.4460838994246296
tfim_h0.5,"TFIM (J=1, h=0.5)",4,6,entanglement_residual,Entanglement + residual,33,3,mean,14.753820729342994,8.851023326700169,12.593557540731055,3.3533289120460656,43.22426059535618,15,14,1,0,1.0,alpha_0,,12,3,0.521498277211607
tfim_h0.5,"TFIM (J=1, h=0.5)",4,6,entanglement_residual,Entanglement + residual,34,3,mean,16.059675071177075,7.550541173671702,15.34692555268161,0.6176121366926491,52.025613275925764,15,14,1,0,1.0,alpha_0,,12,3,0.7364990958425539
tfim_h0.5,"TFIM (J=1, h=0.5)",4,6,entanglement_residual,Entanglement + residual,35,3,mean,9.184042962199568,7.713133960501812,9.771390696204,0.6423537798109075,40.82746003518353,15,14,1,0,1.0,alpha_0,,12,3,0.3492913832718203
tfim_h0.5,"TFIM (J=1, h=0.5)",4,6,entanglement_residual,Entanglement + residual,36,3,mean,10.101813986543787,8.36400533249909,6.834093215853539,2.074260721492899,25.444603492534554,15,14,1,0,1.0,alpha_0,,12,3,0.6944788639842997
tfim_h0.5,"TFIM (J=1, h=0.5)",4,6,entanglement_residual,Entanglement + residual,37,3,mean,12.107674504955792,8.570250539384894,10.055993365987744,0.1541853836137904,30.48882793760798,15,14,1,0,1.0,alpha_0,,12,3,0.6694108265091213
tfim_h0.5,"TFIM (J=1, h=0.5)",4,6,entanglement_residual,Entanglement + residual,38,3,mean,11.996154503729489,5.840783519881594,13.076270844155548,0.7112257878325086,47.483921894710726,15,14,1,0,1.0,alpha_0,,12,3,0.5614689031636835
tfim_h0.5,"TFIM (J=1, h=0.5)",4,6,entanglement_residual,Entanglement + residual,39,3,mean,16.543332481207887,12.41612913447102,12.279126369678165,1.4533212778638744,41.92320624813309,15,14,1,0,1.0,alpha_0,,12,3,0.6870785372658451
tfim_h0.5,"TFIM (J=1, h=0.5)",4,6,entanglement_residual,Entanglement + residual,40,3,mean,12.253493654257396,12.41033356746096,10.129502166826713,0.09820261373596838,35.47914303774208,15,14,1,0,1.0,alpha_0,,12,3,0.4133091449306434
tfim_h0.5,"TFIM (J=1, h=0.5)",4,6,entanglement_residual,Entanglement + residual,41,3,mean,12.908803194333032,11.302400497788536,10.129725489474216,0.008419560455807188,42.192302903481064,15,14,1,0,1.0,alpha_0,,12,3,0.5908626518040924
tfim_h0.5,"TFIM (J=1, h=0.5)",4,6,entanglement_residual,Entanglement + residual,42,3,mean,9.120196781307703,5.787845478938599,7.2853387349064,1.5624994902821243,23.194196409205976,15,14,1,0,1.0,alpha_0,,12,3,0.5703108990350712
tfim_h0.5,"TFIM (J=1, h=0.5)",4,6,entanglement_residual,Entanglement + residual,43,3,mean,12.295934593183732,10.305376770001232,11.769083661075525,0.057424290124521785,49.6488646856871,15,14,1,0,1.0,alpha_0,,12,3,0.5149504462659023
tfim_h0.5,"TFIM (J=1, h=0.5)",4,6,entanglement_residual,Entanglement + residual,44,3,mean,17.765157508839298,17.42561101055446,9.500172205593396,0.6048073649269047,39.07180021819816,15,14,1,0,1.0,alpha_0,,12,3,1.1322869468079317
tfim_h0.5,"TFIM (J=1, h=0.5)",4,6,entanglement_residual,Entanglement + residual,45,3,mean,16.003212766490115,6.628598955717327,22.879831713429617,2.112547692449539,74.72361734653505,15,14,1,0,1.0,alpha_0,,12,3,1.0238189206423347
tfim_h0.5,"TFIM (J=1, h=0.5)",4,6,entanglement_residual,Entanglement + residual,46,3,mean,14.835215834616639,12.140762690302292,11.077945053325221,2.817668420068272,34.078591323059484,15,14,1,0,1.0,alpha_0,,12,3,0.7738778664743312
tfim_h0.5,"TFIM (J=1, h=0.5)",4,6,entanglement_residual,Entanglement + residual,47,3,mean,14.220232076262784,11.504476899653103,9.776477633312329,2.260528933308839,36.52365079181013,15,14,1,0,1.0,alpha_0,,12,3,0.7645015069448527
tfim_h0.5,"TFIM (J=1, h=0.5)",4,6,entanglement_residual,Entanglement + residual,48,3,mean,14.392554075087745,14.283092125359637,9.088404361082466,1.993817722280624,34.21101937129007,15,14,1,0,1.0,alpha_0,,12,3,0.6001708547633889
tfim_h0.5,"TFIM (J=1, h=0.5)",4,6,entanglement_residual,Entanglement + residual,49,3,mean,10.923515416843106,10.42498062138565,9.023422470284768,0.06869262229143547,31.427583338313166,15,14,1,0,1.0,alpha_0,,12,3,0.7804238026722595
tfim_h0.5,"TFIM (J=1, h=0.5)",4,6,entanglement_residual,Entanglement + residual,50,3,mean,12.225705936698088,9.14751991994078,12.155064049233134,0.9575494945591038,45.21120431752248,15,14,1,0,1.0,alpha_0,,12,3,0.4116672240927683
tfim_h0.5,"TFIM (J=1, h=0.5)",4,6,entanglement_residual,Entanglement + residual,51,3,mean,11.594447601310597,8.832736478157894,9.211052318967019,1.16843830613485,28.742685234025483,15,14,1,0,1.0,alpha_0,,12,3,0.5937558984196811
tfim_h0.5,"TFIM (J=1, h=0.5)",4,6,entanglement_residual,Entanglement + residual,52,3,mean,16.496137492173283,11.94897406254648,17.401711181706776,0.27774021450657466,64.3534497886047,15,14,1,0,1.0,alpha_0,,12,3,0.7380473567959955
tfim_h0.5,"TFIM (J=1, h=0.5)",4,6,entanglement_residual,Entanglement + residual,53,3,mean,10.169596108092195,8.245139448053688,7.847489690298226,1.9195651737934367,33.20271072309063,15,14,1,0,1.0,alpha_0,,12,3,0.5275672939344445
tfim_h0.5,"TFIM (J=1, h=0.5)",4,6,entanglement_residual,Entanglement + residual,54,3,mean,9.673001806774023,4.280747057411509,11.534235971590256,1.3151130567830869,39.17669326805652,15,14,1,0,1.0,alpha_0,,12,3,0.657891191258146
tfim_h0.5,"TFIM (J=1, h=0.5)",4,6,entanglement_residual,Entanglement + residual,55,3,mean,18.900023400113874,17.549188535387984,9.337406407691365,5.24241246846203,38.33497931089503,15,14,1,0,1.0,alpha_0,,12,3,0.7658494684214432
tfim_h0.5,"TFIM (J=1, h=0.5)",4,6,entanglement_residual,Entanglement + residual,56,3,mean,11.470374611915057,8.758356881725907,7.6733004282927535,3.497134056982768,32.026191897373394,15,14,1,0,1.0,alpha_0,,12,3,0.6841881352627122
tfim_h0.5,"TFIM (J=1, h=0.5)",4,6,entanglement_residual,Entanglement + residual,57,3,mean,8.916854419276072,6.65062520006135,6.9515020118698665,1.361983590746105,24.446496150501567,15,14,1,0,1.0,alpha_0,,12,3,0.5824523079690666
tfim_h0.5,"TFIM (J=1, h=0.5)",4,6,entanglement_residual,Entanglement + residual,58,3,mean,13.569967631325913,11.841143707021732,10.118883144186164,1.577904062053302,36.5080603128152,15,14,1,0,1.0,alpha_0,,12,3,0.5890696283238105
tfim_h0.5,"TFIM (J=1, h=0.5)",4,6,entanglement_residual,Entanglement + residual,59,3,mean,10.30666235421373,9.11269469467358,7.125221554744431,0.7033000081994851,21.628358454831087,15,14,1,0,1.0,alpha_0,,12,3,0.5979050257563191
tfim_h0.5,"TFIM (J=1, h=0.5)",4,6,entanglement_residual,Entanglement + residual,60,3,mean,10.51016743962352,4.096681207834047,11.542303291235028,1.2067722803345793,33.29254317925155,15,14,1,0,1.0,alpha_0,,12,3,0.4819461614229677
tfim_h0.5,"TFIM (J=1, h=0.5)",4,6,entanglement_residual,Entanglement + residual,61,3,mean,16.30085218874487,17.060244290011127,8.970737965678625,1.7111552056858623,35.66836705774711,15,14,1,0,1.0,alpha_0,,12,3,0.8572211710128204
tfim_h0.5,"TFIM (J=1, h=0.5)",4,6,entanglement_residual,Entanglement + residual,62,3,mean,13.639296280729278,11.720340800841976,8.630746830626455,0.24316543107681363,26.886097160101606,15,14,1,0,1.0,alpha_0,,12,3,0.5509154064642353
tfim_h0.5,"TFIM (J=1, h=0.5)",4,6,entanglement_residual,Entanglement + residual,63,3,mean,12.024951383593171,5.574682582757804,15.519428108040909,0.35909419103799606,55.65053014364597,15,14,1,0,1.0,alpha_0,,12,3,0.4942863652907393
tfim_h0.5,"TFIM (J=1, h=0.5)",4,6,entanglement_residual,Entanglement + residual,64,3,mean,9.741941250768294,7.106312858553407,9.378974539751205,0.03287121571630641,31.409714944842296,15,14,1,0,1.0,alpha_0,,12,3,0.5295336515347052
tfim_h0.5,"TFIM (J=1, h=0.5)",4,6,entanglement_residual,Entanglement + residual,65,3,mean,15.24279524197454,16.351951893334032,8.945342617036802,1.308152667262644,33.9576653197152,15,14,1,0,1.0,alpha_0,,12,3,0.6985405480641893
tfim_h0.5,"TFIM (J=1, h=0.5)",4,6,entanglement_residual,Entanglement + residual,66,3,mean,17.368122943974317,12.34606338961748,16.781982903346453,0.9991927919981693,68.77111968225029,15,14,1,0,1.0,alpha_0,,12,3,0.6464049375745663
tfim_h0.5,"TFIM (J=1, h=0.5)",4,6,entanglement_residual,Entanglement + residual,67,3,mean,11.061346408455226,8.30588143892501,11.963076452025545,0.0420228762148072,50.61932961611072,15,14,1,0,1.0,alpha_0,,12,3,0.5979252117572339
tfim_h0.5,"TFIM (J=1, h=0.5)",4,6,entanglement_residual,Entanglement + residual,68,3,mean,16.03759736634108,11.898456985467874,11.26368783558147,1.4067579879787784,38.31209907514253,15,14,1,0,1.0,alpha_0,,12,3,0.6268678023437068
tfim_h0.5,"TFIM (J=1, h=0.5)",4,6,entanglement_residual,Entanglement + residual,69,3,mean,12.506815063254908,12.670021044731769,7.923053594642469,1.469433027011406,25.547252396600147,15,14,1,0,1.0,alpha_0,,12,3,0.5676189514000047
tfim_h0.5,"TFIM (J=1, h=0.5)",4,6,entanglement_residual,Entanglement + residual,70,3,mean,11.129148850137621,7.002904577803617,9.408927667411893,0.8192062931606576,30.538712785569764,15,14,1,0,1.0,alpha_0,,12,3,0.44451633837438453
tfim_h0.5,"TFIM (J=1, h=0.5)",4,6,entanglement_residual,Entanglement + residual,71,3,mean,7.251698535682564,5.97428155301701,5.082751368877427,0.36343538857760127,15.857097307873664,15,14,1,0,1.0,alpha_0,,12,3,0.557806107072197
tfim_h0.5,"TFIM (J=1, h=0.5)",4,6,entanglement_residual,Entanglement + residual,72,3,mean,12.06811841978063,7.761797583123794,13.330384707148035,0.1085890695862744,51.7127039691533,15,14,1,0,1.0,alpha_0,,12,3,0.6192061983701097
tfim_h0.5,"TFIM (J=1, h=0.5)",4,6,entanglement_residual,Entanglement + residual,73,3,mean,11.668110751340683,5.260375955524213,14.965907925142456,1.277265468769923,56.54506434312403,15,14,1,0,1.0,alpha_0,,12,3,0.596469562309363
tfim_h0.5,"TFIM (J=1, h=0.5)",4,6,entanglement_residual,Entanglement + residual,74,3,mean,7.1795561196789,4.6635846342012295,6.681076167827638,0.6201065744689999,25.64458275023485,15,14,1,0,1.0,alpha_0,,12,3,0.4492358194563467
tfim_h0.5,"TFIM (J=1, h=0.5)",4,6,entanglement_residual,Entanglement + residual,75,3,mean,12.403235242227128,10.680789000270028,10.096801908285057,0.10917992362740966,29.17191767239869,15,14,1,0,1.0,alpha_0,,12,3,0.7374413277221005
tfim_h0.5,"TFIM (J=1, h=0.5)",4,6,entanglement_residual,Entanglement + residual,76,3,mean,11.949175857221409,11.03341127645456,8.090957611476856,0.5121674324009834,23.69254705945489,15,14,1,0,1.0,alpha_0,,12,3,0.6049573266362321
tfim_h0.5,"TFIM (J=1, h=0.5)",4,6,entanglement_residual,Entanglement + residual,77,3,mean,7.228395905316401,4.314632270314297,7.4202063665351785,0.4871520155413867,27.475401036083486,15,14,1,0,1.0,alpha_0,,12,3,0.5287003832918512
tfim_h0.5,"TFIM (J=1, h=0.5)",4,6,entanglement_residual,Entanglement + residual,78,3,mean,20.997658838849897,12.672696396988918,22.695042401123736,0.34401349035977774,83.23980330069645,15,14,1,0,1.0,alpha_0,,12,3,0.8519132628494527
tfim_h0.5,"TFIM (J=1, h=0.5)",4,6,entanglement_residual,Entanglement + residual,79,3,mean,17.259287228535644,9.927428258650451,24.92815347926188,0.30734174040551493,103.62155254987728,15,14,1,0,1.0,alpha_0,,12,3,0.6988456722047517
tfim_h0.5,"TFIM (J=1, h=0.5)",4,6,entanglement_residual,Entanglement + residual,80,3,mean,7.551616582803723,5.249180906738847,7.397233904867109,0.03336957862887938,25.28255660611639,15,14,1,0,1.0,alpha_0,,12,3,0.4312585040073573
tfim_h0.5,"TFIM (J=1, h=0.5)",4,6,entanglement_residual,Entanglement + residual,81,3,mean,14.623701266221607,10.095679018615069,11.346240511582769,3.3211489719366827,45.457542419945845,15,14,1,0,1.0,alpha_0,,12,3,0.8452993457837696
tfim_h0.5,"TFIM (J=1, h=0.5)",4,6,entanglement_residual,Entanglement + residual,82,3,mean,12.896424614912885,6.947868909316055,12.396971706721423,0.7641511982017668,39.908254804135254,15,14,1,0,1.0,alpha_0,,12,3,0.44278778631758864
tfim_h0.5,"TFIM (J=1, h=0.5)",4,6,entanglement_residual,Entanglement + residual,83,3,mean,11.726765237149138,10.573296456250265,7.6655734207852655,1.6693966687194808,26.098883592321325,15,14,1,0,1.0,alpha_0,,12,3,0.546220659332935
tfim_h0.5,"TFIM (J=1, h=0.5)",4,6,entanglement_residual,Entanglement + residual,84,3,mean,10.614958154535586,7.266176956181253,9.998803917584747,1.044943558211688,40.28887392673556,15,14,1,0,1.0,alpha_0,,12,3,0.49996466464552325
tfim_h0.5,"TFIM (J=1, h=0.5)",4,6,entanglement_residual,Entanglement + residual,85,3,mean,16.24323332982982,6.707885880144655,16.911652709862423,0.3359882936363428,51.67632829603101,15,14,1,0,1.0,alpha_0,,12,3,1.1368840682330534
tfim_h0.5,"TFIM (J=1, h=0.5)",4,6,entanglement_residual,Entanglement + residual,86,3,mean,14.716306513603566,14.869276966865325,8.666474124071524,0.34781606524007125,32.31655164062649,15,14,1,0,1.0,alpha_0,,12,3,0.8200650534356381
tfim_h0.5,"TFIM (J=1, h=0.5)",4,6,entanglement_residual,Entanglement + residual,87,3,mean,11.309182923110297,6.684615533523575,9.22905577024547,0.02831099669921904,31.054547972156048,15,14,1,0,1.0,alpha_0,,12,3,0.5647129671769743
tfim_h0.5,"TFIM (J=1, h=0.5)",4,6,entanglement_residual,Entanglement + residual,88,3,mean,9.474174149088123,8.349447733090589,8.394819719484467,0.6989245245407303,31.426614197250757,15,14,1,0,1.0,alpha_0,,12,3,0.5728964594257614
tfim_h0.5,"TFIM (J=1, h=0.5)",4,6,entanglement_residual,Entanglement + residual,89,3,mean,8.506760793324913,3.9227724148699115,9.424554839199,0.0244797108170116,32.03123606478557,15,14,1,0,1.0,alpha_0,,12,3,0.4651121591739794
tfim_h0.5,"TFIM (J=1, h=0.5)",4,6,entanglement_residual,Entanglement + residual,90,3,mean,12.68918565827578,10.629008546068434,8.263701629330491,2.986798984809763,33.86435509000871,15,14,1,0,1.0,alpha_0,,12,3,0.6356623976604757
tfim_h0.5,"TFIM (J=1, h=0.5)",4,6,entanglement_residual,Entanglement + residual,91,3,mean,13.805405506250766,9.286114333448594,14.995076721218949,1.1500948761294514,63.2000277036608,15,14,1,0,1.0,alpha_0,,12,3,0.738154241767454
tfim_h0.5,"TFIM (J=1, h=0.5)",4,6,entanglement_residual,Entanglement + residual,92,3,mean,11.640452219819293,9.222016679316848,8.603354678601919,1.2626660432601993,37.03686265169006,15,14,1,0,1.0,alpha_0,,12,3,0.5419942453285088
tfim_h0.5,"TFIM (J=1, h=0.5)",4,6,entanglement_residual,Entanglement + residual,93,3,mean,8.501814887910845,8.050493917952249,9.162952997819247,0.7023988735649811,38.07296886919827,15,14,1,0,1.0,alpha_0,,12,3,0.3824933120014101
tfim_h0.5,"TFIM (J=1, h=0.5)",4,6,entanglement_residual,Entanglement + residual,94,3,mean,12.07575114713016,6.791251527656396,12.835555074193746,0.12780006444424685,43.213585205969764,15,14,1,0,1.0,alpha_0,,12,3,0.48776975560407243
tfim_h0.5,"TFIM (J=1, h=0.5)",4,6,entanglement_residual,Entanglement + residual,95,3,mean,13.634542976462715,8.577902587521745,12.30060182209761,1.1670858536228748,41.06301840475244,15,14,1,0,1.0,alpha_0,,12,3,0.5443563204925529
tfim_h0.5,"TFIM (J=1, h=0.5)",4,6,entanglement_residual,Entanglement + residual,96,3,mean,13.2383486207906,11.819872093642452,7.87242863235351,2.5635251827505385,28.63263180716352,15,14,1,0,1.0,alpha_0,,12,3,0.7337669140338564
tfim_h0.5,"TFIM (J=1, h=0.5)",4,6,entanglement_residual,Entanglement + residual,97,3,mean,14.347739453898233,12.884848072156517,11.343802420470428,2.5078321273575477,49.442150575176136,15,14,1,0,1.0,alpha_0,,12,3,0.6119279890872825
tfim_h0.5,"TFIM (J=1, h=0.5)",4,6,entanglement_residual,Entanglement + residual,98,3,mean,11.74539606025762,7.315742575948246,12.696797164067881,1.6252702871204452,49.04182095242579,15,14,1,0,1.0,alpha_0,,12,3,0.45756028403427246
tfim_h0.5,"TFIM (J=1, h=0.5)",4,6,entanglement_residual,Entanglement + residual,99,3,mean,25.48602550775678,15.954426093558595,34.34251348881515,4.083040586291676,145.04044448004166,15,14,1,0,1.0,alpha_0,,12,3,0.6087537953637125
tfim_h0.5,"TFIM (J=1, h=0.5)",4,6,entanglement_residual,Entanglement + residual,100,3,mean,7.062185641147713,4.918125017567027,6.592481269603621,0.0676774845725369,18.80972852143736,15,14,1,0,1.0,alpha_0,,12,3,0.44476192110255425
tfim_h0.5,"TFIM (J=1, h=0.5)",4,6,entanglement_residual,Entanglement + residual,101,3,mean,12.259443067702907,10.163047275204633,9.747434636458328,1.0347657810429118,36.855515240807435,15,14,1,0,1.0,alpha_0,,12,3,0.8187638794673802
tfim_h0.5,"TFIM (J=1, h=0.5)",4,6,entanglement_residual,Entanglement + residual,102,3,mean,10.608232893707536,7.370866242180015,8.009594696684738,0.029417178687821236,28.745611223413505,15,14,1,0,1.0,alpha_0,,12,3,0.7551923558825561
tfim_h0.5,"TFIM (J=1, h=0.5)",4,6,entanglement_residual,Entanglement + residual,103,3,mean,15.974162527091165,11.759859973490228,13.495164883857678,2.002917603169194,51.68263408167816,15,14,1,0,1.0,alpha_0,,12,3,1.0446307598191398
tfim_h0.5,"TFIM (J=1, h=0.5)",4,6,entanglement_residual,Entanglement + residual,104,3,mean,15.44308717565296,11.49932948989351,18.200141430515604,0.4059471804996694,74.92183156048031,15,14,1,0,1.0,alpha_0,,12,3,0.7055824387542483
tfim_h0.5,"TFIM (J=1, h=0.5)",4,6,entanglement_residual,Entanglement + residual,105,3,mean,15.142299717815957,15.38630265818022,9.174935014129053,1.5385875912990143,30.254829496377457,15,14,1,0,1.0,alpha_0,,12,3,0.6014717515798956
tfim_h0.5,"TFIM (J=1, h=0.5)",4,6,entanglement_residual,Entanglement + residual,106,3,mean,12.589902729964049,9.224545322252066,13.706083974613183,2.8012718014384164,59.94589159336701,15,14,1,0,1.0,alpha_0,,12,3,0.4062728593879567
tfim_h0.5,"TFIM (J=1, h=0.5)",4,6,entanglement_residual,Entanglement + residual,107,3,mean,12.228489614649822,7.153667877153618,15.097913270757303,0.49364913652044945,60.769305635265425,15,14,1,0,1.0,alpha_0,,12,3,0.574391061295458
tfim_h0.5,"TFIM (J=1, h=0.5)",4,6,entanglement_residual,Entanglement + residual,108,3,mean,9.603276182167757,6.757198942511222,8.852848826017032,0.36473579769136816,30.404349266707545,15,14,1,0,1.0,alpha_0,,12,3,0.6689002106981076
tfim_h0.5,"TFIM (J=1, h=0.5)",4,6,entanglement_residual,Entanglement + residual,109,3,mean,18.17319409101233,14.068399410706974,13.170960213464305,2.324616150354187,44.59742936251504,15,14,1,0,1.0,alpha_0,,12,3,0.8157568032867906
tfim_h0.5,"TFIM (J=1, h=0.5)",4,6,entanglement_residual,Entanglement + residual,110,3,mean,8.89303462898998,7.745534851941871,6.566687916076047,0.05777301377825612,24.001948015388127,15,14,1,0,1.0,alpha_0,,12,3,0.5522079167071665
tfim_h0.5,"TFIM (J=1, h=0.5)",4,6,entanglement_residual,Entanglement + residual,111,3,mean,9.759768480947042,7.813712901745401,7.67681182666497,0.12700857975947455,26.258888596783507,15,14,1,0,1.0,alpha_0,,12,3,0.4241296728994906
tfim_h0.5,"TFIM (J=1, h=0.5)",4,6,entanglement_residual,Entanglement + residual,112,3,mean,9.431334758042292,6.52971649370023,9.947789913541524,0.08886982982620074,31.628274711492498,15,14,1,0,1.0,alpha_0,,12,3,0.6280963642691244
tfim_h0.5,"TFIM (J=1, h=0.5)",4,6,entanglement_residual,Entanglement + residual,113,3,mean,13.097292940286696,7.711743560955453,9.996021469811636,3.1419716488991702,32.73874875335694,15,14,1,0,1.0,alpha_0,,12,3,0.4682945972624296
tfim_h0.5,"TFIM (J=1, h=0.5)",4,6,entanglement_residual,Entanglement + residual,114,3,mean,10.326055123238934,8.042677092614895,7.736828831660153,0.22739527798273224,28.24936803959219,15,14,1,0,1.0,alpha_0,,12,3,0.4448082229599708
tfim_h0.5,"TFIM (J=1, h=0.5)",4,6,entanglement_residual,Entanglement + residual,115,3,mean,14.331023304454051,15.36597692004242,9.934298242004276,0.2545968096760024,31.519798388436634,15,14,1,0,1.0,alpha_0,,12,3,0.5396430609209177
tfim_h0.5,"TFIM (J=1, h=0.5)",4,6,entanglement_residual,Entanglement + residual,116,3,mean,17.94165946143776,11.840893231699864,15.874179333025536,3.9985102816306046,61.7124365259031,15,14,1,0,1.0,alpha_0,,12,3,0.7109103553572489
tfim_h0.5,"TFIM (J=1, h=0.5)",4,6,entanglement_residual,Entanglement + residual,117,3,mean,14.21296440182608,14.159933031551159,13.315181556101596,1.0484269742767616,56.23807095930535,15,14,1,0,1.0,alpha_0,,12,3,0.7409864119213556
tfim_h0.5,"TFIM (J=1, h=0.5)",4,6,entanglement_residual,Entanglement + residual,118,3,mean,15.970996104962385,13.061694855049902,9.587817578581404,0.25456855467889217,32.074976048131624,15,14,1,0,1.0,alpha_0,,12,3,0.6760074888438902
tfim_h0.5,"TFIM (J=1, h=0.5)",4,6,entanglement_residual,Entanglement + residual,119,3,mean,10.25248146119614,9.330849139081849,6.458319867186582,0.897087598274773,28.92208055973501,15,14,1,0,1.0,alpha_0,,12,3,0.574690498349132
tfim_h0.5,"TFIM (J=1, h=0.5)",4,6,entanglement_residual,Entanglement + residual,120,3,mean,15.20314931211807,16.18640053860194,8.597620389045643,2.8976102859820014,33.84571898650945,15,14,1,0,1.0,alpha_0,,12,3,0.7261619999949257
tfim_h0.5,"TFIM (J=1, h=0.5)",4,6,entanglement_residual,Entanglement + residual,121,3,mean,10.583188397288081,7.917972304038624,8.081182048623393,0.21488460191366462,24.798319576925135,15,14,1,0,1.0,alpha_0,,12,3,0.5587292386107806
tfim_h0.5,"TFIM (J=1, h=0.5)",4,6,entanglement_residual,Entanglement + residual,122,3,mean,11.657888443716795,7.209691067979936,9.35615103950568,0.9185711239464616,31.883070287624317,15,14,1,0,1.0,alpha_0,,12,3,0.6654943558635675
tfim_h0.5,"TFIM (J=1, h=0.5)",4,6,entanglement_residual,Entanglement + residual,123,3,mean,14.768031215809822,10.418925268320088,12.021713005167955,2.757801566726667,44.246908622919044,15,14,1,0,1.0,alpha_0,,12,3,0.8162334278050426
tfim_h0.5,"TFIM (J=1, h=0.5)",4,6,entanglement_residual,Entanglement + residual,124,3,mean,7.520416123072101,5.076387774553217,5.938161127625662,0.02724943433684716,22.655688312060906,15,14,1,0,1.0,alpha_0,,12,3,0.38888153879031967
tfim_h0.5,"TFIM (J=1, h=0.5)",4,6,entanglement_residual,Entanglement + residual,125,3,mean,10.180056182783323,8.533844095487972,7.973081116371642,0.08069082535977859,23.29445120950223,15,14,1,0,1.0,alpha_0,,12,3,0.5432398977715249
tfim_h0.5,"TFIM (J=1, h=0.5)",4,6,entanglement_residual,Entanglement + residual,126,3,mean,25.964913158443583,12.293257993532428,43.74014514889069,0.5167044841029298,172.9603990750449,15,14,1,0,1.0,alpha_0,,12,3,0.4828650875961848
tfim_h0.5,"TFIM (J=1, h=0.5)",4,6,entanglement_residual,Entanglement + residual,127,3,mean,10.080960654238142,7.597004005537983,6.267259760150786,2.887552909375885,22.45689839888817,15,14,1,0,1.0,alpha_0,,12,3,0.5666222716714572
tfim_h0.5,"TFIM (J=1, h=0.5)",4,6,entanglement_residual,Entanglement + residual,128,3,mean,10.891348760658273,10.000228363420918,7.633804551072547,0.7722696129248554,23.072177022464693,15,14,1,0,1.0,alpha_0,,12,3,0.5964434092040442
tfim_h0.5,"TFIM (J=1, h=0.5)",4,6,entanglement_residual,Entanglement + residual,129,3,mean,16.478163433451545,12.230391131094633,13.122093256452432,0.9440943523435651,51.56717566359658,15,14,1,0,1.0,alpha_0,,12,3,0.9199098527532771
tfim_h0.5,"TFIM (J=1, h=0.5)",4,6,entanglement_residual,Entanglement + residual,130,3,mean,14.712421344504971,9.579967499787688,15.15619965120979,0.8261231341938029,54.44493840300044,15,14,1,0,1.0,alpha_0,,12,3,0.8335298705158105
tfim_h0.5,"TFIM (J=1, h=0.5)",4,6,entanglement_residual,Entanglement + residual,131,3,mean,10.708698341429027,6.219867483635589,10.366343843680312,1.399585449309711,36.62436045236001,15,14,1,0,1.0,alpha_0,,12,3,0.46691264802615073
tfim_h0.5,"TFIM (J=1, h=0.5)",4,6,entanglement_residual,Entanglement + residual,132,3,mean,12.264887138556249,7.874503348540133,13.323474861768116,0.06297738196600512,49.00249164361338,15,14,1,0,1.0,alpha_0,,12,3,0.7976041236698047
tfim_h0.5,"TFIM (J=1, h=0.5)",4,6,entanglement_residual,Entanglement + residual,133,3,mean,13.100657318074424,12.680126410886313,9.823444643284592,0.5081619783672884,34.16080696078795,15,14,1,0,1.0,alpha_0,,12,3,0.6362243034712006
tfim_h0.5,"TFIM (J=1, h=0.5)",4,6,entanglement_residual,Entanglement + residual,134,3,mean,16.722443869209858,20.075170187947585,11.90148539011064,0.44874011584157963,34.12360391496773,15,14,1,0,1.0,alpha_0,,12,3,0.7735850295183594
tfim_h0.5,"TFIM (J=1, h=0.5)",4,6,entanglement_residual,Entanglement + residual,135,3,mean,15.00957653527874,7.0007988485646635,15.680114439551756,0.07817628970003114,51.66948407809583,15,14,1,0,1.0,alpha_0,,12,3,0.6502790512307264
tfim_h0.5,"TFIM (J=1, h=0.5)",4,6,entanglement_residual,Entanglement + residual,136,3,mean,14.619184560707826,13.001803776119885,8.971107146015408,2.8207810708448458,32.41315511616504,15,14,1,0,1.0,alpha_0,,12,3,0.70555452285673
tfim_h0.5,"TFIM (J=1, h=0.5)",4,6,entanglement_residual,Entanglement + residual,137,3,mean,7.755366073533616,6.55645786054205,6.1460241843525365,0.41698057925326404,21.433308658713564,15,14,1,0,1.0,alpha_0,,12,3,0.39670835977221575
tfim_h0.5,"TFIM (J=1, h=0.5)",4,6,entanglement_residual,Entanglement + residual,138,3,mean,21.691637742701797,16.002752136581073,18.54712245936714,2.021914499760156,73.0953291580378,15,14,1,0,1.0,alpha_0,,12,3,0.8694173399264621
tfim_h0.5,"TFIM (J=1, h=0.5)",4,6,entanglement_residual,Entanglement + residual,139,3,mean,8.754424840142406,5.585958636786844,10.159833300996882,0.18456048512640885,38.07492003161511,15,14,1,0,1.0,alpha_0,,12,3,0.48687003862682393
tfim_h0.5,"TFIM (J=1, h=0.5)",4,6,entanglement_residual,Entanglement + residual,140,3,mean,9.547449721587274,7.405082656187721,5.568204628165961,2.906706242163395,23.335753687479386,15,14,1,0,1.0,alpha_0,,12,3,0.46874875719046827
tfim_h0.5,"TFIM (J=1, h=0.5)",4,6,entanglement_residual,Entanglement + residual,141,3,mean,10.971447950630937,7.30381837397262,10.949152580785553,0.01623953517146189,35.6316723306096,15,14,1,0,1.0,alpha_0,,12,3,0.5996663265093495
tfim_h0.5,"TFIM (J=1, h=0.5)",4,6,entanglement_residual,Entanglement + residual,142,3,mean,11.085425814522697,13.060658540999235,6.7777671631250955,0.7233575421452824,22.270685132943502,15,14,1,0,1.0,alpha_0,,12,3,0.6156337011077024
tfim_h0.5,"TFIM (J=1, h=0.5)",4,6,entanglement_residual,Entanglement + residual,143,3,mean,14.557023952054294,11.124244218015845,14.954565925113737,0.5851118442848622,60.79531475725308,15,14,1,0,1.0,alpha_0,,12,3,0.6767818059977987
tfim_h0.5,"TFIM (J=1, h=0.5)",4,6,entanglement_residual,Entanglement + residual,144,3,mean,9.84880620579293,7.159767569342712,9.826736764388647,0.33710048380496815,40.689690270862954,15,14,1,0,1.0,alpha_0,,12,3,0.6410720360222177
tfim_h0.5,"TFIM (J=1, h=0.5)",4,6,entanglement_residual,Entanglement + residual,145,3,mean,16.136037543692407,15.921853793631854,12.45624151082772,1.2316112429352988,42.72007738304399,15,14,1,0,1.0,alpha_0,,12,3,0.7119364949393044
tfim_h0.5,"TFIM (J=1, h=0.5)",4,6,entanglement_residual,Entanglement + residual,146,3,mean,13.65251786721241,8.994352816473668,11.745913760392574,2.423947358728104,46.195633449347014,15,14,1,0,1.0,alpha_0,,12,3,0.8237145362139582
tfim_h0.5,"TFIM (J=1, h=0.5)",4,6,entanglement_residual,Entanglement + residual,147,3,mean,13.914721006833316,14.58044698900421,8.469264797856384,0.23042166871977393,27.59976495045577,15,14,1,0,1.0,alpha_0,,12,3,0.48983263649773484
tfim_h0.5,"TFIM (J=1, h=0.5)",4,6,entanglement_residual,Entanglement + residual,148,3,mean,15.368153757851108,12.21012297800435,14.24519401603836,0.29888915025287827,44.58438683891867,15,14,1,0,1.0,alpha_0,,12,3,0.6685306918119899
tfim_h0.5,"TFIM (J=1, h=0.5)",4,6,entanglement_residual,Entanglement + residual,149,3,mean,17.387115122576724,16.426699123123164,11.756940261615632,3.42405979277931,41.92569396636215,15,14,1,0,1.0,alpha_0,,12,3,0.8617997629137306
tfim_h0.5,"TFIM (J=1, h=0.5)",4,6,entanglement_residual,Entanglement + residual,150,3,mean,13.809242057788095,11.84136418944846,9.619981661223784,2.949653687402365,43.70406146807537,15,14,1,0,1.0,alpha_0,,12,3,0.5990903021588497
tfim_h0.5,"TFIM (J=1, h=0.5)",4,6,entanglement_residual,Entanglement + residual,151,3,mean,8.47985756394483,7.342340077078731,6.860132855849888,0.20278727224460102,23.134899032008317,15,14,1,0,1.0,alpha_0,,12,3,0.36157172538194443
tfim_h0.5,"TFIM (J=1, h=0.5)",4,6,entanglement_residual,Entanglement + residual,152,3,mean,11.301711383671966,8.270609128828873,14.021016888542528,0.35287375250267305,60.32885934785913,15,14,1,0,1.0,alpha_0,,12,3,0.47171971412114194
tfim_h0.5,"TFIM (J=1, h=0.5)",4,6,entanglement_residual,Entanglement + residual,153,3,mean,15.104108881059448,13.01325174703647,13.022263670290506,1.7930639940998538,51.630620483415164,15,14,1,0,1.0,alpha_0,,12,3,0.5981140325151758
tfim_h0.5,"TFIM (J=1, h=0.5)",4,6,entanglement_residual,Entanglement + residual,154,3,mean,11.62185670602426,6.11901521684554,10.744602527798653,0.32237188488207014,32.03172137652927,15,14,1,0,1.0,alpha_0,,12,3,0.48178590627118384
tfim_h0.5,"TFIM (J=1, h=0.5)",4,6,entanglement_residual,Entanglement + residual,155,3,mean,15.4672720983683,13.943948600119752,9.61438435192143,0.20724258424842357,30.926737013265587,15,14,1,0,1.0,alpha_0,,12,3,0.6758709662509139
tfim_h0.5,"TFIM (J=1, h=0.5)",4,6,entanglement_residual,Entanglement + residual,156,3,mean,16.133534273768056,7.7899762880595915,17.02360169808449,1.2076864886090832,64.0833546864371,15,14,1,0,1.0,alpha_0,,12,3,0.7441373620518988
tfim_h0.5,"TFIM (J=1, h=0.5)",4,6,entanglement_residual,Entanglement + residual,157,3,mean,10.88101316628763,6.0846985725801295,10.468733134682312,1.4053459838116893,35.02145076838959,15,14,1,0,1.0,alpha_0,,12,3,0.6112508094863742
tfim_h0.5,"TFIM (J=1, h=0.5)",4,6,entanglement_residual,Entanglement + residual,158,3,mean,12.645107176827306,15.417887521608787,6.945882184303035,1.3716359399713032,23.605732067097712,15,14,1,0,1.0,alpha_0,,12,3,0.6507549331554752
tfim_h0.5,"TFIM (J=1, h=0.5)",4,6,entanglement_residual,Entanglement + residual,159,3,mean,9.319214121912868,7.62068920720557,7.1357203193006615,0.31072435102519097,22.84114008299614,15,14,1,0,1.0,alpha_0,,12,3,0.4700983622387199
tfim_h0.5,"TFIM (J=1, h=0.5)",4,6,entanglement_residual,Entanglement + residual,160,3,mean,13.107550534850771,9.066910310403077,14.64015215359695,0.5727195571538081,49.2852962012596,15,14,1,0,1.0,alpha_0,,12,3,0.5765242043952086
tfim_h0.5,"TFIM (J=1, h=0.5)",4,6,entanglement_residual,Entanglement + residual,161,3,mean,16.121828896744425,11.350752644946835,15.471215520826314,2.6530365071694613,61.168259439495515,15,14,1,0,1.0,alpha_0,,12,3,0.5696579872701655
tfim_h0.5,"TFIM (J=1, h=0.5)",4,6,entanglement_residual,Entanglement + residual,162,3,mean,12.660781898059989,7.757891844753705,10.667127662416297,0.10137830795488077,39.825551313055215,15,14,1,0,1.0,alpha_0,,12,3,0.685046044669576
tfim_h0.5,"TFIM (J=1, h=0.5)",4,6,entanglement_residual,Entanglement + residual,163,3,mean,7.563247313753876,8.768953289770543,4.0522169261752605,0.7887959891600063,12.553369733428667,15,14,1,0,1.0,alpha_0,,12,3,0.43845884506069177
tfim_h0.5,"TFIM (J=1, h=0.5)",4,6,entanglement_residual,Entanglement + residual,164,3,mean,9.560565963950266,7.1971761095408375,7.3826129535921545,0.12344428918765747,28.659536600387387,15,14,1,0,1.0,alpha_0,,12,3,0.5987159425452749
tfim_h0.5,"TFIM (J=1, h=0.5)",4,6,entanglement_residual,Entanglement + residual,165,3,mean,8.290800206164636,4.537925798995246,12.199609043111046,0.48686892802765486,50.18112251852769,15,14,1,0,1.0,alpha_0,,12,3,0.5037879230079405
tfim_h0.5,"TFIM (J=1, h=0.5)",4,6,entanglement_residual,Entanglement + residual,166,3,mean,9.891733102971227,7.002484554789264,10.824675356267392,0.4845616357413052,42.92805258668951,15,14,1,0,1.0,alpha_0,,12,3,0.7308580118132831
tfim_h0.5,"TFIM (J=1, h=0.5)",4,6,entanglement_residual,Entanglement + residual,167,3,mean,21.2948800050089,21.292185623860362,12.059669975256845,2.4477692662682156,42.34030211287079,15,14,1,0,1.0,alpha_0,,12,3,0.8404926309976416
tfim_h0.5,"TFIM (J=1, h=0.5)",4,6,entanglement_residual,Entanglement + residual,168,3,mean,8.80497556902373,6.688691939751774,8.327688963089262,0.06999120021271045,34.57245078923099,15,14,1,0,1.0,alpha_0,,12,3,0.3978012006260128
tfim_h0.5,"TFIM (J=1, h=0.5)",4,6,entanglement_residual,Entanglement + residual,169,3,mean,17.935989553538906,16.244828937070952,10.721962456829514,3.088762066226723,39.74212261569271,15,14,1,0,1.0,alpha_0,,12,3,0.6699067223886979
tfim_h0.5,"TFIM (J=1, h=0.5)",4,6,entanglement_residual,Entanglement + residual,170,3,mean,14.102034766385895,10.517619050729166,15.53288655744646,0.5708262189232937,62.35158310786053,15,14,1,0,1.0,alpha_0,,12,3,0.642537427881092
tfim_h0.5,"TFIM (J=1, h=0.5)",4,6,entanglement_residual,Entanglement + residual,171,3,mean,14.850471643002606,13.219858117322236,8.114275450409535,0.2343825434736933,29.061789250417274,15,14,1,0,1.0,alpha_0,,12,3,0.5738236233337203
tfim_h0.5,"TFIM (J=1, h=0.5)",4,6,entanglement_residual,Entanglement + residual,172,3,mean,14.210780356644898,11.55093772481635,9.46246257389086,1.6366381769694045,34.40675735471327,15,14,1,0,1.0,alpha_0,,12,3,0.8548242642377434
tfim_h0.5,"TFIM (J=1, h=0.5)",4,6,entanglement_residual,Entanglement + residual,173,3,mean,7.074684473848188,4.17352671694384,9.555504997224169,0.00909413926362863,39.91246907489287,15,14,1,0,1.0,alpha_0,,12,3,0.39317387120825703
tfim_h0.5,"TFIM (J=1, h=0.5)",4,6,entanglement_residual,Entanglement + residual,174,3,mean,16.42967658430561,15.153536400545894,9.899805867640408,2.193705107263272,37.61600689795264,15,14,1,0,1.0,alpha_0,,12,3,0.7054973001218952
tfim_h0.5,"TFIM (J=1, h=0.5)",4,6,entanglement_residual,Entanglement + residual,175,3,mean,18.338945122531538,17.298208114059722,16.28161916275942,0.25476258309833855,62.05660030925656,15,14,1,0,1.0,alpha_0,,12,3,0.9741261063817978
tfim_h0.5,"TFIM (J=1, h=0.5)",4,6,entanglement_residual,Entanglement + residual,176,3,mean,19.071044981190237,14.162673759140537,14.542154632389865,6.383856793824182,67.03139828181934,15,14,1,0,1.0,alpha_0,,12,3,0.9047997509831742
tfim_h0.5,"TFIM (J=1, h=0.5)",4,6,entanglement_residual,Entanglement + residual,177,3,mean,18.33566656681716,16.659631416302467,11.384071779874402,0.04863909860889231,48.084624405968206,15,14,1,0,1.0,alpha_0,,12,3,1.213660490925032
tfim_h0.5,"TFIM (J=1, h=0.5)",4,6,entanglement_residual,Entanglement + residual,178,3,mean,14.576481112955676,9.084466030566642,16.584779617158965,0.010379702910740885,63.21045763252377,15,14,1,0,1.0,alpha_0,,12,3,0.8000664380589073
tfim_h0.5,"TFIM (J=1, h=0.5)",4,6,entanglement_residual,Entanglement + residual,179,3,mean,18.93159230417109,13.624002823034836,23.584472851503318,0.03828870244415788,96.19080131146718,15,14,1,0,1.0,alpha_0,,12,3,0.7047369640247415
tfim_h0.5,"TFIM (J=1, h=0.5)",4,6,entanglement_residual,Entanglement + residual,180,3,mean,12.168271411185879,7.543298942909727,11.141925248830928,0.10191572080917295,36.13824269970356,15,14,1,0,1.0,alpha_0,,12,3,0.6324432732883665
tfim_h0.5,"TFIM (J=1, h=0.5)",4,6,entanglement_residual,Entanglement + residual,181,3,mean,8.98298895318352,7.769098229982797,8.354719996586773,0.6794899348769329,33.96480556215659,15,14,1,0,1.0,alpha_0,,12,3,0.7257784554746981
tfim_h0.5,"TFIM (J=1, h=0.5)",4,6,entanglement_residual,Entanglement + residual,182,3,mean,15.115767744335248,12.982785420662069,13.89061928101058,1.054885173954472,53.51695576100481,15,14,1,0,1.0,alpha_0,,12,3,0.8156638910316558
tfim_h0.5,"TFIM (J=1, h=0.5)",4,6,entanglement_residual,Entanglement + residual,183,3,mean,11.282257125416667,7.99295521550723,10.004993077588278,0.7933900008412653,35.59093275522143,15,14,1,0,1.0,alpha_0,,12,3,0.8084625248560339
tfim_h0.5,"TFIM (J=1, h=0.5)",4,6,entanglement_residual,Entanglement + residual,184,3,mean,17.059222592350444,17.234685807306747,7.429191791210312,0.8137951285791469,32.3153835689856,15,14,1,0,1.0,alpha_0,,12,3,0.6581006624346457
tfim_h0.5,"TFIM (J=1, h=0.5)",4,6,entanglement_residual,Entanglement + residual,185,3,mean,5.859857574508354,4.2965249212268155,4.598329802113562,0.055046204546049325,13.383386997942361,15,14,1,0,1.0,alpha_0,,12,3,0.38771131014181837
tfim_h0.5,"TFIM (J=1, h=0.5)",4,6,entanglement_residual,Entanglement + residual,186,3,mean,9.97836373293084,6.167930745099062,10.56921566755356,0.8806266140858218,39.10956941873288,15,14,1,0,1.0,alpha_0,,12,3,0.3963832235073205
tfim_h0.5,"TFIM (J=1, h=0.5)",4,6,entanglement_residual,Entanglement + residual,187,3,mean,11.77609393966085,8.449224620873148,11.4006537474028,2.187179866129389,48.291416628693455,15,14,1,0,1.0,alpha_0,,12,3,0.6413176939469217
tfim_h0.5,"TFIM (J=1, h=0.5)",4,6,entanglement_residual,Entanglement + residual,188,3,mean,9.797068415795104,8.32158287595622,7.306846331729213,0.45797478431172267,29.080774443610323,15,14,1,0,1.0,alpha_0,,12,3,0.6541792167552798
tfim_h0.5,"TFIM (J=1, h=0.5)",4,6,entanglement_residual,Entanglement + residual,189,3,mean,20.842371758642514,10.756860781259096,21.905364820308748,1.113569004274687,79.7476248742788,15,14,1,0,1.0,alpha_0,,12,3,0.544064455677988
tfim_h0.5,"TFIM (J=1, h=0.5)",4,6,entanglement_residual,Entanglement + residual,190,3,mean,12.487937992512501,9.136527825955593,11.827611475689103,0.36950436789639307,44.253033972591034,15,14,1,0,1.0,alpha_0,,12,3,0.5905293937676744
tfim_h0.5,"TFIM (J=1, h=0.5)",4,6,entanglement_residual,Entanglement + residual,191,3,mean,13.460189908709294,13.174375545558917,10.52021225412974,0.882888110476082,36.60211140209604,15,14,1,0,1.0,alpha_0,,12,3,0.7349978268578679
tfim_h0.5,"TFIM (J=1, h=0.5)",4,6,entanglement_residual,Entanglement + residual,192,3,mean,16.67438432220502,10.749357140953936,13.603749190883592,2.1963852915326862,44.86013354760993,15,14,1,0,1.0,alpha_0,,12,3,0.5837615870273705
tfim_h0.5,"TFIM (J=1, h=0.5)",4,6,entanglement_residual,Entanglement + residual,193,3,mean,10.239237116588189,8.41574653346337,8.079352754400666,0.8154789658291942,27.357141910656225,15,14,1,0,1.0,alpha_0,,12,3,0.5235022940154807
tfim_h0.5,"TFIM (J=1, h=0.5)",4,6,entanglement_residual,Entanglement + residual,194,3,mean,11.821783505773064,10.364254720877728,7.15882267763733,0.14704280607908546,24.498391208383214,15,14,1,0,1.0,alpha_0,,12,3,0.64718859873158
tfim_h0.5,"TFIM (J=1, h=0.5)",4,6,entanglement_residual,Entanglement + residual,195,3,mean,16.144875176706325,4.562559085296804,22.945343331750497,0.3979245166141573,70.30283557332103,15,14,1,0,1.0,alpha_0,,12,3,0.8906384139556861
tfim_h0.5,"TFIM (J=1, h=0.5)",4,6,entanglement_residual,Entanglement + residual,196,3,mean,8.49725793429331,8.252701274871411,4.898171184909839,1.4448744308774675,18.86929462004435,15,14,1,0,1.0,alpha_0,,12,3,0.586673511660191
tfim_h0.5,"TFIM (J=1, h=0.5)",4,6,entanglement_residual,Entanglement + residual,197,3,mean,8.318385282188755,5.689889983597996,7.9967140327015285,0.8726627425041303,29.123740533149572,15,14,1,0,1.0,alpha_0,,12,3,0.39815396447230034
tfim_h0.5,"TFIM (J=1, h=0.5)",4,6,entanglement_residual,Entanglement + residual,198,3,mean,9.154499431666697,6.912087541209878,7.136477245200505,2.078827103052875,23.98438503748242,15,14,1,0,1.0,alpha_0,,12,3,0.5378519989797252
tfim_h0.5,"TFIM (J=1, h=0.5)",4,6,entanglement_residual,Entanglement + residual,199,3,mean,11.040765775726815,10.078846644202656,8.790999763911572,0.6383339099353877,27.678053473697467,15,14,1,0,1.0,alpha_0,,12,3,0.7211752920974752
tfim_h0.5,"TFIM (J=1, h=0.5)",4,7,combined,Combined (A+B+C),0,3,mean,13.751774212137708,11.843834151411553,11.79965539429745,0.0,32.851823669804425,15,14,1,0,1.0,alpha_0,,12,3,0.5100575274563542
tfim_h0.5,"TFIM (J=1, h=0.5)",4,7,combined,Combined (A+B+C),1,3,mean,11.626651127196533,7.8366891762889965,14.513330363549002,0.0,58.29183675882518,15,14,1,0,1.0,alpha_0,,12,3,0.3987500774668972
tfim_h0.5,"TFIM (J=1, h=0.5)",4,7,combined,Combined (A+B+C),2,3,mean,10.986853058308998,4.863165065224277,15.21725568921913,0.0,47.20066413896752,15,14,1,0,1.0,alpha_0,,12,3,0.4401398038486003
tfim_h0.5,"TFIM (J=1, h=0.5)",4,7,combined,Combined (A+B+C),3,3,mean,8.680193506279698,6.9121845499672645,7.914062385460003,0.0,24.35633593697399,15,14,1,0,1.0,alpha_0,,12,3,0.4822807221645516
tfim_h0.5,"TFIM (J=1, h=0.5)",4,7,combined,Combined (A+B+C),4,3,mean,16.192470677305227,12.016322293945152,20.939846585794225,0.0,80.95202315556172,15,14,1,0,1.0,alpha_0,,12,3,0.6952218482653484
tfim_h0.5,"TFIM (J=1, h=0.5)",4,7,combined,Combined (A+B+C),5,3,mean,13.867246100199832,9.443024777708413,13.531202177967947,0.0,40.144692488683766,15,14,1,0,1.0,alpha_0,,12,3,0.9630683353211912
tfim_h0.5,"TFIM (J=1, h=0.5)",4,7,combined,Combined (A+B+C),6,3,mean,11.198474921597365,3.9416606052282,14.183094152130584,0.0,47.99894536399838,15,14,1,0,1.0,alpha_0,,12,3,0.5734547757316117
tfim_h0.5,"TFIM (J=1, h=0.5)",4,7,combined,Combined (A+B+C),7,3,mean,6.599785685497304,5.628077973583116,6.136520500899355,0.0,19.322091952801916,15,14,1,0,1.0,alpha_0,,12,3,0.2753682295193631
tfim_h0.5,"TFIM (J=1, h=0.5)",4,7,combined,Combined (A+B+C),8,3,mean,6.7397350368537605,3.9828249392981334,7.421772751019438,0.0,24.88054285758736,15,14,1,0,1.0,alpha_0,,12,3,0.2883984651990718
tfim_h0.5,"TFIM (J=1, h=0.5)",4,7,combined,Combined (A+B+C),9,3,mean,11.169024176009831,9.503755457605367,7.963736384374807,0.0,26.387002607146798,15,14,1,0,1.0,alpha_0,,12,3,0.7517341679342571
tfim_h0.5,"TFIM (J=1, h=0.5)",4,7,combined,Combined (A+B+C),10,3,mean,10.769932266888592,4.4514163394266735,13.855409206259932,0.0,39.568794056514655,15,14,1,0,1.0,alpha_0,,12,3,0.5119995489169081
tfim_h0.5,"TFIM (J=1, h=0.5)",4,7,combined,Combined (A+B+C),11,3,mean,12.36027587929327,8.399611233967626,11.055507883285399,0.0,37.8362860068458,15,14,1,0,1.0,alpha_0,,12,3,0.31447194624689223
tfim_h0.5,"TFIM (J=1, h=0.5)",4,7,combined,Combined (A+B+C),12,3,mean,9.679884353831701,4.217385759315065,16.21734971045326,0.0,65.53327153142426,15,14,1,0,1.0,alpha_0,,12,3,0.3665742905202913
tfim_h0.5,"TFIM (J=1, h=0.5)",4,7,combined,Combined (A+B+C),13,3,mean,12.80017759995819,9.391826980355615,12.341479413168484,0.0,43.09677129409487,15,14,1,0,1.0,alpha_0,,12,3,0.6902716093644232
tfim_h0.5,"TFIM (J=1, h=0.5)",4,7,combined,Combined (A+B+C),14,3,mean,5.806389059684517,1.9813839211800326,10.778579553911728,0.0,42.530244623682734,15,14,1,0,1.0,alpha_0,,12,3,0.2982975953721945
tfim_h0.5,"TFIM (J=1, h=0.5)",4,7,combined,Combined (A+B+C),15,3,mean,13.041697944125517,5.218675864160174,15.55052629263557,0.0,44.70546097365353,15,14,1,0,1.0,alpha_0,,12,3,0.5962770652140043
tfim_h0.5,"TFIM (J=1, h=0.5)",4,7,combined,Combined (A+B+C),16,3,mean,18.26073378337654,15.128826115717446,14.908489582192056,0.0,46.86963195130386,15,14,1,0,1.0,alpha_0,,12,3,1.0083295826796745
tfim_h0.5,"TFIM (J=1, h=0.5)",4,7,combined,Combined (A+B+C),17,3,mean,6.552090470794913,3.9407748706901016,7.17704427069401,0.0,20.462171186117136,15,14,1,0,1.0,alpha_0,,12,3,0.3974057815658414
tfim_h0.5,"TFIM (J=1, h=0.5)",4,7,combined,Combined (A+B+C),18,3,mean,12.157830163127812,6.939150847400882,11.580943645519591,0.0,35.50772610370651,15,14,1,0,1.0,alpha_0,,12,3,0.7549937459173083
tfim_h0.5,"TFIM (J=1, h=0.5)",4,7,combined,Combined (A+B+C),19,3,mean,10.990101537357196,6.010960779292045,12.656848351375864,0.0,38.431714004550464,15,14,1,0,1.0,alpha_0,,12,3,0.532881480379168
tfim_h0.5,"TFIM (J=1, h=0.5)",4,7,combined,Combined (A+B+C),20,3,mean,7.364659415146457,2.8196106236457235,14.253259118371233,0.0,56.768297964512854,15,14,1,0,1.0,alpha_0,,12,3,0.17557478985185745
tfim_h0.5,"TFIM (J=1, h=0.5)",4,7,combined,Combined (A+B+C),21,3,mean,10.232827420696621,7.776440610207212,10.438793367431062,0.0,39.51344556799642,15,14,1,0,1.0,alpha_0,,12,3,0.5794486737551644
tfim_h0.5,"TFIM (J=1, h=0.5)",4,7,combined,Combined (A+B+C),22,3,mean,7.925775561952578,4.043249728354377,10.482981212819087,0.0,36.48789444871198,15,14,1,0,1.0,alpha_0,,12,3,0.23794066195125396
tfim_h0.5,"TFIM (J=1, h=0.5)",4,7,combined,Combined (A+B+C),23,3,mean,8.121808405336994,7.864098405035387,7.209802242864011,0.0,23.008927439690925,15,14,1,0,1.0,alpha_0,,12,3,0.31688917381533444
tfim_h0.5,"TFIM (J=1, h=0.5)",4,7,combined,Combined (A+B+C),24,3,mean,6.414889356978509,6.18689209791451,6.541325701310595,0.0,25.241973804342933,15,14,1,0,1.0,alpha_0,,12,3,0.31150559550919166
tfim_h0.5,"TFIM (J=1, h=0.5)",4,7,combined,Combined (A+B+C),25,3,mean,8.626137509182113,3.474625376453265,11.280528385012078,0.0,38.39091973923752,15,14,1,0,1.0,alpha_0,,12,3,0.3667876345625563
tfim_h0.5,"TFIM (J=1, h=0.5)",4,7,combined,Combined (A+B+C),26,3,mean,10.193276728488595,8.364908261825555,8.17791705231326,0.0,29.886819463828115,15,14,1,0,1.0,alpha_0,,12,3,0.366784109150561
tfim_h0.5,"TFIM (J=1, h=0.5)",4,7,combined,Combined (A+B+C),27,3,mean,5.002060700394106,2.7531743068688526,6.334963135713593,0.0,21.336862292342587,15,14,1,0,1.0,alpha_0,,12,3,0.31816002814932587
tfim_h0.5,"TFIM (J=1, h=0.5)",4,7,combined,Combined (A+B+C),28,3,mean,10.406478765013967,10.691632029240264,8.630653955384627,0.0,26.083031341413403,15,14,1,0,1.0,alpha_0,,12,3,0.5651075295142206
tfim_h0.5,"TFIM (J=1, h=0.5)",4,7,combined,Combined (A+B+C),29,3,mean,11.473130908233625,6.532141739587669,12.897952865218247,0.0,47.404486530372395,15,14,1,0,1.0,alpha_0,,12,3,0.3894733595294598
tfim_h0.5,"TFIM (J=1, h=0.5)",4,7,combined,Combined (A+B+C),30,3,mean,7.938894315329386,5.35189474219759,7.843811220333176,0.0,24.509501202105145,15,14,1,0,1.0,alpha_0,,12,3,0.36067260159905
tfim_h0.5,"TFIM (J=1, h=0.5)",4,7,combined,Combined (A+B+C),31,3,mean,7.78235379427178,5.159196778591553,8.808855689647949,0.0,32.28063331343092,15,14,1,0,1.0,alpha_0,,12,3,0.2717457279714883
tfim_h0.5,"TFIM (J=1, h=0.5)",4,7,combined,Combined (A+B+C),32,3,mean,3.7248207946173086,3.098773686649965,3.2295247411813306,0.0,9.973870751470649,15,14,1,0,1.0,alpha_0,,12,3,0.24715366615404671
tfim_h0.5,"TFIM (J=1, h=0.5)",4,7,combined,Combined (A+B+C),33,3,mean,15.908982216211571,7.070421918940546,20.08687595928675,0.0,61.979202423357805,15,14,1,0,1.0,alpha_0,,12,3,0.34976556803084297
tfim_h0.5,"TFIM (J=1, h=0.5)",4,7,combined,Combined (A+B+C),34,3,mean,14.440521030782078,9.631648070340825,14.477084517874223,0.0,37.79631606142315,15,14,1,0,1.0,alpha_0,,12,3,0.5405933459660565
tfim_h0.5,"TFIM (J=1, h=0.5)",4,7,combined,Combined (A+B+C),35,3,mean,8.743067732630495,4.564901879071789,12.294617803942602,0.0,40.82746003518353,15,14,1,0,1.0,alpha_0,,12,3,0.2341560441423925
tfim_h0.5,"TFIM (J=1, h=0.5)",4,7,combined,Combined (A+B+C),36,3,mean,5.640515697884178,4.713566239192158,4.909244817007759,0.0,19.12298945445439,15,14,1,0,1.0,alpha_0,,12,3,0.34499617994515214
tfim_h0.5,"TFIM (J=1, h=0.5)",4,7,combined,Combined (A+B+C),37,3,mean,13.02313377710276,8.859449134728488,14.307064035455124,0.0,56.06508684165419,15,14,1,0,1.0,alpha_0,,12,3,0.6056369527875715
tfim_h0.5,"TFIM (J=1, h=0.5)",4,7,combined,Combined (A+B+C),38,3,mean,8.83238253250869,6.338599175020928,8.936987774753847,0.0,25.956116425469023,15,14,1,0,1.0,alpha_0,,12,3,0.353740765871215
tfim_h0.5,"TFIM (J=1, h=0.5)",4,7,combined,Combined (A+B+C),39,3,mean,4.476146030890518,1.765510271720713,5.140373823540764,0.0,18.40074062156792,15,14,1,0,1.0,alpha_0,,12,3,0.1583305428954955
tfim_h0.5,"TFIM (J=1, h=0.5)",4,7,combined,Combined (A+B+C),40,3,mean,11.16596446956086,3.392257047517906,15.012287775194535,0.0,51.72575130440748,15,14,1,0,1.0,alpha_0,,12,3,0.24448242983102825
tfim_h0.5,"TFIM (J=1, h=0.5)",4,7,combined,Combined (A+B+C),41,3,mean,12.141177862120712,9.017246120890787,11.934008108498375,0.0,42.192302903481064,15,14,1,0,1.0,alpha_0,,12,3,0.4484826735724524
tfim_h0.5,"TFIM (J=1, h=0.5)",4,7,combined,Combined (A+B+C),42,3,mean,5.196404524556007,2.69161415770704,4.936060931819983,0.0,14.359439361811507,15,14,1,0,1.0,alpha_0,,12,3,0.290636823445985
tfim_h0.5,"TFIM (J=1, h=0.5)",4,7,combined,Combined (A+B+C),43,3,mean,7.081345073073679,8.203316564257786,5.301221547740031,0.0,16.83108568758592,15,14,1,0,1.0,alpha_0,,12,3,0.26165307446341324
tfim_h0.5,"TFIM (J=1, h=0.5)",4,7,combined,Combined (A+B+C),44,3,mean,12.754575680842066,13.152592235812147,10.268969412253616,0.0,33.77103634232295,15,14,1,0,1.0,alpha_0,,12,3,0.716147556654011
tfim_h0.5,"TFIM (J=1, h=0.5)",4,7,combined,Combined (A+B+C),45,3,mean,11.795375247657391,5.747209298163915,14.911922956396,0.0,47.870264711805945,15,14,1,0,1.0,alpha_0,,12,3,0.6894701609047202
tfim_h0.5,"TFIM (J=1, h=0.5)",4,7,combined,Combined (A+B+C),46,3,mean,10.686420564135778,9.435269712087113,9.05861436649278,0.0,29.07896355360854,15,14,1,0,1.0,alpha_0,,12,3,0.46736126919979687
tfim_h0.5,"TFIM (J=1, h=0.5)",4,7,combined,Combined (A+B+C),47,3,mean,13.439029149725386,11.377068760186539,14.042930246544827,0.0,46.54387191661698,15,14,1,0,1.0,alpha_0,,12,3,0.6243199341086545
tfim_h0.5,"TFIM (J=1, h=0.5)",4,7,combined,Combined (A+B+C),48,3,mean,12.712884160486746,10.184038658034122,10.21294398926226,0.0,32.210751264611815,15,14,1,0,1.0,alpha_0,,12,3,0.38942823808109556
tfim_h0.5,"TFIM (J=1, h=0.5)",4,7,combined,Combined (A+B+C),49,3,mean,10.883211142879164,12.349218523257564,8.577013189908689,0.0,26.303592177972522,15,14,1,0,1.0,alpha_0,,12,3,0.7125028033803814
tfim_h0.5,"TFIM (J=1, h=0.5)",4,7,combined,Combined (A+B+C),50,3,mean,9.342895963737513,3.261211498102176,12.794166616670475,0.0,43.55647661896238,15,14,1,0,1.0,alpha_0,,12,3,0.22313103929419933
tfim_h0.5,"TFIM (J=1, h=0.5)",4,7,combined,Combined (A+B+C),51,3,mean,8.590000331493272,2.9881920675518643,9.916720697006525,0.0,28.742685234025483,15,14,1,0,1.0,alpha_0,,12,3,0.35319167428180215
tfim_h0.5,"TFIM (J=1, h=0.5)",4,7,combined,Combined (A+B+C),52,3,mean,15.799743375972023,2.326443977250946,21.4802518664481,0.0,64.3534497886047,15,14,1,0,1.0,alpha_0,,12,3,0.6040337258584287
tfim_h0.5,"TFIM (J=1, h=0.5)",4,7,combined,Combined (A+B+C),53,3,mean,7.068482425817949,3.7322632011921923,8.0056793055846,0.0,27.57073843713832,15,14,1,0,1.0,alpha_0,,12,3,0.3081383418315503
tfim_h0.5,"TFIM (J=1, h=0.5)",4,7,combined,Combined (A+B+C),54,3,mean,9.234218232254523,2.211878473404444,15.589360856246296,0.0,59.40106915523285,15,14,1,0,1.0,alpha_0,,12,3,0.4703978588885894
tfim_h0.5,"TFIM (J=1, h=0.5)",4,7,combined,Combined (A+B+C),55,3,mean,9.824518977121826,5.627332798388892,9.982681329094923,0.0,29.39068977699648,15,14,1,0,1.0,alpha_0,,12,3,0.27423368912719404
tfim_h0.5,"TFIM (J=1, h=0.5)",4,7,combined,Combined (A+B+C),56,3,mean,5.797965552578397,3.7726639416589673,5.2678157396265695,0.0,16.62532569145816,15,14,1,0,1.0,alpha_0,,12,3,0.29170094111737677
tfim_h0.5,"TFIM (J=1, h=0.5)",4,7,combined,Combined (A+B+C),57,3,mean,4.3799867161848,1.769836800780444,6.603370031660071,0.0,24.446496150501567,15,14,1,0,1.0,alpha_0,,12,3,0.24937662786882026
tfim_h0.5,"TFIM (J=1, h=0.5)",4,7,combined,Combined (A+B+C),58,3,mean,10.745813627755561,7.383968681504559,12.72773349685917,0.0,45.96876408555735,15,14,1,0,1.0,alpha_0,,12,3,0.3676059342839343
tfim_h0.5,"TFIM (J=1, h=0.5)",4,7,combined,Combined (A+B+C),59,3,mean,14.886964710883836,9.970831186253474,16.410880279405095,0.0,52.66929135830577,15,14,1,0,1.0,alpha_0,,12,3,0.7538764264293764
tfim_h0.5,"TFIM (J=1, h=0.5)",4,7,combined,Combined (A+B+C),60,3,mean,10.990174308062526,5.448236692875688,12.445354310347861,0.0,39.22833558256828,15,14,1,0,1.0,alpha_0,,12,3,0.4522540874914501
tfim_h0.5,"TFIM (J=1, h=0.5)",4,7,combined,Combined (A+B+C),61,3,mean,8.128182489730914,8.424355683302185,6.350370885374109,0.0,20.262673002350954,15,14,1,0,1.0,alpha_0,,12,3,0.3536038363584756
tfim_h0.5,"TFIM (J=1, h=0.5)",4,7,combined,Combined (A+B+C),62,3,mean,10.776243875516396,8.329167509557697,9.188644405837493,0.0,29.592073324659218,15,14,1,0,1.0,alpha_0,,12,3,0.3150171845427436
tfim_h0.5,"TFIM (J=1, h=0.5)",4,7,combined,Combined (A+B+C),63,3,mean,13.034887086259317,7.480595615267486,14.109003035529883,1.5440863771347573e-15,40.957089921768706,15,14,1,0,1.0,alpha_0,,12,3,0.4039187989713734
tfim_h0.5,"TFIM (J=1, h=0.5)",4,7,combined,Combined (A+B+C),64,3,mean,13.917862242390598,7.371788297339517,16.600191361836988,4.6408175402744526e-15,56.638646237256076,15,14,1,0,1.0,alpha_0,,12,3,0.6927153236545872
tfim_h0.5,"TFIM (J=1, h=0.5)",4,7,combined,Combined (A+B+C),65,3,mean,12.277238854801151,11.94248344717763,8.347196284685438,0.0,28.25825780139614,15,14,1,0,1.0,alpha_0,,12,3,0.41296537480468754
tfim_h0.5,"TFIM (J=1, h=0.5)",4,7,combined,Combined (A+B+C),66,3,mean,11.55999365446572,3.3882081790787995,17.849631539400796,0.0,68.77111968225029,15,14,1,0,1.0,alpha_0,,12,3,0.30996413673748946
tfim_h0.5,"TFIM (J=1, h=0.5)",4,7,combined,Combined (A+B+C),67,3,mean,11.268752297596174,5.538237111798825,15.771901947498788,0.0,50.61932961611072,15,14,1,0,1.0,alpha_0,,12,3,0.5343996435193095
tfim_h0.5,"TFIM (J=1, h=0.5)",4,7,combined,Combined (A+B+C),68,3,mean,10.043616669965504,7.804553856632458,10.80290474993445,0.0,35.2024451504574,15,14,1,0,1.0,alpha_0,,12,3,0.3089974812135962
tfim_h0.5,"TFIM (J=1, h=0.5)",4,7,combined,Combined (A+B+C),69,3,mean,8.46996674530834,8.978866761995116,7.78852794799309,0.0,25.547252396600147,15,14,1,0,1.0,alpha_0,,12,3,0.32301809082573624
tfim_h0.5,"TFIM (J=1, h=0.5)",4,7,combined,Combined (A+B+C),70,3,mean,9.0646224221837,8.815440543134986,7.912676203792611,0.0,26.657207429084576,15,14,1,0,1.0,alpha_0,,12,3,0.24325133853435546
tfim_h0.5,"TFIM (J=1, h=0.5)",4,7,combined,Combined (A+B+C),71,3,mean,7.145401989336894,1.4689858394345692,10.033266212308105,0.0,31.915790310877576,15,14,1,0,1.0,alpha_0,,12,3,0.4754933925091251
tfim_h0.5,"TFIM (J=1, h=0.5)",4,7,combined,Combined (A+B+C),72,3,mean,13.260084129775775,8.450064555619528,15.825126682079935,0.0,54.48923741773983,15,14,1,0,1.0,alpha_0,,12,3,0.5748785724945904
tfim_h0.5,"TFIM (J=1, h=0.5)",4,7,combined,Combined (A+B+C),73,3,mean,8.500646079678498,2.5204521134058626,14.637664211361944,0.0,54.8153074422647,15,14,1,0,1.0,alpha_0,,12,3,0.33612711544621793
tfim_h0.5,"TFIM (J=1, h=0.5)",4,7,combined,Combined (A+B+C),74,3,mean,8.799449311010237,5.763290490514224,8.4234047828137,0.0,26.12298984922977,15,14,1,0,1.0,alpha_0,,12,3,0.524181537086237
tfim_h0.5,"TFIM (J=1, h=0.5)",4,7,combined,Combined (A+B+C),75,3,mean,12.313273291852036,14.872971548775432,10.677454466555067,0.0,28.23096823777184,15,14,1,0,1.0,alpha_0,,12,3,0.6764230016507103
tfim_h0.5,"TFIM (J=1, h=0.5)",4,7,combined,Combined (A+B+C),76,3,mean,8.660540152881815,4.568331413357061,13.810898316629858,0.0,55.80583852571544,15,14,1,0,1.0,alpha_0,,12,3,0.31788176319203854
tfim_h0.5,"TFIM (J=1, h=0.5)",4,7,combined,Combined (A+B+C),77,3,mean,4.893185157488077,2.3750456429504148,6.76837335753114,0.0,23.895015762046008,15,14,1,0,1.0,alpha_0,,12,3,0.3351099621810739
tfim_h0.5,"TFIM (J=1, h=0.5)",4,7,combined,Combined (A+B+C),78,3,mean,17.891631234737954,10.120744158084397,23.37628826174701,0.0,83.23980330069645,15,14,1,0,1.0,alpha_0,,12,3,0.5905682950542656
tfim_h0.5,"TFIM (J=1, h=0.5)",4,7,combined,Combined (A+B+C),79,3,mean,13.91723619834703,7.737223674148294,25.463478997791906,0.0,103.62155254987728,15,14,1,0,1.0,alpha_0,,12,3,0.4472345170729205
tfim_h0.5,"TFIM (J=1, h=0.5)",4,7,combined,Combined (A+B+C),80,3,mean,6.627361492726435,2.0539349375409217,8.938899348810542,0.0,31.15611238243651,15,14,1,0,1.0,alpha_0,,12,3,0.31258646660374706
tfim_h0.5,"TFIM (J=1, h=0.5)",4,7,combined,Combined (A+B+C),81,3,mean,7.907964894222091,5.565019899148943,7.2764343266942495,0.0,21.160859613762774,15,14,1,0,1.0,alpha_0,,12,3,0.3820699863875003
tfim_h0.5,"TFIM (J=1, h=0.5)",4,7,combined,Combined (A+B+C),82,3,mean,14.714229597803484,4.223899077496234,19.147715827622015,0.0,57.56057048686367,15,14,1,0,1.0,alpha_0,,12,3,0.30787277572552735
tfim_h0.5,"TFIM (J=1, h=0.5)",4,7,combined,Combined (A+B+C),83,3,mean,7.250263464135748,6.23923605859979,6.399092200323026,0.0,22.09339308820024,15,14,1,0,1.0,alpha_0,,12,3,0.3022358664836814
tfim_h0.5,"TFIM (J=1, h=0.5)",4,7,combined,Combined (A+B+C),84,3,mean,10.091177292341014,2.664524816199016,13.665020463642335,0.0,44.74816045735771,15,14,1,0,1.0,alpha_0,,12,3,0.36678638842734784
tfim_h0.5,"TFIM (J=1, h=0.5)",4,7,combined,Combined (A+B+C),85,3,mean,6.843213618103659,3.873267924023243,7.236244905424098,0.0,21.724755612270226,15,14,1,0,1.0,alpha_0,,12,3,0.4691518088047797
tfim_h0.5,"TFIM (J=1, h=0.5)",4,7,combined,Combined (A+B+C),86,3,mean,11.69948120168557,9.434015641673424,10.165817879167784,0.0,31.72471649369121,15,14,1,0,1.0,alpha_0,,12,3,0.5319550638106573
tfim_h0.5,"TFIM (J=1, h=0.5)",4,7,combined,Combined (A+B+C),87,3,mean,9.443708659202773,5.882134270915915,9.651090128380709,0.0,31.054547972156048,15,14,1,0,1.0,alpha_0,,12,3,0.3945163852194687
tfim_h0.5,"TFIM (J=1, h=0.5)",4,7,combined,Combined (A+B+C),88,3,mean,5.796889766482626,4.9260657673431405,5.610308115487668,0.0,17.36513442185448,15,14,1,0,1.0,alpha_0,,12,3,0.32380527853859714
tfim_h0.5,"TFIM (J=1, h=0.5)",4,7,combined,Combined (A+B+C),89,3,mean,11.1524446569334,7.948256383090753,12.561531108420583,0.0,42.57762822565316,15,14,1,0,1.0,alpha_0,,12,3,0.5406657548351054
tfim_h0.5,"TFIM (J=1, h=0.5)",4,7,combined,Combined (A+B+C),90,3,mean,12.7241167955891,10.721750220275432,10.079302775384534,0.0,33.86435509000871,15,14,1,0,1.0,alpha_0,,12,3,0.5458358591844185
tfim_h0.5,"TFIM (J=1, h=0.5)",4,7,combined,Combined (A+B+C),91,3,mean,9.290282702686657,4.8310659044380015,12.134929291101193,0.0,46.83435614287838,15,14,1,0,1.0,alpha_0,,12,3,0.4428250187557548
tfim_h0.5,"TFIM (J=1, h=0.5)",4,7,combined,Combined (A+B+C),92,3,mean,14.977847946415238,8.974347614641003,14.053922054971336,0.0,38.742661741642195,15,14,1,0,1.0,alpha_0,,12,3,0.5450542773290888
tfim_h0.5,"TFIM (J=1, h=0.5)",4,7,combined,Combined (A+B+C),93,3,mean,9.30468749449261,5.218925062644335,11.702614798817566,0.0,38.07296886919827,15,14,1,0,1.0,alpha_0,,12,3,0.3800814112544865
tfim_h0.5,"TFIM (J=1, h=0.5)",4,7,combined,Combined (A+B+C),94,3,mean,8.773936210403466,6.563729409072076,9.664362458750613,0.0,38.73904823966133,15,14,1,0,1.0,alpha_0,,12,3,0.25980877504759303
tfim_h0.5,"TFIM (J=1, h=0.5)",4,7,combined,Combined (A+B+C),95,3,mean,9.178051467739554,4.5159081107433945,12.581865345636725,0.0,41.06301840475244,15,14,1,0,1.0,alpha_0,,12,3,0.28782809558070677
tfim_h0.5,"TFIM (J=1, h=0.5)",4,7,combined,Combined (A+B+C),96,3,mean,9.381484215316231,5.879348227803481,9.973806887617666,0.0,30.937343783955388,15,14,1,0,1.0,alpha_0,,12,3,0.43901191065387773
tfim_h0.5,"TFIM (J=1, h=0.5)",4,7,combined,Combined (A+B+C),97,3,mean,7.823964332183759,3.8527713220675377,12.453812687356391,0.0,49.442150575176136,15,14,1,0,1.0,alpha_0,,12,3,0.25453258516730054
tfim_h0.5,"TFIM (J=1, h=0.5)",4,7,combined,Combined (A+B+C),98,3,mean,13.36719893155699,9.44902234284006,13.92820683281837,0.0,49.04182095242579,15,14,1,0,1.0,alpha_0,,12,3,0.41748311705026736
tfim_h0.5,"TFIM (J=1, h=0.5)",4,7,combined,Combined (A+B+C),99,3,mean,21.299230983565174,10.187759269350618,35.96314917644825,0.0,145.04044448004166,15,14,1,0,1.0,alpha_0,,12,3,0.3269309874164563
tfim_h0.5,"TFIM (J=1, h=0.5)",4,7,combined,Combined (A+B+C),100,3,mean,11.859769797643665,6.399230486721389,16.50461496111399,0.0,63.427976433634605,15,14,1,0,1.0,alpha_0,,12,3,0.6164035969509855
tfim_h0.5,"TFIM (J=1, h=0.5)",4,7,combined,Combined (A+B+C),101,3,mean,13.396366093479125,5.972557022077137,15.033463120264859,0.0,45.32590521188522,15,14,1,0,1.0,alpha_0,,12,3,0.7447736831427402
tfim_h0.5,"TFIM (J=1, h=0.5)",4,7,combined,Combined (A+B+C),102,3,mean,6.943038852419849,6.350373502661753,7.625183128459807,0.0,26.603713283038683,15,14,1,0,1.0,alpha_0,,12,3,0.4574344289510886
tfim_h0.5,"TFIM (J=1, h=0.5)",4,7,combined,Combined (A+B+C),103,3,mean,9.774305654289302,5.01002405924881,11.600627597565245,0.0,33.68863851451822,15,14,1,0,1.0,alpha_0,,12,3,0.5506682171150732
tfim_h0.5,"TFIM (J=1, h=0.5)",4,7,combined,Combined (A+B+C),104,3,mean,12.044499317368247,4.360408014761765,20.047259402555124,0.0,74.92183156048031,15,14,1,0,1.0,alpha_0,,12,3,0.422862404828118
tfim_h0.5,"TFIM (J=1, h=0.5)",4,7,combined,Combined (A+B+C),105,3,mean,9.558364614575002,7.221483584842376,9.431404847261623,0.0,30.254829496377457,15,14,1,0,1.0,alpha_0,,12,3,0.2829623455349035
tfim_h0.5,"TFIM (J=1, h=0.5)",4,7,combined,Combined (A+B+C),106,3,mean,20.105922497935143,11.35290499089058,24.3466789529363,0.0,68.2939352846903,15,14,1,0,1.0,alpha_0,,12,3,0.40101201704751216
tfim_h0.5,"TFIM (J=1, h=0.5)",4,7,combined,Combined (A+B+C),107,3,mean,17.60541072129162,15.180894848432022,15.245518281132547,0.0,54.1379816561115,15,14,1,0,1.0,alpha_0,,12,3,0.7401758517375254
tfim_h0.5,"TFIM (J=1, h=0.5)",4,7,combined,Combined (A+B+C),108,3,mean,9.863113497586472,8.052213023791955,7.87268993603275,0.0,25.39133204893748,15,14,1,0,1.0,alpha_0,,12,3,0.6156504862665596
tfim_h0.5,"TFIM (J=1, h=0.5)",4,7,combined,Combined (A+B+C),109,3,mean,19.50341600515017,10.108674697885203,19.15417972372402,0.0,60.653092163011664,15,14,1,0,1.0,alpha_0,,12,3,0.7537573629285063
tfim_h0.5,"TFIM (J=1, h=0.5)",4,7,combined,Combined (A+B+C),110,3,mean,4.559522664916708,3.323858002877027,5.243633281217761,0.0,14.91916962342318,15,14,1,0,1.0,alpha_0,,12,3,0.2434019096781643
tfim_h0.5,"TFIM (J=1, h=0.5)",4,7,combined,Combined (A+B+C),111,3,mean,10.64156496617346,8.884226307506939,9.43093891556512,0.0,36.11141564327942,15,14,1,0,1.0,alpha_0,,12,3,0.3832203278998845
tfim_h0.5,"TFIM (J=1, h=0.5)",4,7,combined,Combined (A+B+C),112,3,mean,8.830342403965794,5.5393795681905456,9.137358064782646,0.0,31.628274711492498,15,14,1,0,1.0,alpha_0,,12,3,0.5375879732338996
tfim_h0.5,"TFIM (J=1, h=0.5)",4,7,combined,Combined (A+B+C),113,3,mean,12.915099835988174,9.922374519891543,12.396622869659236,0.0,37.7139432650032,15,14,1,0,1.0,alpha_0,,12,3,0.3406042420916006
tfim_h0.5,"TFIM (J=1, h=0.5)",4,7,combined,Combined (A+B+C),114,3,mean,12.084505328402964,12.404115462573277,7.869404337933018,0.0,25.83418492676917,15,14,1,0,1.0,alpha_0,,12,3,0.3639573705556706
tfim_h0.5,"TFIM (J=1, h=0.5)",4,7,combined,Combined (A+B+C),115,3,mean,9.581507887396722,5.565652038524195,10.314448032401753,0.0,31.519798388436634,15,14,1,0,1.0,alpha_0,,12,3,0.27209962784881764
tfim_h0.5,"TFIM (J=1, h=0.5)",4,7,combined,Combined (A+B+C),116,3,mean,15.233747688538662,6.539923546569588,23.266450645022676,0.0,71.62533122743905,15,14,1,0,1.0,alpha_0,,12,3,0.47286373448449126
tfim_h0.5,"TFIM (J=1, h=0.5)",4,7,combined,Combined (A+B+C),117,3,mean,12.248762798336,7.7019926673275565,14.395159800193134,0.0,56.23807095930535,15,14,1,0,1.0,alpha_0,,12,3,0.565902560084128
tfim_h0.5,"TFIM (J=1, h=0.5)",4,7,combined,Combined (A+B+C),118,3,mean,12.531300423036303,8.878762787631224,11.159932160907347,0.0,32.074976048131624,15,14,1,0,1.0,alpha_0,,12,3,0.4016219173322343
tfim_h0.5,"TFIM (J=1, h=0.5)",4,7,combined,Combined (A+B+C),119,3,mean,14.996480715876373,12.009098421537585,14.361651814470596,0.0,47.79811971779855,15,14,1,0,1.0,alpha_0,,12,3,0.7356565821789345
tfim_h0.5,"TFIM (J=1, h=0.5)",4,7,combined,Combined (A+B+C),120,3,mean,8.821349511012171,7.076450659200021,7.891437837122007,0.0,22.941938423154067,15,14,1,0,1.0,alpha_0,,12,3,0.3523592494060607
tfim_h0.5,"TFIM (J=1, h=0.5)",4,7,combined,Combined (A+B+C),121,3,mean,7.862555341875001,4.4878839849042045,9.363625694454557,0.0,28.30516201165636,15,14,1,0,1.0,alpha_0,,12,3,0.3447907515954876
tfim_h0.5,"TFIM (J=1, h=0.5)",4,7,combined,Combined (A+B+C),122,3,mean,11.465918616192043,8.34582481629666,13.951456830794273,0.0,53.84446820841626,15,14,1,0,1.0,alpha_0,,12,3,0.5673845998647836
tfim_h0.5,"TFIM (J=1, h=0.5)",4,7,combined,Combined (A+B+C),123,3,mean,14.489676319869316,6.2766221715219075,24.35965685330193,0.0,95.10160644162815,15,14,1,0,1.0,alpha_0,,12,3,0.6149069846603148
tfim_h0.5,"TFIM (J=1, h=0.5)",4,7,combined,Combined (A+B+C),124,3,mean,8.95724974823983,6.864140755178127,8.315458629565105,9.185056290243318e-15,22.655688312060906,15,14,1,0,1.0,alpha_0,,12,3,0.40436677512397573
tfim_h0.5,"TFIM (J=1, h=0.5)",4,7,combined,Combined (A+B+C),125,3,mean,10.991681675634558,7.873917049461262,9.733676783210067,0.0,27.710604779219036,15,14,1,0,1.0,alpha_0,,12,3,0.5075370658611891
tfim_h0.5,"TFIM (J=1, h=0.5)",4,7,combined,Combined (A+B+C),126,3,mean,25.437110478264863,10.705258846120293,44.12075553930956,0.0,172.9603990750449,15,14,1,0,1.0,alpha_0,,12,3,0.37697055346919706
tfim_h0.5,"TFIM (J=1, h=0.5)",4,7,combined,Combined (A+B+C),127,3,mean,12.314918535609806,12.788047709447458,11.138347526844871,0.0,33.624862919725956,15,14,1,0,1.0,alpha_0,,12,3,0.6137314850023574
tfim_h0.5,"TFIM (J=1, h=0.5)",4,7,combined,Combined (A+B+C),128,3,mean,4.1535574713911645,2.1848826697504387,4.862552504005004,0.0,18.124474551917366,15,14,1,0,1.0,alpha_0,,12,3,0.19672890460353762
tfim_h0.5,"TFIM (J=1, h=0.5)",4,7,combined,Combined (A+B+C),129,3,mean,16.099930928484618,16.621288263236444,13.882110951983236,0.0,51.56717566359658,15,14,1,0,1.0,alpha_0,,12,3,0.7896864490066875
tfim_h0.5,"TFIM (J=1, h=0.5)",4,7,combined,Combined (A+B+C),130,3,mean,12.699903364134409,6.609324721885667,13.147783585043694,0.0,39.90527167844162,15,14,1,0,1.0,alpha_0,,12,3,0.6374157437170858
tfim_h0.5,"TFIM (J=1, h=0.5)",4,7,combined,Combined (A+B+C),131,3,mean,8.917527140554398,4.185472891947718,10.777425713240302,0.0,36.62436045236001,15,14,1,0,1.0,alpha_0,,12,3,0.31738733424172383
tfim_h0.5,"TFIM (J=1, h=0.5)",4,7,combined,Combined (A+B+C),132,3,mean,13.599440366938312,7.9043297322494555,17.17797131151748,0.0,66.99498964355897,15,14,1,0,1.0,alpha_0,,12,3,0.810814100077094
tfim_h0.5,"TFIM (J=1, h=0.5)",4,7,combined,Combined (A+B+C),133,3,mean,7.680329140784267,8.15161614704858,6.122172385028261,0.0,20.40476783943734,15,14,1,0,1.0,alpha_0,,12,3,0.296086542148017
tfim_h0.5,"TFIM (J=1, h=0.5)",4,7,combined,Combined (A+B+C),134,3,mean,11.334607248801136,10.154106524676846,10.682719447470534,0.0,34.12360391496773,15,14,1,0,1.0,alpha_0,,12,3,0.43918106365275916
tfim_h0.5,"TFIM (J=1, h=0.5)",4,7,combined,Combined (A+B+C),135,3,mean,11.223714898586291,7.099472795466697,12.670230832705961,0.0,43.562501068812395,15,14,1,0,1.0,alpha_0,,12,3,0.404286555312833
tfim_h0.5,"TFIM (J=1, h=0.5)",4,7,combined,Combined (A+B+C),136,3,mean,9.980710962858486,6.967613046617598,9.85125915068678,0.0,32.41315511616504,15,14,1,0,1.0,alpha_0,,12,3,0.36813787118282343
tfim_h0.5,"TFIM (J=1, h=0.5)",4,7,combined,Combined (A+B+C),137,3,mean,7.43410121436871,5.666011081096599,7.515697893632015,0.0,25.767896709184992,15,14,1,0,1.0,alpha_0,,12,3,0.28880766471388325
tfim_h0.5,"TFIM (J=1, h=0.5)",4,7,combined,Combined (A+B+C),138,3,mean,16.53240308681369,15.942623443173009,18.35638307300141,0.0,73.0953291580378,15,14,1,0,1.0,alpha_0,,12,3,0.5172816653388578
tfim_h0.5,"TFIM (J=1, h=0.5)",4,7,combined,Combined (A+B+C),139,3,mean,8.318534350145594,2.4800958212437925,12.635030572240764,0.0,45.60285471940302,15,14,1,0,1.0,alpha_0,,12,3,0.4008208120586388
tfim_h0.5,"TFIM (J=1, h=0.5)",4,7,combined,Combined (A+B+C),140,3,mean,10.9579428255549,7.292003434060883,10.943275933943214,0.0,30.89473109240357,15,14,1,0,1.0,alpha_0,,12,3,0.4414377897450294
tfim_h0.5,"TFIM (J=1, h=0.5)",4,7,combined,Combined (A+B+C),141,3,mean,6.973984354445016,1.3294813362976696,9.139810380781274,0.0,23.527732046131618,15,14,1,0,1.0,alpha_0,,12,3,0.3119355674702423
tfim_h0.5,"TFIM (J=1, h=0.5)",4,7,combined,Combined (A+B+C),142,3,mean,10.275400628899515,7.767453461693895,9.035672457724754,0.0,28.77762524716941,15,14,1,0,1.0,alpha_0,,12,3,0.4681093279390668
tfim_h0.5,"TFIM (J=1, h=0.5)",4,7,combined,Combined (A+B+C),143,3,mean,18.04057877141932,14.996471528333112,17.31915097565113,0.0,60.79531475725308,15,14,1,0,1.0,alpha_0,,12,3,0.7982460320241029
tfim_h0.5,"TFIM (J=1, h=0.5)",4,7,combined,Combined (A+B+C),144,3,mean,6.771666809513861,5.463018674986165,6.131601285004948,0.0,16.93245751894935,15,14,1,0,1.0,alpha_0,,12,3,0.391468681153464
tfim_h0.5,"TFIM (J=1, h=0.5)",4,7,combined,Combined (A+B+C),145,3,mean,10.075314795585014,4.007400766336519,11.966982541615335,0.0,42.72007738304399,15,14,1,0,1.0,alpha_0,,12,3,0.3504564137093857
tfim_h0.5,"TFIM (J=1, h=0.5)",4,7,combined,Combined (A+B+C),146,3,mean,7.686375096459012,6.237104677319953,6.2818365363348985,0.0,19.740722418280694,15,14,1,0,1.0,alpha_0,,12,3,0.4093686309616533
tfim_h0.5,"TFIM (J=1, h=0.5)",4,7,combined,Combined (A+B+C),147,3,mean,8.816335785319197,7.913441515747532,8.024356555397954,0.0,25.369998556377595,15,14,1,0,1.0,alpha_0,,12,3,0.19224166605211243
tfim_h0.5,"TFIM (J=1, h=0.5)",4,7,combined,Combined (A+B+C),148,3,mean,10.645478473121315,8.414175515299643,10.845326902860252,0.0,37.25682308788272,15,14,1,0,1.0,alpha_0,,12,3,0.36748931159839215
tfim_h0.5,"TFIM (J=1, h=0.5)",4,7,combined,Combined (A+B+C),149,3,mean,10.237691248283241,6.903247832154362,11.743829492130022,0.0,40.957205734941176,15,14,1,0,1.0,alpha_0,,12,3,0.37476786239223325
tfim_h0.5,"TFIM (J=1, h=0.5)",4,7,combined,Combined (A+B+C),150,3,mean,10.110754114605603,8.236705081895153,11.341325961920765,0.0,43.70406146807537,15,14,1,0,1.0,alpha_0,,12,3,0.35972654045820257
tfim_h0.5,"TFIM (J=1, h=0.5)",4,7,combined,Combined (A+B+C),151,3,mean,7.120183075295505,5.486648148894041,8.00421404721617,0.0,30.13293753219351,15,14,1,0,1.0,alpha_0,,12,3,0.25756271073082876
tfim_h0.5,"TFIM (J=1, h=0.5)",4,7,combined,Combined (A+B+C),152,3,mean,10.286172881628248,6.330557425911628,15.166313628087748,0.0,60.32885934785913,15,14,1,0,1.0,alpha_0,,12,3,0.3661084402405795
tfim_h0.5,"TFIM (J=1, h=0.5)",4,7,combined,Combined (A+B+C),153,3,mean,12.877002085253219,6.903798509768217,15.849370872076852,0.0,51.630620483415164,15,14,1,0,1.0,alpha_0,,12,3,0.4128282434599467
tfim_h0.5,"TFIM (J=1, h=0.5)",4,7,combined,Combined (A+B+C),154,3,mean,11.99368619872824,1.2041295703807122,15.482547995539031,0.0,47.4258129105625,15,14,1,0,1.0,alpha_0,,12,3,0.3778877364001028
tfim_h0.5,"TFIM (J=1, h=0.5)",4,7,combined,Combined (A+B+C),155,3,mean,12.467497737407044,14.231270401603506,9.395917709523284,0.0,29.77884570376404,15,14,1,0,1.0,alpha_0,,12,3,0.3918281231215577
tfim_h0.5,"TFIM (J=1, h=0.5)",4,7,combined,Combined (A+B+C),156,3,mean,14.517652003611314,5.887160757655316,18.508430507152955,0.0,64.0833546864371,15,14,1,0,1.0,alpha_0,,12,3,0.5702747246784441
tfim_h0.5,"TFIM (J=1, h=0.5)",4,7,combined,Combined (A+B+C),157,3,mean,9.67204938939546,6.391252616571877,9.806153382435287,0.0,35.02145076838959,15,14,1,0,1.0,alpha_0,,12,3,0.4998862831755318
tfim_h0.5,"TFIM (J=1, h=0.5)",4,7,combined,Combined (A+B+C),158,3,mean,15.752901388533493,13.617030262823864,14.136126385744738,0.0,43.592298284010006,15,14,1,0,1.0,alpha_0,,12,3,0.6838773034150768
tfim_h0.5,"TFIM (J=1, h=0.5)",4,7,combined,Combined (A+B+C),159,3,mean,9.45418961170382,8.505419274466334,7.358223900633599,0.0,23.964220470882996,15,14,1,0,1.0,alpha_0,,12,3,0.3910647351521059
tfim_h0.5,"TFIM (J=1, h=0.5)",4,7,combined,Combined (A+B+C),160,3,mean,6.499270208651779,5.893067292722437,5.968040165357892,0.0,18.459092365218094,15,14,1,0,1.0,alpha_0,,12,3,0.2675036168571367
tfim_h0.5,"TFIM (J=1, h=0.5)",4,7,combined,Combined (A+B+C),161,3,mean,10.580597712749091,3.1942869040969337,16.68420274626869,0.0,61.168259439495515,15,14,1,0,1.0,alpha_0,,12,3,0.28068744049326155
tfim_h0.5,"TFIM (J=1, h=0.5)",4,7,combined,Combined (A+B+C),162,3,mean,12.094842869610407,8.78012590620792,13.892932476689039,1.799175874557497e-15,43.28473387588814,15,14,1,0,1.0,alpha_0,,12,3,0.5794633797870181
tfim_h0.5,"TFIM (J=1, h=0.5)",4,7,combined,Combined (A+B+C),163,3,mean,11.51341430547194,8.040119515383525,10.816945053833846,0.0,35.15544725210957,15,14,1,0,1.0,alpha_0,,12,3,0.5469733542750349
tfim_h0.5,"TFIM (J=1, h=0.5)",4,7,combined,Combined (A+B+C),164,3,mean,16.671266696568317,13.049626089325422,15.942389302893314,0.0,52.78332139806128,15,14,1,0,1.0,alpha_0,,12,3,0.9302863767654046
tfim_h0.5,"TFIM (J=1, h=0.5)",4,7,combined,Combined (A+B+C),165,3,mean,13.192631431166202,5.287733659247747,26.979244091987034,0.0,108.62469220622516,15,14,1,0,1.0,alpha_0,,12,3,0.583526826840089
tfim_h0.5,"TFIM (J=1, h=0.5)",4,7,combined,Combined (A+B+C),166,3,mean,9.395436290925648,8.814880968932243,8.67383027408368,0.0,32.37534923302223,15,14,1,0,1.0,alpha_0,,12,3,0.6408645710838138
tfim_h0.5,"TFIM (J=1, h=0.5)",4,7,combined,Combined (A+B+C),167,3,mean,13.753043706034996,11.134069350193315,13.642191744598065,0.0,42.34030211287079,15,14,1,0,1.0,alpha_0,,12,3,0.40707362156110116
tfim_h0.5,"TFIM (J=1, h=0.5)",4,7,combined,Combined (A+B+C),168,3,mean,6.688196871297607,3.101032991661377,12.809915015542543,0.0,51.4648381581119,15,14,1,0,1.0,alpha_0,,12,3,0.2006346741819878
tfim_h0.5,"TFIM (J=1, h=0.5)",4,7,combined,Combined (A+B+C),169,3,mean,12.620300191864663,12.569976258855831,11.242344029957243,0.0,39.74212261569271,15,14,1,0,1.0,alpha_0,,12,3,0.3376165721503446
tfim_h0.5,"TFIM (J=1, h=0.5)",4,7,combined,Combined (A+B+C),170,3,mean,12.99390230026295,4.821604689468108,16.681298389070044,0.0,56.83420390618599,15,14,1,0,1.0,alpha_0,,12,3,0.46293875666259976
tfim_h0.5,"TFIM (J=1, h=0.5)",4,7,combined,Combined (A+B+C),171,3,mean,11.245397398542035,10.842618573294605,8.615636557192579,0.0,24.41082449608332,15,14,1,0,1.0,alpha_0,,12,3,0.34343099172673913
tfim_h0.5,"TFIM (J=1, h=0.5)",4,7,combined,Combined (A+B+C),172,3,mean,14.335507231381841,9.10692267643849,15.191388617015505,0.0,48.35446460012906,15,14,1,0,1.0,alpha_0,,12,3,0.7427438544179381
tfim_h0.5,"TFIM (J=1, h=0.5)",4,7,combined,Combined (A+B+C),173,3,mean,7.954693862487938,3.0758184751928654,10.563836144965233,0.0,33.09480210793232,15,14,1,0,1.0,alpha_0,,12,3,0.3119513617455497
tfim_h0.5,"TFIM (J=1, h=0.5)",4,7,combined,Combined (A+B+C),174,3,mean,12.571032902999091,13.716038689540662,9.667598037346199,0.0,35.14891771495664,15,14,1,0,1.0,alpha_0,,12,3,0.4392453322127255
tfim_h0.5,"TFIM (J=1, h=0.5)",4,7,combined,Combined (A+B+C),175,3,mean,16.20965378614351,14.615387005027847,16.35842727176721,0.0,62.05660030925656,15,14,1,0,1.0,alpha_0,,12,3,0.7621546951598892
tfim_h0.5,"TFIM (J=1, h=0.5)",4,7,combined,Combined (A+B+C),176,3,mean,15.161172244497832,14.646584672965789,17.64973508015596,0.0,67.03139828181934,15,14,1,0,1.0,alpha_0,,12,3,0.5583709085546161
tfim_h0.5,"TFIM (J=1, h=0.5)",4,7,combined,Combined (A+B+C),177,3,mean,13.08710854402636,15.77889305775359,9.578016758222454,0.0,25.856152545958786,15,14,1,0,1.0,alpha_0,,12,3,0.7463966270693365
tfim_h0.5,"TFIM (J=1, h=0.5)",4,7,combined,Combined (A+B+C),178,3,mean,7.930019668699224,2.3797786052371777,10.847585323172929,0.0,35.03077503573126,15,14,1,0,1.0,alpha_0,,12,3,0.37773770851028865
tfim_h0.5,"TFIM (J=1, h=0.5)",4,7,combined,Combined (A+B+C),179,3,mean,17.311487048910656,9.065304999286901,24.616497248041075,0.0,96.19080131146718,15,14,1,0,1.0,alpha_0,,12,3,0.5444577207376428
tfim_h0.5,"TFIM (J=1, h=0.5)",4,7,combined,Combined (A+B+C),180,3,mean,15.952743101098818,12.232175538969333,13.985362888442534,0.0,40.408491285649184,15,14,1,0,1.0,alpha_0,,12,3,0.7876121290771055
tfim_h0.5,"TFIM (J=1, h=0.5)",4,7,combined,Combined (A+B+C),181,3,mean,4.487645867520802,3.0063740977308924,5.917057784456783,0.0,21.66804845289746,15,14,1,0,1.0,alpha_0,,12,3,0.34955882426432316
tfim_h0.5,"TFIM (J=1, h=0.5)",4,7,combined,Combined (A+B+C),182,3,mean,11.083082605455607,6.662644907834689,14.3627752415656,0.0,53.51695576100481,15,14,1,0,1.0,alpha_0,,12,3,0.5204798425924131
tfim_h0.5,"TFIM (J=1, h=0.5)",4,7,combined,Combined (A+B+C),183,3,mean,6.382959243133184,2.062219724176074,8.255508022483562,0.0,24.333103328943196,15,14,1,0,1.0,alpha_0,,12,3,0.4007966983517873
tfim_h0.5,"TFIM (J=1, h=0.5)",4,7,combined,Combined (A+B+C),184,3,mean,11.88798872882886,9.653074525316194,10.48145932992992,1.8519518390117495e-15,37.23049392073294,15,14,1,0,1.0,alpha_0,,12,3,0.32370383850402956
tfim_h0.5,"TFIM (J=1, h=0.5)",4,7,combined,Combined (A+B+C),185,3,mean,7.32824171768197,4.464084494119003,10.052332526285314,0.0,40.594356026959176,15,14,1,0,1.0,alpha_0,,12,3,0.40979061655414306
tfim_h0.5,"TFIM (J=1, h=0.5)",4,7,combined,Combined (A+B+C),186,3,mean,11.450406996216813,5.257653541929127,13.863397940418166,0.0,49.00107019987689,15,14,1,0,1.0,alpha_0,,12,3,0.36610703737828515
tfim_h0.5,"TFIM (J=1, h=0.5)",4,7,combined,Combined (A+B+C),187,3,mean,9.143394167315051,6.775980109987431,10.416620785327574,0.0,31.872964665502277,15,14,1,0,1.0,alpha_0,,12,3,0.44133149893319584
tfim_h0.5,"TFIM (J=1, h=0.5)",4,7,combined,Combined (A+B+C),188,3,mean,7.982305270902122,8.011419054344483,6.776139279859866,0.0,19.986128181529676,15,14,1,0,1.0,alpha_0,,12,3,0.48958648947569117
tfim_h0.5,"TFIM (J=1, h=0.5)",4,7,combined,Combined (A+B+C),189,3,mean,13.043839674877919,3.182435935296878,21.864292365212666,0.0,79.7476248742788,15,14,1,0,1.0,alpha_0,,12,3,0.2350824149404574
tfim_h0.5,"TFIM (J=1, h=0.5)",4,7,combined,Combined (A+B+C),190,3,mean,15.560739547780864,10.944120084173711,15.59206269538086,0.0,46.33775001388363,15,14,1,0,1.0,alpha_0,,12,3,0.6585361198753236
tfim_h0.5,"TFIM (J=1, h=0.5)",4,7,combined,Combined (A+B+C),191,3,mean,11.471102294279566,9.094640660252134,11.344284438679534,0.0,37.13985012186359,15,14,1,0,1.0,alpha_0,,12,3,0.5527770973385072
tfim_h0.5,"TFIM (J=1, h=0.5)",4,7,combined,Combined (A+B+C),192,3,mean,15.08964272498099,14.863539412249299,11.808234506890551,0.0,39.79232017203773,15,14,1,0,1.0,alpha_0,,12,3,0.40637588912240596
tfim_h0.5,"TFIM (J=1, h=0.5)",4,7,combined,Combined (A+B+C),193,3,mean,9.499499624159872,7.70597465064794,8.146836499077924,0.0,27.357141910656225,15,14,1,0,1.0,alpha_0,,12,3,0.3898993863958415
tfim_h0.5,"TFIM (J=1, h=0.5)",4,7,combined,Combined (A+B+C),194,3,mean,6.570077634636468,4.699957146533503,6.609069279998002,0.0,18.96166334907984,15,14,1,0,1.0,alpha_0,,12,3,0.2831773809836733
tfim_h0.5,"TFIM (J=1, h=0.5)",4,7,combined,Combined (A+B+C),195,3,mean,13.287233308135356,6.691373873121085,15.23546860507267,0.0,41.074294700768135,15,14,1,0,1.0,alpha_0,,12,3,0.6411411907534972
tfim_h0.5,"TFIM (J=1, h=0.5)",4,7,combined,Combined (A+B+C),196,3,mean,7.680992595312481,4.307943991882448,6.926201515313699,0.0,21.044736032774935,15,14,1,0,1.0,alpha_0,,12,3,0.4670795335368105
tfim_h0.5,"TFIM (J=1, h=0.5)",4,7,combined,Combined (A+B+C),197,3,mean,18.530650101954986,15.12850491690591,15.236014977665318,0.0,47.28636070621394,15,14,1,0,1.0,alpha_0,,12,3,0.8187519145107683
tfim_h0.5,"TFIM (J=1, h=0.5)",4,7,combined,Combined (A+B+C),198,3,mean,9.62470191550072,8.144547101760788,9.971114124568247,0.0,37.35736523842351,15,14,1,0,1.0,alpha_0,,12,3,0.48126330819956514
tfim_h0.5,"TFIM (J=1, h=0.5)",4,7,combined,Combined (A+B+C),199,3,mean,11.296619873162385,7.169659149610322,10.479636780233436,0.0,31.035243753995537,15,14,1,0,1.0,alpha_0,,12,3,0.6864552334453851
