task,task_label,n_qubits,config_id,config_name,config_label,seed,L,residual_reduction,mean_snr,median_snr,std_snr,min_snr,max_snr,n_params,n_finite_params,n_deterministic_params,deterministic_labels,mean_abs_grad
tfim_h0.5,"TFIM (J=1, h=0.5)",4,1,baseline,Baseline (HEA),0,3,mean,6.946875183013695,6.834149344794212,3.8673998574748136,0.966367709443014,13.06516809316529,12,12,0,,0.26235726266698384
tfim_h0.5,"TFIM (J=1, h=0.5)",4,1,baseline,Baseline (HEA),1,3,mean,9.886473132275361,7.045127286064259,10.23096456848853,2.2343023780757343,39.1983357444595,12,12,0,,0.4033784866254913
tfim_h0.5,"TFIM (J=1, h=0.5)",4,1,baseline,Baseline (HEA),2,3,mean,12.874208220563213,15.044970082759622,7.215293633095896,0.9403722363742285,22.411970973314855,12,12,0,,0.5170476266973036
tfim_h0.5,"TFIM (J=1, h=0.5)",4,1,baseline,Baseline (HEA),3,3,mean,6.749950244535978,6.945258828134307,3.3643585739941457,0.7719040020327282,12.859950272749442,12,12,0,,0.2805667984297356
tfim_h0.5,"TFIM (J=1, h=0.5)",4,1,baseline,Baseline (HEA),4,3,mean,12.74571391310405,14.359762652306655,6.635572082052133,0.3844754980763431,20.55346500104414,12,12,0,,0.5135650974679643
tfim_h0.5,"TFIM (J=1, h=0.5)",4,1,baseline,Baseline (HEA),5,3,mean,10.336957607138267,4.452504841980842,10.883502157325825,0.16906241487172655,37.29888680165088,12,12,0,,0.4176409361428118
tfim_h0.5,"TFIM (J=1, h=0.5)",4,1,baseline,Baseline (HEA),6,3,mean,15.778903841182272,4.145613678511857,22.613053409791874,0.17450482982411053,77.956772471689,12,12,0,,0.580601876236465
tfim_h0.5,"TFIM (J=1, h=0.5)",4,1,baseline,Baseline (HEA),7,3,mean,12.34517105530005,9.312041580796597,7.74148817867353,5.156914761816693,29.729504157838445,12,12,0,,0.35602801104040593
tfim_h0.5,"TFIM (J=1, h=0.5)",4,1,baseline,Baseline (HEA),8,3,mean,11.026922182957042,8.302408351203589,10.627546993840571,0.9434856777752766,42.74358103730994,12,12,0,,0.43778567370403976
tfim_h0.5,"TFIM (J=1, h=0.5)",4,1,baseline,Baseline (HEA),9,3,mean,13.632057243162018,14.082038795601232,7.994840233960033,0.27594960584427675,25.411457149695202,12,12,0,,0.6135449770621056
tfim_h0.5,"TFIM (J=1, h=0.5)",4,1,baseline,Baseline (HEA),10,3,mean,11.590737614560355,9.626636925787754,9.872993144686223,0.9873274552839993,33.91306807658877,12,12,0,,0.39573091988021303
tfim_h0.5,"TFIM (J=1, h=0.5)",4,1,baseline,Baseline (HEA),11,3,mean,11.925195646250542,11.258345710924328,9.414143540790485,0.5760924010648876,36.07872285493388,12,12,0,,0.5457284781681365
tfim_h0.5,"TFIM (J=1, h=0.5)",4,1,baseline,Baseline (HEA),12,3,mean,14.261427921821214,11.278456855636994,10.737068126669481,1.727725367330755,34.80665212519095,12,12,0,,0.6253611558241396
tfim_h0.5,"TFIM (J=1, h=0.5)",4,1,baseline,Baseline (HEA),13,3,mean,9.940110872154895,5.941391409018827,8.985683592344822,0.6260981884556999,29.824350244158488,12,12,0,,0.2964272201518346
tfim_h0.5,"TFIM (J=1, h=0.5)",4,1,baseline,Baseline (HEA),14,3,mean,16.13398267439975,7.006915175923526,27.58750986793903,0.2349026860972774,103.57918923637592,12,12,0,,0.517764598910462
tfim_h0.5,"TFIM (J=1, h=0.5)",4,1,baseline,Baseline (HEA),15,3,mean,11.501371578720795,12.636438002563214,7.0040028336704765,0.005507552755996131,20.77079509973198,12,12,0,,0.42499899938710656
tfim_h0.5,"TFIM (J=1, h=0.5)",4,1,baseline,Baseline (HEA),16,3,mean,15.61387955412644,15.006248905867256,6.552689669609347,6.934539835670658,26.51272500106946,12,12,0,,0.6020476744957931
tfim_h0.5,"TFIM (J=1, h=0.5)",4,1,baseline,Baseline (HEA),17,3,mean,12.248047204078373,13.331103622927166,9.880064292160382,0.47408397328277546,36.71207591229707,12,12,0,,0.5424223303418741
tfim_h0.5,"TFIM (J=1, h=0.5)",4,1,baseline,Baseline (HEA),18,3,mean,5.431657637627402,4.056765271644066,4.019146802262634,0.5726958879597143,11.829424048591838,12,12,0,,0.18405572294919292
tfim_h0.5,"TFIM (J=1, h=0.5)",4,1,baseline,Baseline (HEA),19,3,mean,9.067448943724921,6.565559528944977,6.991414300139106,0.11721692891843287,20.8843409436281,12,12,0,,0.3615816718296671
tfim_h0.5,"TFIM (J=1, h=0.5)",4,1,baseline,Baseline (HEA),20,3,mean,8.572906309654181,7.009792262784735,7.633132954793253,0.3035507581819748,28.369375199985452,12,12,0,,0.32028950168938836
tfim_h0.5,"TFIM (J=1, h=0.5)",4,1,baseline,Baseline (HEA),21,3,mean,8.927465494029677,7.1820016208395385,6.275512962057438,0.19247614121432682,21.024266323087748,12,12,0,,0.31683077786317704
tfim_h0.5,"TFIM (J=1, h=0.5)",4,1,baseline,Baseline (HEA),22,3,mean,8.05018031443363,6.813120383755635,6.407294421132762,0.12035169221543884,20.07561947305367,12,12,0,,0.3218367068308676
tfim_h0.5,"TFIM (J=1, h=0.5)",4,1,baseline,Baseline (HEA),23,3,mean,13.173060465857125,12.123684134535107,7.626823797789337,2.2955870514153136,24.57230185647083,12,12,0,,0.5123217573223973
tfim_h0.5,"TFIM (J=1, h=0.5)",4,1,baseline,Baseline (HEA),24,3,mean,9.757268806232377,5.87079933953302,8.915248031194945,0.8843594938814114,24.97294964046966,12,12,0,,0.4138999027983939
tfim_h0.5,"TFIM (J=1, h=0.5)",4,1,baseline,Baseline (HEA),25,3,mean,11.060974723206364,10.391371160571786,9.160360492167632,2.4828985501285645,36.6663049717372,12,12,0,,0.45224113593771603
tfim_h0.5,"TFIM (J=1, h=0.5)",4,1,baseline,Baseline (HEA),26,3,mean,10.985020173478233,7.538811865918895,9.683414547499165,1.3013351931377273,32.25242483672454,12,12,0,,0.466005576343638
tfim_h0.5,"TFIM (J=1, h=0.5)",4,1,baseline,Baseline (HEA),27,3,mean,10.086121367627285,10.032196974422035,7.0584541227923205,0.7475337599249595,22.461588540398264,12,12,0,,0.41881265058408096
tfim_h0.5,"TFIM (J=1, h=0.5)",4,1,baseline,Baseline (HEA),28,3,mean,11.554325995791139,7.440090622558634,10.435672196206248,0.24241465882105784,33.4525458773925,12,12,0,,0.48252670495154554
tfim_h0.5,"TFIM (J=1, h=0.5)",4,1,baseline,Baseline (HEA),29,3,mean,16.96355135604854,16.382369265837614,8.140274818866574,1.281452949232367,29.43826916666061,12,12,0,,0.6414481588923646
tfim_h0.5,"TFIM (J=1, h=0.5)",4,1,baseline,Baseline (HEA),30,3,mean,12.054699182290813,10.486450309470651,9.376909140077759,0.016035419862646078,27.305639387119033,12,12,0,,0.4757606256731091
tfim_h0.5,"TFIM (J=1, h=0.5)",4,1,baseline,Baseline (HEA),31,3,mean,6.6825211461047,4.335003395336033,5.072116098890872,0.7983465216118859,14.690145685361413,12,12,0,,0.2719264870506993
tfim_h0.5,"TFIM (J=1, h=0.5)",4,1,baseline,Baseline (HEA),32,3,mean,13.42164027055363,11.093008886901943,10.30121564762813,1.4212630335106715,38.97515598814989,12,12,0,,0.6008109258878457
tfim_h0.5,"TFIM (J=1, h=0.5)",4,1,baseline,Baseline (HEA),33,3,mean,13.778613089007166,9.702748877323572,11.265225928072027,2.6444513752258683,46.62446086633724,12,12,0,,0.49146752645876396
tfim_h0.5,"TFIM (J=1, h=0.5)",4,1,baseline,Baseline (HEA),34,3,mean,11.197842760108571,7.212398896934191,9.769037882149833,1.2986012689225968,32.67213636367313,12,12,0,,0.43402671428353595
tfim_h0.5,"TFIM (J=1, h=0.5)",4,1,baseline,Baseline (HEA),35,3,mean,11.386410298672148,9.799238038307461,8.178710131798995,1.0784496956646152,30.01172311666299,12,12,0,,0.4042356677539976
tfim_h0.5,"TFIM (J=1, h=0.5)",4,1,baseline,Baseline (HEA),36,3,mean,9.492514762808293,6.565141335035439,8.656020677194709,0.2663257780105039,22.42778163826183,12,12,0,,0.45530462629777246
tfim_h0.5,"TFIM (J=1, h=0.5)",4,1,baseline,Baseline (HEA),37,3,mean,11.47556231249181,12.217648691250336,5.714265591562083,1.7907118206478574,20.874335943911678,12,12,0,,0.44985448711573817
tfim_h0.5,"TFIM (J=1, h=0.5)",4,1,baseline,Baseline (HEA),38,3,mean,11.177770927039193,10.21866053176368,6.36014817727514,5.292751007749888,28.8871406616903,12,12,0,,0.39631420715083343
tfim_h0.5,"TFIM (J=1, h=0.5)",4,1,baseline,Baseline (HEA),39,3,mean,12.015204090591704,7.557655228485463,14.356371998945892,1.9383341095423667,55.7522954140806,12,12,0,,0.4399739295238679
tfim_h0.5,"TFIM (J=1, h=0.5)",4,1,baseline,Baseline (HEA),40,3,mean,10.52905695236833,2.74498140692251,13.667004682412664,0.5007770962611805,46.14245759244641,12,12,0,,0.4517181892465128
tfim_h0.5,"TFIM (J=1, h=0.5)",4,1,baseline,Baseline (HEA),41,3,mean,7.645719587522238,4.430050571124754,8.885511140083217,1.1646748399065703,34.04735763527127,12,12,0,,0.30824662583149076
tfim_h0.5,"TFIM (J=1, h=0.5)",4,1,baseline,Baseline (HEA),42,3,mean,10.800234572518184,9.596569467425509,5.558562147221497,4.146986071354607,20.529080890536104,12,12,0,,0.44603349393386543
tfim_h0.5,"TFIM (J=1, h=0.5)",4,1,baseline,Baseline (HEA),43,3,mean,13.147870363332261,13.940951826420795,11.947292328466526,0.06050521454965078,34.354431142766295,12,12,0,,0.5579852679431835
tfim_h0.5,"TFIM (J=1, h=0.5)",4,1,baseline,Baseline (HEA),44,3,mean,8.939161981740284,7.398192718732343,5.41859494099645,1.1969695702218148,21.652673794595444,12,12,0,,0.39119446730938573
tfim_h0.5,"TFIM (J=1, h=0.5)",4,1,baseline,Baseline (HEA),45,3,mean,12.55610231887191,10.19136038653395,11.321208028090396,0.4184850567301698,37.727700211426246,12,12,0,,0.466200048139227
tfim_h0.5,"TFIM (J=1, h=0.5)",4,1,baseline,Baseline (HEA),46,3,mean,14.740394170834188,14.933640524875237,9.775580524192508,0.7242902966222226,28.821923912463106,12,12,0,,0.6132045516494138
tfim_h0.5,"TFIM (J=1, h=0.5)",4,1,baseline,Baseline (HEA),47,3,mean,9.506915275342658,5.194249971188503,11.570518154678563,0.8433496798125188,42.60810777579768,12,12,0,,0.34457784169423533
tfim_h0.5,"TFIM (J=1, h=0.5)",4,1,baseline,Baseline (HEA),48,3,mean,9.20259342350398,4.058321195030739,13.07340993927741,0.35348954548566547,49.894097400757,12,12,0,,0.27872905837659095
tfim_h0.5,"TFIM (J=1, h=0.5)",4,1,baseline,Baseline (HEA),49,3,mean,13.16305189570725,15.018799917303175,8.644551721438162,0.7301122632960453,27.61865661243613,12,12,0,,0.5409464745545848
tfim_h0.5,"TFIM (J=1, h=0.5)",4,2,entanglement_only,Constrained entanglement only,0,3,mean,12.478730775784356,9.934221272995647,10.144771469511328,1.105344227246083,29.37657305537462,12,12,0,,0.41482525679354293
tfim_h0.5,"TFIM (J=1, h=0.5)",4,2,entanglement_only,Constrained entanglement only,1,3,mean,11.98360932599005,10.744497185701444,8.991052010492371,2.089665244573648,38.41291321587102,12,12,0,,0.4370037968635851
tfim_h0.5,"TFIM (J=1, h=0.5)",4,2,entanglement_only,Constrained entanglement only,2,3,mean,11.287577400363524,11.701614550018704,7.010707910293038,0.3012854530626221,23.12353740307824,12,12,0,,0.3710784193104036
tfim_h0.5,"TFIM (J=1, h=0.5)",4,2,entanglement_only,Constrained entanglement only,3,3,mean,15.215360995779577,11.558874002826927,13.30349189438342,1.9690840634454783,43.45736854644106,12,12,0,,0.5585472661118881
tfim_h0.5,"TFIM (J=1, h=0.5)",4,2,entanglement_only,Constrained entanglement only,4,3,mean,20.88765011523652,24.705865797658507,9.140573372872726,0.6550749165491657,30.400180326443017,12,12,0,,0.7489997009742707
tfim_h0.5,"TFIM (J=1, h=0.5)",4,2,entanglement_only,Constrained entanglement only,5,3,mean,16.504676743950444,14.002008402314498,8.861602391774538,2.2484349545791944,35.182878336496955,12,12,0,,0.6001572476869069
tfim_h0.5,"TFIM (J=1, h=0.5)",4,2,entanglement_only,Constrained entanglement only,6,3,mean,15.969589001622692,9.848646574414307,12.722660846141915,1.971715032455822,39.722100166427545,12,12,0,,0.6369544698846233
tfim_h0.5,"TFIM (J=1, h=0.5)",4,2,entanglement_only,Constrained entanglement only,7,3,mean,14.608304968799496,7.036975839868231,15.492935160432028,0.6949366662409004,46.864715817658485,12,12,0,,0.4761403235135761
tfim_h0.5,"TFIM (J=1, h=0.5)",4,2,entanglement_only,Constrained entanglement only,8,3,mean,16.456541349216554,15.330259186901664,9.881035938722311,4.6490573731526075,34.52923600881848,12,12,0,,0.5986968367219908
tfim_h0.5,"TFIM (J=1, h=0.5)",4,2,entanglement_only,Constrained entanglement only,9,3,mean,17.802184367586822,16.541322275430858,8.267453839946642,6.857916501650099,32.77980031548603,12,12,0,,0.5970732903784679
tfim_h0.5,"TFIM (J=1, h=0.5)",4,2,entanglement_only,Constrained entanglement only,10,3,mean,14.171721294602056,20.09290044922364,10.055106683368207,0.3766825940896225,25.200322924774827,12,12,0,,0.5110729136118656
tfim_h0.5,"TFIM (J=1, h=0.5)",4,2,entanglement_only,Constrained entanglement only,11,3,mean,15.163462030710194,14.901681039954305,7.3663964210483535,3.9999536511999243,28.476881760953958,12,12,0,,0.615303039609648
tfim_h0.5,"TFIM (J=1, h=0.5)",4,2,entanglement_only,Constrained entanglement only,12,3,mean,11.324854336863842,10.22941600336914,6.010464601994746,2.1166082616298487,23.33352115448083,12,12,0,,0.47029918332617554
tfim_h0.5,"TFIM (J=1, h=0.5)",4,2,entanglement_only,Constrained entanglement only,13,3,mean,14.117310476626484,12.370548298870702,12.063270219068281,0.5242532236533028,37.22310306072207,12,12,0,,0.4717221268911223
tfim_h0.5,"TFIM (J=1, h=0.5)",4,2,entanglement_only,Constrained entanglement only,14,3,mean,11.16153948943478,8.64992535010972,6.24296114769887,4.728674268371895,20.857345656298072,12,12,0,,0.4261581251577086
tfim_h0.5,"TFIM (J=1, h=0.5)",4,2,entanglement_only,Constrained entanglement only,15,3,mean,11.734220400479765,12.53635058692663,7.400145461594086,0.022131298684922036,31.176877376212996,12,12,0,,0.46206754997691585
tfim_h0.5,"TFIM (J=1, h=0.5)",4,2,entanglement_only,Constrained entanglement only,16,3,mean,12.744335408941126,6.8676067830613095,10.180928027222551,2.302511945369761,27.56755357797609,12,12,0,,0.5251311233866142
tfim_h0.5,"TFIM (J=1, h=0.5)",4,2,entanglement_only,Constrained entanglement only,17,3,mean,11.573763607903976,9.611546166396085,7.9968875994003215,0.8520556561407838,24.052652579008832,12,12,0,,0.4319954683187137
tfim_h0.5,"TFIM (J=1, h=0.5)",4,2,entanglement_only,Constrained entanglement only,18,3,mean,13.196268561258305,10.182406682017104,11.926504694512348,0.0017640128426971342,37.8411668974155,12,12,0,,0.502349363500395
tfim_h0.5,"TFIM (J=1, h=0.5)",4,2,entanglement_only,Constrained entanglement only,19,3,mean,12.139355965573316,9.453011606585438,6.850079416059772,3.0252911298890943,29.197773210401337,12,12,0,,0.5282432019326831
tfim_h0.5,"TFIM (J=1, h=0.5)",4,2,entanglement_only,Constrained entanglement only,20,3,mean,12.010864432643304,5.892839421445571,10.55624259924111,1.5717364332834227,30.59555615906202,12,12,0,,0.4339141435427399
tfim_h0.5,"TFIM (J=1, h=0.5)",4,2,entanglement_only,Constrained entanglement only,21,3,mean,8.55321038927814,8.308210458509722,7.002320422346921,0.37186764667823263,24.978743429757603,12,12,0,,0.26977943032882684
tfim_h0.5,"TFIM (J=1, h=0.5)",4,2,entanglement_only,Constrained entanglement only,22,3,mean,13.361257921758037,13.155188244206078,5.6882861304852375,1.9111458633032434,23.96025177871524,12,12,0,,0.4883075105628296
tfim_h0.5,"TFIM (J=1, h=0.5)",4,2,entanglement_only,Constrained entanglement only,23,3,mean,14.563573714688458,10.777817508111202,8.97377804262788,2.3999366494654053,29.171520956212245,12,12,0,,0.49002834525970274
tfim_h0.5,"TFIM (J=1, h=0.5)",4,2,entanglement_only,Constrained entanglement only,24,3,mean,12.50270984420488,13.197123625827071,3.1183921314878713,6.3570176066263056,16.025377828921528,12,12,0,,0.40252587072715573
tfim_h0.5,"TFIM (J=1, h=0.5)",4,2,entanglement_only,Constrained entanglement only,25,3,mean,20.007995021146858,12.323021731095743,15.87489110365447,1.4937286532163256,48.35400119927694,12,12,0,,0.7386853159007202
tfim_h0.5,"TFIM (J=1, h=0.5)",4,2,entanglement_only,Constrained entanglement only,26,3,mean,16.563841323967207,16.4705933309114,5.268297541852913,7.685126671841925,29.389235020204396,12,12,0,,0.6232091483468818
tfim_h0.5,"TFIM (J=1, h=0.5)",4,2,entanglement_only,Constrained entanglement only,27,3,mean,18.033442997510022,16.80476908855313,9.71528319084017,2.8473984595197415,36.047309759553144,12,12,0,,0.5185281556673543
tfim_h0.5,"TFIM (J=1, h=0.5)",4,2,entanglement_only,Constrained entanglement only,28,3,mean,11.34837186452713,9.807354149975108,6.365802455953693,1.1793020656767204,19.285551383972436,12,12,0,,0.4592812908806619
tfim_h0.5,"TFIM (J=1, h=0.5)",4,2,entanglement_only,Constrained entanglement only,29,3,mean,13.985563445332131,10.891939468495043,8.815743663538392,1.6884114448519332,27.05760221211264,12,12,0,,0.4955180841566113
tfim_h0.5,"TFIM (J=1, h=0.5)",4,2,entanglement_only,Constrained entanglement only,30,3,mean,19.554066636248397,22.624245628779377,10.929159243402609,0.7303359404551686,36.118171063746104,12,12,0,,0.8434844666342047
tfim_h0.5,"TFIM (J=1, h=0.5)",4,2,entanglement_only,Constrained entanglement only,31,3,mean,10.981748112346269,10.545910320431041,6.53534369791261,0.4353036442204207,27.47796193960141,12,12,0,,0.42642995514064297
tfim_h0.5,"TFIM (J=1, h=0.5)",4,2,entanglement_only,Constrained entanglement only,32,3,mean,11.888576329700816,7.801283504036311,7.985580614528389,2.930328350699198,25.031801102504527,12,12,0,,0.46184273482716337
tfim_h0.5,"TFIM (J=1, h=0.5)",4,2,entanglement_only,Constrained entanglement only,33,3,mean,15.675084942600279,10.44138317638274,12.826655956140787,3.578820693102477,39.63125644000989,12,12,0,,0.5415133431790474
tfim_h0.5,"TFIM (J=1, h=0.5)",4,2,entanglement_only,Constrained entanglement only,34,3,mean,17.55296460080555,14.990726204785002,14.323849749649973,1.3787876455667225,57.87426333422309,12,12,0,,0.6341853988747282
tfim_h0.5,"TFIM (J=1, h=0.5)",4,2,entanglement_only,Constrained entanglement only,35,3,mean,8.739107238588206,8.507517293982533,4.430086868387466,2.351031095365504,14.925578822260915,12,12,0,,0.3496472224153507
tfim_h0.5,"TFIM (J=1, h=0.5)",4,2,entanglement_only,Constrained entanglement only,36,3,mean,14.947120012709206,14.91480191932582,10.564065254652103,2.682352907078604,43.662794688577314,12,12,0,,0.6449028294357146
tfim_h0.5,"TFIM (J=1, h=0.5)",4,2,entanglement_only,Constrained entanglement only,37,3,mean,11.763763452844474,12.447096442642323,4.560525061041427,4.122594193768172,21.132075876493655,12,12,0,,0.41554298321669636
tfim_h0.5,"TFIM (J=1, h=0.5)",4,2,entanglement_only,Constrained entanglement only,38,3,mean,12.819353215631986,10.790710192572197,10.997183192703526,0.47751251265638617,35.37625899279766,12,12,0,,0.4523935758987774
tfim_h0.5,"TFIM (J=1, h=0.5)",4,2,entanglement_only,Constrained entanglement only,39,3,mean,17.808232389498848,14.868731485605263,10.957574009554437,4.497517942361783,36.27050307180609,12,12,0,,0.6872678523677322
tfim_h0.5,"TFIM (J=1, h=0.5)",4,2,entanglement_only,Constrained entanglement only,40,3,mean,11.597326026120257,12.239562450596418,8.262582664314507,0.09871812483534703,25.519020742614547,12,12,0,,0.41044573452690153
tfim_h0.5,"TFIM (J=1, h=0.5)",4,2,entanglement_only,Constrained entanglement only,41,3,mean,14.343480288274264,12.06800122478459,11.086566862651566,0.1239079328461396,31.26476315391174,12,12,0,,0.542965497864705
tfim_h0.5,"TFIM (J=1, h=0.5)",4,2,entanglement_only,Constrained entanglement only,42,3,mean,13.755747406807211,9.744725125643363,9.518424515440731,3.5760667233103725,27.187166201610818,12,12,0,,0.5229652983411922
tfim_h0.5,"TFIM (J=1, h=0.5)",4,2,entanglement_only,Constrained entanglement only,43,3,mean,11.572361466426798,10.448919528374871,10.797655898488646,0.07274975411777528,40.90858202463466,12,12,0,,0.3743594887985184
tfim_h0.5,"TFIM (J=1, h=0.5)",4,2,entanglement_only,Constrained entanglement only,44,3,mean,15.890722571072649,12.324187641268633,15.195323574630429,0.40987991718232536,52.706833289060235,12,12,0,,0.5074677411589773
tfim_h0.5,"TFIM (J=1, h=0.5)",4,2,entanglement_only,Constrained entanglement only,45,3,mean,17.390469477429512,14.739279964468095,12.648814772970992,2.9789664912498526,42.77784722594565,12,12,0,,0.6717586730906238
tfim_h0.5,"TFIM (J=1, h=0.5)",4,2,entanglement_only,Constrained entanglement only,46,3,mean,13.799964911724208,14.819207176664111,7.153702905514612,2.132338979903104,23.356758026625183,12,12,0,,0.5461269876384172
tfim_h0.5,"TFIM (J=1, h=0.5)",4,2,entanglement_only,Constrained entanglement only,47,3,mean,15.791003975088358,15.104262511365294,9.054598628202124,0.8737344327092287,29.27807289587789,12,12,0,,0.49494174234492244
tfim_h0.5,"TFIM (J=1, h=0.5)",4,2,entanglement_only,Constrained entanglement only,48,3,mean,18.277450957421774,20.176216469617657,9.402414606024609,2.787679553739568,29.879328054604557,12,12,0,,0.6967912772369029
tfim_h0.5,"TFIM (J=1, h=0.5)",4,2,entanglement_only,Constrained entanglement only,49,3,mean,11.170589124217882,8.793883969229178,9.250041855785105,0.14503616038370007,28.04133402202489,12,12,0,,0.40735707491832013
tfim_h0.5,"TFIM (J=1, h=0.5)",4,3,local_cost_only,Local cost function only,0,3,mean,6.764786120138105,4.076951095219552,7.335791457316315,1.2432220538980504e-15,23.919487465455987,12,12,0,,0.1423496575419592
tfim_h0.5,"TFIM (J=1, h=0.5)",4,3,local_cost_only,Local cost function only,1,3,mean,9.846255666402788,1.7967960144415864,22.705592320202108,0.0,83.45941407294114,12,12,0,,0.13316780468058473
tfim_h0.5,"TFIM (J=1, h=0.5)",4,3,local_cost_only,Local cost function only,2,3,mean,13.95097140533757,2.27002861868949,21.737049514597327,0.0,70.1423859560843,12,12,0,,0.21329743882465446
tfim_h0.5,"TFIM (J=1, h=0.5)",4,3,local_cost_only,Local cost function only,3,3,mean,8.954200599331235,6.502880123369417,9.408027843825316,0.0,27.989314738761344,12,12,0,,0.18073997217037274
tfim_h0.5,"TFIM (J=1, h=0.5)",4,3,local_cost_only,Local cost function only,4,3,mean,11.29432006621868,3.264298526211933,17.329440362867295,1.3413580751171663e-15,53.19155968099896,12,12,0,,0.1871631741564003
tfim_h0.5,"TFIM (J=1, h=0.5)",4,3,local_cost_only,Local cost function only,5,3,mean,13.795030061066432,0.2538534206669463,29.96132186703485,0.0,107.02909212549758,12,12,0,,0.1682876842251367
tfim_h0.5,"TFIM (J=1, h=0.5)",4,3,local_cost_only,Local cost function only,6,3,mean,11.876402351361326,6.018711894218259,14.738487346096985,0.0,44.194666181982555,12,12,0,,0.21370720541130614
tfim_h0.5,"TFIM (J=1, h=0.5)",4,3,local_cost_only,Local cost function only,7,3,mean,7.974267053748221,2.2736345515745713,12.426455261010826,0.0,42.07171951269049,12,12,0,,0.14564832465736624
tfim_h0.5,"TFIM (J=1, h=0.5)",4,3,local_cost_only,Local cost function only,8,3,mean,3.484531989618868,2.257682379958207,3.6016333596980625,0.0,10.5377863187892,12,12,0,,0.06934910130145766
tfim_h0.5,"TFIM (J=1, h=0.5)",4,3,local_cost_only,Local cost function only,9,3,mean,12.88452062120046,6.24789790550081,20.426581244902717,1.2418718396996452e-15,76.43322850017184,12,12,0,,0.20666336435972266
tfim_h0.5,"TFIM (J=1, h=0.5)",4,3,local_cost_only,Local cost function only,10,3,mean,5.8625729046598565,4.596101880342715,6.180751574581502,0.0,18.71353528884335,12,12,0,,0.11957952579656476
tfim_h0.5,"TFIM (J=1, h=0.5)",4,3,local_cost_only,Local cost function only,11,3,mean,7.851335834156135,6.649192126789139,9.05200075434723,0.0,33.83266522061688,12,12,0,,0.15561461006375935
tfim_h0.5,"TFIM (J=1, h=0.5)",4,3,local_cost_only,Local cost function only,12,3,mean,14.500511536172304,5.408114394499782,19.841890771396553,0.0,63.60189074831352,12,12,0,,0.23560925802749177
tfim_h0.5,"TFIM (J=1, h=0.5)",4,3,local_cost_only,Local cost function only,13,3,mean,8.41100610574576,1.041755232821354,11.242010075633459,0.0,29.17426332102996,12,12,0,,0.1602010611545219
tfim_h0.5,"TFIM (J=1, h=0.5)",4,3,local_cost_only,Local cost function only,14,3,mean,23.336179316287442,1.707424079134551,57.08405618072846,0.0,210.35923312072552,12,12,0,,0.19778050153809237
tfim_h0.5,"TFIM (J=1, h=0.5)",4,3,local_cost_only,Local cost function only,15,3,mean,13.23780959596734,5.336744362388768,14.904081228732325,0.0,41.01430634289036,12,12,0,,0.2410384957473983
tfim_h0.5,"TFIM (J=1, h=0.5)",4,3,local_cost_only,Local cost function only,16,3,mean,8.597371959367303,6.79979004977602,9.277831849150278,0.0,29.518449262243756,12,12,0,,0.1741222147222913
tfim_h0.5,"TFIM (J=1, h=0.5)",4,3,local_cost_only,Local cost function only,17,3,mean,7.328012906936148,3.916084799467736,8.732542719008299,3.1205030058824703e-16,28.716900329844254,12,12,0,,0.14996951466470862
tfim_h0.5,"TFIM (J=1, h=0.5)",4,3,local_cost_only,Local cost function only,18,3,mean,8.385032440537644,5.641240491780239,8.984664125588504,0.0,26.06946459142549,12,12,0,,0.1666075078063319
tfim_h0.5,"TFIM (J=1, h=0.5)",4,3,local_cost_only,Local cost function only,19,3,mean,9.366734849696499,6.153822332828382,10.942277254858785,0.0,36.35661550223282,12,12,0,,0.18048393918530145
tfim_h0.5,"TFIM (J=1, h=0.5)",4,3,local_cost_only,Local cost function only,20,3,mean,4.756312188449276,5.841433138337052,3.8803435859163606,0.0,11.770994704192848,12,12,0,,0.08386368454124545
tfim_h0.5,"TFIM (J=1, h=0.5)",4,3,local_cost_only,Local cost function only,21,3,mean,9.713857207703835,4.022435755311914,12.831930066987933,3.103219029168533e-16,41.616347311410266,12,12,0,,0.1821123910863627
tfim_h0.5,"TFIM (J=1, h=0.5)",4,3,local_cost_only,Local cost function only,22,3,mean,12.443449019158399,1.6730267202465843,28.125157789031746,6.256630226141769e-16,102.83645204611872,12,12,0,,0.1552907613627982
tfim_h0.5,"TFIM (J=1, h=0.5)",4,3,local_cost_only,Local cost function only,23,3,mean,12.620965238155582,2.8623695901041755,15.38206226892094,0.0,48.22194302687412,12,12,0,,0.22394902676201514
tfim_h0.5,"TFIM (J=1, h=0.5)",4,3,local_cost_only,Local cost function only,24,3,mean,8.631587950843915,2.2389427576217447,11.132500064020483,0.0,34.98840294860835,12,12,0,,0.16201959847480693
tfim_h0.5,"TFIM (J=1, h=0.5)",4,3,local_cost_only,Local cost function only,25,3,mean,9.606402804512008,7.754123327342098,9.274579022550002,0.0,30.76905298537226,12,12,0,,0.19603167425915935
tfim_h0.5,"TFIM (J=1, h=0.5)",4,3,local_cost_only,Local cost function only,26,3,mean,13.313509648391323,3.437733177259805,21.54678526853509,0.0,66.19388352961059,12,12,0,,0.20287478498646005
tfim_h0.5,"TFIM (J=1, h=0.5)",4,3,local_cost_only,Local cost function only,27,3,mean,9.045854957169645,6.691964659744772,9.271861562752596,1.4066501725131665e-15,25.028493005989567,12,12,0,,0.18167591926477136
tfim_h0.5,"TFIM (J=1, h=0.5)",4,3,local_cost_only,Local cost function only,28,3,mean,6.76754356333529,2.2686131630313913,9.833429091030268,6.296504447323989e-16,32.81012354788855,12,12,0,,0.1348344757480927
tfim_h0.5,"TFIM (J=1, h=0.5)",4,3,local_cost_only,Local cost function only,29,3,mean,12.765076269398035,1.2906537371325242,20.115663283469342,3.1033141145213703e-16,54.72508482514332,12,12,0,,0.2019523813469728
tfim_h0.5,"TFIM (J=1, h=0.5)",4,3,local_cost_only,Local cost function only,30,3,mean,10.314768916702944,2.9298213276569607,14.37858526490382,0.0,47.79611150097117,12,12,0,,0.18509302291827665
tfim_h0.5,"TFIM (J=1, h=0.5)",4,3,local_cost_only,Local cost function only,31,3,mean,6.9602991693159595,3.2571617367191337,8.298474954415083,0.0,26.20044668154464,12,12,0,,0.1437952150482266
tfim_h0.5,"TFIM (J=1, h=0.5)",4,3,local_cost_only,Local cost function only,32,3,mean,11.286113524077257,1.4787276976923822,16.772244465277254,0.0,55.70903619294517,12,12,0,,0.19528884342936956
tfim_h0.5,"TFIM (J=1, h=0.5)",4,3,local_cost_only,Local cost function only,33,3,mean,10.7717798498352,2.094020129472219,14.880718536346976,0.0,44.35267858426304,12,12,0,,0.19197736192210688
tfim_h0.5,"TFIM (J=1, h=0.5)",4,3,local_cost_only,Local cost function only,34,3,mean,12.024099756416,4.667677918996754,18.07603529097565,0.0,50.91799099897531,12,12,0,,0.19861311279215854
tfim_h0.5,"TFIM (J=1, h=0.5)",4,3,local_cost_only,Local cost function only,35,3,mean,6.541417306672351,0.41985751604936095,9.49490545052073,0.0,26.99317739292345,12,12,0,,0.12831667729451043
tfim_h0.5,"TFIM (J=1, h=0.5)",4,3,local_cost_only,Local cost function only,36,3,mean,6.630701911727692,1.0623101195707068,9.257275732399735,0.0,24.037980540279474,12,12,0,,0.13227619836514146
tfim_h0.5,"TFIM (J=1, h=0.5)",4,3,local_cost_only,Local cost function only,37,3,mean,12.36206061594084,6.157591102144897,18.45851277282465,0.0,67.14939340454677,12,12,0,,0.20264703284550958
tfim_h0.5,"TFIM (J=1, h=0.5)",4,3,local_cost_only,Local cost function only,38,3,mean,14.298667945696076,2.7693062702157856,25.39754133248368,6.39315502233247e-16,79.32370353411315,12,12,0,,0.1976397328376844
tfim_h0.5,"TFIM (J=1, h=0.5)",4,3,local_cost_only,Local cost function only,39,3,mean,7.831822107115893,7.717398581607103,7.265638532557708,0.0,20.7226937328522,12,12,0,,0.15648831058456972
tfim_h0.5,"TFIM (J=1, h=0.5)",4,3,local_cost_only,Local cost function only,40,3,mean,9.616913851835813,1.4512243577695203,14.63418795620336,0.0,51.198195297033344,12,12,0,,0.17358136013848355
tfim_h0.5,"TFIM (J=1, h=0.5)",4,3,local_cost_only,Local cost function only,41,3,mean,16.044234702503406,11.757318836796887,16.519267676874875,9.330727887289286e-16,52.31630310165468,12,12,0,,0.2801180855181561
tfim_h0.5,"TFIM (J=1, h=0.5)",4,3,local_cost_only,Local cost function only,42,3,mean,5.672042857874021,3.6756359972094974,6.477206461143966,0.0,19.38047639398423,12,12,0,,0.11116159590365426
tfim_h0.5,"TFIM (J=1, h=0.5)",4,3,local_cost_only,Local cost function only,43,3,mean,14.18034075730115,0.7176619844402068,27.725697586345163,0.0,95.06050527988927,12,12,0,,0.18376236634410045
tfim_h0.5,"TFIM (J=1, h=0.5)",4,3,local_cost_only,Local cost function only,44,3,mean,8.989455052086823,12.119395071471173,6.919608944343967,0.0,18.83368887131252,12,12,0,,0.1816994938830946
tfim_h0.5,"TFIM (J=1, h=0.5)",4,3,local_cost_only,Local cost function only,45,3,mean,14.757981606356816,6.9537268969364865,20.987052933318537,1.2991700987800112e-15,73.25031983906965,12,12,0,,0.2376347137174404
tfim_h0.5,"TFIM (J=1, h=0.5)",4,3,local_cost_only,Local cost function only,46,3,mean,9.95557092203092,9.26827240618006,10.83733017017894,0.0,36.86128442009952,12,12,0,,0.19779413805835966
tfim_h0.5,"TFIM (J=1, h=0.5)",4,3,local_cost_only,Local cost function only,47,3,mean,8.402572708331496,5.13227585124258,9.065679814394969,0.0,27.765572825283975,12,12,0,,0.15423701571982296
tfim_h0.5,"TFIM (J=1, h=0.5)",4,3,local_cost_only,Local cost function only,48,3,mean,7.6430532293813584,4.861430246784252,9.148376380912394,0.0,24.706237835005215,12,12,0,,0.14627604757563226
tfim_h0.5,"TFIM (J=1, h=0.5)",4,3,local_cost_only,Local cost function only,49,3,mean,10.070440354172241,1.7205084967224988,13.706025450875044,1.283734321624862e-15,43.856360770819386,12,12,0,,0.18637100478059695
tfim_h0.5,"TFIM (J=1, h=0.5)",4,5,entanglement_local,Entanglement + local cost,0,3,mean,14.869513597299283,2.1879207929834044,24.774673010540397,0.0,84.2026451337647,12,12,0,,0.21188313906570863
tfim_h0.5,"TFIM (J=1, h=0.5)",4,5,entanglement_local,Entanglement + local cost,1,3,mean,3.8874533663932653,0.9276052463549879,5.362955592323548,0.0,13.056141420698488,12,12,0,,0.07709985715305417
tfim_h0.5,"TFIM (J=1, h=0.5)",4,5,entanglement_local,Entanglement + local cost,2,3,mean,6.4698058886014875,1.5395644361696066,14.697570615159837,0.0,54.53476126388359,12,12,0,,0.10346678537276773
tfim_h0.5,"TFIM (J=1, h=0.5)",4,5,entanglement_local,Entanglement + local cost,3,3,mean,8.13107188879725,1.2755883492851876,10.626715734466854,0.0,28.32736512523722,12,12,0,,0.15700330302327345
tfim_h0.5,"TFIM (J=1, h=0.5)",4,5,entanglement_local,Entanglement + local cost,4,3,mean,15.096717113339379,0.24841055694936184,24.320004241141785,0.0,65.28294981645267,12,12,0,,0.2143304463883334
tfim_h0.5,"TFIM (J=1, h=0.5)",4,5,entanglement_local,Entanglement + local cost,5,3,mean,9.327302747538843,0.09398134904794743,16.070518735659952,0.0,55.11804856600653,12,12,0,,0.15567161030882423
tfim_h0.5,"TFIM (J=1, h=0.5)",4,5,entanglement_local,Entanglement + local cost,6,3,mean,12.167590290908016,2.686573307830473,14.99268498772892,0.0,35.74138306146072,12,12,0,,0.2178334337018439
tfim_h0.5,"TFIM (J=1, h=0.5)",4,5,entanglement_local,Entanglement + local cost,7,3,mean,3.879558693911744,0.04975860956629575,7.21666096908805,0.0,25.504875701949505,12,12,0,,0.077398513677381
tfim_h0.5,"TFIM (J=1, h=0.5)",4,5,entanglement_local,Entanglement + local cost,8,3,mean,8.350219894005631,0.6881888571245729,13.869996037965688,0.0,39.81445892190044,12,12,0,,0.15112581180764842
tfim_h0.5,"TFIM (J=1, h=0.5)",4,5,entanglement_local,Entanglement + local cost,9,3,mean,10.997006572403512,0.7554628065471194,17.48912001115511,3.3902178540943562e-15,45.29894480371071,12,12,0,,0.1797651081053273
tfim_h0.5,"TFIM (J=1, h=0.5)",4,5,entanglement_local,Entanglement + local cost,10,3,mean,11.04749120435379,1.5237795673377938,18.942970805265052,0.0,53.70210226685602,12,12,0,,0.1680356005831601
tfim_h0.5,"TFIM (J=1, h=0.5)",4,5,entanglement_local,Entanglement + local cost,11,3,mean,9.376657803265788,3.3811156153652586,11.524197130714716,0.0,32.730540907916534,12,12,0,,0.181810716662675
tfim_h0.5,"TFIM (J=1, h=0.5)",4,5,entanglement_local,Entanglement + local cost,12,3,mean,6.874433323915105,0.5976678398899805,11.762955467925712,0.0,38.610565259135655,12,12,0,,0.12915349589512382
tfim_h0.5,"TFIM (J=1, h=0.5)",4,5,entanglement_local,Entanglement + local cost,13,3,mean,14.753472566166119,1.7776109387591263,24.48534449210998,0.0,82.84940759341292,12,12,0,,0.21477917575871885
tfim_h0.5,"TFIM (J=1, h=0.5)",4,5,entanglement_local,Entanglement + local cost,14,3,mean,6.491904334576199,1.078957706179314,9.30926419435246,0.0,25.27987915627916,12,12,0,,0.12425854536477528
tfim_h0.5,"TFIM (J=1, h=0.5)",4,5,entanglement_local,Entanglement + local cost,15,3,mean,9.710629715532619,1.4052863201206887,13.939731462191537,0.0,44.971408187504906,12,12,0,,0.16922877431075467
tfim_h0.5,"TFIM (J=1, h=0.5)",4,5,entanglement_local,Entanglement + local cost,16,3,mean,12.144426081474087,4.9676470216028195,15.469279806521438,0.0,53.605213831331234,12,12,0,,0.21857732204357064
tfim_h0.5,"TFIM (J=1, h=0.5)",4,5,entanglement_local,Entanglement + local cost,17,3,mean,3.8576994609962374,0.05256991335767246,7.35189874819008,0.0,21.147242932958704,12,12,0,,0.0697290102184787
tfim_h0.5,"TFIM (J=1, h=0.5)",4,5,entanglement_local,Entanglement + local cost,18,3,mean,12.66393415584929,9.39237189688529,13.314446318482627,0.0,38.944986823560136,12,12,0,,0.23337253365048324
tfim_h0.5,"TFIM (J=1, h=0.5)",4,5,entanglement_local,Entanglement + local cost,19,3,mean,14.764058573937499,4.642434760439264,22.73314010238087,0.0,71.52943419034038,12,12,0,,0.2228669177900778
tfim_h0.5,"TFIM (J=1, h=0.5)",4,5,entanglement_local,Entanglement + local cost,20,3,mean,9.643121948805595,2.2048836414924295,20.600277511872147,6.230491756219954e-16,75.77167221755775,12,12,0,,0.1430804495779174
tfim_h0.5,"TFIM (J=1, h=0.5)",4,5,entanglement_local,Entanglement + local cost,21,3,mean,8.663411898698753,11.500556801261101,7.622362301345092,3.1129674093485317e-16,19.026817752060477,12,12,0,,0.18194601408802183
tfim_h0.5,"TFIM (J=1, h=0.5)",4,5,entanglement_local,Entanglement + local cost,22,3,mean,23.721335589826975,1.2357006629882272,42.37710462880527,0.0,134.09209834010247,12,12,0,,0.23948932307120677
tfim_h0.5,"TFIM (J=1, h=0.5)",4,5,entanglement_local,Entanglement + local cost,23,3,mean,9.703873742462575,1.2540752425232675,13.738744488993543,0.0,41.17570131190184,12,12,0,,0.1709756202031202
tfim_h0.5,"TFIM (J=1, h=0.5)",4,5,entanglement_local,Entanglement + local cost,24,3,mean,6.561317552222904,4.294176025839414,7.554459291148966,0.0,23.779358083634087,12,12,0,,0.13512545677615487
tfim_h0.5,"TFIM (J=1, h=0.5)",4,5,entanglement_local,Entanglement + local cost,25,3,mean,7.588307661304067,5.09651372130542,8.457980021453558,0.0,26.527857841163687,12,12,0,,0.1574009534045296
tfim_h0.5,"TFIM (J=1, h=0.5)",4,5,entanglement_local,Entanglement + local cost,26,3,mean,16.025019280796762,1.3271051940463332,19.797908000027697,6.292605668463358e-16,51.64521955614011,12,12,0,,0.26443629554916254
tfim_h0.5,"TFIM (J=1, h=0.5)",4,5,entanglement_local,Entanglement + local cost,27,3,mean,3.379448469320637,0.6485500653274765,5.521687710150548,0.0,18.056917770118496,12,12,0,,0.06716631261195044
tfim_h0.5,"TFIM (J=1, h=0.5)",4,5,entanglement_local,Entanglement + local cost,28,3,mean,8.056011024919366,5.00629643245699,9.204851644411013,0.0,24.5096628952867,12,12,0,,0.16505323347060433
tfim_h0.5,"TFIM (J=1, h=0.5)",4,5,entanglement_local,Entanglement + local cost,29,3,mean,14.65670838334133,1.0068533399779858,30.532659225115612,6.281016861629315e-16,111.54029938516298,12,12,0,,0.18520919340711106
tfim_h0.5,"TFIM (J=1, h=0.5)",4,5,entanglement_local,Entanglement + local cost,30,3,mean,10.603312239688085,1.4255906259957913,18.756203691129514,0.0,67.40216973862599,12,12,0,,0.17227434069209083
tfim_h0.5,"TFIM (J=1, h=0.5)",4,5,entanglement_local,Entanglement + local cost,31,3,mean,9.89571083236905,5.480968133476319,11.629694721211596,6.211100040392071e-16,37.6823753453817,12,12,0,,0.1931604056626187
tfim_h0.5,"TFIM (J=1, h=0.5)",4,5,entanglement_local,Entanglement + local cost,32,3,mean,5.983925950880093,1.8197738156812626,12.099232129458239,0.0,44.80513419812716,12,12,0,,0.10608475827290154
tfim_h0.5,"TFIM (J=1, h=0.5)",4,5,entanglement_local,Entanglement + local cost,33,3,mean,31.213345463273566,1.0961838862226803,56.81267275018868,0.0,178.400917887529,12,12,0,,0.2493769269490531
tfim_h0.5,"TFIM (J=1, h=0.5)",4,5,entanglement_local,Entanglement + local cost,34,3,mean,19.766026886757988,2.2981542714143894,33.79295020316588,0.0,92.10126024292207,12,12,0,,0.22855490657847657
tfim_h0.5,"TFIM (J=1, h=0.5)",4,5,entanglement_local,Entanglement + local cost,35,3,mean,6.264182264714157,2.2097734890562473,11.19902050364109,1.380674106866976e-15,41.34239348679641,12,12,0,,0.11630006306400602
tfim_h0.5,"TFIM (J=1, h=0.5)",4,5,entanglement_local,Entanglement + local cost,36,3,mean,7.473741476211657,5.437652434859908,8.0226013526886,0.0,22.582117890203367,12,12,0,,0.15471178447558362
tfim_h0.5,"TFIM (J=1, h=0.5)",4,5,entanglement_local,Entanglement + local cost,37,3,mean,11.29418490899677,7.574616485997742,11.963226314929514,0.0,35.887151041192,12,12,0,,0.21777223451049488
tfim_h0.5,"TFIM (J=1, h=0.5)",4,5,entanglement_local,Entanglement + local cost,38,3,mean,35.89379345889623,0.7187349809477541,72.75225044222086,0.0,205.58565441337055,12,12,0,,0.22030279118129878
tfim_h0.5,"TFIM (J=1, h=0.5)",4,5,entanglement_local,Entanglement + local cost,39,3,mean,8.23864256666181,3.582421334284228,10.091614756831975,0.0,25.316692032432645,12,12,0,,0.16472678278701014
tfim_h0.5,"TFIM (J=1, h=0.5)",4,5,entanglement_local,Entanglement + local cost,40,3,mean,9.372951186256486,2.628267713464116,14.588185757599982,6.309317429500181e-16,52.62039291927387,12,12,0,,0.16908471136298867
tfim_h0.5,"TFIM (J=1, h=0.5)",4,5,entanglement_local,Entanglement + local cost,41,3,mean,17.688654573720974,4.770891674004048,22.591688287121123,0.0,58.2023889221218,12,12,0,,0.2633038577105459
tfim_h0.5,"TFIM (J=1, h=0.5)",4,5,entanglement_local,Entanglement + local cost,42,3,mean,10.142981699546441,0.6438153344004327,23.386196374537402,0.0,85.95779226368276,12,12,0,,0.1380070093303713
tfim_h0.5,"TFIM (J=1, h=0.5)",4,5,entanglement_local,Entanglement + local cost,43,3,mean,22.106768707915762,0.34808388710126714,53.02665781510819,0.0,193.59409028538562,12,12,0,,0.1912290424220647
tfim_h0.5,"TFIM (J=1, h=0.5)",4,5,entanglement_local,Entanglement + local cost,44,3,mean,3.6874599189740156,2.1909018455214464,4.130347082451571,0.0,11.726614851979509,12,12,0,,0.06428370694811857
tfim_h0.5,"TFIM (J=1, h=0.5)",4,5,entanglement_local,Entanglement + local cost,45,3,mean,13.220113556889807,3.9209085614768986,18.497604413588626,0.0,54.663998240941915,12,12,0,,0.22273183709443456
tfim_h0.5,"TFIM (J=1, h=0.5)",4,5,entanglement_local,Entanglement + local cost,46,3,mean,9.300766838141492,8.641214140028135,9.040613333141444,0.0,26.11679473438715,12,12,0,,0.19162357605635025
tfim_h0.5,"TFIM (J=1, h=0.5)",4,5,entanglement_local,Entanglement + local cost,47,3,mean,7.233133804187354,1.099689699401774,12.236201481750362,0.0,38.39347858874307,12,12,0,,0.13199014880010146
tfim_h0.5,"TFIM (J=1, h=0.5)",4,5,entanglement_local,Entanglement + local cost,48,3,mean,10.294626426206168,3.103401763538688,15.904718472299761,0.0,47.0830787916359,12,12,0,,0.1798332994044802
tfim_h0.5,"TFIM (J=1, h=0.5)",4,5,entanglement_local,Entanglement + local cost,49,3,mean,5.4281607998217405,3.260282194533131,6.951167056079684,0.0,24.246466605052937,12,12,0,,0.10792191273463643
tfim_h0.5,"TFIM (J=1, h=0.5)",10,1,baseline,Baseline (HEA),0,3,mean,4.030111173953364,4.038999751953252,2.9147308274110455,0.05029778312880037,10.698135744614012,30,30,0,,0.2864351350991478
tfim_h0.5,"TFIM (J=1, h=0.5)",10,1,baseline,Baseline (HEA),1,3,mean,3.9628092313079053,3.4311323780181215,3.6296568059607033,0.0976248230283808,17.168815066440498,30,30,0,,0.2751184187212852
tfim_h0.5,"TFIM (J=1, h=0.5)",10,1,baseline,Baseline (HEA),2,3,mean,4.056700888523207,3.7673543331604926,2.6637733100688146,0.318921254565335,9.628365943532254,30,30,0,,0.29149395011505175
tfim_h0.5,"TFIM (J=1, h=0.5)",10,1,baseline,Baseline (HEA),3,3,mean,5.627696474283585,3.478051290975146,5.633050140311723,0.06430800125482253,20.109990679665295,30,30,0,,0.4004569158863977
tfim_h0.5,"TFIM (J=1, h=0.5)",10,1,baseline,Baseline (HEA),4,3,mean,4.8737015999983395,3.5667192375333525,3.5985918009182485,0.5676540070123208,11.997116940131875,30,30,0,,0.31393544315756
tfim_h0.5,"TFIM (J=1, h=0.5)",10,1,baseline,Baseline (HEA),5,3,mean,4.4044331629977105,2.9961941682957374,4.282424268934074,0.04454561258520735,14.654359846273502,30,30,0,,0.29413274098571424
tfim_h0.5,"TFIM (J=1, h=0.5)",10,1,baseline,Baseline (HEA),6,3,mean,5.5175207847752175,4.8721156496488,3.0360947724566145,0.91541560025204,11.550435746763666,30,30,0,,0.36152498679505907
tfim_h0.5,"TFIM (J=1, h=0.5)",10,1,baseline,Baseline (HEA),7,3,mean,4.52739670134005,4.072223495341128,3.346691559119066,0.033921355012474654,12.650213756610574,30,30,0,,0.27589769154074245
tfim_h0.5,"TFIM (J=1, h=0.5)",10,1,baseline,Baseline (HEA),8,3,mean,5.518358275637831,4.219169337669612,4.412478888816573,0.2768442373347851,14.753660214393717,30,30,0,,0.405095013627217
tfim_h0.5,"TFIM (J=1, h=0.5)",10,1,baseline,Baseline (HEA),9,3,mean,5.959230701344645,5.498305235671955,4.553310879827535,0.17130464988656852,17.589703698122975,30,30,0,,0.38431523714146615
tfim_h0.5,"TFIM (J=1, h=0.5)",10,1,baseline,Baseline (HEA),10,3,mean,4.797828009900021,4.3389150910863545,3.615635554682412,0.20617074433924165,11.327581196135927,30,30,0,,0.37085481308072593
tfim_h0.5,"TFIM (J=1, h=0.5)",10,1,baseline,Baseline (HEA),11,3,mean,5.933888684075455,4.599604177873571,4.147084141355012,0.5081454351274856,15.651229492696636,30,30,0,,0.381492915826774
tfim_h0.5,"TFIM (J=1, h=0.5)",10,1,baseline,Baseline (HEA),12,3,mean,5.919701563918101,5.461652488111426,2.849384593089115,0.7488470933029627,12.386041633586313,30,30,0,,0.3657272465242591
tfim_h0.5,"TFIM (J=1, h=0.5)",10,1,baseline,Baseline (HEA),13,3,mean,4.626076552817129,4.185455328065287,3.250581155770859,0.018044793941855736,14.128965113093898,30,30,0,,0.39472234423490626
tfim_h0.5,"TFIM (J=1, h=0.5)",10,1,baseline,Baseline (HEA),14,3,mean,4.930974122595406,4.243368830071589,4.127507142904454,0.3478459380632611,20.703509832765263,30,30,0,,0.34851253369734636
tfim_h0.5,"TFIM (J=1, h=0.5)",10,1,baseline,Baseline (HEA),15,3,mean,5.095382728863644,4.413194959859856,3.8510978914974547,0.4167691823132773,17.849600984379887,30,30,0,,0.33179265889146675
tfim_h0.5,"TFIM (J=1, h=0.5)",10,1,baseline,Baseline (HEA),16,3,mean,4.637280663021016,4.572042038317205,3.3826104704945554,0.10709006339239509,13.379733376393348,30,30,0,,0.324952286664916
tfim_h0.5,"TFIM (J=1, h=0.5)",10,1,baseline,Baseline (HEA),17,3,mean,4.183579593712328,2.722117418814026,3.6703917895531455,0.3759445517617524,13.667116084204313,30,30,0,,0.26914129247286755
tfim_h0.5,"TFIM (J=1, h=0.5)",10,1,baseline,Baseline (HEA),18,3,mean,4.655084380731602,4.344171991449228,2.900312528639592,0.07346785015730835,13.083682968657278,30,30,0,,0.3026924910926475
tfim_h0.5,"TFIM (J=1, h=0.5)",10,1,baseline,Baseline (HEA),19,3,mean,5.164316390395561,4.260347444460679,3.769934252135864,0.38377438268591557,14.531332688738589,30,30,0,,0.357088894253901
tfim_h0.5,"TFIM (J=1, h=0.5)",10,1,baseline,Baseline (HEA),20,3,mean,4.418278369694898,3.9905920213100607,3.374504866076269,0.08492659338357145,13.806549131544083,30,30,0,,0.3056971139928378
tfim_h0.5,"TFIM (J=1, h=0.5)",10,1,baseline,Baseline (HEA),21,3,mean,5.3422834023089,3.4171782471961376,4.539284612362866,0.2032787096449449,17.032681647650247,30,30,0,,0.3548303769382758
tfim_h0.5,"TFIM (J=1, h=0.5)",10,1,baseline,Baseline (HEA),22,3,mean,4.5639929663737835,3.788623066108161,4.394609850874376,0.1522562641945652,13.784923586624604,30,30,0,,0.30661487242843644
tfim_h0.5,"TFIM (J=1, h=0.5)",10,1,baseline,Baseline (HEA),23,3,mean,4.497343119026122,3.560600431512875,3.9038998649120447,0.19492948934548962,15.95329948234226,30,30,0,,0.3335055031998609
tfim_h0.5,"TFIM (J=1, h=0.5)",10,1,baseline,Baseline (HEA),24,3,mean,3.9501789757354207,4.0589196697985725,3.111600317075713,0.1189429341603471,9.946505217910975,30,30,0,,0.2826639455245927
tfim_h0.5,"TFIM (J=1, h=0.5)",10,1,baseline,Baseline (HEA),25,3,mean,5.843950189741839,4.4638044025289085,3.517644602023461,0.46082317997205363,14.378319549755801,30,30,0,,0.4146632809523122
tfim_h0.5,"TFIM (J=1, h=0.5)",10,1,baseline,Baseline (HEA),26,3,mean,4.371648198109615,2.364931484794348,5.137600106031111,0.019984377687797154,17.844875240522178,30,30,0,,0.2841414485574503
tfim_h0.5,"TFIM (J=1, h=0.5)",10,1,baseline,Baseline (HEA),27,3,mean,6.3005560383837995,5.238741649010481,4.558809269560909,0.4841232545625814,23.405998000634998,30,30,0,,0.4314831875198048
tfim_h0.5,"TFIM (J=1, h=0.5)",10,1,baseline,Baseline (HEA),28,3,mean,5.154985714523298,3.232541633542689,4.134291202376674,0.1723803609064107,12.559192603322773,30,30,0,,0.4135826971108371
tfim_h0.5,"TFIM (J=1, h=0.5)",10,1,baseline,Baseline (HEA),29,3,mean,5.815774516381162,5.071677722565449,4.067556579849334,0.10731747340766046,15.919836283162775,30,30,0,,0.40939504349585537
tfim_h0.5,"TFIM (J=1, h=0.5)",10,1,baseline,Baseline (HEA),30,3,mean,4.140769191184568,2.479861335170493,3.726344172391182,0.08096883137755621,12.09262449423825,30,30,0,,0.3223512174209124
tfim_h0.5,"TFIM (J=1, h=0.5)",10,1,baseline,Baseline (HEA),31,3,mean,5.134509747474801,4.484063916427441,3.8768892465211593,0.06634080862105571,17.09629587682002,30,30,0,,0.37693907890045714
tfim_h0.5,"TFIM (J=1, h=0.5)",10,1,baseline,Baseline (HEA),32,3,mean,4.613889764156997,3.2940212346364572,3.847263171200207,0.3000050433475257,16.456841710536807,30,30,0,,0.3278208639685154
tfim_h0.5,"TFIM (J=1, h=0.5)",10,1,baseline,Baseline (HEA),33,3,mean,4.841936438636796,3.215373145373272,5.013164574021757,0.07766906827765808,24.855861651706995,30,30,0,,0.4047563211931161
tfim_h0.5,"TFIM (J=1, h=0.5)",10,1,baseline,Baseline (HEA),34,3,mean,6.114449432060263,5.775467219559491,3.9460242231673357,0.3175078630323511,15.686786039842161,30,30,0,,0.3547429041745826
tfim_h0.5,"TFIM (J=1, h=0.5)",10,1,baseline,Baseline (HEA),35,3,mean,4.217439805582125,2.3568786990954846,3.8932862347800796,0.2624438209169246,15.38522877105902,30,30,0,,0.2889964908495275
tfim_h0.5,"TFIM (J=1, h=0.5)",10,1,baseline,Baseline (HEA),36,3,mean,5.10416555028492,4.498361357568172,3.9756736887100694,0.23458941260370086,16.71241520846513,30,30,0,,0.3944991728301455
tfim_h0.5,"TFIM (J=1, h=0.5)",10,1,baseline,Baseline (HEA),37,3,mean,5.463834146722059,5.1020099251275735,3.844709001001368,0.17984104009540516,16.317415625696054,30,30,0,,0.33742217200138575
tfim_h0.5,"TFIM (J=1, h=0.5)",10,1,baseline,Baseline (HEA),38,3,mean,5.215418935759187,4.3435823763805175,4.358343656483205,0.22434119702014862,14.21329274049172,30,30,0,,0.33295043538369584
tfim_h0.5,"TFIM (J=1, h=0.5)",10,1,baseline,Baseline (HEA),39,3,mean,5.636863339065767,3.8426272014169767,5.0081561392383325,0.033960590420994,20.082828278460294,30,30,0,,0.38774697209919723
tfim_h0.5,"TFIM (J=1, h=0.5)",10,1,baseline,Baseline (HEA),40,3,mean,5.361319851590573,3.627599527735919,4.828840165700655,0.1733451251383128,17.497849647412227,30,30,0,,0.35525170520638366
tfim_h0.5,"TFIM (J=1, h=0.5)",10,1,baseline,Baseline (HEA),41,3,mean,5.873755895011985,5.038938613232068,4.347960910975509,1.1780546651084716,19.394766023926653,30,30,0,,0.4071182258033865
tfim_h0.5,"TFIM (J=1, h=0.5)",10,1,baseline,Baseline (HEA),42,3,mean,5.109489841884966,4.9521860157317,3.0432523340882094,0.4350606431383049,11.1584406246673,30,30,0,,0.2940428295612972
tfim_h0.5,"TFIM (J=1, h=0.5)",10,1,baseline,Baseline (HEA),43,3,mean,5.706028887249966,3.3331151682957136,5.740885764875373,0.03427282326384163,22.889151853265382,30,30,0,,0.4236322187459702
tfim_h0.5,"TFIM (J=1, h=0.5)",10,1,baseline,Baseline (HEA),44,3,mean,6.50352594624193,5.2678956452997125,5.576174053875465,0.16214695485005506,22.996372146235704,30,30,0,,0.4477611142090474
tfim_h0.5,"TFIM (J=1, h=0.5)",10,1,baseline,Baseline (HEA),45,3,mean,5.957363285233574,5.409684177936109,3.4475438440893744,0.19476683167197306,13.715163193166282,30,30,0,,0.4529930245431052
tfim_h0.5,"TFIM (J=1, h=0.5)",10,1,baseline,Baseline (HEA),46,3,mean,4.692478878314838,3.5205198484254208,4.8945845898065,0.07173389631792558,20.785234789818936,30,30,0,,0.2829680371581951
tfim_h0.5,"TFIM (J=1, h=0.5)",10,1,baseline,Baseline (HEA),47,3,mean,5.246450279519465,3.0587170188386494,6.30684355796874,0.18689782592085669,26.297704906020765,30,30,0,,0.39227456589343634
tfim_h0.5,"TFIM (J=1, h=0.5)",10,1,baseline,Baseline (HEA),48,3,mean,6.321761705218426,5.690608832929081,4.967159420511898,0.12528689697028997,17.406236774414868,30,30,0,,0.4107273001119694
tfim_h0.5,"TFIM (J=1, h=0.5)",10,1,baseline,Baseline (HEA),49,3,mean,4.478394039785815,3.9174916585086526,3.136865892827777,0.046655662703165755,10.535270027398731,30,30,0,,0.29074450000353486
tfim_h0.5,"TFIM (J=1, h=0.5)",10,2,entanglement_only,Constrained entanglement only,0,3,mean,7.78729997343751,6.0722576012819545,5.750595547952835,0.03362405254906944,23.142004916646986,30,30,0,,0.515326801970952
tfim_h0.5,"TFIM (J=1, h=0.5)",10,2,entanglement_only,Constrained entanglement only,1,3,mean,6.782491582711446,5.311390803154642,4.8349841121592325,0.3251744901606799,17.018174176033483,30,30,0,,0.43839053589226123
tfim_h0.5,"TFIM (J=1, h=0.5)",10,2,entanglement_only,Constrained entanglement only,2,3,mean,6.833366347749967,5.691015658955564,5.113414608882915,0.12793413096351566,20.0585707492665,30,30,0,,0.47111196439422226
tfim_h0.5,"TFIM (J=1, h=0.5)",10,2,entanglement_only,Constrained entanglement only,3,3,mean,6.7293398468670285,4.935505927772064,5.172869965818495,0.9230900207720699,17.71467744414228,30,30,0,,0.4358364235367291
tfim_h0.5,"TFIM (J=1, h=0.5)",10,2,entanglement_only,Constrained entanglement only,4,3,mean,7.152451682667197,6.054924919519252,5.090460783104595,0.2845079723003379,18.548652672203158,30,30,0,,0.45276419098667
tfim_h0.5,"TFIM (J=1, h=0.5)",10,2,entanglement_only,Constrained entanglement only,5,3,mean,6.621496970672524,5.420092349808089,5.544199036315204,0.05529263034766979,21.75390819730594,30,30,0,,0.399420475887731
tfim_h0.5,"TFIM (J=1, h=0.5)",10,2,entanglement_only,Constrained entanglement only,6,3,mean,7.378797675250993,5.3429635319214475,6.3123980060017795,0.07524132553818987,26.207374363118277,30,30,0,,0.42869409628876
tfim_h0.5,"TFIM (J=1, h=0.5)",10,2,entanglement_only,Constrained entanglement only,7,3,mean,7.289615623732723,4.991850579521839,5.777325557825999,0.34431931945116306,18.764636905205723,30,30,0,,0.5260589910945849
tfim_h0.5,"TFIM (J=1, h=0.5)",10,2,entanglement_only,Constrained entanglement only,8,3,mean,7.270664377686634,6.079268463450159,5.066189760164461,0.1519706748668407,20.252659693103503,30,30,0,,0.5068895092813624
tfim_h0.5,"TFIM (J=1, h=0.5)",10,2,entanglement_only,Constrained entanglement only,9,3,mean,8.710182198160648,8.915795422724663,6.323914212169691,0.23307517206873196,23.068533693173336,30,30,0,,0.618552831811095
tfim_h0.5,"TFIM (J=1, h=0.5)",10,2,entanglement_only,Constrained entanglement only,10,3,mean,7.400223518279074,6.557941235266359,5.564249016978255,0.06953594931068777,19.07146540325263,30,30,0,,0.4458516918384831
tfim_h0.5,"TFIM (J=1, h=0.5)",10,2,entanglement_only,Constrained entanglement only,11,3,mean,7.458802150463035,5.023632703714636,7.085607935501029,0.30802234113228005,29.009355571434938,30,30,0,,0.500750389734056
tfim_h0.5,"TFIM (J=1, h=0.5)",10,2,entanglement_only,Constrained entanglement only,12,3,mean,8.86613250217053,7.282507693331459,5.863590223233801,1.1408004275396726,22.558199644482585,30,30,0,,0.5920761768285163
tfim_h0.5,"TFIM (J=1, h=0.5)",10,2,entanglement_only,Constrained entanglement only,13,3,mean,7.194029832179477,5.693477442459125,5.7170973826640425,0.4439612782965194,22.34859758595101,30,30,0,,0.4726536985001271
tfim_h0.5,"TFIM (J=1, h=0.5)",10,2,entanglement_only,Constrained entanglement only,14,3,mean,7.6375787368790755,6.66809442959368,4.8177396504612675,0.9571460372550253,17.595596002287465,30,30,0,,0.5828182774931868
tfim_h0.5,"TFIM (J=1, h=0.5)",10,2,entanglement_only,Constrained entanglement only,15,3,mean,7.3586890058277765,6.9157465280511365,5.060546988092421,0.10344024541390179,17.168894654595793,30,30,0,,0.4699099944906028
tfim_h0.5,"TFIM (J=1, h=0.5)",10,2,entanglement_only,Constrained entanglement only,16,3,mean,7.948370393816194,7.33291011856194,4.859502704508941,0.5513325690044928,21.91206257695523,30,30,0,,0.4493253783974814
tfim_h0.5,"TFIM (J=1, h=0.5)",10,2,entanglement_only,Constrained entanglement only,17,3,mean,7.053428009553727,6.8626404679130335,3.656531500807368,1.1376795174152723,15.057931175783319,30,30,0,,0.5378596254398506
tfim_h0.5,"TFIM (J=1, h=0.5)",10,2,entanglement_only,Constrained entanglement only,18,3,mean,6.28132846672357,4.288268297708383,5.318004329109259,0.2324251163336147,22.403319095052314,30,30,0,,0.3742077146231742
tfim_h0.5,"TFIM (J=1, h=0.5)",10,2,entanglement_only,Constrained entanglement only,19,3,mean,7.312785012831502,6.500389700144856,5.070660891312567,2.3976320215599025,26.883189776587486,30,30,0,,0.5056131570663783
tfim_h0.5,"TFIM (J=1, h=0.5)",10,2,entanglement_only,Constrained entanglement only,20,3,mean,5.557400264598232,4.376352114154422,4.808749007795717,0.4005077432516013,20.092949033233037,30,30,0,,0.3693987073056183
tfim_h0.5,"TFIM (J=1, h=0.5)",10,2,entanglement_only,Constrained entanglement only,21,3,mean,8.064178756234051,6.70301523573589,6.756020563287905,0.3474599400977907,27.08189659688071,30,30,0,,0.5163067609188317
tfim_h0.5,"TFIM (J=1, h=0.5)",10,2,entanglement_only,Constrained entanglement only,22,3,mean,7.8710560854898635,5.097957686903285,7.941712099118372,1.1158909294404558,33.34607909718414,30,30,0,,0.5309788595914892
tfim_h0.5,"TFIM (J=1, h=0.5)",10,2,entanglement_only,Constrained entanglement only,23,3,mean,7.715777767040615,7.697813085659027,5.125623706559193,0.15030052004551156,18.13547566215544,30,30,0,,0.5117597189001064
tfim_h0.5,"TFIM (J=1, h=0.5)",10,2,entanglement_only,Constrained entanglement only,24,3,mean,6.960249205879209,6.441845693434692,5.139513879238768,0.6983923595935314,21.319379283854975,30,30,0,,0.4264100137741825
tfim_h0.5,"TFIM (J=1, h=0.5)",10,2,entanglement_only,Constrained entanglement only,25,3,mean,6.399961935374672,6.412596899884841,4.245299518114414,0.34161952062652273,16.581607898508423,30,30,0,,0.35825553434536245
tfim_h0.5,"TFIM (J=1, h=0.5)",10,2,entanglement_only,Constrained entanglement only,26,3,mean,7.4515337144867795,7.264705706261338,6.172789198624768,0.2673830493945432,29.23268825241637,30,30,0,,0.528226736339064
tfim_h0.5,"TFIM (J=1, h=0.5)",10,2,entanglement_only,Constrained entanglement only,27,3,mean,8.008111057028612,6.431516504500477,4.9213419316909235,0.174127055015693,16.32846840129418,30,30,0,,0.5068882437590189
tfim_h0.5,"TFIM (J=1, h=0.5)",10,2,entanglement_only,Constrained entanglement only,28,3,mean,6.414134355073909,5.147265983602122,5.944686621570981,0.03966912325785696,30.801045477962102,30,30,0,,0.47670991016409364
tfim_h0.5,"TFIM (J=1, h=0.5)",10,2,entanglement_only,Constrained entanglement only,29,3,mean,7.256991652187585,6.074751958584143,4.037031668421533,0.8078559617802297,17.746937345225213,30,30,0,,0.45220334173215637
tfim_h0.5,"TFIM (J=1, h=0.5)",10,2,entanglement_only,Constrained entanglement only,30,3,mean,5.916248516213105,4.546298406808161,4.070390157448454,0.2527771716290043,18.395866708421533,30,30,0,,0.3869935551162046
tfim_h0.5,"TFIM (J=1, h=0.5)",10,2,entanglement_only,Constrained entanglement only,31,3,mean,6.90366246648218,4.461798200671784,6.815319506991242,0.049469287575824236,23.4628733724851,30,30,0,,0.4746418023093323
tfim_h0.5,"TFIM (J=1, h=0.5)",10,2,entanglement_only,Constrained entanglement only,32,3,mean,6.520930578519365,6.277693872690578,4.231071633751993,0.3524111928048383,14.6719072330445,30,30,0,,0.4800902121388317
tfim_h0.5,"TFIM (J=1, h=0.5)",10,2,entanglement_only,Constrained entanglement only,33,3,mean,6.4185158198753784,4.388510962064026,5.600922238599556,0.20634002859614228,25.19506185801741,30,30,0,,0.4777199168307714
tfim_h0.5,"TFIM (J=1, h=0.5)",10,2,entanglement_only,Constrained entanglement only,34,3,mean,8.540941670926667,9.15956988205918,4.931824775385834,0.1525971814515491,18.908718987906497,30,30,0,,0.5611894772137568
tfim_h0.5,"TFIM (J=1, h=0.5)",10,2,entanglement_only,Constrained entanglement only,35,3,mean,5.93327675049557,4.147831850142947,5.026922017329768,0.793108670894166,23.761214753520562,30,30,0,,0.3775481618637903
tfim_h0.5,"TFIM (J=1, h=0.5)",10,2,entanglement_only,Constrained entanglement only,36,3,mean,7.30112539067304,6.8811676896198595,4.36214542389733,0.08592267415235318,17.637508948178297,30,30,0,,0.5115476257644203
tfim_h0.5,"TFIM (J=1, h=0.5)",10,2,entanglement_only,Constrained entanglement only,37,3,mean,6.280628828965136,6.174356838515728,4.790951271148567,0.018083584411504722,18.090292312426172,30,30,0,,0.3690701982936226
tfim_h0.5,"TFIM (J=1, h=0.5)",10,2,entanglement_only,Constrained entanglement only,38,3,mean,7.230767259136933,6.439730016751865,4.600900652676901,1.2607227609660117,16.21321588721787,30,30,0,,0.4782735281492357
tfim_h0.5,"TFIM (J=1, h=0.5)",10,2,entanglement_only,Constrained entanglement only,39,3,mean,10.117477439750441,9.29337034161367,7.812329333323146,0.10689358324944098,31.367465671806176,30,30,0,,0.5913959850888298
tfim_h0.5,"TFIM (J=1, h=0.5)",10,2,entanglement_only,Constrained entanglement only,40,3,mean,8.933554488046811,7.149267337557804,6.142584665848538,0.2029683858413128,19.67020319864122,30,30,0,,0.609475406111931
tfim_h0.5,"TFIM (J=1, h=0.5)",10,2,entanglement_only,Constrained entanglement only,41,3,mean,8.14344010201335,6.024676318581742,6.903454520535711,0.033787359126138124,25.505225451612585,30,30,0,,0.6155760411510548
tfim_h0.5,"TFIM (J=1, h=0.5)",10,2,entanglement_only,Constrained entanglement only,42,3,mean,6.171928833494872,5.408755989355063,4.8535677787778,0.06006241381337888,21.088185408807227,30,30,0,,0.39259692139354563
tfim_h0.5,"TFIM (J=1, h=0.5)",10,2,entanglement_only,Constrained entanglement only,43,3,mean,7.962558796342194,6.112565322787223,6.278119259414832,0.46051952700522736,23.41988648615591,30,30,0,,0.534420461287733
tfim_h0.5,"TFIM (J=1, h=0.5)",10,2,entanglement_only,Constrained entanglement only,44,3,mean,5.482171585305875,3.5248594734324357,4.816288330314324,0.021821260753963685,15.97995007939769,30,30,0,,0.3948713216474093
tfim_h0.5,"TFIM (J=1, h=0.5)",10,2,entanglement_only,Constrained entanglement only,45,3,mean,7.581084665582116,5.707731475631316,5.1432696992376945,1.820330807281072,19.66582829821867,30,30,0,,0.5501266800875865
tfim_h0.5,"TFIM (J=1, h=0.5)",10,2,entanglement_only,Constrained entanglement only,46,3,mean,8.84505827669406,8.832888012225968,5.983437604678786,0.6902485111963733,20.44945559710429,30,30,0,,0.6437230675934428
tfim_h0.5,"TFIM (J=1, h=0.5)",10,2,entanglement_only,Constrained entanglement only,47,3,mean,7.452860039498109,5.54140342816426,5.755351418109534,0.9822925352566708,17.78141431494754,30,30,0,,0.42523083427629865
tfim_h0.5,"TFIM (J=1, h=0.5)",10,2,entanglement_only,Constrained entanglement only,48,3,mean,7.849944397092404,6.947889131972198,4.953974027931876,1.1957717863241373,18.21349816859724,30,30,0,,0.524104236607006
tfim_h0.5,"TFIM (J=1, h=0.5)",10,2,entanglement_only,Constrained entanglement only,49,3,mean,5.520076758830729,2.0511865419040727,6.245076733221565,0.34107017316164173,26.27978459652882,30,30,0,,0.36520750770950905
tfim_h0.5,"TFIM (J=1, h=0.5)",10,3,local_cost_only,Local cost function only,0,3,mean,2.8652113372839634,1.8662893089716302e-15,8.901845313368478,0.0,44.38629366053867,30,30,0,,0.05247045616259655
tfim_h0.5,"TFIM (J=1, h=0.5)",10,3,local_cost_only,Local cost function only,1,3,mean,2.1440577162813153,2.331777625353548e-15,4.655045974153049,1.5545184169023653e-16,21.143484888393232,30,30,0,,0.0457917707240412
tfim_h0.5,"TFIM (J=1, h=0.5)",10,3,local_cost_only,Local cost function only,2,3,mean,3.758803777072358,2.871112541845734e-15,9.718663820364757,0.0,36.68335767510971,30,30,0,,0.06864720826963416
tfim_h0.5,"TFIM (J=1, h=0.5)",10,3,local_cost_only,Local cost function only,3,3,mean,6.114598644419701,1.8685807330619024e-15,19.234965746885035,0.0,93.62198905899564,30,30,0,,0.08062556045328503
tfim_h0.5,"TFIM (J=1, h=0.5)",10,3,local_cost_only,Local cost function only,4,3,mean,2.0498499017962204,3.799887934550522e-15,5.688963950247631,0.0,28.519553809605476,30,30,0,,0.039488630122291736
tfim_h0.5,"TFIM (J=1, h=0.5)",10,3,local_cost_only,Local cost function only,5,3,mean,6.646496073130598,1.305438618351416e-15,24.840714834500865,0.0,123.38196978599638,30,30,0,,0.06508713558926174
tfim_h0.5,"TFIM (J=1, h=0.5)",10,3,local_cost_only,Local cost function only,6,3,mean,3.7691845791320797,6.3436354965866595e-15,7.360725188158109,0.0,27.23850745586888,30,30,0,,0.07362013270412267
tfim_h0.5,"TFIM (J=1, h=0.5)",10,3,local_cost_only,Local cost function only,7,3,mean,6.075776730316407,1.8938744616435784e-15,15.7619990922055,0.0,78.09594476624673,30,30,0,,0.09589833899460341
tfim_h0.5,"TFIM (J=1, h=0.5)",10,3,local_cost_only,Local cost function only,8,3,mean,3.8336140269587893,3.2589239708807934e-15,9.02798086245472,0.0,27.66857770303577,30,30,0,,0.07069323685672053
tfim_h0.5,"TFIM (J=1, h=0.5)",10,3,local_cost_only,Local cost function only,9,3,mean,2.2266130243097333,1.111116446387128e-14,4.005366212801342,0.0,12.983310722346076,30,30,0,,0.043105717768550766
tfim_h0.5,"TFIM (J=1, h=0.5)",10,3,local_cost_only,Local cost function only,10,3,mean,4.329078360868446,2.5979371858920765e-15,8.00054887967583,0.0,25.186818585573903,30,30,0,,0.08752989822152576
tfim_h0.5,"TFIM (J=1, h=0.5)",10,3,local_cost_only,Local cost function only,11,3,mean,3.388428173444013,1.253757781084302e-15,10.574253531941476,0.0,46.738058862391206,30,30,0,,0.05827558407241776
tfim_h0.5,"TFIM (J=1, h=0.5)",10,3,local_cost_only,Local cost function only,12,3,mean,2.975096670750822,4.241654651847436e-15,6.535278756437042,0.0,26.732383153712743,30,30,0,,0.053276207955477
tfim_h0.5,"TFIM (J=1, h=0.5)",10,3,local_cost_only,Local cost function only,13,3,mean,6.346307209015197,1.2871610013338666e-15,13.367183856427648,0.0,50.07415201762791,30,30,0,,0.10926682530638931
tfim_h0.5,"TFIM (J=1, h=0.5)",10,3,local_cost_only,Local cost function only,14,3,mean,4.08162928637655,1.7869021653841022e-15,7.926987916734219,0.0,30.650815370613092,30,30,0,,0.0815081718425485
tfim_h0.5,"TFIM (J=1, h=0.5)",10,3,local_cost_only,Local cost function only,15,3,mean,3.765622844482373,2.8386302489273236e-15,7.654083885022338,0.0,30.257155718917506,30,30,0,,0.07428600274355084
tfim_h0.5,"TFIM (J=1, h=0.5)",10,3,local_cost_only,Local cost function only,16,3,mean,2.5383958505240747,6.1443842672376125e-15,5.71296385751475,0.0,26.083927018592064,30,30,0,,0.048843528964420076
tfim_h0.5,"TFIM (J=1, h=0.5)",10,3,local_cost_only,Local cost function only,17,3,mean,2.5481057415703323,1.2629873638902992e-15,6.270004476826862,0.0,26.76347728734468,30,30,0,,0.05198684284467631
tfim_h0.5,"TFIM (J=1, h=0.5)",10,3,local_cost_only,Local cost function only,18,3,mean,4.6072535126851255,4.277297948868753e-15,9.806750957100405,0.0,43.11501354768906,30,30,0,,0.08735379578742615
tfim_h0.5,"TFIM (J=1, h=0.5)",10,3,local_cost_only,Local cost function only,19,3,mean,2.6538158027958976,7.841714392937956e-15,6.370374598551353,0.0,30.79313828821053,30,30,0,,0.05179626552741845
tfim_h0.5,"TFIM (J=1, h=0.5)",10,3,local_cost_only,Local cost function only,20,3,mean,1.5541122170352966,9.348453862848436e-15,3.690898540091935,0.0,15.846691947105125,30,30,0,,0.029880732445789784
tfim_h0.5,"TFIM (J=1, h=0.5)",10,3,local_cost_only,Local cost function only,21,3,mean,3.481262433709013,2.7317669302712147e-15,7.13776685554076,0.0,25.072735995190808,30,30,0,,0.06998233993729362
tfim_h0.5,"TFIM (J=1, h=0.5)",10,3,local_cost_only,Local cost function only,22,3,mean,1.4823304408256346,6.779679557857436e-15,4.321047026969591,0.0,23.27565411931031,30,30,0,,0.028954764687039815
tfim_h0.5,"TFIM (J=1, h=0.5)",10,3,local_cost_only,Local cost function only,23,3,mean,2.601158573952183,3.634654969113073e-15,5.198644617138856,0.0,17.871856108018942,30,30,0,,0.05181292818569164
tfim_h0.5,"TFIM (J=1, h=0.5)",10,3,local_cost_only,Local cost function only,24,3,mean,3.799178652180181,1.4072477448245528e-15,8.40143192370233,0.0,35.222801102712396,30,30,0,,0.07464917311054839
tfim_h0.5,"TFIM (J=1, h=0.5)",10,3,local_cost_only,Local cost function only,25,3,mean,4.0116494060962165,1.3013435781249846e-15,7.560824412393235,0.0,27.966665209297116,30,30,0,,0.081357340122862
tfim_h0.5,"TFIM (J=1, h=0.5)",10,3,local_cost_only,Local cost function only,26,3,mean,5.516677288997676,1.2442399336726343e-15,12.520306466077743,0.0,44.4155105406966,30,30,0,,0.0964993120795528
tfim_h0.5,"TFIM (J=1, h=0.5)",10,3,local_cost_only,Local cost function only,27,3,mean,4.83668157506652,2.0643532979141404e-15,13.025242759115317,0.0,66.67142005396681,30,30,0,,0.0780264315749784
tfim_h0.5,"TFIM (J=1, h=0.5)",10,3,local_cost_only,Local cost function only,28,3,mean,4.7492299095056465,2.790645061217158e-15,15.093120881943403,0.0,71.20993073797335,30,30,0,,0.06924670953109603
tfim_h0.5,"TFIM (J=1, h=0.5)",10,3,local_cost_only,Local cost function only,29,3,mean,4.897689791745871,1.4752736304486283e-15,11.33137088786299,0.0,40.08925776210504,30,30,0,,0.08909930639654963
tfim_h0.5,"TFIM (J=1, h=0.5)",10,3,local_cost_only,Local cost function only,30,3,mean,3.3189056343278,3.1949467857163478e-15,6.50129042022662,0.0,25.006699319674233,30,30,0,,0.06618131972523073
tfim_h0.5,"TFIM (J=1, h=0.5)",10,3,local_cost_only,Local cost function only,31,3,mean,3.171442926892055,6.945638502669748e-15,8.744182686388536,0.0,38.061955042433205,30,30,0,,0.059053818823273936
tfim_h0.5,"TFIM (J=1, h=0.5)",10,3,local_cost_only,Local cost function only,32,3,mean,3.172438965210757,6.663699381632107e-15,8.378593464842286,0.0,34.4747112421765,30,30,0,,0.05867945865736043
tfim_h0.5,"TFIM (J=1, h=0.5)",10,3,local_cost_only,Local cost function only,33,3,mean,3.491039447778657,2.6381054016567276e-15,9.024800588078353,1.5518267068568986e-16,46.38527356721804,30,30,0,,0.0658541297268698
tfim_h0.5,"TFIM (J=1, h=0.5)",10,3,local_cost_only,Local cost function only,34,3,mean,5.502562046145527,1.9218505061084905e-15,15.311765793265497,0.0,69.82118409055231,30,30,0,,0.08444339168883115
tfim_h0.5,"TFIM (J=1, h=0.5)",10,3,local_cost_only,Local cost function only,35,3,mean,2.941473181470051,1.0922639222754076e-15,7.684910662937291,0.0,38.961613635997765,30,30,0,,0.05736664008382491
tfim_h0.5,"TFIM (J=1, h=0.5)",10,3,local_cost_only,Local cost function only,36,3,mean,4.031087820671883,1.600946027771171e-15,8.591876474280676,0.0,35.68664966007236,30,30,0,,0.07779210549487793
tfim_h0.5,"TFIM (J=1, h=0.5)",10,3,local_cost_only,Local cost function only,37,3,mean,4.289497169778152,5.8395204030460095e-15,11.05061897956563,0.0,44.89244301896859,30,30,0,,0.07099392673270992
tfim_h0.5,"TFIM (J=1, h=0.5)",10,3,local_cost_only,Local cost function only,38,3,mean,3.747486116033452,3.2823305697103773e-15,7.725699864735018,0.0,29.349957909697977,30,30,0,,0.07550757039437284
tfim_h0.5,"TFIM (J=1, h=0.5)",10,3,local_cost_only,Local cost function only,39,3,mean,3.1478076349911412,3.182868489902613e-15,6.732270032487341,0.0,25.250286393128253,30,30,0,,0.06205371718042601
tfim_h0.5,"TFIM (J=1, h=0.5)",10,3,local_cost_only,Local cost function only,40,3,mean,3.8318894098352816,1.2742229839788273e-15,7.121536709846421,0.0,21.795676609072327,30,30,0,,0.07816537790112932
tfim_h0.5,"TFIM (J=1, h=0.5)",10,3,local_cost_only,Local cost function only,41,3,mean,4.076135982222307,3.2548378090461183e-15,10.285860600997681,0.0,47.65362767186624,30,30,0,,0.07261790674012682
tfim_h0.5,"TFIM (J=1, h=0.5)",10,3,local_cost_only,Local cost function only,42,3,mean,2.718259906385597,4.340695738487165e-15,6.6324282960365455,0.0,29.162840289828278,30,30,0,,0.05169459020247143
tfim_h0.5,"TFIM (J=1, h=0.5)",10,3,local_cost_only,Local cost function only,43,3,mean,5.468494905655863,4.181804142783497e-15,15.737855785986197,0.0,70.37264493620623,30,30,0,,0.07855663582972669
tfim_h0.5,"TFIM (J=1, h=0.5)",10,3,local_cost_only,Local cost function only,44,3,mean,4.028811472126621,1.8797088416151644e-15,8.812821513687297,0.0,37.8830837308999,30,30,0,,0.07861294776987847
tfim_h0.5,"TFIM (J=1, h=0.5)",10,3,local_cost_only,Local cost function only,45,3,mean,5.269332091171988,4.778613508192573e-15,10.43411118220454,0.0,35.42048393643491,30,30,0,,0.09760640298876457
tfim_h0.5,"TFIM (J=1, h=0.5)",10,3,local_cost_only,Local cost function only,46,3,mean,2.774090991352121,1.9401554898159986e-15,7.092697080683798,0.0,32.56944460271702,30,30,0,,0.054841503502899076
tfim_h0.5,"TFIM (J=1, h=0.5)",10,3,local_cost_only,Local cost function only,47,3,mean,4.40342963059692,1.2524371975133945e-15,16.530437397132918,0.0,91.0265550907563,30,30,0,,0.05905299001575648
tfim_h0.5,"TFIM (J=1, h=0.5)",10,3,local_cost_only,Local cost function only,48,3,mean,3.8165200560250385,6.188671081337578e-15,8.709740716871742,0.0,34.36350019421393,30,30,0,,0.07287023981735613
tfim_h0.5,"TFIM (J=1, h=0.5)",10,3,local_cost_only,Local cost function only,49,3,mean,1.5645968372369843,1.2265715895984374e-14,3.003750122660217,0.0,11.406161843781733,30,30,0,,0.028585868773449687
tfim_h0.5,"TFIM (J=1, h=0.5)",10,5,entanglement_local,Entanglement + local cost,0,3,mean,4.140140695433562,3.00093340573087e-15,9.491291739846142,0.0,40.640326379219644,30,30,0,,0.07830730860241332
tfim_h0.5,"TFIM (J=1, h=0.5)",10,5,entanglement_local,Entanglement + local cost,1,3,mean,4.19937736191202,2.8678642305419913e-15,11.093298701121011,0.0,53.69681536906238,30,30,0,,0.07427140346868558
tfim_h0.5,"TFIM (J=1, h=0.5)",10,5,entanglement_local,Entanglement + local cost,2,3,mean,2.4075338287703945,3.984302214583364e-15,6.365127583054517,0.0,28.99864211131117,30,30,0,,0.044766770405366065
tfim_h0.5,"TFIM (J=1, h=0.5)",10,5,entanglement_local,Entanglement + local cost,3,3,mean,11.307655563850648,1.5567833408253917e-15,44.32393115090332,0.0,239.67771821242815,30,30,0,,0.08155363428830818
tfim_h0.5,"TFIM (J=1, h=0.5)",10,5,entanglement_local,Entanglement + local cost,4,3,mean,1.8627885873324552,9.87397396138041e-15,4.608688013385354,0.0,17.115890652195453,30,30,0,,0.0387501214368396
tfim_h0.5,"TFIM (J=1, h=0.5)",10,5,entanglement_local,Entanglement + local cost,5,3,mean,4.8264770406716915,2.3436321186952633e-15,21.076985009924375,0.0,117.3415337903149,30,30,0,,0.05103352161784592
tfim_h0.5,"TFIM (J=1, h=0.5)",10,5,entanglement_local,Entanglement + local cost,6,3,mean,2.931433386136389,6.885930902514996e-15,8.880616401617644,0.0,44.741031185461296,30,30,0,,0.05289234536379806
tfim_h0.5,"TFIM (J=1, h=0.5)",10,5,entanglement_local,Entanglement + local cost,7,3,mean,3.122164989816423,2.768273957608231e-15,7.1758716627245605,0.0,28.659773744788616,30,30,0,,0.06139893272700007
tfim_h0.5,"TFIM (J=1, h=0.5)",10,5,entanglement_local,Entanglement + local cost,8,3,mean,3.836737480544402,2.5417275048499958e-15,8.628691577103018,6.354318762124989e-16,36.47299491968081,30,30,0,,0.07545270200151204
tfim_h0.5,"TFIM (J=1, h=0.5)",10,5,entanglement_local,Entanglement + local cost,9,3,mean,5.426401053644554,2.6524351330692742e-15,12.09182709354603,0.0,40.22683517744076,30,30,0,,0.09740335827271007
tfim_h0.5,"TFIM (J=1, h=0.5)",10,5,entanglement_local,Entanglement + local cost,10,3,mean,2.6801368683409397,6.7109055336568216e-15,7.897947774481252,0.0,42.21533883046373,30,30,0,,0.04763375590039827
tfim_h0.5,"TFIM (J=1, h=0.5)",10,5,entanglement_local,Entanglement + local cost,11,3,mean,4.126561628162806,1.5724848409652957e-15,11.737966687256149,0.0,47.63556702165326,30,30,0,,0.07052481466349494
tfim_h0.5,"TFIM (J=1, h=0.5)",10,5,entanglement_local,Entanglement + local cost,12,3,mean,5.018832887666522,1.474234573049384e-15,20.90668356774008,0.0,115.91966501275958,30,30,0,,0.05584456449391329
tfim_h0.5,"TFIM (J=1, h=0.5)",10,5,entanglement_local,Entanglement + local cost,13,3,mean,4.77756973783153,2.6206913202639786e-15,10.123245442665215,0.0,36.37829988926715,30,30,0,,0.09153814530252921
tfim_h0.5,"TFIM (J=1, h=0.5)",10,5,entanglement_local,Entanglement + local cost,14,3,mean,3.0167456289396077,2.9345217341085133e-15,6.250384108241329,0.0,19.158808417779753,30,30,0,,0.059796972113303475
tfim_h0.5,"TFIM (J=1, h=0.5)",10,5,entanglement_local,Entanglement + local cost,15,3,mean,2.6983061999051183,5.210407622021728e-15,5.667562989861513,0.0,23.493404914078763,30,30,0,,0.04958204625082171
tfim_h0.5,"TFIM (J=1, h=0.5)",10,5,entanglement_local,Entanglement + local cost,16,3,mean,2.876188369078602,6.075910348147263e-15,6.076228109422575,0.0,18.86067797013538,30,30,0,,0.05932148279219455
tfim_h0.5,"TFIM (J=1, h=0.5)",10,5,entanglement_local,Entanglement + local cost,17,3,mean,5.252530626580834,2.7242938331768482e-15,13.421199822922832,0.0,56.46694204890963,30,30,0,,0.08518983268404995
tfim_h0.5,"TFIM (J=1, h=0.5)",10,5,entanglement_local,Entanglement + local cost,18,3,mean,3.144039482138097,6.655284724391208e-15,9.691041873349732,0.0,48.217121706607195,30,30,0,,0.05486671663060703
tfim_h0.5,"TFIM (J=1, h=0.5)",10,5,entanglement_local,Entanglement + local cost,19,3,mean,1.8232736542623116,3.974666476672947e-15,4.840770350636543,0.0,22.099657037289923,30,30,0,,0.036720100822581106
tfim_h0.5,"TFIM (J=1, h=0.5)",10,5,entanglement_local,Entanglement + local cost,20,3,mean,2.5054552890461634,1.2878545021326896e-15,8.174670787510754,0.0,35.80311273359957,30,30,0,,0.046135493323281186
tfim_h0.5,"TFIM (J=1, h=0.5)",10,5,entanglement_local,Entanglement + local cost,21,3,mean,3.651192861643767,2.4916721634362045e-15,7.865549974535884,0.0,26.625260490360922,30,30,0,,0.07291920142474237
tfim_h0.5,"TFIM (J=1, h=0.5)",10,5,entanglement_local,Entanglement + local cost,22,3,mean,3.0678260221909954,6.293886600066296e-15,7.868701514392749,0.0,34.793086651597264,30,30,0,,0.05884004642762661
tfim_h0.5,"TFIM (J=1, h=0.5)",10,5,entanglement_local,Entanglement + local cost,23,3,mean,4.760301252003598,1.5567498785559745e-15,10.708183211871624,0.0,40.00430500349459,30,30,0,,0.08821825689692615
tfim_h0.5,"TFIM (J=1, h=0.5)",10,5,entanglement_local,Entanglement + local cost,24,3,mean,2.195229452203799,3.178243608388288e-15,5.963707947038651,0.0,29.62605365166982,30,30,0,,0.04255557718624877
tfim_h0.5,"TFIM (J=1, h=0.5)",10,5,entanglement_local,Entanglement + local cost,25,3,mean,3.181211415766309,2.560173631465355e-15,6.793678338066595,0.0,25.98918383796948,30,30,0,,0.0650458224950386
tfim_h0.5,"TFIM (J=1, h=0.5)",10,5,entanglement_local,Entanglement + local cost,26,3,mean,6.293554554425254,2.84727025961751e-15,15.760988514600449,0.0,55.13779909777014,30,30,0,,0.09279275886983976
tfim_h0.5,"TFIM (J=1, h=0.5)",10,5,entanglement_local,Entanglement + local cost,27,3,mean,3.2698555661936877,6.689170316568798e-15,6.581434325306965,0.0,20.520664540745337,30,30,0,,0.06068195095069139
tfim_h0.5,"TFIM (J=1, h=0.5)",10,5,entanglement_local,Entanglement + local cost,28,3,mean,3.9523051847060438,1.2527384820480259e-15,8.165680423243908,0.0,27.538878172796128,30,30,0,,0.07869442761216043
tfim_h0.5,"TFIM (J=1, h=0.5)",10,5,entanglement_local,Entanglement + local cost,29,3,mean,4.679657585375302,3.239576082027242e-15,10.93709512946014,0.0,36.3025618851042,30,30,0,,0.08433797907456271
tfim_h0.5,"TFIM (J=1, h=0.5)",10,5,entanglement_local,Entanglement + local cost,30,3,mean,3.4788531711273203,2.871886768101988e-15,10.20525778465919,0.0,52.378965627683655,30,30,0,,0.0616119074309993
tfim_h0.5,"TFIM (J=1, h=0.5)",10,5,entanglement_local,Entanglement + local cost,31,3,mean,2.4431369086206205,7.675032889536378e-15,6.345801492777146,0.0,27.064580976103276,30,30,0,,0.04921405564625273
tfim_h0.5,"TFIM (J=1, h=0.5)",10,5,entanglement_local,Entanglement + local cost,32,3,mean,4.0296179969782795,2.57325092046527e-15,8.494430203933165,0.0,33.59616783954349,30,30,0,,0.07913141423552424
tfim_h0.5,"TFIM (J=1, h=0.5)",10,5,entanglement_local,Entanglement + local cost,33,3,mean,1.5270769798099322,9.507434080207718e-15,4.126529413798419,0.0,19.173588494791556,30,30,0,,0.029086151513964938
tfim_h0.5,"TFIM (J=1, h=0.5)",10,5,entanglement_local,Entanglement + local cost,34,3,mean,4.4424589555423495,2.6318069998791e-15,16.009717041046294,0.0,88.14638393675982,30,30,0,,0.06102794738589186
tfim_h0.5,"TFIM (J=1, h=0.5)",10,5,entanglement_local,Entanglement + local cost,35,3,mean,2.9682143660596267,1.1639158930538493e-15,6.518722660336054,7.759439287025662e-17,24.66917492797465,30,30,0,,0.06140252179641818
tfim_h0.5,"TFIM (J=1, h=0.5)",10,5,entanglement_local,Entanglement + local cost,36,3,mean,4.104381663888871,1.9290953554076287e-15,8.576891942791187,0.0,35.15891262702629,30,30,0,,0.08063411165678931
tfim_h0.5,"TFIM (J=1, h=0.5)",10,5,entanglement_local,Entanglement + local cost,37,3,mean,3.3720971320200186,3.3162346283596397e-15,8.495900284315098,0.0,29.420192137556825,30,30,0,,0.06190769330573196
tfim_h0.5,"TFIM (J=1, h=0.5)",10,5,entanglement_local,Entanglement + local cost,38,3,mean,4.806950809216664,4.722358140498429e-15,11.303836568986927,0.0,39.07086980062275,30,30,0,,0.08556724406026159
tfim_h0.5,"TFIM (J=1, h=0.5)",10,5,entanglement_local,Entanglement + local cost,39,3,mean,4.0532252197289,5.004834983364605e-15,9.215152835937703,0.0,35.701283489813235,30,30,0,,0.0783482724448523
tfim_h0.5,"TFIM (J=1, h=0.5)",10,5,entanglement_local,Entanglement + local cost,40,3,mean,2.448220521645616,3.7319217958699225e-15,4.903521666130666,0.0,19.458659735985435,30,30,0,,0.046744606469471504
tfim_h0.5,"TFIM (J=1, h=0.5)",10,5,entanglement_local,Entanglement + local cost,41,3,mean,11.766407564408883,2.5728598178051758e-15,34.08221388951687,0.0,130.83744865057042,30,30,0,,0.10123801174874221
tfim_h0.5,"TFIM (J=1, h=0.5)",10,5,entanglement_local,Entanglement + local cost,42,3,mean,3.729057902538368,2.5808247665597815e-15,11.783338162896095,0.0,63.349291223498106,30,30,0,,0.06175741599374026
tfim_h0.5,"TFIM (J=1, h=0.5)",10,5,entanglement_local,Entanglement + local cost,43,3,mean,6.1606852668833785,2.0980730794284644e-15,18.682405319567817,1.5541282069840477e-16,93.62805123235408,30,30,0,,0.08532939714042455
tfim_h0.5,"TFIM (J=1, h=0.5)",10,5,entanglement_local,Entanglement + local cost,44,3,mean,3.8680359394373918,1.3739355059464187e-15,8.337305596904786,0.0,33.94939476470862,30,30,0,,0.07421540099630934
tfim_h0.5,"TFIM (J=1, h=0.5)",10,5,entanglement_local,Entanglement + local cost,45,3,mean,5.701972592839123,1.7155444548192336e-15,12.904224597238619,0.0,47.92370463802295,30,30,0,,0.09928393646588499
tfim_h0.5,"TFIM (J=1, h=0.5)",10,5,entanglement_local,Entanglement + local cost,46,3,mean,3.7278461059169037,2.016863641841134e-15,8.125398220300477,0.0,36.10221652385413,30,30,0,,0.07215471010505965
tfim_h0.5,"TFIM (J=1, h=0.5)",10,5,entanglement_local,Entanglement + local cost,47,3,mean,1.7890921251090701,1.017144271098441e-14,4.75509467167589,0.0,20.242525515582432,30,30,0,,0.03059424565089653
tfim_h0.5,"TFIM (J=1, h=0.5)",10,5,entanglement_local,Entanglement + local cost,48,3,mean,3.2963553460133572,1.5595812636738792e-15,11.776474992306829,0.0,64.92574651895795,30,30,0,,0.052321324905432044
tfim_h0.5,"TFIM (J=1, h=0.5)",10,5,entanglement_local,Entanglement + local cost,49,3,mean,2.1177574163875503,3.1257841113389456e-15,5.9729665077119725,0.0,24.49454778214122,30,30,0,,0.04267013245049086
tfim_h2.0,"TFIM (J=1, h=2.0)",4,1,baseline,Baseline (HEA),0,3,mean,6.386222325389856,5.086148333917825,4.63580015372184,0.46509605055886755,16.86110582611628,12,12,0,,0.5323959935783674
tfim_h2.0,"TFIM (J=1, h=2.0)",4,1,baseline,Baseline (HEA),1,3,mean,10.686657218329174,7.7471817464688755,9.25030424757581,0.16019525715246163,34.52830778974464,12,12,0,,0.9474422800051384
tfim_h2.0,"TFIM (J=1, h=2.0)",4,1,baseline,Baseline (HEA),2,3,mean,11.788450691568643,7.140545006018583,10.515946566529596,1.4272556987897334,34.14311445539304,12,12,0,,0.9734923880906846
tfim_h2.0,"TFIM (J=1, h=2.0)",4,1,baseline,Baseline (HEA),3,3,mean,8.792688022885626,6.9838855885000815,8.926006391354358,1.1112434015056514,32.492793546796946,12,12,0,,0.7255418788498487
tfim_h2.0,"TFIM (J=1, h=2.0)",4,1,baseline,Baseline (HEA),4,3,mean,8.337457194793371,7.001696288586141,6.30065536576568,1.0228641966464318,18.179625188776054,12,12,0,,0.5182019897770308
tfim_h2.0,"TFIM (J=1, h=2.0)",4,1,baseline,Baseline (HEA),5,3,mean,10.768246687593747,7.714235952472415,9.904338991042444,0.2892676783060154,37.34461874109709,12,12,0,,1.0213517102511396
tfim_h2.0,"TFIM (J=1, h=2.0)",4,1,baseline,Baseline (HEA),6,3,mean,16.280790399968,4.8698645110532395,24.206014191988423,0.28713605645386786,77.48995504633086,12,12,0,,1.5262575982750748
tfim_h2.0,"TFIM (J=1, h=2.0)",4,1,baseline,Baseline (HEA),7,3,mean,12.15064314624025,13.48541118512771,5.535155441834268,1.6417786063268398,19.673629855128524,12,12,0,,1.0246742003765676
tfim_h2.0,"TFIM (J=1, h=2.0)",4,1,baseline,Baseline (HEA),8,3,mean,13.997108607296221,12.32522158054308,8.41384357832334,2.711004952065804,31.685715147271914,12,12,0,,1.2500703667518651
tfim_h2.0,"TFIM (J=1, h=2.0)",4,1,baseline,Baseline (HEA),9,3,mean,13.066863141722552,12.729414008509039,8.619881781396915,0.3968261594345232,27.50368531263914,12,12,0,,1.0141108936961036
tfim_h2.0,"TFIM (J=1, h=2.0)",4,1,baseline,Baseline (HEA),10,3,mean,11.711447411225699,7.341234863339011,8.098046045012902,2.338566518481961,28.183064249552984,12,12,0,,1.0127374217630665
tfim_h2.0,"TFIM (J=1, h=2.0)",4,1,baseline,Baseline (HEA),11,3,mean,10.883253732155476,8.702682708631809,9.843614162150661,0.3168688540490739,31.528931240402088,12,12,0,,1.001652827622347
tfim_h2.0,"TFIM (J=1, h=2.0)",4,1,baseline,Baseline (HEA),12,3,mean,15.571953728090444,15.050696798686298,8.292086767494155,0.04805180879982646,31.964006072522146,12,12,0,,1.2627868179771864
tfim_h2.0,"TFIM (J=1, h=2.0)",4,1,baseline,Baseline (HEA),13,3,mean,10.24636620181361,9.216702107624162,7.146227656352457,3.044931759955184,29.286625945249373,12,12,0,,0.7781536481902475
tfim_h2.0,"TFIM (J=1, h=2.0)",4,1,baseline,Baseline (HEA),14,3,mean,11.41010502934652,11.112182756527426,11.278895617290663,0.514487192281139,42.90814967292429,12,12,0,,0.9051509768147321
tfim_h2.0,"TFIM (J=1, h=2.0)",4,1,baseline,Baseline (HEA),15,3,mean,9.573783317447486,6.936176292495429,8.387487733427944,0.24229520505402533,25.597795934410463,12,12,0,,0.8452814075188392
tfim_h2.0,"TFIM (J=1, h=2.0)",4,1,baseline,Baseline (HEA),16,3,mean,15.955911687970037,16.025776633128245,10.054546231840167,0.4559879575288684,33.9821178993494,12,12,0,,1.4401161588425777
tfim_h2.0,"TFIM (J=1, h=2.0)",4,1,baseline,Baseline (HEA),17,3,mean,14.371927218927397,12.920530720164528,9.113550333118866,0.3960970148551934,29.892854499936348,12,12,0,,1.3012404584425252
tfim_h2.0,"TFIM (J=1, h=2.0)",4,1,baseline,Baseline (HEA),18,3,mean,7.354492798742492,5.189126089461115,5.145414994143531,1.185935945332171,16.627373140576974,12,12,0,,0.6153829093936359
tfim_h2.0,"TFIM (J=1, h=2.0)",4,1,baseline,Baseline (HEA),19,3,mean,8.877577758151082,7.4251296994466855,6.026183088785654,1.1637069597327327,19.314381556792554,12,12,0,,0.6909380028001916
tfim_h2.0,"TFIM (J=1, h=2.0)",4,1,baseline,Baseline (HEA),20,3,mean,4.846501539355978,4.000410909169656,4.107071630490472,0.6078923213632154,16.391133669526187,12,12,0,,0.4329580847791425
tfim_h2.0,"TFIM (J=1, h=2.0)",4,1,baseline,Baseline (HEA),21,3,mean,10.32933986759735,9.574761510220654,6.779265345443728,0.6163060441648225,19.931240963755073,12,12,0,,0.772972350148354
tfim_h2.0,"TFIM (J=1, h=2.0)",4,1,baseline,Baseline (HEA),22,3,mean,6.562275502874222,6.3844883224536915,3.879469439184233,0.0631832546399407,11.648905866772946,12,12,0,,0.5804967935024054
tfim_h2.0,"TFIM (J=1, h=2.0)",4,1,baseline,Baseline (HEA),23,3,mean,9.805315411142109,8.972546959563623,6.319739337223682,0.9380033760408181,21.769076753167493,12,12,0,,0.8496413577405136
tfim_h2.0,"TFIM (J=1, h=2.0)",4,1,baseline,Baseline (HEA),24,3,mean,7.326892894134361,5.5679188533734525,6.109992238726223,1.369474213275394,24.886856667028688,12,12,0,,0.7736067181488284
tfim_h2.0,"TFIM (J=1, h=2.0)",4,1,baseline,Baseline (HEA),25,3,mean,13.933277800729776,12.48448114245606,7.739932682538462,1.2413776823375344,28.425752891407953,12,12,0,,1.16124228670281
tfim_h2.0,"TFIM (J=1, h=2.0)",4,1,baseline,Baseline (HEA),26,3,mean,10.301864813821584,11.015577883166262,3.7561347178589357,2.3258844818387514,15.202580023782716,12,12,0,,0.8898153024256285
tfim_h2.0,"TFIM (J=1, h=2.0)",4,1,baseline,Baseline (HEA),27,3,mean,10.496128419358323,9.991583538724662,8.695217832202509,0.15070868714912453,27.60465994600081,12,12,0,,0.7689664565848151
tfim_h2.0,"TFIM (J=1, h=2.0)",4,1,baseline,Baseline (HEA),28,3,mean,12.439663720020087,13.207199852692789,7.450685127854035,1.3282252097166538,28.223326381076795,12,12,0,,1.3049178668968835
tfim_h2.0,"TFIM (J=1, h=2.0)",4,1,baseline,Baseline (HEA),29,3,mean,10.317000732275702,6.808743908880388,9.2915360225777,1.3732024249886778,26.376268566178076,12,12,0,,0.7983168589727959
tfim_h2.0,"TFIM (J=1, h=2.0)",4,1,baseline,Baseline (HEA),30,3,mean,14.057832287394277,11.846181131624023,10.060203764037933,1.4711988361277828,32.909674593055875,12,12,0,,1.279034731704507
tfim_h2.0,"TFIM (J=1, h=2.0)",4,1,baseline,Baseline (HEA),31,3,mean,8.61606726050073,8.905443572686119,6.237832821285237,0.1755768587940396,19.657722150782515,12,12,0,,0.7644687565030663
tfim_h2.0,"TFIM (J=1, h=2.0)",4,1,baseline,Baseline (HEA),32,3,mean,15.302586642160335,9.16123213047462,12.222324542993308,2.587239903458147,37.234613762489765,12,12,0,,1.464133736046101
tfim_h2.0,"TFIM (J=1, h=2.0)",4,1,baseline,Baseline (HEA),33,3,mean,11.32782944852874,10.805156748541041,7.254187903224258,0.8292480750665197,28.363854145268935,12,12,0,,0.956721498761517
tfim_h2.0,"TFIM (J=1, h=2.0)",4,1,baseline,Baseline (HEA),34,3,mean,12.871942404416151,8.239997901905923,10.292872065941566,4.0021149207420885,34.49902436719336,12,12,0,,1.184916211139181
tfim_h2.0,"TFIM (J=1, h=2.0)",4,1,baseline,Baseline (HEA),35,3,mean,9.976486291328602,9.056215761518793,6.287800770513444,0.5530522774309606,22.912039611330492,12,12,0,,0.7655477535801625
tfim_h2.0,"TFIM (J=1, h=2.0)",4,1,baseline,Baseline (HEA),36,3,mean,9.066994259966416,9.020299370853675,6.677288919851495,1.999847080734856,23.396642491896365,12,12,0,,1.0334199658480194
tfim_h2.0,"TFIM (J=1, h=2.0)",4,1,baseline,Baseline (HEA),37,3,mean,12.254948556112877,12.796424437984378,5.40075207083974,2.937734912353208,21.886937496986427,12,12,0,,1.1229397990967762
tfim_h2.0,"TFIM (J=1, h=2.0)",4,1,baseline,Baseline (HEA),38,3,mean,12.910675969628329,12.319255293905607,6.934997077431187,1.3111898932925852,26.28544761824256,12,12,0,,1.1838480490651107
tfim_h2.0,"TFIM (J=1, h=2.0)",4,1,baseline,Baseline (HEA),39,3,mean,9.929654690231411,9.028846529418416,4.978524066116206,3.5312392403950383,19.950989826950956,12,12,0,,0.8141523384694804
tfim_h2.0,"TFIM (J=1, h=2.0)",4,1,baseline,Baseline (HEA),40,3,mean,8.581951287578343,5.1612154649746635,7.79536456301016,0.19795521831679497,24.446441354591506,12,12,0,,0.8158618371844818
tfim_h2.0,"TFIM (J=1, h=2.0)",4,1,baseline,Baseline (HEA),41,3,mean,7.88380831854752,5.189783915967078,9.424215781722065,0.08758439689841728,33.995825707987194,12,12,0,,0.6307488671836408
tfim_h2.0,"TFIM (J=1, h=2.0)",4,1,baseline,Baseline (HEA),42,3,mean,9.8526957541684,8.453295585033025,5.592689687942713,1.9885763919507498,19.623724427937717,12,12,0,,0.7973219122374964
tfim_h2.0,"TFIM (J=1, h=2.0)",4,1,baseline,Baseline (HEA),43,3,mean,12.204973937306136,8.420260580150028,12.841686662709034,0.6295919994794473,38.33266029993375,12,12,0,,1.028925081574504
tfim_h2.0,"TFIM (J=1, h=2.0)",4,1,baseline,Baseline (HEA),44,3,mean,8.995676225960556,7.596670419000086,6.606202489285773,1.1874131252344846,21.931797174254786,12,12,0,,0.926457255713859
tfim_h2.0,"TFIM (J=1, h=2.0)",4,1,baseline,Baseline (HEA),45,3,mean,9.296996602987528,7.718094910040943,7.53367973752054,0.6783875207353839,22.915053008499402,12,12,0,,0.6799114568849124
tfim_h2.0,"TFIM (J=1, h=2.0)",4,1,baseline,Baseline (HEA),46,3,mean,13.00853975939989,11.638739086435013,7.060843747024145,1.2690336248597747,24.323288886774066,12,12,0,,1.1220453717790873
tfim_h2.0,"TFIM (J=1, h=2.0)",4,1,baseline,Baseline (HEA),47,3,mean,7.9680902033868755,6.132216428255351,7.8340579890731945,0.45725059029272375,32.220884725595,12,12,0,,0.6799469793296907
tfim_h2.0,"TFIM (J=1, h=2.0)",4,1,baseline,Baseline (HEA),48,3,mean,10.928479678696746,9.43692016791075,10.854138580533046,1.1447043181561103,43.100343711015725,12,12,0,,0.7962516834563823
tfim_h2.0,"TFIM (J=1, h=2.0)",4,1,baseline,Baseline (HEA),49,3,mean,13.758432245823576,10.941563645393838,9.380218267124734,0.9336647248133062,34.62688793518451,12,12,0,,1.3662990789516904
tfim_h2.0,"TFIM (J=1, h=2.0)",4,2,entanglement_only,Constrained entanglement only,0,3,mean,10.99075135702214,7.692212485110004,7.157463215216785,2.4578936597409715,22.831920820166054,12,12,0,,0.8166825407472809
tfim_h2.0,"TFIM (J=1, h=2.0)",4,2,entanglement_only,Constrained entanglement only,1,3,mean,13.056456570123096,15.180260294423544,9.770235352026186,0.8497048626889808,33.58313334721667,12,12,0,,1.2120565285495735
tfim_h2.0,"TFIM (J=1, h=2.0)",4,2,entanglement_only,Constrained entanglement only,2,3,mean,14.293839072554183,15.001671402226982,6.948372449641203,2.684075436749963,25.226822176077686,12,12,0,,1.067322360617906
tfim_h2.0,"TFIM (J=1, h=2.0)",4,2,entanglement_only,Constrained entanglement only,3,3,mean,11.552581684613672,5.6488185278279115,11.765542946384176,0.45162603170964166,32.29647336051726,12,12,0,,0.894869088390634
tfim_h2.0,"TFIM (J=1, h=2.0)",4,2,entanglement_only,Constrained entanglement only,4,3,mean,15.73967417517086,16.068646697212877,11.164978217357179,1.345309809706154,32.99190182254049,12,12,0,,0.9214803341467693
tfim_h2.0,"TFIM (J=1, h=2.0)",4,2,entanglement_only,Constrained entanglement only,5,3,mean,15.994650270719555,16.438923479782282,8.976802578510538,1.3457795637794518,32.39168583768583,12,12,0,,1.5263082870408218
tfim_h2.0,"TFIM (J=1, h=2.0)",4,2,entanglement_only,Constrained entanglement only,6,3,mean,14.242340033025314,8.266422350029956,16.438038713502337,0.06268979874368479,50.61253022193272,12,12,0,,1.268718386030828
tfim_h2.0,"TFIM (J=1, h=2.0)",4,2,entanglement_only,Constrained entanglement only,7,3,mean,15.561666530374021,12.150790911701842,9.130131216265182,4.795589648476918,30.483454328464443,12,12,0,,1.304853352531481
tfim_h2.0,"TFIM (J=1, h=2.0)",4,2,entanglement_only,Constrained entanglement only,8,3,mean,10.785201426472701,7.696006787135762,9.226327436317948,0.35033391238737377,29.770130871930796,12,12,0,,0.9055233414498947
tfim_h2.0,"TFIM (J=1, h=2.0)",4,2,entanglement_only,Constrained entanglement only,9,3,mean,13.579946428810972,13.341142887032747,6.925318591340383,2.318819188985219,24.488601631584423,12,12,0,,0.7095416864098003
tfim_h2.0,"TFIM (J=1, h=2.0)",4,2,entanglement_only,Constrained entanglement only,10,3,mean,10.152907570300014,9.995528271713763,7.65431982215111,0.7815437749367844,19.551808237558944,12,12,0,,0.7285073226496315
tfim_h2.0,"TFIM (J=1, h=2.0)",4,2,entanglement_only,Constrained entanglement only,11,3,mean,16.27387754004256,17.88405328184525,7.351007045209628,0.41780492340411757,28.906319901155864,12,12,0,,1.5942711100790572
tfim_h2.0,"TFIM (J=1, h=2.0)",4,2,entanglement_only,Constrained entanglement only,12,3,mean,11.865798663738332,11.637733426148618,8.753270216365186,0.11968662147509826,31.18162026308932,12,12,0,,0.8872414008138869
tfim_h2.0,"TFIM (J=1, h=2.0)",4,2,entanglement_only,Constrained entanglement only,13,3,mean,13.729826499620884,8.83811186677568,13.728775347352395,0.10452608089241955,44.03530430161822,12,12,0,,1.161442492373088
tfim_h2.0,"TFIM (J=1, h=2.0)",4,2,entanglement_only,Constrained entanglement only,14,3,mean,8.361807690670632,7.15426591631937,5.823444632758724,0.6715285893396169,23.13310235655528,12,12,0,,0.7198995913573007
tfim_h2.0,"TFIM (J=1, h=2.0)",4,2,entanglement_only,Constrained entanglement only,15,3,mean,11.3821664351075,4.723567544401442,10.536743054924472,2.8043800700104247,34.725000119597475,12,12,0,,1.1183439853634496
tfim_h2.0,"TFIM (J=1, h=2.0)",4,2,entanglement_only,Constrained entanglement only,16,3,mean,14.554309047575407,11.759477818765944,9.561426501314697,4.312490397238695,30.25039220169912,12,12,0,,1.3462379780668963
tfim_h2.0,"TFIM (J=1, h=2.0)",4,2,entanglement_only,Constrained entanglement only,17,3,mean,7.726946440204373,4.203664192603247,5.957257806571063,1.074000946135659,16.891032826135227,12,12,0,,0.5510896218268172
tfim_h2.0,"TFIM (J=1, h=2.0)",4,2,entanglement_only,Constrained entanglement only,18,3,mean,9.708229685197788,7.221431188228948,8.448856925089064,0.10949748786441227,32.415481554822314,12,12,0,,0.8120344023803595
tfim_h2.0,"TFIM (J=1, h=2.0)",4,2,entanglement_only,Constrained entanglement only,19,3,mean,14.270450882644424,11.894680338429303,10.371822773578414,2.6057661293472525,32.83809565258516,12,12,0,,1.4618191592314365
tfim_h2.0,"TFIM (J=1, h=2.0)",4,2,entanglement_only,Constrained entanglement only,20,3,mean,10.864049880084416,6.988751890836423,8.674680800383477,1.7551294409497766,24.393849475980637,12,12,0,,0.8796772660017727
tfim_h2.0,"TFIM (J=1, h=2.0)",4,2,entanglement_only,Constrained entanglement only,21,3,mean,9.162868945007665,5.771234689261438,7.387586647902891,0.6906595354475435,28.69552861226301,12,12,0,,0.5968329035901918
tfim_h2.0,"TFIM (J=1, h=2.0)",4,2,entanglement_only,Constrained entanglement only,22,3,mean,17.479693240451436,13.755131318169777,14.883141638103297,0.9270631401596988,41.27558060299005,12,12,0,,1.3833948488185153
tfim_h2.0,"TFIM (J=1, h=2.0)",4,2,entanglement_only,Constrained entanglement only,23,3,mean,9.486138702958952,4.5566622387278946,8.685144572937435,1.1248045811212792,24.789183726939513,12,12,0,,0.5549331746394709
tfim_h2.0,"TFIM (J=1, h=2.0)",4,2,entanglement_only,Constrained entanglement only,24,3,mean,10.882867192361843,7.56704460949026,8.137869818484234,0.5117630593420125,25.309073482169246,12,12,0,,0.7152864687185518
tfim_h2.0,"TFIM (J=1, h=2.0)",4,2,entanglement_only,Constrained entanglement only,25,3,mean,19.252809498784167,16.49267092156889,14.341994219274042,0.13323379859856135,46.7301028337847,12,12,0,,1.5885788351596444
tfim_h2.0,"TFIM (J=1, h=2.0)",4,2,entanglement_only,Constrained entanglement only,26,3,mean,14.054313411286858,14.801036654089419,6.9069348923205105,2.9576321280436395,24.31366178099542,12,12,0,,0.8760882328897677
tfim_h2.0,"TFIM (J=1, h=2.0)",4,2,entanglement_only,Constrained entanglement only,27,3,mean,17.359453129328543,13.054859751035135,13.872368489543435,1.1221928133856265,43.97584446757811,12,12,0,,1.0467161187199707
tfim_h2.0,"TFIM (J=1, h=2.0)",4,2,entanglement_only,Constrained entanglement only,28,3,mean,11.94356112050918,11.120687592312098,7.95274249617185,3.0170461722561934,28.17163944969309,12,12,0,,1.0272341721740512
tfim_h2.0,"TFIM (J=1, h=2.0)",4,2,entanglement_only,Constrained entanglement only,29,3,mean,13.479458344974196,10.881015958089188,8.692529747902983,1.9888361260681025,27.93489210482817,12,12,0,,0.8197267371433482
tfim_h2.0,"TFIM (J=1, h=2.0)",4,2,entanglement_only,Constrained entanglement only,30,3,mean,17.550024666850337,22.024162290933205,9.217069866949013,0.5573005713844515,26.87533913959885,12,12,0,,1.6387966832245509
tfim_h2.0,"TFIM (J=1, h=2.0)",4,2,entanglement_only,Constrained entanglement only,31,3,mean,10.01540189639133,9.252880629462192,5.825060581568976,2.1347304805647997,26.804325501633517,12,12,0,,0.8115344051991379
tfim_h2.0,"TFIM (J=1, h=2.0)",4,2,entanglement_only,Constrained entanglement only,32,3,mean,11.061480041892876,9.255146673132664,6.210037560769219,3.6223782490760525,22.252933989343344,12,12,0,,1.0274967248672198
tfim_h2.0,"TFIM (J=1, h=2.0)",4,2,entanglement_only,Constrained entanglement only,33,3,mean,14.737930772114181,13.335057761632523,8.823685816099484,2.3909294092992304,27.721079207578672,12,12,0,,1.2627777948995362
tfim_h2.0,"TFIM (J=1, h=2.0)",4,2,entanglement_only,Constrained entanglement only,34,3,mean,15.91976240586469,14.714858816016687,6.45556685257653,9.443073184037061,35.37043288523952,12,12,0,,1.2819226406344812
tfim_h2.0,"TFIM (J=1, h=2.0)",4,2,entanglement_only,Constrained entanglement only,35,3,mean,14.274222677426444,8.223315573036189,11.92324872943376,2.302092735987262,38.708446822719196,12,12,0,,1.3121711856593288
tfim_h2.0,"TFIM (J=1, h=2.0)",4,2,entanglement_only,Constrained entanglement only,36,3,mean,12.283759541355659,6.5682427045119365,13.29236019882469,0.11969457288654793,45.498528792340736,12,12,0,,1.1173092761517507
tfim_h2.0,"TFIM (J=1, h=2.0)",4,2,entanglement_only,Constrained entanglement only,37,3,mean,11.094596169689178,10.002925480247054,7.073776702086699,3.2511029285808273,23.143337741935696,12,12,0,,0.8153139208848046
tfim_h2.0,"TFIM (J=1, h=2.0)",4,2,entanglement_only,Constrained entanglement only,38,3,mean,14.941548182278995,10.899859263221778,12.208150686173052,1.8134595299129759,40.227202286196395,12,12,0,,1.045612902233288
tfim_h2.0,"TFIM (J=1, h=2.0)",4,2,entanglement_only,Constrained entanglement only,39,3,mean,17.625499534962763,12.937518048389101,16.43973527279708,0.05231019001046296,42.00501432134017,12,12,0,,1.2529496211359552
tfim_h2.0,"TFIM (J=1, h=2.0)",4,2,entanglement_only,Constrained entanglement only,40,3,mean,16.334576360974733,13.961469805351424,14.029266585184734,0.6035539952774923,42.71247507732686,12,12,0,,1.275344666600373
tfim_h2.0,"TFIM (J=1, h=2.0)",4,2,entanglement_only,Constrained entanglement only,41,3,mean,12.065334458250227,9.364128081459018,8.808342691327091,1.6706109347521345,27.569732048739564,12,12,0,,0.9833408328907088
tfim_h2.0,"TFIM (J=1, h=2.0)",4,2,entanglement_only,Constrained entanglement only,42,3,mean,15.980790650999937,11.364045731928066,10.603755635030554,6.571075376807663,33.73374338632053,12,12,0,,1.4096936315585307
tfim_h2.0,"TFIM (J=1, h=2.0)",4,2,entanglement_only,Constrained entanglement only,43,3,mean,12.062707412014626,6.313140906695682,12.43992399419968,0.23384365668535595,32.9548555394719,12,12,0,,0.7121483301786259
tfim_h2.0,"TFIM (J=1, h=2.0)",4,2,entanglement_only,Constrained entanglement only,44,3,mean,12.171994821761883,10.660096150113475,9.598726304583767,2.167113950839789,27.576822738833943,12,12,0,,0.8692858997834708
tfim_h2.0,"TFIM (J=1, h=2.0)",4,2,entanglement_only,Constrained entanglement only,45,3,mean,17.603421873067287,7.212839621977794,23.990783629723335,3.0654468205899383,77.95707076882454,12,12,0,,1.2886562726927633
tfim_h2.0,"TFIM (J=1, h=2.0)",4,2,entanglement_only,Constrained entanglement only,46,3,mean,18.36171401306071,19.330675025469226,9.946095869852892,6.112116614212239,38.619197622198946,12,12,0,,1.7411077182222305
tfim_h2.0,"TFIM (J=1, h=2.0)",4,2,entanglement_only,Constrained entanglement only,47,3,mean,16.762109559582186,9.213877644312786,12.67503466900855,5.381081094153082,39.72773078240111,12,12,0,,1.1371606968715449
tfim_h2.0,"TFIM (J=1, h=2.0)",4,2,entanglement_only,Constrained entanglement only,48,3,mean,18.61420437277882,16.285081453752984,12.838683596966096,1.5592845080701534,37.04949270945825,12,12,0,,1.590292101022812
tfim_h2.0,"TFIM (J=1, h=2.0)",4,2,entanglement_only,Constrained entanglement only,49,3,mean,22.919487052591858,8.446833397233375,27.223872359935108,1.6656506198117613,76.54260280748622,12,12,0,,1.3731651374964529
tfim_h2.0,"TFIM (J=1, h=2.0)",4,3,local_cost_only,Local cost function only,0,3,mean,6.764786120138105,4.076951095219552,7.335791457316315,1.2432220538980504e-15,23.919487465455987,12,12,0,,0.1423496575419592
tfim_h2.0,"TFIM (J=1, h=2.0)",4,3,local_cost_only,Local cost function only,1,3,mean,9.846255666402788,1.7967960144415864,22.705592320202108,0.0,83.45941407294114,12,12,0,,0.13316780468058473
tfim_h2.0,"TFIM (J=1, h=2.0)",4,3,local_cost_only,Local cost function only,2,3,mean,13.95097140533757,2.27002861868949,21.737049514597327,0.0,70.1423859560843,12,12,0,,0.21329743882465446
tfim_h2.0,"TFIM (J=1, h=2.0)",4,3,local_cost_only,Local cost function only,3,3,mean,8.954200599331235,6.502880123369417,9.408027843825316,0.0,27.989314738761344,12,12,0,,0.18073997217037274
tfim_h2.0,"TFIM (J=1, h=2.0)",4,3,local_cost_only,Local cost function only,4,3,mean,11.29432006621868,3.264298526211933,17.329440362867295,1.3413580751171663e-15,53.19155968099896,12,12,0,,0.1871631741564003
tfim_h2.0,"TFIM (J=1, h=2.0)",4,3,local_cost_only,Local cost function only,5,3,mean,13.795030061066432,0.2538534206669463,29.96132186703485,0.0,107.02909212549758,12,12,0,,0.1682876842251367
tfim_h2.0,"TFIM (J=1, h=2.0)",4,3,local_cost_only,Local cost function only,6,3,mean,11.876402351361326,6.018711894218259,14.738487346096985,0.0,44.194666181982555,12,12,0,,0.21370720541130614
tfim_h2.0,"TFIM (J=1, h=2.0)",4,3,local_cost_only,Local cost function only,7,3,mean,7.974267053748221,2.2736345515745713,12.426455261010826,0.0,42.07171951269049,12,12,0,,0.14564832465736624
tfim_h2.0,"TFIM (J=1, h=2.0)",4,3,local_cost_only,Local cost function only,8,3,mean,3.484531989618868,2.257682379958207,3.6016333596980625,0.0,10.5377863187892,12,12,0,,0.06934910130145766
tfim_h2.0,"TFIM (J=1, h=2.0)",4,3,local_cost_only,Local cost function only,9,3,mean,12.88452062120046,6.24789790550081,20.426581244902717,1.2418718396996452e-15,76.43322850017184,12,12,0,,0.20666336435972266
tfim_h2.0,"TFIM (J=1, h=2.0)",4,3,local_cost_only,Local cost function only,10,3,mean,5.8625729046598565,4.596101880342715,6.180751574581502,0.0,18.71353528884335,12,12,0,,0.11957952579656476
tfim_h2.0,"TFIM (J=1, h=2.0)",4,3,local_cost_only,Local cost function only,11,3,mean,7.851335834156135,6.649192126789139,9.05200075434723,0.0,33.83266522061688,12,12,0,,0.15561461006375935
tfim_h2.0,"TFIM (J=1, h=2.0)",4,3,local_cost_only,Local cost function only,12,3,mean,14.500511536172304,5.408114394499782,19.841890771396553,0.0,63.60189074831352,12,12,0,,0.23560925802749177
tfim_h2.0,"TFIM (J=1, h=2.0)",4,3,local_cost_only,Local cost function only,13,3,mean,8.41100610574576,1.041755232821354,11.242010075633459,0.0,29.17426332102996,12,12,0,,0.1602010611545219
tfim_h2.0,"TFIM (J=1, h=2.0)",4,3,local_cost_only,Local cost function only,14,3,mean,23.336179316287442,1.707424079134551,57.08405618072846,0.0,210.35923312072552,12,12,0,,0.19778050153809237
tfim_h2.0,"TFIM (J=1, h=2.0)",4,3,local_cost_only,Local cost function only,15,3,mean,13.23780959596734,5.336744362388768,14.904081228732325,0.0,41.01430634289036,12,12,0,,0.2410384957473983
tfim_h2.0,"TFIM (J=1, h=2.0)",4,3,local_cost_only,Local cost function only,16,3,mean,8.597371959367303,6.79979004977602,9.277831849150278,0.0,29.518449262243756,12,12,0,,0.1741222147222913
tfim_h2.0,"TFIM (J=1, h=2.0)",4,3,local_cost_only,Local cost function only,17,3,mean,7.328012906936148,3.916084799467736,8.732542719008299,3.1205030058824703e-16,28.716900329844254,12,12,0,,0.14996951466470862
tfim_h2.0,"TFIM (J=1, h=2.0)",4,3,local_cost_only,Local cost function only,18,3,mean,8.385032440537644,5.641240491780239,8.984664125588504,0.0,26.06946459142549,12,12,0,,0.1666075078063319
tfim_h2.0,"TFIM (J=1, h=2.0)",4,3,local_cost_only,Local cost function only,19,3,mean,9.366734849696499,6.153822332828382,10.942277254858785,0.0,36.35661550223282,12,12,0,,0.18048393918530145
tfim_h2.0,"TFIM (J=1, h=2.0)",4,3,local_cost_only,Local cost function only,20,3,mean,4.756312188449276,5.841433138337052,3.8803435859163606,0.0,11.770994704192848,12,12,0,,0.08386368454124545
tfim_h2.0,"TFIM (J=1, h=2.0)",4,3,local_cost_only,Local cost function only,21,3,mean,9.713857207703835,4.022435755311914,12.831930066987933,3.103219029168533e-16,41.616347311410266,12,12,0,,0.1821123910863627
tfim_h2.0,"TFIM (J=1, h=2.0)",4,3,local_cost_only,Local cost function only,22,3,mean,12.443449019158399,1.6730267202465843,28.125157789031746,6.256630226141769e-16,102.83645204611872,12,12,0,,0.1552907613627982
tfim_h2.0,"TFIM (J=1, h=2.0)",4,3,local_cost_only,Local cost function only,23,3,mean,12.620965238155582,2.8623695901041755,15.38206226892094,0.0,48.22194302687412,12,12,0,,0.22394902676201514
tfim_h2.0,"TFIM (J=1, h=2.0)",4,3,local_cost_only,Local cost function only,24,3,mean,8.631587950843915,2.2389427576217447,11.132500064020483,0.0,34.98840294860835,12,12,0,,0.16201959847480693
tfim_h2.0,"TFIM (J=1, h=2.0)",4,3,local_cost_only,Local cost function only,25,3,mean,9.606402804512008,7.754123327342098,9.274579022550002,0.0,30.76905298537226,12,12,0,,0.19603167425915935
tfim_h2.0,"TFIM (J=1, h=2.0)",4,3,local_cost_only,Local cost function only,26,3,mean,13.313509648391323,3.437733177259805,21.54678526853509,0.0,66.19388352961059,12,12,0,,0.20287478498646005
tfim_h2.0,"TFIM (J=1, h=2.0)",4,3,local_cost_only,Local cost function only,27,3,mean,9.045854957169645,6.691964659744772,9.271861562752596,1.4066501725131665e-15,25.028493005989567,12,12,0,,0.18167591926477136
tfim_h2.0,"TFIM (J=1, h=2.0)",4,3,local_cost_only,Local cost function only,28,3,mean,6.76754356333529,2.2686131630313913,9.833429091030268,6.296504447323989e-16,32.81012354788855,12,12,0,,0.1348344757480927
tfim_h2.0,"TFIM (J=1, h=2.0)",4,3,local_cost_only,Local cost function only,29,3,mean,12.765076269398035,1.2906537371325242,20.115663283469342,3.1033141145213703e-16,54.72508482514332,12,12,0,,0.2019523813469728
tfim_h2.0,"TFIM (J=1, h=2.0)",4,3,local_cost_only,Local cost function only,30,3,mean,10.314768916702944,2.9298213276569607,14.37858526490382,0.0,47.79611150097117,12,12,0,,0.18509302291827665
tfim_h2.0,"TFIM (J=1, h=2.0)",4,3,local_cost_only,Local cost function only,31,3,mean,6.9602991693159595,3.2571617367191337,8.298474954415083,0.0,26.20044668154464,12,12,0,,0.1437952150482266
tfim_h2.0,"TFIM (J=1, h=2.0)",4,3,local_cost_only,Local cost function only,32,3,mean,11.286113524077257,1.4787276976923822,16.772244465277254,0.0,55.70903619294517,12,12,0,,0.19528884342936956
tfim_h2.0,"TFIM (J=1, h=2.0)",4,3,local_cost_only,Local cost function only,33,3,mean,10.7717798498352,2.094020129472219,14.880718536346976,0.0,44.35267858426304,12,12,0,,0.19197736192210688
tfim_h2.0,"TFIM (J=1, h=2.0)",4,3,local_cost_only,Local cost function only,34,3,mean,12.024099756416,4.667677918996754,18.07603529097565,0.0,50.91799099897531,12,12,0,,0.19861311279215854
tfim_h2.0,"TFIM (J=1, h=2.0)",4,3,local_cost_only,Local cost function only,35,3,mean,6.541417306672351,0.41985751604936095,9.49490545052073,0.0,26.99317739292345,12,12,0,,0.12831667729451043
tfim_h2.0,"TFIM (J=1, h=2.0)",4,3,local_cost_only,Local cost function only,36,3,mean,6.630701911727692,1.0623101195707068,9.257275732399735,0.0,24.037980540279474,12,12,0,,0.13227619836514146
tfim_h2.0,"TFIM (J=1, h=2.0)",4,3,local_cost_only,Local cost function only,37,3,mean,12.36206061594084,6.157591102144897,18.45851277282465,0.0,67.14939340454677,12,12,0,,0.20264703284550958
tfim_h2.0,"TFIM (J=1, h=2.0)",4,3,local_cost_only,Local cost function only,38,3,mean,14.298667945696076,2.7693062702157856,25.39754133248368,6.39315502233247e-16,79.32370353411315,12,12,0,,0.1976397328376844
tfim_h2.0,"TFIM (J=1, h=2.0)",4,3,local_cost_only,Local cost function only,39,3,mean,7.831822107115893,7.717398581607103,7.265638532557708,0.0,20.7226937328522,12,12,0,,0.15648831058456972
tfim_h2.0,"TFIM (J=1, h=2.0)",4,3,local_cost_only,Local cost function only,40,3,mean,9.616913851835813,1.4512243577695203,14.63418795620336,0.0,51.198195297033344,12,12,0,,0.17358136013848355
tfim_h2.0,"TFIM (J=1, h=2.0)",4,3,local_cost_only,Local cost function only,41,3,mean,16.044234702503406,11.757318836796887,16.519267676874875,9.330727887289286e-16,52.31630310165468,12,12,0,,0.2801180855181561
tfim_h2.0,"TFIM (J=1, h=2.0)",4,3,local_cost_only,Local cost function only,42,3,mean,5.672042857874021,3.6756359972094974,6.477206461143966,0.0,19.38047639398423,12,12,0,,0.11116159590365426
tfim_h2.0,"TFIM (J=1, h=2.0)",4,3,local_cost_only,Local cost function only,43,3,mean,14.18034075730115,0.7176619844402068,27.725697586345163,0.0,95.06050527988927,12,12,0,,0.18376236634410045
tfim_h2.0,"TFIM (J=1, h=2.0)",4,3,local_cost_only,Local cost function only,44,3,mean,8.989455052086823,12.119395071471173,6.919608944343967,0.0,18.83368887131252,12,12,0,,0.1816994938830946
tfim_h2.0,"TFIM (J=1, h=2.0)",4,3,local_cost_only,Local cost function only,45,3,mean,14.757981606356816,6.9537268969364865,20.987052933318537,1.2991700987800112e-15,73.25031983906965,12,12,0,,0.2376347137174404
tfim_h2.0,"TFIM (J=1, h=2.0)",4,3,local_cost_only,Local cost function only,46,3,mean,9.95557092203092,9.26827240618006,10.83733017017894,0.0,36.86128442009952,12,12,0,,0.19779413805835966
tfim_h2.0,"TFIM (J=1, h=2.0)",4,3,local_cost_only,Local cost function only,47,3,mean,8.402572708331496,5.13227585124258,9.065679814394969,0.0,27.765572825283975,12,12,0,,0.15423701571982296
tfim_h2.0,"TFIM (J=1, h=2.0)",4,3,local_cost_only,Local cost function only,48,3,mean,7.6430532293813584,4.861430246784252,9.148376380912394,0.0,24.706237835005215,12,12,0,,0.14627604757563226
tfim_h2.0,"TFIM (J=1, h=2.0)",4,3,local_cost_only,Local cost function only,49,3,mean,10.070440354172241,1.7205084967224988,13.706025450875044,1.283734321624862e-15,43.856360770819386,12,12,0,,0.18637100478059695
tfim_h2.0,"TFIM (J=1, h=2.0)",4,5,entanglement_local,Entanglement + local cost,0,3,mean,14.869513597299283,2.1879207929834044,24.774673010540397,0.0,84.2026451337647,12,12,0,,0.21188313906570863
tfim_h2.0,"TFIM (J=1, h=2.0)",4,5,entanglement_local,Entanglement + local cost,1,3,mean,3.8874533663932653,0.9276052463549879,5.362955592323548,0.0,13.056141420698488,12,12,0,,0.07709985715305417
tfim_h2.0,"TFIM (J=1, h=2.0)",4,5,entanglement_local,Entanglement + local cost,2,3,mean,6.4698058886014875,1.5395644361696066,14.697570615159837,0.0,54.53476126388359,12,12,0,,0.10346678537276773
tfim_h2.0,"TFIM (J=1, h=2.0)",4,5,entanglement_local,Entanglement + local cost,3,3,mean,8.13107188879725,1.2755883492851876,10.626715734466854,0.0,28.32736512523722,12,12,0,,0.15700330302327345
tfim_h2.0,"TFIM (J=1, h=2.0)",4,5,entanglement_local,Entanglement + local cost,4,3,mean,15.096717113339379,0.24841055694936184,24.320004241141785,0.0,65.28294981645267,12,12,0,,0.2143304463883334
tfim_h2.0,"TFIM (J=1, h=2.0)",4,5,entanglement_local,Entanglement + local cost,5,3,mean,9.327302747538843,0.09398134904794743,16.070518735659952,0.0,55.11804856600653,12,12,0,,0.15567161030882423
tfim_h2.0,"TFIM (J=1, h=2.0)",4,5,entanglement_local,Entanglement + local cost,6,3,mean,12.167590290908016,2.686573307830473,14.99268498772892,0.0,35.74138306146072,12,12,0,,0.2178334337018439
tfim_h2.0,"TFIM (J=1, h=2.0)",4,5,entanglement_local,Entanglement + local cost,7,3,mean,3.879558693911744,0.04975860956629575,7.21666096908805,0.0,25.504875701949505,12,12,0,,0.077398513677381
tfim_h2.0,"TFIM (J=1, h=2.0)",4,5,entanglement_local,Entanglement + local cost,8,3,mean,8.350219894005631,0.6881888571245729,13.869996037965688,0.0,39.81445892190044,12,12,0,,0.15112581180764842
tfim_h2.0,"TFIM (J=1, h=2.0)",4,5,entanglement_local,Entanglement + local cost,9,3,mean,10.997006572403512,0.7554628065471194,17.48912001115511,3.3902178540943562e-15,45.29894480371071,12,12,0,,0.1797651081053273
tfim_h2.0,"TFIM (J=1, h=2.0)",4,5,entanglement_local,Entanglement + local cost,10,3,mean,11.04749120435379,1.5237795673377938,18.942970805265052,0.0,53.70210226685602,12,12,0,,0.1680356005831601
tfim_h2.0,"TFIM (J=1, h=2.0)",4,5,entanglement_local,Entanglement + local cost,11,3,mean,9.376657803265788,3.3811156153652586,11.524197130714716,0.0,32.730540907916534,12,12,0,,0.181810716662675
tfim_h2.0,"TFIM (J=1, h=2.0)",4,5,entanglement_local,Entanglement + local cost,12,3,mean,6.874433323915105,0.5976678398899805,11.762955467925712,0.0,38.610565259135655,12,12,0,,0.12915349589512382
tfim_h2.0,"TFIM (J=1, h=2.0)",4,5,entanglement_local,Entanglement + local cost,13,3,mean,14.753472566166119,1.7776109387591263,24.48534449210998,0.0,82.84940759341292,12,12,0,,0.21477917575871885
tfim_h2.0,"TFIM (J=1, h=2.0)",4,5,entanglement_local,Entanglement + local cost,14,3,mean,6.491904334576199,1.078957706179314,9.30926419435246,0.0,25.27987915627916,12,12,0,,0.12425854536477528
tfim_h2.0,"TFIM (J=1, h=2.0)",4,5,entanglement_local,Entanglement + local cost,15,3,mean,9.710629715532619,1.4052863201206887,13.939731462191537,0.0,44.971408187504906,12,12,0,,0.16922877431075467
tfim_h2.0,"TFIM (J=1, h=2.0)",4,5,entanglement_local,Entanglement + local cost,16,3,mean,12.144426081474087,4.9676470216028195,15.469279806521438,0.0,53.605213831331234,12,12,0,,0.21857732204357064
tfim_h2.0,"TFIM (J=1, h=2.0)",4,5,entanglement_local,Entanglement + local cost,17,3,mean,3.8576994609962374,0.05256991335767246,7.35189874819008,0.0,21.147242932958704,12,12,0,,0.0697290102184787
tfim_h2.0,"TFIM (J=1, h=2.0)",4,5,entanglement_local,Entanglement + local cost,18,3,mean,12.66393415584929,9.39237189688529,13.314446318482627,0.0,38.944986823560136,12,12,0,,0.23337253365048324
tfim_h2.0,"TFIM (J=1, h=2.0)",4,5,entanglement_local,Entanglement + local cost,19,3,mean,14.764058573937499,4.642434760439264,22.73314010238087,0.0,71.52943419034038,12,12,0,,0.2228669177900778
tfim_h2.0,"TFIM (J=1, h=2.0)",4,5,entanglement_local,Entanglement + local cost,20,3,mean,9.643121948805595,2.2048836414924295,20.600277511872147,6.230491756219954e-16,75.77167221755775,12,12,0,,0.1430804495779174
tfim_h2.0,"TFIM (J=1, h=2.0)",4,5,entanglement_local,Entanglement + local cost,21,3,mean,8.663411898698753,11.500556801261101,7.622362301345092,3.1129674093485317e-16,19.026817752060477,12,12,0,,0.18194601408802183
tfim_h2.0,"TFIM (J=1, h=2.0)",4,5,entanglement_local,Entanglement + local cost,22,3,mean,23.721335589826975,1.2357006629882272,42.37710462880527,0.0,134.09209834010247,12,12,0,,0.23948932307120677
tfim_h2.0,"TFIM (J=1, h=2.0)",4,5,entanglement_local,Entanglement + local cost,23,3,mean,9.703873742462575,1.2540752425232675,13.738744488993543,0.0,41.17570131190184,12,12,0,,0.1709756202031202
tfim_h2.0,"TFIM (J=1, h=2.0)",4,5,entanglement_local,Entanglement + local cost,24,3,mean,6.561317552222904,4.294176025839414,7.554459291148966,0.0,23.779358083634087,12,12,0,,0.13512545677615487
tfim_h2.0,"TFIM (J=1, h=2.0)",4,5,entanglement_local,Entanglement + local cost,25,3,mean,7.588307661304067,5.09651372130542,8.457980021453558,0.0,26.527857841163687,12,12,0,,0.1574009534045296
tfim_h2.0,"TFIM (J=1, h=2.0)",4,5,entanglement_local,Entanglement + local cost,26,3,mean,16.025019280796762,1.3271051940463332,19.797908000027697,6.292605668463358e-16,51.64521955614011,12,12,0,,0.26443629554916254
tfim_h2.0,"TFIM (J=1, h=2.0)",4,5,entanglement_local,Entanglement + local cost,27,3,mean,3.379448469320637,0.6485500653274765,5.521687710150548,0.0,18.056917770118496,12,12,0,,0.06716631261195044
tfim_h2.0,"TFIM (J=1, h=2.0)",4,5,entanglement_local,Entanglement + local cost,28,3,mean,8.056011024919366,5.00629643245699,9.204851644411013,0.0,24.5096628952867,12,12,0,,0.16505323347060433
tfim_h2.0,"TFIM (J=1, h=2.0)",4,5,entanglement_local,Entanglement + local cost,29,3,mean,14.65670838334133,1.0068533399779858,30.532659225115612,6.281016861629315e-16,111.54029938516298,12,12,0,,0.18520919340711106
tfim_h2.0,"TFIM (J=1, h=2.0)",4,5,entanglement_local,Entanglement + local cost,30,3,mean,10.603312239688085,1.4255906259957913,18.756203691129514,0.0,67.40216973862599,12,12,0,,0.17227434069209083
tfim_h2.0,"TFIM (J=1, h=2.0)",4,5,entanglement_local,Entanglement + local cost,31,3,mean,9.89571083236905,5.480968133476319,11.629694721211596,6.211100040392071e-16,37.6823753453817,12,12,0,,0.1931604056626187
tfim_h2.0,"TFIM (J=1, h=2.0)",4,5,entanglement_local,Entanglement + local cost,32,3,mean,5.983925950880093,1.8197738156812626,12.099232129458239,0.0,44.80513419812716,12,12,0,,0.10608475827290154
tfim_h2.0,"TFIM (J=1, h=2.0)",4,5,entanglement_local,Entanglement + local cost,33,3,mean,31.213345463273566,1.0961838862226803,56.81267275018868,0.0,178.400917887529,12,12,0,,0.2493769269490531
tfim_h2.0,"TFIM (J=1, h=2.0)",4,5,entanglement_local,Entanglement + local cost,34,3,mean,19.766026886757988,2.2981542714143894,33.79295020316588,0.0,92.10126024292207,12,12,0,,0.22855490657847657
tfim_h2.0,"TFIM (J=1, h=2.0)",4,5,entanglement_local,Entanglement + local cost,35,3,mean,6.264182264714157,2.2097734890562473,11.19902050364109,1.380674106866976e-15,41.34239348679641,12,12,0,,0.11630006306400602
tfim_h2.0,"TFIM (J=1, h=2.0)",4,5,entanglement_local,Entanglement + local cost,36,3,mean,7.473741476211657,5.437652434859908,8.0226013526886,0.0,22.582117890203367,12,12,0,,0.15471178447558362
tfim_h2.0,"TFIM (J=1, h=2.0)",4,5,entanglement_local,Entanglement + local cost,37,3,mean,11.29418490899677,7.574616485997742,11.963226314929514,0.0,35.887151041192,12,12,0,,0.21777223451049488
tfim_h2.0,"TFIM (J=1, h=2.0)",4,5,entanglement_local,Entanglement + local cost,38,3,mean,35.89379345889623,0.7187349809477541,72.75225044222086,0.0,205.58565441337055,12,12,0,,0.22030279118129878
tfim_h2.0,"TFIM (J=1, h=2.0)",4,5,entanglement_local,Entanglement + local cost,39,3,mean,8.23864256666181,3.582421334284228,10.091614756831975,0.0,25.316692032432645,12,12,0,,0.16472678278701014
tfim_h2.0,"TFIM (J=1, h=2.0)",4,5,entanglement_local,Entanglement + local cost,40,3,mean,9.372951186256486,2.628267713464116,14.588185757599982,6.309317429500181e-16,52.62039291927387,12,12,0,,0.16908471136298867
tfim_h2.0,"TFIM (J=1, h=2.0)",4,5,entanglement_local,Entanglement + local cost,41,3,mean,17.688654573720974,4.770891674004048,22.591688287121123,0.0,58.2023889221218,12,12,0,,0.2633038577105459
tfim_h2.0,"TFIM (J=1, h=2.0)",4,5,entanglement_local,Entanglement + local cost,42,3,mean,10.142981699546441,0.6438153344004327,23.386196374537402,0.0,85.95779226368276,12,12,0,,0.1380070093303713
tfim_h2.0,"TFIM (J=1, h=2.0)",4,5,entanglement_local,Entanglement + local cost,43,3,mean,22.106768707915762,0.34808388710126714,53.02665781510819,0.0,193.59409028538562,12,12,0,,0.1912290424220647
tfim_h2.0,"TFIM (J=1, h=2.0)",4,5,entanglement_local,Entanglement + local cost,44,3,mean,3.6874599189740156,2.1909018455214464,4.130347082451571,0.0,11.726614851979509,12,12,0,,0.06428370694811857
tfim_h2.0,"TFIM (J=1, h=2.0)",4,5,entanglement_local,Entanglement + local cost,45,3,mean,13.220113556889807,3.9209085614768986,18.497604413588626,0.0,54.663998240941915,12,12,0,,0.22273183709443456
tfim_h2.0,"TFIM (J=1, h=2.0)",4,5,entanglement_local,Entanglement + local cost,46,3,mean,9.300766838141492,8.641214140028135,9.040613333141444,0.0,26.11679473438715,12,12,0,,0.19162357605635025
tfim_h2.0,"TFIM (J=1, h=2.0)",4,5,entanglement_local,Entanglement + local cost,47,3,mean,7.233133804187354,1.099689699401774,12.236201481750362,0.0,38.39347858874307,12,12,0,,0.13199014880010146
tfim_h2.0,"TFIM (J=1, h=2.0)",4,5,entanglement_local,Entanglement + local cost,48,3,mean,10.294626426206168,3.103401763538688,15.904718472299761,0.0,47.0830787916359,12,12,0,,0.1798332994044802
tfim_h2.0,"TFIM (J=1, h=2.0)",4,5,entanglement_local,Entanglement + local cost,49,3,mean,5.4281607998217405,3.260282194533131,6.951167056079684,0.0,24.246466605052937,12,12,0,,0.10792191273463643
tfim_h2.0,"TFIM (J=1, h=2.0)",10,1,baseline,Baseline (HEA),0,3,mean,3.51311748088138,2.183225780058778,3.1666673298213177,0.023018190773299134,12.955306747686242,30,30,0,,0.5096854464568039
tfim_h2.0,"TFIM (J=1, h=2.0)",10,1,baseline,Baseline (HEA),1,3,mean,3.894199469029199,3.0162216766802272,3.3133683067134494,0.06196059780240837,13.66373726373903,30,30,0,,0.553341221552662
tfim_h2.0,"TFIM (J=1, h=2.0)",10,1,baseline,Baseline (HEA),2,3,mean,3.989170573643047,3.704171776441063,2.746502613054848,0.02682778410509409,9.750629792391154,30,30,0,,0.6000482380555372
tfim_h2.0,"TFIM (J=1, h=2.0)",10,1,baseline,Baseline (HEA),3,3,mean,4.909874948556597,2.995926800205133,4.5997559051244785,0.0058579329724756934,20.416994528066553,30,30,0,,0.7440693205886507
tfim_h2.0,"TFIM (J=1, h=2.0)",10,1,baseline,Baseline (HEA),4,3,mean,5.012239195939221,3.4753835679983385,4.251717584361117,0.5489091152969368,16.043614879773365,30,30,0,,0.7571646841498758
tfim_h2.0,"TFIM (J=1, h=2.0)",10,1,baseline,Baseline (HEA),5,3,mean,4.2885034497621835,3.108237439096997,3.7495410817959907,0.03687678134354165,14.853622807743713,30,30,0,,0.6086575279313101
tfim_h2.0,"TFIM (J=1, h=2.0)",10,1,baseline,Baseline (HEA),6,3,mean,5.2829592395414,4.3862076015853555,4.758600520280517,0.04889024741396229,18.410354939340813,30,30,0,,0.7392968963193464
tfim_h2.0,"TFIM (J=1, h=2.0)",10,1,baseline,Baseline (HEA),7,3,mean,3.9345559764638995,2.8687082432785584,3.2430936716708025,0.1127213334694857,12.582417509147337,30,30,0,,0.5129373685725118
tfim_h2.0,"TFIM (J=1, h=2.0)",10,1,baseline,Baseline (HEA),8,3,mean,5.371837863486992,4.57446690154606,4.239526016975276,0.03171201725438686,14.484986882333063,30,30,0,,0.8903541426548832
tfim_h2.0,"TFIM (J=1, h=2.0)",10,1,baseline,Baseline (HEA),9,3,mean,4.7488898735893645,3.8666794767478634,3.245929531748664,0.6748353557017353,13.121369441338665,30,30,0,,0.6989201036646805
tfim_h2.0,"TFIM (J=1, h=2.0)",10,1,baseline,Baseline (HEA),10,3,mean,4.413023507818978,4.034606728187787,2.664775074421806,0.2709122142251024,10.674359035421727,30,30,0,,0.6795574556509607
tfim_h2.0,"TFIM (J=1, h=2.0)",10,1,baseline,Baseline (HEA),11,3,mean,6.410226037028817,4.8100987503611305,4.084415263441631,0.9053385416620476,17.873511960090088,30,30,0,,0.9247046181382422
tfim_h2.0,"TFIM (J=1, h=2.0)",10,1,baseline,Baseline (HEA),12,3,mean,5.458834629733419,5.179705271325387,3.3725419368674356,0.36382549050649327,15.060790945812663,30,30,0,,0.735855081213741
tfim_h2.0,"TFIM (J=1, h=2.0)",10,1,baseline,Baseline (HEA),13,3,mean,3.7119085247315207,3.0622185012250496,2.841692387765853,0.1451270240108595,8.887419879508705,30,30,0,,0.5987601329139665
tfim_h2.0,"TFIM (J=1, h=2.0)",10,1,baseline,Baseline (HEA),14,3,mean,4.016181687626618,3.233975339737894,2.9480951010084024,0.13087515023354415,12.681600390649265,30,30,0,,0.6003512656202931
tfim_h2.0,"TFIM (J=1, h=2.0)",10,1,baseline,Baseline (HEA),15,3,mean,4.329567257372465,4.031491575650124,3.2295371494445537,0.2804134749848256,13.898825618387248,30,30,0,,0.6190218082618858
tfim_h2.0,"TFIM (J=1, h=2.0)",10,1,baseline,Baseline (HEA),16,3,mean,4.593525856708165,4.5025502849536885,3.2523368212331643,0.006260726498593566,12.64967612389431,30,30,0,,0.6324114680674209
tfim_h2.0,"TFIM (J=1, h=2.0)",10,1,baseline,Baseline (HEA),17,3,mean,4.289979865489775,3.7915139438442633,3.4981446532559466,0.40576285370201604,17.561141261063874,30,30,0,,0.6617095046440649
tfim_h2.0,"TFIM (J=1, h=2.0)",10,1,baseline,Baseline (HEA),18,3,mean,3.9077349646312354,2.265914139423717,3.82060076190731,0.032029077046727514,13.518606949300482,30,30,0,,0.5653812368407872
tfim_h2.0,"TFIM (J=1, h=2.0)",10,1,baseline,Baseline (HEA),19,3,mean,5.036692830457493,4.262104204971607,4.049274697775902,0.03108645549123433,14.594982883832564,30,30,0,,0.759521156920304
tfim_h2.0,"TFIM (J=1, h=2.0)",10,1,baseline,Baseline (HEA),20,3,mean,4.153512860276509,3.445900953358261,2.8820033894870445,0.1713870806430793,12.98985733768814,30,30,0,,0.61842398188834
tfim_h2.0,"TFIM (J=1, h=2.0)",10,1,baseline,Baseline (HEA),21,3,mean,4.426048027500029,2.8116373426887584,5.028257981165916,0.3027459659276175,24.165550566576925,30,30,0,,0.6257529349012922
tfim_h2.0,"TFIM (J=1, h=2.0)",10,1,baseline,Baseline (HEA),22,3,mean,4.248651924013479,3.9809161390883574,3.279879721524498,0.2866986027083739,14.39221279717781,30,30,0,,0.5970754641352848
tfim_h2.0,"TFIM (J=1, h=2.0)",10,1,baseline,Baseline (HEA),23,3,mean,4.839260329900094,3.531493763800226,4.1104413982908365,0.5033498077178512,15.391405959172994,30,30,0,,0.7519952055038583
tfim_h2.0,"TFIM (J=1, h=2.0)",10,1,baseline,Baseline (HEA),24,3,mean,4.6082049787797486,3.9702090939481023,4.411658865067653,0.1959133026036831,19.85496534205532,30,30,0,,0.6878954734812115
tfim_h2.0,"TFIM (J=1, h=2.0)",10,1,baseline,Baseline (HEA),25,3,mean,5.379603724937596,5.11932933696887,3.615552453843183,0.1400005202146926,14.591355582056732,30,30,0,,0.7822192011062088
tfim_h2.0,"TFIM (J=1, h=2.0)",10,1,baseline,Baseline (HEA),26,3,mean,4.827281761052336,3.8373720885329248,4.045886937862932,0.16191611791057062,18.136798451494016,30,30,0,,0.6808509709238262
tfim_h2.0,"TFIM (J=1, h=2.0)",10,1,baseline,Baseline (HEA),27,3,mean,4.554527779996099,3.9706212688890457,3.3489780821061523,0.19824418563318405,15.178344935092923,30,30,0,,0.5754225172820508
tfim_h2.0,"TFIM (J=1, h=2.0)",10,1,baseline,Baseline (HEA),28,3,mean,4.624971963315582,3.252360682096521,4.609341233460986,0.14137905730016664,17.106368945188418,30,30,0,,0.7517934641468844
tfim_h2.0,"TFIM (J=1, h=2.0)",10,1,baseline,Baseline (HEA),29,3,mean,4.419741652112832,2.855126428349906,4.890358708380844,0.12690041136688515,21.30901686432448,30,30,0,,0.6751993059596876
tfim_h2.0,"TFIM (J=1, h=2.0)",10,1,baseline,Baseline (HEA),30,3,mean,3.9355156044694692,2.541538959071623,3.397056233535304,0.14694020901634022,11.433442655854126,30,30,0,,0.6129648329896363
tfim_h2.0,"TFIM (J=1, h=2.0)",10,1,baseline,Baseline (HEA),31,3,mean,5.138242578496684,4.0530877421175635,3.7544894294050604,0.11805378946351484,15.665053619513902,30,30,0,,0.8294002104062596
tfim_h2.0,"TFIM (J=1, h=2.0)",10,1,baseline,Baseline (HEA),32,3,mean,3.850868898983309,3.1944355955658494,2.660206368723879,0.1740513385848454,9.984999654012581,30,30,0,,0.5728622887671988
tfim_h2.0,"TFIM (J=1, h=2.0)",10,1,baseline,Baseline (HEA),33,3,mean,3.745858119877951,2.5679809594083474,3.280522871366626,0.007124268313784841,11.615044069337735,30,30,0,,0.620926564347295
tfim_h2.0,"TFIM (J=1, h=2.0)",10,1,baseline,Baseline (HEA),34,3,mean,5.1401963331589196,3.850608716792668,4.03996939540216,0.12028927013120305,14.861378642160112,30,30,0,,0.693299937994941
tfim_h2.0,"TFIM (J=1, h=2.0)",10,1,baseline,Baseline (HEA),35,3,mean,3.6982452253829985,2.761563651982416,3.2641515657201556,0.42724366106040423,13.021163308378755,30,30,0,,0.6021127898308172
tfim_h2.0,"TFIM (J=1, h=2.0)",10,1,baseline,Baseline (HEA),36,3,mean,4.9776782004167766,4.159421458841103,4.240500039837049,0.03791291825411888,14.598793895499547,30,30,0,,0.7460138123631717
tfim_h2.0,"TFIM (J=1, h=2.0)",10,1,baseline,Baseline (HEA),37,3,mean,5.484246892776417,4.748907694939011,3.6346234984342134,0.8786147035536691,13.955691329329586,30,30,0,,0.8105773858188434
tfim_h2.0,"TFIM (J=1, h=2.0)",10,1,baseline,Baseline (HEA),38,3,mean,4.180641125628764,3.7446376502513914,3.121360087063043,0.14828952452277924,10.333749131776445,30,30,0,,0.533010067867586
tfim_h2.0,"TFIM (J=1, h=2.0)",10,1,baseline,Baseline (HEA),39,3,mean,5.81700074684155,4.797556644519679,4.6548574439524,0.18996442762801266,15.551244211509518,30,30,0,,0.8069727459704326
tfim_h2.0,"TFIM (J=1, h=2.0)",10,1,baseline,Baseline (HEA),40,3,mean,4.70189058933599,2.9896581446572865,4.439256612477263,0.055622593516954526,18.573657953280577,30,30,0,,0.6878442511370398
tfim_h2.0,"TFIM (J=1, h=2.0)",10,1,baseline,Baseline (HEA),41,3,mean,4.962612494988211,3.93831378118962,3.3020753424496356,0.3414266605465369,14.735868362086993,30,30,0,,0.7987972180936403
tfim_h2.0,"TFIM (J=1, h=2.0)",10,1,baseline,Baseline (HEA),42,3,mean,4.084496977259007,3.4167186532617992,3.662750031777349,0.02137534876684312,15.726390321721176,30,30,0,,0.5678770746275623
tfim_h2.0,"TFIM (J=1, h=2.0)",10,1,baseline,Baseline (HEA),43,3,mean,5.97615071282753,4.578957782624187,4.940004361042941,0.8107426999201505,22.684694969845633,30,30,0,,0.9085629913648564
tfim_h2.0,"TFIM (J=1, h=2.0)",10,1,baseline,Baseline (HEA),44,3,mean,5.768489888934588,3.7266128173748116,5.43370358551714,0.044630409271012354,18.85419987708878,30,30,0,,0.8255630521004154
tfim_h2.0,"TFIM (J=1, h=2.0)",10,1,baseline,Baseline (HEA),45,3,mean,5.271393742069836,4.303451987726856,3.8340312883927075,0.15308681291635665,13.181340803432386,30,30,0,,0.8304088311465176
tfim_h2.0,"TFIM (J=1, h=2.0)",10,1,baseline,Baseline (HEA),46,3,mean,4.406382870531388,3.2516207552804084,3.5883466992149207,0.4297646715958942,14.786000708002462,30,30,0,,0.6242099660650159
tfim_h2.0,"TFIM (J=1, h=2.0)",10,1,baseline,Baseline (HEA),47,3,mean,4.289046692434729,2.067625246727075,5.82771435225965,0.07785881729778,24.476990221624405,30,30,0,,0.5927843462750707
tfim_h2.0,"TFIM (J=1, h=2.0)",10,1,baseline,Baseline (HEA),48,3,mean,5.835387567292483,5.237444555588113,4.121941994300613,0.1875369097476469,15.694976938327821,30,30,0,,0.8278459544747999
tfim_h2.0,"TFIM (J=1, h=2.0)",10,1,baseline,Baseline (HEA),49,3,mean,3.611854045627717,3.0704684303455005,3.23058450452257,0.009924720651625604,14.391421530734176,30,30,0,,0.5469621937449622
tfim_h2.0,"TFIM (J=1, h=2.0)",10,2,entanglement_only,Constrained entanglement only,0,3,mean,9.354439539840335,7.554121334869338,6.064832886244948,1.4006815572077265,26.371103405315907,30,30,0,,1.3246944204483393
tfim_h2.0,"TFIM (J=1, h=2.0)",10,2,entanglement_only,Constrained entanglement only,1,3,mean,7.0244804782295995,6.23664984899322,5.294882112030445,0.012377676826196688,17.269031599766556,30,30,0,,0.7902076347164474
tfim_h2.0,"TFIM (J=1, h=2.0)",10,2,entanglement_only,Constrained entanglement only,2,3,mean,7.178089697456722,5.511164605325802,6.24737845797765,0.03808545967560941,22.60347015175233,30,30,0,,1.0909690670819665
tfim_h2.0,"TFIM (J=1, h=2.0)",10,2,entanglement_only,Constrained entanglement only,3,3,mean,7.476502629659235,5.9569443977636425,5.829657481599888,0.3881531157768769,19.723140012309617,30,30,0,,0.9157812438571841
tfim_h2.0,"TFIM (J=1, h=2.0)",10,2,entanglement_only,Constrained entanglement only,4,3,mean,7.486967297017049,5.198826125482468,4.969646212313828,0.05835660010028066,19.741900781574397,30,30,0,,1.0524450850075984
tfim_h2.0,"TFIM (J=1, h=2.0)",10,2,entanglement_only,Constrained entanglement only,5,3,mean,7.951142220460346,6.494076364749078,5.268978991011555,0.4905258302777075,17.561495990970112,30,30,0,,0.9879589349623725
tfim_h2.0,"TFIM (J=1, h=2.0)",10,2,entanglement_only,Constrained entanglement only,6,3,mean,7.367543069074547,5.952112804666621,5.076422166631058,0.2534846392202255,19.397702088632197,30,30,0,,0.895266769793764
tfim_h2.0,"TFIM (J=1, h=2.0)",10,2,entanglement_only,Constrained entanglement only,7,3,mean,7.507270626565078,5.611484738349086,7.176837193319139,0.029651597001767376,29.584605200934956,30,30,0,,1.122870739105332
tfim_h2.0,"TFIM (J=1, h=2.0)",10,2,entanglement_only,Constrained entanglement only,8,3,mean,6.859253468863754,3.680394717925804,6.931656281423477,0.438436168879701,22.88831028237948,30,30,0,,0.9529431694674365
tfim_h2.0,"TFIM (J=1, h=2.0)",10,2,entanglement_only,Constrained entanglement only,9,3,mean,7.8713227373386,6.25411492583112,5.602309235760021,0.5416121483870349,23.196564747377145,30,30,0,,1.0854202957079222
tfim_h2.0,"TFIM (J=1, h=2.0)",10,2,entanglement_only,Constrained entanglement only,10,3,mean,8.269522785820037,9.070223921326516,5.516284598454134,0.10912672284525525,19.954449118392915,30,30,0,,1.113812445772485
tfim_h2.0,"TFIM (J=1, h=2.0)",10,2,entanglement_only,Constrained entanglement only,11,3,mean,8.22801574288395,7.181395470961946,4.849147380688301,0.4467515673467322,19.293118695423104,30,30,0,,1.0462431735355837
tfim_h2.0,"TFIM (J=1, h=2.0)",10,2,entanglement_only,Constrained entanglement only,12,3,mean,8.738626784372428,6.9271075304839975,8.422764031304377,0.0944279700102391,32.762528117016316,30,30,0,,1.1164889320930433
tfim_h2.0,"TFIM (J=1, h=2.0)",10,2,entanglement_only,Constrained entanglement only,13,3,mean,6.600754334297061,4.71388087781364,5.745483834656628,0.3700046399168222,24.599602890759765,30,30,0,,0.8697819834758324
tfim_h2.0,"TFIM (J=1, h=2.0)",10,2,entanglement_only,Constrained entanglement only,14,3,mean,7.224529698299578,5.110676894349236,5.293688479488357,1.3647733103116002,20.464368106607196,30,30,0,,1.228530702004307
tfim_h2.0,"TFIM (J=1, h=2.0)",10,2,entanglement_only,Constrained entanglement only,15,3,mean,5.6182611105854505,5.696568471928115,3.4850092336118226,0.3803949489301312,17.72654880314026,30,30,0,,0.6852552399504611
tfim_h2.0,"TFIM (J=1, h=2.0)",10,2,entanglement_only,Constrained entanglement only,16,3,mean,7.116390637753438,4.6824931429381165,5.556290305145319,0.3206617883226731,20.03254744039739,30,30,0,,0.7632538673353967
tfim_h2.0,"TFIM (J=1, h=2.0)",10,2,entanglement_only,Constrained entanglement only,17,3,mean,7.590869769481651,5.939098789811551,4.991048999139471,1.0527064102428658,23.791468736522138,30,30,0,,1.2060504428685337
tfim_h2.0,"TFIM (J=1, h=2.0)",10,2,entanglement_only,Constrained entanglement only,18,3,mean,6.102041793524482,6.054705019486021,4.113686378962789,0.20218055312692612,15.728520070982213,30,30,0,,0.7076506655173751
tfim_h2.0,"TFIM (J=1, h=2.0)",10,2,entanglement_only,Constrained entanglement only,19,3,mean,6.952862501715732,6.629791987941987,4.892683573484346,0.2192668780170754,21.090434553698582,30,30,0,,1.119318899797629
tfim_h2.0,"TFIM (J=1, h=2.0)",10,2,entanglement_only,Constrained entanglement only,20,3,mean,6.168351218163768,5.0052440556877045,4.679439846065819,0.8920156955446011,20.96340857072151,30,30,0,,0.7535757053782984
tfim_h2.0,"TFIM (J=1, h=2.0)",10,2,entanglement_only,Constrained entanglement only,21,3,mean,7.783726386001899,7.58564999550763,4.615640457173941,0.29564073524160994,21.46811552951204,30,30,0,,0.9939365665982071
tfim_h2.0,"TFIM (J=1, h=2.0)",10,2,entanglement_only,Constrained entanglement only,22,3,mean,9.497806090633373,6.920519006757107,6.648185746830844,1.126894750238374,23.19242666273745,30,30,0,,1.6299645824132614
tfim_h2.0,"TFIM (J=1, h=2.0)",10,2,entanglement_only,Constrained entanglement only,23,3,mean,9.200808300657258,9.8865130173474,4.983762930040597,0.4633601254368149,20.8696536956015,30,30,0,,1.0362249317679348
tfim_h2.0,"TFIM (J=1, h=2.0)",10,2,entanglement_only,Constrained entanglement only,24,3,mean,6.599077154325519,4.713427705556693,6.3874017838721615,0.15502680583948572,27.017423576416245,30,30,0,,0.7415557589387869
tfim_h2.0,"TFIM (J=1, h=2.0)",10,2,entanglement_only,Constrained entanglement only,25,3,mean,7.046579287633936,5.860630357250603,5.34558512818864,0.025717224390189586,20.868854492261097,30,30,0,,0.8961998784238239
tfim_h2.0,"TFIM (J=1, h=2.0)",10,2,entanglement_only,Constrained entanglement only,26,3,mean,8.041037481089953,4.675722580738146,7.272520182652679,0.17684216390405946,30.38926782393739,30,30,0,,1.2952729622927517
tfim_h2.0,"TFIM (J=1, h=2.0)",10,2,entanglement_only,Constrained entanglement only,27,3,mean,8.469556753146142,7.729283615495606,6.882247937989364,0.17683368510819644,24.20856128217505,30,30,0,,1.0549890444481884
tfim_h2.0,"TFIM (J=1, h=2.0)",10,2,entanglement_only,Constrained entanglement only,28,3,mean,6.5254867341262885,4.367622712554959,5.5706169488119075,0.41690241417984136,23.97934334421038,30,30,0,,0.8458977598731477
tfim_h2.0,"TFIM (J=1, h=2.0)",10,2,entanglement_only,Constrained entanglement only,29,3,mean,7.893742587584309,6.0894456646569575,6.072539884681826,0.540100327543694,21.383359598473582,30,30,0,,0.9255030787997887
tfim_h2.0,"TFIM (J=1, h=2.0)",10,2,entanglement_only,Constrained entanglement only,30,3,mean,6.658779412913325,6.021202672568197,4.498130008413932,0.25511742367829104,18.98861949919865,30,30,0,,0.8863639109614695
tfim_h2.0,"TFIM (J=1, h=2.0)",10,2,entanglement_only,Constrained entanglement only,31,3,mean,7.771389520089477,6.3802327921979805,5.822353003741829,0.5796552684291694,19.78950867525792,30,30,0,,1.059473586894552
tfim_h2.0,"TFIM (J=1, h=2.0)",10,2,entanglement_only,Constrained entanglement only,32,3,mean,6.363907902072976,5.207161479709596,3.7006364358433124,1.2952038999552768,13.920696375423665,30,30,0,,0.8947371553431623
tfim_h2.0,"TFIM (J=1, h=2.0)",10,2,entanglement_only,Constrained entanglement only,33,3,mean,6.584362849760014,4.888868638349718,6.905715157414449,0.16081548782448066,36.475980142927064,30,30,0,,1.065809951065844
tfim_h2.0,"TFIM (J=1, h=2.0)",10,2,entanglement_only,Constrained entanglement only,34,3,mean,8.536852668150352,6.352762658378767,6.8031197233800125,0.005773595328121944,21.601555466374784,30,30,0,,1.1246256200887845
tfim_h2.0,"TFIM (J=1, h=2.0)",10,2,entanglement_only,Constrained entanglement only,35,3,mean,6.775498766469107,6.032560375136262,4.029352379906119,0.07961857760056401,19.904012381888464,30,30,0,,0.8545669297670053
tfim_h2.0,"TFIM (J=1, h=2.0)",10,2,entanglement_only,Constrained entanglement only,36,3,mean,7.729423417617289,5.6867969902555195,5.769320018559391,0.11914935007645248,19.757936411351608,30,30,0,,1.1912160080499825
tfim_h2.0,"TFIM (J=1, h=2.0)",10,2,entanglement_only,Constrained entanglement only,37,3,mean,5.8512785397868985,1.8532333519071562,6.790041232782222,0.08258989694277459,22.754486612761298,30,30,0,,0.6569076559275916
tfim_h2.0,"TFIM (J=1, h=2.0)",10,2,entanglement_only,Constrained entanglement only,38,3,mean,8.06045242070596,7.6333083456288175,4.40652670895168,0.023774877315337048,16.596257523852703,30,30,0,,1.1773405345510117
tfim_h2.0,"TFIM (J=1, h=2.0)",10,2,entanglement_only,Constrained entanglement only,39,3,mean,9.314263509175841,6.450535744545105,8.383142273545852,0.7054712071901819,31.86757362695197,30,30,0,,1.1307113340483559
tfim_h2.0,"TFIM (J=1, h=2.0)",10,2,entanglement_only,Constrained entanglement only,40,3,mean,8.032874399353835,7.245053032213896,4.495357406675124,0.9219835281362637,20.388200454916692,30,30,0,,1.004356591245149
tfim_h2.0,"TFIM (J=1, h=2.0)",10,2,entanglement_only,Constrained entanglement only,41,3,mean,7.678170976230019,6.550029292121676,4.915743155393529,0.39705957831458183,20.470941092289802,30,30,0,,1.0832573579907858
tfim_h2.0,"TFIM (J=1, h=2.0)",10,2,entanglement_only,Constrained entanglement only,42,3,mean,6.465452870813878,5.535762809666636,5.93701232067379,0.6973279592501904,22.903582933590556,30,30,0,,0.7847152242145873
tfim_h2.0,"TFIM (J=1, h=2.0)",10,2,entanglement_only,Constrained entanglement only,43,3,mean,8.274646189995243,6.542433296562497,7.252646690672831,0.6663037364817033,26.74615313206246,30,30,0,,1.1158979355099536
tfim_h2.0,"TFIM (J=1, h=2.0)",10,2,entanglement_only,Constrained entanglement only,44,3,mean,6.897656430297912,4.9410351800610925,6.029168872106379,0.13293395612217343,22.093675267458995,30,30,0,,1.0984116050032766
tfim_h2.0,"TFIM (J=1, h=2.0)",10,2,entanglement_only,Constrained entanglement only,45,3,mean,7.961642092103334,4.853521216242534,6.447248813876643,1.1139133105414691,24.67347879759302,30,30,0,,1.2034639889930594
tfim_h2.0,"TFIM (J=1, h=2.0)",10,2,entanglement_only,Constrained entanglement only,46,3,mean,9.321753779639897,8.735093297434819,5.971579864006462,0.2470975738691452,23.715817327134506,30,30,0,,1.3571013393088158
tfim_h2.0,"TFIM (J=1, h=2.0)",10,2,entanglement_only,Constrained entanglement only,47,3,mean,5.712116581759764,6.223091358127566,3.9365210366064374,0.03775341103605641,12.869682560972935,30,30,0,,0.5774273304792443
tfim_h2.0,"TFIM (J=1, h=2.0)",10,2,entanglement_only,Constrained entanglement only,48,3,mean,6.888692661593932,3.7224304856460955,8.594430351223108,0.030907694413093555,31.305126013722262,30,30,0,,0.8189766118147378
tfim_h2.0,"TFIM (J=1, h=2.0)",10,2,entanglement_only,Constrained entanglement only,49,3,mean,5.899750924636636,4.7652470413425245,5.769208613645974,0.10682399047460908,24.984874170985567,30,30,0,,0.8152872587170529
tfim_h2.0,"TFIM (J=1, h=2.0)",10,3,local_cost_only,Local cost function only,0,3,mean,2.8652113372839634,1.8662893089716302e-15,8.901845313368478,0.0,44.38629366053867,30,30,0,,0.05247045616259655
tfim_h2.0,"TFIM (J=1, h=2.0)",10,3,local_cost_only,Local cost function only,1,3,mean,2.1440577162813153,2.331777625353548e-15,4.655045974153049,1.5545184169023653e-16,21.143484888393232,30,30,0,,0.0457917707240412
tfim_h2.0,"TFIM (J=1, h=2.0)",10,3,local_cost_only,Local cost function only,2,3,mean,3.758803777072358,2.871112541845734e-15,9.718663820364757,0.0,36.68335767510971,30,30,0,,0.06864720826963416
tfim_h2.0,"TFIM (J=1, h=2.0)",10,3,local_cost_only,Local cost function only,3,3,mean,6.114598644419701,1.8685807330619024e-15,19.234965746885035,0.0,93.62198905899564,30,30,0,,0.08062556045328503
tfim_h2.0,"TFIM (J=1, h=2.0)",10,3,local_cost_only,Local cost function only,4,3,mean,2.0498499017962204,3.799887934550522e-15,5.688963950247631,0.0,28.519553809605476,30,30,0,,0.039488630122291736
tfim_h2.0,"TFIM (J=1, h=2.0)",10,3,local_cost_only,Local cost function only,5,3,mean,6.646496073130598,1.305438618351416e-15,24.840714834500865,0.0,123.38196978599638,30,30,0,,0.06508713558926174
tfim_h2.0,"TFIM (J=1, h=2.0)",10,3,local_cost_only,Local cost function only,6,3,mean,3.7691845791320797,6.3436354965866595e-15,7.360725188158109,0.0,27.23850745586888,30,30,0,,0.07362013270412267
tfim_h2.0,"TFIM (J=1, h=2.0)",10,3,local_cost_only,Local cost function only,7,3,mean,6.075776730316407,1.8938744616435784e-15,15.7619990922055,0.0,78.09594476624673,30,30,0,,0.09589833899460341
tfim_h2.0,"TFIM (J=1, h=2.0)",10,3,local_cost_only,Local cost function only,8,3,mean,3.8336140269587893,3.2589239708807934e-15,9.02798086245472,0.0,27.66857770303577,30,30,0,,0.07069323685672053
tfim_h2.0,"TFIM (J=1, h=2.0)",10,3,local_cost_only,Local cost function only,9,3,mean,2.2266130243097333,1.111116446387128e-14,4.005366212801342,0.0,12.983310722346076,30,30,0,,0.043105717768550766
tfim_h2.0,"TFIM (J=1, h=2.0)",10,3,local_cost_only,Local cost function only,10,3,mean,4.329078360868446,2.5979371858920765e-15,8.00054887967583,0.0,25.186818585573903,30,30,0,,0.08752989822152576
tfim_h2.0,"TFIM (J=1, h=2.0)",10,3,local_cost_only,Local cost function only,11,3,mean,3.388428173444013,1.253757781084302e-15,10.574253531941476,0.0,46.738058862391206,30,30,0,,0.05827558407241776
tfim_h2.0,"TFIM (J=1, h=2.0)",10,3,local_cost_only,Local cost function only,12,3,mean,2.975096670750822,4.241654651847436e-15,6.535278756437042,0.0,26.732383153712743,30,30,0,,0.053276207955477
tfim_h2.0,"TFIM (J=1, h=2.0)",10,3,local_cost_only,Local cost function only,13,3,mean,6.346307209015197,1.2871610013338666e-15,13.367183856427648,0.0,50.07415201762791,30,30,0,,0.10926682530638931
tfim_h2.0,"TFIM (J=1, h=2.0)",10,3,local_cost_only,Local cost function only,14,3,mean,4.08162928637655,1.7869021653841022e-15,7.926987916734219,0.0,30.650815370613092,30,30,0,,0.0815081718425485
tfim_h2.0,"TFIM (J=1, h=2.0)",10,3,local_cost_only,Local cost function only,15,3,mean,3.765622844482373,2.8386302489273236e-15,7.654083885022338,0.0,30.257155718917506,30,30,0,,0.07428600274355084
tfim_h2.0,"TFIM (J=1, h=2.0)",10,3,local_cost_only,Local cost function only,16,3,mean,2.5383958505240747,6.1443842672376125e-15,5.71296385751475,0.0,26.083927018592064,30,30,0,,0.048843528964420076
tfim_h2.0,"TFIM (J=1, h=2.0)",10,3,local_cost_only,Local cost function only,17,3,mean,2.5481057415703323,1.2629873638902992e-15,6.270004476826862,0.0,26.76347728734468,30,30,0,,0.05198684284467631
tfim_h2.0,"TFIM (J=1, h=2.0)",10,3,local_cost_only,Local cost function only,18,3,mean,4.6072535126851255,4.277297948868753e-15,9.806750957100405,0.0,43.11501354768906,30,30,0,,0.08735379578742615
tfim_h2.0,"TFIM (J=1, h=2.0)",10,3,local_cost_only,Local cost function only,19,3,mean,2.6538158027958976,7.841714392937956e-15,6.370374598551353,0.0,30.79313828821053,30,30,0,,0.05179626552741845
tfim_h2.0,"TFIM (J=1, h=2.0)",10,3,local_cost_only,Local cost function only,20,3,mean,1.5541122170352966,9.348453862848436e-15,3.690898540091935,0.0,15.846691947105125,30,30,0,,0.029880732445789784
tfim_h2.0,"TFIM (J=1, h=2.0)",10,3,local_cost_only,Local cost function only,21,3,mean,3.481262433709013,2.7317669302712147e-15,7.13776685554076,0.0,25.072735995190808,30,30,0,,0.06998233993729362
tfim_h2.0,"TFIM (J=1, h=2.0)",10,3,local_cost_only,Local cost function only,22,3,mean,1.4823304408256346,6.779679557857436e-15,4.321047026969591,0.0,23.27565411931031,30,30,0,,0.028954764687039815
tfim_h2.0,"TFIM (J=1, h=2.0)",10,3,local_cost_only,Local cost function only,23,3,mean,2.601158573952183,3.634654969113073e-15,5.198644617138856,0.0,17.871856108018942,30,30,0,,0.05181292818569164
tfim_h2.0,"TFIM (J=1, h=2.0)",10,3,local_cost_only,Local cost function only,24,3,mean,3.799178652180181,1.4072477448245528e-15,8.40143192370233,0.0,35.222801102712396,30,30,0,,0.07464917311054839
tfim_h2.0,"TFIM (J=1, h=2.0)",10,3,local_cost_only,Local cost function only,25,3,mean,4.0116494060962165,1.3013435781249846e-15,7.560824412393235,0.0,27.966665209297116,30,30,0,,0.081357340122862
tfim_h2.0,"TFIM (J=1, h=2.0)",10,3,local_cost_only,Local cost function only,26,3,mean,5.516677288997676,1.2442399336726343e-15,12.520306466077743,0.0,44.4155105406966,30,30,0,,0.0964993120795528
tfim_h2.0,"TFIM (J=1, h=2.0)",10,3,local_cost_only,Local cost function only,27,3,mean,4.83668157506652,2.0643532979141404e-15,13.025242759115317,0.0,66.67142005396681,30,30,0,,0.0780264315749784
tfim_h2.0,"TFIM (J=1, h=2.0)",10,3,local_cost_only,Local cost function only,28,3,mean,4.7492299095056465,2.790645061217158e-15,15.093120881943403,0.0,71.20993073797335,30,30,0,,0.06924670953109603
tfim_h2.0,"TFIM (J=1, h=2.0)",10,3,local_cost_only,Local cost function only,29,3,mean,4.897689791745871,1.4752736304486283e-15,11.33137088786299,0.0,40.08925776210504,30,30,0,,0.08909930639654963
tfim_h2.0,"TFIM (J=1, h=2.0)",10,3,local_cost_only,Local cost function only,30,3,mean,3.3189056343278,3.1949467857163478e-15,6.50129042022662,0.0,25.006699319674233,30,30,0,,0.06618131972523073
tfim_h2.0,"TFIM (J=1, h=2.0)",10,3,local_cost_only,Local cost function only,31,3,mean,3.171442926892055,6.945638502669748e-15,8.744182686388536,0.0,38.061955042433205,30,30,0,,0.059053818823273936
tfim_h2.0,"TFIM (J=1, h=2.0)",10,3,local_cost_only,Local cost function only,32,3,mean,3.172438965210757,6.663699381632107e-15,8.378593464842286,0.0,34.4747112421765,30,30,0,,0.05867945865736043
tfim_h2.0,"TFIM (J=1, h=2.0)",10,3,local_cost_only,Local cost function only,33,3,mean,3.491039447778657,2.6381054016567276e-15,9.024800588078353,1.5518267068568986e-16,46.38527356721804,30,30,0,,0.0658541297268698
tfim_h2.0,"TFIM (J=1, h=2.0)",10,3,local_cost_only,Local cost function only,34,3,mean,5.502562046145527,1.9218505061084905e-15,15.311765793265497,0.0,69.82118409055231,30,30,0,,0.08444339168883115
tfim_h2.0,"TFIM (J=1, h=2.0)",10,3,local_cost_only,Local cost function only,35,3,mean,2.941473181470051,1.0922639222754076e-15,7.684910662937291,0.0,38.961613635997765,30,30,0,,0.05736664008382491
tfim_h2.0,"TFIM (J=1, h=2.0)",10,3,local_cost_only,Local cost function only,36,3,mean,4.031087820671883,1.600946027771171e-15,8.591876474280676,0.0,35.68664966007236,30,30,0,,0.07779210549487793
tfim_h2.0,"TFIM (J=1, h=2.0)",10,3,local_cost_only,Local cost function only,37,3,mean,4.289497169778152,5.8395204030460095e-15,11.05061897956563,0.0,44.89244301896859,30,30,0,,0.07099392673270992
tfim_h2.0,"TFIM (J=1, h=2.0)",10,3,local_cost_only,Local cost function only,38,3,mean,3.747486116033452,3.2823305697103773e-15,7.725699864735018,0.0,29.349957909697977,30,30,0,,0.07550757039437284
tfim_h2.0,"TFIM (J=1, h=2.0)",10,3,local_cost_only,Local cost function only,39,3,mean,3.1478076349911412,3.182868489902613e-15,6.732270032487341,0.0,25.250286393128253,30,30,0,,0.06205371718042601
tfim_h2.0,"TFIM (J=1, h=2.0)",10,3,local_cost_only,Local cost function only,40,3,mean,3.8318894098352816,1.2742229839788273e-15,7.121536709846421,0.0,21.795676609072327,30,30,0,,0.07816537790112932
tfim_h2.0,"TFIM (J=1, h=2.0)",10,3,local_cost_only,Local cost function only,41,3,mean,4.076135982222307,3.2548378090461183e-15,10.285860600997681,0.0,47.65362767186624,30,30,0,,0.07261790674012682
tfim_h2.0,"TFIM (J=1, h=2.0)",10,3,local_cost_only,Local cost function only,42,3,mean,2.718259906385597,4.340695738487165e-15,6.6324282960365455,0.0,29.162840289828278,30,30,0,,0.05169459020247143
tfim_h2.0,"TFIM (J=1, h=2.0)",10,3,local_cost_only,Local cost function only,43,3,mean,5.468494905655863,4.181804142783497e-15,15.737855785986197,0.0,70.37264493620623,30,30,0,,0.07855663582972669
tfim_h2.0,"TFIM (J=1, h=2.0)",10,3,local_cost_only,Local cost function only,44,3,mean,4.028811472126621,1.8797088416151644e-15,8.812821513687297,0.0,37.8830837308999,30,30,0,,0.07861294776987847
tfim_h2.0,"TFIM (J=1, h=2.0)",10,3,local_cost_only,Local cost function only,45,3,mean,5.269332091171988,4.778613508192573e-15,10.43411118220454,0.0,35.42048393643491,30,30,0,,0.09760640298876457
tfim_h2.0,"TFIM (J=1, h=2.0)",10,3,local_cost_only,Local cost function only,46,3,mean,2.774090991352121,1.9401554898159986e-15,7.092697080683798,0.0,32.56944460271702,30,30,0,,0.054841503502899076
tfim_h2.0,"TFIM (J=1, h=2.0)",10,3,local_cost_only,Local cost function only,47,3,mean,4.40342963059692,1.2524371975133945e-15,16.530437397132918,0.0,91.0265550907563,30,30,0,,0.05905299001575648
tfim_h2.0,"TFIM (J=1, h=2.0)",10,3,local_cost_only,Local cost function only,48,3,mean,3.8165200560250385,6.188671081337578e-15,8.709740716871742,0.0,34.36350019421393,30,30,0,,0.07287023981735613
tfim_h2.0,"TFIM (J=1, h=2.0)",10,3,local_cost_only,Local cost function only,49,3,mean,1.5645968372369843,1.2265715895984374e-14,3.003750122660217,0.0,11.406161843781733,30,30,0,,0.028585868773449687
tfim_h2.0,"TFIM (J=1, h=2.0)",10,5,entanglement_local,Entanglement + local cost,0,3,mean,4.140140695433562,3.00093340573087e-15,9.491291739846142,0.0,40.640326379219644,30,30,0,,0.07830730860241332
tfim_h2.0,"TFIM (J=1, h=2.0)",10,5,entanglement_local,Entanglement + local cost,1,3,mean,4.19937736191202,2.8678642305419913e-15,11.093298701121011,0.0,53.69681536906238,30,30,0,,0.07427140346868558
tfim_h2.0,"TFIM (J=1, h=2.0)",10,5,entanglement_local,Entanglement + local cost,2,3,mean,2.4075338287703945,3.984302214583364e-15,6.365127583054517,0.0,28.99864211131117,30,30,0,,0.044766770405366065
tfim_h2.0,"TFIM (J=1, h=2.0)",10,5,entanglement_local,Entanglement + local cost,3,3,mean,11.307655563850648,1.5567833408253917e-15,44.32393115090332,0.0,239.67771821242815,30,30,0,,0.08155363428830818
tfim_h2.0,"TFIM (J=1, h=2.0)",10,5,entanglement_local,Entanglement + local cost,4,3,mean,1.8627885873324552,9.87397396138041e-15,4.608688013385354,0.0,17.115890652195453,30,30,0,,0.0387501214368396
tfim_h2.0,"TFIM (J=1, h=2.0)",10,5,entanglement_local,Entanglement + local cost,5,3,mean,4.8264770406716915,2.3436321186952633e-15,21.076985009924375,0.0,117.3415337903149,30,30,0,,0.05103352161784592
tfim_h2.0,"TFIM (J=1, h=2.0)",10,5,entanglement_local,Entanglement + local cost,6,3,mean,2.931433386136389,6.885930902514996e-15,8.880616401617644,0.0,44.741031185461296,30,30,0,,0.05289234536379806
tfim_h2.0,"TFIM (J=1, h=2.0)",10,5,entanglement_local,Entanglement + local cost,7,3,mean,3.122164989816423,2.768273957608231e-15,7.1758716627245605,0.0,28.659773744788616,30,30,0,,0.06139893272700007
tfim_h2.0,"TFIM (J=1, h=2.0)",10,5,entanglement_local,Entanglement + local cost,8,3,mean,3.836737480544402,2.5417275048499958e-15,8.628691577103018,6.354318762124989e-16,36.47299491968081,30,30,0,,0.07545270200151204
tfim_h2.0,"TFIM (J=1, h=2.0)",10,5,entanglement_local,Entanglement + local cost,9,3,mean,5.426401053644554,2.6524351330692742e-15,12.09182709354603,0.0,40.22683517744076,30,30,0,,0.09740335827271007
tfim_h2.0,"TFIM (J=1, h=2.0)",10,5,entanglement_local,Entanglement + local cost,10,3,mean,2.6801368683409397,6.7109055336568216e-15,7.897947774481252,0.0,42.21533883046373,30,30,0,,0.04763375590039827
tfim_h2.0,"TFIM (J=1, h=2.0)",10,5,entanglement_local,Entanglement + local cost,11,3,mean,4.126561628162806,1.5724848409652957e-15,11.737966687256149,0.0,47.63556702165326,30,30,0,,0.07052481466349494
tfim_h2.0,"TFIM (J=1, h=2.0)",10,5,entanglement_local,Entanglement + local cost,12,3,mean,5.018832887666522,1.474234573049384e-15,20.90668356774008,0.0,115.91966501275958,30,30,0,,0.05584456449391329
tfim_h2.0,"TFIM (J=1, h=2.0)",10,5,entanglement_local,Entanglement + local cost,13,3,mean,4.77756973783153,2.6206913202639786e-15,10.123245442665215,0.0,36.37829988926715,30,30,0,,0.09153814530252921
tfim_h2.0,"TFIM (J=1, h=2.0)",10,5,entanglement_local,Entanglement + local cost,14,3,mean,3.0167456289396077,2.9345217341085133e-15,6.250384108241329,0.0,19.158808417779753,30,30,0,,0.059796972113303475
tfim_h2.0,"TFIM (J=1, h=2.0)",10,5,entanglement_local,Entanglement + local cost,15,3,mean,2.6983061999051183,5.210407622021728e-15,5.667562989861513,0.0,23.493404914078763,30,30,0,,0.04958204625082171
tfim_h2.0,"TFIM (J=1, h=2.0)",10,5,entanglement_local,Entanglement + local cost,16,3,mean,2.876188369078602,6.075910348147263e-15,6.076228109422575,0.0,18.86067797013538,30,30,0,,0.05932148279219455
tfim_h2.0,"TFIM (J=1, h=2.0)",10,5,entanglement_local,Entanglement + local cost,17,3,mean,5.252530626580834,2.7242938331768482e-15,13.421199822922832,0.0,56.46694204890963,30,30,0,,0.08518983268404995
tfim_h2.0,"TFIM (J=1, h=2.0)",10,5,entanglement_local,Entanglement + local cost,18,3,mean,3.144039482138097,6.655284724391208e-15,9.691041873349732,0.0,48.217121706607195,30,30,0,,0.05486671663060703
tfim_h2.0,"TFIM (J=1, h=2.0)",10,5,entanglement_local,Entanglement + local cost,19,3,mean,1.8232736542623116,3.974666476672947e-15,4.840770350636543,0.0,22.099657037289923,30,30,0,,0.036720100822581106
tfim_h2.0,"TFIM (J=1, h=2.0)",10,5,entanglement_local,Entanglement + local cost,20,3,mean,2.5054552890461634,1.2878545021326896e-15,8.174670787510754,0.0,35.80311273359957,30,30,0,,0.046135493323281186
tfim_h2.0,"TFIM (J=1, h=2.0)",10,5,entanglement_local,Entanglement + local cost,21,3,mean,3.651192861643767,2.4916721634362045e-15,7.865549974535884,0.0,26.625260490360922,30,30,0,,0.07291920142474237
tfim_h2.0,"TFIM (J=1, h=2.0)",10,5,entanglement_local,Entanglement + local cost,22,3,mean,3.0678260221909954,6.293886600066296e-15,7.868701514392749,0.0,34.793086651597264,30,30,0,,0.05884004642762661
tfim_h2.0,"TFIM (J=1, h=2.0)",10,5,entanglement_local,Entanglement + local cost,23,3,mean,4.760301252003598,1.5567498785559745e-15,10.708183211871624,0.0,40.00430500349459,30,30,0,,0.08821825689692615
tfim_h2.0,"TFIM (J=1, h=2.0)",10,5,entanglement_local,Entanglement + local cost,24,3,mean,2.195229452203799,3.178243608388288e-15,5.963707947038651,0.0,29.62605365166982,30,30,0,,0.04255557718624877
tfim_h2.0,"TFIM (J=1, h=2.0)",10,5,entanglement_local,Entanglement + local cost,25,3,mean,3.181211415766309,2.560173631465355e-15,6.793678338066595,0.0,25.98918383796948,30,30,0,,0.0650458224950386
tfim_h2.0,"TFIM (J=1, h=2.0)",10,5,entanglement_local,Entanglement + local cost,26,3,mean,6.293554554425254,2.84727025961751e-15,15.760988514600449,0.0,55.13779909777014,30,30,0,,0.09279275886983976
tfim_h2.0,"TFIM (J=1, h=2.0)",10,5,entanglement_local,Entanglement + local cost,27,3,mean,3.2698555661936877,6.689170316568798e-15,6.581434325306965,0.0,20.520664540745337,30,30,0,,0.06068195095069139
tfim_h2.0,"TFIM (J=1, h=2.0)",10,5,entanglement_local,Entanglement + local cost,28,3,mean,3.9523051847060438,1.2527384820480259e-15,8.165680423243908,0.0,27.538878172796128,30,30,0,,0.07869442761216043
tfim_h2.0,"TFIM (J=1, h=2.0)",10,5,entanglement_local,Entanglement + local cost,29,3,mean,4.679657585375302,3.239576082027242e-15,10.93709512946014,0.0,36.3025618851042,30,30,0,,0.08433797907456271
tfim_h2.0,"TFIM (J=1, h=2.0)",10,5,entanglement_local,Entanglement + local cost,30,3,mean,3.4788531711273203,2.871886768101988e-15,10.20525778465919,0.0,52.378965627683655,30,30,0,,0.0616119074309993
tfim_h2.0,"TFIM (J=1, h=2.0)",10,5,entanglement_local,Entanglement + local cost,31,3,mean,2.4431369086206205,7.675032889536378e-15,6.345801492777146,0.0,27.064580976103276,30,30,0,,0.04921405564625273
tfim_h2.0,"TFIM (J=1, h=2.0)",10,5,entanglement_local,Entanglement + local cost,32,3,mean,4.0296179969782795,2.57325092046527e-15,8.494430203933165,0.0,33.59616783954349,30,30,0,,0.07913141423552424
tfim_h2.0,"TFIM (J=1, h=2.0)",10,5,entanglement_local,Entanglement + local cost,33,3,mean,1.5270769798099322,9.507434080207718e-15,4.126529413798419,0.0,19.173588494791556,30,30,0,,0.029086151513964938
tfim_h2.0,"TFIM (J=1, h=2.0)",10,5,entanglement_local,Entanglement + local cost,34,3,mean,4.4424589555423495,2.6318069998791e-15,16.009717041046294,0.0,88.14638393675982,30,30,0,,0.06102794738589186
tfim_h2.0,"TFIM (J=1, h=2.0)",10,5,entanglement_local,Entanglement + local cost,35,3,mean,2.9682143660596267,1.1639158930538493e-15,6.518722660336054,7.759439287025662e-17,24.66917492797465,30,30,0,,0.06140252179641818
tfim_h2.0,"TFIM (J=1, h=2.0)",10,5,entanglement_local,Entanglement + local cost,36,3,mean,4.104381663888871,1.9290953554076287e-15,8.576891942791187,0.0,35.15891262702629,30,30,0,,0.08063411165678931
tfim_h2.0,"TFIM (J=1, h=2.0)",10,5,entanglement_local,Entanglement + local cost,37,3,mean,3.3720971320200186,3.3162346283596397e-15,8.495900284315098,0.0,29.420192137556825,30,30,0,,0.06190769330573196
tfim_h2.0,"TFIM (J=1, h=2.0)",10,5,entanglement_local,Entanglement + local cost,38,3,mean,4.806950809216664,4.722358140498429e-15,11.303836568986927,0.0,39.07086980062275,30,30,0,,0.08556724406026159
tfim_h2.0,"TFIM (J=1, h=2.0)",10,5,entanglement_local,Entanglement + local cost,39,3,mean,4.0532252197289,5.004834983364605e-15,9.215152835937703,0.0,35.701283489813235,30,30,0,,0.0783482724448523
tfim_h2.0,"TFIM (J=1, h=2.0)",10,5,entanglement_local,Entanglement + local cost,40,3,mean,2.448220521645616,3.7319217958699225e-15,4.903521666130666,0.0,19.458659735985435,30,30,0,,0.046744606469471504
tfim_h2.0,"TFIM (J=1, h=2.0)",10,5,entanglement_local,Entanglement + local cost,41,3,mean,11.766407564408883,2.5728598178051758e-15,34.08221388951687,0.0,130.83744865057042,30,30,0,,0.10123801174874221
tfim_h2.0,"TFIM (J=1, h=2.0)",10,5,entanglement_local,Entanglement + local cost,42,3,mean,3.729057902538368,2.5808247665597815e-15,11.783338162896095,0.0,63.349291223498106,30,30,0,,0.06175741599374026
tfim_h2.0,"TFIM (J=1, h=2.0)",10,5,entanglement_local,Entanglement + local cost,43,3,mean,6.1606852668833785,2.0980730794284644e-15,18.682405319567817,1.5541282069840477e-16,93.62805123235408,30,30,0,,0.08532939714042455
tfim_h2.0,"TFIM (J=1, h=2.0)",10,5,entanglement_local,Entanglement + local cost,44,3,mean,3.8680359394373918,1.3739355059464187e-15,8.337305596904786,0.0,33.94939476470862,30,30,0,,0.07421540099630934
tfim_h2.0,"TFIM (J=1, h=2.0)",10,5,entanglement_local,Entanglement + local cost,45,3,mean,5.701972592839123,1.7155444548192336e-15,12.904224597238619,0.0,47.92370463802295,30,30,0,,0.09928393646588499
tfim_h2.0,"TFIM (J=1, h=2.0)",10,5,entanglement_local,Entanglement + local cost,46,3,mean,3.7278461059169037,2.016863641841134e-15,8.125398220300477,0.0,36.10221652385413,30,30,0,,0.07215471010505965
tfim_h2.0,"TFIM (J=1, h=2.0)",10,5,entanglement_local,Entanglement + local cost,47,3,mean,1.7890921251090701,1.017144271098441e-14,4.75509467167589,0.0,20.242525515582432,30,30,0,,0.03059424565089653
tfim_h2.0,"TFIM (J=1, h=2.0)",10,5,entanglement_local,Entanglement + local cost,48,3,mean,3.2963553460133572,1.5595812636738792e-15,11.776474992306829,0.0,64.92574651895795,30,30,0,,0.052321324905432044
tfim_h2.0,"TFIM (J=1, h=2.0)",10,5,entanglement_local,Entanglement + local cost,49,3,mean,2.1177574163875503,3.1257841113389456e-15,5.9729665077119725,0.0,24.49454778214122,30,30,0,,0.04267013245049086
xxz_delta0.5,XXZ (Delta=0.5),4,1,baseline,Baseline (HEA),0,3,mean,10.360263509840566,4.544695298247156,11.996088703894435,0.4701008270873935,37.183133098569634,12,12,0,,0.5120833703969497
xxz_delta0.5,XXZ (Delta=0.5),4,1,baseline,Baseline (HEA),1,3,mean,10.145947772230516,6.7053315818650265,7.3568481259591785,1.5203375859226351,23.360380857562916,12,12,0,,0.5682694955100128
xxz_delta0.5,XXZ (Delta=0.5),4,1,baseline,Baseline (HEA),2,3,mean,11.64993623452382,9.239916132297129,6.073390177953362,3.870164095169325,24.479067094970997,12,12,0,,0.6037586369691668
xxz_delta0.5,XXZ (Delta=0.5),4,1,baseline,Baseline (HEA),3,3,mean,9.357777841248085,4.992845014272253,10.124826804115752,0.8244936752728351,35.94123400394445,12,12,0,,0.4798222550331725
xxz_delta0.5,XXZ (Delta=0.5),4,1,baseline,Baseline (HEA),4,3,mean,11.18176784844983,8.748694158245627,9.562648741272225,0.16078934245939527,31.684493576508313,12,12,0,,0.5094372281496212
xxz_delta0.5,XXZ (Delta=0.5),4,1,baseline,Baseline (HEA),5,3,mean,12.20117124601451,9.458582646800203,9.838281772628076,0.18371849169548657,30.160819621761682,12,12,0,,0.6635651893336078
xxz_delta0.5,XXZ (Delta=0.5),4,1,baseline,Baseline (HEA),6,3,mean,7.2021322497566445,5.448598627133656,5.147667014670524,1.9538588466344344,19.149959307080568,12,12,0,,0.33938031368355737
xxz_delta0.5,XXZ (Delta=0.5),4,1,baseline,Baseline (HEA),7,3,mean,8.244630624127558,2.973075300741823,11.513785180406517,0.2518644117651836,38.23803573967622,12,12,0,,0.42417835726070985
xxz_delta0.5,XXZ (Delta=0.5),4,1,baseline,Baseline (HEA),8,3,mean,11.119223217460588,8.014854905343329,11.240669089408904,0.6322457190263565,36.54198188751668,12,12,0,,0.5469800743171284
xxz_delta0.5,XXZ (Delta=0.5),4,1,baseline,Baseline (HEA),9,3,mean,12.12317522650889,10.636595783283415,9.816323709155734,0.158264693329123,30.185846599044464,12,12,0,,0.6217222900934256
xxz_delta0.5,XXZ (Delta=0.5),4,1,baseline,Baseline (HEA),10,3,mean,10.109648138040594,10.800420907464353,7.215728437373063,0.6084139741233708,22.35112881516526,12,12,0,,0.552586816349539
xxz_delta0.5,XXZ (Delta=0.5),4,1,baseline,Baseline (HEA),11,3,mean,11.011817163860556,8.862214612222733,8.908249110332475,0.8371283075854316,27.296101627214405,12,12,0,,0.5522782924724016
xxz_delta0.5,XXZ (Delta=0.5),4,1,baseline,Baseline (HEA),12,3,mean,13.299414235245138,12.757322278990133,11.588429191625677,0.002218011214901344,37.40925911949578,12,12,0,,0.5931844884184955
xxz_delta0.5,XXZ (Delta=0.5),4,1,baseline,Baseline (HEA),13,3,mean,6.8226669199334005,5.7108031390786,5.377627045744021,0.30816198165630504,17.991697941658128,12,12,0,,0.3175429098429718
xxz_delta0.5,XXZ (Delta=0.5),4,1,baseline,Baseline (HEA),14,3,mean,10.61705088205295,6.324319996528795,12.194411288002877,0.7502894902485824,41.56497275654899,12,12,0,,0.5631692262492598
xxz_delta0.5,XXZ (Delta=0.5),4,1,baseline,Baseline (HEA),15,3,mean,10.247376828668278,5.944640930304704,11.877114927818214,1.657777314333129,47.225693826481624,12,12,0,,0.4795064358588932
xxz_delta0.5,XXZ (Delta=0.5),4,1,baseline,Baseline (HEA),16,3,mean,9.703641499530265,8.542886273496027,7.424913665890759,1.058787846719085,24.67497090619477,12,12,0,,0.4617655394058533
xxz_delta0.5,XXZ (Delta=0.5),4,1,baseline,Baseline (HEA),17,3,mean,6.522019477486842,6.507454655311352,4.022848388860264,0.4964449646649259,13.887152247448853,12,12,0,,0.29541644137160933
xxz_delta0.5,XXZ (Delta=0.5),4,1,baseline,Baseline (HEA),18,3,mean,16.338328767383263,15.866400392519703,8.07833751315919,2.1201791502185836,32.06367965139875,12,12,0,,0.8865943765708316
xxz_delta0.5,XXZ (Delta=0.5),4,1,baseline,Baseline (HEA),19,3,mean,13.055727754525682,12.77068074261865,7.421607430035624,3.3159285582547677,22.17671356153187,12,12,0,,0.7814589826329893
xxz_delta0.5,XXZ (Delta=0.5),4,1,baseline,Baseline (HEA),20,3,mean,9.30765172519301,4.552924973712667,10.347376209786274,0.5757344874041781,34.14074881100935,12,12,0,,0.49965422503916757
xxz_delta0.5,XXZ (Delta=0.5),4,1,baseline,Baseline (HEA),21,3,mean,10.386481429258595,6.295196985767493,9.510827015119103,1.2519845988657536,28.979312848883172,12,12,0,,0.47975233923986016
xxz_delta0.5,XXZ (Delta=0.5),4,1,baseline,Baseline (HEA),22,3,mean,11.952995786275592,13.844795249781157,6.074183407400565,0.05004520713745083,19.853151645141157,12,12,0,,0.667648377550297
xxz_delta0.5,XXZ (Delta=0.5),4,1,baseline,Baseline (HEA),23,3,mean,10.041570726656145,6.495223767852947,7.839177014530332,2.6533355939648056,23.910003535586313,12,12,0,,0.48775369770091337
xxz_delta0.5,XXZ (Delta=0.5),4,1,baseline,Baseline (HEA),24,3,mean,5.721590915174481,4.063925853661777,5.074678356666546,0.8262137513713703,19.30967328399414,12,12,0,,0.29028907811644244
xxz_delta0.5,XXZ (Delta=0.5),4,1,baseline,Baseline (HEA),25,3,mean,7.39509930736243,4.802315813397287,7.4879097383540305,0.026021527548707662,26.56417070020457,12,12,0,,0.4009891110155077
xxz_delta0.5,XXZ (Delta=0.5),4,1,baseline,Baseline (HEA),26,3,mean,10.742307657974736,9.626330366299971,7.699327545647564,0.1053126635323059,24.664502331727867,12,12,0,,0.5710582024156912
xxz_delta0.5,XXZ (Delta=0.5),4,1,baseline,Baseline (HEA),27,3,mean,10.571219636838867,6.124331353172378,8.730823556295999,2.016899613598365,26.35754390611007,12,12,0,,0.5070779762742686
xxz_delta0.5,XXZ (Delta=0.5),4,1,baseline,Baseline (HEA),28,3,mean,11.624469129450107,8.350989233694982,10.906327218497207,0.8532091470124273,36.38696864918504,12,12,0,,0.6287934509791637
xxz_delta0.5,XXZ (Delta=0.5),4,1,baseline,Baseline (HEA),29,3,mean,11.501245319905749,12.474125783467972,8.230320065412872,1.415352455404337,27.58736385760844,12,12,0,,0.6760360516641367
xxz_delta0.5,XXZ (Delta=0.5),4,1,baseline,Baseline (HEA),30,3,mean,9.846004121475692,5.256186292611085,9.057369037097093,0.4500499044812403,29.59133352947674,12,12,0,,0.6522623213079262
xxz_delta0.5,XXZ (Delta=0.5),4,1,baseline,Baseline (HEA),31,3,mean,12.767312518215624,9.384258367164607,8.692022081077253,1.3747067024935666,27.547493206832936,12,12,0,,0.692557240514634
xxz_delta0.5,XXZ (Delta=0.5),4,1,baseline,Baseline (HEA),32,3,mean,9.296019520911768,8.575986110002184,6.224769396893648,0.5781694881534312,18.086446170162645,12,12,0,,0.4399087743390036
xxz_delta0.5,XXZ (Delta=0.5),4,1,baseline,Baseline (HEA),33,3,mean,15.233122635029341,9.499689509286718,12.39106021714914,2.9675802961627844,46.1120701400432,12,12,0,,0.7856392712687917
xxz_delta0.5,XXZ (Delta=0.5),4,1,baseline,Baseline (HEA),34,3,mean,12.418302798907405,10.778084772922593,9.445849823080264,1.0215451614738351,33.044996641365394,12,12,0,,0.6472930332786043
xxz_delta0.5,XXZ (Delta=0.5),4,1,baseline,Baseline (HEA),35,3,mean,8.647002225869588,4.004414382649206,7.304892883033991,0.9594170083367259,19.881661582640067,12,12,0,,0.44794047836787554
xxz_delta0.5,XXZ (Delta=0.5),4,1,baseline,Baseline (HEA),36,3,mean,11.069781180797905,8.044641276564985,8.538928460366922,2.256521603876464,29.37710999272345,12,12,0,,0.6442579722882401
xxz_delta0.5,XXZ (Delta=0.5),4,1,baseline,Baseline (HEA),37,3,mean,10.93312780130954,11.411168981770011,5.540029541391421,1.936420458844096,23.86645481251063,12,12,0,,0.5355562218711466
xxz_delta0.5,XXZ (Delta=0.5),4,1,baseline,Baseline (HEA),38,3,mean,9.279203476970814,7.344610660602382,6.622398542855656,2.0220251789240162,24.610963243025363,12,12,0,,0.49633689664824265
xxz_delta0.5,XXZ (Delta=0.5),4,1,baseline,Baseline (HEA),39,3,mean,12.665539940618602,12.40723668176506,8.726238697515143,0.1770101487338292,31.604347644950014,12,12,0,,0.6181758465180043
xxz_delta0.5,XXZ (Delta=0.5),4,1,baseline,Baseline (HEA),40,3,mean,8.882159846454764,5.49877747406535,8.660045254814392,0.21552162930854055,32.61546746480177,12,12,0,,0.45325124986480536
xxz_delta0.5,XXZ (Delta=0.5),4,1,baseline,Baseline (HEA),41,3,mean,14.992476476103079,12.117559886668543,10.138159939546117,3.921720418197802,37.50468834864675,12,12,0,,0.7481638152343176
xxz_delta0.5,XXZ (Delta=0.5),4,1,baseline,Baseline (HEA),42,3,mean,6.49975279171773,5.654631339602152,5.089982768645307,0.07825851438451248,16.870299402503978,12,12,0,,0.29429906231149733
xxz_delta0.5,XXZ (Delta=0.5),4,1,baseline,Baseline (HEA),43,3,mean,14.194386490275166,6.751912215212391,16.171480510477103,0.5579300938299411,50.16147057781672,12,12,0,,0.7552134740662962
xxz_delta0.5,XXZ (Delta=0.5),4,1,baseline,Baseline (HEA),44,3,mean,8.547992202841792,6.987709975993647,8.384971337993864,0.4142130395260864,29.585651351023706,12,12,0,,0.4309237426956338
xxz_delta0.5,XXZ (Delta=0.5),4,1,baseline,Baseline (HEA),45,3,mean,13.521900795619885,11.700417577739085,11.892327723061992,0.4655953570197978,39.94356397905453,12,12,0,,0.7619276681963895
xxz_delta0.5,XXZ (Delta=0.5),4,1,baseline,Baseline (HEA),46,3,mean,15.238404510830511,14.936487482021084,11.10873041962938,1.5408333454711285,42.23695589099761,12,12,0,,0.8721955465737731
xxz_delta0.5,XXZ (Delta=0.5),4,1,baseline,Baseline (HEA),47,3,mean,9.520835765378132,2.718716402071718,9.479825046867091,0.9587560199102746,26.871317807507392,12,12,0,,0.45139527074412805
xxz_delta0.5,XXZ (Delta=0.5),4,1,baseline,Baseline (HEA),48,3,mean,9.987721361422643,8.099951596846736,8.211771295412257,0.8981744983383988,27.151782522772944,12,12,0,,0.518065361609212
xxz_delta0.5,XXZ (Delta=0.5),4,1,baseline,Baseline (HEA),49,3,mean,11.353174888734108,9.567975649922447,8.524456635550825,0.9431879691788425,35.50729770050847,12,12,0,,0.6442056530382826
xxz_delta0.5,XXZ (Delta=0.5),4,2,entanglement_only,Constrained entanglement only,0,3,mean,14.382909573902507,10.683505588339564,10.497683561266578,2.0469800781481196,39.065504781281,12,12,0,,0.7688712645872405
xxz_delta0.5,XXZ (Delta=0.5),4,2,entanglement_only,Constrained entanglement only,1,3,mean,6.911834809143586,7.9540417031490325,3.3836618010873933,0.3884187987360313,12.930397776231251,12,12,0,,0.31358395043340176
xxz_delta0.5,XXZ (Delta=0.5),4,2,entanglement_only,Constrained entanglement only,2,3,mean,15.706769632845626,17.427604924890318,8.190078418275897,0.9044130968536156,25.542883537919497,12,12,0,,0.7675284523294658
xxz_delta0.5,XXZ (Delta=0.5),4,2,entanglement_only,Constrained entanglement only,3,3,mean,12.64466197386435,12.594950010454331,8.551681380500524,3.110648217507512,34.84216803303472,12,12,0,,0.6589087033971773
xxz_delta0.5,XXZ (Delta=0.5),4,2,entanglement_only,Constrained entanglement only,4,3,mean,14.824395007103881,12.915982923561971,8.641003767345723,3.8373368145809277,25.28653480733286,12,12,0,,0.8491948838291788
xxz_delta0.5,XXZ (Delta=0.5),4,2,entanglement_only,Constrained entanglement only,5,3,mean,15.478672903229308,9.154368895153896,11.862376065540083,0.057391921403276036,34.061530269270335,12,12,0,,0.7508179198367326
xxz_delta0.5,XXZ (Delta=0.5),4,2,entanglement_only,Constrained entanglement only,6,3,mean,11.497714869864902,11.389945535334638,5.861248533411081,1.6696186130818331,22.7165340508608,12,12,0,,0.5284836861258226
xxz_delta0.5,XXZ (Delta=0.5),4,2,entanglement_only,Constrained entanglement only,7,3,mean,11.242411082316274,5.402698631032487,12.009677523789772,0.3238693190530284,36.23042522963028,12,12,0,,0.5170905250841615
xxz_delta0.5,XXZ (Delta=0.5),4,2,entanglement_only,Constrained entanglement only,8,3,mean,13.64136818721657,10.468596825095963,9.979858459578043,0.7999942984762838,29.055854585061137,12,12,0,,0.7942048633830083
xxz_delta0.5,XXZ (Delta=0.5),4,2,entanglement_only,Constrained entanglement only,9,3,mean,17.13538096309613,18.33299328636356,8.877618750836742,2.4731842881257933,26.291710412501732,12,12,0,,0.943319165817488
xxz_delta0.5,XXZ (Delta=0.5),4,2,entanglement_only,Constrained entanglement only,10,3,mean,22.864086012898834,23.615555864218564,12.799411222508082,5.251698423322844,46.836976715098444,12,12,0,,1.3147424029868364
xxz_delta0.5,XXZ (Delta=0.5),4,2,entanglement_only,Constrained entanglement only,11,3,mean,13.88572866880226,13.441470138892246,5.896553316086131,2.812159795363121,24.186027214277708,12,12,0,,0.660144078785434
xxz_delta0.5,XXZ (Delta=0.5),4,2,entanglement_only,Constrained entanglement only,12,3,mean,11.16073284980646,9.84182970731799,8.705675258360223,1.8233622963091292,27.34232277435092,12,12,0,,0.5243025250813448
xxz_delta0.5,XXZ (Delta=0.5),4,2,entanglement_only,Constrained entanglement only,13,3,mean,10.754469583565637,11.470397388017574,4.819364912964301,2.064125104462507,18.338326347851755,12,12,0,,0.47136628717985296
xxz_delta0.5,XXZ (Delta=0.5),4,2,entanglement_only,Constrained entanglement only,14,3,mean,12.325748625382928,12.117259907869968,7.177486862522962,0.2291224303416087,25.33125897549703,12,12,0,,0.7863397673853206
xxz_delta0.5,XXZ (Delta=0.5),4,2,entanglement_only,Constrained entanglement only,15,3,mean,11.42264328312082,10.114298069710996,6.829066659511288,0.9035002757196632,22.263535706117608,12,12,0,,0.6009549358790686
xxz_delta0.5,XXZ (Delta=0.5),4,2,entanglement_only,Constrained entanglement only,16,3,mean,7.298291394246994,5.741647174986062,4.318627163405513,2.654208311849088,14.643723188166488,12,12,0,,0.2977178506332346
xxz_delta0.5,XXZ (Delta=0.5),4,2,entanglement_only,Constrained entanglement only,17,3,mean,11.935153266455254,15.643097393729764,8.160535296206051,1.1127830222803057,27.234691700301138,12,12,0,,0.7340229520125598
xxz_delta0.5,XXZ (Delta=0.5),4,2,entanglement_only,Constrained entanglement only,18,3,mean,18.823332994622668,17.35505607038733,9.617969458805653,2.7458202588428597,39.81997026299297,12,12,0,,1.020036113995
xxz_delta0.5,XXZ (Delta=0.5),4,2,entanglement_only,Constrained entanglement only,19,3,mean,9.095010109277812,5.538281639855216,8.066550875100624,0.7925349764204253,22.36952180680272,12,12,0,,0.3472605882481046
xxz_delta0.5,XXZ (Delta=0.5),4,2,entanglement_only,Constrained entanglement only,20,3,mean,16.52785591274829,18.878305363206312,6.8237774533883835,0.2687816048928029,25.392640038274493,12,12,0,,0.9529527991013774
xxz_delta0.5,XXZ (Delta=0.5),4,2,entanglement_only,Constrained entanglement only,21,3,mean,18.20500934313515,16.849042025094647,11.549514407436261,4.151311874444646,35.240152797790685,12,12,0,,0.854153351297112
xxz_delta0.5,XXZ (Delta=0.5),4,2,entanglement_only,Constrained entanglement only,22,3,mean,13.03530607847589,12.214853879651319,4.284641690678835,5.7575279872421925,22.28296535261183,12,12,0,,0.6977159239229209
xxz_delta0.5,XXZ (Delta=0.5),4,2,entanglement_only,Constrained entanglement only,23,3,mean,13.1382286502685,10.725193346035397,9.105072248444849,0.38285495357937926,34.21907420122918,12,12,0,,0.6365685987797486
xxz_delta0.5,XXZ (Delta=0.5),4,2,entanglement_only,Constrained entanglement only,24,3,mean,12.011503904036216,9.898546568138617,8.355968463024853,1.9180225977662926,30.710744034764655,12,12,0,,0.7588271912755227
xxz_delta0.5,XXZ (Delta=0.5),4,2,entanglement_only,Constrained entanglement only,25,3,mean,16.36245871590064,11.204019337353895,13.56626786412312,1.0450446899251864,39.15812216609824,12,12,0,,0.7661586560019757
xxz_delta0.5,XXZ (Delta=0.5),4,2,entanglement_only,Constrained entanglement only,26,3,mean,12.831874628910336,7.497022603790512,11.579712636205278,0.39187481079155734,38.476652886352525,12,12,0,,0.6045516081193539
xxz_delta0.5,XXZ (Delta=0.5),4,2,entanglement_only,Constrained entanglement only,27,3,mean,17.24084834052437,8.200326830131779,15.054848266520438,3.532367852941374,50.249593642435265,12,12,0,,0.8264576266424503
xxz_delta0.5,XXZ (Delta=0.5),4,2,entanglement_only,Constrained entanglement only,28,3,mean,9.014581126069467,8.88250340114957,4.6184746667360645,3.096195679176099,18.817905130324995,12,12,0,,0.4495065844893487
xxz_delta0.5,XXZ (Delta=0.5),4,2,entanglement_only,Constrained entanglement only,29,3,mean,8.162522660908676,5.743469278651011,6.290643514304049,0.5249182473338271,17.07207970047133,12,12,0,,0.36248832580521456
xxz_delta0.5,XXZ (Delta=0.5),4,2,entanglement_only,Constrained entanglement only,30,3,mean,11.840187781917086,10.091304707663747,6.79155925860069,2.5356455640896267,25.46840169210445,12,12,0,,0.6979578758322854
xxz_delta0.5,XXZ (Delta=0.5),4,2,entanglement_only,Constrained entanglement only,31,3,mean,8.45319799547749,6.632108346678693,7.130465006886398,0.9300667606484293,23.373688855972294,12,12,0,,0.39221117094407393
xxz_delta0.5,XXZ (Delta=0.5),4,2,entanglement_only,Constrained entanglement only,32,3,mean,14.391882287335486,15.55171627497413,9.879475965692672,0.20700911662436827,35.027928923656255,12,12,0,,0.8002647960340137
xxz_delta0.5,XXZ (Delta=0.5),4,2,entanglement_only,Constrained entanglement only,33,3,mean,6.722976208341159,6.401544736488264,1.6417866202004363,4.164931314771399,9.935294835776196,12,12,0,,0.2854983097855792
xxz_delta0.5,XXZ (Delta=0.5),4,2,entanglement_only,Constrained entanglement only,34,3,mean,13.16067166603336,6.423614319836162,10.734601221470948,4.043501464294547,34.40254118943846,12,12,0,,0.7412903869188289
xxz_delta0.5,XXZ (Delta=0.5),4,2,entanglement_only,Constrained entanglement only,35,3,mean,5.828295569319209,3.3425575148702213,5.368942733644827,0.2788133968545179,15.77014202746139,12,12,0,,0.2538342836215157
xxz_delta0.5,XXZ (Delta=0.5),4,2,entanglement_only,Constrained entanglement only,36,3,mean,15.432311602931124,14.440195846875465,8.462073521859283,0.26740275140124475,32.245422991179204,12,12,0,,0.8191436448699347
xxz_delta0.5,XXZ (Delta=0.5),4,2,entanglement_only,Constrained entanglement only,37,3,mean,6.63033722569286,6.422081284622881,4.377426056133541,1.7307900832793015,17.680652547061893,12,12,0,,0.3378647319812191
xxz_delta0.5,XXZ (Delta=0.5),4,2,entanglement_only,Constrained entanglement only,38,3,mean,9.542197542466683,6.792523573057265,6.766788992602963,0.8132859170437431,19.257037491577062,12,12,0,,0.49738962455195895
xxz_delta0.5,XXZ (Delta=0.5),4,2,entanglement_only,Constrained entanglement only,39,3,mean,17.74469525838615,13.709051402887518,12.129715410748995,0.757843255535836,38.57197704355965,12,12,0,,0.9487104354077006
xxz_delta0.5,XXZ (Delta=0.5),4,2,entanglement_only,Constrained entanglement only,40,3,mean,17.86409698860965,16.485854198061087,12.787339354652513,1.2027823479878312,38.23117663276137,12,12,0,,0.9103053816487346
xxz_delta0.5,XXZ (Delta=0.5),4,2,entanglement_only,Constrained entanglement only,41,3,mean,9.65777065113454,8.7454797648338,6.365490174379818,2.0947349321165194,24.262306024313702,12,12,0,,0.43294144194836043
xxz_delta0.5,XXZ (Delta=0.5),4,2,entanglement_only,Constrained entanglement only,42,3,mean,10.10581343091406,10.353919289268127,8.437163741877859,0.06179199564036622,25.13673416024586,12,12,0,,0.5548418469334778
xxz_delta0.5,XXZ (Delta=0.5),4,2,entanglement_only,Constrained entanglement only,43,3,mean,12.116368456114996,13.080635805846462,5.508308315198752,0.5229571384626406,21.814240119189062,12,12,0,,0.535607766220106
xxz_delta0.5,XXZ (Delta=0.5),4,2,entanglement_only,Constrained entanglement only,44,3,mean,19.700147765677432,15.284494693974263,15.707150362056494,0.11652429505136874,42.671084758551245,12,12,0,,1.0011262433207784
xxz_delta0.5,XXZ (Delta=0.5),4,2,entanglement_only,Constrained entanglement only,45,3,mean,14.605240352443351,12.115631527772777,10.98617551325067,0.641219196952332,31.451843407397867,12,12,0,,0.7101250977129597
xxz_delta0.5,XXZ (Delta=0.5),4,2,entanglement_only,Constrained entanglement only,46,3,mean,10.44162702039561,7.9405024143096234,7.622269951316887,0.6730899677719249,25.49249941654196,12,12,0,,0.4654760931256963
xxz_delta0.5,XXZ (Delta=0.5),4,2,entanglement_only,Constrained entanglement only,47,3,mean,9.77455769798064,8.22898567985881,7.26086318022621,1.0331407071643144,23.20060453950706,12,12,0,,0.4196784542036743
xxz_delta0.5,XXZ (Delta=0.5),4,2,entanglement_only,Constrained entanglement only,48,3,mean,13.413835478834708,13.699258619509298,6.886667737283813,0.8414227817546598,22.922128994795994,12,12,0,,0.7525120731426537
xxz_delta0.5,XXZ (Delta=0.5),4,2,entanglement_only,Constrained entanglement only,49,3,mean,5.454939428841986,2.5978019105954147,4.849103581720817,1.0976440853938436,15.102520343172442,12,12,0,,0.3147120866172018
xxz_delta0.5,XXZ (Delta=0.5),4,3,local_cost_only,Local cost function only,0,3,mean,6.764786120138105,4.076951095219552,7.335791457316315,1.2432220538980504e-15,23.919487465455987,12,12,0,,0.1423496575419592
xxz_delta0.5,XXZ (Delta=0.5),4,3,local_cost_only,Local cost function only,1,3,mean,9.846255666402788,1.7967960144415864,22.705592320202108,0.0,83.45941407294114,12,12,0,,0.13316780468058473
xxz_delta0.5,XXZ (Delta=0.5),4,3,local_cost_only,Local cost function only,2,3,mean,13.95097140533757,2.27002861868949,21.737049514597327,0.0,70.1423859560843,12,12,0,,0.21329743882465446
xxz_delta0.5,XXZ (Delta=0.5),4,3,local_cost_only,Local cost function only,3,3,mean,8.954200599331235,6.502880123369417,9.408027843825316,0.0,27.989314738761344,12,12,0,,0.18073997217037274
xxz_delta0.5,XXZ (Delta=0.5),4,3,local_cost_only,Local cost function only,4,3,mean,11.29432006621868,3.264298526211933,17.329440362867295,1.3413580751171663e-15,53.19155968099896,12,12,0,,0.1871631741564003
xxz_delta0.5,XXZ (Delta=0.5),4,3,local_cost_only,Local cost function only,5,3,mean,13.795030061066432,0.2538534206669463,29.96132186703485,0.0,107.02909212549758,12,12,0,,0.1682876842251367
xxz_delta0.5,XXZ (Delta=0.5),4,3,local_cost_only,Local cost function only,6,3,mean,11.876402351361326,6.018711894218259,14.738487346096985,0.0,44.194666181982555,12,12,0,,0.21370720541130614
xxz_delta0.5,XXZ (Delta=0.5),4,3,local_cost_only,Local cost function only,7,3,mean,7.974267053748221,2.2736345515745713,12.426455261010826,0.0,42.07171951269049,12,12,0,,0.14564832465736624
xxz_delta0.5,XXZ (Delta=0.5),4,3,local_cost_only,Local cost function only,8,3,mean,3.484531989618868,2.257682379958207,3.6016333596980625,0.0,10.5377863187892,12,12,0,,0.06934910130145766
xxz_delta0.5,XXZ (Delta=0.5),4,3,local_cost_only,Local cost function only,9,3,mean,12.88452062120046,6.24789790550081,20.426581244902717,1.2418718396996452e-15,76.43322850017184,12,12,0,,0.20666336435972266
xxz_delta0.5,XXZ (Delta=0.5),4,3,local_cost_only,Local cost function only,10,3,mean,5.8625729046598565,4.596101880342715,6.180751574581502,0.0,18.71353528884335,12,12,0,,0.11957952579656476
xxz_delta0.5,XXZ (Delta=0.5),4,3,local_cost_only,Local cost function only,11,3,mean,7.851335834156135,6.649192126789139,9.05200075434723,0.0,33.83266522061688,12,12,0,,0.15561461006375935
xxz_delta0.5,XXZ (Delta=0.5),4,3,local_cost_only,Local cost function only,12,3,mean,14.500511536172304,5.408114394499782,19.841890771396553,0.0,63.60189074831352,12,12,0,,0.23560925802749177
xxz_delta0.5,XXZ (Delta=0.5),4,3,local_cost_only,Local cost function only,13,3,mean,8.41100610574576,1.041755232821354,11.242010075633459,0.0,29.17426332102996,12,12,0,,0.1602010611545219
xxz_delta0.5,XXZ (Delta=0.5),4,3,local_cost_only,Local cost function only,14,3,mean,23.336179316287442,1.707424079134551,57.08405618072846,0.0,210.35923312072552,12,12,0,,0.19778050153809237
xxz_delta0.5,XXZ (Delta=0.5),4,3,local_cost_only,Local cost function only,15,3,mean,13.23780959596734,5.336744362388768,14.904081228732325,0.0,41.01430634289036,12,12,0,,0.2410384957473983
xxz_delta0.5,XXZ (Delta=0.5),4,3,local_cost_only,Local cost function only,16,3,mean,8.597371959367303,6.79979004977602,9.277831849150278,0.0,29.518449262243756,12,12,0,,0.1741222147222913
xxz_delta0.5,XXZ (Delta=0.5),4,3,local_cost_only,Local cost function only,17,3,mean,7.328012906936148,3.916084799467736,8.732542719008299,3.1205030058824703e-16,28.716900329844254,12,12,0,,0.14996951466470862
xxz_delta0.5,XXZ (Delta=0.5),4,3,local_cost_only,Local cost function only,18,3,mean,8.385032440537644,5.641240491780239,8.984664125588504,0.0,26.06946459142549,12,12,0,,0.1666075078063319
xxz_delta0.5,XXZ (Delta=0.5),4,3,local_cost_only,Local cost function only,19,3,mean,9.366734849696499,6.153822332828382,10.942277254858785,0.0,36.35661550223282,12,12,0,,0.18048393918530145
xxz_delta0.5,XXZ (Delta=0.5),4,3,local_cost_only,Local cost function only,20,3,mean,4.756312188449276,5.841433138337052,3.8803435859163606,0.0,11.770994704192848,12,12,0,,0.08386368454124545
xxz_delta0.5,XXZ (Delta=0.5),4,3,local_cost_only,Local cost function only,21,3,mean,9.713857207703835,4.022435755311914,12.831930066987933,3.103219029168533e-16,41.616347311410266,12,12,0,,0.1821123910863627
xxz_delta0.5,XXZ (Delta=0.5),4,3,local_cost_only,Local cost function only,22,3,mean,12.443449019158399,1.6730267202465843,28.125157789031746,6.256630226141769e-16,102.83645204611872,12,12,0,,0.1552907613627982
xxz_delta0.5,XXZ (Delta=0.5),4,3,local_cost_only,Local cost function only,23,3,mean,12.620965238155582,2.8623695901041755,15.38206226892094,0.0,48.22194302687412,12,12,0,,0.22394902676201514
xxz_delta0.5,XXZ (Delta=0.5),4,3,local_cost_only,Local cost function only,24,3,mean,8.631587950843915,2.2389427576217447,11.132500064020483,0.0,34.98840294860835,12,12,0,,0.16201959847480693
xxz_delta0.5,XXZ (Delta=0.5),4,3,local_cost_only,Local cost function only,25,3,mean,9.606402804512008,7.754123327342098,9.274579022550002,0.0,30.76905298537226,12,12,0,,0.19603167425915935
xxz_delta0.5,XXZ (Delta=0.5),4,3,local_cost_only,Local cost function only,26,3,mean,13.313509648391323,3.437733177259805,21.54678526853509,0.0,66.19388352961059,12,12,0,,0.20287478498646005
xxz_delta0.5,XXZ (Delta=0.5),4,3,local_cost_only,Local cost function only,27,3,mean,9.045854957169645,6.691964659744772,9.271861562752596,1.4066501725131665e-15,25.028493005989567,12,12,0,,0.18167591926477136
xxz_delta0.5,XXZ (Delta=0.5),4,3,local_cost_only,Local cost function only,28,3,mean,6.76754356333529,2.2686131630313913,9.833429091030268,6.296504447323989e-16,32.81012354788855,12,12,0,,0.1348344757480927
xxz_delta0.5,XXZ (Delta=0.5),4,3,local_cost_only,Local cost function only,29,3,mean,12.765076269398035,1.2906537371325242,20.115663283469342,3.1033141145213703e-16,54.72508482514332,12,12,0,,0.2019523813469728
xxz_delta0.5,XXZ (Delta=0.5),4,3,local_cost_only,Local cost function only,30,3,mean,10.314768916702944,2.9298213276569607,14.37858526490382,0.0,47.79611150097117,12,12,0,,0.18509302291827665
xxz_delta0.5,XXZ (Delta=0.5),4,3,local_cost_only,Local cost function only,31,3,mean,6.9602991693159595,3.2571617367191337,8.298474954415083,0.0,26.20044668154464,12,12,0,,0.1437952150482266
xxz_delta0.5,XXZ (Delta=0.5),4,3,local_cost_only,Local cost function only,32,3,mean,11.286113524077257,1.4787276976923822,16.772244465277254,0.0,55.70903619294517,12,12,0,,0.19528884342936956
xxz_delta0.5,XXZ (Delta=0.5),4,3,local_cost_only,Local cost function only,33,3,mean,10.7717798498352,2.094020129472219,14.880718536346976,0.0,44.35267858426304,12,12,0,,0.19197736192210688
xxz_delta0.5,XXZ (Delta=0.5),4,3,local_cost_only,Local cost function only,34,3,mean,12.024099756416,4.667677918996754,18.07603529097565,0.0,50.91799099897531,12,12,0,,0.19861311279215854
xxz_delta0.5,XXZ (Delta=0.5),4,3,local_cost_only,Local cost function only,35,3,mean,6.541417306672351,0.41985751604936095,9.49490545052073,0.0,26.99317739292345,12,12,0,,0.12831667729451043
xxz_delta0.5,XXZ (Delta=0.5),4,3,local_cost_only,Local cost function only,36,3,mean,6.630701911727692,1.0623101195707068,9.257275732399735,0.0,24.037980540279474,12,12,0,,0.13227619836514146
xxz_delta0.5,XXZ (Delta=0.5),4,3,local_cost_only,Local cost function only,37,3,mean,12.36206061594084,6.157591102144897,18.45851277282465,0.0,67.14939340454677,12,12,0,,0.20264703284550958
xxz_delta0.5,XXZ (Delta=0.5),4,3,local_cost_only,Local cost function only,38,3,mean,14.298667945696076,2.7693062702157856,25.39754133248368,6.39315502233247e-16,79.32370353411315,12,12,0,,0.1976397328376844
xxz_delta0.5,XXZ (Delta=0.5),4,3,local_cost_only,Local cost function only,39,3,mean,7.831822107115893,7.717398581607103,7.265638532557708,0.0,20.7226937328522,12,12,0,,0.15648831058456972
xxz_delta0.5,XXZ (Delta=0.5),4,3,local_cost_only,Local cost function only,40,3,mean,9.616913851835813,1.4512243577695203,14.63418795620336,0.0,51.198195297033344,12,12,0,,0.17358136013848355
xxz_delta0.5,XXZ (Delta=0.5),4,3,local_cost_only,Local cost function only,41,3,mean,16.044234702503406,11.757318836796887,16.519267676874875,9.330727887289286e-16,52.31630310165468,12,12,0,,0.2801180855181561
xxz_delta0.5,XXZ (Delta=0.5),4,3,local_cost_only,Local cost function only,42,3,mean,5.672042857874021,3.6756359972094974,6.477206461143966,0.0,19.38047639398423,12,12,0,,0.11116159590365426
xxz_delta0.5,XXZ (Delta=0.5),4,3,local_cost_only,Local cost function only,43,3,mean,14.18034075730115,0.7176619844402068,27.725697586345163,0.0,95.06050527988927,12,12,0,,0.18376236634410045
xxz_delta0.5,XXZ (Delta=0.5),4,3,local_cost_only,Local cost function only,44,3,mean,8.989455052086823,12.119395071471173,6.919608944343967,0.0,18.83368887131252,12,12,0,,0.1816994938830946
xxz_delta0.5,XXZ (Delta=0.5),4,3,local_cost_only,Local cost function only,45,3,mean,14.757981606356816,6.9537268969364865,20.987052933318537,1.2991700987800112e-15,73.25031983906965,12,12,0,,0.2376347137174404
xxz_delta0.5,XXZ (Delta=0.5),4,3,local_cost_only,Local cost function only,46,3,mean,9.95557092203092,9.26827240618006,10.83733017017894,0.0,36.86128442009952,12,12,0,,0.19779413805835966
xxz_delta0.5,XXZ (Delta=0.5),4,3,local_cost_only,Local cost function only,47,3,mean,8.402572708331496,5.13227585124258,9.065679814394969,0.0,27.765572825283975,12,12,0,,0.15423701571982296
xxz_delta0.5,XXZ (Delta=0.5),4,3,local_cost_only,Local cost function only,48,3,mean,7.6430532293813584,4.861430246784252,9.148376380912394,0.0,24.706237835005215,12,12,0,,0.14627604757563226
xxz_delta0.5,XXZ (Delta=0.5),4,3,local_cost_only,Local cost function only,49,3,mean,10.070440354172241,1.7205084967224988,13.706025450875044,1.283734321624862e-15,43.856360770819386,12,12,0,,0.18637100478059695
xxz_delta0.5,XXZ (Delta=0.5),4,5,entanglement_local,Entanglement + local cost,0,3,mean,14.869513597299283,2.1879207929834044,24.774673010540397,0.0,84.2026451337647,12,12,0,,0.21188313906570863
xxz_delta0.5,XXZ (Delta=0.5),4,5,entanglement_local,Entanglement + local cost,1,3,mean,3.8874533663932653,0.9276052463549879,5.362955592323548,0.0,13.056141420698488,12,12,0,,0.07709985715305417
xxz_delta0.5,XXZ (Delta=0.5),4,5,entanglement_local,Entanglement + local cost,2,3,mean,6.4698058886014875,1.5395644361696066,14.697570615159837,0.0,54.53476126388359,12,12,0,,0.10346678537276773
xxz_delta0.5,XXZ (Delta=0.5),4,5,entanglement_local,Entanglement + local cost,3,3,mean,8.13107188879725,1.2755883492851876,10.626715734466854,0.0,28.32736512523722,12,12,0,,0.15700330302327345
xxz_delta0.5,XXZ (Delta=0.5),4,5,entanglement_local,Entanglement + local cost,4,3,mean,15.096717113339379,0.24841055694936184,24.320004241141785,0.0,65.28294981645267,12,12,0,,0.2143304463883334
xxz_delta0.5,XXZ (Delta=0.5),4,5,entanglement_local,Entanglement + local cost,5,3,mean,9.327302747538843,0.09398134904794743,16.070518735659952,0.0,55.11804856600653,12,12,0,,0.15567161030882423
xxz_delta0.5,XXZ (Delta=0.5),4,5,entanglement_local,Entanglement + local cost,6,3,mean,12.167590290908016,2.686573307830473,14.99268498772892,0.0,35.74138306146072,12,12,0,,0.2178334337018439
xxz_delta0.5,XXZ (Delta=0.5),4,5,entanglement_local,Entanglement + local cost,7,3,mean,3.879558693911744,0.04975860956629575,7.21666096908805,0.0,25.504875701949505,12,12,0,,0.077398513677381
xxz_delta0.5,XXZ (Delta=0.5),4,5,entanglement_local,Entanglement + local cost,8,3,mean,8.350219894005631,0.6881888571245729,13.869996037965688,0.0,39.81445892190044,12,12,0,,0.15112581180764842
xxz_delta0.5,XXZ (Delta=0.5),4,5,entanglement_local,Entanglement + local cost,9,3,mean,10.997006572403512,0.7554628065471194,17.48912001115511,3.3902178540943562e-15,45.29894480371071,12,12,0,,0.1797651081053273
xxz_delta0.5,XXZ (Delta=0.5),4,5,entanglement_local,Entanglement + local cost,10,3,mean,11.04749120435379,1.5237795673377938,18.942970805265052,0.0,53.70210226685602,12,12,0,,0.1680356005831601
xxz_delta0.5,XXZ (Delta=0.5),4,5,entanglement_local,Entanglement + local cost,11,3,mean,9.376657803265788,3.3811156153652586,11.524197130714716,0.0,32.730540907916534,12,12,0,,0.181810716662675
xxz_delta0.5,XXZ (Delta=0.5),4,5,entanglement_local,Entanglement + local cost,12,3,mean,6.874433323915105,0.5976678398899805,11.762955467925712,0.0,38.610565259135655,12,12,0,,0.12915349589512382
xxz_delta0.5,XXZ (Delta=0.5),4,5,entanglement_local,Entanglement + local cost,13,3,mean,14.753472566166119,1.7776109387591263,24.48534449210998,0.0,82.84940759341292,12,12,0,,0.21477917575871885
xxz_delta0.5,XXZ (Delta=0.5),4,5,entanglement_local,Entanglement + local cost,14,3,mean,6.491904334576199,1.078957706179314,9.30926419435246,0.0,25.27987915627916,12,12,0,,0.12425854536477528
xxz_delta0.5,XXZ (Delta=0.5),4,5,entanglement_local,Entanglement + local cost,15,3,mean,9.710629715532619,1.4052863201206887,13.939731462191537,0.0,44.971408187504906,12,12,0,,0.16922877431075467
xxz_delta0.5,XXZ (Delta=0.5),4,5,entanglement_local,Entanglement + local cost,16,3,mean,12.144426081474087,4.9676470216028195,15.469279806521438,0.0,53.605213831331234,12,12,0,,0.21857732204357064
xxz_delta0.5,XXZ (Delta=0.5),4,5,entanglement_local,Entanglement + local cost,17,3,mean,3.8576994609962374,0.05256991335767246,7.35189874819008,0.0,21.147242932958704,12,12,0,,0.0697290102184787
xxz_delta0.5,XXZ (Delta=0.5),4,5,entanglement_local,Entanglement + local cost,18,3,mean,12.66393415584929,9.39237189688529,13.314446318482627,0.0,38.944986823560136,12,12,0,,0.23337253365048324
xxz_delta0.5,XXZ (Delta=0.5),4,5,entanglement_local,Entanglement + local cost,19,3,mean,14.764058573937499,4.642434760439264,22.73314010238087,0.0,71.52943419034038,12,12,0,,0.2228669177900778
xxz_delta0.5,XXZ (Delta=0.5),4,5,entanglement_local,Entanglement + local cost,20,3,mean,9.643121948805595,2.2048836414924295,20.600277511872147,6.230491756219954e-16,75.77167221755775,12,12,0,,0.1430804495779174
xxz_delta0.5,XXZ (Delta=0.5),4,5,entanglement_local,Entanglement + local cost,21,3,mean,8.663411898698753,11.500556801261101,7.622362301345092,3.1129674093485317e-16,19.026817752060477,12,12,0,,0.18194601408802183
xxz_delta0.5,XXZ (Delta=0.5),4,5,entanglement_local,Entanglement + local cost,22,3,mean,23.721335589826975,1.2357006629882272,42.37710462880527,0.0,134.09209834010247,12,12,0,,0.23948932307120677
xxz_delta0.5,XXZ (Delta=0.5),4,5,entanglement_local,Entanglement + local cost,23,3,mean,9.703873742462575,1.2540752425232675,13.738744488993543,0.0,41.17570131190184,12,12,0,,0.1709756202031202
xxz_delta0.5,XXZ (Delta=0.5),4,5,entanglement_local,Entanglement + local cost,24,3,mean,6.561317552222904,4.294176025839414,7.554459291148966,0.0,23.779358083634087,12,12,0,,0.13512545677615487
xxz_delta0.5,XXZ (Delta=0.5),4,5,entanglement_local,Entanglement + local cost,25,3,mean,7.588307661304067,5.09651372130542,8.457980021453558,0.0,26.527857841163687,12,12,0,,0.1574009534045296
xxz_delta0.5,XXZ (Delta=0.5),4,5,entanglement_local,Entanglement + local cost,26,3,mean,16.025019280796762,1.3271051940463332,19.797908000027697,6.292605668463358e-16,51.64521955614011,12,12,0,,0.26443629554916254
xxz_delta0.5,XXZ (Delta=0.5),4,5,entanglement_local,Entanglement + local cost,27,3,mean,3.379448469320637,0.6485500653274765,5.521687710150548,0.0,18.056917770118496,12,12,0,,0.06716631261195044
xxz_delta0.5,XXZ (Delta=0.5),4,5,entanglement_local,Entanglement + local cost,28,3,mean,8.056011024919366,5.00629643245699,9.204851644411013,0.0,24.5096628952867,12,12,0,,0.16505323347060433
xxz_delta0.5,XXZ (Delta=0.5),4,5,entanglement_local,Entanglement + local cost,29,3,mean,14.65670838334133,1.0068533399779858,30.532659225115612,6.281016861629315e-16,111.54029938516298,12,12,0,,0.18520919340711106
xxz_delta0.5,XXZ (Delta=0.5),4,5,entanglement_local,Entanglement + local cost,30,3,mean,10.603312239688085,1.4255906259957913,18.756203691129514,0.0,67.40216973862599,12,12,0,,0.17227434069209083
xxz_delta0.5,XXZ (Delta=0.5),4,5,entanglement_local,Entanglement + local cost,31,3,mean,9.89571083236905,5.480968133476319,11.629694721211596,6.211100040392071e-16,37.6823753453817,12,12,0,,0.1931604056626187
xxz_delta0.5,XXZ (Delta=0.5),4,5,entanglement_local,Entanglement + local cost,32,3,mean,5.983925950880093,1.8197738156812626,12.099232129458239,0.0,44.80513419812716,12,12,0,,0.10608475827290154
xxz_delta0.5,XXZ (Delta=0.5),4,5,entanglement_local,Entanglement + local cost,33,3,mean,31.213345463273566,1.0961838862226803,56.81267275018868,0.0,178.400917887529,12,12,0,,0.2493769269490531
xxz_delta0.5,XXZ (Delta=0.5),4,5,entanglement_local,Entanglement + local cost,34,3,mean,19.766026886757988,2.2981542714143894,33.79295020316588,0.0,92.10126024292207,12,12,0,,0.22855490657847657
xxz_delta0.5,XXZ (Delta=0.5),4,5,entanglement_local,Entanglement + local cost,35,3,mean,6.264182264714157,2.2097734890562473,11.19902050364109,1.380674106866976e-15,41.34239348679641,12,12,0,,0.11630006306400602
xxz_delta0.5,XXZ (Delta=0.5),4,5,entanglement_local,Entanglement + local cost,36,3,mean,7.473741476211657,5.437652434859908,8.0226013526886,0.0,22.582117890203367,12,12,0,,0.15471178447558362
xxz_delta0.5,XXZ (Delta=0.5),4,5,entanglement_local,Entanglement + local cost,37,3,mean,11.29418490899677,7.574616485997742,11.963226314929514,0.0,35.887151041192,12,12,0,,0.21777223451049488
xxz_delta0.5,XXZ (Delta=0.5),4,5,entanglement_local,Entanglement + local cost,38,3,mean,35.89379345889623,0.7187349809477541,72.75225044222086,0.0,205.58565441337055,12,12,0,,0.22030279118129878
xxz_delta0.5,XXZ (Delta=0.5),4,5,entanglement_local,Entanglement + local cost,39,3,mean,8.23864256666181,3.582421334284228,10.091614756831975,0.0,25.316692032432645,12,12,0,,0.16472678278701014
xxz_delta0.5,XXZ (Delta=0.5),4,5,entanglement_local,Entanglement + local cost,40,3,mean,9.372951186256486,2.628267713464116,14.588185757599982,6.309317429500181e-16,52.62039291927387,12,12,0,,0.16908471136298867
xxz_delta0.5,XXZ (Delta=0.5),4,5,entanglement_local,Entanglement + local cost,41,3,mean,17.688654573720974,4.770891674004048,22.591688287121123,0.0,58.2023889221218,12,12,0,,0.2633038577105459
xxz_delta0.5,XXZ (Delta=0.5),4,5,entanglement_local,Entanglement + local cost,42,3,mean,10.142981699546441,0.6438153344004327,23.386196374537402,0.0,85.95779226368276,12,12,0,,0.1380070093303713
xxz_delta0.5,XXZ (Delta=0.5),4,5,entanglement_local,Entanglement + local cost,43,3,mean,22.106768707915762,0.34808388710126714,53.02665781510819,0.0,193.59409028538562,12,12,0,,0.1912290424220647
xxz_delta0.5,XXZ (Delta=0.5),4,5,entanglement_local,Entanglement + local cost,44,3,mean,3.6874599189740156,2.1909018455214464,4.130347082451571,0.0,11.726614851979509,12,12,0,,0.06428370694811857
xxz_delta0.5,XXZ (Delta=0.5),4,5,entanglement_local,Entanglement + local cost,45,3,mean,13.220113556889807,3.9209085614768986,18.497604413588626,0.0,54.663998240941915,12,12,0,,0.22273183709443456
xxz_delta0.5,XXZ (Delta=0.5),4,5,entanglement_local,Entanglement + local cost,46,3,mean,9.300766838141492,8.641214140028135,9.040613333141444,0.0,26.11679473438715,12,12,0,,0.19162357605635025
xxz_delta0.5,XXZ (Delta=0.5),4,5,entanglement_local,Entanglement + local cost,47,3,mean,7.233133804187354,1.099689699401774,12.236201481750362,0.0,38.39347858874307,12,12,0,,0.13199014880010146
xxz_delta0.5,XXZ (Delta=0.5),4,5,entanglement_local,Entanglement + local cost,48,3,mean,10.294626426206168,3.103401763538688,15.904718472299761,0.0,47.0830787916359,12,12,0,,0.1798332994044802
xxz_delta0.5,XXZ (Delta=0.5),4,5,entanglement_local,Entanglement + local cost,49,3,mean,5.4281607998217405,3.260282194533131,6.951167056079684,0.0,24.246466605052937,12,12,0,,0.10792191273463643
xxz_delta0.5,XXZ (Delta=0.5),10,1,baseline,Baseline (HEA),0,3,mean,5.189977732251001,5.225704611719779,3.4092416501172877,0.059272700434157624,13.138678017369823,30,30,0,,0.5273862882679932
xxz_delta0.5,XXZ (Delta=0.5),10,1,baseline,Baseline (HEA),1,3,mean,5.3807637518330145,3.7775139672988933,4.408399853079535,0.0757148600693044,17.818287040971473,30,30,0,,0.5272416806429514
xxz_delta0.5,XXZ (Delta=0.5),10,1,baseline,Baseline (HEA),2,3,mean,3.3887486034260936,2.788525772282393,2.3417900837507126,0.19108351741163654,8.586849381092826,30,30,0,,0.3315754081919033
xxz_delta0.5,XXZ (Delta=0.5),10,1,baseline,Baseline (HEA),3,3,mean,3.47314945958217,2.4035989771593584,2.688638695802915,0.3539094009696976,10.357540092050654,30,30,0,,0.32858787918607246
xxz_delta0.5,XXZ (Delta=0.5),10,1,baseline,Baseline (HEA),4,3,mean,4.444442027930687,3.4595369141083285,3.375261465607977,0.07771339283798753,12.911844568934882,30,30,0,,0.4200746824573941
xxz_delta0.5,XXZ (Delta=0.5),10,1,baseline,Baseline (HEA),5,3,mean,4.291219614608205,3.8347655176083624,2.4502036034910173,0.5078762177622577,11.709208987507344,30,30,0,,0.4009536424437821
xxz_delta0.5,XXZ (Delta=0.5),10,1,baseline,Baseline (HEA),6,3,mean,5.4330883488201485,4.484641400351379,3.279073193972832,1.3588962315077546,13.257489759731637,30,30,0,,0.5427144686034818
xxz_delta0.5,XXZ (Delta=0.5),10,1,baseline,Baseline (HEA),7,3,mean,5.200812357133215,3.7709242287785347,3.9545923692665763,0.4354054874975604,14.163272774858482,30,30,0,,0.541184158716762
xxz_delta0.5,XXZ (Delta=0.5),10,1,baseline,Baseline (HEA),8,3,mean,4.038395145038889,4.158720287381388,2.904035526940294,0.2651253299045461,11.888149484714612,30,30,0,,0.355554388421379
xxz_delta0.5,XXZ (Delta=0.5),10,1,baseline,Baseline (HEA),9,3,mean,4.762123744429516,3.2536907984816343,4.47976707728354,0.09386082365530737,17.020929423516108,30,30,0,,0.4713463143536692
xxz_delta0.5,XXZ (Delta=0.5),10,1,baseline,Baseline (HEA),10,3,mean,4.528838968761486,3.96105926743002,3.434545665269431,0.2585804217688177,14.556908563461027,30,30,0,,0.43140412613536233
xxz_delta0.5,XXZ (Delta=0.5),10,1,baseline,Baseline (HEA),11,3,mean,5.776709029975053,5.573726240732602,3.5394311812657526,0.009910669940945561,14.391961828539376,30,30,0,,0.5515121492099205
xxz_delta0.5,XXZ (Delta=0.5),10,1,baseline,Baseline (HEA),12,3,mean,4.072259294475628,2.4413635496589388,3.9163736762527295,0.09627933005382258,15.520968455943065,30,30,0,,0.4551014190143985
xxz_delta0.5,XXZ (Delta=0.5),10,1,baseline,Baseline (HEA),13,3,mean,4.40540516072604,4.2288473971707194,3.123004846685206,0.3477627685596891,13.015412140053531,30,30,0,,0.4515061951876519
xxz_delta0.5,XXZ (Delta=0.5),10,1,baseline,Baseline (HEA),14,3,mean,2.5491749422971597,2.291304717276585,1.8096718424212321,0.00043516333236642607,7.796838750690587,30,30,0,,0.23599205731073938
xxz_delta0.5,XXZ (Delta=0.5),10,1,baseline,Baseline (HEA),15,3,mean,4.574466280825925,4.107170117480312,2.7650181121612443,0.10655006101714111,11.015698508723402,30,30,0,,0.4307363770663141
xxz_delta0.5,XXZ (Delta=0.5),10,1,baseline,Baseline (HEA),16,3,mean,4.490499636053311,4.33644514489207,3.224791566210289,0.29152401658912686,14.01378551389462,30,30,0,,0.4356146469340902
xxz_delta0.5,XXZ (Delta=0.5),10,1,baseline,Baseline (HEA),17,3,mean,3.198497869364831,3.0561098039450343,2.335053454038187,0.0022185369045858282,9.30255199447331,30,30,0,,0.28828756468315536
xxz_delta0.5,XXZ (Delta=0.5),10,1,baseline,Baseline (HEA),18,3,mean,4.795343952541422,3.1953618249370104,4.147315233063314,0.10128066220016556,15.979862460042206,30,30,0,,0.4218336606587967
xxz_delta0.5,XXZ (Delta=0.5),10,1,baseline,Baseline (HEA),19,3,mean,3.9302216071584932,2.7924521489620266,3.7334053824364437,0.10233943942540828,17.03564132007204,30,30,0,,0.3498646021703383
xxz_delta0.5,XXZ (Delta=0.5),10,1,baseline,Baseline (HEA),20,3,mean,4.168884081521229,1.9493893378255733,4.631698475775161,0.1984164790928168,18.909177162159118,30,30,0,,0.3953625099143791
xxz_delta0.5,XXZ (Delta=0.5),10,1,baseline,Baseline (HEA),21,3,mean,4.731074892704299,4.037831041230966,3.720206189299691,0.16483577110857953,15.930663255665579,30,30,0,,0.45475514069420336
xxz_delta0.5,XXZ (Delta=0.5),10,1,baseline,Baseline (HEA),22,3,mean,5.674583906389865,4.641190689442621,4.09886689001554,0.3739481469314875,13.500868167288392,30,30,0,,0.5851404577593128
xxz_delta0.5,XXZ (Delta=0.5),10,1,baseline,Baseline (HEA),23,3,mean,4.787794037855386,5.011949095971404,3.3001644699549275,0.20724279012326613,11.741860633179206,30,30,0,,0.42726900852066013
xxz_delta0.5,XXZ (Delta=0.5),10,1,baseline,Baseline (HEA),24,3,mean,4.288880628259569,3.867346135304418,3.4254096935172433,0.00579128399236451,11.387624308142849,30,30,0,,0.4374760334184912
xxz_delta0.5,XXZ (Delta=0.5),10,1,baseline,Baseline (HEA),25,3,mean,4.0206551224156994,3.224966605409298,3.115671115362118,0.5091946663923964,13.275425652371625,30,30,0,,0.37204690646218924
xxz_delta0.5,XXZ (Delta=0.5),10,1,baseline,Baseline (HEA),26,3,mean,4.210071161094328,4.44116098275512,3.154000167273848,0.1997941242880287,10.080111975530603,30,30,0,,0.415019247799242
xxz_delta0.5,XXZ (Delta=0.5),10,1,baseline,Baseline (HEA),27,3,mean,5.462844582576859,5.558775309840975,3.7526697432916443,0.5918872386607221,15.029872412784112,30,30,0,,0.5627041692870421
xxz_delta0.5,XXZ (Delta=0.5),10,1,baseline,Baseline (HEA),28,3,mean,3.92012628469867,2.8807111202534132,4.457520439319701,0.006202467179728088,22.25837426732041,30,30,0,,0.3210728660255611
xxz_delta0.5,XXZ (Delta=0.5),10,1,baseline,Baseline (HEA),29,3,mean,3.5738002920491305,2.4762989158584245,3.333024491711936,0.023366756482128857,14.527468217440804,30,30,0,,0.3844651494262789
xxz_delta0.5,XXZ (Delta=0.5),10,1,baseline,Baseline (HEA),30,3,mean,5.1178190699333355,3.9017083287830214,4.218966360249849,0.20191306394088568,18.57163721321227,30,30,0,,0.46427149211117164
xxz_delta0.5,XXZ (Delta=0.5),10,1,baseline,Baseline (HEA),31,3,mean,4.207569735112831,3.3790342949025365,3.204390662723479,0.3446036524016053,10.755117024916427,30,30,0,,0.3786796666940709
xxz_delta0.5,XXZ (Delta=0.5),10,1,baseline,Baseline (HEA),32,3,mean,5.0772384798010615,4.788022378081643,2.917105839067441,0.22208813923690984,13.022980482472544,30,30,0,,0.5407671158264807
xxz_delta0.5,XXZ (Delta=0.5),10,1,baseline,Baseline (HEA),33,3,mean,3.671360562003214,2.840692673193148,3.1589877262316683,0.09575156541340994,13.167841738620007,30,30,0,,0.34835425162870465
xxz_delta0.5,XXZ (Delta=0.5),10,1,baseline,Baseline (HEA),34,3,mean,4.341337683322797,3.687920831457239,3.140691316095842,0.22655239523728063,11.407304962366515,30,30,0,,0.4181237979580836
xxz_delta0.5,XXZ (Delta=0.5),10,1,baseline,Baseline (HEA),35,3,mean,4.526663368540181,3.0857869936054065,3.5711928371734163,0.2504809689604765,14.58233746133943,30,30,0,,0.43078095336136274
xxz_delta0.5,XXZ (Delta=0.5),10,1,baseline,Baseline (HEA),36,3,mean,4.316050651892757,4.082645282109274,2.609286310221793,0.6855120838925034,11.237479273012408,30,30,0,,0.4122679241601996
xxz_delta0.5,XXZ (Delta=0.5),10,1,baseline,Baseline (HEA),37,3,mean,4.582490527205211,3.4689989971828643,3.579464363314744,0.4227236630926476,18.418938729172723,30,30,0,,0.4083188830591572
xxz_delta0.5,XXZ (Delta=0.5),10,1,baseline,Baseline (HEA),38,3,mean,4.310488663545879,3.5899127575007643,4.092991084793328,0.0050923674648944645,16.87719039043326,30,30,0,,0.42727569932324433
xxz_delta0.5,XXZ (Delta=0.5),10,1,baseline,Baseline (HEA),39,3,mean,4.876728720263753,4.184377611133007,3.508291421458715,0.007344602169320746,13.409969199530133,30,30,0,,0.4036227841090931
xxz_delta0.5,XXZ (Delta=0.5),10,1,baseline,Baseline (HEA),40,3,mean,5.233160997510158,4.523181742221283,3.87272758109087,0.34352850325843237,16.22837293009159,30,30,0,,0.4772150342140602
xxz_delta0.5,XXZ (Delta=0.5),10,1,baseline,Baseline (HEA),41,3,mean,5.978720316862944,4.9191491414967,4.308006411421618,0.5535062108829333,18.28946799279093,30,30,0,,0.5598092976252473
xxz_delta0.5,XXZ (Delta=0.5),10,1,baseline,Baseline (HEA),42,3,mean,4.151084664921714,3.2588048471467816,3.6282663219842557,0.0765167804823115,13.08647605582598,30,30,0,,0.3996353224631656
xxz_delta0.5,XXZ (Delta=0.5),10,1,baseline,Baseline (HEA),43,3,mean,4.045482359677873,3.508688092536359,4.017160856987051,0.12782332192031642,19.34025492500448,30,30,0,,0.3755251680206199
xxz_delta0.5,XXZ (Delta=0.5),10,1,baseline,Baseline (HEA),44,3,mean,4.840130397450479,5.093660783415321,3.4456787592996294,0.2682072136240369,13.989252065080366,30,30,0,,0.42338483596445986
xxz_delta0.5,XXZ (Delta=0.5),10,1,baseline,Baseline (HEA),45,3,mean,4.850420303061901,4.695298175625805,4.0016395896531725,0.0561518089302991,17.47199665644943,30,30,0,,0.4197220674083538
xxz_delta0.5,XXZ (Delta=0.5),10,1,baseline,Baseline (HEA),46,3,mean,3.6839980407818564,2.681810087861942,2.918793920286021,0.15906147140942692,13.2588991308545,30,30,0,,0.3368538964404221
xxz_delta0.5,XXZ (Delta=0.5),10,1,baseline,Baseline (HEA),47,3,mean,4.886082808104592,3.954469913372625,4.148622069137471,0.0845012609022176,17.090509878917715,30,30,0,,0.4763968222593145
xxz_delta0.5,XXZ (Delta=0.5),10,1,baseline,Baseline (HEA),48,3,mean,6.186318323275374,5.140160708995757,3.702195290898301,0.3011511233889452,13.729228800589947,30,30,0,,0.5708916205094728
xxz_delta0.5,XXZ (Delta=0.5),10,1,baseline,Baseline (HEA),49,3,mean,3.87233185212513,2.2202838406321117,4.084324618186939,0.13310719228722823,15.707030271400132,30,30,0,,0.3648466674243684
xxz_delta0.5,XXZ (Delta=0.5),10,2,entanglement_only,Constrained entanglement only,0,3,mean,6.292071860163542,4.0841936610916365,5.264366853413026,0.01638787014004994,21.733820936369376,30,30,0,,0.5895125338099444
xxz_delta0.5,XXZ (Delta=0.5),10,2,entanglement_only,Constrained entanglement only,1,3,mean,7.53723162404825,7.427411718836815,5.086775615894059,0.009287114773620844,18.576262094250538,30,30,0,,0.8638770804972377
xxz_delta0.5,XXZ (Delta=0.5),10,2,entanglement_only,Constrained entanglement only,2,3,mean,7.688010307494893,6.209424455302985,5.112244579913701,0.7675883198819579,18.99170500269205,30,30,0,,0.6447769262738545
xxz_delta0.5,XXZ (Delta=0.5),10,2,entanglement_only,Constrained entanglement only,3,3,mean,6.038602134583396,5.376316032449763,4.574717984352513,0.1613459113962941,22.492689015119115,30,30,0,,0.4754741651689871
xxz_delta0.5,XXZ (Delta=0.5),10,2,entanglement_only,Constrained entanglement only,4,3,mean,4.41304117493374,4.033189838631502,3.3690222105412206,0.7030767018649698,15.762882315561102,30,30,0,,0.3694208599569222
xxz_delta0.5,XXZ (Delta=0.5),10,2,entanglement_only,Constrained entanglement only,5,3,mean,6.538171810576829,5.810834397534293,4.336596519738471,0.14926666769400657,18.137949312473147,30,30,0,,0.5604316414761839
xxz_delta0.5,XXZ (Delta=0.5),10,2,entanglement_only,Constrained entanglement only,6,3,mean,6.749801681685472,5.956974813181631,4.617037055192123,0.6531938348281421,20.958460775067532,30,30,0,,0.6154281442001762
xxz_delta0.5,XXZ (Delta=0.5),10,2,entanglement_only,Constrained entanglement only,7,3,mean,6.4542531450454455,5.195221565984276,4.735429499841889,0.13311107481200932,18.3385409844933,30,30,0,,0.6259130809986334
xxz_delta0.5,XXZ (Delta=0.5),10,2,entanglement_only,Constrained entanglement only,8,3,mean,6.627509986218385,4.9021324750225,5.027023442858054,0.07838331640345143,16.907868598474394,30,30,0,,0.5441754248336769
xxz_delta0.5,XXZ (Delta=0.5),10,2,entanglement_only,Constrained entanglement only,9,3,mean,7.7117515049559655,5.701400509170594,6.639738979160846,0.5493421169876044,26.057025221372008,30,30,0,,0.7573347718131147
xxz_delta0.5,XXZ (Delta=0.5),10,2,entanglement_only,Constrained entanglement only,10,3,mean,8.163750313113157,8.105488616909675,6.170075394251744,0.08015263135792806,19.191111114226533,30,30,0,,0.7282173644438875
xxz_delta0.5,XXZ (Delta=0.5),10,2,entanglement_only,Constrained entanglement only,11,3,mean,7.97894809165533,5.984688439704533,6.278850387957752,1.2433660005636762,25.11823837408794,30,30,0,,0.7330650480104436
xxz_delta0.5,XXZ (Delta=0.5),10,2,entanglement_only,Constrained entanglement only,12,3,mean,7.492548475016425,7.004797109198288,4.192478079382164,0.02194249672341071,17.993951314508138,30,30,0,,0.6720578396035788
xxz_delta0.5,XXZ (Delta=0.5),10,2,entanglement_only,Constrained entanglement only,13,3,mean,7.755447765477729,4.214289665160512,7.827433269206075,0.051837292285587894,30.750832412989727,30,30,0,,0.745026644300817
xxz_delta0.5,XXZ (Delta=0.5),10,2,entanglement_only,Constrained entanglement only,14,3,mean,6.341671223828555,3.7378736069914753,5.171181559745435,0.283573850615219,17.57058466355774,30,30,0,,0.567284162101987
xxz_delta0.5,XXZ (Delta=0.5),10,2,entanglement_only,Constrained entanglement only,15,3,mean,8.243481375997284,8.112517759088258,5.224155741654649,0.11750430146052288,19.099710532642508,30,30,0,,0.7789080765587021
xxz_delta0.5,XXZ (Delta=0.5),10,2,entanglement_only,Constrained entanglement only,16,3,mean,6.575641508354815,4.677582735738069,5.321524488351429,0.3771531971659006,22.13706217689756,30,30,0,,0.569960955463859
xxz_delta0.5,XXZ (Delta=0.5),10,2,entanglement_only,Constrained entanglement only,17,3,mean,7.41110846730037,6.9111581482945414,5.150783633731692,0.1586106830081246,19.798531004974752,30,30,0,,0.7163332778759485
xxz_delta0.5,XXZ (Delta=0.5),10,2,entanglement_only,Constrained entanglement only,18,3,mean,6.425069688828256,4.420243764660979,5.961876053415337,0.8057101663900988,22.34476269160156,30,30,0,,0.5375120899333848
xxz_delta0.5,XXZ (Delta=0.5),10,2,entanglement_only,Constrained entanglement only,19,3,mean,6.884479608003348,6.191576247529015,5.144142025778078,0.03992134953027665,16.963775647711532,30,30,0,,0.589022833281732
xxz_delta0.5,XXZ (Delta=0.5),10,2,entanglement_only,Constrained entanglement only,20,3,mean,7.724265473386201,7.70037293714,5.012037268660264,0.21487660311377937,17.420799687888632,30,30,0,,0.7386551209283397
xxz_delta0.5,XXZ (Delta=0.5),10,2,entanglement_only,Constrained entanglement only,21,3,mean,7.965300765338196,7.699519431229287,5.097461920879046,0.8782449768895831,17.92910764416129,30,30,0,,0.7227479689167651
xxz_delta0.5,XXZ (Delta=0.5),10,2,entanglement_only,Constrained entanglement only,22,3,mean,5.5597696080613614,4.130795237239639,4.27449819539225,0.5593976108495087,16.234408339858167,30,30,0,,0.517323893671014
xxz_delta0.5,XXZ (Delta=0.5),10,2,entanglement_only,Constrained entanglement only,23,3,mean,9.234831746048512,9.460439427151147,4.117714555995605,0.6792172690922864,18.350004169179137,30,30,0,,0.7886979437448094
xxz_delta0.5,XXZ (Delta=0.5),10,2,entanglement_only,Constrained entanglement only,24,3,mean,7.997579808045828,5.952037427893249,6.934533448594069,0.9292441216194108,27.924301708311997,30,30,0,,0.6925407188195363
xxz_delta0.5,XXZ (Delta=0.5),10,2,entanglement_only,Constrained entanglement only,25,3,mean,5.003574833364452,3.967354610659113,4.847824384345046,0.17023527688271642,17.52331596558163,30,30,0,,0.44448818841329923
xxz_delta0.5,XXZ (Delta=0.5),10,2,entanglement_only,Constrained entanglement only,26,3,mean,7.652651004572723,5.4209976460997,7.284249875242213,0.32857085196515756,28.23711156955942,30,30,0,,0.7366632713745307
xxz_delta0.5,XXZ (Delta=0.5),10,2,entanglement_only,Constrained entanglement only,27,3,mean,7.071551179691705,4.053176610307329,6.3468914989481675,0.131475020261143,28.38857659248093,30,30,0,,0.7284769559054457
xxz_delta0.5,XXZ (Delta=0.5),10,2,entanglement_only,Constrained entanglement only,28,3,mean,6.883780925817468,6.628119139801056,5.095317739808949,0.16511446984400263,18.38682105959988,30,30,0,,0.6384324077937364
xxz_delta0.5,XXZ (Delta=0.5),10,2,entanglement_only,Constrained entanglement only,29,3,mean,7.743287922464207,5.0138073566497265,6.677103507510418,0.2762685837052299,24.666762671637198,30,30,0,,0.7630541470100592
xxz_delta0.5,XXZ (Delta=0.5),10,2,entanglement_only,Constrained entanglement only,30,3,mean,6.3761219036785945,5.5237424080476885,4.530262737075169,0.8704391581789379,16.68638472086997,30,30,0,,0.5023080835203362
xxz_delta0.5,XXZ (Delta=0.5),10,2,entanglement_only,Constrained entanglement only,31,3,mean,7.345510763689948,6.184805285025366,6.46767766290552,0.28725928985605664,27.858601800711643,30,30,0,,0.7087460858125656
xxz_delta0.5,XXZ (Delta=0.5),10,2,entanglement_only,Constrained entanglement only,32,3,mean,6.454796309797464,4.74627696796314,6.477069776843295,0.3290064427301013,28.281752820958726,30,30,0,,0.5684946009794024
xxz_delta0.5,XXZ (Delta=0.5),10,2,entanglement_only,Constrained entanglement only,33,3,mean,5.641653564609334,3.4214405037952433,5.003859349024988,0.2912986513200389,18.299503626924967,30,30,0,,0.46782373336917576
xxz_delta0.5,XXZ (Delta=0.5),10,2,entanglement_only,Constrained entanglement only,34,3,mean,7.27770415903955,6.24386770875577,5.073874220993178,0.3287358115823269,17.528020980088982,30,30,0,,0.685523094478272
xxz_delta0.5,XXZ (Delta=0.5),10,2,entanglement_only,Constrained entanglement only,35,3,mean,6.443199721711005,4.635509354782942,6.000177311377814,0.0863053221372835,25.529665155345985,30,30,0,,0.6275212798124634
xxz_delta0.5,XXZ (Delta=0.5),10,2,entanglement_only,Constrained entanglement only,36,3,mean,4.770564392332157,2.596064556742162,5.325767758629277,0.15210086499220196,24.29373515528422,30,30,0,,0.4388000902324701
xxz_delta0.5,XXZ (Delta=0.5),10,2,entanglement_only,Constrained entanglement only,37,3,mean,4.353291274702331,2.6480349625560025,4.681912599381147,0.012969989471354465,19.79337352603786,30,30,0,,0.3710715701247921
xxz_delta0.5,XXZ (Delta=0.5),10,2,entanglement_only,Constrained entanglement only,38,3,mean,5.713163527302839,5.035575244484502,3.6211466877629355,0.06834598778158697,13.49926947967608,30,30,0,,0.47347610833141657
xxz_delta0.5,XXZ (Delta=0.5),10,2,entanglement_only,Constrained entanglement only,39,3,mean,7.503526667691609,7.699196660594762,4.082743497154759,0.09195150336188385,14.2767421602288,30,30,0,,0.667493156556223
xxz_delta0.5,XXZ (Delta=0.5),10,2,entanglement_only,Constrained entanglement only,40,3,mean,8.25972369821758,7.820598465170974,6.168134172333234,0.48344366252920884,19.906546689255162,30,30,0,,0.8007710692457601
xxz_delta0.5,XXZ (Delta=0.5),10,2,entanglement_only,Constrained entanglement only,41,3,mean,7.090301158293962,5.885695882937021,5.02388618584344,0.5590122302192921,20.13697518060131,30,30,0,,0.6647704769846815
xxz_delta0.5,XXZ (Delta=0.5),10,2,entanglement_only,Constrained entanglement only,42,3,mean,5.88314652051178,5.390654973621916,3.940682761474508,0.988347693514195,17.20522771032372,30,30,0,,0.49596118450893084
xxz_delta0.5,XXZ (Delta=0.5),10,2,entanglement_only,Constrained entanglement only,43,3,mean,5.642622381306484,4.576690300379127,5.170056231145354,0.042393975282517066,21.733094174670438,30,30,0,,0.4881917291221757
xxz_delta0.5,XXZ (Delta=0.5),10,2,entanglement_only,Constrained entanglement only,44,3,mean,3.841213126851775,2.8258153933574612,2.7365396466165706,0.09257302323750494,8.614177835535367,30,30,0,,0.3216921572772812
xxz_delta0.5,XXZ (Delta=0.5),10,2,entanglement_only,Constrained entanglement only,45,3,mean,5.833696585410545,4.186106161064977,5.088616165242269,0.1645407843346355,24.284651751499723,30,30,0,,0.523914992306416
xxz_delta0.5,XXZ (Delta=0.5),10,2,entanglement_only,Constrained entanglement only,46,3,mean,8.505529665787638,7.492616597498934,6.862198980107272,0.4505799170178789,23.520170493978995,30,30,0,,0.7800211681852572
xxz_delta0.5,XXZ (Delta=0.5),10,2,entanglement_only,Constrained entanglement only,47,3,mean,7.827852375501067,5.9762544376122175,5.587409761251488,0.10266554926390223,17.115052357209507,30,30,0,,0.7664342999108448
xxz_delta0.5,XXZ (Delta=0.5),10,2,entanglement_only,Constrained entanglement only,48,3,mean,8.677130767002744,6.819049973319077,5.81260002326843,0.9579065499737529,19.94881895549614,30,30,0,,0.8901663931977122
xxz_delta0.5,XXZ (Delta=0.5),10,2,entanglement_only,Constrained entanglement only,49,3,mean,5.971340561853415,4.938537252061002,5.01928594483911,0.34665726244458817,18.61520874260218,30,30,0,,0.5598040267607154
xxz_delta0.5,XXZ (Delta=0.5),10,3,local_cost_only,Local cost function only,0,3,mean,2.8652113372839634,1.8662893089716302e-15,8.901845313368478,0.0,44.38629366053867,30,30,0,,0.05247045616259655
xxz_delta0.5,XXZ (Delta=0.5),10,3,local_cost_only,Local cost function only,1,3,mean,2.1440577162813153,2.331777625353548e-15,4.655045974153049,1.5545184169023653e-16,21.143484888393232,30,30,0,,0.0457917707240412
xxz_delta0.5,XXZ (Delta=0.5),10,3,local_cost_only,Local cost function only,2,3,mean,3.758803777072358,2.871112541845734e-15,9.718663820364757,0.0,36.68335767510971,30,30,0,,0.06864720826963416
xxz_delta0.5,XXZ (Delta=0.5),10,3,local_cost_only,Local cost function only,3,3,mean,6.114598644419701,1.8685807330619024e-15,19.234965746885035,0.0,93.62198905899564,30,30,0,,0.08062556045328503
xxz_delta0.5,XXZ (Delta=0.5),10,3,local_cost_only,Local cost function only,4,3,mean,2.0498499017962204,3.799887934550522e-15,5.688963950247631,0.0,28.519553809605476,30,30,0,,0.039488630122291736
xxz_delta0.5,XXZ (Delta=0.5),10,3,local_cost_only,Local cost function only,5,3,mean,6.646496073130598,1.305438618351416e-15,24.840714834500865,0.0,123.38196978599638,30,30,0,,0.06508713558926174
xxz_delta0.5,XXZ (Delta=0.5),10,3,local_cost_only,Local cost function only,6,3,mean,3.7691845791320797,6.3436354965866595e-15,7.360725188158109,0.0,27.23850745586888,30,30,0,,0.07362013270412267
xxz_delta0.5,XXZ (Delta=0.5),10,3,local_cost_only,Local cost function only,7,3,mean,6.075776730316407,1.8938744616435784e-15,15.7619990922055,0.0,78.09594476624673,30,30,0,,0.09589833899460341
xxz_delta0.5,XXZ (Delta=0.5),10,3,local_cost_only,Local cost function only,8,3,mean,3.8336140269587893,3.2589239708807934e-15,9.02798086245472,0.0,27.66857770303577,30,30,0,,0.07069323685672053
xxz_delta0.5,XXZ (Delta=0.5),10,3,local_cost_only,Local cost function only,9,3,mean,2.2266130243097333,1.111116446387128e-14,4.005366212801342,0.0,12.983310722346076,30,30,0,,0.043105717768550766
xxz_delta0.5,XXZ (Delta=0.5),10,3,local_cost_only,Local cost function only,10,3,mean,4.329078360868446,2.5979371858920765e-15,8.00054887967583,0.0,25.186818585573903,30,30,0,,0.08752989822152576
xxz_delta0.5,XXZ (Delta=0.5),10,3,local_cost_only,Local cost function only,11,3,mean,3.388428173444013,1.253757781084302e-15,10.574253531941476,0.0,46.738058862391206,30,30,0,,0.05827558407241776
xxz_delta0.5,XXZ (Delta=0.5),10,3,local_cost_only,Local cost function only,12,3,mean,2.975096670750822,4.241654651847436e-15,6.535278756437042,0.0,26.732383153712743,30,30,0,,0.053276207955477
xxz_delta0.5,XXZ (Delta=0.5),10,3,local_cost_only,Local cost function only,13,3,mean,6.346307209015197,1.2871610013338666e-15,13.367183856427648,0.0,50.07415201762791,30,30,0,,0.10926682530638931
xxz_delta0.5,XXZ (Delta=0.5),10,3,local_cost_only,Local cost function only,14,3,mean,4.08162928637655,1.7869021653841022e-15,7.926987916734219,0.0,30.650815370613092,30,30,0,,0.0815081718425485
xxz_delta0.5,XXZ (Delta=0.5),10,3,local_cost_only,Local cost function only,15,3,mean,3.765622844482373,2.8386302489273236e-15,7.654083885022338,0.0,30.257155718917506,30,30,0,,0.07428600274355084
xxz_delta0.5,XXZ (Delta=0.5),10,3,local_cost_only,Local cost function only,16,3,mean,2.5383958505240747,6.1443842672376125e-15,5.71296385751475,0.0,26.083927018592064,30,30,0,,0.048843528964420076
xxz_delta0.5,XXZ (Delta=0.5),10,3,local_cost_only,Local cost function only,17,3,mean,2.5481057415703323,1.2629873638902992e-15,6.270004476826862,0.0,26.76347728734468,30,30,0,,0.05198684284467631
xxz_delta0.5,XXZ (Delta=0.5),10,3,local_cost_only,Local cost function only,18,3,mean,4.6072535126851255,4.277297948868753e-15,9.806750957100405,0.0,43.11501354768906,30,30,0,,0.08735379578742615
xxz_delta0.5,XXZ (Delta=0.5),10,3,local_cost_only,Local cost function only,19,3,mean,2.6538158027958976,7.841714392937956e-15,6.370374598551353,0.0,30.79313828821053,30,30,0,,0.05179626552741845
xxz_delta0.5,XXZ (Delta=0.5),10,3,local_cost_only,Local cost function only,20,3,mean,1.5541122170352966,9.348453862848436e-15,3.690898540091935,0.0,15.846691947105125,30,30,0,,0.029880732445789784
xxz_delta0.5,XXZ (Delta=0.5),10,3,local_cost_only,Local cost function only,21,3,mean,3.481262433709013,2.7317669302712147e-15,7.13776685554076,0.0,25.072735995190808,30,30,0,,0.06998233993729362
xxz_delta0.5,XXZ (Delta=0.5),10,3,local_cost_only,Local cost function only,22,3,mean,1.4823304408256346,6.779679557857436e-15,4.321047026969591,0.0,23.27565411931031,30,30,0,,0.028954764687039815
xxz_delta0.5,XXZ (Delta=0.5),10,3,local_cost_only,Local cost function only,23,3,mean,2.601158573952183,3.634654969113073e-15,5.198644617138856,0.0,17.871856108018942,30,30,0,,0.05181292818569164
xxz_delta0.5,XXZ (Delta=0.5),10,3,local_cost_only,Local cost function only,24,3,mean,3.799178652180181,1.4072477448245528e-15,8.40143192370233,0.0,35.222801102712396,30,30,0,,0.07464917311054839
xxz_delta0.5,XXZ (Delta=0.5),10,3,local_cost_only,Local cost function only,25,3,mean,4.0116494060962165,1.3013435781249846e-15,7.560824412393235,0.0,27.966665209297116,30,30,0,,0.081357340122862
xxz_delta0.5,XXZ (Delta=0.5),10,3,local_cost_only,Local cost function only,26,3,mean,5.516677288997676,1.2442399336726343e-15,12.520306466077743,0.0,44.4155105406966,30,30,0,,0.0964993120795528
xxz_delta0.5,XXZ (Delta=0.5),10,3,local_cost_only,Local cost function only,27,3,mean,4.83668157506652,2.0643532979141404e-15,13.025242759115317,0.0,66.67142005396681,30,30,0,,0.0780264315749784
xxz_delta0.5,XXZ (Delta=0.5),10,3,local_cost_only,Local cost function only,28,3,mean,4.7492299095056465,2.790645061217158e-15,15.093120881943403,0.0,71.20993073797335,30,30,0,,0.06924670953109603
xxz_delta0.5,XXZ (Delta=0.5),10,3,local_cost_only,Local cost function only,29,3,mean,4.897689791745871,1.4752736304486283e-15,11.33137088786299,0.0,40.08925776210504,30,30,0,,0.08909930639654963
xxz_delta0.5,XXZ (Delta=0.5),10,3,local_cost_only,Local cost function only,30,3,mean,3.3189056343278,3.1949467857163478e-15,6.50129042022662,0.0,25.006699319674233,30,30,0,,0.06618131972523073
xxz_delta0.5,XXZ (Delta=0.5),10,3,local_cost_only,Local cost function only,31,3,mean,3.171442926892055,6.945638502669748e-15,8.744182686388536,0.0,38.061955042433205,30,30,0,,0.059053818823273936
xxz_delta0.5,XXZ (Delta=0.5),10,3,local_cost_only,Local cost function only,32,3,mean,3.172438965210757,6.663699381632107e-15,8.378593464842286,0.0,34.4747112421765,30,30,0,,0.05867945865736043
xxz_delta0.5,XXZ (Delta=0.5),10,3,local_cost_only,Local cost function only,33,3,mean,3.491039447778657,2.6381054016567276e-15,9.024800588078353,1.5518267068568986e-16,46.38527356721804,30,30,0,,0.0658541297268698
xxz_delta0.5,XXZ (Delta=0.5),10,3,local_cost_only,Local cost function only,34,3,mean,5.502562046145527,1.9218505061084905e-15,15.311765793265497,0.0,69.82118409055231,30,30,0,,0.08444339168883115
xxz_delta0.5,XXZ (Delta=0.5),10,3,local_cost_only,Local cost function only,35,3,mean,2.941473181470051,1.0922639222754076e-15,7.684910662937291,0.0,38.961613635997765,30,30,0,,0.05736664008382491
xxz_delta0.5,XXZ (Delta=0.5),10,3,local_cost_only,Local cost function only,36,3,mean,4.031087820671883,1.600946027771171e-15,8.591876474280676,0.0,35.68664966007236,30,30,0,,0.07779210549487793
xxz_delta0.5,XXZ (Delta=0.5),10,3,local_cost_only,Local cost function only,37,3,mean,4.289497169778152,5.8395204030460095e-15,11.05061897956563,0.0,44.89244301896859,30,30,0,,0.07099392673270992
xxz_delta0.5,XXZ (Delta=0.5),10,3,local_cost_only,Local cost function only,38,3,mean,3.747486116033452,3.2823305697103773e-15,7.725699864735018,0.0,29.349957909697977,30,30,0,,0.07550757039437284
xxz_delta0.5,XXZ (Delta=0.5),10,3,local_cost_only,Local cost function only,39,3,mean,3.1478076349911412,3.182868489902613e-15,6.732270032487341,0.0,25.250286393128253,30,30,0,,0.06205371718042601
xxz_delta0.5,XXZ (Delta=0.5),10,3,local_cost_only,Local cost function only,40,3,mean,3.8318894098352816,1.2742229839788273e-15,7.121536709846421,0.0,21.795676609072327,30,30,0,,0.07816537790112932
xxz_delta0.5,XXZ (Delta=0.5),10,3,local_cost_only,Local cost function only,41,3,mean,4.076135982222307,3.2548378090461183e-15,10.285860600997681,0.0,47.65362767186624,30,30,0,,0.07261790674012682
xxz_delta0.5,XXZ (Delta=0.5),10,3,local_cost_only,Local cost function only,42,3,mean,2.718259906385597,4.340695738487165e-15,6.6324282960365455,0.0,29.162840289828278,30,30,0,,0.05169459020247143
xxz_delta0.5,XXZ (Delta=0.5),10,3,local_cost_only,Local cost function only,43,3,mean,5.468494905655863,4.181804142783497e-15,15.737855785986197,0.0,70.37264493620623,30,30,0,,0.07855663582972669
xxz_delta0.5,XXZ (Delta=0.5),10,3,local_cost_only,Local cost function only,44,3,mean,4.028811472126621,1.8797088416151644e-15,8.812821513687297,0.0,37.8830837308999,30,30,0,,0.07861294776987847
xxz_delta0.5,XXZ (Delta=0.5),10,3,local_cost_only,Local cost function only,45,3,mean,5.269332091171988,4.778613508192573e-15,10.43411118220454,0.0,35.42048393643491,30,30,0,,0.09760640298876457
xxz_delta0.5,XXZ (Delta=0.5),10,3,local_cost_only,Local cost function only,46,3,mean,2.774090991352121,1.9401554898159986e-15,7.092697080683798,0.0,32.56944460271702,30,30,0,,0.054841503502899076
xxz_delta0.5,XXZ (Delta=0.5),10,3,local_cost_only,Local cost function only,47,3,mean,4.40342963059692,1.2524371975133945e-15,16.530437397132918,0.0,91.0265550907563,30,30,0,,0.05905299001575648
xxz_delta0.5,XXZ (Delta=0.5),10,3,local_cost_only,Local cost function only,48,3,mean,3.8165200560250385,6.188671081337578e-15,8.709740716871742,0.0,34.36350019421393,30,30,0,,0.07287023981735613
xxz_delta0.5,XXZ (Delta=0.5),10,3,local_cost_only,Local cost function only,49,3,mean,1.5645968372369843,1.2265715895984374e-14,3.003750122660217,0.0,11.406161843781733,30,30,0,,0.028585868773449687
xxz_delta0.5,XXZ (Delta=0.5),10,5,entanglement_local,Entanglement + local cost,0,3,mean,4.140140695433562,3.00093340573087e-15,9.491291739846142,0.0,40.640326379219644,30,30,0,,0.07830730860241332
xxz_delta0.5,XXZ (Delta=0.5),10,5,entanglement_local,Entanglement + local cost,1,3,mean,4.19937736191202,2.8678642305419913e-15,11.093298701121011,0.0,53.69681536906238,30,30,0,,0.07427140346868558
xxz_delta0.5,XXZ (Delta=0.5),10,5,entanglement_local,Entanglement + local cost,2,3,mean,2.4075338287703945,3.984302214583364e-15,6.365127583054517,0.0,28.99864211131117,30,30,0,,0.044766770405366065
xxz_delta0.5,XXZ (Delta=0.5),10,5,entanglement_local,Entanglement + local cost,3,3,mean,11.307655563850648,1.5567833408253917e-15,44.32393115090332,0.0,239.67771821242815,30,30,0,,0.08155363428830818
xxz_delta0.5,XXZ (Delta=0.5),10,5,entanglement_local,Entanglement + local cost,4,3,mean,1.8627885873324552,9.87397396138041e-15,4.608688013385354,0.0,17.115890652195453,30,30,0,,0.0387501214368396
xxz_delta0.5,XXZ (Delta=0.5),10,5,entanglement_local,Entanglement + local cost,5,3,mean,4.8264770406716915,2.3436321186952633e-15,21.076985009924375,0.0,117.3415337903149,30,30,0,,0.05103352161784592
xxz_delta0.5,XXZ (Delta=0.5),10,5,entanglement_local,Entanglement + local cost,6,3,mean,2.931433386136389,6.885930902514996e-15,8.880616401617644,0.0,44.741031185461296,30,30,0,,0.05289234536379806
xxz_delta0.5,XXZ (Delta=0.5),10,5,entanglement_local,Entanglement + local cost,7,3,mean,3.122164989816423,2.768273957608231e-15,7.1758716627245605,0.0,28.659773744788616,30,30,0,,0.06139893272700007
xxz_delta0.5,XXZ (Delta=0.5),10,5,entanglement_local,Entanglement + local cost,8,3,mean,3.836737480544402,2.5417275048499958e-15,8.628691577103018,6.354318762124989e-16,36.47299491968081,30,30,0,,0.07545270200151204
xxz_delta0.5,XXZ (Delta=0.5),10,5,entanglement_local,Entanglement + local cost,9,3,mean,5.426401053644554,2.6524351330692742e-15,12.09182709354603,0.0,40.22683517744076,30,30,0,,0.09740335827271007
xxz_delta0.5,XXZ (Delta=0.5),10,5,entanglement_local,Entanglement + local cost,10,3,mean,2.6801368683409397,6.7109055336568216e-15,7.897947774481252,0.0,42.21533883046373,30,30,0,,0.04763375590039827
xxz_delta0.5,XXZ (Delta=0.5),10,5,entanglement_local,Entanglement + local cost,11,3,mean,4.126561628162806,1.5724848409652957e-15,11.737966687256149,0.0,47.63556702165326,30,30,0,,0.07052481466349494
xxz_delta0.5,XXZ (Delta=0.5),10,5,entanglement_local,Entanglement + local cost,12,3,mean,5.018832887666522,1.474234573049384e-15,20.90668356774008,0.0,115.91966501275958,30,30,0,,0.05584456449391329
xxz_delta0.5,XXZ (Delta=0.5),10,5,entanglement_local,Entanglement + local cost,13,3,mean,4.77756973783153,2.6206913202639786e-15,10.123245442665215,0.0,36.37829988926715,30,30,0,,0.09153814530252921
xxz_delta0.5,XXZ (Delta=0.5),10,5,entanglement_local,Entanglement + local cost,14,3,mean,3.0167456289396077,2.9345217341085133e-15,6.250384108241329,0.0,19.158808417779753,30,30,0,,0.059796972113303475
xxz_delta0.5,XXZ (Delta=0.5),10,5,entanglement_local,Entanglement + local cost,15,3,mean,2.6983061999051183,5.210407622021728e-15,5.667562989861513,0.0,23.493404914078763,30,30,0,,0.04958204625082171
xxz_delta0.5,XXZ (Delta=0.5),10,5,entanglement_local,Entanglement + local cost,16,3,mean,2.876188369078602,6.075910348147263e-15,6.076228109422575,0.0,18.86067797013538,30,30,0,,0.05932148279219455
xxz_delta0.5,XXZ (Delta=0.5),10,5,entanglement_local,Entanglement + local cost,17,3,mean,5.252530626580834,2.7242938331768482e-15,13.421199822922832,0.0,56.46694204890963,30,30,0,,0.08518983268404995
xxz_delta0.5,XXZ (Delta=0.5),10,5,entanglement_local,Entanglement + local cost,18,3,mean,3.144039482138097,6.655284724391208e-15,9.691041873349732,0.0,48.217121706607195,30,30,0,,0.05486671663060703
xxz_delta0.5,XXZ (Delta=0.5),10,5,entanglement_local,Entanglement + local cost,19,3,mean,1.8232736542623116,3.974666476672947e-15,4.840770350636543,0.0,22.099657037289923,30,30,0,,0.036720100822581106
xxz_delta0.5,XXZ (Delta=0.5),10,5,entanglement_local,Entanglement + local cost,20,3,mean,2.5054552890461634,1.2878545021326896e-15,8.174670787510754,0.0,35.80311273359957,30,30,0,,0.046135493323281186
xxz_delta0.5,XXZ (Delta=0.5),10,5,entanglement_local,Entanglement + local cost,21,3,mean,3.651192861643767,2.4916721634362045e-15,7.865549974535884,0.0,26.625260490360922,30,30,0,,0.07291920142474237
xxz_delta0.5,XXZ (Delta=0.5),10,5,entanglement_local,Entanglement + local cost,22,3,mean,3.0678260221909954,6.293886600066296e-15,7.868701514392749,0.0,34.793086651597264,30,30,0,,0.05884004642762661
xxz_delta0.5,XXZ (Delta=0.5),10,5,entanglement_local,Entanglement + local cost,23,3,mean,4.760301252003598,1.5567498785559745e-15,10.708183211871624,0.0,40.00430500349459,30,30,0,,0.08821825689692615
xxz_delta0.5,XXZ (Delta=0.5),10,5,entanglement_local,Entanglement + local cost,24,3,mean,2.195229452203799,3.178243608388288e-15,5.963707947038651,0.0,29.62605365166982,30,30,0,,0.04255557718624877
xxz_delta0.5,XXZ (Delta=0.5),10,5,entanglement_local,Entanglement + local cost,25,3,mean,3.181211415766309,2.560173631465355e-15,6.793678338066595,0.0,25.98918383796948,30,30,0,,0.0650458224950386
xxz_delta0.5,XXZ (Delta=0.5),10,5,entanglement_local,Entanglement + local cost,26,3,mean,6.293554554425254,2.84727025961751e-15,15.760988514600449,0.0,55.13779909777014,30,30,0,,0.09279275886983976
xxz_delta0.5,XXZ (Delta=0.5),10,5,entanglement_local,Entanglement + local cost,27,3,mean,3.2698555661936877,6.689170316568798e-15,6.581434325306965,0.0,20.520664540745337,30,30,0,,0.06068195095069139
xxz_delta0.5,XXZ (Delta=0.5),10,5,entanglement_local,Entanglement + local cost,28,3,mean,3.9523051847060438,1.2527384820480259e-15,8.165680423243908,0.0,27.538878172796128,30,30,0,,0.07869442761216043
xxz_delta0.5,XXZ (Delta=0.5),10,5,entanglement_local,Entanglement + local cost,29,3,mean,4.679657585375302,3.239576082027242e-15,10.93709512946014,0.0,36.3025618851042,30,30,0,,0.08433797907456271
xxz_delta0.5,XXZ (Delta=0.5),10,5,entanglement_local,Entanglement + local cost,30,3,mean,3.4788531711273203,2.871886768101988e-15,10.20525778465919,0.0,52.378965627683655,30,30,0,,0.0616119074309993
xxz_delta0.5,XXZ (Delta=0.5),10,5,entanglement_local,Entanglement + local cost,31,3,mean,2.4431369086206205,7.675032889536378e-15,6.345801492777146,0.0,27.064580976103276,30,30,0,,0.04921405564625273
xxz_delta0.5,XXZ (Delta=0.5),10,5,entanglement_local,Entanglement + local cost,32,3,mean,4.0296179969782795,2.57325092046527e-15,8.494430203933165,0.0,33.59616783954349,30,30,0,,0.07913141423552424
xxz_delta0.5,XXZ (Delta=0.5),10,5,entanglement_local,Entanglement + local cost,33,3,mean,1.5270769798099322,9.507434080207718e-15,4.126529413798419,0.0,19.173588494791556,30,30,0,,0.029086151513964938
xxz_delta0.5,XXZ (Delta=0.5),10,5,entanglement_local,Entanglement + local cost,34,3,mean,4.4424589555423495,2.6318069998791e-15,16.009717041046294,0.0,88.14638393675982,30,30,0,,0.06102794738589186
xxz_delta0.5,XXZ (Delta=0.5),10,5,entanglement_local,Entanglement + local cost,35,3,mean,2.9682143660596267,1.1639158930538493e-15,6.518722660336054,7.759439287025662e-17,24.66917492797465,30,30,0,,0.06140252179641818
xxz_delta0.5,XXZ (Delta=0.5),10,5,entanglement_local,Entanglement + local cost,36,3,mean,4.104381663888871,1.9290953554076287e-15,8.576891942791187,0.0,35.15891262702629,30,30,0,,0.08063411165678931
xxz_delta0.5,XXZ (Delta=0.5),10,5,entanglement_local,Entanglement + local cost,37,3,mean,3.3720971320200186,3.3162346283596397e-15,8.495900284315098,0.0,29.420192137556825,30,30,0,,0.06190769330573196
xxz_delta0.5,XXZ (Delta=0.5),10,5,entanglement_local,Entanglement + local cost,38,3,mean,4.806950809216664,4.722358140498429e-15,11.303836568986927,0.0,39.07086980062275,30,30,0,,0.08556724406026159
xxz_delta0.5,XXZ (Delta=0.5),10,5,entanglement_local,Entanglement + local cost,39,3,mean,4.0532252197289,5.004834983364605e-15,9.215152835937703,0.0,35.701283489813235,30,30,0,,0.0783482724448523
xxz_delta0.5,XXZ (Delta=0.5),10,5,entanglement_local,Entanglement + local cost,40,3,mean,2.448220521645616,3.7319217958699225e-15,4.903521666130666,0.0,19.458659735985435,30,30,0,,0.046744606469471504
xxz_delta0.5,XXZ (Delta=0.5),10,5,entanglement_local,Entanglement + local cost,41,3,mean,11.766407564408883,2.5728598178051758e-15,34.08221388951687,0.0,130.83744865057042,30,30,0,,0.10123801174874221
xxz_delta0.5,XXZ (Delta=0.5),10,5,entanglement_local,Entanglement + local cost,42,3,mean,3.729057902538368,2.5808247665597815e-15,11.783338162896095,0.0,63.349291223498106,30,30,0,,0.06175741599374026
xxz_delta0.5,XXZ (Delta=0.5),10,5,entanglement_local,Entanglement + local cost,43,3,mean,6.1606852668833785,2.0980730794284644e-15,18.682405319567817,1.5541282069840477e-16,93.62805123235408,30,30,0,,0.08532939714042455
xxz_delta0.5,XXZ (Delta=0.5),10,5,entanglement_local,Entanglement + local cost,44,3,mean,3.8680359394373918,1.3739355059464187e-15,8.337305596904786,0.0,33.94939476470862,30,30,0,,0.07421540099630934
xxz_delta0.5,XXZ (Delta=0.5),10,5,entanglement_local,Entanglement + local cost,45,3,mean,5.701972592839123,1.7155444548192336e-15,12.904224597238619,0.0,47.92370463802295,30,30,0,,0.09928393646588499
xxz_delta0.5,XXZ (Delta=0.5),10,5,entanglement_local,Entanglement + local cost,46,3,mean,3.7278461059169037,2.016863641841134e-15,8.125398220300477,0.0,36.10221652385413,30,30,0,,0.07215471010505965
xxz_delta0.5,XXZ (Delta=0.5),10,5,entanglement_local,Entanglement + local cost,47,3,mean,1.7890921251090701,1.017144271098441e-14,4.75509467167589,0.0,20.242525515582432,30,30,0,,0.03059424565089653
xxz_delta0.5,XXZ (Delta=0.5),10,5,entanglement_local,Entanglement + local cost,48,3,mean,3.2963553460133572,1.5595812636738792e-15,11.776474992306829,0.0,64.92574651895795,30,30,0,,0.052321324905432044
xxz_delta0.5,XXZ (Delta=0.5),10,5,entanglement_local,Entanglement + local cost,49,3,mean,2.1177574163875503,3.1257841113389456e-15,5.9729665077119725,0.0,24.49454778214122,30,30,0,,0.04267013245049086
tfim_h0.5,"TFIM (J=1, h=0.5)",4,4,residual_only,Residual connections only,0,3,mean,7.318522642523595,4.612044220208343,6.641935189569993,0.3612766608517639,23.76725805361532,15,14,1,alpha_0,0.3945580095345586
tfim_h0.5,"TFIM (J=1, h=0.5)",4,4,residual_only,Residual connections only,1,3,mean,14.64804118692008,5.266018522572317,22.111518206411535,1.3767425642544437,81.02493242728647,15,14,1,alpha_0,0.5913946226607006
tfim_h0.5,"TFIM (J=1, h=0.5)",4,4,residual_only,Residual connections only,2,3,mean,8.050496812152163,6.101011172016104,6.028659291549939,0.5062436911967785,21.713738067592836,15,14,1,alpha_0,0.5437677396073587
tfim_h0.5,"TFIM (J=1, h=0.5)",4,4,residual_only,Residual connections only,3,3,mean,11.1214770205401,9.236417144329442,9.760606418031717,0.4551851968502693,36.24478081800522,15,14,1,alpha_0,0.7150953462691195
tfim_h0.5,"TFIM (J=1, h=0.5)",4,4,residual_only,Residual connections only,4,3,mean,14.731434870441825,9.367317512034948,15.460662407466884,0.22304327077311178,63.36459535514793,15,14,1,alpha_0,0.7605642627358373
tfim_h0.5,"TFIM (J=1, h=0.5)",4,4,residual_only,Residual connections only,5,3,mean,5.278010576730577,3.4841785299711625,6.259573379418025,0.06721865558571576,23.11441870142279,15,14,1,alpha_0,0.475581609806523
tfim_h0.5,"TFIM (J=1, h=0.5)",4,4,residual_only,Residual connections only,6,3,mean,5.744493827132381,5.371785303501005,4.621054679014692,0.10415855333662775,16.810229075674624,15,14,1,alpha_0,0.3821551974400636
tfim_h0.5,"TFIM (J=1, h=0.5)",4,4,residual_only,Residual connections only,7,3,mean,9.870200509784627,6.457441336513009,7.908812085247564,0.3639140384004926,24.421546695870546,15,14,1,alpha_0,0.45218440682982075
tfim_h0.5,"TFIM (J=1, h=0.5)",4,4,residual_only,Residual connections only,8,3,mean,11.852776868619696,10.920418627480181,10.65395905682287,0.5544360088583503,33.850067354652964,15,14,1,alpha_0,0.6320264959286149
tfim_h0.5,"TFIM (J=1, h=0.5)",4,4,residual_only,Residual connections only,9,3,mean,6.707519278158515,3.869993166273635,5.740134444337399,0.2504935947618408,19.47707116407911,15,14,1,alpha_0,0.5735844367868727
tfim_h0.5,"TFIM (J=1, h=0.5)",4,4,residual_only,Residual connections only,10,3,mean,9.768279746209933,5.918422340406538,9.54761500243903,1.530858795397441,32.732538469357,15,14,1,alpha_0,0.581666307841584
tfim_h0.5,"TFIM (J=1, h=0.5)",4,4,residual_only,Residual connections only,11,3,mean,12.356976105346357,11.32291086299012,9.570572242596857,1.1417430794534615,38.009878416120344,15,14,1,alpha_0,0.5637190056410297
tfim_h0.5,"TFIM (J=1, h=0.5)",4,4,residual_only,Residual connections only,12,3,mean,10.984943615096924,13.199267207133413,6.476182386263984,0.20043180388381357,19.792520402217185,15,14,1,alpha_0,0.5716694104954446
tfim_h0.5,"TFIM (J=1, h=0.5)",4,4,residual_only,Residual connections only,13,3,mean,8.778186501307514,5.428261631736399,8.145820313054417,1.212643913406118,29.745381855271727,15,14,1,alpha_0,0.5068503305561206
tfim_h0.5,"TFIM (J=1, h=0.5)",4,4,residual_only,Residual connections only,14,3,mean,10.404479965530681,6.581727274744011,11.955479747324908,0.1615736608203456,47.25070065472391,15,14,1,alpha_0,0.62346953760565
tfim_h0.5,"TFIM (J=1, h=0.5)",4,4,residual_only,Residual connections only,15,3,mean,7.981748927141021,7.013148899159605,6.80737302208998,0.0028987701917782905,29.01668237247207,15,14,1,alpha_0,0.5313521846157883
tfim_h0.5,"TFIM (J=1, h=0.5)",4,4,residual_only,Residual connections only,16,3,mean,16.503422392922555,13.228237352621633,12.590227264560832,0.1014991260830416,41.61437818486137,15,14,1,alpha_0,1.0918268920938958
tfim_h0.5,"TFIM (J=1, h=0.5)",4,4,residual_only,Residual connections only,17,3,mean,8.227120662536622,8.213948437471952,5.719960356395147,0.24059995681102744,21.77478059135783,15,14,1,alpha_0,0.6781077129018928
tfim_h0.5,"TFIM (J=1, h=0.5)",4,4,residual_only,Residual connections only,18,3,mean,9.756357587455748,7.920255760457989,11.301354557671557,0.49596400822510767,42.32796104309972,15,14,1,alpha_0,0.7275705148810343
tfim_h0.5,"TFIM (J=1, h=0.5)",4,4,residual_only,Residual connections only,19,3,mean,11.173737273552925,7.520610565571851,8.818109979065355,0.07152854043715517,28.205234204418545,15,14,1,alpha_0,0.6676013049684043
tfim_h0.5,"TFIM (J=1, h=0.5)",4,4,residual_only,Residual connections only,20,3,mean,8.025809056927699,7.794684147529416,7.076297396371569,0.06799928838421321,26.480208735490844,15,14,1,alpha_0,0.34325730520869513
tfim_h0.5,"TFIM (J=1, h=0.5)",4,4,residual_only,Residual connections only,21,3,mean,6.136655916208193,4.586941451089189,4.29622347507271,0.6307967706982017,14.362019944308702,15,14,1,alpha_0,0.40005505416362674
tfim_h0.5,"TFIM (J=1, h=0.5)",4,4,residual_only,Residual connections only,22,3,mean,8.251156320668688,5.103080153090312,7.2397580758295765,0.10146874018619594,21.583077108366098,15,14,1,alpha_0,0.38601119149449586
tfim_h0.5,"TFIM (J=1, h=0.5)",4,4,residual_only,Residual connections only,23,3,mean,11.784266324470863,13.37889789791706,6.965643061576018,2.209493380528456,25.661804663082517,15,14,1,alpha_0,0.6250869265945571
tfim_h0.5,"TFIM (J=1, h=0.5)",4,4,residual_only,Residual connections only,24,3,mean,11.397330642249953,5.366062153565907,12.707511393875004,0.7629304249072503,40.318685476288806,15,14,1,alpha_0,0.7013730207458405
tfim_h0.5,"TFIM (J=1, h=0.5)",4,4,residual_only,Residual connections only,25,3,mean,11.159044292113569,7.180290362747856,12.190946593293624,0.4497108502397556,48.18074953008359,15,14,1,alpha_0,0.6233467552472388
tfim_h0.5,"TFIM (J=1, h=0.5)",4,4,residual_only,Residual connections only,26,3,mean,11.735373415986462,10.535946023168462,7.468311494903246,1.6596425377756705,26.718897536078533,15,14,1,alpha_0,0.5773121140797678
tfim_h0.5,"TFIM (J=1, h=0.5)",4,4,residual_only,Residual connections only,27,3,mean,6.187370409744902,4.547090019701473,5.085141681964267,0.4633069246936234,19.896903727741773,15,14,1,alpha_0,0.41891979428778986
tfim_h0.5,"TFIM (J=1, h=0.5)",4,4,residual_only,Residual connections only,28,3,mean,9.847490502744979,7.769477959741064,7.223985558127449,0.14064084196797882,21.47018550721581,15,14,1,alpha_0,0.6750125271041121
tfim_h0.5,"TFIM (J=1, h=0.5)",4,4,residual_only,Residual connections only,29,3,mean,9.807230402226084,8.818119479338865,6.226379560846797,0.3084404632277739,23.734318663106265,15,14,1,alpha_0,0.5758771290978072
tfim_h0.5,"TFIM (J=1, h=0.5)",4,4,residual_only,Residual connections only,30,3,mean,13.992692748237234,9.36432061485941,11.668206833172658,0.037653102859928546,40.477403762565295,15,14,1,alpha_0,0.7467147276600533
tfim_h0.5,"TFIM (J=1, h=0.5)",4,4,residual_only,Residual connections only,31,3,mean,9.367689978492876,8.717711522462086,7.237997641969361,0.31301797847450386,31.08307565755861,15,14,1,alpha_0,0.40133391342309094
tfim_h0.5,"TFIM (J=1, h=0.5)",4,4,residual_only,Residual connections only,32,3,mean,10.091774093694443,8.530958526958738,7.957303087251636,1.1856830014465436,32.14616353284203,15,14,1,alpha_0,0.7213347467664388
tfim_h0.5,"TFIM (J=1, h=0.5)",4,4,residual_only,Residual connections only,33,3,mean,13.80182901353922,12.365174060714429,9.417781703692121,2.4528873304978966,39.85060829584763,15,14,1,alpha_0,0.5350887391456052
tfim_h0.5,"TFIM (J=1, h=0.5)",4,4,residual_only,Residual connections only,34,3,mean,9.499522899563393,4.211302717730927,10.075860700907425,0.19295032322223254,34.02473357739068,15,14,1,alpha_0,0.4629585706492684
tfim_h0.5,"TFIM (J=1, h=0.5)",4,4,residual_only,Residual connections only,35,3,mean,11.670681282310422,11.906464188328657,7.026943994651885,0.9421891272697459,25.582139983274143,15,14,1,alpha_0,0.476828744135588
tfim_h0.5,"TFIM (J=1, h=0.5)",4,4,residual_only,Residual connections only,36,3,mean,6.39682645824648,3.659489172229934,7.42734844670429,0.16604861845399332,24.79803867159512,15,14,1,alpha_0,0.5175320167988651
tfim_h0.5,"TFIM (J=1, h=0.5)",4,4,residual_only,Residual connections only,37,3,mean,5.754360891140626,5.568727777666767,4.298722102948645,0.6141308443895609,16.259703147827345,15,14,1,alpha_0,0.3824678047266861
tfim_h0.5,"TFIM (J=1, h=0.5)",4,4,residual_only,Residual connections only,38,3,mean,9.212841179269962,6.85977320132182,5.791294810209249,2.8091559587985437,21.442132553834465,15,14,1,alpha_0,0.4557755015428492
tfim_h0.5,"TFIM (J=1, h=0.5)",4,4,residual_only,Residual connections only,39,3,mean,11.618252558965287,9.812776596517505,11.925589943870749,0.21371096165714543,46.7794315757601,15,14,1,alpha_0,0.4654428651099222
tfim_h0.5,"TFIM (J=1, h=0.5)",4,4,residual_only,Residual connections only,40,3,mean,9.944568630413647,3.1695423048667535,12.626037372202273,0.04820968793005769,44.69208917641518,15,14,1,alpha_0,0.43639077605312837
tfim_h0.5,"TFIM (J=1, h=0.5)",4,4,residual_only,Residual connections only,41,3,mean,11.763059704127565,12.597184062986198,7.763454217487368,0.7965041780551845,26.764203980594356,15,14,1,alpha_0,0.5877450429550157
tfim_h0.5,"TFIM (J=1, h=0.5)",4,4,residual_only,Residual connections only,42,3,mean,6.955446251014695,7.260245767951094,4.064197930204817,0.7682736377329048,14.432966159626565,15,14,1,alpha_0,0.5191287983645367
tfim_h0.5,"TFIM (J=1, h=0.5)",4,4,residual_only,Residual connections only,43,3,mean,11.23653981736048,5.486914427682345,11.4247107639305,0.14997059166177718,36.182863375834735,15,14,1,alpha_0,0.5234947918092413
tfim_h0.5,"TFIM (J=1, h=0.5)",4,4,residual_only,Residual connections only,44,3,mean,9.881514365724067,6.815704242868752,9.267823525307854,0.6188579152265722,37.229718388062416,15,14,1,alpha_0,0.7831612397791454
tfim_h0.5,"TFIM (J=1, h=0.5)",4,4,residual_only,Residual connections only,45,3,mean,13.10575473897913,6.603097570480424,15.078286030304048,0.2096201610554845,52.603101125101084,15,14,1,alpha_0,0.8049184019474054
tfim_h0.5,"TFIM (J=1, h=0.5)",4,4,residual_only,Residual connections only,46,3,mean,16.21883425757733,11.985101548112404,11.20614570627498,3.4060101235034517,43.46504149522022,15,14,1,alpha_0,0.7927957018421969
tfim_h0.5,"TFIM (J=1, h=0.5)",4,4,residual_only,Residual connections only,47,3,mean,4.903550846593016,1.6372473044473215,5.870385451916868,0.4229966554692824,17.925244008802583,15,14,1,alpha_0,0.42168929903679486
tfim_h0.5,"TFIM (J=1, h=0.5)",4,4,residual_only,Residual connections only,48,3,mean,7.292941299115394,4.683783832689993,8.539093540922858,0.29956622553676726,34.07861760508977,15,14,1,alpha_0,0.31129094445006333
tfim_h0.5,"TFIM (J=1, h=0.5)",4,4,residual_only,Residual connections only,49,3,mean,8.063295563150566,8.476365569223917,5.720415349688859,0.368077738997458,16.55702105574888,15,14,1,alpha_0,0.6787045136346357
tfim_h0.5,"TFIM (J=1, h=0.5)",4,6,entanglement_residual,Entanglement + residual,0,3,mean,8.835646690510767,5.504722744980486,8.398142023293051,1.0612295484911518,32.851823669804425,15,14,1,alpha_0,0.364321945784425
tfim_h0.5,"TFIM (J=1, h=0.5)",4,6,entanglement_residual,Entanglement + residual,1,3,mean,8.651529727852319,7.674935296452249,5.858004055124737,0.437620604410694,20.539508685387926,15,14,1,alpha_0,0.3919362482847079
tfim_h0.5,"TFIM (J=1, h=0.5)",4,6,entanglement_residual,Entanglement + residual,2,3,mean,11.476609566058517,5.686141843494154,13.02800710836851,0.8159916842799443,46.40151008390987,15,14,1,alpha_0,0.5199752250800482
tfim_h0.5,"TFIM (J=1, h=0.5)",4,6,entanglement_residual,Entanglement + residual,3,3,mean,12.538753070276892,10.354169764720382,9.138287893278196,1.3638943495209386,34.79479502056384,15,14,1,alpha_0,0.7856654588472274
tfim_h0.5,"TFIM (J=1, h=0.5)",4,6,entanglement_residual,Entanglement + residual,4,3,mean,21.12434435567437,12.353573971585293,22.15276369327888,0.35371361964423853,80.95202315556172,15,14,1,alpha_0,1.0981508664466282
tfim_h0.5,"TFIM (J=1, h=0.5)",4,6,entanglement_residual,Entanglement + residual,5,3,mean,12.60107233449657,8.598781429419198,13.380530117132107,1.0117972018797565,50.997041682540086,15,14,1,alpha_0,0.930948695335425
tfim_h0.5,"TFIM (J=1, h=0.5)",4,6,entanglement_residual,Entanglement + residual,6,3,mean,9.147941014682743,6.975238239066911,7.066941034774156,0.9850580441372198,29.46740584227608,15,14,1,alpha_0,0.5417495010753208
tfim_h0.5,"TFIM (J=1, h=0.5)",4,6,entanglement_residual,Entanglement + residual,7,3,mean,10.642608618401894,6.175889836132814,8.691662073480709,1.7814772635516818,30.832590338773922,15,14,1,alpha_0,0.527364181925796
tfim_h0.5,"TFIM (J=1, h=0.5)",4,6,entanglement_residual,Entanglement + residual,8,3,mean,11.781167222132122,9.707737620430418,7.426245220477686,0.318921837121951,24.88054285758736,15,14,1,alpha_0,0.6121009086394757
tfim_h0.5,"TFIM (J=1, h=0.5)",4,6,entanglement_residual,Entanglement + residual,9,3,mean,13.551719168775744,11.874936849397294,8.149683957744326,2.8014640766152246,27.976212079711882,15,14,1,alpha_0,0.9840201490329407
tfim_h0.5,"TFIM (J=1, h=0.5)",4,6,entanglement_residual,Entanglement + residual,10,3,mean,10.508412181051025,8.867811868880846,9.65066824397185,0.7891581996159882,37.81234903734907,15,14,1,alpha_0,0.5790883027161916
tfim_h0.5,"TFIM (J=1, h=0.5)",4,6,entanglement_residual,Entanglement + residual,11,3,mean,16.32840187512772,16.417027825108406,9.50660662804134,1.6443165932476858,37.8362860068458,15,14,1,alpha_0,0.6319471233735658
tfim_h0.5,"TFIM (J=1, h=0.5)",4,6,entanglement_residual,Entanglement + residual,12,3,mean,11.069419907650843,8.76478180227227,8.360768308483623,0.5324625279321532,29.310799067331562,15,14,1,alpha_0,0.5689021158122475
tfim_h0.5,"TFIM (J=1, h=0.5)",4,6,entanglement_residual,Entanglement + residual,13,3,mean,10.477418453056174,8.342993894584389,7.022380614754793,0.9541086333378447,24.758026063119107,15,14,1,alpha_0,0.6351134623361392
tfim_h0.5,"TFIM (J=1, h=0.5)",4,6,entanglement_residual,Entanglement + residual,14,3,mean,8.946033619482659,5.41686420211027,6.902652100524164,0.3746188031901265,22.230374656172806,15,14,1,alpha_0,0.5364121380736455
tfim_h0.5,"TFIM (J=1, h=0.5)",4,6,entanglement_residual,Entanglement + residual,15,3,mean,11.386779814276167,7.397977275708487,8.757272983534863,2.4591755979383843,29.2868630475763,15,14,1,alpha_0,0.5906332140334223
tfim_h0.5,"TFIM (J=1, h=0.5)",4,6,entanglement_residual,Entanglement + residual,16,3,mean,18.911059510848094,16.35253638645704,15.222456379813188,0.9906923917191062,46.86963195130386,15,14,1,alpha_0,1.1692125042954202
tfim_h0.5,"TFIM (J=1, h=0.5)",4,6,entanglement_residual,Entanglement + residual,17,3,mean,8.959008359454193,7.538529160275253,7.645519237251507,1.54063531322973,29.350855945500086,15,14,1,alpha_0,0.5944051741970131
tfim_h0.5,"TFIM (J=1, h=0.5)",4,6,entanglement_residual,Entanglement + residual,18,3,mean,11.217332517428176,9.996327564364773,7.803946585074533,1.530233499085227,25.548140288652803,15,14,1,alpha_0,0.758846342072917
tfim_h0.5,"TFIM (J=1, h=0.5)",4,6,entanglement_residual,Entanglement + residual,19,3,mean,12.791778808778023,12.074058594054833,8.816936354771801,1.6014195302195995,38.431714004550464,15,14,1,alpha_0,0.7429220310003858
tfim_h0.5,"TFIM (J=1, h=0.5)",4,6,entanglement_residual,Entanglement + residual,20,3,mean,11.056856648779165,5.752374130215026,10.460062129511122,0.03152372879568183,29.666898946371713,15,14,1,alpha_0,0.4281017048710341
tfim_h0.5,"TFIM (J=1, h=0.5)",4,6,entanglement_residual,Entanglement + residual,21,3,mean,12.563815393659114,6.424925820240562,11.630351718912689,0.20458119341998496,38.367920444047186,15,14,1,alpha_0,0.7748187865284705
tfim_h0.5,"TFIM (J=1, h=0.5)",4,6,entanglement_residual,Entanglement + residual,22,3,mean,13.63272426217336,11.480143724911391,7.008630586554392,1.620251044681213,27.71987713735835,15,14,1,alpha_0,0.5636599041392735
tfim_h0.5,"TFIM (J=1, h=0.5)",4,6,entanglement_residual,Entanglement + residual,23,3,mean,14.11544411670599,12.242030930262716,9.098031050890167,1.8233069052902813,30.47081355555624,15,14,1,alpha_0,0.6395210686384648
tfim_h0.5,"TFIM (J=1, h=0.5)",4,6,entanglement_residual,Entanglement + residual,24,3,mean,10.632116033961605,7.791186119574237,6.661473552070619,1.8697358590880542,25.241973804342933,15,14,1,alpha_0,0.5621857869137056
tfim_h0.5,"TFIM (J=1, h=0.5)",4,6,entanglement_residual,Entanglement + residual,25,3,mean,14.927932031783076,14.420943862180057,12.795914986442694,0.349156886498526,47.602925957493056,15,14,1,alpha_0,0.7869587686607004
tfim_h0.5,"TFIM (J=1, h=0.5)",4,6,entanglement_residual,Entanglement + residual,26,3,mean,16.833114820561313,15.005332381764308,7.923795175193919,8.105184210853889,34.92924865222052,15,14,1,alpha_0,0.7706514033182241
tfim_h0.5,"TFIM (J=1, h=0.5)",4,6,entanglement_residual,Entanglement + residual,27,3,mean,10.968377846141895,10.480200708108914,7.121262793735863,1.455178603154716,23.693334288280795,15,14,1,alpha_0,0.716841150086015
tfim_h0.5,"TFIM (J=1, h=0.5)",4,6,entanglement_residual,Entanglement + residual,28,3,mean,11.543241142085984,8.860356841389088,9.830951852446066,0.8550360104758321,39.544391465028504,15,14,1,alpha_0,0.7141829546896581
tfim_h0.5,"TFIM (J=1, h=0.5)",4,6,entanglement_residual,Entanglement + residual,29,3,mean,13.737553964044215,7.921575141395053,11.992153407699977,3.947134321341119,47.404486530372395,15,14,1,alpha_0,0.5771166193140661
tfim_h0.5,"TFIM (J=1, h=0.5)",4,6,entanglement_residual,Entanglement + residual,30,3,mean,17.795526832540016,17.161169486070825,11.642594177319229,2.76720365682872,40.10926177085937,15,14,1,alpha_0,0.9941228396812012
tfim_h0.5,"TFIM (J=1, h=0.5)",4,6,entanglement_residual,Entanglement + residual,31,3,mean,12.53668303004022,11.109007069680409,8.351569352127067,2.5556514379712794,32.28063331343092,15,14,1,alpha_0,0.5487894248707131
tfim_h0.5,"TFIM (J=1, h=0.5)",4,6,entanglement_residual,Entanglement + residual,32,3,mean,6.338925440831881,4.433935590493076,5.608023480410096,0.7382581810443231,19.00914061931366,15,14,1,alpha_0,0.4460838994246296
tfim_h0.5,"TFIM (J=1, h=0.5)",4,6,entanglement_residual,Entanglement + residual,33,3,mean,14.753820729342994,8.851023326700169,12.593557540731055,3.3533289120460656,43.22426059535618,15,14,1,alpha_0,0.521498277211607
tfim_h0.5,"TFIM (J=1, h=0.5)",4,6,entanglement_residual,Entanglement + residual,34,3,mean,16.059675071177075,7.550541173671702,15.34692555268161,0.6176121366926491,52.025613275925764,15,14,1,alpha_0,0.7364990958425539
tfim_h0.5,"TFIM (J=1, h=0.5)",4,6,entanglement_residual,Entanglement + residual,35,3,mean,9.184042962199568,7.713133960501812,9.771390696204,0.6423537798109075,40.82746003518353,15,14,1,alpha_0,0.3492913832718203
tfim_h0.5,"TFIM (J=1, h=0.5)",4,6,entanglement_residual,Entanglement + residual,36,3,mean,10.101813986543787,8.36400533249909,6.834093215853539,2.074260721492899,25.444603492534554,15,14,1,alpha_0,0.6944788639842997
tfim_h0.5,"TFIM (J=1, h=0.5)",4,6,entanglement_residual,Entanglement + residual,37,3,mean,12.107674504955792,8.570250539384894,10.055993365987744,0.1541853836137904,30.48882793760798,15,14,1,alpha_0,0.6694108265091213
tfim_h0.5,"TFIM (J=1, h=0.5)",4,6,entanglement_residual,Entanglement + residual,38,3,mean,11.996154503729489,5.840783519881594,13.076270844155548,0.7112257878325086,47.483921894710726,15,14,1,alpha_0,0.5614689031636835
tfim_h0.5,"TFIM (J=1, h=0.5)",4,6,entanglement_residual,Entanglement + residual,39,3,mean,16.543332481207887,12.41612913447102,12.279126369678165,1.4533212778638744,41.92320624813309,15,14,1,alpha_0,0.6870785372658451
tfim_h0.5,"TFIM (J=1, h=0.5)",4,6,entanglement_residual,Entanglement + residual,40,3,mean,12.253493654257396,12.41033356746096,10.129502166826713,0.09820261373596838,35.47914303774208,15,14,1,alpha_0,0.4133091449306434
tfim_h0.5,"TFIM (J=1, h=0.5)",4,6,entanglement_residual,Entanglement + residual,41,3,mean,12.908803194333032,11.302400497788536,10.129725489474216,0.008419560455807188,42.192302903481064,15,14,1,alpha_0,0.5908626518040924
tfim_h0.5,"TFIM (J=1, h=0.5)",4,6,entanglement_residual,Entanglement + residual,42,3,mean,9.120196781307703,5.787845478938599,7.2853387349064,1.5624994902821243,23.194196409205976,15,14,1,alpha_0,0.5703108990350712
tfim_h0.5,"TFIM (J=1, h=0.5)",4,6,entanglement_residual,Entanglement + residual,43,3,mean,12.295934593183732,10.305376770001232,11.769083661075525,0.057424290124521785,49.6488646856871,15,14,1,alpha_0,0.5149504462659023
tfim_h0.5,"TFIM (J=1, h=0.5)",4,6,entanglement_residual,Entanglement + residual,44,3,mean,17.765157508839298,17.42561101055446,9.500172205593396,0.6048073649269047,39.07180021819816,15,14,1,alpha_0,1.1322869468079317
tfim_h0.5,"TFIM (J=1, h=0.5)",4,6,entanglement_residual,Entanglement + residual,45,3,mean,16.003212766490115,6.628598955717327,22.879831713429617,2.112547692449539,74.72361734653505,15,14,1,alpha_0,1.0238189206423347
tfim_h0.5,"TFIM (J=1, h=0.5)",4,6,entanglement_residual,Entanglement + residual,46,3,mean,14.835215834616639,12.140762690302292,11.077945053325221,2.817668420068272,34.078591323059484,15,14,1,alpha_0,0.7738778664743312
tfim_h0.5,"TFIM (J=1, h=0.5)",4,6,entanglement_residual,Entanglement + residual,47,3,mean,14.220232076262784,11.504476899653103,9.776477633312329,2.260528933308839,36.52365079181013,15,14,1,alpha_0,0.7645015069448527
tfim_h0.5,"TFIM (J=1, h=0.5)",4,6,entanglement_residual,Entanglement + residual,48,3,mean,14.392554075087745,14.283092125359637,9.088404361082466,1.993817722280624,34.21101937129007,15,14,1,alpha_0,0.6001708547633889
tfim_h0.5,"TFIM (J=1, h=0.5)",4,6,entanglement_residual,Entanglement + residual,49,3,mean,10.923515416843106,10.42498062138565,9.023422470284768,0.06869262229143547,31.427583338313166,15,14,1,alpha_0,0.7804238026722595
tfim_h0.5,"TFIM (J=1, h=0.5)",4,7,combined,Combined (A+B+C),0,3,mean,13.751774212137708,11.843834151411553,11.79965539429745,0.0,32.851823669804425,15,14,1,alpha_0,0.5100575274563542
tfim_h0.5,"TFIM (J=1, h=0.5)",4,7,combined,Combined (A+B+C),1,3,mean,11.626651127196533,7.8366891762889965,14.513330363549002,0.0,58.29183675882518,15,14,1,alpha_0,0.3987500774668972
tfim_h0.5,"TFIM (J=1, h=0.5)",4,7,combined,Combined (A+B+C),2,3,mean,10.986853058308998,4.863165065224277,15.21725568921913,0.0,47.20066413896752,15,14,1,alpha_0,0.4401398038486003
tfim_h0.5,"TFIM (J=1, h=0.5)",4,7,combined,Combined (A+B+C),3,3,mean,8.680193506279698,6.9121845499672645,7.914062385460003,0.0,24.35633593697399,15,14,1,alpha_0,0.4822807221645516
tfim_h0.5,"TFIM (J=1, h=0.5)",4,7,combined,Combined (A+B+C),4,3,mean,16.192470677305227,12.016322293945152,20.939846585794225,0.0,80.95202315556172,15,14,1,alpha_0,0.6952218482653484
tfim_h0.5,"TFIM (J=1, h=0.5)",4,7,combined,Combined (A+B+C),5,3,mean,13.867246100199832,9.443024777708413,13.531202177967947,0.0,40.144692488683766,15,14,1,alpha_0,0.9630683353211912
tfim_h0.5,"TFIM (J=1, h=0.5)",4,7,combined,Combined (A+B+C),6,3,mean,11.198474921597365,3.9416606052282,14.183094152130584,0.0,47.99894536399838,15,14,1,alpha_0,0.5734547757316117
tfim_h0.5,"TFIM (J=1, h=0.5)",4,7,combined,Combined (A+B+C),7,3,mean,6.599785685497304,5.628077973583116,6.136520500899355,0.0,19.322091952801916,15,14,1,alpha_0,0.2753682295193631
tfim_h0.5,"TFIM (J=1, h=0.5)",4,7,combined,Combined (A+B+C),8,3,mean,6.7397350368537605,3.9828249392981334,7.421772751019438,0.0,24.88054285758736,15,14,1,alpha_0,0.2883984651990718
tfim_h0.5,"TFIM (J=1, h=0.5)",4,7,combined,Combined (A+B+C),9,3,mean,11.169024176009831,9.503755457605367,7.963736384374807,0.0,26.387002607146798,15,14,1,alpha_0,0.7517341679342571
tfim_h0.5,"TFIM (J=1, h=0.5)",4,7,combined,Combined (A+B+C),10,3,mean,10.769932266888592,4.4514163394266735,13.855409206259932,0.0,39.568794056514655,15,14,1,alpha_0,0.5119995489169081
tfim_h0.5,"TFIM (J=1, h=0.5)",4,7,combined,Combined (A+B+C),11,3,mean,12.36027587929327,8.399611233967626,11.055507883285399,0.0,37.8362860068458,15,14,1,alpha_0,0.31447194624689223
tfim_h0.5,"TFIM (J=1, h=0.5)",4,7,combined,Combined (A+B+C),12,3,mean,9.679884353831701,4.217385759315065,16.21734971045326,0.0,65.53327153142426,15,14,1,alpha_0,0.3665742905202913
tfim_h0.5,"TFIM (J=1, h=0.5)",4,7,combined,Combined (A+B+C),13,3,mean,12.80017759995819,9.391826980355615,12.341479413168484,0.0,43.09677129409487,15,14,1,alpha_0,0.6902716093644232
tfim_h0.5,"TFIM (J=1, h=0.5)",4,7,combined,Combined (A+B+C),14,3,mean,5.806389059684517,1.9813839211800326,10.778579553911728,0.0,42.530244623682734,15,14,1,alpha_0,0.2982975953721945
tfim_h0.5,"TFIM (J=1, h=0.5)",4,7,combined,Combined (A+B+C),15,3,mean,13.041697944125517,5.218675864160174,15.55052629263557,0.0,44.70546097365353,15,14,1,alpha_0,0.5962770652140043
tfim_h0.5,"TFIM (J=1, h=0.5)",4,7,combined,Combined (A+B+C),16,3,mean,18.26073378337654,15.128826115717446,14.908489582192056,0.0,46.86963195130386,15,14,1,alpha_0,1.0083295826796745
tfim_h0.5,"TFIM (J=1, h=0.5)",4,7,combined,Combined (A+B+C),17,3,mean,6.552090470794913,3.9407748706901016,7.17704427069401,0.0,20.462171186117136,15,14,1,alpha_0,0.3974057815658414
tfim_h0.5,"TFIM (J=1, h=0.5)",4,7,combined,Combined (A+B+C),18,3,mean,12.157830163127812,6.939150847400882,11.580943645519591,0.0,35.50772610370651,15,14,1,alpha_0,0.7549937459173083
tfim_h0.5,"TFIM (J=1, h=0.5)",4,7,combined,Combined (A+B+C),19,3,mean,10.990101537357196,6.010960779292045,12.656848351375864,0.0,38.431714004550464,15,14,1,alpha_0,0.532881480379168
tfim_h0.5,"TFIM (J=1, h=0.5)",4,7,combined,Combined (A+B+C),20,3,mean,7.364659415146457,2.8196106236457235,14.253259118371233,0.0,56.768297964512854,15,14,1,alpha_0,0.17557478985185745
tfim_h0.5,"TFIM (J=1, h=0.5)",4,7,combined,Combined (A+B+C),21,3,mean,10.232827420696621,7.776440610207212,10.438793367431062,0.0,39.51344556799642,15,14,1,alpha_0,0.5794486737551644
tfim_h0.5,"TFIM (J=1, h=0.5)",4,7,combined,Combined (A+B+C),22,3,mean,7.925775561952578,4.043249728354377,10.482981212819087,0.0,36.48789444871198,15,14,1,alpha_0,0.23794066195125396
tfim_h0.5,"TFIM (J=1, h=0.5)",4,7,combined,Combined (A+B+C),23,3,mean,8.121808405336994,7.864098405035387,7.209802242864011,0.0,23.008927439690925,15,14,1,alpha_0,0.31688917381533444
tfim_h0.5,"TFIM (J=1, h=0.5)",4,7,combined,Combined (A+B+C),24,3,mean,6.414889356978509,6.18689209791451,6.541325701310595,0.0,25.241973804342933,15,14,1,alpha_0,0.31150559550919166
tfim_h0.5,"TFIM (J=1, h=0.5)",4,7,combined,Combined (A+B+C),25,3,mean,8.626137509182113,3.474625376453265,11.280528385012078,0.0,38.39091973923752,15,14,1,alpha_0,0.3667876345625563
tfim_h0.5,"TFIM (J=1, h=0.5)",4,7,combined,Combined (A+B+C),26,3,mean,10.193276728488595,8.364908261825555,8.17791705231326,0.0,29.886819463828115,15,14,1,alpha_0,0.366784109150561
tfim_h0.5,"TFIM (J=1, h=0.5)",4,7,combined,Combined (A+B+C),27,3,mean,5.002060700394106,2.7531743068688526,6.334963135713593,0.0,21.336862292342587,15,14,1,alpha_0,0.31816002814932587
tfim_h0.5,"TFIM (J=1, h=0.5)",4,7,combined,Combined (A+B+C),28,3,mean,10.406478765013967,10.691632029240264,8.630653955384627,0.0,26.083031341413403,15,14,1,alpha_0,0.5651075295142206
tfim_h0.5,"TFIM (J=1, h=0.5)",4,7,combined,Combined (A+B+C),29,3,mean,11.473130908233625,6.532141739587669,12.897952865218247,0.0,47.404486530372395,15,14,1,alpha_0,0.3894733595294598
tfim_h0.5,"TFIM (J=1, h=0.5)",4,7,combined,Combined (A+B+C),30,3,mean,7.938894315329386,5.35189474219759,7.843811220333176,0.0,24.509501202105145,15,14,1,alpha_0,0.36067260159905
tfim_h0.5,"TFIM (J=1, h=0.5)",4,7,combined,Combined (A+B+C),31,3,mean,7.78235379427178,5.159196778591553,8.808855689647949,0.0,32.28063331343092,15,14,1,alpha_0,0.2717457279714883
tfim_h0.5,"TFIM (J=1, h=0.5)",4,7,combined,Combined (A+B+C),32,3,mean,3.7248207946173086,3.098773686649965,3.2295247411813306,0.0,9.973870751470649,15,14,1,alpha_0,0.24715366615404671
tfim_h0.5,"TFIM (J=1, h=0.5)",4,7,combined,Combined (A+B+C),33,3,mean,15.908982216211571,7.070421918940546,20.08687595928675,0.0,61.979202423357805,15,14,1,alpha_0,0.34976556803084297
tfim_h0.5,"TFIM (J=1, h=0.5)",4,7,combined,Combined (A+B+C),34,3,mean,14.440521030782078,9.631648070340825,14.477084517874223,0.0,37.79631606142315,15,14,1,alpha_0,0.5405933459660565
tfim_h0.5,"TFIM (J=1, h=0.5)",4,7,combined,Combined (A+B+C),35,3,mean,8.743067732630495,4.564901879071789,12.294617803942602,0.0,40.82746003518353,15,14,1,alpha_0,0.2341560441423925
tfim_h0.5,"TFIM (J=1, h=0.5)",4,7,combined,Combined (A+B+C),36,3,mean,5.640515697884178,4.713566239192158,4.909244817007759,0.0,19.12298945445439,15,14,1,alpha_0,0.34499617994515214
tfim_h0.5,"TFIM (J=1, h=0.5)",4,7,combined,Combined (A+B+C),37,3,mean,13.02313377710276,8.859449134728488,14.307064035455124,0.0,56.06508684165419,15,14,1,alpha_0,0.6056369527875715
tfim_h0.5,"TFIM (J=1, h=0.5)",4,7,combined,Combined (A+B+C),38,3,mean,8.83238253250869,6.338599175020928,8.936987774753847,0.0,25.956116425469023,15,14,1,alpha_0,0.353740765871215
tfim_h0.5,"TFIM (J=1, h=0.5)",4,7,combined,Combined (A+B+C),39,3,mean,4.476146030890518,1.765510271720713,5.140373823540764,0.0,18.40074062156792,15,14,1,alpha_0,0.1583305428954955
tfim_h0.5,"TFIM (J=1, h=0.5)",4,7,combined,Combined (A+B+C),40,3,mean,11.16596446956086,3.392257047517906,15.012287775194535,0.0,51.72575130440748,15,14,1,alpha_0,0.24448242983102825
tfim_h0.5,"TFIM (J=1, h=0.5)",4,7,combined,Combined (A+B+C),41,3,mean,12.141177862120712,9.017246120890787,11.934008108498375,0.0,42.192302903481064,15,14,1,alpha_0,0.4484826735724524
tfim_h0.5,"TFIM (J=1, h=0.5)",4,7,combined,Combined (A+B+C),42,3,mean,5.196404524556007,2.69161415770704,4.936060931819983,0.0,14.359439361811507,15,14,1,alpha_0,0.290636823445985
tfim_h0.5,"TFIM (J=1, h=0.5)",4,7,combined,Combined (A+B+C),43,3,mean,7.081345073073679,8.203316564257786,5.301221547740031,0.0,16.83108568758592,15,14,1,alpha_0,0.26165307446341324
tfim_h0.5,"TFIM (J=1, h=0.5)",4,7,combined,Combined (A+B+C),44,3,mean,12.754575680842066,13.152592235812147,10.268969412253616,0.0,33.77103634232295,15,14,1,alpha_0,0.716147556654011
tfim_h0.5,"TFIM (J=1, h=0.5)",4,7,combined,Combined (A+B+C),45,3,mean,11.795375247657391,5.747209298163915,14.911922956396,0.0,47.870264711805945,15,14,1,alpha_0,0.6894701609047202
tfim_h0.5,"TFIM (J=1, h=0.5)",4,7,combined,Combined (A+B+C),46,3,mean,10.686420564135778,9.435269712087113,9.05861436649278,0.0,29.07896355360854,15,14,1,alpha_0,0.46736126919979687
tfim_h0.5,"TFIM (J=1, h=0.5)",4,7,combined,Combined (A+B+C),47,3,mean,13.439029149725386,11.377068760186539,14.042930246544827,0.0,46.54387191661698,15,14,1,alpha_0,0.6243199341086545
tfim_h0.5,"TFIM (J=1, h=0.5)",4,7,combined,Combined (A+B+C),48,3,mean,12.712884160486746,10.184038658034122,10.21294398926226,0.0,32.210751264611815,15,14,1,alpha_0,0.38942823808109556
tfim_h0.5,"TFIM (J=1, h=0.5)",4,7,combined,Combined (A+B+C),49,3,mean,10.883211142879164,12.349218523257564,8.577013189908689,0.0,26.303592177972522,15,14,1,alpha_0,0.7125028033803814
tfim_h0.5,"TFIM (J=1, h=0.5)",10,4,residual_only,Residual connections only,0,3,mean,4.511049645257977,4.122345041870277,3.4951358765533915,0.04917202914420983,16.85750539078922,33,32,1,alpha_0,0.311068584435974
tfim_h0.5,"TFIM (J=1, h=0.5)",10,4,residual_only,Residual connections only,1,3,mean,5.120142032911932,3.536618002267046,7.386502907831207,0.08992143677814125,37.52173732100446,33,32,1,alpha_0,0.3242018925666425
tfim_h0.5,"TFIM (J=1, h=0.5)",10,4,residual_only,Residual connections only,2,3,mean,4.101111046336257,3.4544020827462125,3.3833017394191525,0.2782024107463523,13.58146747440988,33,32,1,alpha_0,0.34999762409601487
tfim_h0.5,"TFIM (J=1, h=0.5)",10,4,residual_only,Residual connections only,3,3,mean,5.88583843508836,4.546710004960136,5.228846261409925,0.06017797229543007,18.593814459471943,33,32,1,alpha_0,0.42194091771368336
tfim_h0.5,"TFIM (J=1, h=0.5)",10,4,residual_only,Residual connections only,4,3,mean,5.50990826566559,4.517260732674235,4.755038405382873,0.6723267059515426,22.506256184748093,33,32,1,alpha_0,0.36395515314433396
tfim_h0.5,"TFIM (J=1, h=0.5)",10,4,residual_only,Residual connections only,5,3,mean,4.385342483034035,2.685549702260327,4.912284771625726,0.04259489672797152,20.04015668181484,33,32,1,alpha_0,0.31971101352091486
tfim_h0.5,"TFIM (J=1, h=0.5)",10,4,residual_only,Residual connections only,6,3,mean,5.237783310165453,4.621474660800541,3.3520850923152143,0.23566177835767194,14.033494661540828,33,32,1,alpha_0,0.36387109149932156
tfim_h0.5,"TFIM (J=1, h=0.5)",10,4,residual_only,Residual connections only,7,3,mean,4.998093395870644,4.429559312079629,3.8011211222605463,0.014623234694060435,14.241055858167119,33,32,1,alpha_0,0.2942735859713949
tfim_h0.5,"TFIM (J=1, h=0.5)",10,4,residual_only,Residual connections only,8,3,mean,6.162651201405213,4.926264069234849,4.883001745282544,0.08368844309713074,21.627957744354035,33,32,1,alpha_0,0.418677829167682
tfim_h0.5,"TFIM (J=1, h=0.5)",10,4,residual_only,Residual connections only,9,3,mean,4.756098241105678,4.691296294742229,3.67330168562941,0.017408726230714485,15.487629228547242,33,32,1,alpha_0,0.3474555165483275
tfim_h0.5,"TFIM (J=1, h=0.5)",10,4,residual_only,Residual connections only,10,3,mean,3.982740892333269,3.0336388219161172,3.42759885872907,0.18453273196157155,13.700430693963927,33,32,1,alpha_0,0.3269177201571213
tfim_h0.5,"TFIM (J=1, h=0.5)",10,4,residual_only,Residual connections only,11,3,mean,7.06947952037652,4.937382347333523,5.412940795096245,0.46823304005396565,24.657798377310638,33,32,1,alpha_0,0.41609264290516723
tfim_h0.5,"TFIM (J=1, h=0.5)",10,4,residual_only,Residual connections only,12,3,mean,5.320583985792844,4.628074082009564,4.5777748190977245,0.12233891717464261,26.811081403218655,33,32,1,alpha_0,0.40257990960026835
tfim_h0.5,"TFIM (J=1, h=0.5)",10,4,residual_only,Residual connections only,13,3,mean,4.8815493785587165,3.9446865054201403,4.229940978967573,0.03129620009672513,20.835132010105575,33,32,1,alpha_0,0.3878118282131686
tfim_h0.5,"TFIM (J=1, h=0.5)",10,4,residual_only,Residual connections only,14,3,mean,5.265241801070773,3.7694355095965957,4.739494173934369,0.2820690206205745,17.49719193613055,33,32,1,alpha_0,0.4296618175837801
tfim_h0.5,"TFIM (J=1, h=0.5)",10,4,residual_only,Residual connections only,15,3,mean,5.17622172894127,4.328201205202211,3.8041693298601387,0.39432218756914067,16.164023712753316,33,32,1,alpha_0,0.35682993364288407
tfim_h0.5,"TFIM (J=1, h=0.5)",10,4,residual_only,Residual connections only,16,3,mean,5.038387376579002,4.881772258699524,3.418286115920288,0.09307339510412338,14.37113854377554,33,32,1,alpha_0,0.39094236198159515
tfim_h0.5,"TFIM (J=1, h=0.5)",10,4,residual_only,Residual connections only,17,3,mean,4.21052303443299,3.9050819727410895,3.051283453963573,0.2709540122620963,11.131474867424583,33,32,1,alpha_0,0.32090438992557513
tfim_h0.5,"TFIM (J=1, h=0.5)",10,4,residual_only,Residual connections only,18,3,mean,4.112091863481821,3.7415955251156436,2.600563097383413,0.021245157009539307,10.523601120437698,33,32,1,alpha_0,0.30665782055312063
tfim_h0.5,"TFIM (J=1, h=0.5)",10,4,residual_only,Residual connections only,19,3,mean,5.702803820211736,4.289070994240495,4.663731266426625,0.4776827899265018,17.575181089280427,33,32,1,alpha_0,0.35405111168981734
tfim_h0.5,"TFIM (J=1, h=0.5)",10,4,residual_only,Residual connections only,20,3,mean,4.49109076017311,4.429397568959196,3.451947933807131,0.049221042078726934,13.26870773538943,33,32,1,alpha_0,0.32369416647408433
tfim_h0.5,"TFIM (J=1, h=0.5)",10,4,residual_only,Residual connections only,21,3,mean,5.0742451281087515,3.17597365618387,4.264142150590905,0.18345457088312106,14.773320837569047,33,32,1,alpha_0,0.36184166148510144
tfim_h0.5,"TFIM (J=1, h=0.5)",10,4,residual_only,Residual connections only,22,3,mean,4.934508105922386,4.63319083089951,4.264108211576333,0.1052600123139572,13.281593156953956,33,32,1,alpha_0,0.3328222537157073
tfim_h0.5,"TFIM (J=1, h=0.5)",10,4,residual_only,Residual connections only,23,3,mean,3.315334321467731,2.4342160575720397,2.7974620980691727,0.07106751584722684,11.154080168706479,33,32,1,alpha_0,0.30446068701202245
tfim_h0.5,"TFIM (J=1, h=0.5)",10,4,residual_only,Residual connections only,24,3,mean,3.9408428163938956,3.3138494348576897,2.819254908046562,0.1447411397806201,9.277545573367185,33,32,1,alpha_0,0.3013789375728454
tfim_h0.5,"TFIM (J=1, h=0.5)",10,4,residual_only,Residual connections only,25,3,mean,5.798046359705657,5.752033573454103,3.1613538930940916,0.294648374317669,13.040362368247866,33,32,1,alpha_0,0.4593869190650295
tfim_h0.5,"TFIM (J=1, h=0.5)",10,4,residual_only,Residual connections only,26,3,mean,4.662845948227643,2.37237640076072,5.153665498551217,0.01615047027210675,17.64560365204681,33,32,1,alpha_0,0.3068947906143287
tfim_h0.5,"TFIM (J=1, h=0.5)",10,4,residual_only,Residual connections only,27,3,mean,4.474316060961716,3.9878709467217472,3.017327798789419,0.11365513781695821,12.255220838556054,33,32,1,alpha_0,0.3729285776066319
tfim_h0.5,"TFIM (J=1, h=0.5)",10,4,residual_only,Residual connections only,28,3,mean,5.9922247414015795,4.870100682296179,5.118245802534014,0.15488121710904312,22.335464786787202,33,32,1,alpha_0,0.4736916185597656
tfim_h0.5,"TFIM (J=1, h=0.5)",10,4,residual_only,Residual connections only,29,3,mean,5.8821847563801954,4.910252648150964,4.793841141022038,0.09389408489053178,22.686637431506135,33,32,1,alpha_0,0.46056022678893016
tfim_h0.5,"TFIM (J=1, h=0.5)",10,4,residual_only,Residual connections only,30,3,mean,4.318956822942957,3.666199799949468,3.2776863279709736,0.10858626520086109,11.504340352715845,33,32,1,alpha_0,0.35111644151069443
tfim_h0.5,"TFIM (J=1, h=0.5)",10,4,residual_only,Residual connections only,31,3,mean,5.644854661170996,4.17248205424106,4.730087863443979,0.061062051019584764,22.749397909386545,33,32,1,alpha_0,0.4138378221889178
tfim_h0.5,"TFIM (J=1, h=0.5)",10,4,residual_only,Residual connections only,32,3,mean,4.3463045861793415,3.7115993923119333,3.4746910653150596,0.2834389176993583,15.353752681265288,33,32,1,alpha_0,0.32457172039039917
tfim_h0.5,"TFIM (J=1, h=0.5)",10,4,residual_only,Residual connections only,33,3,mean,4.119981413423889,2.9854642881544033,3.883425302657428,0.07254999661688387,17.080131718482882,33,32,1,alpha_0,0.37418797735609877
tfim_h0.5,"TFIM (J=1, h=0.5)",10,4,residual_only,Residual connections only,34,3,mean,6.807511717996636,6.277264782176478,4.191113658992262,1.0444698445500054,18.75219373071621,33,32,1,alpha_0,0.4160079132738667
tfim_h0.5,"TFIM (J=1, h=0.5)",10,4,residual_only,Residual connections only,35,3,mean,3.6655828977642138,2.1277130918714873,3.3105288144546345,0.23558849915391325,10.93705490762292,33,32,1,alpha_0,0.28326359404346135
tfim_h0.5,"TFIM (J=1, h=0.5)",10,4,residual_only,Residual connections only,36,3,mean,4.926730630689365,4.0458814405343215,3.8764218209902035,0.2764214408427954,15.905511886271572,33,32,1,alpha_0,0.39979200771127993
tfim_h0.5,"TFIM (J=1, h=0.5)",10,4,residual_only,Residual connections only,37,3,mean,4.862277550030479,4.19194873912538,3.4940309395743583,0.1501355616507456,13.474192811359844,33,32,1,alpha_0,0.34721738914817324
tfim_h0.5,"TFIM (J=1, h=0.5)",10,4,residual_only,Residual connections only,38,3,mean,5.813656776423498,4.926720487241511,4.786677034145052,0.19893539271731067,17.058425195414763,33,32,1,alpha_0,0.35097065040733566
tfim_h0.5,"TFIM (J=1, h=0.5)",10,4,residual_only,Residual connections only,39,3,mean,5.344955121016131,3.73004650651868,4.575669104871146,0.14006379695418425,18.78990676252993,33,32,1,alpha_0,0.3838707405747654
tfim_h0.5,"TFIM (J=1, h=0.5)",10,4,residual_only,Residual connections only,40,3,mean,4.975185704597542,3.387335100618781,4.421040221599553,0.05377386673482573,16.113687020424447,33,32,1,alpha_0,0.3616262434851771
tfim_h0.5,"TFIM (J=1, h=0.5)",10,4,residual_only,Residual connections only,41,3,mean,5.456992435931254,4.5008613916808615,4.026320833259822,0.519409730731514,17.066966703768195,33,32,1,alpha_0,0.4147265481139324
tfim_h0.5,"TFIM (J=1, h=0.5)",10,4,residual_only,Residual connections only,42,3,mean,4.25343323392703,4.429435186816166,2.4778557122296574,0.00709294129500541,9.594845099774785,33,32,1,alpha_0,0.3199583454764772
tfim_h0.5,"TFIM (J=1, h=0.5)",10,4,residual_only,Residual connections only,43,3,mean,6.065423248650455,3.22559321570483,5.934692328478845,0.06334703881024106,21.796069049753907,33,32,1,alpha_0,0.44906518561176395
tfim_h0.5,"TFIM (J=1, h=0.5)",10,4,residual_only,Residual connections only,44,3,mean,6.015983946984503,4.01636295860119,5.618213676132343,0.20830209715763098,22.09434347270139,33,32,1,alpha_0,0.4329690827585596
tfim_h0.5,"TFIM (J=1, h=0.5)",10,4,residual_only,Residual connections only,45,3,mean,5.863789358486592,4.272061140265542,5.476012122669391,0.486264927520331,27.286465218739984,33,32,1,alpha_0,0.4298973786659214
tfim_h0.5,"TFIM (J=1, h=0.5)",10,4,residual_only,Residual connections only,46,3,mean,4.159739817934486,2.7337880491966544,4.387200921140043,0.01354994444938401,17.325420485593927,33,32,1,alpha_0,0.29476430807578213
tfim_h0.5,"TFIM (J=1, h=0.5)",10,4,residual_only,Residual connections only,47,3,mean,5.140090063553258,3.203283852128085,6.458881679131384,0.27383370369650395,27.38029455770225,33,32,1,alpha_0,0.3980831291476304
tfim_h0.5,"TFIM (J=1, h=0.5)",10,4,residual_only,Residual connections only,48,3,mean,6.6730910523752724,5.863488150110722,5.027899329663233,0.32082772282636324,16.858534245617562,33,32,1,alpha_0,0.4398667660408911
tfim_h0.5,"TFIM (J=1, h=0.5)",10,4,residual_only,Residual connections only,49,3,mean,4.342657961692431,3.393466661114708,2.997293019639327,0.19560203194344528,9.454357466235203,33,32,1,alpha_0,0.29606161499287986
tfim_h0.5,"TFIM (J=1, h=0.5)",10,6,entanglement_residual,Entanglement + residual,0,3,mean,7.798931051658613,6.014439535312166,5.936628723066225,0.846409124068799,20.566167198779134,33,32,1,alpha_0,0.4940002918133016
tfim_h0.5,"TFIM (J=1, h=0.5)",10,6,entanglement_residual,Entanglement + residual,1,3,mean,6.244448332097203,4.364090033639493,6.9061973713187985,0.016708574875104038,36.93923605738136,33,32,1,alpha_0,0.3786297010184768
tfim_h0.5,"TFIM (J=1, h=0.5)",10,6,entanglement_residual,Entanglement + residual,2,3,mean,6.024122198225582,5.093464729096757,4.554375170292088,0.1482646894035789,19.08711359640185,33,32,1,alpha_0,0.49301829830785476
tfim_h0.5,"TFIM (J=1, h=0.5)",10,6,entanglement_residual,Entanglement + residual,3,3,mean,7.47518260386369,5.654886737193197,6.45935905882143,0.022557751111119066,22.517080025498338,33,32,1,alpha_0,0.4763619321360465
tfim_h0.5,"TFIM (J=1, h=0.5)",10,6,entanglement_residual,Entanglement + residual,4,3,mean,6.8050969888615285,5.763275451117604,6.969646965997416,0.2464840901013687,31.466955891334877,33,32,1,alpha_0,0.42584047093821414
tfim_h0.5,"TFIM (J=1, h=0.5)",10,6,entanglement_residual,Entanglement + residual,5,3,mean,8.103223564137647,6.99043643844586,10.123982929089875,0.05279018059226434,59.201772946361956,33,32,1,alpha_0,0.42043287968207543
tfim_h0.5,"TFIM (J=1, h=0.5)",10,6,entanglement_residual,Entanglement + residual,6,3,mean,8.036444153353358,6.742844248790449,6.602560745767347,0.12178777128905105,29.424714238607514,33,32,1,alpha_0,0.466424197759088
tfim_h0.5,"TFIM (J=1, h=0.5)",10,6,entanglement_residual,Entanglement + residual,7,3,mean,6.659544267359693,4.961495480609617,5.54630125629937,0.2667955072269723,18.21095305870859,33,32,1,alpha_0,0.494641215929577
tfim_h0.5,"TFIM (J=1, h=0.5)",10,6,entanglement_residual,Entanglement + residual,8,3,mean,7.6679052235713145,6.346916625833186,5.650645973456894,0.2366325553442425,20.608133330355983,33,32,1,alpha_0,0.4835470785472999
tfim_h0.5,"TFIM (J=1, h=0.5)",10,6,entanglement_residual,Entanglement + residual,9,3,mean,8.25255100031853,6.646561704814306,5.763392389214412,0.1109153566548989,20.081427470390697,33,32,1,alpha_0,0.5881528376446218
tfim_h0.5,"TFIM (J=1, h=0.5)",10,6,entanglement_residual,Entanglement + residual,10,3,mean,7.849942808136624,7.3399919247762835,6.032543488607281,0.06251224525084802,26.983797959022592,33,32,1,alpha_0,0.47555804954428643
tfim_h0.5,"TFIM (J=1, h=0.5)",10,6,entanglement_residual,Entanglement + residual,11,3,mean,7.935858750119187,4.981544821100594,7.506294992861504,0.40288136311993616,29.959213229886778,33,32,1,alpha_0,0.5080096440509362
tfim_h0.5,"TFIM (J=1, h=0.5)",10,6,entanglement_residual,Entanglement + residual,12,3,mean,8.889743400959592,7.45039265327517,6.872721368695488,0.37148151175143806,26.486634292097325,33,32,1,alpha_0,0.684422414752238
tfim_h0.5,"TFIM (J=1, h=0.5)",10,6,entanglement_residual,Entanglement + residual,13,3,mean,10.53040183757852,5.768506834923889,12.0061210442523,0.3968180998883821,55.10404003345201,33,32,1,alpha_0,0.5792992801787976
tfim_h0.5,"TFIM (J=1, h=0.5)",10,6,entanglement_residual,Entanglement + residual,14,3,mean,7.071067384412029,4.73799654586324,6.326014778253823,0.37577368381187526,32.886232599582804,33,32,1,alpha_0,0.5463326317391739
tfim_h0.5,"TFIM (J=1, h=0.5)",10,6,entanglement_residual,Entanglement + residual,15,3,mean,9.551030189509436,6.49093032911931,12.11261173683511,0.2947568138884559,63.677003757151475,33,32,1,alpha_0,0.4746032093846467
tfim_h0.5,"TFIM (J=1, h=0.5)",10,6,entanglement_residual,Entanglement + residual,16,3,mean,8.709869446687474,6.958389244241201,7.10853605240932,0.4790661535359287,38.383093938775524,33,32,1,alpha_0,0.5359416190953527
tfim_h0.5,"TFIM (J=1, h=0.5)",10,6,entanglement_residual,Entanglement + residual,17,3,mean,6.187219369706279,6.2783010390731,3.9842711289558403,0.5777692820542705,16.41230023580315,33,32,1,alpha_0,0.5409744409528742
tfim_h0.5,"TFIM (J=1, h=0.5)",10,6,entanglement_residual,Entanglement + residual,18,3,mean,7.461005548098848,3.92809661401221,8.29168399877085,0.10745310008076313,36.91739065218602,33,32,1,alpha_0,0.41973760770404084
tfim_h0.5,"TFIM (J=1, h=0.5)",10,6,entanglement_residual,Entanglement + residual,19,3,mean,8.335033024316974,6.533915785358566,6.853041226499057,2.3843936575070983,32.71985452418687,33,32,1,alpha_0,0.5142254974502163
tfim_h0.5,"TFIM (J=1, h=0.5)",10,6,entanglement_residual,Entanglement + residual,20,3,mean,5.77279797602187,3.6502231366013103,5.098222451480856,0.09450365196098195,19.858359664991287,33,32,1,alpha_0,0.3854845532378142
tfim_h0.5,"TFIM (J=1, h=0.5)",10,6,entanglement_residual,Entanglement + residual,21,3,mean,9.768860649360889,7.851124933332276,8.278383357069137,0.027847973362184246,34.67303854193086,33,32,1,alpha_0,0.5820552186096997
tfim_h0.5,"TFIM (J=1, h=0.5)",10,6,entanglement_residual,Entanglement + residual,22,3,mean,8.460021606479081,5.369998907908437,8.642692724531868,0.3365271307124744,38.18725028897575,33,32,1,alpha_0,0.5274573311577625
tfim_h0.5,"TFIM (J=1, h=0.5)",10,6,entanglement_residual,Entanglement + residual,23,3,mean,7.990986606481893,6.974956815307786,5.987727699337059,0.3971124210875542,24.980468905596545,33,32,1,alpha_0,0.5898341156794537
tfim_h0.5,"TFIM (J=1, h=0.5)",10,6,entanglement_residual,Entanglement + residual,24,3,mean,7.055350883831713,5.506868503965368,5.57980260621073,0.24200249694753131,21.174590863109575,33,32,1,alpha_0,0.4469929505337079
tfim_h0.5,"TFIM (J=1, h=0.5)",10,6,entanglement_residual,Entanglement + residual,25,3,mean,6.398861657671573,3.6119345832791434,9.802585919358632,0.017134553813180686,55.64857469891801,33,32,1,alpha_0,0.33411561042570354
tfim_h0.5,"TFIM (J=1, h=0.5)",10,6,entanglement_residual,Entanglement + residual,26,3,mean,8.439818163795122,7.797075719486017,7.525313490868365,0.25649492971807836,34.63553880319495,33,32,1,alpha_0,0.5276577007342156
tfim_h0.5,"TFIM (J=1, h=0.5)",10,6,entanglement_residual,Entanglement + residual,27,3,mean,8.944783381155311,8.37843016908247,5.781786994348376,0.15476119005427683,25.20166043163317,33,32,1,alpha_0,0.6034241738509123
tfim_h0.5,"TFIM (J=1, h=0.5)",10,6,entanglement_residual,Entanglement + residual,28,3,mean,8.021805546077886,4.707082734058787,9.951502995433012,0.03664917188498342,45.91887146050952,33,32,1,alpha_0,0.529489261522831
tfim_h0.5,"TFIM (J=1, h=0.5)",10,6,entanglement_residual,Entanglement + residual,29,3,mean,7.323235324360689,6.210742390934421,4.328617043016744,0.6549393175588558,20.111498976418964,33,32,1,alpha_0,0.48118962334747245
tfim_h0.5,"TFIM (J=1, h=0.5)",10,6,entanglement_residual,Entanglement + residual,30,3,mean,6.131471670409773,5.4514934271000905,4.111490158228231,0.23740713218590878,18.187166764124996,33,32,1,alpha_0,0.4138829577266099
tfim_h0.5,"TFIM (J=1, h=0.5)",10,6,entanglement_residual,Entanglement + residual,31,3,mean,8.571108241030203,5.378888424910725,9.121535880171887,0.10635643754008647,35.941340525967874,33,32,1,alpha_0,0.5237832381302021
tfim_h0.5,"TFIM (J=1, h=0.5)",10,6,entanglement_residual,Entanglement + residual,32,3,mean,7.090954725338443,7.013697908126484,5.186698229926202,0.3747461026994734,22.812972793992788,33,32,1,alpha_0,0.4960450012269589
tfim_h0.5,"TFIM (J=1, h=0.5)",10,6,entanglement_residual,Entanglement + residual,33,3,mean,7.102734412351968,4.373829182757719,7.807910703084451,0.19001691164741943,40.164484346443324,33,32,1,alpha_0,0.4831033618195964
tfim_h0.5,"TFIM (J=1, h=0.5)",10,6,entanglement_residual,Entanglement + residual,34,3,mean,8.900094443421908,8.74166526193714,6.203649731652853,0.14415350835406343,27.382034591795982,33,32,1,alpha_0,0.6006906528460062
tfim_h0.5,"TFIM (J=1, h=0.5)",10,6,entanglement_residual,Entanglement + residual,35,3,mean,6.588066122606117,4.451599226025262,7.040644549971386,0.037272400910651975,33.81001467492111,33,32,1,alpha_0,0.4019365352031032
tfim_h0.5,"TFIM (J=1, h=0.5)",10,6,entanglement_residual,Entanglement + residual,36,3,mean,7.256149079228965,6.997060643286659,4.461904129118556,0.1192732191601415,16.882220772939984,33,32,1,alpha_0,0.5332822263119803
tfim_h0.5,"TFIM (J=1, h=0.5)",10,6,entanglement_residual,Entanglement + residual,37,3,mean,6.511418875484184,4.739194784379306,7.658769331420133,0.015699260408787916,38.34061321414459,33,32,1,alpha_0,0.3719391922714652
tfim_h0.5,"TFIM (J=1, h=0.5)",10,6,entanglement_residual,Entanglement + residual,38,3,mean,7.827245840236962,7.870293113420934,5.251568590826131,1.2482128077288128,20.60850935475272,33,32,1,alpha_0,0.48944806460937973
tfim_h0.5,"TFIM (J=1, h=0.5)",10,6,entanglement_residual,Entanglement + residual,39,3,mean,9.494429800829565,7.7136356652216325,7.539885542556236,0.039829692437719416,30.14452772708769,33,32,1,alpha_0,0.5795160534107887
tfim_h0.5,"TFIM (J=1, h=0.5)",10,6,entanglement_residual,Entanglement + residual,40,3,mean,9.31617330490188,6.825551973180632,6.817494447920299,0.058055221194371065,30.493356714274128,33,32,1,alpha_0,0.6140242900893045
tfim_h0.5,"TFIM (J=1, h=0.5)",10,6,entanglement_residual,Entanglement + residual,41,3,mean,8.695079817819552,8.413886833145826,7.758643024121199,0.9758385606898774,29.54434702444266,33,32,1,alpha_0,0.6463607648448055
tfim_h0.5,"TFIM (J=1, h=0.5)",10,6,entanglement_residual,Entanglement + residual,42,3,mean,6.40836951615531,5.004595988888834,6.061825660795359,0.1049299657940344,25.933781468770682,33,32,1,alpha_0,0.4062169621969047
tfim_h0.5,"TFIM (J=1, h=0.5)",10,6,entanglement_residual,Entanglement + residual,43,3,mean,7.27073979552922,5.362557949271668,6.227977446239894,0.4450590504848523,21.56591254554359,33,32,1,alpha_0,0.5010285172210184
tfim_h0.5,"TFIM (J=1, h=0.5)",10,6,entanglement_residual,Entanglement + residual,44,3,mean,6.494371583936717,5.133355608489692,5.822422689340845,0.25871449583127454,30.637694724777013,33,32,1,alpha_0,0.45213417269992157
tfim_h0.5,"TFIM (J=1, h=0.5)",10,6,entanglement_residual,Entanglement + residual,45,3,mean,7.456614181715835,5.501371868987366,6.408938705930777,0.06416721814349595,23.353092500148655,33,32,1,alpha_0,0.5129002080130847
tfim_h0.5,"TFIM (J=1, h=0.5)",10,6,entanglement_residual,Entanglement + residual,46,3,mean,9.145500122350763,7.99506789516043,7.119887363336314,0.4795900734554857,27.00522265749223,33,32,1,alpha_0,0.6554643120698916
tfim_h0.5,"TFIM (J=1, h=0.5)",10,6,entanglement_residual,Entanglement + residual,47,3,mean,8.035316118631027,5.344185687412439,6.942089698121444,0.9424976471668512,28.055433673969635,33,32,1,alpha_0,0.4058971259318136
tfim_h0.5,"TFIM (J=1, h=0.5)",10,6,entanglement_residual,Entanglement + residual,48,3,mean,8.707550071317588,7.071672748631619,5.418435445419355,1.0020123885561305,20.854064473487313,33,32,1,alpha_0,0.5353875501393838
tfim_h0.5,"TFIM (J=1, h=0.5)",10,6,entanglement_residual,Entanglement + residual,49,3,mean,7.813619073225991,5.073091566233391,9.455381395806155,0.12643188888041282,36.78984752568196,33,32,1,alpha_0,0.4225824369077595
tfim_h0.5,"TFIM (J=1, h=0.5)",10,7,combined,Combined (A+B+C),0,3,mean,6.550692196244901,2.3673589664119565,9.28039361698118,0.0,38.3482479589231,33,32,1,alpha_0,0.16519643923708877
tfim_h0.5,"TFIM (J=1, h=0.5)",10,7,combined,Combined (A+B+C),1,3,mean,6.748286113077868,3.780398622121673,8.639423857547994,0.0,36.93923605738136,33,32,1,alpha_0,0.21171262869436486
tfim_h0.5,"TFIM (J=1, h=0.5)",10,7,combined,Combined (A+B+C),2,3,mean,4.135673129938884,2.8135775370067817,4.614741630061975,0.0,22.678349560611164,33,32,1,alpha_0,0.20812310243924909
tfim_h0.5,"TFIM (J=1, h=0.5)",10,7,combined,Combined (A+B+C),3,3,mean,6.970765717336524,3.3981422933068766,11.16926530132257,0.0,52.54143027022642,33,32,1,alpha_0,0.20760894119146725
tfim_h0.5,"TFIM (J=1, h=0.5)",10,7,combined,Combined (A+B+C),4,3,mean,6.225342722690476,5.199957495735268,6.6170521778553315,0.0,31.466955891334877,33,32,1,alpha_0,0.22965579791479465
tfim_h0.5,"TFIM (J=1, h=0.5)",10,7,combined,Combined (A+B+C),5,3,mean,7.723806527636212,2.277839997438198,13.368244655365709,0.0,59.201772946361956,33,32,1,alpha_0,0.18891239544392407
tfim_h0.5,"TFIM (J=1, h=0.5)",10,7,combined,Combined (A+B+C),6,3,mean,5.285181619792532,3.8456466253387065,6.633053287334645,0.0,29.720652889160917,33,32,1,alpha_0,0.14512133405012376
tfim_h0.5,"TFIM (J=1, h=0.5)",10,7,combined,Combined (A+B+C),7,3,mean,3.6584586496770104,0.2978283248510952,7.158340011491263,0.0,25.977806807043546,33,32,1,alpha_0,0.10657940473435018
tfim_h0.5,"TFIM (J=1, h=0.5)",10,7,combined,Combined (A+B+C),8,3,mean,6.2426457415115895,1.648874126999475,10.411312208344844,0.0,43.185143199956315,33,32,1,alpha_0,0.1486308116840358
tfim_h0.5,"TFIM (J=1, h=0.5)",10,7,combined,Combined (A+B+C),9,3,mean,6.7777420215842525,3.504707778537781,7.448992012529442,0.0,25.63044365333925,33,32,1,alpha_0,0.23368681146811604
tfim_h0.5,"TFIM (J=1, h=0.5)",10,7,combined,Combined (A+B+C),10,3,mean,6.167888000780113,3.1312422249127683,7.075345286152359,0.0,26.983797959022592,33,32,1,alpha_0,0.20796101783863102
tfim_h0.5,"TFIM (J=1, h=0.5)",10,7,combined,Combined (A+B+C),11,3,mean,5.693970926840598,1.8125654058936298,9.846091118779102,0.0,39.34350567524984,33,32,1,alpha_0,0.13589603690471547
tfim_h0.5,"TFIM (J=1, h=0.5)",10,7,combined,Combined (A+B+C),12,3,mean,4.380917267846614,1.7081689971899539,5.385487949956046,0.0,19.011160283460956,33,32,1,alpha_0,0.21579524453453888
tfim_h0.5,"TFIM (J=1, h=0.5)",10,7,combined,Combined (A+B+C),13,3,mean,10.616984568153963,4.329201769806591,13.84591204721476,0.0,55.10404003345201,33,32,1,alpha_0,0.3330884237101937
tfim_h0.5,"TFIM (J=1, h=0.5)",10,7,combined,Combined (A+B+C),14,3,mean,5.183215573188667,2.264380188963494,7.149466970825296,0.0,32.886232599582804,33,32,1,alpha_0,0.22836128969260713
tfim_h0.5,"TFIM (J=1, h=0.5)",10,7,combined,Combined (A+B+C),15,3,mean,7.757069555518493,0.7491641069974534,13.833455222393255,0.0,63.677003757151475,33,32,1,alpha_0,0.1821720577165529
tfim_h0.5,"TFIM (J=1, h=0.5)",10,7,combined,Combined (A+B+C),16,3,mean,5.41632977259307,1.7910213943211173,7.568675466040232,0.0,33.82380730270804,33,32,1,alpha_0,0.19819109842147387
tfim_h0.5,"TFIM (J=1, h=0.5)",10,7,combined,Combined (A+B+C),17,3,mean,5.242706105634385,2.270957030340596,6.709568220499969,0.0,24.865738604266845,33,32,1,alpha_0,0.25593241345309714
tfim_h0.5,"TFIM (J=1, h=0.5)",10,7,combined,Combined (A+B+C),18,3,mean,6.7320491340175845,3.3413817549795377,9.562115401805222,0.0,37.049164713962654,33,32,1,alpha_0,0.21342341397489356
tfim_h0.5,"TFIM (J=1, h=0.5)",10,7,combined,Combined (A+B+C),19,3,mean,4.070677087542021,1.2660125476276303,6.904952837072224,0.0,32.71985452418687,33,32,1,alpha_0,0.09248286791904174
tfim_h0.5,"TFIM (J=1, h=0.5)",10,7,combined,Combined (A+B+C),20,3,mean,4.073139527206733,0.6826366361473186,6.97062326164076,0.0,25.93911638750459,33,32,1,alpha_0,0.12446607588626413
tfim_h0.5,"TFIM (J=1, h=0.5)",10,7,combined,Combined (A+B+C),21,3,mean,5.376048812682839,1.394479211921678,7.681738539146379,0.0,34.67303854193086,33,32,1,alpha_0,0.16377609829395112
tfim_h0.5,"TFIM (J=1, h=0.5)",10,7,combined,Combined (A+B+C),22,3,mean,5.082210149961057,1.3727587687360159,7.696106421162943,0.0,28.765047554637572,33,32,1,alpha_0,0.12611954714484885
tfim_h0.5,"TFIM (J=1, h=0.5)",10,7,combined,Combined (A+B+C),23,3,mean,4.571611637010575,2.770290636774593,5.577048348043261,0.0,23.539077632183375,33,32,1,alpha_0,0.21446425250343804
tfim_h0.5,"TFIM (J=1, h=0.5)",10,7,combined,Combined (A+B+C),24,3,mean,4.388435825003375,2.1474858221095294,5.730446966321096,0.0,25.443786520064233,33,32,1,alpha_0,0.14224104978167001
tfim_h0.5,"TFIM (J=1, h=0.5)",10,7,combined,Combined (A+B+C),25,3,mean,6.499231382142094,2.7817247401307377,11.077622251301303,0.0,55.64857469891801,33,32,1,alpha_0,0.2306473867405976
tfim_h0.5,"TFIM (J=1, h=0.5)",10,7,combined,Combined (A+B+C),26,3,mean,7.266385364425121,1.1466253642560746,11.430927503558307,0.0,41.41561013815881,33,32,1,alpha_0,0.1606784216877932
tfim_h0.5,"TFIM (J=1, h=0.5)",10,7,combined,Combined (A+B+C),27,3,mean,6.232279624477728,4.483781921740048,6.5479626544466445,0.0,25.20166043163317,33,32,1,alpha_0,0.24185857372157807
tfim_h0.5,"TFIM (J=1, h=0.5)",10,7,combined,Combined (A+B+C),28,3,mean,5.930430116589591,1.2998502467665973,8.70742160149954,0.0,33.97725154506238,33,32,1,alpha_0,0.2005642690240971
tfim_h0.5,"TFIM (J=1, h=0.5)",10,7,combined,Combined (A+B+C),29,3,mean,6.5429873612668565,4.9040041585673,6.597540538683971,0.0,21.392458752283982,33,32,1,alpha_0,0.24487397754922435
tfim_h0.5,"TFIM (J=1, h=0.5)",10,7,combined,Combined (A+B+C),30,3,mean,5.080004773974839,5.169358613184199,5.084063201221864,0.0,17.657170161900723,33,32,1,alpha_0,0.17275936534869074
tfim_h0.5,"TFIM (J=1, h=0.5)",10,7,combined,Combined (A+B+C),31,3,mean,5.804270226681684,1.3891564013977724,9.234859507242978,0.0,35.941340525967874,33,32,1,alpha_0,0.15679056627314594
tfim_h0.5,"TFIM (J=1, h=0.5)",10,7,combined,Combined (A+B+C),32,3,mean,4.883917487664334,0.6176184573061988,7.397189838908705,0.0,23.955795330062088,33,32,1,alpha_0,0.15108686228549728
tfim_h0.5,"TFIM (J=1, h=0.5)",10,7,combined,Combined (A+B+C),33,3,mean,3.9814712865537585,1.4080261979528021,7.361828620924908,0.0,40.164484346443324,33,32,1,alpha_0,0.1255249546267336
tfim_h0.5,"TFIM (J=1, h=0.5)",10,7,combined,Combined (A+B+C),34,3,mean,5.962386230773407,2.107474409533284,9.066069231454115,0.0,36.62504109252829,33,32,1,alpha_0,0.18781488573480018
tfim_h0.5,"TFIM (J=1, h=0.5)",10,7,combined,Combined (A+B+C),35,3,mean,6.470200952650716,2.860381849266365,8.874581471925643,0.0,33.81001467492111,33,32,1,alpha_0,0.2214283263435229
tfim_h0.5,"TFIM (J=1, h=0.5)",10,7,combined,Combined (A+B+C),36,3,mean,3.9470684619067904,0.6263621875460534,5.807436232303171,0.0,22.489525902428404,33,32,1,alpha_0,0.1570003306033123
tfim_h0.5,"TFIM (J=1, h=0.5)",10,7,combined,Combined (A+B+C),37,3,mean,6.411140900399881,2.9023132637839195,8.551394268660667,0.0,38.34061321414459,33,32,1,alpha_0,0.216233351359838
tfim_h0.5,"TFIM (J=1, h=0.5)",10,7,combined,Combined (A+B+C),38,3,mean,5.06491265657787,1.509900278376647,7.883566412827675,0.0,30.690358881559675,33,32,1,alpha_0,0.12226596572535539
tfim_h0.5,"TFIM (J=1, h=0.5)",10,7,combined,Combined (A+B+C),39,3,mean,6.245617831475641,5.040200700815479,7.280808264374911,0.0,27.066845686519404,33,32,1,alpha_0,0.16976201778585942
tfim_h0.5,"TFIM (J=1, h=0.5)",10,7,combined,Combined (A+B+C),40,3,mean,5.4478406154261085,3.1223087497171678,7.350471245991397,0.0,30.493356714274128,33,32,1,alpha_0,0.15010678364852265
tfim_h0.5,"TFIM (J=1, h=0.5)",10,7,combined,Combined (A+B+C),41,3,mean,5.240033226595845,1.6224679011852832,7.4124444391797235,0.0,29.081747907927895,33,32,1,alpha_0,0.17945082554309785
tfim_h0.5,"TFIM (J=1, h=0.5)",10,7,combined,Combined (A+B+C),42,3,mean,5.2109162145247945,1.638449981075666,6.796589506755627,0.0,25.933781468770682,33,32,1,alpha_0,0.20315511897601565
tfim_h0.5,"TFIM (J=1, h=0.5)",10,7,combined,Combined (A+B+C),43,3,mean,5.998938452906806,0.603127599980834,11.111532169347647,0.0,44.96477115244969,33,32,1,alpha_0,0.17442146450776225
tfim_h0.5,"TFIM (J=1, h=0.5)",10,7,combined,Combined (A+B+C),44,3,mean,6.848875075519096,4.838234321594804,7.647147793643708,0.0,30.637694724777013,33,32,1,alpha_0,0.23725419996984362
tfim_h0.5,"TFIM (J=1, h=0.5)",10,7,combined,Combined (A+B+C),45,3,mean,8.100581983413964,4.0211795236187395,11.139559308257118,0.0,44.438033374598795,33,32,1,alpha_0,0.2697971545424247
tfim_h0.5,"TFIM (J=1, h=0.5)",10,7,combined,Combined (A+B+C),46,3,mean,6.2220266448245924,3.991663681388393,6.7966868473367645,0.0,27.00522265749223,33,32,1,alpha_0,0.24221614807936073
tfim_h0.5,"TFIM (J=1, h=0.5)",10,7,combined,Combined (A+B+C),47,3,mean,6.0127639802853965,1.5735934386944788,8.142727691913016,0.0,28.055433673969635,33,32,1,alpha_0,0.1315588706489967
tfim_h0.5,"TFIM (J=1, h=0.5)",10,7,combined,Combined (A+B+C),48,3,mean,4.335953847538628,1.1455491839828427,8.1828519163407,0.0,39.603406199916165,33,32,1,alpha_0,0.1137905162663068
tfim_h0.5,"TFIM (J=1, h=0.5)",10,7,combined,Combined (A+B+C),49,3,mean,5.749068226816972,0.30313317008165985,10.356598074418727,0.0,36.78984752568196,33,32,1,alpha_0,0.137726143568456
tfim_h2.0,"TFIM (J=1, h=2.0)",4,4,residual_only,Residual connections only,0,3,mean,8.554236203965418,8.15591332718511,4.828376106912019,1.4898717168349522,17.743323504655265,15,14,1,alpha_0,0.7230604346419809
tfim_h2.0,"TFIM (J=1, h=2.0)",4,4,residual_only,Residual connections only,1,3,mean,16.188290710384983,7.2879044203638195,21.86655629773744,0.3200676580636652,81.02493242728647,15,14,1,alpha_0,1.0397332673199113
tfim_h2.0,"TFIM (J=1, h=2.0)",4,4,residual_only,Residual connections only,2,3,mean,9.471650719744941,5.501215881269436,9.11712478179407,0.06346522168851684,31.294039897207803,15,14,1,alpha_0,0.9042652878663447
tfim_h2.0,"TFIM (J=1, h=2.0)",4,4,residual_only,Residual connections only,3,3,mean,11.815688056413816,8.200555678373556,8.545696372518053,2.274332930181922,29.748954266154495,15,14,1,alpha_0,1.035419848917873
tfim_h2.0,"TFIM (J=1, h=2.0)",4,4,residual_only,Residual connections only,4,3,mean,14.30854215831234,10.547281138785888,15.177740539118721,0.710009319619313,63.36459535514793,15,14,1,alpha_0,0.82777656565347
tfim_h2.0,"TFIM (J=1, h=2.0)",4,4,residual_only,Residual connections only,5,3,mean,8.402312986902368,5.174567809954764,8.10768203981837,0.2058611570858461,26.7982829064477,15,14,1,alpha_0,0.9910067270167748
tfim_h2.0,"TFIM (J=1, h=2.0)",4,4,residual_only,Residual connections only,6,3,mean,11.737189579467826,5.867125336881468,13.706047454575256,0.25127952313209106,43.60816863265335,15,14,1,alpha_0,1.162045916119033
tfim_h2.0,"TFIM (J=1, h=2.0)",4,4,residual_only,Residual connections only,7,3,mean,12.379660343266522,10.249687279538044,6.04685354805083,5.040219524675267,24.4382781768362,15,14,1,alpha_0,0.9525034984861488
tfim_h2.0,"TFIM (J=1, h=2.0)",4,4,residual_only,Residual connections only,8,3,mean,13.79800360682076,11.48407020172975,8.9760895299647,4.633055007983402,33.850067354652964,15,14,1,alpha_0,1.1320286030164737
tfim_h2.0,"TFIM (J=1, h=2.0)",4,4,residual_only,Residual connections only,9,3,mean,8.18548373961485,6.032624662548725,6.88206031126823,0.0383829829552677,18.601722464006997,15,14,1,alpha_0,0.8402690162685965
tfim_h2.0,"TFIM (J=1, h=2.0)",4,4,residual_only,Residual connections only,10,3,mean,10.190868537977853,7.0906295528945655,7.910242888367063,1.8028024937630642,26.3664465551533,15,14,1,alpha_0,0.873204357634242
tfim_h2.0,"TFIM (J=1, h=2.0)",4,4,residual_only,Residual connections only,11,3,mean,12.005762932881806,9.427325158424107,9.327178265709431,2.199038747311906,30.763668008275125,15,14,1,alpha_0,0.9661120194765845
tfim_h2.0,"TFIM (J=1, h=2.0)",4,4,residual_only,Residual connections only,12,3,mean,13.421088118700444,14.090734517872542,6.6474007766643615,0.20043180388381357,24.044034524865072,15,14,1,alpha_0,1.0642113759234855
tfim_h2.0,"TFIM (J=1, h=2.0)",4,4,residual_only,Residual connections only,13,3,mean,10.55868775565241,6.666969700173169,8.904445933744853,1.2592744440850707,30.3829336173076,15,14,1,alpha_0,0.8740942597569964
tfim_h2.0,"TFIM (J=1, h=2.0)",4,4,residual_only,Residual connections only,14,3,mean,11.13153856129965,10.060883018716197,9.669561996059,0.44546576085743006,39.629203077321066,15,14,1,alpha_0,0.9499869842423773
tfim_h2.0,"TFIM (J=1, h=2.0)",4,4,residual_only,Residual connections only,15,3,mean,9.1194160064087,6.188407316456522,7.659873918629544,0.40011576359017315,26.18825441795403,15,14,1,alpha_0,0.8651241262927483
tfim_h2.0,"TFIM (J=1, h=2.0)",4,4,residual_only,Residual connections only,16,3,mean,18.828440391413896,18.298851969361607,12.248696118507754,2.8363012711802957,39.68523926178418,15,14,1,alpha_0,1.7591640926527676
tfim_h2.0,"TFIM (J=1, h=2.0)",4,4,residual_only,Residual connections only,17,3,mean,8.767113545793329,8.566279900713798,5.382706438658297,1.7419094743875996,18.320395363610395,15,14,1,alpha_0,0.9212230600381237
tfim_h2.0,"TFIM (J=1, h=2.0)",4,4,residual_only,Residual connections only,18,3,mean,11.414634731446355,7.271186097923539,10.62374465933882,2.0551873530177285,39.78715436280566,15,14,1,alpha_0,1.1012035673389768
tfim_h2.0,"TFIM (J=1, h=2.0)",4,4,residual_only,Residual connections only,19,3,mean,11.921282494685387,12.342030884489045,7.88161007911497,1.2319301150698163,28.205234204418545,15,14,1,alpha_0,0.9426236953307956
tfim_h2.0,"TFIM (J=1, h=2.0)",4,4,residual_only,Residual connections only,20,3,mean,4.44037267312792,3.600114117755591,4.0023707808961415,0.06799928838421321,15.85759252436813,15,14,1,alpha_0,0.41400619433351715
tfim_h2.0,"TFIM (J=1, h=2.0)",4,4,residual_only,Residual connections only,21,3,mean,8.877474001354804,8.00934399729367,5.622710604874285,1.7847553314787163,17.60625042763677,15,14,1,alpha_0,0.7855248679437212
tfim_h2.0,"TFIM (J=1, h=2.0)",4,4,residual_only,Residual connections only,22,3,mean,7.550914053807026,6.7569768596912425,4.135147954756164,0.732328898651271,16.178715457348584,15,14,1,alpha_0,0.6049578303507435
tfim_h2.0,"TFIM (J=1, h=2.0)",4,4,residual_only,Residual connections only,23,3,mean,9.897736250513816,9.21239043567503,5.9951361381414445,2.209493380528456,24.946424536419286,15,14,1,alpha_0,0.882667185256984
tfim_h2.0,"TFIM (J=1, h=2.0)",4,4,residual_only,Residual connections only,24,3,mean,9.197920594012249,7.243793811081825,8.666128361463208,0.17616690439623944,33.34846752987419,15,14,1,alpha_0,0.976075317984542
tfim_h2.0,"TFIM (J=1, h=2.0)",4,4,residual_only,Residual connections only,25,3,mean,14.841224030614631,12.395500212799982,8.183272052396145,3.66923308437531,34.76489207492747,15,14,1,alpha_0,1.2313893435459877
tfim_h2.0,"TFIM (J=1, h=2.0)",4,4,residual_only,Residual connections only,26,3,mean,9.364434959736785,9.971629826489924,5.199269562757365,2.3460724337123366,21.31975975965393,15,14,1,alpha_0,0.7235983778407374
tfim_h2.0,"TFIM (J=1, h=2.0)",4,4,residual_only,Residual connections only,27,3,mean,6.622337546889549,4.965027048839005,5.1163744455396305,1.3180090079933924,19.896903727741773,15,14,1,alpha_0,0.5673751093621132
tfim_h2.0,"TFIM (J=1, h=2.0)",4,4,residual_only,Residual connections only,28,3,mean,11.913782916319969,13.457448471002394,7.695097679019723,0.8950448834225269,22.354326051337573,15,14,1,alpha_0,1.2694056710926567
tfim_h2.0,"TFIM (J=1, h=2.0)",4,4,residual_only,Residual connections only,29,3,mean,9.583556428501925,7.910783577062235,7.63641218492687,0.8050783797880212,23.734318663106265,15,14,1,alpha_0,0.7560535640201421
tfim_h2.0,"TFIM (J=1, h=2.0)",4,4,residual_only,Residual connections only,30,3,mean,14.756833515044422,15.058656431998871,10.406153561952797,0.037653102859928546,36.01307273327003,15,14,1,alpha_0,1.3306105071763628
tfim_h2.0,"TFIM (J=1, h=2.0)",4,4,residual_only,Residual connections only,31,3,mean,10.160025161334143,8.695348077908015,7.660052590087382,1.1221418835365744,31.08307565755861,15,14,1,alpha_0,0.7262551730320173
tfim_h2.0,"TFIM (J=1, h=2.0)",4,4,residual_only,Residual connections only,32,3,mean,13.501498410233378,9.311209588247618,9.238467290337963,2.189349152927824,29.147949434880644,15,14,1,alpha_0,1.3986163623114252
tfim_h2.0,"TFIM (J=1, h=2.0)",4,4,residual_only,Residual connections only,33,3,mean,11.69469815436631,11.94444466636252,6.8992779332233996,0.8060555266111168,27.851068173414834,15,14,1,alpha_0,0.8769584340110068
tfim_h2.0,"TFIM (J=1, h=2.0)",4,4,residual_only,Residual connections only,34,3,mean,13.07427682839741,7.621125065035205,11.184651205762957,0.6153711360605882,34.02473357739068,15,14,1,alpha_0,1.0461743714181966
tfim_h2.0,"TFIM (J=1, h=2.0)",4,4,residual_only,Residual connections only,35,3,mean,11.129677413238758,9.392057269574401,6.427019127560511,0.678795345690257,22.01077810906754,15,14,1,alpha_0,0.7834211314122459
tfim_h2.0,"TFIM (J=1, h=2.0)",4,4,residual_only,Residual connections only,36,3,mean,7.215569597690753,3.464977518669863,7.27631443114545,0.5984106543459916,23.90707721918909,15,14,1,alpha_0,0.9110892987569396
tfim_h2.0,"TFIM (J=1, h=2.0)",4,4,residual_only,Residual connections only,37,3,mean,8.664473053821176,7.976586817036276,6.037829163173086,0.6141308443895609,21.180513793041843,15,14,1,alpha_0,0.8789191688372334
tfim_h2.0,"TFIM (J=1, h=2.0)",4,4,residual_only,Residual connections only,38,3,mean,10.807061647317042,9.754787064454046,7.407141512653754,0.5154229683319195,24.064322475800815,15,14,1,alpha_0,0.8808232557959681
tfim_h2.0,"TFIM (J=1, h=2.0)",4,4,residual_only,Residual connections only,39,3,mean,10.51642548245137,9.358848086896515,4.760793620466985,3.027553864072021,19.495993474709696,15,14,1,alpha_0,0.766833142944431
tfim_h2.0,"TFIM (J=1, h=2.0)",4,4,residual_only,Residual connections only,40,3,mean,8.420069114961587,4.923272133611462,7.6563455496388055,0.04820968793005769,23.906408447532787,15,14,1,alpha_0,0.7303671968663724
tfim_h2.0,"TFIM (J=1, h=2.0)",4,4,residual_only,Residual connections only,41,3,mean,11.685310761585924,8.855522764454324,8.494193199805792,0.07738069820489085,26.764203980594356,15,14,1,alpha_0,0.8504743817029143
tfim_h2.0,"TFIM (J=1, h=2.0)",4,4,residual_only,Residual connections only,42,3,mean,7.922059341859642,7.753357669192527,4.5645029674810065,0.7682736377329048,16.18793873054046,15,14,1,alpha_0,0.7639259000849113
tfim_h2.0,"TFIM (J=1, h=2.0)",4,4,residual_only,Residual connections only,43,3,mean,14.254927886287387,12.476019097034525,12.194749900887944,0.5984342672460943,36.182863375834735,15,14,1,alpha_0,1.0786242671109938
tfim_h2.0,"TFIM (J=1, h=2.0)",4,4,residual_only,Residual connections only,44,3,mean,7.941856267634084,5.361308787481432,5.432281759502324,1.1273352073100513,19.718145058821534,15,14,1,alpha_0,0.8731825880239061
tfim_h2.0,"TFIM (J=1, h=2.0)",4,4,residual_only,Residual connections only,45,3,mean,10.767771831334198,6.720221825530707,11.2509026440147,0.5023194328489036,36.32793127262579,15,14,1,alpha_0,0.8673813812668899
tfim_h2.0,"TFIM (J=1, h=2.0)",4,4,residual_only,Residual connections only,46,3,mean,15.056191172075561,14.581293716007158,8.158238532443365,3.531055803460242,29.205068713384748,15,14,1,alpha_0,1.099023148042896
tfim_h2.0,"TFIM (J=1, h=2.0)",4,4,residual_only,Residual connections only,47,3,mean,5.269072952083616,4.360741972306489,5.588532373450502,0.4229966554692824,24.174368348277433,15,14,1,alpha_0,0.6043500406466068
tfim_h2.0,"TFIM (J=1, h=2.0)",4,4,residual_only,Residual connections only,48,3,mean,9.84887312497626,6.162035675070008,9.748955955033718,1.1077855131404069,39.49758028765657,15,14,1,alpha_0,0.7072592109649062
tfim_h2.0,"TFIM (J=1, h=2.0)",4,4,residual_only,Residual connections only,49,3,mean,10.92675208042324,8.590422515280501,7.838000248453311,2.9211754747149827,29.001156294560744,15,14,1,alpha_0,1.3009841896065373
tfim_h2.0,"TFIM (J=1, h=2.0)",4,6,entanglement_residual,Entanglement + residual,0,3,mean,11.578529449836656,9.566039761692076,7.434956921090756,2.6548650076599563,32.851823669804425,15,14,1,alpha_0,0.7570546185862049
tfim_h2.0,"TFIM (J=1, h=2.0)",4,6,entanglement_residual,Entanglement + residual,1,3,mean,12.269665066514305,11.376151568701815,8.795085513531864,0.7762952644775465,30.856147649798192,15,14,1,alpha_0,0.9806107526255907
tfim_h2.0,"TFIM (J=1, h=2.0)",4,6,entanglement_residual,Entanglement + residual,2,3,mean,13.538729399482673,11.399779246184924,10.396808147450777,3.3586701644223913,46.40151008390987,15,14,1,alpha_0,0.923405496683579
tfim_h2.0,"TFIM (J=1, h=2.0)",4,6,entanglement_residual,Entanglement + residual,3,3,mean,12.380830255370567,10.59137960829548,8.785280562804424,1.2986824732789088,30.081860661818016,15,14,1,alpha_0,1.0690607648006822
tfim_h2.0,"TFIM (J=1, h=2.0)",4,6,entanglement_residual,Entanglement + residual,4,3,mean,18.961195172613635,13.617364271667036,20.09320549989713,2.589172774457519,80.95202315556172,15,14,1,alpha_0,1.154853564698418
tfim_h2.0,"TFIM (J=1, h=2.0)",4,6,entanglement_residual,Entanglement + residual,5,3,mean,11.961190058361634,10.926141961705213,9.683954138072933,0.42633875510047176,36.84934864112876,15,14,1,alpha_0,1.2545462475157527
tfim_h2.0,"TFIM (J=1, h=2.0)",4,6,entanglement_residual,Entanglement + residual,6,3,mean,10.691414972883507,7.577955708492587,8.998271687405666,1.6535589261121975,29.89482933238274,15,14,1,alpha_0,0.8821651907661107
tfim_h2.0,"TFIM (J=1, h=2.0)",4,6,entanglement_residual,Entanglement + residual,7,3,mean,13.220612307244485,11.020497927327312,9.759449703634058,0.5795639141148188,36.13866284893653,15,14,1,alpha_0,1.0715518466032483
tfim_h2.0,"TFIM (J=1, h=2.0)",4,6,entanglement_residual,Entanglement + residual,8,3,mean,11.23981821416217,9.064349016891704,7.663037833206987,1.1940120726357843,25.069204377166486,15,14,1,alpha_0,0.8487531537971632
tfim_h2.0,"TFIM (J=1, h=2.0)",4,6,entanglement_residual,Entanglement + residual,9,3,mean,11.985758699220122,10.413734194583235,8.42783530703674,1.244831542482596,31.120151867050502,15,14,1,alpha_0,0.9529259971685379
tfim_h2.0,"TFIM (J=1, h=2.0)",4,6,entanglement_residual,Entanglement + residual,10,3,mean,9.613709905050348,8.291187537861575,9.637511950978432,0.19222102075834155,37.81234903734907,15,14,1,alpha_0,0.6656917667850204
tfim_h2.0,"TFIM (J=1, h=2.0)",4,6,entanglement_residual,Entanglement + residual,11,3,mean,17.351347238800418,18.281885810875146,9.227706258976681,0.4137461327401982,37.8362860068458,15,14,1,alpha_0,1.401092815859651
tfim_h2.0,"TFIM (J=1, h=2.0)",4,6,entanglement_residual,Entanglement + residual,12,3,mean,12.315552549639985,11.777800619896668,9.188684374008245,1.23918125464988,35.7764760021168,15,14,1,alpha_0,0.9455100983122146
tfim_h2.0,"TFIM (J=1, h=2.0)",4,6,entanglement_residual,Entanglement + residual,13,3,mean,12.99723279771955,9.059243704143364,9.980618839229647,0.2821700324756711,34.15507726824391,15,14,1,alpha_0,1.1701305297399214
tfim_h2.0,"TFIM (J=1, h=2.0)",4,6,entanglement_residual,Entanglement + residual,14,3,mean,9.69490149053999,8.712799249515074,6.060460051626242,1.6638272485667311,22.148422811845933,15,14,1,alpha_0,0.8725740342765995
tfim_h2.0,"TFIM (J=1, h=2.0)",4,6,entanglement_residual,Entanglement + residual,15,3,mean,12.059453501350237,10.34534002930111,9.044971746790095,2.672165540094515,29.2868630475763,15,14,1,alpha_0,0.9606342350552858
tfim_h2.0,"TFIM (J=1, h=2.0)",4,6,entanglement_residual,Entanglement + residual,16,3,mean,19.909062696082753,17.48224292935777,15.636182925428368,1.9130907538592041,46.86963195130386,15,14,1,alpha_0,1.8047304120362524
tfim_h2.0,"TFIM (J=1, h=2.0)",4,6,entanglement_residual,Entanglement + residual,17,3,mean,7.982530476744053,4.057300996496777,7.298936799815476,0.9875450402456332,26.384897072731054,15,14,1,alpha_0,0.637484629244401
tfim_h2.0,"TFIM (J=1, h=2.0)",4,6,entanglement_residual,Entanglement + residual,18,3,mean,11.477051976541206,9.00333330451652,8.175470800376889,0.5111584741093914,25.548140288652803,15,14,1,alpha_0,1.004923128411572
tfim_h2.0,"TFIM (J=1, h=2.0)",4,6,entanglement_residual,Entanglement + residual,19,3,mean,16.50638728884716,15.41448894306503,11.008841825974653,2.2461496558949796,38.431714004550464,15,14,1,alpha_0,1.5574167932696323
tfim_h2.0,"TFIM (J=1, h=2.0)",4,6,entanglement_residual,Entanglement + residual,20,3,mean,9.655444850623123,6.828356605052344,8.497205133300024,0.03152372879568183,23.698757072747163,15,14,1,alpha_0,0.7515598076739776
tfim_h2.0,"TFIM (J=1, h=2.0)",4,6,entanglement_residual,Entanglement + residual,21,3,mean,12.04768205458378,8.30610229650194,10.359443281229709,1.6090960636631202,41.45255822723661,15,14,1,alpha_0,0.9687589681178674
tfim_h2.0,"TFIM (J=1, h=2.0)",4,6,entanglement_residual,Entanglement + residual,22,3,mean,16.9850013844227,11.299754389175533,13.414177104907575,1.431697698242553,42.008618768583844,15,14,1,alpha_0,1.279729774743822
tfim_h2.0,"TFIM (J=1, h=2.0)",4,6,entanglement_residual,Entanglement + residual,23,3,mean,11.03971404963296,12.212778339275545,8.173272402618334,0.7069752416819922,25.858965109875186,15,14,1,alpha_0,0.68751286785469
tfim_h2.0,"TFIM (J=1, h=2.0)",4,6,entanglement_residual,Entanglement + residual,24,3,mean,8.73161772515075,8.954493312161334,6.856843439053609,0.40680380443682584,25.241973804342933,15,14,1,alpha_0,0.6247575983487904
tfim_h2.0,"TFIM (J=1, h=2.0)",4,6,entanglement_residual,Entanglement + residual,25,3,mean,17.69856500157629,18.43354453414289,10.38730692216952,0.3672259835855931,35.65586408742458,15,14,1,alpha_0,1.4286938802347626
tfim_h2.0,"TFIM (J=1, h=2.0)",4,6,entanglement_residual,Entanglement + residual,26,3,mean,13.816373547581348,14.444902258667675,6.0119083307070635,4.300297594592353,29.45746886572439,15,14,1,alpha_0,0.9271277691960785
tfim_h2.0,"TFIM (J=1, h=2.0)",4,6,entanglement_residual,Entanglement + residual,27,3,mean,13.29367335041574,9.062851583347909,10.18569698333339,1.455178603154716,35.89991142957847,15,14,1,alpha_0,1.1181277024943328
tfim_h2.0,"TFIM (J=1, h=2.0)",4,6,entanglement_residual,Entanglement + residual,28,3,mean,13.102430585666752,10.191663467897639,11.467464563718158,1.8231443212116032,43.95874648432745,15,14,1,alpha_0,1.1178654633256728
tfim_h2.0,"TFIM (J=1, h=2.0)",4,6,entanglement_residual,Entanglement + residual,29,3,mean,13.651842013320234,9.601686371443781,13.055633555808827,0.4991198413007856,47.404486530372395,15,14,1,alpha_0,0.7306662746448879
tfim_h2.0,"TFIM (J=1, h=2.0)",4,6,entanglement_residual,Entanglement + residual,30,3,mean,17.309444751641472,19.98522253389335,10.923344699186735,0.98029094421548,35.60202640552979,15,14,1,alpha_0,1.632919835138734
tfim_h2.0,"TFIM (J=1, h=2.0)",4,6,entanglement_residual,Entanglement + residual,31,3,mean,11.007932633603172,8.861407388873374,8.342077284792891,2.5556514379712794,32.28063331343092,15,14,1,alpha_0,0.772038179600384
tfim_h2.0,"TFIM (J=1, h=2.0)",4,6,entanglement_residual,Entanglement + residual,32,3,mean,8.56786007432864,7.02786516219957,5.991008430251364,0.3314595295521704,22.544707293055893,15,14,1,alpha_0,0.8824731547855481
tfim_h2.0,"TFIM (J=1, h=2.0)",4,6,entanglement_residual,Entanglement + residual,33,3,mean,15.132523742228837,15.303887372147152,8.237601246039093,2.398698843160519,27.335902569521334,15,14,1,alpha_0,1.1251455098153413
tfim_h2.0,"TFIM (J=1, h=2.0)",4,6,entanglement_residual,Entanglement + residual,34,3,mean,17.889511039781365,13.677889581725493,11.371100013213884,4.745920386930853,42.632061959517,15,14,1,alpha_0,1.2499655849914728
tfim_h2.0,"TFIM (J=1, h=2.0)",4,6,entanglement_residual,Entanglement + residual,35,3,mean,14.552151350112641,8.104115462578172,13.370466216532302,0.6423537798109075,40.82746003518353,15,14,1,alpha_0,1.109990076602679
tfim_h2.0,"TFIM (J=1, h=2.0)",4,6,entanglement_residual,Entanglement + residual,36,3,mean,10.675915892030105,7.035682197235957,10.451937852583372,0.08273572762643917,37.41057749347181,15,14,1,alpha_0,1.0704742111016343
tfim_h2.0,"TFIM (J=1, h=2.0)",4,6,entanglement_residual,Entanglement + residual,37,3,mean,12.71523255555178,8.589317462562171,10.468294001263377,0.1879502408686134,34.63844104413118,15,14,1,alpha_0,1.0080524162575863
tfim_h2.0,"TFIM (J=1, h=2.0)",4,6,entanglement_residual,Entanglement + residual,38,3,mean,13.266253035236732,10.901743703204614,9.435134615771183,1.2776366331440205,31.995458946484035,15,14,1,alpha_0,0.9004787494609751
tfim_h2.0,"TFIM (J=1, h=2.0)",4,6,entanglement_residual,Entanglement + residual,39,3,mean,16.179141996326027,11.369818789416513,16.844747245644463,0.018891699668222777,46.2390203496851,15,14,1,alpha_0,1.1122836833258243
tfim_h2.0,"TFIM (J=1, h=2.0)",4,6,entanglement_residual,Entanglement + residual,40,3,mean,16.530610415127004,13.792046996350063,14.262957817180968,0.6031122300052987,41.61795041013063,15,14,1,alpha_0,1.107449247888272
tfim_h2.0,"TFIM (J=1, h=2.0)",4,6,entanglement_residual,Entanglement + residual,41,3,mean,13.381456695194299,11.156546433574565,11.13311656893233,1.5794412574784362,42.192302903481064,15,14,1,alpha_0,0.9437390058684813
tfim_h2.0,"TFIM (J=1, h=2.0)",4,6,entanglement_residual,Entanglement + residual,42,3,mean,12.29928791517608,9.14073933851015,8.983697588792532,2.0688161406722783,31.668973036672732,15,14,1,alpha_0,1.154933624900436
tfim_h2.0,"TFIM (J=1, h=2.0)",4,6,entanglement_residual,Entanglement + residual,43,3,mean,12.240348649167974,7.9469505293312395,11.059015839651728,0.22173570685808197,34.16173527498921,15,14,1,alpha_0,0.7448407832497107
tfim_h2.0,"TFIM (J=1, h=2.0)",4,6,entanglement_residual,Entanglement + residual,44,3,mean,16.261136379994834,17.129361082985124,8.278234638186644,1.6501633603298849,29.705100077127796,15,14,1,alpha_0,1.3314534425630018
tfim_h2.0,"TFIM (J=1, h=2.0)",4,6,entanglement_residual,Entanglement + residual,45,3,mean,17.988773505566133,5.3328251091946095,30.02289505338823,2.112547692449539,99.12991540871009,15,14,1,alpha_0,1.5167596306033209
tfim_h2.0,"TFIM (J=1, h=2.0)",4,6,entanglement_residual,Entanglement + residual,46,3,mean,18.509950300747192,17.518509472678744,11.549680527795978,1.0066713190917298,40.542789200489175,15,14,1,alpha_0,1.6535241186022147
tfim_h2.0,"TFIM (J=1, h=2.0)",4,6,entanglement_residual,Entanglement + residual,47,3,mean,17.51667279285636,12.914481675541413,13.540115384122814,1.5088154812457213,43.458407396150015,15,14,1,alpha_0,1.2694523741345793
tfim_h2.0,"TFIM (J=1, h=2.0)",4,6,entanglement_residual,Entanglement + residual,48,3,mean,15.924186176836058,13.542917392681993,12.211383747551812,1.0568105793981961,39.931269762224595,15,14,1,alpha_0,1.2410885834559882
tfim_h2.0,"TFIM (J=1, h=2.0)",4,6,entanglement_residual,Entanglement + residual,49,3,mean,15.437997489455327,6.917373028614895,18.832717530282473,0.2426844289914434,55.49852128377579,15,14,1,alpha_0,1.2917438044413496
tfim_h2.0,"TFIM (J=1, h=2.0)",4,7,combined,Combined (A+B+C),0,3,mean,13.751774212137708,11.843834151411553,11.79965539429745,0.0,32.851823669804425,15,14,1,alpha_0,0.5100575274563542
tfim_h2.0,"TFIM (J=1, h=2.0)",4,7,combined,Combined (A+B+C),1,3,mean,11.626651127196533,7.8366891762889965,14.513330363549002,0.0,58.29183675882518,15,14,1,alpha_0,0.3987500774668972
tfim_h2.0,"TFIM (J=1, h=2.0)",4,7,combined,Combined (A+B+C),2,3,mean,10.986853058308998,4.863165065224277,15.21725568921913,0.0,47.20066413896752,15,14,1,alpha_0,0.4401398038486003
tfim_h2.0,"TFIM (J=1, h=2.0)",4,7,combined,Combined (A+B+C),3,3,mean,8.680193506279698,6.9121845499672645,7.914062385460003,0.0,24.35633593697399,15,14,1,alpha_0,0.4822807221645516
tfim_h2.0,"TFIM (J=1, h=2.0)",4,7,combined,Combined (A+B+C),4,3,mean,16.192470677305227,12.016322293945152,20.939846585794225,0.0,80.95202315556172,15,14,1,alpha_0,0.6952218482653484
tfim_h2.0,"TFIM (J=1, h=2.0)",4,7,combined,Combined (A+B+C),5,3,mean,13.867246100199832,9.443024777708413,13.531202177967947,0.0,40.144692488683766,15,14,1,alpha_0,0.9630683353211912
tfim_h2.0,"TFIM (J=1, h=2.0)",4,7,combined,Combined (A+B+C),6,3,mean,11.198474921597365,3.9416606052282,14.183094152130584,0.0,47.99894536399838,15,14,1,alpha_0,0.5734547757316117
tfim_h2.0,"TFIM (J=1, h=2.0)",4,7,combined,Combined (A+B+C),7,3,mean,6.599785685497304,5.628077973583116,6.136520500899355,0.0,19.322091952801916,15,14,1,alpha_0,0.2753682295193631
tfim_h2.0,"TFIM (J=1, h=2.0)",4,7,combined,Combined (A+B+C),8,3,mean,6.7397350368537605,3.9828249392981334,7.421772751019438,0.0,24.88054285758736,15,14,1,alpha_0,0.2883984651990718
tfim_h2.0,"TFIM (J=1, h=2.0)",4,7,combined,Combined (A+B+C),9,3,mean,11.169024176009831,9.503755457605367,7.963736384374807,0.0,26.387002607146798,15,14,1,alpha_0,0.7517341679342571
tfim_h2.0,"TFIM (J=1, h=2.0)",4,7,combined,Combined (A+B+C),10,3,mean,10.769932266888592,4.4514163394266735,13.855409206259932,0.0,39.568794056514655,15,14,1,alpha_0,0.5119995489169081
tfim_h2.0,"TFIM (J=1, h=2.0)",4,7,combined,Combined (A+B+C),11,3,mean,12.36027587929327,8.399611233967626,11.055507883285399,0.0,37.8362860068458,15,14,1,alpha_0,0.31447194624689223
tfim_h2.0,"TFIM (J=1, h=2.0)",4,7,combined,Combined (A+B+C),12,3,mean,9.679884353831701,4.217385759315065,16.21734971045326,0.0,65.53327153142426,15,14,1,alpha_0,0.3665742905202913
tfim_h2.0,"TFIM (J=1, h=2.0)",4,7,combined,Combined (A+B+C),13,3,mean,12.80017759995819,9.391826980355615,12.341479413168484,0.0,43.09677129409487,15,14,1,alpha_0,0.6902716093644232
tfim_h2.0,"TFIM (J=1, h=2.0)",4,7,combined,Combined (A+B+C),14,3,mean,5.806389059684517,1.9813839211800326,10.778579553911728,0.0,42.530244623682734,15,14,1,alpha_0,0.2982975953721945
tfim_h2.0,"TFIM (J=1, h=2.0)",4,7,combined,Combined (A+B+C),15,3,mean,13.041697944125517,5.218675864160174,15.55052629263557,0.0,44.70546097365353,15,14,1,alpha_0,0.5962770652140043
tfim_h2.0,"TFIM (J=1, h=2.0)",4,7,combined,Combined (A+B+C),16,3,mean,18.26073378337654,15.128826115717446,14.908489582192056,0.0,46.86963195130386,15,14,1,alpha_0,1.0083295826796745
tfim_h2.0,"TFIM (J=1, h=2.0)",4,7,combined,Combined (A+B+C),17,3,mean,6.552090470794913,3.9407748706901016,7.17704427069401,0.0,20.462171186117136,15,14,1,alpha_0,0.3974057815658414
tfim_h2.0,"TFIM (J=1, h=2.0)",4,7,combined,Combined (A+B+C),18,3,mean,12.157830163127812,6.939150847400882,11.580943645519591,0.0,35.50772610370651,15,14,1,alpha_0,0.7549937459173083
tfim_h2.0,"TFIM (J=1, h=2.0)",4,7,combined,Combined (A+B+C),19,3,mean,10.990101537357196,6.010960779292045,12.656848351375864,0.0,38.431714004550464,15,14,1,alpha_0,0.532881480379168
tfim_h2.0,"TFIM (J=1, h=2.0)",4,7,combined,Combined (A+B+C),20,3,mean,7.364659415146457,2.8196106236457235,14.253259118371233,0.0,56.768297964512854,15,14,1,alpha_0,0.17557478985185745
tfim_h2.0,"TFIM (J=1, h=2.0)",4,7,combined,Combined (A+B+C),21,3,mean,10.232827420696621,7.776440610207212,10.438793367431062,0.0,39.51344556799642,15,14,1,alpha_0,0.5794486737551644
tfim_h2.0,"TFIM (J=1, h=2.0)",4,7,combined,Combined (A+B+C),22,3,mean,7.925775561952578,4.043249728354377,10.482981212819087,0.0,36.48789444871198,15,14,1,alpha_0,0.23794066195125396
tfim_h2.0,"TFIM (J=1, h=2.0)",4,7,combined,Combined (A+B+C),23,3,mean,8.121808405336994,7.864098405035387,7.209802242864011,0.0,23.008927439690925,15,14,1,alpha_0,0.31688917381533444
tfim_h2.0,"TFIM (J=1, h=2.0)",4,7,combined,Combined (A+B+C),24,3,mean,6.414889356978509,6.18689209791451,6.541325701310595,0.0,25.241973804342933,15,14,1,alpha_0,0.31150559550919166
tfim_h2.0,"TFIM (J=1, h=2.0)",4,7,combined,Combined (A+B+C),25,3,mean,8.626137509182113,3.474625376453265,11.280528385012078,0.0,38.39091973923752,15,14,1,alpha_0,0.3667876345625563
tfim_h2.0,"TFIM (J=1, h=2.0)",4,7,combined,Combined (A+B+C),26,3,mean,10.193276728488595,8.364908261825555,8.17791705231326,0.0,29.886819463828115,15,14,1,alpha_0,0.366784109150561
tfim_h2.0,"TFIM (J=1, h=2.0)",4,7,combined,Combined (A+B+C),27,3,mean,5.002060700394106,2.7531743068688526,6.334963135713593,0.0,21.336862292342587,15,14,1,alpha_0,0.31816002814932587
tfim_h2.0,"TFIM (J=1, h=2.0)",4,7,combined,Combined (A+B+C),28,3,mean,10.406478765013967,10.691632029240264,8.630653955384627,0.0,26.083031341413403,15,14,1,alpha_0,0.5651075295142206
tfim_h2.0,"TFIM (J=1, h=2.0)",4,7,combined,Combined (A+B+C),29,3,mean,11.473130908233625,6.532141739587669,12.897952865218247,0.0,47.404486530372395,15,14,1,alpha_0,0.3894733595294598
tfim_h2.0,"TFIM (J=1, h=2.0)",4,7,combined,Combined (A+B+C),30,3,mean,7.938894315329386,5.35189474219759,7.843811220333176,0.0,24.509501202105145,15,14,1,alpha_0,0.36067260159905
tfim_h2.0,"TFIM (J=1, h=2.0)",4,7,combined,Combined (A+B+C),31,3,mean,7.78235379427178,5.159196778591553,8.808855689647949,0.0,32.28063331343092,15,14,1,alpha_0,0.2717457279714883
tfim_h2.0,"TFIM (J=1, h=2.0)",4,7,combined,Combined (A+B+C),32,3,mean,3.7248207946173086,3.098773686649965,3.2295247411813306,0.0,9.973870751470649,15,14,1,alpha_0,0.24715366615404671
tfim_h2.0,"TFIM (J=1, h=2.0)",4,7,combined,Combined (A+B+C),33,3,mean,15.908982216211571,7.070421918940546,20.08687595928675,0.0,61.979202423357805,15,14,1,alpha_0,0.34976556803084297
tfim_h2.0,"TFIM (J=1, h=2.0)",4,7,combined,Combined (A+B+C),34,3,mean,14.440521030782078,9.631648070340825,14.477084517874223,0.0,37.79631606142315,15,14,1,alpha_0,0.5405933459660565
tfim_h2.0,"TFIM (J=1, h=2.0)",4,7,combined,Combined (A+B+C),35,3,mean,8.743067732630495,4.564901879071789,12.294617803942602,0.0,40.82746003518353,15,14,1,alpha_0,0.2341560441423925
tfim_h2.0,"TFIM (J=1, h=2.0)",4,7,combined,Combined (A+B+C),36,3,mean,5.640515697884178,4.713566239192158,4.909244817007759,0.0,19.12298945445439,15,14,1,alpha_0,0.34499617994515214
tfim_h2.0,"TFIM (J=1, h=2.0)",4,7,combined,Combined (A+B+C),37,3,mean,13.02313377710276,8.859449134728488,14.307064035455124,0.0,56.06508684165419,15,14,1,alpha_0,0.6056369527875715
tfim_h2.0,"TFIM (J=1, h=2.0)",4,7,combined,Combined (A+B+C),38,3,mean,8.83238253250869,6.338599175020928,8.936987774753847,0.0,25.956116425469023,15,14,1,alpha_0,0.353740765871215
tfim_h2.0,"TFIM (J=1, h=2.0)",4,7,combined,Combined (A+B+C),39,3,mean,4.476146030890518,1.765510271720713,5.140373823540764,0.0,18.40074062156792,15,14,1,alpha_0,0.1583305428954955
tfim_h2.0,"TFIM (J=1, h=2.0)",4,7,combined,Combined (A+B+C),40,3,mean,11.16596446956086,3.392257047517906,15.012287775194535,0.0,51.72575130440748,15,14,1,alpha_0,0.24448242983102825
tfim_h2.0,"TFIM (J=1, h=2.0)",4,7,combined,Combined (A+B+C),41,3,mean,12.141177862120712,9.017246120890787,11.934008108498375,0.0,42.192302903481064,15,14,1,alpha_0,0.4484826735724524
tfim_h2.0,"TFIM (J=1, h=2.0)",4,7,combined,Combined (A+B+C),42,3,mean,5.196404524556007,2.69161415770704,4.936060931819983,0.0,14.359439361811507,15,14,1,alpha_0,0.290636823445985
tfim_h2.0,"TFIM (J=1, h=2.0)",4,7,combined,Combined (A+B+C),43,3,mean,7.081345073073679,8.203316564257786,5.301221547740031,0.0,16.83108568758592,15,14,1,alpha_0,0.26165307446341324
tfim_h2.0,"TFIM (J=1, h=2.0)",4,7,combined,Combined (A+B+C),44,3,mean,12.754575680842066,13.152592235812147,10.268969412253616,0.0,33.77103634232295,15,14,1,alpha_0,0.716147556654011
tfim_h2.0,"TFIM (J=1, h=2.0)",4,7,combined,Combined (A+B+C),45,3,mean,11.795375247657391,5.747209298163915,14.911922956396,0.0,47.870264711805945,15,14,1,alpha_0,0.6894701609047202
tfim_h2.0,"TFIM (J=1, h=2.0)",4,7,combined,Combined (A+B+C),46,3,mean,10.686420564135778,9.435269712087113,9.05861436649278,0.0,29.07896355360854,15,14,1,alpha_0,0.46736126919979687
tfim_h2.0,"TFIM (J=1, h=2.0)",4,7,combined,Combined (A+B+C),47,3,mean,13.439029149725386,11.377068760186539,14.042930246544827,0.0,46.54387191661698,15,14,1,alpha_0,0.6243199341086545
tfim_h2.0,"TFIM (J=1, h=2.0)",4,7,combined,Combined (A+B+C),48,3,mean,12.712884160486746,10.184038658034122,10.21294398926226,0.0,32.210751264611815,15,14,1,alpha_0,0.38942823808109556
tfim_h2.0,"TFIM (J=1, h=2.0)",4,7,combined,Combined (A+B+C),49,3,mean,10.883211142879164,12.349218523257564,8.577013189908689,0.0,26.303592177972522,15,14,1,alpha_0,0.7125028033803814
tfim_h2.0,"TFIM (J=1, h=2.0)",10,4,residual_only,Residual connections only,0,3,mean,4.005995580961628,2.70178869592656,3.7924751791308844,0.022885562719618367,16.85750539078922,33,32,1,alpha_0,0.5124223339342909
tfim_h2.0,"TFIM (J=1, h=2.0)",10,4,residual_only,Residual connections only,1,3,mean,4.574604506200015,3.087588001349696,6.62786111177182,0.060844432880406134,37.52173732100446,33,32,1,alpha_0,0.5167777907537793
tfim_h2.0,"TFIM (J=1, h=2.0)",10,4,residual_only,Residual connections only,2,3,mean,4.241219344805886,4.1026902544385235,2.933115856246558,0.003370215420985082,10.684866840463894,33,32,1,alpha_0,0.6302094197203276
tfim_h2.0,"TFIM (J=1, h=2.0)",10,4,residual_only,Residual connections only,3,3,mean,5.360419840041191,3.111471511854419,4.669678324278228,0.005757758584260761,20.094440034318534,33,32,1,alpha_0,0.7345117859325094
tfim_h2.0,"TFIM (J=1, h=2.0)",10,4,residual_only,Residual connections only,4,3,mean,5.889781260473196,3.917405751972712,5.184419475054447,0.6160710624081267,22.506256184748093,33,32,1,alpha_0,0.751106063580391
tfim_h2.0,"TFIM (J=1, h=2.0)",10,4,residual_only,Residual connections only,5,3,mean,4.197001591250644,3.1286842331113034,4.156983920783284,0.03644411796712768,17.76378067906978,33,32,1,alpha_0,0.5953919832256376
tfim_h2.0,"TFIM (J=1, h=2.0)",10,4,residual_only,Residual connections only,6,3,mean,5.208817288631698,4.2627853351389895,4.811977970688056,0.3213141801093932,18.24656440836859,33,32,1,alpha_0,0.707856911880894
tfim_h2.0,"TFIM (J=1, h=2.0)",10,4,residual_only,Residual connections only,7,3,mean,4.353593526154724,3.49134986428386,3.7655142243614437,0.02172525714470148,14.241055858167119,33,32,1,alpha_0,0.49924079964557344
tfim_h2.0,"TFIM (J=1, h=2.0)",10,4,residual_only,Residual connections only,8,3,mean,6.010791415557881,5.7373300633151985,4.9141742709472,0.031644728881403815,21.627957744354035,33,32,1,alpha_0,0.8636346868683212
tfim_h2.0,"TFIM (J=1, h=2.0)",10,4,residual_only,Residual connections only,9,3,mean,4.406792550800777,3.6179629006893195,3.0004114323771525,0.5834505576050251,12.666841721181811,33,32,1,alpha_0,0.6357065849887928
tfim_h2.0,"TFIM (J=1, h=2.0)",10,4,residual_only,Residual connections only,10,3,mean,4.154272505116045,3.694980094052318,2.683904246316524,0.10908541607779951,13.700430693963927,33,32,1,alpha_0,0.5970142605158066
tfim_h2.0,"TFIM (J=1, h=2.0)",10,4,residual_only,Residual connections only,11,3,mean,7.321734358173714,5.776282292764575,5.178555610503485,0.9024262188935511,24.657798377310638,33,32,1,alpha_0,0.9081614494162709
tfim_h2.0,"TFIM (J=1, h=2.0)",10,4,residual_only,Residual connections only,12,3,mean,5.326402004830368,4.8657359336771275,3.975881108565022,0.12233891717464261,17.320500313370214,33,32,1,alpha_0,0.7281237389060891
tfim_h2.0,"TFIM (J=1, h=2.0)",10,4,residual_only,Residual connections only,13,3,mean,4.657270188761365,3.54937252604416,4.039400729635549,0.1658508908218822,20.835132010105575,33,32,1,alpha_0,0.6213688601656258
tfim_h2.0,"TFIM (J=1, h=2.0)",10,4,residual_only,Residual connections only,14,3,mean,4.625015954764919,3.3392462892647314,3.6735651571343055,0.0975655183374605,17.49719193613055,33,32,1,alpha_0,0.6495871514539253
tfim_h2.0,"TFIM (J=1, h=2.0)",10,4,residual_only,Residual connections only,15,3,mean,4.601513183149572,4.124979265252385,3.496092069996508,0.23302044261797153,13.480874188747318,33,32,1,alpha_0,0.6119597465602067
tfim_h2.0,"TFIM (J=1, h=2.0)",10,4,residual_only,Residual connections only,16,3,mean,4.500030532054145,4.1251167119070224,3.5388386242283767,0.021080922409026585,14.37113854377554,33,32,1,alpha_0,0.5876931645552849
tfim_h2.0,"TFIM (J=1, h=2.0)",10,4,residual_only,Residual connections only,17,3,mean,4.395329815969833,3.769783106680328,3.4989572426902273,0.03503390278415941,16.651798156525075,33,32,1,alpha_0,0.6319375667577163
tfim_h2.0,"TFIM (J=1, h=2.0)",10,4,residual_only,Residual connections only,18,3,mean,4.027473747468228,2.6203917046814764,3.6660024621708294,0.009807957378985897,13.13677928833543,33,32,1,alpha_0,0.5541699617293084
tfim_h2.0,"TFIM (J=1, h=2.0)",10,4,residual_only,Residual connections only,19,3,mean,5.705204878645016,4.773684567492548,4.813436364276794,0.2982499479573264,17.575181089280427,33,32,1,alpha_0,0.7222521933840341
tfim_h2.0,"TFIM (J=1, h=2.0)",10,4,residual_only,Residual connections only,20,3,mean,4.261214556445959,3.488065202492675,2.9200653440836635,0.14287913963817134,12.75333810553135,33,32,1,alpha_0,0.6064488547373833
tfim_h2.0,"TFIM (J=1, h=2.0)",10,4,residual_only,Residual connections only,21,3,mean,4.525921894933275,2.6964867478884593,4.540523747512403,0.21657270383276073,18.473723960656375,33,32,1,alpha_0,0.602898971574579
tfim_h2.0,"TFIM (J=1, h=2.0)",10,4,residual_only,Residual connections only,22,3,mean,4.398362255434991,4.201589627175087,3.571471535278712,0.28448619626396593,14.256764626064225,33,32,1,alpha_0,0.5637855610356705
tfim_h2.0,"TFIM (J=1, h=2.0)",10,4,residual_only,Residual connections only,23,3,mean,4.284579109689109,3.038681447832558,3.660340352914681,0.18382208602234212,14.42763837252381,33,32,1,alpha_0,0.6840733129253067
tfim_h2.0,"TFIM (J=1, h=2.0)",10,4,residual_only,Residual connections only,24,3,mean,4.575905351463327,3.7586391870081504,4.225182759005887,0.23140874972759512,19.47663374829228,33,32,1,alpha_0,0.6551605053524736
tfim_h2.0,"TFIM (J=1, h=2.0)",10,4,residual_only,Residual connections only,25,3,mean,5.5717052938828555,5.139915498958313,3.2219106096675127,0.13449009446957533,13.696920301646273,33,32,1,alpha_0,0.7755395828351294
tfim_h2.0,"TFIM (J=1, h=2.0)",10,4,residual_only,Residual connections only,26,3,mean,4.92256033810137,3.6970423287147796,4.180248667303572,0.0928016171497016,18.281835196236614,33,32,1,alpha_0,0.6446907770045607
tfim_h2.0,"TFIM (J=1, h=2.0)",10,4,residual_only,Residual connections only,27,3,mean,4.047975001215213,3.042688939896236,3.191643282377021,0.5180513968392273,11.85279725178102,33,32,1,alpha_0,0.5415682396307179
tfim_h2.0,"TFIM (J=1, h=2.0)",10,4,residual_only,Residual connections only,28,3,mean,5.634548886656404,3.6431287485185058,5.370860223366246,0.13793764015209656,22.335464786787202,33,32,1,alpha_0,0.7867772328857051
tfim_h2.0,"TFIM (J=1, h=2.0)",10,4,residual_only,Residual connections only,29,3,mean,4.714212021210161,3.7640649816106095,4.593659943527428,0.04361760741236713,20.534155176477,33,32,1,alpha_0,0.6942069015766396
tfim_h2.0,"TFIM (J=1, h=2.0)",10,4,residual_only,Residual connections only,30,3,mean,4.061599999930776,2.5465648313001505,3.4247317571836833,0.06000150712165765,11.275572860534748,33,32,1,alpha_0,0.6037751868793839
tfim_h2.0,"TFIM (J=1, h=2.0)",10,4,residual_only,Residual connections only,31,3,mean,5.489418525978935,4.092569371756948,4.419688007450324,0.020626045537317998,18.81346267438349,33,32,1,alpha_0,0.7894631135685237
tfim_h2.0,"TFIM (J=1, h=2.0)",10,4,residual_only,Residual connections only,32,3,mean,3.835439980204872,3.2669499101921686,2.6162612033858825,0.17140336790175834,10.160975938605322,33,32,1,alpha_0,0.5401216633846548
tfim_h2.0,"TFIM (J=1, h=2.0)",10,4,residual_only,Residual connections only,33,3,mean,3.5074589835212997,2.749316246832069,2.917270777273072,0.00761786792084091,9.8211685082859,33,32,1,alpha_0,0.5707063802235343
tfim_h2.0,"TFIM (J=1, h=2.0)",10,4,residual_only,Residual connections only,34,3,mean,5.756102385047989,4.5750127765247,4.467716127155577,0.24673900646308888,18.75219373071621,33,32,1,alpha_0,0.703652761341294
tfim_h2.0,"TFIM (J=1, h=2.0)",10,4,residual_only,Residual connections only,35,3,mean,3.6985288836902144,2.901629079123074,2.9261962752686936,0.40163265691038463,10.980720275687986,33,32,1,alpha_0,0.5831013593812308
tfim_h2.0,"TFIM (J=1, h=2.0)",10,4,residual_only,Residual connections only,36,3,mean,5.101277462243495,4.019426100994199,4.398606970552066,0.04862468154419606,15.905511886271572,33,32,1,alpha_0,0.7184614025637162
tfim_h2.0,"TFIM (J=1, h=2.0)",10,4,residual_only,Residual connections only,37,3,mean,5.4764317025146525,4.919623402617152,3.7443160734394487,0.7144658490322173,14.027911443448305,33,32,1,alpha_0,0.780842352133604
tfim_h2.0,"TFIM (J=1, h=2.0)",10,4,residual_only,Residual connections only,38,3,mean,4.837475695322945,3.768868321852163,3.859752095965949,0.10968766529769837,17.058425195414763,33,32,1,alpha_0,0.532160818725479
tfim_h2.0,"TFIM (J=1, h=2.0)",10,4,residual_only,Residual connections only,39,3,mean,5.659304396206325,4.766152411763198,4.549871344150105,0.13483384317403693,15.43348362056128,33,32,1,alpha_0,0.7667320398170587
tfim_h2.0,"TFIM (J=1, h=2.0)",10,4,residual_only,Residual connections only,40,3,mean,4.622751477493894,3.0870134862825602,4.306311638713024,0.19012724678323267,18.21720809099203,33,32,1,alpha_0,0.6683701182194417
tfim_h2.0,"TFIM (J=1, h=2.0)",10,4,residual_only,Residual connections only,41,3,mean,5.001020964616574,4.148722460125386,3.530160254203263,0.36045000207103056,14.378882615985718,33,32,1,alpha_0,0.767961400744229
tfim_h2.0,"TFIM (J=1, h=2.0)",10,4,residual_only,Residual connections only,42,3,mean,3.9284811014258896,3.250519291704629,3.547061031101113,0.00709294129500541,14.921686925752333,33,32,1,alpha_0,0.5635154559483155
tfim_h2.0,"TFIM (J=1, h=2.0)",10,4,residual_only,Residual connections only,43,3,mean,6.368564523824229,4.545512736343612,5.462813209637145,0.8020137034144197,22.40062274616992,33,32,1,alpha_0,0.8955199857155488
tfim_h2.0,"TFIM (J=1, h=2.0)",10,4,residual_only,Residual connections only,44,3,mean,5.963817178725323,4.018336206463714,5.618416746779288,0.043765530960722374,20.621760443348194,33,32,1,alpha_0,0.7909289082100622
tfim_h2.0,"TFIM (J=1, h=2.0)",10,4,residual_only,Residual connections only,45,3,mean,5.4793766964883,4.001272219709409,5.492148719008037,0.13018068475342764,27.286465218739984,33,32,1,alpha_0,0.7493006954236462
tfim_h2.0,"TFIM (J=1, h=2.0)",10,4,residual_only,Residual connections only,46,3,mean,4.200665486981644,2.8508970372960727,4.088252072602481,0.14885059551020857,17.325420485593927,33,32,1,alpha_0,0.5491060301400454
tfim_h2.0,"TFIM (J=1, h=2.0)",10,4,residual_only,Residual connections only,47,3,mean,4.383425619097059,2.263398058627067,5.988104406991799,0.1870027556084826,25.52585331424445,33,32,1,alpha_0,0.5869395393259458
tfim_h2.0,"TFIM (J=1, h=2.0)",10,4,residual_only,Residual connections only,48,3,mean,6.126243677100212,5.715622798583075,4.23711676733597,0.0018978683850325595,16.043023800093803,33,32,1,alpha_0,0.8118437024679492
tfim_h2.0,"TFIM (J=1, h=2.0)",10,4,residual_only,Residual connections only,49,3,mean,3.777489539711075,3.5405769233224507,3.2004453182895034,0.06400558070125549,14.196130457667966,33,32,1,alpha_0,0.5288967782236559
tfim_h2.0,"TFIM (J=1, h=2.0)",10,6,entanglement_residual,Entanglement + residual,0,3,mean,9.502472085960969,7.541141866464939,5.844723168391712,1.5611191318826803,25.104909291777744,33,32,1,alpha_0,1.2376954357932495
tfim_h2.0,"TFIM (J=1, h=2.0)",10,6,entanglement_residual,Entanglement + residual,1,3,mean,7.322966233646882,5.267555258086106,7.322539144796662,0.26501025134998696,36.93923605738136,33,32,1,alpha_0,0.7233485008461936
tfim_h2.0,"TFIM (J=1, h=2.0)",10,6,entanglement_residual,Entanglement + residual,2,3,mean,6.946557816178676,5.4372068827714735,5.837976992408006,0.31433508355809614,21.514501303023458,33,32,1,alpha_0,1.0616186592218395
tfim_h2.0,"TFIM (J=1, h=2.0)",10,6,entanglement_residual,Entanglement + residual,3,3,mean,8.236187550634167,6.315142583504194,6.464236680044901,0.5605955577237179,22.517080025498338,33,32,1,alpha_0,0.9207423531506431
tfim_h2.0,"TFIM (J=1, h=2.0)",10,6,entanglement_residual,Entanglement + residual,4,3,mean,7.942076117605428,6.945619301386124,6.711977524460292,0.021639795300185075,31.466955891334877,33,32,1,alpha_0,0.9658874906055684
tfim_h2.0,"TFIM (J=1, h=2.0)",10,6,entanglement_residual,Entanglement + residual,5,3,mean,9.493090901388712,6.832214452887177,10.417724027452259,0.5349439424280729,59.201772946361956,33,32,1,alpha_0,0.9628601647321825
tfim_h2.0,"TFIM (J=1, h=2.0)",10,6,entanglement_residual,Entanglement + residual,6,3,mean,7.884756177442163,6.107273948032375,5.251673915935,1.0498979861807505,20.032799717723197,33,32,1,alpha_0,0.8861311625707002
tfim_h2.0,"TFIM (J=1, h=2.0)",10,6,entanglement_residual,Entanglement + residual,7,3,mean,7.088065877390996,5.512951783776016,7.088842182394372,0.1596319747007123,29.547526214543257,33,32,1,alpha_0,1.0475053906833487
tfim_h2.0,"TFIM (J=1, h=2.0)",10,6,entanglement_residual,Entanglement + residual,8,3,mean,7.447587332719214,3.7058840820765777,7.2516838844662255,0.4194380407760865,23.11455893858108,33,32,1,alpha_0,0.8900719878472589
tfim_h2.0,"TFIM (J=1, h=2.0)",10,6,entanglement_residual,Entanglement + residual,9,3,mean,7.974115099340807,6.072240679682402,5.685300680737135,0.8241063009513337,22.687833303140373,33,32,1,alpha_0,1.0129531395258144
tfim_h2.0,"TFIM (J=1, h=2.0)",10,6,entanglement_residual,Entanglement + residual,10,3,mean,8.792297898293945,9.602287882405747,6.373061905254449,0.043230552388904865,26.983797959022592,33,32,1,alpha_0,1.0536623472475755
tfim_h2.0,"TFIM (J=1, h=2.0)",10,6,entanglement_residual,Entanglement + residual,11,3,mean,8.560578399876924,6.89894263876533,5.394276184545574,0.2344630743792817,21.485911219383887,33,32,1,alpha_0,1.002787993784292
tfim_h2.0,"TFIM (J=1, h=2.0)",10,6,entanglement_residual,Entanglement + residual,12,3,mean,9.443883171984226,7.439502350979976,7.938958244011366,0.37379488496004426,30.708351576973836,33,32,1,alpha_0,1.2356853711739075
tfim_h2.0,"TFIM (J=1, h=2.0)",10,6,entanglement_residual,Entanglement + residual,13,3,mean,9.352863035043736,4.3560674724589505,12.427741717579995,0.0912002453672213,55.10404003345201,33,32,1,alpha_0,0.8690222620928724
tfim_h2.0,"TFIM (J=1, h=2.0)",10,6,entanglement_residual,Entanglement + residual,14,3,mean,7.625411600980983,4.84334746315357,6.97433418487671,0.026134341149354413,32.886232599582804,33,32,1,alpha_0,1.139615335470838
tfim_h2.0,"TFIM (J=1, h=2.0)",10,6,entanglement_residual,Entanglement + residual,15,3,mean,8.32558271943857,6.381554889840757,12.024828971196252,0.0801402416238968,63.677003757151475,33,32,1,alpha_0,0.6725970904886449
tfim_h2.0,"TFIM (J=1, h=2.0)",10,6,entanglement_residual,Entanglement + residual,16,3,mean,7.858237531735156,6.787315309618872,6.57155552280509,0.3421853122292722,25.026131570060212,33,32,1,alpha_0,0.7989562445042642
tfim_h2.0,"TFIM (J=1, h=2.0)",10,6,entanglement_residual,Entanglement + residual,17,3,mean,7.1763010525228665,5.406807562724394,4.996143917983146,1.2867382262342626,24.32965585803278,33,32,1,alpha_0,1.144393562097138
tfim_h2.0,"TFIM (J=1, h=2.0)",10,6,entanglement_residual,Entanglement + residual,18,3,mean,7.11448800280663,4.881665194792135,6.7340096959174875,0.16381342502269375,36.91739065218602,33,32,1,alpha_0,0.6782189699138186
tfim_h2.0,"TFIM (J=1, h=2.0)",10,6,entanglement_residual,Entanglement + residual,19,3,mean,7.9188650214145415,7.092085934564565,6.628615234001721,0.2190156173275463,32.71985452418687,33,32,1,alpha_0,1.0725153152869458
tfim_h2.0,"TFIM (J=1, h=2.0)",10,6,entanglement_residual,Entanglement + residual,20,3,mean,6.315824991839672,5.306254447449783,4.855326657077067,0.09450365196098195,20.969317371307277,33,32,1,alpha_0,0.7308370778957913
tfim_h2.0,"TFIM (J=1, h=2.0)",10,6,entanglement_residual,Entanglement + residual,21,3,mean,9.350161565085685,8.877192594410793,6.896315684912298,0.11898088427859997,34.67303854193086,33,32,1,alpha_0,1.0020938291887584
tfim_h2.0,"TFIM (J=1, h=2.0)",10,6,entanglement_residual,Entanglement + residual,22,3,mean,9.922617044131854,8.135597470665319,7.019145429787818,0.7261380525491065,25.205434991492744,33,32,1,alpha_0,1.5117036614569492
tfim_h2.0,"TFIM (J=1, h=2.0)",10,6,entanglement_residual,Entanglement + residual,23,3,mean,9.175400009461043,8.373212080488337,5.72923579631007,0.43398422325996067,23.539077632183375,33,32,1,alpha_0,1.0096325268827906
tfim_h2.0,"TFIM (J=1, h=2.0)",10,6,entanglement_residual,Entanglement + residual,24,3,mean,6.7097394720108,4.51991226948092,6.7150254637625535,0.06857340436012216,27.178932900001083,33,32,1,alpha_0,0.721759770631492
tfim_h2.0,"TFIM (J=1, h=2.0)",10,6,entanglement_residual,Entanglement + residual,25,3,mean,8.207813618402565,5.583128686095927,9.738341130525635,0.10969031044819258,55.64857469891801,33,32,1,alpha_0,0.8524042123033155
tfim_h2.0,"TFIM (J=1, h=2.0)",10,6,entanglement_residual,Entanglement + residual,26,3,mean,8.98875421820692,5.295057316885111,8.338610562729352,0.25676493138579354,34.63553880319495,33,32,1,alpha_0,1.214255623270763
tfim_h2.0,"TFIM (J=1, h=2.0)",10,6,entanglement_residual,Entanglement + residual,27,3,mean,9.126899105877786,8.411759059674502,7.103569445569607,0.750831545450904,27.1299171777368,33,32,1,alpha_0,1.0759708178611633
tfim_h2.0,"TFIM (J=1, h=2.0)",10,6,entanglement_residual,Entanglement + residual,28,3,mean,8.245294072951422,4.304023186330112,8.70190467083773,0.1737123285230821,33.97725154506238,33,32,1,alpha_0,0.879093082928851
tfim_h2.0,"TFIM (J=1, h=2.0)",10,6,entanglement_residual,Entanglement + residual,29,3,mean,7.7755965799554545,5.789544505192136,6.19192432086772,0.1390892932511668,20.452323482768083,33,32,1,alpha_0,0.8631545401805325
tfim_h2.0,"TFIM (J=1, h=2.0)",10,6,entanglement_residual,Entanglement + residual,30,3,mean,6.655828069356431,5.928295508836948,4.302113787845932,0.4118962169109974,19.207234219532094,33,32,1,alpha_0,0.8427428439169957
tfim_h2.0,"TFIM (J=1, h=2.0)",10,6,entanglement_residual,Entanglement + residual,31,3,mean,8.894688154655201,5.083212360758548,8.287043339047575,0.2645732743602238,35.941340525967874,33,32,1,alpha_0,0.9976034414521084
tfim_h2.0,"TFIM (J=1, h=2.0)",10,6,entanglement_residual,Entanglement + residual,32,3,mean,6.959881950798717,6.919585738930227,4.482230176325063,1.1610495144124224,22.812972793992788,33,32,1,alpha_0,0.869411098183143
tfim_h2.0,"TFIM (J=1, h=2.0)",10,6,entanglement_residual,Entanglement + residual,33,3,mean,7.5176840107589165,4.928514975871833,8.84803967468694,0.15855777527765666,40.164484346443324,33,32,1,alpha_0,1.015405128126542
tfim_h2.0,"TFIM (J=1, h=2.0)",10,6,entanglement_residual,Entanglement + residual,34,3,mean,8.898532629787345,6.64608072912098,6.894044834505942,0.005690277788317264,21.262015860566688,33,32,1,alpha_0,1.126688856137296
tfim_h2.0,"TFIM (J=1, h=2.0)",10,6,entanglement_residual,Entanglement + residual,35,3,mean,7.731019060002397,6.802347025621856,5.7632992046175415,0.08634527165099605,33.81001467492111,33,32,1,alpha_0,0.8554162102594501
tfim_h2.0,"TFIM (J=1, h=2.0)",10,6,entanglement_residual,Entanglement + residual,36,3,mean,7.729877030308676,5.57361067246559,6.072514492625001,0.11687132640990441,19.310338723153016,33,32,1,alpha_0,1.1298977338497176
tfim_h2.0,"TFIM (J=1, h=2.0)",10,6,entanglement_residual,Entanglement + residual,37,3,mean,7.425489023190144,4.127682052143295,8.04357037485097,0.0010647335200963822,38.34061321414459,33,32,1,alpha_0,0.7235997575022955
tfim_h2.0,"TFIM (J=1, h=2.0)",10,6,entanglement_residual,Entanglement + residual,38,3,mean,8.434785576926291,7.546462149522414,4.7044025303546055,0.023718150809236685,16.827583129714114,33,32,1,alpha_0,1.11523946598451
tfim_h2.0,"TFIM (J=1, h=2.0)",10,6,entanglement_residual,Entanglement + residual,39,3,mean,8.763902658178985,5.738679773463044,8.103733469711216,0.35395970088474016,31.553763416797786,33,32,1,alpha_0,1.0498661631644388
tfim_h2.0,"TFIM (J=1, h=2.0)",10,6,entanglement_residual,Entanglement + residual,40,3,mean,8.662918487140033,7.585328136169926,5.915875155209367,1.4003993589564743,30.493356714274128,33,32,1,alpha_0,0.9774492077026863
tfim_h2.0,"TFIM (J=1, h=2.0)",10,6,entanglement_residual,Entanglement + residual,41,3,mean,7.94336437260762,7.262283886674321,5.80248613505397,0.3882045695064598,25.786475967566158,33,32,1,alpha_0,1.0137410770370598
tfim_h2.0,"TFIM (J=1, h=2.0)",10,6,entanglement_residual,Entanglement + residual,42,3,mean,7.1094183883459126,5.607797658137789,6.9224438988798935,0.171529516400037,25.933781468770682,33,32,1,alpha_0,0.7534016615155217
tfim_h2.0,"TFIM (J=1, h=2.0)",10,6,entanglement_residual,Entanglement + residual,43,3,mean,8.00802355717165,6.302663000474048,7.009103867170905,0.522701121510685,26.99170247724028,33,32,1,alpha_0,1.0456192535076327
tfim_h2.0,"TFIM (J=1, h=2.0)",10,6,entanglement_residual,Entanglement + residual,44,3,mean,6.878914316511496,4.0147519225703014,7.096197408536213,0.2041989233143223,30.637694724777013,33,32,1,alpha_0,0.9647926903383258
tfim_h2.0,"TFIM (J=1, h=2.0)",10,6,entanglement_residual,Entanglement + residual,45,3,mean,8.277505970908319,5.52132926692468,6.589587913836413,0.16768877779230051,24.10582275003148,33,32,1,alpha_0,1.0983750901021463
tfim_h2.0,"TFIM (J=1, h=2.0)",10,6,entanglement_residual,Entanglement + residual,46,3,mean,9.72386473815088,8.303055436056209,6.943780140370722,0.23620768674020912,27.00522265749223,33,32,1,alpha_0,1.2494581430934637
tfim_h2.0,"TFIM (J=1, h=2.0)",10,6,entanglement_residual,Entanglement + residual,47,3,mean,7.098127899839982,6.67456176457517,6.513991999103518,0.12158592181984634,28.055433673969635,33,32,1,alpha_0,0.5776949647419168
tfim_h2.0,"TFIM (J=1, h=2.0)",10,6,entanglement_residual,Entanglement + residual,48,3,mean,7.657427334146009,3.669448364757658,8.945263888948709,0.18131778825861075,31.90505964144903,33,32,1,alpha_0,0.7809016848161061
tfim_h2.0,"TFIM (J=1, h=2.0)",10,6,entanglement_residual,Entanglement + residual,49,3,mean,8.02275248602366,4.70990218840839,9.158864636069781,0.09392531544766143,36.78984752568196,33,32,1,alpha_0,0.829746923601943
tfim_h2.0,"TFIM (J=1, h=2.0)",10,7,combined,Combined (A+B+C),0,3,mean,6.550692196244901,2.3673589664119565,9.28039361698118,0.0,38.3482479589231,33,32,1,alpha_0,0.16519643923708877
tfim_h2.0,"TFIM (J=1, h=2.0)",10,7,combined,Combined (A+B+C),1,3,mean,6.748286113077868,3.780398622121673,8.639423857547994,0.0,36.93923605738136,33,32,1,alpha_0,0.21171262869436486
tfim_h2.0,"TFIM (J=1, h=2.0)",10,7,combined,Combined (A+B+C),2,3,mean,4.135673129938884,2.8135775370067817,4.614741630061975,0.0,22.678349560611164,33,32,1,alpha_0,0.20812310243924909
tfim_h2.0,"TFIM (J=1, h=2.0)",10,7,combined,Combined (A+B+C),3,3,mean,6.970765717336524,3.3981422933068766,11.16926530132257,0.0,52.54143027022642,33,32,1,alpha_0,0.20760894119146725
tfim_h2.0,"TFIM (J=1, h=2.0)",10,7,combined,Combined (A+B+C),4,3,mean,6.225342722690476,5.199957495735268,6.6170521778553315,0.0,31.466955891334877,33,32,1,alpha_0,0.22965579791479465
tfim_h2.0,"TFIM (J=1, h=2.0)",10,7,combined,Combined (A+B+C),5,3,mean,7.723806527636212,2.277839997438198,13.368244655365709,0.0,59.201772946361956,33,32,1,alpha_0,0.18891239544392407
tfim_h2.0,"TFIM (J=1, h=2.0)",10,7,combined,Combined (A+B+C),6,3,mean,5.285181619792532,3.8456466253387065,6.633053287334645,0.0,29.720652889160917,33,32,1,alpha_0,0.14512133405012376
tfim_h2.0,"TFIM (J=1, h=2.0)",10,7,combined,Combined (A+B+C),7,3,mean,3.6584586496770104,0.2978283248510952,7.158340011491263,0.0,25.977806807043546,33,32,1,alpha_0,0.10657940473435018
tfim_h2.0,"TFIM (J=1, h=2.0)",10,7,combined,Combined (A+B+C),8,3,mean,6.2426457415115895,1.648874126999475,10.411312208344844,0.0,43.185143199956315,33,32,1,alpha_0,0.1486308116840358
tfim_h2.0,"TFIM (J=1, h=2.0)",10,7,combined,Combined (A+B+C),9,3,mean,6.7777420215842525,3.504707778537781,7.448992012529442,0.0,25.63044365333925,33,32,1,alpha_0,0.23368681146811604
tfim_h2.0,"TFIM (J=1, h=2.0)",10,7,combined,Combined (A+B+C),10,3,mean,6.167888000780113,3.1312422249127683,7.075345286152359,0.0,26.983797959022592,33,32,1,alpha_0,0.20796101783863102
tfim_h2.0,"TFIM (J=1, h=2.0)",10,7,combined,Combined (A+B+C),11,3,mean,5.693970926840598,1.8125654058936298,9.846091118779102,0.0,39.34350567524984,33,32,1,alpha_0,0.13589603690471547
tfim_h2.0,"TFIM (J=1, h=2.0)",10,7,combined,Combined (A+B+C),12,3,mean,4.380917267846614,1.7081689971899539,5.385487949956046,0.0,19.011160283460956,33,32,1,alpha_0,0.21579524453453888
tfim_h2.0,"TFIM (J=1, h=2.0)",10,7,combined,Combined (A+B+C),13,3,mean,10.616984568153963,4.329201769806591,13.84591204721476,0.0,55.10404003345201,33,32,1,alpha_0,0.3330884237101937
tfim_h2.0,"TFIM (J=1, h=2.0)",10,7,combined,Combined (A+B+C),14,3,mean,5.183215573188667,2.264380188963494,7.149466970825296,0.0,32.886232599582804,33,32,1,alpha_0,0.22836128969260713
tfim_h2.0,"TFIM (J=1, h=2.0)",10,7,combined,Combined (A+B+C),15,3,mean,7.757069555518493,0.7491641069974534,13.833455222393255,0.0,63.677003757151475,33,32,1,alpha_0,0.1821720577165529
tfim_h2.0,"TFIM (J=1, h=2.0)",10,7,combined,Combined (A+B+C),16,3,mean,5.41632977259307,1.7910213943211173,7.568675466040232,0.0,33.82380730270804,33,32,1,alpha_0,0.19819109842147387
tfim_h2.0,"TFIM (J=1, h=2.0)",10,7,combined,Combined (A+B+C),17,3,mean,5.242706105634385,2.270957030340596,6.709568220499969,0.0,24.865738604266845,33,32,1,alpha_0,0.25593241345309714
tfim_h2.0,"TFIM (J=1, h=2.0)",10,7,combined,Combined (A+B+C),18,3,mean,6.7320491340175845,3.3413817549795377,9.562115401805222,0.0,37.049164713962654,33,32,1,alpha_0,0.21342341397489356
tfim_h2.0,"TFIM (J=1, h=2.0)",10,7,combined,Combined (A+B+C),19,3,mean,4.070677087542021,1.2660125476276303,6.904952837072224,0.0,32.71985452418687,33,32,1,alpha_0,0.09248286791904174
tfim_h2.0,"TFIM (J=1, h=2.0)",10,7,combined,Combined (A+B+C),20,3,mean,4.073139527206733,0.6826366361473186,6.97062326164076,0.0,25.93911638750459,33,32,1,alpha_0,0.12446607588626413
tfim_h2.0,"TFIM (J=1, h=2.0)",10,7,combined,Combined (A+B+C),21,3,mean,5.376048812682839,1.394479211921678,7.681738539146379,0.0,34.67303854193086,33,32,1,alpha_0,0.16377609829395112
tfim_h2.0,"TFIM (J=1, h=2.0)",10,7,combined,Combined (A+B+C),22,3,mean,5.082210149961057,1.3727587687360159,7.696106421162943,0.0,28.765047554637572,33,32,1,alpha_0,0.12611954714484885
tfim_h2.0,"TFIM (J=1, h=2.0)",10,7,combined,Combined (A+B+C),23,3,mean,4.571611637010575,2.770290636774593,5.577048348043261,0.0,23.539077632183375,33,32,1,alpha_0,0.21446425250343804
tfim_h2.0,"TFIM (J=1, h=2.0)",10,7,combined,Combined (A+B+C),24,3,mean,4.388435825003375,2.1474858221095294,5.730446966321096,0.0,25.443786520064233,33,32,1,alpha_0,0.14224104978167001
tfim_h2.0,"TFIM (J=1, h=2.0)",10,7,combined,Combined (A+B+C),25,3,mean,6.499231382142094,2.7817247401307377,11.077622251301303,0.0,55.64857469891801,33,32,1,alpha_0,0.2306473867405976
tfim_h2.0,"TFIM (J=1, h=2.0)",10,7,combined,Combined (A+B+C),26,3,mean,7.266385364425121,1.1466253642560746,11.430927503558307,0.0,41.41561013815881,33,32,1,alpha_0,0.1606784216877932
tfim_h2.0,"TFIM (J=1, h=2.0)",10,7,combined,Combined (A+B+C),27,3,mean,6.232279624477728,4.483781921740048,6.5479626544466445,0.0,25.20166043163317,33,32,1,alpha_0,0.24185857372157807
tfim_h2.0,"TFIM (J=1, h=2.0)",10,7,combined,Combined (A+B+C),28,3,mean,5.930430116589591,1.2998502467665973,8.70742160149954,0.0,33.97725154506238,33,32,1,alpha_0,0.2005642690240971
tfim_h2.0,"TFIM (J=1, h=2.0)",10,7,combined,Combined (A+B+C),29,3,mean,6.5429873612668565,4.9040041585673,6.597540538683971,0.0,21.392458752283982,33,32,1,alpha_0,0.24487397754922435
tfim_h2.0,"TFIM (J=1, h=2.0)",10,7,combined,Combined (A+B+C),30,3,mean,5.080004773974839,5.169358613184199,5.084063201221864,0.0,17.657170161900723,33,32,1,alpha_0,0.17275936534869074
tfim_h2.0,"TFIM (J=1, h=2.0)",10,7,combined,Combined (A+B+C),31,3,mean,5.804270226681684,1.3891564013977724,9.234859507242978,0.0,35.941340525967874,33,32,1,alpha_0,0.15679056627314594
tfim_h2.0,"TFIM (J=1, h=2.0)",10,7,combined,Combined (A+B+C),32,3,mean,4.883917487664334,0.6176184573061988,7.397189838908705,0.0,23.955795330062088,33,32,1,alpha_0,0.15108686228549728
tfim_h2.0,"TFIM (J=1, h=2.0)",10,7,combined,Combined (A+B+C),33,3,mean,3.9814712865537585,1.4080261979528021,7.361828620924908,0.0,40.164484346443324,33,32,1,alpha_0,0.1255249546267336
tfim_h2.0,"TFIM (J=1, h=2.0)",10,7,combined,Combined (A+B+C),34,3,mean,5.962386230773407,2.107474409533284,9.066069231454115,0.0,36.62504109252829,33,32,1,alpha_0,0.18781488573480018
tfim_h2.0,"TFIM (J=1, h=2.0)",10,7,combined,Combined (A+B+C),35,3,mean,6.470200952650716,2.860381849266365,8.874581471925643,0.0,33.81001467492111,33,32,1,alpha_0,0.2214283263435229
tfim_h2.0,"TFIM (J=1, h=2.0)",10,7,combined,Combined (A+B+C),36,3,mean,3.9470684619067904,0.6263621875460534,5.807436232303171,0.0,22.489525902428404,33,32,1,alpha_0,0.1570003306033123
tfim_h2.0,"TFIM (J=1, h=2.0)",10,7,combined,Combined (A+B+C),37,3,mean,6.411140900399881,2.9023132637839195,8.551394268660667,0.0,38.34061321414459,33,32,1,alpha_0,0.216233351359838
tfim_h2.0,"TFIM (J=1, h=2.0)",10,7,combined,Combined (A+B+C),38,3,mean,5.06491265657787,1.509900278376647,7.883566412827675,0.0,30.690358881559675,33,32,1,alpha_0,0.12226596572535539
tfim_h2.0,"TFIM (J=1, h=2.0)",10,7,combined,Combined (A+B+C),39,3,mean,6.245617831475641,5.040200700815479,7.280808264374911,0.0,27.066845686519404,33,32,1,alpha_0,0.16976201778585942
tfim_h2.0,"TFIM (J=1, h=2.0)",10,7,combined,Combined (A+B+C),40,3,mean,5.4478406154261085,3.1223087497171678,7.350471245991397,0.0,30.493356714274128,33,32,1,alpha_0,0.15010678364852265
tfim_h2.0,"TFIM (J=1, h=2.0)",10,7,combined,Combined (A+B+C),41,3,mean,5.240033226595845,1.6224679011852832,7.4124444391797235,0.0,29.081747907927895,33,32,1,alpha_0,0.17945082554309785
tfim_h2.0,"TFIM (J=1, h=2.0)",10,7,combined,Combined (A+B+C),42,3,mean,5.2109162145247945,1.638449981075666,6.796589506755627,0.0,25.933781468770682,33,32,1,alpha_0,0.20315511897601565
tfim_h2.0,"TFIM (J=1, h=2.0)",10,7,combined,Combined (A+B+C),43,3,mean,5.998938452906806,0.603127599980834,11.111532169347647,0.0,44.96477115244969,33,32,1,alpha_0,0.17442146450776225
tfim_h2.0,"TFIM (J=1, h=2.0)",10,7,combined,Combined (A+B+C),44,3,mean,6.848875075519096,4.838234321594804,7.647147793643708,0.0,30.637694724777013,33,32,1,alpha_0,0.23725419996984362
tfim_h2.0,"TFIM (J=1, h=2.0)",10,7,combined,Combined (A+B+C),45,3,mean,8.100581983413964,4.0211795236187395,11.139559308257118,0.0,44.438033374598795,33,32,1,alpha_0,0.2697971545424247
tfim_h2.0,"TFIM (J=1, h=2.0)",10,7,combined,Combined (A+B+C),46,3,mean,6.2220266448245924,3.991663681388393,6.7966868473367645,0.0,27.00522265749223,33,32,1,alpha_0,0.24221614807936073
tfim_h2.0,"TFIM (J=1, h=2.0)",10,7,combined,Combined (A+B+C),47,3,mean,6.0127639802853965,1.5735934386944788,8.142727691913016,0.0,28.055433673969635,33,32,1,alpha_0,0.1315588706489967
tfim_h2.0,"TFIM (J=1, h=2.0)",10,7,combined,Combined (A+B+C),48,3,mean,4.335953847538628,1.1455491839828427,8.1828519163407,0.0,39.603406199916165,33,32,1,alpha_0,0.1137905162663068
tfim_h2.0,"TFIM (J=1, h=2.0)",10,7,combined,Combined (A+B+C),49,3,mean,5.749068226816972,0.30313317008165985,10.356598074418727,0.0,36.78984752568196,33,32,1,alpha_0,0.137726143568456
xxz_delta0.5,XXZ (Delta=0.5),4,4,residual_only,Residual connections only,0,3,mean,8.911999221309653,4.862486837655515,8.868644827051464,0.14838310027127394,27.812291052781905,15,14,1,alpha_0,0.5295255408328197
xxz_delta0.5,XXZ (Delta=0.5),4,4,residual_only,Residual connections only,1,3,mean,16.126788021802245,8.172834268711652,20.301851908352553,0.04479699217178665,81.02493242728647,15,14,1,alpha_0,0.7762236536316764
xxz_delta0.5,XXZ (Delta=0.5),4,4,residual_only,Residual connections only,2,3,mean,5.354730917672797,5.129704556507528,3.5106871401964694,0.5577167696666558,13.175466602732325,15,14,1,alpha_0,0.4158881905239526
xxz_delta0.5,XXZ (Delta=0.5),4,4,residual_only,Residual connections only,3,3,mean,10.52044093124144,8.556570399336662,8.362641495551358,0.24625655729764412,28.911593695245596,15,14,1,alpha_0,0.7369107040079991
xxz_delta0.5,XXZ (Delta=0.5),4,4,residual_only,Residual connections only,4,3,mean,14.193495680383133,8.924205953578149,14.941493186712648,1.3574778663958953,63.36459535514793,15,14,1,alpha_0,0.7437446963042845
xxz_delta0.5,XXZ (Delta=0.5),4,4,residual_only,Residual connections only,5,3,mean,8.762034047820011,6.576231998131529,9.071093254675374,0.2616044400158515,38.515158563414296,15,14,1,alpha_0,0.8273270635642692
xxz_delta0.5,XXZ (Delta=0.5),4,4,residual_only,Residual connections only,6,3,mean,7.490387327802202,4.706420869747612,6.174477389596775,0.046568123621552285,17.588459800826918,15,14,1,alpha_0,0.5206089139086004
xxz_delta0.5,XXZ (Delta=0.5),4,4,residual_only,Residual connections only,7,3,mean,9.847252193680685,7.503619710236446,9.744717456535623,0.4730402372769155,27.814235323953476,15,14,1,alpha_0,0.5697332288736987
xxz_delta0.5,XXZ (Delta=0.5),4,4,residual_only,Residual connections only,8,3,mean,12.801245368303254,7.530869050332539,14.990185152629898,0.1485215793668673,56.60507147034135,15,14,1,alpha_0,0.7137980159402766
xxz_delta0.5,XXZ (Delta=0.5),4,4,residual_only,Residual connections only,9,3,mean,6.914629612373768,3.8241320433819226,6.862060054651302,0.10096123715471576,23.526717217028462,15,14,1,alpha_0,0.6114771965843553
xxz_delta0.5,XXZ (Delta=0.5),4,4,residual_only,Residual connections only,10,3,mean,9.84273343002713,9.55844017664384,6.978659101957758,0.41353038452556384,25.69235201740827,15,14,1,alpha_0,0.6714334570695798
xxz_delta0.5,XXZ (Delta=0.5),4,4,residual_only,Residual connections only,11,3,mean,12.0509815508116,10.014910561170742,8.224999783060618,0.7908888886820751,25.105356237646834,15,14,1,alpha_0,0.5883045440604538
xxz_delta0.5,XXZ (Delta=0.5),4,4,residual_only,Residual connections only,12,3,mean,12.557496601120533,7.668004564334396,11.494079378511394,0.20043180388381357,37.94014359545027,15,14,1,alpha_0,0.6442271153021026
xxz_delta0.5,XXZ (Delta=0.5),4,4,residual_only,Residual connections only,13,3,mean,9.142283566193443,7.0038276989521835,7.5324576109370405,1.2082189069021783,28.231277004613325,15,14,1,alpha_0,0.5885521611480306
xxz_delta0.5,XXZ (Delta=0.5),4,4,residual_only,Residual connections only,14,3,mean,7.446124937549788,4.918107333877895,6.656326318449574,0.4244991096028966,22.412696675447012,15,14,1,alpha_0,0.5062094707012215
xxz_delta0.5,XXZ (Delta=0.5),4,4,residual_only,Residual connections only,15,3,mean,6.977879016101579,6.099690362206056,5.670469505009107,0.8541877333790646,22.945621827614875,15,14,1,alpha_0,0.5111551026932991
xxz_delta0.5,XXZ (Delta=0.5),4,4,residual_only,Residual connections only,16,3,mean,15.625796098760004,10.061785412192958,14.743895232412388,1.4253857153595482,48.365870614464676,15,14,1,alpha_0,1.0868858769843746
xxz_delta0.5,XXZ (Delta=0.5),4,4,residual_only,Residual connections only,17,3,mean,6.418291277896566,4.714333384129078,5.348958112463279,0.07068417679009455,17.176854275207955,15,14,1,alpha_0,0.5245121392055365
xxz_delta0.5,XXZ (Delta=0.5),4,4,residual_only,Residual connections only,18,3,mean,13.505094735769068,10.427870040693591,12.949989065290241,1.2376926561842307,49.58143151279355,15,14,1,alpha_0,1.152224516170456
xxz_delta0.5,XXZ (Delta=0.5),4,4,residual_only,Residual connections only,19,3,mean,10.932935617628521,10.370023480609213,6.660504613746748,0.8109085475149557,28.205234204418545,15,14,1,alpha_0,0.7602708860869029
xxz_delta0.5,XXZ (Delta=0.5),4,4,residual_only,Residual connections only,20,3,mean,8.328253057643922,4.832006266320247,9.906339705072725,0.06799928838421321,33.911731203053925,15,14,1,alpha_0,0.4727482481651727
xxz_delta0.5,XXZ (Delta=0.5),4,4,residual_only,Residual connections only,21,3,mean,8.908825602698267,7.662592052314487,6.144220632144901,0.8567288707086,21.460136539526616,15,14,1,alpha_0,0.6319105166192923
xxz_delta0.5,XXZ (Delta=0.5),4,4,residual_only,Residual connections only,22,3,mean,10.200334442096045,11.58208878545071,6.168506004902207,0.07550055705209054,21.34799411594963,15,14,1,alpha_0,0.5833093474716525
xxz_delta0.5,XXZ (Delta=0.5),4,4,residual_only,Residual connections only,23,3,mean,5.681458914885716,3.6061737442053348,5.621314690614836,0.059236332609874924,19.105532623824026,15,14,1,alpha_0,0.36147261072241593
xxz_delta0.5,XXZ (Delta=0.5),4,4,residual_only,Residual connections only,24,3,mean,7.765227078973829,5.105708136642582,7.008784605867055,0.5000233505857018,23.677460657093796,15,14,1,alpha_0,0.5354134998903296
xxz_delta0.5,XXZ (Delta=0.5),4,4,residual_only,Residual connections only,25,3,mean,9.178869103944953,7.018528563442381,8.271753900995508,1.000308874392773,29.691186137353483,15,14,1,alpha_0,0.5525391814109102
xxz_delta0.5,XXZ (Delta=0.5),4,4,residual_only,Residual connections only,26,3,mean,10.637477480385156,9.80290103904893,7.99636505829806,0.09169096670691429,27.12185997030288,15,14,1,alpha_0,0.5820524434517632
xxz_delta0.5,XXZ (Delta=0.5),4,4,residual_only,Residual connections only,27,3,mean,8.112091765082242,7.8669348739176925,6.00133469629507,1.4079364391989182,19.896903727741773,15,14,1,alpha_0,0.5849956221223839
xxz_delta0.5,XXZ (Delta=0.5),4,4,residual_only,Residual connections only,28,3,mean,9.232490399693507,8.751669657144054,5.324413409089313,0.5555829096228849,19.30198202239523,15,14,1,alpha_0,0.6885967612156486
xxz_delta0.5,XXZ (Delta=0.5),4,4,residual_only,Residual connections only,29,3,mean,10.02167854543119,7.342933794400267,8.217569355105137,2.5459436882985984,31.657028351069773,15,14,1,alpha_0,0.6690670860193694
xxz_delta0.5,XXZ (Delta=0.5),4,4,residual_only,Residual connections only,30,3,mean,11.801250738233486,8.035920943251128,10.127876676795916,0.037653102859928546,30.7216741622764,15,14,1,alpha_0,0.813865725058516
xxz_delta0.5,XXZ (Delta=0.5),4,4,residual_only,Residual connections only,31,3,mean,14.483804059155165,13.054173836371966,9.687502613754189,1.248903270426062,31.08307565755861,15,14,1,alpha_0,0.771419854331312
xxz_delta0.5,XXZ (Delta=0.5),4,4,residual_only,Residual connections only,32,3,mean,8.862818888223543,9.357109291289198,3.919499156983523,2.871980361703755,15.607735199176457,15,14,1,alpha_0,0.6405183505022454
xxz_delta0.5,XXZ (Delta=0.5),4,4,residual_only,Residual connections only,33,3,mean,14.02146493151148,11.30880177741878,8.915970447868125,4.2988237924993085,34.492489110176464,15,14,1,alpha_0,0.7115101650096299
xxz_delta0.5,XXZ (Delta=0.5),4,4,residual_only,Residual connections only,34,3,mean,11.340290112437794,7.892590359574075,9.706907219347224,0.2315366806643725,34.02473357739068,15,14,1,alpha_0,0.6333075324915318
xxz_delta0.5,XXZ (Delta=0.5),4,4,residual_only,Residual connections only,35,3,mean,9.742248171670068,10.777292343903154,6.051292256939963,0.8981086382356454,17.49272394481873,15,14,1,alpha_0,0.5051628402720557
xxz_delta0.5,XXZ (Delta=0.5),4,4,residual_only,Residual connections only,36,3,mean,7.225870283550706,6.130807029908237,5.577471280932512,0.5984106543459916,19.39612298333765,15,14,1,alpha_0,0.6319898217484886
xxz_delta0.5,XXZ (Delta=0.5),4,4,residual_only,Residual connections only,37,3,mean,7.166325654923812,7.528597295981774,4.741229931723602,0.5592734585482277,15.776683758496109,15,14,1,alpha_0,0.5072832092944259
xxz_delta0.5,XXZ (Delta=0.5),4,4,residual_only,Residual connections only,38,3,mean,10.878377083403086,7.090588184027601,7.613244849123056,1.1861090894696897,21.442132553834465,15,14,1,alpha_0,0.6488826369100777
xxz_delta0.5,XXZ (Delta=0.5),4,4,residual_only,Residual connections only,39,3,mean,10.853343996152619,9.073471442461894,6.824321601061507,2.1662918003154847,26.33829494111748,15,14,1,alpha_0,0.5298155712314965
xxz_delta0.5,XXZ (Delta=0.5),4,4,residual_only,Residual connections only,40,3,mean,9.0016489838836,5.606149406758824,8.800367236716175,0.04820968793005769,33.4705867740638,15,14,1,alpha_0,0.45695721819279966
xxz_delta0.5,XXZ (Delta=0.5),4,4,residual_only,Residual connections only,41,3,mean,14.721874214531752,14.83725574595557,7.678776840038381,1.5231895278747645,26.764203980594356,15,14,1,alpha_0,0.8218881101206911
xxz_delta0.5,XXZ (Delta=0.5),4,4,residual_only,Residual connections only,42,3,mean,5.361456887414293,4.822714743906032,4.037981268971365,0.04848325603044051,12.679331651686386,15,14,1,alpha_0,0.40883871382913417
xxz_delta0.5,XXZ (Delta=0.5),4,4,residual_only,Residual connections only,43,3,mean,15.248874325970034,10.15235836018141,13.940733867900446,0.49031065831459963,43.006166450275764,15,14,1,alpha_0,0.8413146634582064
xxz_delta0.5,XXZ (Delta=0.5),4,4,residual_only,Residual connections only,44,3,mean,7.68143181981233,5.100441373292252,7.550134241181899,0.20566789520065132,27.133996078295922,15,14,1,alpha_0,0.6287331793157083
xxz_delta0.5,XXZ (Delta=0.5),4,4,residual_only,Residual connections only,45,3,mean,8.06103373037549,7.037457119020655,6.60663852508622,1.8280267121216298,25.262029951367456,15,14,1,alpha_0,0.6013001559160617
xxz_delta0.5,XXZ (Delta=0.5),4,4,residual_only,Residual connections only,46,3,mean,13.204513017009901,12.542867108827393,9.033998015382158,0.26793536207590396,29.205068713384748,15,14,1,alpha_0,0.740718453837943
xxz_delta0.5,XXZ (Delta=0.5),4,4,residual_only,Residual connections only,47,3,mean,4.174372977426052,1.5399720391557703,4.763308548196068,0.004956269808839101,16.584445976368904,15,14,1,alpha_0,0.38933901075563665
xxz_delta0.5,XXZ (Delta=0.5),4,4,residual_only,Residual connections only,48,3,mean,10.303689707745889,8.331725772957599,8.328976242365435,0.8067876954637827,33.60737223213976,15,14,1,alpha_0,0.573009282950945
xxz_delta0.5,XXZ (Delta=0.5),4,4,residual_only,Residual connections only,49,3,mean,7.536090176515075,4.281643158787368,6.995782585168457,0.5587294562301444,27.06428244548564,15,14,1,alpha_0,0.6919981207435959
xxz_delta0.5,XXZ (Delta=0.5),4,6,entanglement_residual,Entanglement + residual,0,3,mean,15.386610115839888,14.615400633831694,10.019873171008202,2.152986474315151,32.851823669804425,15,14,1,alpha_0,0.8478677864646691
xxz_delta0.5,XXZ (Delta=0.5),4,6,entanglement_residual,Entanglement + residual,1,3,mean,11.325443128855087,9.133508671377058,8.147509870858048,1.9022107947632083,33.17922615284106,15,14,1,alpha_0,0.5574220009166317
xxz_delta0.5,XXZ (Delta=0.5),4,6,entanglement_residual,Entanglement + residual,2,3,mean,15.04057824026489,14.699956013679838,10.335258600455973,2.773297729372247,46.40151008390987,15,14,1,alpha_0,0.8320064889851613
xxz_delta0.5,XXZ (Delta=0.5),4,6,entanglement_residual,Entanglement + residual,3,3,mean,10.230588826360266,10.231650583919784,5.61298143712118,1.734194606799551,21.416903761043354,15,14,1,alpha_0,0.7124159904319506
xxz_delta0.5,XXZ (Delta=0.5),4,6,entanglement_residual,Entanglement + residual,4,3,mean,14.790497808062094,10.70322669258399,19.28001835746285,1.8539804100940476,80.95202315556172,15,14,1,alpha_0,0.8106627986890247
xxz_delta0.5,XXZ (Delta=0.5),4,6,entanglement_residual,Entanglement + residual,5,3,mean,11.26266896286872,9.76252445226917,8.923059097928942,0.9151543028649609,30.683651922056566,15,14,1,alpha_0,0.9092175487600237
xxz_delta0.5,XXZ (Delta=0.5),4,6,entanglement_residual,Entanglement + residual,6,3,mean,11.643865797233925,8.253111187431525,11.150754043522523,1.389892940021138,40.35037876363286,15,14,1,alpha_0,0.7093068470327925
xxz_delta0.5,XXZ (Delta=0.5),4,6,entanglement_residual,Entanglement + residual,7,3,mean,11.951118418687509,10.194371504915694,8.710892240931331,1.4789588307058676,31.844197973174893,15,14,1,alpha_0,0.6746636113996313
xxz_delta0.5,XXZ (Delta=0.5),4,6,entanglement_residual,Entanglement + residual,8,3,mean,13.92696718728695,14.189225893876241,8.354542084523672,0.6048248892634056,26.106331369665895,15,14,1,alpha_0,0.8868131995753503
xxz_delta0.5,XXZ (Delta=0.5),4,6,entanglement_residual,Entanglement + residual,9,3,mean,11.716260389262255,9.084875859022054,9.11440638056703,1.444411325549543,31.46254226476697,15,14,1,alpha_0,0.9334844063317298
xxz_delta0.5,XXZ (Delta=0.5),4,6,entanglement_residual,Entanglement + residual,10,3,mean,19.1461879731909,17.250737473173906,13.015363737630013,3.9543189543902417,50.88307344922427,15,14,1,alpha_0,1.3194381488729832
xxz_delta0.5,XXZ (Delta=0.5),4,6,entanglement_residual,Entanglement + residual,11,3,mean,14.016415500287483,12.109768522572502,8.61340444055183,0.7818140474839665,37.8362860068458,15,14,1,alpha_0,0.5965736212360133
xxz_delta0.5,XXZ (Delta=0.5),4,6,entanglement_residual,Entanglement + residual,12,3,mean,10.355292348403784,9.691043491113042,5.279776036474955,2.182763012820202,21.759068410398783,15,14,1,alpha_0,0.5863822238271077
xxz_delta0.5,XXZ (Delta=0.5),4,6,entanglement_residual,Entanglement + residual,13,3,mean,10.516225288764053,8.051964095417135,7.3826210357247914,0.5512209862576541,25.2436556494232,15,14,1,alpha_0,0.6808237931603369
xxz_delta0.5,XXZ (Delta=0.5),4,6,entanglement_residual,Entanglement + residual,14,3,mean,11.196517200121658,10.519313363915877,5.420726380962052,4.220008462661503,25.833399318323774,15,14,1,alpha_0,0.8556616584256026
xxz_delta0.5,XXZ (Delta=0.5),4,6,entanglement_residual,Entanglement + residual,15,3,mean,13.934206555402765,9.657151740916113,9.07473105435547,4.465477013364109,29.2868630475763,15,14,1,alpha_0,0.8383134890442573
xxz_delta0.5,XXZ (Delta=0.5),4,6,entanglement_residual,Entanglement + residual,16,3,mean,16.644264587220118,12.481247476014316,13.994972393073114,1.1735992370819013,46.86963195130386,15,14,1,alpha_0,0.9980961412430409
xxz_delta0.5,XXZ (Delta=0.5),4,6,entanglement_residual,Entanglement + residual,17,3,mean,9.226264136299193,9.110450054744984,7.156502242293913,0.11603561829926802,29.83581713262727,15,14,1,alpha_0,0.7299698592859157
xxz_delta0.5,XXZ (Delta=0.5),4,6,entanglement_residual,Entanglement + residual,18,3,mean,17.589673622593356,15.774634688599853,9.85012064861693,1.6601076086949027,40.45732422678478,15,14,1,alpha_0,1.3743859129064222
xxz_delta0.5,XXZ (Delta=0.5),4,6,entanglement_residual,Entanglement + residual,19,3,mean,9.814344067166418,6.332168404708515,10.349900638586872,0.4135919929343674,38.431714004550464,15,14,1,alpha_0,0.5409634525981967
xxz_delta0.5,XXZ (Delta=0.5),4,6,entanglement_residual,Entanglement + residual,20,3,mean,14.50983426578031,18.543756844279763,7.476131798920355,0.03152372879568183,25.25174399801116,15,14,1,alpha_0,0.8231094265392941
xxz_delta0.5,XXZ (Delta=0.5),4,6,entanglement_residual,Entanglement + residual,21,3,mean,13.747667669831639,7.776440610207212,13.125349110035057,2.646779288221021,51.51313051905378,15,14,1,alpha_0,0.9489593031622625
xxz_delta0.5,XXZ (Delta=0.5),4,6,entanglement_residual,Entanglement + residual,22,3,mean,10.554361071181974,11.662051280305405,3.9356029025590757,2.2804505424756836,16.255961067755205,15,14,1,alpha_0,0.574790223603592
xxz_delta0.5,XXZ (Delta=0.5),4,6,entanglement_residual,Entanglement + residual,23,3,mean,9.148329496625228,8.786387778853316,5.923472320922486,0.22225260443305264,19.5369092938614,15,14,1,alpha_0,0.5080823256034966
xxz_delta0.5,XXZ (Delta=0.5),4,6,entanglement_residual,Entanglement + residual,24,3,mean,9.700562532038655,6.51090920189389,7.822275698466468,0.44065299274495684,25.241973804342933,15,14,1,alpha_0,0.6611562507748169
xxz_delta0.5,XXZ (Delta=0.5),4,6,entanglement_residual,Entanglement + residual,25,3,mean,15.62475440809477,14.740395135194605,10.187014359903094,0.21133468102149758,32.34593929133877,15,14,1,alpha_0,0.9284557165825131
xxz_delta0.5,XXZ (Delta=0.5),4,6,entanglement_residual,Entanglement + residual,26,3,mean,10.98449706833308,7.5026280480065495,9.706034583194398,0.3334288814080953,31.64572829380038,15,14,1,alpha_0,0.5817023416327766
xxz_delta0.5,XXZ (Delta=0.5),4,6,entanglement_residual,Entanglement + residual,27,3,mean,11.025120497501854,5.428929721815819,11.025610878425805,1.455178603154716,38.964484949423074,15,14,1,alpha_0,0.8236010414957716
xxz_delta0.5,XXZ (Delta=0.5),4,6,entanglement_residual,Entanglement + residual,28,3,mean,11.98132310425277,9.834102157550468,7.575085660023776,2.086588029850912,27.181860796261205,15,14,1,alpha_0,0.7836462283017639
xxz_delta0.5,XXZ (Delta=0.5),4,6,entanglement_residual,Entanglement + residual,29,3,mean,12.008968923628547,10.95176686786574,11.919666842636888,0.3468629432961554,47.404486530372395,15,14,1,alpha_0,0.5245524624330329
xxz_delta0.5,XXZ (Delta=0.5),4,6,entanglement_residual,Entanglement + residual,30,3,mean,10.598172876372791,8.832032835037323,6.792994230746642,2.76720365682872,26.696422319522462,15,14,1,alpha_0,0.7258387423418452
xxz_delta0.5,XXZ (Delta=0.5),4,6,entanglement_residual,Entanglement + residual,31,3,mean,7.385077137756539,3.4465283407846075,8.443603285131006,1.0251325159801807,32.28063331343092,15,14,1,alpha_0,0.34982130781266324
xxz_delta0.5,XXZ (Delta=0.5),4,6,entanglement_residual,Entanglement + residual,32,3,mean,9.985237052323416,10.00807525357138,5.463685712261877,0.11988239564048236,22.021319894442275,15,14,1,alpha_0,0.7756638487020939
xxz_delta0.5,XXZ (Delta=0.5),4,6,entanglement_residual,Entanglement + residual,33,3,mean,6.619465943213876,5.604084143655173,4.82543799399137,0.3523037737740101,17.751812616968266,15,14,1,alpha_0,0.27430869802350555
xxz_delta0.5,XXZ (Delta=0.5),4,6,entanglement_residual,Entanglement + residual,34,3,mean,14.469876633439133,13.76907194684145,10.591640352660155,1.7512003843197326,35.66633723779674,15,14,1,alpha_0,0.8007395292727888
xxz_delta0.5,XXZ (Delta=0.5),4,6,entanglement_residual,Entanglement + residual,35,3,mean,7.861509476076617,2.8344073172805118,10.371230788651905,0.2645372680098236,40.82746003518353,15,14,1,alpha_0,0.31117829372164957
xxz_delta0.5,XXZ (Delta=0.5),4,6,entanglement_residual,Entanglement + residual,36,3,mean,8.860649509150486,9.140755218736798,5.026612772801372,0.19883635024942892,17.57299843967128,15,14,1,alpha_0,0.6619689011934787
xxz_delta0.5,XXZ (Delta=0.5),4,6,entanglement_residual,Entanglement + residual,37,3,mean,8.733124364729418,5.078727151835921,8.078409993542476,0.14614318103123228,26.28380115845208,15,14,1,alpha_0,0.5573701271817377
xxz_delta0.5,XXZ (Delta=0.5),4,6,entanglement_residual,Entanglement + residual,38,3,mean,9.222901085270996,7.324903162196112,7.180687126555448,0.038039166956094966,24.203259377917327,15,14,1,alpha_0,0.5021672541710636
xxz_delta0.5,XXZ (Delta=0.5),4,6,entanglement_residual,Entanglement + residual,39,3,mean,14.40609690103665,11.393447545684191,11.802799735064657,1.1776399116238843,36.69949901568726,15,14,1,alpha_0,0.7815958912355973
xxz_delta0.5,XXZ (Delta=0.5),4,6,entanglement_residual,Entanglement + residual,40,3,mean,18.08414281978576,16.397882621080782,13.66270771493192,1.201202499716402,39.014286154498414,15,14,1,alpha_0,0.8300818946267704
xxz_delta0.5,XXZ (Delta=0.5),4,6,entanglement_residual,Entanglement + residual,41,3,mean,9.081159973482498,4.3629906109942755,10.650160709220708,0.8463388544637005,42.192302903481064,15,14,1,alpha_0,0.4175162501072713
xxz_delta0.5,XXZ (Delta=0.5),4,6,entanglement_residual,Entanglement + residual,42,3,mean,9.41921731795028,7.735043918415208,6.785916942836071,0.04326233059452853,23.895349989911,15,14,1,alpha_0,0.6859548016926941
xxz_delta0.5,XXZ (Delta=0.5),4,6,entanglement_residual,Entanglement + residual,43,3,mean,10.7605611637718,11.612081581777343,5.8150242332175175,0.42196889170109875,19.709590053730143,15,14,1,alpha_0,0.5320974826556626
xxz_delta0.5,XXZ (Delta=0.5),4,6,entanglement_residual,Entanglement + residual,44,3,mean,10.75549318197848,10.319690037439308,7.683884622745427,0.2715444695761163,25.066199513748504,15,14,1,alpha_0,0.7416059337739108
xxz_delta0.5,XXZ (Delta=0.5),4,6,entanglement_residual,Entanglement + residual,45,3,mean,14.615605669297063,11.751580789234875,9.578977383941384,2.112547692449539,36.030166791410664,15,14,1,alpha_0,1.0857841346351222
xxz_delta0.5,XXZ (Delta=0.5),4,6,entanglement_residual,Entanglement + residual,46,3,mean,9.56807579552668,6.260515539477049,6.962931097573291,3.080699351991823,29.07896355360854,15,14,1,alpha_0,0.5234484910303071
xxz_delta0.5,XXZ (Delta=0.5),4,6,entanglement_residual,Entanglement + residual,47,3,mean,14.023181007320117,9.739518641990653,11.810011458362073,2.8592758856327,43.20922091782699,15,14,1,alpha_0,0.7990051096401649
xxz_delta0.5,XXZ (Delta=0.5),4,6,entanglement_residual,Entanglement + residual,48,3,mean,13.942405573818343,12.603393312475248,8.085624539968931,2.4161465229000725,28.70138342836286,15,14,1,alpha_0,0.7672281903149716
xxz_delta0.5,XXZ (Delta=0.5),4,6,entanglement_residual,Entanglement + residual,49,3,mean,11.482036372901407,13.686566580228362,7.985113950763881,0.5719728768510371,23.48217453067735,15,14,1,alpha_0,0.9001510275717239
xxz_delta0.5,XXZ (Delta=0.5),4,7,combined,Combined (A+B+C),0,3,mean,13.751774212137708,11.843834151411553,11.79965539429745,0.0,32.851823669804425,15,14,1,alpha_0,0.5100575274563542
xxz_delta0.5,XXZ (Delta=0.5),4,7,combined,Combined (A+B+C),1,3,mean,11.626651127196533,7.8366891762889965,14.513330363549002,0.0,58.29183675882518,15,14,1,alpha_0,0.3987500774668972
xxz_delta0.5,XXZ (Delta=0.5),4,7,combined,Combined (A+B+C),2,3,mean,10.986853058308998,4.863165065224277,15.21725568921913,0.0,47.20066413896752,15,14,1,alpha_0,0.4401398038486003
xxz_delta0.5,XXZ (Delta=0.5),4,7,combined,Combined (A+B+C),3,3,mean,8.680193506279698,6.9121845499672645,7.914062385460003,0.0,24.35633593697399,15,14,1,alpha_0,0.4822807221645516
xxz_delta0.5,XXZ (Delta=0.5),4,7,combined,Combined (A+B+C),4,3,mean,16.192470677305227,12.016322293945152,20.939846585794225,0.0,80.95202315556172,15,14,1,alpha_0,0.6952218482653484
xxz_delta0.5,XXZ (Delta=0.5),4,7,combined,Combined (A+B+C),5,3,mean,13.867246100199832,9.443024777708413,13.531202177967947,0.0,40.144692488683766,15,14,1,alpha_0,0.9630683353211912
xxz_delta0.5,XXZ (Delta=0.5),4,7,combined,Combined (A+B+C),6,3,mean,11.198474921597365,3.9416606052282,14.183094152130584,0.0,47.99894536399838,15,14,1,alpha_0,0.5734547757316117
xxz_delta0.5,XXZ (Delta=0.5),4,7,combined,Combined (A+B+C),7,3,mean,6.599785685497304,5.628077973583116,6.136520500899355,0.0,19.322091952801916,15,14,1,alpha_0,0.2753682295193631
xxz_delta0.5,XXZ (Delta=0.5),4,7,combined,Combined (A+B+C),8,3,mean,6.7397350368537605,3.9828249392981334,7.421772751019438,0.0,24.88054285758736,15,14,1,alpha_0,0.2883984651990718
xxz_delta0.5,XXZ (Delta=0.5),4,7,combined,Combined (A+B+C),9,3,mean,11.169024176009831,9.503755457605367,7.963736384374807,0.0,26.387002607146798,15,14,1,alpha_0,0.7517341679342571
xxz_delta0.5,XXZ (Delta=0.5),4,7,combined,Combined (A+B+C),10,3,mean,10.769932266888592,4.4514163394266735,13.855409206259932,0.0,39.568794056514655,15,14,1,alpha_0,0.5119995489169081
xxz_delta0.5,XXZ (Delta=0.5),4,7,combined,Combined (A+B+C),11,3,mean,12.36027587929327,8.399611233967626,11.055507883285399,0.0,37.8362860068458,15,14,1,alpha_0,0.31447194624689223
xxz_delta0.5,XXZ (Delta=0.5),4,7,combined,Combined (A+B+C),12,3,mean,9.679884353831701,4.217385759315065,16.21734971045326,0.0,65.53327153142426,15,14,1,alpha_0,0.3665742905202913
xxz_delta0.5,XXZ (Delta=0.5),4,7,combined,Combined (A+B+C),13,3,mean,12.80017759995819,9.391826980355615,12.341479413168484,0.0,43.09677129409487,15,14,1,alpha_0,0.6902716093644232
xxz_delta0.5,XXZ (Delta=0.5),4,7,combined,Combined (A+B+C),14,3,mean,5.806389059684517,1.9813839211800326,10.778579553911728,0.0,42.530244623682734,15,14,1,alpha_0,0.2982975953721945
xxz_delta0.5,XXZ (Delta=0.5),4,7,combined,Combined (A+B+C),15,3,mean,13.041697944125517,5.218675864160174,15.55052629263557,0.0,44.70546097365353,15,14,1,alpha_0,0.5962770652140043
xxz_delta0.5,XXZ (Delta=0.5),4,7,combined,Combined (A+B+C),16,3,mean,18.26073378337654,15.128826115717446,14.908489582192056,0.0,46.86963195130386,15,14,1,alpha_0,1.0083295826796745
xxz_delta0.5,XXZ (Delta=0.5),4,7,combined,Combined (A+B+C),17,3,mean,6.552090470794913,3.9407748706901016,7.17704427069401,0.0,20.462171186117136,15,14,1,alpha_0,0.3974057815658414
xxz_delta0.5,XXZ (Delta=0.5),4,7,combined,Combined (A+B+C),18,3,mean,12.157830163127812,6.939150847400882,11.580943645519591,0.0,35.50772610370651,15,14,1,alpha_0,0.7549937459173083
xxz_delta0.5,XXZ (Delta=0.5),4,7,combined,Combined (A+B+C),19,3,mean,10.990101537357196,6.010960779292045,12.656848351375864,0.0,38.431714004550464,15,14,1,alpha_0,0.532881480379168
xxz_delta0.5,XXZ (Delta=0.5),4,7,combined,Combined (A+B+C),20,3,mean,7.364659415146457,2.8196106236457235,14.253259118371233,0.0,56.768297964512854,15,14,1,alpha_0,0.17557478985185745
xxz_delta0.5,XXZ (Delta=0.5),4,7,combined,Combined (A+B+C),21,3,mean,10.232827420696621,7.776440610207212,10.438793367431062,0.0,39.51344556799642,15,14,1,alpha_0,0.5794486737551644
xxz_delta0.5,XXZ (Delta=0.5),4,7,combined,Combined (A+B+C),22,3,mean,7.925775561952578,4.043249728354377,10.482981212819087,0.0,36.48789444871198,15,14,1,alpha_0,0.23794066195125396
xxz_delta0.5,XXZ (Delta=0.5),4,7,combined,Combined (A+B+C),23,3,mean,8.121808405336994,7.864098405035387,7.209802242864011,0.0,23.008927439690925,15,14,1,alpha_0,0.31688917381533444
xxz_delta0.5,XXZ (Delta=0.5),4,7,combined,Combined (A+B+C),24,3,mean,6.414889356978509,6.18689209791451,6.541325701310595,0.0,25.241973804342933,15,14,1,alpha_0,0.31150559550919166
xxz_delta0.5,XXZ (Delta=0.5),4,7,combined,Combined (A+B+C),25,3,mean,8.626137509182113,3.474625376453265,11.280528385012078,0.0,38.39091973923752,15,14,1,alpha_0,0.3667876345625563
xxz_delta0.5,XXZ (Delta=0.5),4,7,combined,Combined (A+B+C),26,3,mean,10.193276728488595,8.364908261825555,8.17791705231326,0.0,29.886819463828115,15,14,1,alpha_0,0.366784109150561
xxz_delta0.5,XXZ (Delta=0.5),4,7,combined,Combined (A+B+C),27,3,mean,5.002060700394106,2.7531743068688526,6.334963135713593,0.0,21.336862292342587,15,14,1,alpha_0,0.31816002814932587
xxz_delta0.5,XXZ (Delta=0.5),4,7,combined,Combined (A+B+C),28,3,mean,10.406478765013967,10.691632029240264,8.630653955384627,0.0,26.083031341413403,15,14,1,alpha_0,0.5651075295142206
xxz_delta0.5,XXZ (Delta=0.5),4,7,combined,Combined (A+B+C),29,3,mean,11.473130908233625,6.532141739587669,12.897952865218247,0.0,47.404486530372395,15,14,1,alpha_0,0.3894733595294598
xxz_delta0.5,XXZ (Delta=0.5),4,7,combined,Combined (A+B+C),30,3,mean,7.938894315329386,5.35189474219759,7.843811220333176,0.0,24.509501202105145,15,14,1,alpha_0,0.36067260159905
xxz_delta0.5,XXZ (Delta=0.5),4,7,combined,Combined (A+B+C),31,3,mean,7.78235379427178,5.159196778591553,8.808855689647949,0.0,32.28063331343092,15,14,1,alpha_0,0.2717457279714883
xxz_delta0.5,XXZ (Delta=0.5),4,7,combined,Combined (A+B+C),32,3,mean,3.7248207946173086,3.098773686649965,3.2295247411813306,0.0,9.973870751470649,15,14,1,alpha_0,0.24715366615404671
xxz_delta0.5,XXZ (Delta=0.5),4,7,combined,Combined (A+B+C),33,3,mean,15.908982216211571,7.070421918940546,20.08687595928675,0.0,61.979202423357805,15,14,1,alpha_0,0.34976556803084297
xxz_delta0.5,XXZ (Delta=0.5),4,7,combined,Combined (A+B+C),34,3,mean,14.440521030782078,9.631648070340825,14.477084517874223,0.0,37.79631606142315,15,14,1,alpha_0,0.5405933459660565
xxz_delta0.5,XXZ (Delta=0.5),4,7,combined,Combined (A+B+C),35,3,mean,8.743067732630495,4.564901879071789,12.294617803942602,0.0,40.82746003518353,15,14,1,alpha_0,0.2341560441423925
xxz_delta0.5,XXZ (Delta=0.5),4,7,combined,Combined (A+B+C),36,3,mean,5.640515697884178,4.713566239192158,4.909244817007759,0.0,19.12298945445439,15,14,1,alpha_0,0.34499617994515214
xxz_delta0.5,XXZ (Delta=0.5),4,7,combined,Combined (A+B+C),37,3,mean,13.02313377710276,8.859449134728488,14.307064035455124,0.0,56.06508684165419,15,14,1,alpha_0,0.6056369527875715
xxz_delta0.5,XXZ (Delta=0.5),4,7,combined,Combined (A+B+C),38,3,mean,8.83238253250869,6.338599175020928,8.936987774753847,0.0,25.956116425469023,15,14,1,alpha_0,0.353740765871215
xxz_delta0.5,XXZ (Delta=0.5),4,7,combined,Combined (A+B+C),39,3,mean,4.476146030890518,1.765510271720713,5.140373823540764,0.0,18.40074062156792,15,14,1,alpha_0,0.1583305428954955
xxz_delta0.5,XXZ (Delta=0.5),4,7,combined,Combined (A+B+C),40,3,mean,11.16596446956086,3.392257047517906,15.012287775194535,0.0,51.72575130440748,15,14,1,alpha_0,0.24448242983102825
xxz_delta0.5,XXZ (Delta=0.5),4,7,combined,Combined (A+B+C),41,3,mean,12.141177862120712,9.017246120890787,11.934008108498375,0.0,42.192302903481064,15,14,1,alpha_0,0.4484826735724524
xxz_delta0.5,XXZ (Delta=0.5),4,7,combined,Combined (A+B+C),42,3,mean,5.196404524556007,2.69161415770704,4.936060931819983,0.0,14.359439361811507,15,14,1,alpha_0,0.290636823445985
xxz_delta0.5,XXZ (Delta=0.5),4,7,combined,Combined (A+B+C),43,3,mean,7.081345073073679,8.203316564257786,5.301221547740031,0.0,16.83108568758592,15,14,1,alpha_0,0.26165307446341324
xxz_delta0.5,XXZ (Delta=0.5),4,7,combined,Combined (A+B+C),44,3,mean,12.754575680842066,13.152592235812147,10.268969412253616,0.0,33.77103634232295,15,14,1,alpha_0,0.716147556654011
xxz_delta0.5,XXZ (Delta=0.5),4,7,combined,Combined (A+B+C),45,3,mean,11.795375247657391,5.747209298163915,14.911922956396,0.0,47.870264711805945,15,14,1,alpha_0,0.6894701609047202
xxz_delta0.5,XXZ (Delta=0.5),4,7,combined,Combined (A+B+C),46,3,mean,10.686420564135778,9.435269712087113,9.05861436649278,0.0,29.07896355360854,15,14,1,alpha_0,0.46736126919979687
xxz_delta0.5,XXZ (Delta=0.5),4,7,combined,Combined (A+B+C),47,3,mean,13.439029149725386,11.377068760186539,14.042930246544827,0.0,46.54387191661698,15,14,1,alpha_0,0.6243199341086545
xxz_delta0.5,XXZ (Delta=0.5),4,7,combined,Combined (A+B+C),48,3,mean,12.712884160486746,10.184038658034122,10.21294398926226,0.0,32.210751264611815,15,14,1,alpha_0,0.38942823808109556
xxz_delta0.5,XXZ (Delta=0.5),4,7,combined,Combined (A+B+C),49,3,mean,10.883211142879164,12.349218523257564,8.577013189908689,0.0,26.303592177972522,15,14,1,alpha_0,0.7125028033803814
xxz_delta0.5,XXZ (Delta=0.5),10,4,residual_only,Residual connections only,0,3,mean,5.312218740342196,5.06733162159505,3.9270045388856816,0.005058995719548275,16.85750539078922,33,32,1,alpha_0,0.5025289890837357
xxz_delta0.5,XXZ (Delta=0.5),10,4,residual_only,Residual connections only,1,3,mean,5.631520324484514,3.479966472925079,6.872749286865576,0.04352810679741631,37.52173732100446,33,32,1,alpha_0,0.48058836802717947
xxz_delta0.5,XXZ (Delta=0.5),10,4,residual_only,Residual connections only,2,3,mean,3.02108767407419,2.4651765699790356,2.371629606043235,0.16893230055616745,10.684866840463894,33,32,1,alpha_0,0.3181330848695965
xxz_delta0.5,XXZ (Delta=0.5),10,4,residual_only,Residual connections only,3,3,mean,3.9907166839447816,2.7621018081474062,3.323502204763742,0.3868858191217009,12.605962457182468,33,32,1,alpha_0,0.3523008015453413
xxz_delta0.5,XXZ (Delta=0.5),10,4,residual_only,Residual connections only,4,3,mean,5.390113790076937,4.341265070417866,4.805725478760062,0.5617342430323845,22.506256184748093,33,32,1,alpha_0,0.4621865879355007
xxz_delta0.5,XXZ (Delta=0.5),10,4,residual_only,Residual connections only,5,3,mean,4.060917454615113,3.892615034380521,2.570140762084739,0.1947757249383453,11.358220179114689,33,32,1,alpha_0,0.396122275781033
xxz_delta0.5,XXZ (Delta=0.5),10,4,residual_only,Residual connections only,6,3,mean,5.311989384076451,4.633399796453309,2.7628606508164406,1.5899600120921054,11.682056580142985,33,32,1,alpha_0,0.5309388484859923
xxz_delta0.5,XXZ (Delta=0.5),10,4,residual_only,Residual connections only,7,3,mean,5.529385360992599,4.076012875622185,4.052937254814238,0.4331413195297612,14.241055858167119,33,32,1,alpha_0,0.5262655291541003
xxz_delta0.5,XXZ (Delta=0.5),10,4,residual_only,Residual connections only,8,3,mean,4.857330763064365,4.305851199641109,4.2579736011561184,0.36303982450981004,21.627957744354035,33,32,1,alpha_0,0.3792383343925546
xxz_delta0.5,XXZ (Delta=0.5),10,4,residual_only,Residual connections only,9,3,mean,4.7758087736512405,3.3934995278769984,4.15564397619522,0.012577107444813022,15.868250261365732,33,32,1,alpha_0,0.48831367479118937
xxz_delta0.5,XXZ (Delta=0.5),10,4,residual_only,Residual connections only,10,3,mean,4.920784924340984,3.6417727977537826,4.29714773086363,0.2426679242435996,15.41670543632185,33,32,1,alpha_0,0.4760422792012137
xxz_delta0.5,XXZ (Delta=0.5),10,4,residual_only,Residual connections only,11,3,mean,6.67785873176615,5.76396512882874,4.901824044712706,0.23043305965385974,24.657798377310638,33,32,1,alpha_0,0.5574999716661865
xxz_delta0.5,XXZ (Delta=0.5),10,4,residual_only,Residual connections only,12,3,mean,3.9029299931066985,2.141690918628917,3.777974803740399,0.10890927925598105,14.940544335418597,33,32,1,alpha_0,0.4574773682553138
xxz_delta0.5,XXZ (Delta=0.5),10,4,residual_only,Residual connections only,13,3,mean,5.386146036903993,4.10641044829881,4.616298171832992,0.27882628658790815,20.835132010105575,33,32,1,alpha_0,0.5001752284121167
xxz_delta0.5,XXZ (Delta=0.5),10,4,residual_only,Residual connections only,14,3,mean,3.2714872141078377,2.3724334224548285,3.340552934257793,0.1276605556773781,17.49719193613055,33,32,1,alpha_0,0.3082562607965806
xxz_delta0.5,XXZ (Delta=0.5),10,4,residual_only,Residual connections only,15,3,mean,4.759324899562012,3.9554724633285963,2.9987225780699664,0.12237484176148614,12.506898114518718,33,32,1,alpha_0,0.44076017277094515
xxz_delta0.5,XXZ (Delta=0.5),10,4,residual_only,Residual connections only,16,3,mean,4.336573922641505,3.647113812566241,3.4718830761761215,0.08370765797521829,14.37113854377554,33,32,1,alpha_0,0.4221935877419151
xxz_delta0.5,XXZ (Delta=0.5),10,4,residual_only,Residual connections only,17,3,mean,3.6652367525358587,3.0622089109607122,2.6275031115660687,0.05962814406238366,11.131474867424583,33,32,1,alpha_0,0.34090647189629186
xxz_delta0.5,XXZ (Delta=0.5),10,4,residual_only,Residual connections only,18,3,mean,4.574467491323219,3.173063432189158,3.8102713415167666,0.06186019930114973,14.291038184122362,33,32,1,alpha_0,0.4219568846078914
xxz_delta0.5,XXZ (Delta=0.5),10,4,residual_only,Residual connections only,19,3,mean,4.742604441719704,2.849960497203414,4.768700278253721,0.10199720009109434,17.575181089280427,33,32,1,alpha_0,0.35996365441455813
xxz_delta0.5,XXZ (Delta=0.5),10,4,residual_only,Residual connections only,20,3,mean,4.367570804654477,3.15321939095529,4.401338244465775,0.09590227478430975,18.469124348637173,33,32,1,alpha_0,0.41472780949307664
xxz_delta0.5,XXZ (Delta=0.5),10,4,residual_only,Residual connections only,21,3,mean,5.083666778920552,4.0556486378293926,4.347587673032988,0.1571155057278471,15.34636250533638,33,32,1,alpha_0,0.48629112169552624
xxz_delta0.5,XXZ (Delta=0.5),10,4,residual_only,Residual connections only,22,3,mean,6.055872887256099,5.002311525881426,4.374491781920707,0.07290787074931697,16.00716571754287,33,32,1,alpha_0,0.5947733888393449
xxz_delta0.5,XXZ (Delta=0.5),10,4,residual_only,Residual connections only,23,3,mean,4.334829466627836,4.404217826195962,3.2465951605281633,0.14452804064398195,12.108724663957107,33,32,1,alpha_0,0.44354448667711455
xxz_delta0.5,XXZ (Delta=0.5),10,4,residual_only,Residual connections only,24,3,mean,4.333160344906494,3.673869291226297,3.268033296639828,0.2236559148930563,11.508257753356913,33,32,1,alpha_0,0.4420758926352841
xxz_delta0.5,XXZ (Delta=0.5),10,4,residual_only,Residual connections only,25,3,mean,4.109292662686487,2.2288385459302944,3.5589017405649677,0.15487929874711368,11.887132696395774,33,32,1,alpha_0,0.38922496491346276
xxz_delta0.5,XXZ (Delta=0.5),10,4,residual_only,Residual connections only,26,3,mean,4.495402793333483,4.420341569057209,3.233383970139768,0.19724091566814247,12.240759055225967,33,32,1,alpha_0,0.42303805482805523
xxz_delta0.5,XXZ (Delta=0.5),10,4,residual_only,Residual connections only,27,3,mean,5.205793722686038,4.5995355406387315,4.117565182261204,0.11174992126984498,16.357194637455756,33,32,1,alpha_0,0.5816075577712193
xxz_delta0.5,XXZ (Delta=0.5),10,4,residual_only,Residual connections only,28,3,mean,4.410988203111655,2.5764947396209186,5.178719941580863,0.0001467721813390101,22.335464786787202,33,32,1,alpha_0,0.3388987171743748
xxz_delta0.5,XXZ (Delta=0.5),10,4,residual_only,Residual connections only,29,3,mean,4.207906627730005,2.6902841315115738,3.716555243428361,0.36430333574099794,14.577783546444564,33,32,1,alpha_0,0.4565385553469805
xxz_delta0.5,XXZ (Delta=0.5),10,4,residual_only,Residual connections only,30,3,mean,4.7582887454712015,4.013267433860791,3.5580296171047827,0.10858626520086109,15.036887874414505,33,32,1,alpha_0,0.4389017064163421
xxz_delta0.5,XXZ (Delta=0.5),10,4,residual_only,Residual connections only,31,3,mean,4.565389720848043,3.7111942672111438,3.605877772517551,0.015031590223203295,13.41869062615306,33,32,1,alpha_0,0.3883834688021744
xxz_delta0.5,XXZ (Delta=0.5),10,4,residual_only,Residual connections only,32,3,mean,5.138093184571205,4.797314473330457,2.7553560542063797,0.21570202132430338,12.647867047550195,33,32,1,alpha_0,0.5398127951017198
xxz_delta0.5,XXZ (Delta=0.5),10,4,residual_only,Residual connections only,33,3,mean,3.7279452057096973,2.66650987506965,3.435450493363356,0.28372324078049976,15.493948665168414,33,32,1,alpha_0,0.37402666820026675
xxz_delta0.5,XXZ (Delta=0.5),10,4,residual_only,Residual connections only,34,3,mean,4.548650724923524,3.5079413199524554,4.047924644683562,0.011567255996875352,18.75219373071621,33,32,1,alpha_0,0.4039069096914447
xxz_delta0.5,XXZ (Delta=0.5),10,4,residual_only,Residual connections only,35,3,mean,4.623823117395096,3.009062091829655,3.7956973502837394,0.25284915337199704,13.623388409418501,33,32,1,alpha_0,0.45777661030631867
xxz_delta0.5,XXZ (Delta=0.5),10,4,residual_only,Residual connections only,36,3,mean,4.406274612573434,3.8672612858933033,3.2964587091847677,0.24535854236147006,15.905511886271572,33,32,1,alpha_0,0.4189958582942351
xxz_delta0.5,XXZ (Delta=0.5),10,4,residual_only,Residual connections only,37,3,mean,4.480460137171991,3.457734413516051,3.564455627166728,0.7852670903024945,16.78870640209284,33,32,1,alpha_0,0.41545902707558036
xxz_delta0.5,XXZ (Delta=0.5),10,4,residual_only,Residual connections only,38,3,mean,4.825051815962544,3.6305286847523193,4.656391225541174,0.005047828333594872,17.058425195414763,33,32,1,alpha_0,0.4223605831449543
xxz_delta0.5,XXZ (Delta=0.5),10,4,residual_only,Residual connections only,39,3,mean,4.837958908380653,4.0970014730490405,3.6268833482880902,0.18349445487696567,13.42133278958931,33,32,1,alpha_0,0.4092000595985645
xxz_delta0.5,XXZ (Delta=0.5),10,4,residual_only,Residual connections only,40,3,mean,4.942304648582184,4.355403408400601,3.6619578188666835,0.17017844192069967,15.57255322616362,33,32,1,alpha_0,0.467920264212941
xxz_delta0.5,XXZ (Delta=0.5),10,4,residual_only,Residual connections only,41,3,mean,5.7212867460769194,4.602723123733744,4.239597272080236,0.5175330105174276,16.931729149537194,33,32,1,alpha_0,0.5492494542051007
xxz_delta0.5,XXZ (Delta=0.5),10,4,residual_only,Residual connections only,42,3,mean,3.6644626984171174,2.946706817175286,3.00889710262701,0.00709294129500541,10.881903686540404,33,32,1,alpha_0,0.3919886491841115
xxz_delta0.5,XXZ (Delta=0.5),10,4,residual_only,Residual connections only,43,3,mean,4.013279874037888,3.071019203936955,4.481055246779416,0.03174009861974245,18.645075533539906,33,32,1,alpha_0,0.35244315288814143
xxz_delta0.5,XXZ (Delta=0.5),10,4,residual_only,Residual connections only,44,3,mean,5.071454388327641,4.97571770374377,3.2934339103846932,0.021936952073527333,13.309016904694465,33,32,1,alpha_0,0.43711734671330704
xxz_delta0.5,XXZ (Delta=0.5),10,4,residual_only,Residual connections only,45,3,mean,5.370799302175858,4.931748516340404,5.1072211500236815,0.421998827608114,27.286465218739984,33,32,1,alpha_0,0.43798850749863316
xxz_delta0.5,XXZ (Delta=0.5),10,4,residual_only,Residual connections only,46,3,mean,4.103295637928,3.182905723780243,3.7059042855462354,0.0808694021654316,17.325420485593927,33,32,1,alpha_0,0.37914763244746025
xxz_delta0.5,XXZ (Delta=0.5),10,4,residual_only,Residual connections only,47,3,mean,4.575520309202753,3.8375859680328004,4.097899227545084,0.09097068371565058,16.000569847733626,33,32,1,alpha_0,0.44791206135527034
xxz_delta0.5,XXZ (Delta=0.5),10,4,residual_only,Residual connections only,48,3,mean,6.339670676634589,6.394543694716213,3.7512800366488626,0.13938763190796627,14.970424762764212,33,32,1,alpha_0,0.5669407469196468
xxz_delta0.5,XXZ (Delta=0.5),10,4,residual_only,Residual connections only,49,3,mean,3.9911665631754096,2.47018617859973,3.909707286427126,0.0029523458016904773,15.170985773884665,33,32,1,alpha_0,0.3678373925402141
xxz_delta0.5,XXZ (Delta=0.5),10,6,entanglement_residual,Entanglement + residual,0,3,mean,6.763127789886114,5.174397411509218,5.302745067327311,0.06777198270769029,21.500088102264876,33,32,1,alpha_0,0.5832573185391557
xxz_delta0.5,XXZ (Delta=0.5),10,6,entanglement_residual,Entanglement + residual,1,3,mean,8.404558052630641,7.711489031283563,7.437879961542847,0.009039776263780842,36.93923605738136,33,32,1,alpha_0,0.8579351090731745
xxz_delta0.5,XXZ (Delta=0.5),10,6,entanglement_residual,Entanglement + residual,2,3,mean,6.94818593284819,5.535097176137999,5.120974176121016,0.1026955179255225,18.37212864151639,33,32,1,alpha_0,0.6501382535048102
xxz_delta0.5,XXZ (Delta=0.5),10,6,entanglement_residual,Entanglement + residual,3,3,mean,6.3111128469194995,4.621937391497671,5.251923499626222,0.2566861572320455,22.517080025498338,33,32,1,alpha_0,0.4682525222598067
xxz_delta0.5,XXZ (Delta=0.5),10,6,entanglement_residual,Entanglement + residual,4,3,mean,5.4354524863330305,3.925843275101291,5.998002563328247,0.19593770577698044,31.466955891334877,33,32,1,alpha_0,0.3995240645298984
xxz_delta0.5,XXZ (Delta=0.5),10,6,entanglement_residual,Entanglement + residual,5,3,mean,8.042817988352555,4.912507674506477,10.260102092332687,0.14664505304329903,59.201772946361956,33,32,1,alpha_0,0.5633857345653291
xxz_delta0.5,XXZ (Delta=0.5),10,6,entanglement_residual,Entanglement + residual,6,3,mean,7.091697595358563,5.875738951561405,4.919943309471099,0.6435518050067405,20.790834703938767,33,32,1,alpha_0,0.606463240190708
xxz_delta0.5,XXZ (Delta=0.5),10,6,entanglement_residual,Entanglement + residual,7,3,mean,6.13362259946614,4.5361541737288045,4.7663422214634465,0.13253813291779468,18.08972553264875,33,32,1,alpha_0,0.6019533413403239
xxz_delta0.5,XXZ (Delta=0.5),10,6,entanglement_residual,Entanglement + residual,8,3,mean,7.266451849272734,5.575774206052831,5.852447109828566,0.04449270883862607,19.977195164283142,33,32,1,alpha_0,0.5298731278383273
xxz_delta0.5,XXZ (Delta=0.5),10,6,entanglement_residual,Entanglement + residual,9,3,mean,8.18202568744407,6.019599527071242,6.664270617434367,0.5312541057141058,25.080071513455966,33,32,1,alpha_0,0.7669987375525427
xxz_delta0.5,XXZ (Delta=0.5),10,6,entanglement_residual,Entanglement + residual,10,3,mean,8.711505014631356,8.123631598765481,7.078276549272432,0.07628180388232805,26.983797959022592,33,32,1,alpha_0,0.725015596898423
xxz_delta0.5,XXZ (Delta=0.5),10,6,entanglement_residual,Entanglement + residual,11,3,mean,8.126604285022871,5.620030608539661,6.246064965486668,1.2375903750592505,24.729152577656393,33,32,1,alpha_0,0.697534852436714
xxz_delta0.5,XXZ (Delta=0.5),10,6,entanglement_residual,Entanglement + residual,12,3,mean,6.944920420724014,6.368854508126589,4.038078656869289,0.4861859139705724,18.240931978005957,33,32,1,alpha_0,0.6747094411411785
xxz_delta0.5,XXZ (Delta=0.5),10,6,entanglement_residual,Entanglement + residual,13,3,mean,10.61830004395082,7.141740473440473,12.068757646206672,0.6652999085538969,55.10404003345201,33,32,1,alpha_0,0.7976277650538156
xxz_delta0.5,XXZ (Delta=0.5),10,6,entanglement_residual,Entanglement + residual,14,3,mean,6.64995726612911,4.417191299279297,6.497973788273312,0.052721402637097174,32.886232599582804,33,32,1,alpha_0,0.5712628310519264
xxz_delta0.5,XXZ (Delta=0.5),10,6,entanglement_residual,Entanglement + residual,15,3,mean,11.471102664273552,9.798740260357256,11.934167606477706,0.04414543255740751,63.677003757151475,33,32,1,alpha_0,0.8396798334903119
xxz_delta0.5,XXZ (Delta=0.5),10,6,entanglement_residual,Entanglement + residual,16,3,mean,6.249169586571804,5.276506095744875,4.699934432729879,0.29828586760154324,20.547832767373787,33,32,1,alpha_0,0.5243811293766427
xxz_delta0.5,XXZ (Delta=0.5),10,6,entanglement_residual,Entanglement + residual,17,3,mean,7.377599502866701,6.841463179334754,4.658232647230695,0.14353440085742236,20.235117015972612,33,32,1,alpha_0,0.7665558600709718
xxz_delta0.5,XXZ (Delta=0.5),10,6,entanglement_residual,Entanglement + residual,18,3,mean,7.593641320171493,4.3192005579136366,7.754190010205343,0.08110970814555347,36.91739065218602,33,32,1,alpha_0,0.5601498143049409
xxz_delta0.5,XXZ (Delta=0.5),10,6,entanglement_residual,Entanglement + residual,19,3,mean,7.700989800403158,6.973914786964999,6.6905991319815366,0.05709851173251381,32.71985452418687,33,32,1,alpha_0,0.5731285633072304
xxz_delta0.5,XXZ (Delta=0.5),10,6,entanglement_residual,Entanglement + residual,20,3,mean,7.370682997350205,6.031997593579998,5.27733541394193,0.09450365196098195,17.11524315402587,33,32,1,alpha_0,0.6820813141087161
xxz_delta0.5,XXZ (Delta=0.5),10,6,entanglement_residual,Entanglement + residual,21,3,mean,8.600827010581922,7.250646541126423,6.967272643121931,0.2700358827442404,34.67303854193086,33,32,1,alpha_0,0.6707965562158733
xxz_delta0.5,XXZ (Delta=0.5),10,6,entanglement_residual,Entanglement + residual,22,3,mean,6.376117802362141,5.917022740051486,5.187524375436788,0.03661049996121072,22.002812492337668,33,32,1,alpha_0,0.5198888937858497
xxz_delta0.5,XXZ (Delta=0.5),10,6,entanglement_residual,Entanglement + residual,23,3,mean,8.115080972493935,7.541156971097438,4.767611149743548,0.3111613480461375,23.539077632183375,33,32,1,alpha_0,0.7151924808590064
xxz_delta0.5,XXZ (Delta=0.5),10,6,entanglement_residual,Entanglement + residual,24,3,mean,8.043002650615321,5.513775340061508,6.568215348285211,1.3235938873078483,26.719564544050435,33,32,1,alpha_0,0.6912442700692026
xxz_delta0.5,XXZ (Delta=0.5),10,6,entanglement_residual,Entanglement + residual,25,3,mean,7.148832030365739,4.2930170098147125,10.268280258257834,0.15737771817514684,55.64857469891801,33,32,1,alpha_0,0.5337984857474074
xxz_delta0.5,XXZ (Delta=0.5),10,6,entanglement_residual,Entanglement + residual,26,3,mean,8.462377749659492,5.4589483740020786,8.414001470190401,0.12583589480475174,34.63553880319495,33,32,1,alpha_0,0.6982569968410329
xxz_delta0.5,XXZ (Delta=0.5),10,6,entanglement_residual,Entanglement + residual,27,3,mean,7.890295794339827,7.4255827037421795,6.456189040784084,0.25409688798345076,26.027900247515603,33,32,1,alpha_0,0.778408520134847
xxz_delta0.5,XXZ (Delta=0.5),10,6,entanglement_residual,Entanglement + residual,28,3,mean,8.271452905508873,7.448755959704755,7.212041270645007,0.09829654058424156,33.97725154506238,33,32,1,alpha_0,0.663772951939082
xxz_delta0.5,XXZ (Delta=0.5),10,6,entanglement_residual,Entanglement + residual,29,3,mean,8.207040971760026,6.471516166599467,6.365526911665322,0.06708310374231892,23.25835483934443,33,32,1,alpha_0,0.7862226517485518
xxz_delta0.5,XXZ (Delta=0.5),10,6,entanglement_residual,Entanglement + residual,30,3,mean,6.1459764754240105,5.410391236337853,4.283391419489675,0.26623211082309955,15.325906316398788,33,32,1,alpha_0,0.4861731421842234
xxz_delta0.5,XXZ (Delta=0.5),10,6,entanglement_residual,Entanglement + residual,31,3,mean,8.550753458896958,6.112451735749293,8.05218509115825,0.06085645326397918,35.941340525967874,33,32,1,alpha_0,0.6995464832153002
xxz_delta0.5,XXZ (Delta=0.5),10,6,entanglement_residual,Entanglement + residual,32,3,mean,7.153446308273084,4.957440189483964,6.547022051587627,0.3214246032982288,27.23098478242562,33,32,1,alpha_0,0.5890987670407394
xxz_delta0.5,XXZ (Delta=0.5),10,6,entanglement_residual,Entanglement + residual,33,3,mean,6.613655219852669,4.1889449107495444,7.613192175923725,0.23013129194094406,40.164484346443324,33,32,1,alpha_0,0.48638865781331303
xxz_delta0.5,XXZ (Delta=0.5),10,6,entanglement_residual,Entanglement + residual,34,3,mean,6.892944502007698,6.2269542040809505,4.278375768110997,0.31986383832680454,16.725836858217736,33,32,1,alpha_0,0.6388172645132214
xxz_delta0.5,XXZ (Delta=0.5),10,6,entanglement_residual,Entanglement + residual,35,3,mean,7.0171605929047125,4.639281574413255,7.439438107571823,0.09367230623327955,33.81001467492111,33,32,1,alpha_0,0.607553838863867
xxz_delta0.5,XXZ (Delta=0.5),10,6,entanglement_residual,Entanglement + residual,36,3,mean,5.0945273579152754,2.3152383185114163,5.895017802129827,0.18073030793377204,23.109111062273417,33,32,1,alpha_0,0.4622776475681164
xxz_delta0.5,XXZ (Delta=0.5),10,6,entanglement_residual,Entanglement + residual,37,3,mean,5.732643048694143,3.1699177433057626,7.2132642648161305,0.023410083850652384,38.34061321414459,33,32,1,alpha_0,0.42198164432842294
xxz_delta0.5,XXZ (Delta=0.5),10,6,entanglement_residual,Entanglement + residual,38,3,mean,5.960448433848857,4.8660735626617395,3.9348781292464126,0.6075886339549618,16.4047390363401,33,32,1,alpha_0,0.452027220093602
xxz_delta0.5,XXZ (Delta=0.5),10,6,entanglement_residual,Entanglement + residual,39,3,mean,6.922572084661959,6.505966138016269,4.228455541561911,0.1599926752616796,14.087352019234022,33,32,1,alpha_0,0.6215296451175779
xxz_delta0.5,XXZ (Delta=0.5),10,6,entanglement_residual,Entanglement + residual,40,3,mean,8.68083701782298,7.221186047647196,7.6168272442481255,0.011772088565421238,30.493356714274128,33,32,1,alpha_0,0.7765519641100461
xxz_delta0.5,XXZ (Delta=0.5),10,6,entanglement_residual,Entanglement + residual,41,3,mean,7.174405073488224,5.85703857617275,5.607910963841141,0.0061683786241218804,25.786475967566158,33,32,1,alpha_0,0.6308518096782789
xxz_delta0.5,XXZ (Delta=0.5),10,6,entanglement_residual,Entanglement + residual,42,3,mean,6.326809188907767,5.045066906278246,5.557095153573138,0.3018829289246999,25.933781468770682,33,32,1,alpha_0,0.4927739789024409
xxz_delta0.5,XXZ (Delta=0.5),10,6,entanglement_residual,Entanglement + residual,43,3,mean,5.929709804547013,5.123837549067725,5.144945544783565,0.20314891349080014,21.942991875388113,33,32,1,alpha_0,0.5116949509094272
xxz_delta0.5,XXZ (Delta=0.5),10,6,entanglement_residual,Entanglement + residual,44,3,mean,4.974777935657266,4.278374233927286,5.403406291593995,0.11632569863188949,30.637694724777013,33,32,1,alpha_0,0.3819983036896667
xxz_delta0.5,XXZ (Delta=0.5),10,6,entanglement_residual,Entanglement + residual,45,3,mean,5.900081454184826,4.270638343200597,5.463940152836507,0.8657980332392741,23.318747777200716,33,32,1,alpha_0,0.4705945661790416
xxz_delta0.5,XXZ (Delta=0.5),10,6,entanglement_residual,Entanglement + residual,46,3,mean,9.605127463740825,7.807935366257992,7.396676538825413,0.004897854145566942,27.00522265749223,33,32,1,alpha_0,0.8299745323920824
xxz_delta0.5,XXZ (Delta=0.5),10,6,entanglement_residual,Entanglement + residual,47,3,mean,9.157616714682664,6.034384180344029,7.298592852221227,0.13021856187887854,28.055433673969635,33,32,1,alpha_0,0.7592390681322652
xxz_delta0.5,XXZ (Delta=0.5),10,6,entanglement_residual,Entanglement + residual,48,3,mean,9.017149650190635,8.492889848217327,6.3997153477178825,0.020265990855330228,20.854064473487313,33,32,1,alpha_0,0.8182438072181935
xxz_delta0.5,XXZ (Delta=0.5),10,6,entanglement_residual,Entanglement + residual,49,3,mean,8.122803045863675,5.12457015497259,8.660375060115625,0.3089873140938308,36.78984752568196,33,32,1,alpha_0,0.5949122423724678
xxz_delta0.5,XXZ (Delta=0.5),10,7,combined,Combined (A+B+C),0,3,mean,6.550692196244901,2.3673589664119565,9.28039361698118,0.0,38.3482479589231,33,32,1,alpha_0,0.16519643923708877
xxz_delta0.5,XXZ (Delta=0.5),10,7,combined,Combined (A+B+C),1,3,mean,6.748286113077868,3.780398622121673,8.639423857547994,0.0,36.93923605738136,33,32,1,alpha_0,0.21171262869436486
xxz_delta0.5,XXZ (Delta=0.5),10,7,combined,Combined (A+B+C),2,3,mean,4.135673129938884,2.8135775370067817,4.614741630061975,0.0,22.678349560611164,33,32,1,alpha_0,0.20812310243924909
xxz_delta0.5,XXZ (Delta=0.5),10,7,combined,Combined (A+B+C),3,3,mean,6.970765717336524,3.3981422933068766,11.16926530132257,0.0,52.54143027022642,33,32,1,alpha_0,0.20760894119146725
xxz_delta0.5,XXZ (Delta=0.5),10,7,combined,Combined (A+B+C),4,3,mean,6.225342722690476,5.199957495735268,6.6170521778553315,0.0,31.466955891334877,33,32,1,alpha_0,0.22965579791479465
xxz_delta0.5,XXZ (Delta=0.5),10,7,combined,Combined (A+B+C),5,3,mean,7.723806527636212,2.277839997438198,13.368244655365709,0.0,59.201772946361956,33,32,1,alpha_0,0.18891239544392407
xxz_delta0.5,XXZ (Delta=0.5),10,7,combined,Combined (A+B+C),6,3,mean,5.285181619792532,3.8456466253387065,6.633053287334645,0.0,29.720652889160917,33,32,1,alpha_0,0.14512133405012376
xxz_delta0.5,XXZ (Delta=0.5),10,7,combined,Combined (A+B+C),7,3,mean,3.6584586496770104,0.2978283248510952,7.158340011491263,0.0,25.977806807043546,33,32,1,alpha_0,0.10657940473435018
xxz_delta0.5,XXZ (Delta=0.5),10,7,combined,Combined (A+B+C),8,3,mean,6.2426457415115895,1.648874126999475,10.411312208344844,0.0,43.185143199956315,33,32,1,alpha_0,0.1486308116840358
xxz_delta0.5,XXZ (Delta=0.5),10,7,combined,Combined (A+B+C),9,3,mean,6.7777420215842525,3.504707778537781,7.448992012529442,0.0,25.63044365333925,33,32,1,alpha_0,0.23368681146811604
xxz_delta0.5,XXZ (Delta=0.5),10,7,combined,Combined (A+B+C),10,3,mean,6.167888000780113,3.1312422249127683,7.075345286152359,0.0,26.983797959022592,33,32,1,alpha_0,0.20796101783863102
xxz_delta0.5,XXZ (Delta=0.5),10,7,combined,Combined (A+B+C),11,3,mean,5.693970926840598,1.8125654058936298,9.846091118779102,0.0,39.34350567524984,33,32,1,alpha_0,0.13589603690471547
xxz_delta0.5,XXZ (Delta=0.5),10,7,combined,Combined (A+B+C),12,3,mean,4.380917267846614,1.7081689971899539,5.385487949956046,0.0,19.011160283460956,33,32,1,alpha_0,0.21579524453453888
xxz_delta0.5,XXZ (Delta=0.5),10,7,combined,Combined (A+B+C),13,3,mean,10.616984568153963,4.329201769806591,13.84591204721476,0.0,55.10404003345201,33,32,1,alpha_0,0.3330884237101937
xxz_delta0.5,XXZ (Delta=0.5),10,7,combined,Combined (A+B+C),14,3,mean,5.183215573188667,2.264380188963494,7.149466970825296,0.0,32.886232599582804,33,32,1,alpha_0,0.22836128969260713
xxz_delta0.5,XXZ (Delta=0.5),10,7,combined,Combined (A+B+C),15,3,mean,7.757069555518493,0.7491641069974534,13.833455222393255,0.0,63.677003757151475,33,32,1,alpha_0,0.1821720577165529
xxz_delta0.5,XXZ (Delta=0.5),10,7,combined,Combined (A+B+C),16,3,mean,5.41632977259307,1.7910213943211173,7.568675466040232,0.0,33.82380730270804,33,32,1,alpha_0,0.19819109842147387
xxz_delta0.5,XXZ (Delta=0.5),10,7,combined,Combined (A+B+C),17,3,mean,5.242706105634385,2.270957030340596,6.709568220499969,0.0,24.865738604266845,33,32,1,alpha_0,0.25593241345309714
xxz_delta0.5,XXZ (Delta=0.5),10,7,combined,Combined (A+B+C),18,3,mean,6.7320491340175845,3.3413817549795377,9.562115401805222,0.0,37.049164713962654,33,32,1,alpha_0,0.21342341397489356
xxz_delta0.5,XXZ (Delta=0.5),10,7,combined,Combined (A+B+C),19,3,mean,4.070677087542021,1.2660125476276303,6.904952837072224,0.0,32.71985452418687,33,32,1,alpha_0,0.09248286791904174
xxz_delta0.5,XXZ (Delta=0.5),10,7,combined,Combined (A+B+C),20,3,mean,4.073139527206733,0.6826366361473186,6.97062326164076,0.0,25.93911638750459,33,32,1,alpha_0,0.12446607588626413
xxz_delta0.5,XXZ (Delta=0.5),10,7,combined,Combined (A+B+C),21,3,mean,5.376048812682839,1.394479211921678,7.681738539146379,0.0,34.67303854193086,33,32,1,alpha_0,0.16377609829395112
xxz_delta0.5,XXZ (Delta=0.5),10,7,combined,Combined (A+B+C),22,3,mean,5.082210149961057,1.3727587687360159,7.696106421162943,0.0,28.765047554637572,33,32,1,alpha_0,0.12611954714484885
xxz_delta0.5,XXZ (Delta=0.5),10,7,combined,Combined (A+B+C),23,3,mean,4.571611637010575,2.770290636774593,5.577048348043261,0.0,23.539077632183375,33,32,1,alpha_0,0.21446425250343804
xxz_delta0.5,XXZ (Delta=0.5),10,7,combined,Combined (A+B+C),24,3,mean,4.388435825003375,2.1474858221095294,5.730446966321096,0.0,25.443786520064233,33,32,1,alpha_0,0.14224104978167001
xxz_delta0.5,XXZ (Delta=0.5),10,7,combined,Combined (A+B+C),25,3,mean,6.499231382142094,2.7817247401307377,11.077622251301303,0.0,55.64857469891801,33,32,1,alpha_0,0.2306473867405976
xxz_delta0.5,XXZ (Delta=0.5),10,7,combined,Combined (A+B+C),26,3,mean,7.266385364425121,1.1466253642560746,11.430927503558307,0.0,41.41561013815881,33,32,1,alpha_0,0.1606784216877932
xxz_delta0.5,XXZ (Delta=0.5),10,7,combined,Combined (A+B+C),27,3,mean,6.232279624477728,4.483781921740048,6.5479626544466445,0.0,25.20166043163317,33,32,1,alpha_0,0.24185857372157807
xxz_delta0.5,XXZ (Delta=0.5),10,7,combined,Combined (A+B+C),28,3,mean,5.930430116589591,1.2998502467665973,8.70742160149954,0.0,33.97725154506238,33,32,1,alpha_0,0.2005642690240971
xxz_delta0.5,XXZ (Delta=0.5),10,7,combined,Combined (A+B+C),29,3,mean,6.5429873612668565,4.9040041585673,6.597540538683971,0.0,21.392458752283982,33,32,1,alpha_0,0.24487397754922435
xxz_delta0.5,XXZ (Delta=0.5),10,7,combined,Combined (A+B+C),30,3,mean,5.080004773974839,5.169358613184199,5.084063201221864,0.0,17.657170161900723,33,32,1,alpha_0,0.17275936534869074
xxz_delta0.5,XXZ (Delta=0.5),10,7,combined,Combined (A+B+C),31,3,mean,5.804270226681684,1.3891564013977724,9.234859507242978,0.0,35.941340525967874,33,32,1,alpha_0,0.15679056627314594
xxz_delta0.5,XXZ (Delta=0.5),10,7,combined,Combined (A+B+C),32,3,mean,4.883917487664334,0.6176184573061988,7.397189838908705,0.0,23.955795330062088,33,32,1,alpha_0,0.15108686228549728
xxz_delta0.5,XXZ (Delta=0.5),10,7,combined,Combined (A+B+C),33,3,mean,3.9814712865537585,1.4080261979528021,7.361828620924908,0.0,40.164484346443324,33,32,1,alpha_0,0.1255249546267336
xxz_delta0.5,XXZ (Delta=0.5),10,7,combined,Combined (A+B+C),34,3,mean,5.962386230773407,2.107474409533284,9.066069231454115,0.0,36.62504109252829,33,32,1,alpha_0,0.18781488573480018
xxz_delta0.5,XXZ (Delta=0.5),10,7,combined,Combined (A+B+C),35,3,mean,6.470200952650716,2.860381849266365,8.874581471925643,0.0,33.81001467492111,33,32,1,alpha_0,0.2214283263435229
xxz_delta0.5,XXZ (Delta=0.5),10,7,combined,Combined (A+B+C),36,3,mean,3.9470684619067904,0.6263621875460534,5.807436232303171,0.0,22.489525902428404,33,32,1,alpha_0,0.1570003306033123
xxz_delta0.5,XXZ (Delta=0.5),10,7,combined,Combined (A+B+C),37,3,mean,6.411140900399881,2.9023132637839195,8.551394268660667,0.0,38.34061321414459,33,32,1,alpha_0,0.216233351359838
xxz_delta0.5,XXZ (Delta=0.5),10,7,combined,Combined (A+B+C),38,3,mean,5.06491265657787,1.509900278376647,7.883566412827675,0.0,30.690358881559675,33,32,1,alpha_0,0.12226596572535539
xxz_delta0.5,XXZ (Delta=0.5),10,7,combined,Combined (A+B+C),39,3,mean,6.245617831475641,5.040200700815479,7.280808264374911,0.0,27.066845686519404,33,32,1,alpha_0,0.16976201778585942
xxz_delta0.5,XXZ (Delta=0.5),10,7,combined,Combined (A+B+C),40,3,mean,5.4478406154261085,3.1223087497171678,7.350471245991397,0.0,30.493356714274128,33,32,1,alpha_0,0.15010678364852265
xxz_delta0.5,XXZ (Delta=0.5),10,7,combined,Combined (A+B+C),41,3,mean,5.240033226595845,1.6224679011852832,7.4124444391797235,0.0,29.081747907927895,33,32,1,alpha_0,0.17945082554309785
xxz_delta0.5,XXZ (Delta=0.5),10,7,combined,Combined (A+B+C),42,3,mean,5.2109162145247945,1.638449981075666,6.796589506755627,0.0,25.933781468770682,33,32,1,alpha_0,0.20315511897601565
xxz_delta0.5,XXZ (Delta=0.5),10,7,combined,Combined (A+B+C),43,3,mean,5.998938452906806,0.603127599980834,11.111532169347647,0.0,44.96477115244969,33,32,1,alpha_0,0.17442146450776225
xxz_delta0.5,XXZ (Delta=0.5),10,7,combined,Combined (A+B+C),44,3,mean,6.848875075519096,4.838234321594804,7.647147793643708,0.0,30.637694724777013,33,32,1,alpha_0,0.23725419996984362
xxz_delta0.5,XXZ (Delta=0.5),10,7,combined,Combined (A+B+C),45,3,mean,8.100581983413964,4.0211795236187395,11.139559308257118,0.0,44.438033374598795,33,32,1,alpha_0,0.2697971545424247
xxz_delta0.5,XXZ (Delta=0.5),10,7,combined,Combined (A+B+C),46,3,mean,6.2220266448245924,3.991663681388393,6.7966868473367645,0.0,27.00522265749223,33,32,1,alpha_0,0.24221614807936073
xxz_delta0.5,XXZ (Delta=0.5),10,7,combined,Combined (A+B+C),47,3,mean,6.0127639802853965,1.5735934386944788,8.142727691913016,0.0,28.055433673969635,33,32,1,alpha_0,0.1315588706489967
xxz_delta0.5,XXZ (Delta=0.5),10,7,combined,Combined (A+B+C),48,3,mean,4.335953847538628,1.1455491839828427,8.1828519163407,0.0,39.603406199916165,33,32,1,alpha_0,0.1137905162663068
xxz_delta0.5,XXZ (Delta=0.5),10,7,combined,Combined (A+B+C),49,3,mean,5.749068226816972,0.30313317008165985,10.356598074418727,0.0,36.78984752568196,33,32,1,alpha_0,0.137726143568456
