task,task_label,n_qubits,config_id,config_name,config_label,seed,L,residual_reduction,mean_snr,median_snr,std_snr,min_snr,max_snr,n_params,n_finite_params,n_deterministic_params,deterministic_labels,mean_abs_grad
tfim_h0.5,"TFIM (J=1, h=0.5)",4,1,baseline,Baseline (HEA),0,3,sum,6.946875183013695,6.834149344794212,3.8673998574748136,0.966367709443014,13.06516809316529,12,12,0,,0.26235726266698384
tfim_h0.5,"TFIM (J=1, h=0.5)",4,1,baseline,Baseline (HEA),1,3,sum,9.886473132275361,7.045127286064259,10.23096456848853,2.2343023780757343,39.1983357444595,12,12,0,,0.4033784866254913
tfim_h0.5,"TFIM (J=1, h=0.5)",4,1,baseline,Baseline (HEA),2,3,sum,12.874208220563213,15.044970082759622,7.215293633095896,0.9403722363742285,22.411970973314855,12,12,0,,0.5170476266973036
tfim_h0.5,"TFIM (J=1, h=0.5)",4,1,baseline,Baseline (HEA),3,3,sum,6.749950244535978,6.945258828134307,3.3643585739941457,0.7719040020327282,12.859950272749442,12,12,0,,0.2805667984297356
tfim_h0.5,"TFIM (J=1, h=0.5)",4,1,baseline,Baseline (HEA),4,3,sum,12.74571391310405,14.359762652306655,6.635572082052133,0.3844754980763431,20.55346500104414,12,12,0,,0.5135650974679643
tfim_h0.5,"TFIM (J=1, h=0.5)",4,1,baseline,Baseline (HEA),5,3,sum,10.336957607138267,4.452504841980842,10.883502157325825,0.16906241487172655,37.29888680165088,12,12,0,,0.4176409361428118
tfim_h0.5,"TFIM (J=1, h=0.5)",4,1,baseline,Baseline (HEA),6,3,sum,15.778903841182272,4.145613678511857,22.613053409791874,0.17450482982411053,77.956772471689,12,12,0,,0.580601876236465
tfim_h0.5,"TFIM (J=1, h=0.5)",4,1,baseline,Baseline (HEA),7,3,sum,12.34517105530005,9.312041580796597,7.74148817867353,5.156914761816693,29.729504157838445,12,12,0,,0.35602801104040593
tfim_h0.5,"TFIM (J=1, h=0.5)",4,1,baseline,Baseline (HEA),8,3,sum,11.026922182957042,8.302408351203589,10.627546993840571,0.9434856777752766,42.74358103730994,12,12,0,,0.43778567370403976
tfim_h0.5,"TFIM (J=1, h=0.5)",4,1,baseline,Baseline (HEA),9,3,sum,13.632057243162018,14.082038795601232,7.994840233960033,0.27594960584427675,25.411457149695202,12,12,0,,0.6135449770621056
tfim_h0.5,"TFIM (J=1, h=0.5)",4,1,baseline,Baseline (HEA),10,3,sum,11.590737614560355,9.626636925787754,9.872993144686223,0.9873274552839993,33.91306807658877,12,12,0,,0.39573091988021303
tfim_h0.5,"TFIM (J=1, h=0.5)",4,1,baseline,Baseline (HEA),11,3,sum,11.925195646250542,11.258345710924328,9.414143540790485,0.5760924010648876,36.07872285493388,12,12,0,,0.5457284781681365
tfim_h0.5,"TFIM (J=1, h=0.5)",4,1,baseline,Baseline (HEA),12,3,sum,14.261427921821214,11.278456855636994,10.737068126669481,1.727725367330755,34.80665212519095,12,12,0,,0.6253611558241396
tfim_h0.5,"TFIM (J=1, h=0.5)",4,1,baseline,Baseline (HEA),13,3,sum,9.940110872154895,5.941391409018827,8.985683592344822,0.6260981884556999,29.824350244158488,12,12,0,,0.2964272201518346
tfim_h0.5,"TFIM (J=1, h=0.5)",4,1,baseline,Baseline (HEA),14,3,sum,16.13398267439975,7.006915175923526,27.58750986793903,0.2349026860972774,103.57918923637592,12,12,0,,0.517764598910462
tfim_h0.5,"TFIM (J=1, h=0.5)",4,1,baseline,Baseline (HEA),15,3,sum,11.501371578720795,12.636438002563214,7.0040028336704765,0.005507552755996131,20.77079509973198,12,12,0,,0.42499899938710656
tfim_h0.5,"TFIM (J=1, h=0.5)",4,1,baseline,Baseline (HEA),16,3,sum,15.61387955412644,15.006248905867256,6.552689669609347,6.934539835670658,26.51272500106946,12,12,0,,0.6020476744957931
tfim_h0.5,"TFIM (J=1, h=0.5)",4,1,baseline,Baseline (HEA),17,3,sum,12.248047204078373,13.331103622927166,9.880064292160382,0.47408397328277546,36.71207591229707,12,12,0,,0.5424223303418741
tfim_h0.5,"TFIM (J=1, h=0.5)",4,1,baseline,Baseline (HEA),18,3,sum,5.431657637627402,4.056765271644066,4.019146802262634,0.5726958879597143,11.829424048591838,12,12,0,,0.18405572294919292
tfim_h0.5,"TFIM (J=1, h=0.5)",4,1,baseline,Baseline (HEA),19,3,sum,9.067448943724921,6.565559528944977,6.991414300139106,0.11721692891843287,20.8843409436281,12,12,0,,0.3615816718296671
tfim_h0.5,"TFIM (J=1, h=0.5)",4,1,baseline,Baseline (HEA),20,3,sum,8.572906309654181,7.009792262784735,7.633132954793253,0.3035507581819748,28.369375199985452,12,12,0,,0.32028950168938836
tfim_h0.5,"TFIM (J=1, h=0.5)",4,1,baseline,Baseline (HEA),21,3,sum,8.927465494029677,7.1820016208395385,6.275512962057438,0.19247614121432682,21.024266323087748,12,12,0,,0.31683077786317704
tfim_h0.5,"TFIM (J=1, h=0.5)",4,1,baseline,Baseline (HEA),22,3,sum,8.05018031443363,6.813120383755635,6.407294421132762,0.12035169221543884,20.07561947305367,12,12,0,,0.3218367068308676
tfim_h0.5,"TFIM (J=1, h=0.5)",4,1,baseline,Baseline (HEA),23,3,sum,13.173060465857125,12.123684134535107,7.626823797789337,2.2955870514153136,24.57230185647083,12,12,0,,0.5123217573223973
tfim_h0.5,"TFIM (J=1, h=0.5)",4,1,baseline,Baseline (HEA),24,3,sum,9.757268806232377,5.87079933953302,8.915248031194945,0.8843594938814114,24.97294964046966,12,12,0,,0.4138999027983939
tfim_h0.5,"TFIM (J=1, h=0.5)",4,1,baseline,Baseline (HEA),25,3,sum,11.060974723206364,10.391371160571786,9.160360492167632,2.4828985501285645,36.6663049717372,12,12,0,,0.45224113593771603
tfim_h0.5,"TFIM (J=1, h=0.5)",4,1,baseline,Baseline (HEA),26,3,sum,10.985020173478233,7.538811865918895,9.683414547499165,1.3013351931377273,32.25242483672454,12,12,0,,0.466005576343638
tfim_h0.5,"TFIM (J=1, h=0.5)",4,1,baseline,Baseline (HEA),27,3,sum,10.086121367627285,10.032196974422035,7.0584541227923205,0.7475337599249595,22.461588540398264,12,12,0,,0.41881265058408096
tfim_h0.5,"TFIM (J=1, h=0.5)",4,1,baseline,Baseline (HEA),28,3,sum,11.554325995791139,7.440090622558634,10.435672196206248,0.24241465882105784,33.4525458773925,12,12,0,,0.48252670495154554
tfim_h0.5,"TFIM (J=1, h=0.5)",4,1,baseline,Baseline (HEA),29,3,sum,16.96355135604854,16.382369265837614,8.140274818866574,1.281452949232367,29.43826916666061,12,12,0,,0.6414481588923646
tfim_h0.5,"TFIM (J=1, h=0.5)",4,1,baseline,Baseline (HEA),30,3,sum,12.054699182290813,10.486450309470651,9.376909140077759,0.016035419862646078,27.305639387119033,12,12,0,,0.4757606256731091
tfim_h0.5,"TFIM (J=1, h=0.5)",4,1,baseline,Baseline (HEA),31,3,sum,6.6825211461047,4.335003395336033,5.072116098890872,0.7983465216118859,14.690145685361413,12,12,0,,0.2719264870506993
tfim_h0.5,"TFIM (J=1, h=0.5)",4,1,baseline,Baseline (HEA),32,3,sum,13.42164027055363,11.093008886901943,10.30121564762813,1.4212630335106715,38.97515598814989,12,12,0,,0.6008109258878457
tfim_h0.5,"TFIM (J=1, h=0.5)",4,1,baseline,Baseline (HEA),33,3,sum,13.778613089007166,9.702748877323572,11.265225928072027,2.6444513752258683,46.62446086633724,12,12,0,,0.49146752645876396
tfim_h0.5,"TFIM (J=1, h=0.5)",4,1,baseline,Baseline (HEA),34,3,sum,11.197842760108571,7.212398896934191,9.769037882149833,1.2986012689225968,32.67213636367313,12,12,0,,0.43402671428353595
tfim_h0.5,"TFIM (J=1, h=0.5)",4,1,baseline,Baseline (HEA),35,3,sum,11.386410298672148,9.799238038307461,8.178710131798995,1.0784496956646152,30.01172311666299,12,12,0,,0.4042356677539976
tfim_h0.5,"TFIM (J=1, h=0.5)",4,1,baseline,Baseline (HEA),36,3,sum,9.492514762808293,6.565141335035439,8.656020677194709,0.2663257780105039,22.42778163826183,12,12,0,,0.45530462629777246
tfim_h0.5,"TFIM (J=1, h=0.5)",4,1,baseline,Baseline (HEA),37,3,sum,11.47556231249181,12.217648691250336,5.714265591562083,1.7907118206478574,20.874335943911678,12,12,0,,0.44985448711573817
tfim_h0.5,"TFIM (J=1, h=0.5)",4,1,baseline,Baseline (HEA),38,3,sum,11.177770927039193,10.21866053176368,6.36014817727514,5.292751007749888,28.8871406616903,12,12,0,,0.39631420715083343
tfim_h0.5,"TFIM (J=1, h=0.5)",4,1,baseline,Baseline (HEA),39,3,sum,12.015204090591704,7.557655228485463,14.356371998945892,1.9383341095423667,55.7522954140806,12,12,0,,0.4399739295238679
tfim_h0.5,"TFIM (J=1, h=0.5)",4,1,baseline,Baseline (HEA),40,3,sum,10.52905695236833,2.74498140692251,13.667004682412664,0.5007770962611805,46.14245759244641,12,12,0,,0.4517181892465128
tfim_h0.5,"TFIM (J=1, h=0.5)",4,1,baseline,Baseline (HEA),41,3,sum,7.645719587522238,4.430050571124754,8.885511140083217,1.1646748399065703,34.04735763527127,12,12,0,,0.30824662583149076
tfim_h0.5,"TFIM (J=1, h=0.5)",4,1,baseline,Baseline (HEA),42,3,sum,10.800234572518184,9.596569467425509,5.558562147221497,4.146986071354607,20.529080890536104,12,12,0,,0.44603349393386543
tfim_h0.5,"TFIM (J=1, h=0.5)",4,1,baseline,Baseline (HEA),43,3,sum,13.147870363332261,13.940951826420795,11.947292328466526,0.06050521454965078,34.354431142766295,12,12,0,,0.5579852679431835
tfim_h0.5,"TFIM (J=1, h=0.5)",4,1,baseline,Baseline (HEA),44,3,sum,8.939161981740284,7.398192718732343,5.41859494099645,1.1969695702218148,21.652673794595444,12,12,0,,0.39119446730938573
tfim_h0.5,"TFIM (J=1, h=0.5)",4,1,baseline,Baseline (HEA),45,3,sum,12.55610231887191,10.19136038653395,11.321208028090396,0.4184850567301698,37.727700211426246,12,12,0,,0.466200048139227
tfim_h0.5,"TFIM (J=1, h=0.5)",4,1,baseline,Baseline (HEA),46,3,sum,14.740394170834188,14.933640524875237,9.775580524192508,0.7242902966222226,28.821923912463106,12,12,0,,0.6132045516494138
tfim_h0.5,"TFIM (J=1, h=0.5)",4,1,baseline,Baseline (HEA),47,3,sum,9.506915275342658,5.194249971188503,11.570518154678563,0.8433496798125188,42.60810777579768,12,12,0,,0.34457784169423533
tfim_h0.5,"TFIM (J=1, h=0.5)",4,1,baseline,Baseline (HEA),48,3,sum,9.20259342350398,4.058321195030739,13.07340993927741,0.35348954548566547,49.894097400757,12,12,0,,0.27872905837659095
tfim_h0.5,"TFIM (J=1, h=0.5)",4,1,baseline,Baseline (HEA),49,3,sum,13.16305189570725,15.018799917303175,8.644551721438162,0.7301122632960453,27.61865661243613,12,12,0,,0.5409464745545848
tfim_h0.5,"TFIM (J=1, h=0.5)",4,2,entanglement_only,Constrained entanglement only,0,3,sum,12.478730775784356,9.934221272995647,10.144771469511328,1.105344227246083,29.37657305537462,12,12,0,,0.41482525679354293
tfim_h0.5,"TFIM (J=1, h=0.5)",4,2,entanglement_only,Constrained entanglement only,1,3,sum,11.98360932599005,10.744497185701444,8.991052010492371,2.089665244573648,38.41291321587102,12,12,0,,0.4370037968635851
tfim_h0.5,"TFIM (J=1, h=0.5)",4,2,entanglement_only,Constrained entanglement only,2,3,sum,11.287577400363524,11.701614550018704,7.010707910293038,0.3012854530626221,23.12353740307824,12,12,0,,0.3710784193104036
tfim_h0.5,"TFIM (J=1, h=0.5)",4,2,entanglement_only,Constrained entanglement only,3,3,sum,15.215360995779577,11.558874002826927,13.30349189438342,1.9690840634454783,43.45736854644106,12,12,0,,0.5585472661118881
tfim_h0.5,"TFIM (J=1, h=0.5)",4,2,entanglement_only,Constrained entanglement only,4,3,sum,20.88765011523652,24.705865797658507,9.140573372872726,0.6550749165491657,30.400180326443017,12,12,0,,0.7489997009742707
tfim_h0.5,"TFIM (J=1, h=0.5)",4,2,entanglement_only,Constrained entanglement only,5,3,sum,16.504676743950444,14.002008402314498,8.861602391774538,2.2484349545791944,35.182878336496955,12,12,0,,0.6001572476869069
tfim_h0.5,"TFIM (J=1, h=0.5)",4,2,entanglement_only,Constrained entanglement only,6,3,sum,15.969589001622692,9.848646574414307,12.722660846141915,1.971715032455822,39.722100166427545,12,12,0,,0.6369544698846233
tfim_h0.5,"TFIM (J=1, h=0.5)",4,2,entanglement_only,Constrained entanglement only,7,3,sum,14.608304968799496,7.036975839868231,15.492935160432028,0.6949366662409004,46.864715817658485,12,12,0,,0.4761403235135761
tfim_h0.5,"TFIM (J=1, h=0.5)",4,2,entanglement_only,Constrained entanglement only,8,3,sum,16.456541349216554,15.330259186901664,9.881035938722311,4.6490573731526075,34.52923600881848,12,12,0,,0.5986968367219908
tfim_h0.5,"TFIM (J=1, h=0.5)",4,2,entanglement_only,Constrained entanglement only,9,3,sum,17.802184367586822,16.541322275430858,8.267453839946642,6.857916501650099,32.77980031548603,12,12,0,,0.5970732903784679
tfim_h0.5,"TFIM (J=1, h=0.5)",4,2,entanglement_only,Constrained entanglement only,10,3,sum,14.171721294602056,20.09290044922364,10.055106683368207,0.3766825940896225,25.200322924774827,12,12,0,,0.5110729136118656
tfim_h0.5,"TFIM (J=1, h=0.5)",4,2,entanglement_only,Constrained entanglement only,11,3,sum,15.163462030710194,14.901681039954305,7.3663964210483535,3.9999536511999243,28.476881760953958,12,12,0,,0.615303039609648
tfim_h0.5,"TFIM (J=1, h=0.5)",4,2,entanglement_only,Constrained entanglement only,12,3,sum,11.324854336863842,10.22941600336914,6.010464601994746,2.1166082616298487,23.33352115448083,12,12,0,,0.47029918332617554
tfim_h0.5,"TFIM (J=1, h=0.5)",4,2,entanglement_only,Constrained entanglement only,13,3,sum,14.117310476626484,12.370548298870702,12.063270219068281,0.5242532236533028,37.22310306072207,12,12,0,,0.4717221268911223
tfim_h0.5,"TFIM (J=1, h=0.5)",4,2,entanglement_only,Constrained entanglement only,14,3,sum,11.16153948943478,8.64992535010972,6.24296114769887,4.728674268371895,20.857345656298072,12,12,0,,0.4261581251577086
tfim_h0.5,"TFIM (J=1, h=0.5)",4,2,entanglement_only,Constrained entanglement only,15,3,sum,11.734220400479765,12.53635058692663,7.400145461594086,0.022131298684922036,31.176877376212996,12,12,0,,0.46206754997691585
tfim_h0.5,"TFIM (J=1, h=0.5)",4,2,entanglement_only,Constrained entanglement only,16,3,sum,12.744335408941126,6.8676067830613095,10.180928027222551,2.302511945369761,27.56755357797609,12,12,0,,0.5251311233866142
tfim_h0.5,"TFIM (J=1, h=0.5)",4,2,entanglement_only,Constrained entanglement only,17,3,sum,11.573763607903976,9.611546166396085,7.9968875994003215,0.8520556561407838,24.052652579008832,12,12,0,,0.4319954683187137
tfim_h0.5,"TFIM (J=1, h=0.5)",4,2,entanglement_only,Constrained entanglement only,18,3,sum,13.196268561258305,10.182406682017104,11.926504694512348,0.0017640128426971342,37.8411668974155,12,12,0,,0.502349363500395
tfim_h0.5,"TFIM (J=1, h=0.5)",4,2,entanglement_only,Constrained entanglement only,19,3,sum,12.139355965573316,9.453011606585438,6.850079416059772,3.0252911298890943,29.197773210401337,12,12,0,,0.5282432019326831
tfim_h0.5,"TFIM (J=1, h=0.5)",4,2,entanglement_only,Constrained entanglement only,20,3,sum,12.010864432643304,5.892839421445571,10.55624259924111,1.5717364332834227,30.59555615906202,12,12,0,,0.4339141435427399
tfim_h0.5,"TFIM (J=1, h=0.5)",4,2,entanglement_only,Constrained entanglement only,21,3,sum,8.55321038927814,8.308210458509722,7.002320422346921,0.37186764667823263,24.978743429757603,12,12,0,,0.26977943032882684
tfim_h0.5,"TFIM (J=1, h=0.5)",4,2,entanglement_only,Constrained entanglement only,22,3,sum,13.361257921758037,13.155188244206078,5.6882861304852375,1.9111458633032434,23.96025177871524,12,12,0,,0.4883075105628296
tfim_h0.5,"TFIM (J=1, h=0.5)",4,2,entanglement_only,Constrained entanglement only,23,3,sum,14.563573714688458,10.777817508111202,8.97377804262788,2.3999366494654053,29.171520956212245,12,12,0,,0.49002834525970274
tfim_h0.5,"TFIM (J=1, h=0.5)",4,2,entanglement_only,Constrained entanglement only,24,3,sum,12.50270984420488,13.197123625827071,3.1183921314878713,6.3570176066263056,16.025377828921528,12,12,0,,0.40252587072715573
tfim_h0.5,"TFIM (J=1, h=0.5)",4,2,entanglement_only,Constrained entanglement only,25,3,sum,20.007995021146858,12.323021731095743,15.87489110365447,1.4937286532163256,48.35400119927694,12,12,0,,0.7386853159007202
tfim_h0.5,"TFIM (J=1, h=0.5)",4,2,entanglement_only,Constrained entanglement only,26,3,sum,16.563841323967207,16.4705933309114,5.268297541852913,7.685126671841925,29.389235020204396,12,12,0,,0.6232091483468818
tfim_h0.5,"TFIM (J=1, h=0.5)",4,2,entanglement_only,Constrained entanglement only,27,3,sum,18.033442997510022,16.80476908855313,9.71528319084017,2.8473984595197415,36.047309759553144,12,12,0,,0.5185281556673543
tfim_h0.5,"TFIM (J=1, h=0.5)",4,2,entanglement_only,Constrained entanglement only,28,3,sum,11.34837186452713,9.807354149975108,6.365802455953693,1.1793020656767204,19.285551383972436,12,12,0,,0.4592812908806619
tfim_h0.5,"TFIM (J=1, h=0.5)",4,2,entanglement_only,Constrained entanglement only,29,3,sum,13.985563445332131,10.891939468495043,8.815743663538392,1.6884114448519332,27.05760221211264,12,12,0,,0.4955180841566113
tfim_h0.5,"TFIM (J=1, h=0.5)",4,2,entanglement_only,Constrained entanglement only,30,3,sum,19.554066636248397,22.624245628779377,10.929159243402609,0.7303359404551686,36.118171063746104,12,12,0,,0.8434844666342047
tfim_h0.5,"TFIM (J=1, h=0.5)",4,2,entanglement_only,Constrained entanglement only,31,3,sum,10.981748112346269,10.545910320431041,6.53534369791261,0.4353036442204207,27.47796193960141,12,12,0,,0.42642995514064297
tfim_h0.5,"TFIM (J=1, h=0.5)",4,2,entanglement_only,Constrained entanglement only,32,3,sum,11.888576329700816,7.801283504036311,7.985580614528389,2.930328350699198,25.031801102504527,12,12,0,,0.46184273482716337
tfim_h0.5,"TFIM (J=1, h=0.5)",4,2,entanglement_only,Constrained entanglement only,33,3,sum,15.675084942600279,10.44138317638274,12.826655956140787,3.578820693102477,39.63125644000989,12,12,0,,0.5415133431790474
tfim_h0.5,"TFIM (J=1, h=0.5)",4,2,entanglement_only,Constrained entanglement only,34,3,sum,17.55296460080555,14.990726204785002,14.323849749649973,1.3787876455667225,57.87426333422309,12,12,0,,0.6341853988747282
tfim_h0.5,"TFIM (J=1, h=0.5)",4,2,entanglement_only,Constrained entanglement only,35,3,sum,8.739107238588206,8.507517293982533,4.430086868387466,2.351031095365504,14.925578822260915,12,12,0,,0.3496472224153507
tfim_h0.5,"TFIM (J=1, h=0.5)",4,2,entanglement_only,Constrained entanglement only,36,3,sum,14.947120012709206,14.91480191932582,10.564065254652103,2.682352907078604,43.662794688577314,12,12,0,,0.6449028294357146
tfim_h0.5,"TFIM (J=1, h=0.5)",4,2,entanglement_only,Constrained entanglement only,37,3,sum,11.763763452844474,12.447096442642323,4.560525061041427,4.122594193768172,21.132075876493655,12,12,0,,0.41554298321669636
tfim_h0.5,"TFIM (J=1, h=0.5)",4,2,entanglement_only,Constrained entanglement only,38,3,sum,12.819353215631986,10.790710192572197,10.997183192703526,0.47751251265638617,35.37625899279766,12,12,0,,0.4523935758987774
tfim_h0.5,"TFIM (J=1, h=0.5)",4,2,entanglement_only,Constrained entanglement only,39,3,sum,17.808232389498848,14.868731485605263,10.957574009554437,4.497517942361783,36.27050307180609,12,12,0,,0.6872678523677322
tfim_h0.5,"TFIM (J=1, h=0.5)",4,2,entanglement_only,Constrained entanglement only,40,3,sum,11.597326026120257,12.239562450596418,8.262582664314507,0.09871812483534703,25.519020742614547,12,12,0,,0.41044573452690153
tfim_h0.5,"TFIM (J=1, h=0.5)",4,2,entanglement_only,Constrained entanglement only,41,3,sum,14.343480288274264,12.06800122478459,11.086566862651566,0.1239079328461396,31.26476315391174,12,12,0,,0.542965497864705
tfim_h0.5,"TFIM (J=1, h=0.5)",4,2,entanglement_only,Constrained entanglement only,42,3,sum,13.755747406807211,9.744725125643363,9.518424515440731,3.5760667233103725,27.187166201610818,12,12,0,,0.5229652983411922
tfim_h0.5,"TFIM (J=1, h=0.5)",4,2,entanglement_only,Constrained entanglement only,43,3,sum,11.572361466426798,10.448919528374871,10.797655898488646,0.07274975411777528,40.90858202463466,12,12,0,,0.3743594887985184
tfim_h0.5,"TFIM (J=1, h=0.5)",4,2,entanglement_only,Constrained entanglement only,44,3,sum,15.890722571072649,12.324187641268633,15.195323574630429,0.40987991718232536,52.706833289060235,12,12,0,,0.5074677411589773
tfim_h0.5,"TFIM (J=1, h=0.5)",4,2,entanglement_only,Constrained entanglement only,45,3,sum,17.390469477429512,14.739279964468095,12.648814772970992,2.9789664912498526,42.77784722594565,12,12,0,,0.6717586730906238
tfim_h0.5,"TFIM (J=1, h=0.5)",4,2,entanglement_only,Constrained entanglement only,46,3,sum,13.799964911724208,14.819207176664111,7.153702905514612,2.132338979903104,23.356758026625183,12,12,0,,0.5461269876384172
tfim_h0.5,"TFIM (J=1, h=0.5)",4,2,entanglement_only,Constrained entanglement only,47,3,sum,15.791003975088358,15.104262511365294,9.054598628202124,0.8737344327092287,29.27807289587789,12,12,0,,0.49494174234492244
tfim_h0.5,"TFIM (J=1, h=0.5)",4,2,entanglement_only,Constrained entanglement only,48,3,sum,18.277450957421774,20.176216469617657,9.402414606024609,2.787679553739568,29.879328054604557,12,12,0,,0.6967912772369029
tfim_h0.5,"TFIM (J=1, h=0.5)",4,2,entanglement_only,Constrained entanglement only,49,3,sum,11.170589124217882,8.793883969229178,9.250041855785105,0.14503616038370007,28.04133402202489,12,12,0,,0.40735707491832013
tfim_h0.5,"TFIM (J=1, h=0.5)",4,3,local_cost_only,Local cost function only,0,3,sum,6.764786120138105,4.076951095219552,7.335791457316315,1.2432220538980504e-15,23.919487465455987,12,12,0,,0.1423496575419592
tfim_h0.5,"TFIM (J=1, h=0.5)",4,3,local_cost_only,Local cost function only,1,3,sum,9.846255666402788,1.7967960144415864,22.705592320202108,0.0,83.45941407294114,12,12,0,,0.13316780468058473
tfim_h0.5,"TFIM (J=1, h=0.5)",4,3,local_cost_only,Local cost function only,2,3,sum,13.95097140533757,2.27002861868949,21.737049514597327,0.0,70.1423859560843,12,12,0,,0.21329743882465446
tfim_h0.5,"TFIM (J=1, h=0.5)",4,3,local_cost_only,Local cost function only,3,3,sum,8.954200599331235,6.502880123369417,9.408027843825316,0.0,27.989314738761344,12,12,0,,0.18073997217037274
tfim_h0.5,"TFIM (J=1, h=0.5)",4,3,local_cost_only,Local cost function only,4,3,sum,11.29432006621868,3.264298526211933,17.329440362867295,1.3413580751171663e-15,53.19155968099896,12,12,0,,0.1871631741564003
tfim_h0.5,"TFIM (J=1, h=0.5)",4,3,local_cost_only,Local cost function only,5,3,sum,13.795030061066432,0.2538534206669463,29.96132186703485,0.0,107.02909212549758,12,12,0,,0.1682876842251367
tfim_h0.5,"TFIM (J=1, h=0.5)",4,3,local_cost_only,Local cost function only,6,3,sum,11.876402351361326,6.018711894218259,14.738487346096985,0.0,44.194666181982555,12,12,0,,0.21370720541130614
tfim_h0.5,"TFIM (J=1, h=0.5)",4,3,local_cost_only,Local cost function only,7,3,sum,7.974267053748221,2.2736345515745713,12.426455261010826,0.0,42.07171951269049,12,12,0,,0.14564832465736624
tfim_h0.5,"TFIM (J=1, h=0.5)",4,3,local_cost_only,Local cost function only,8,3,sum,3.484531989618868,2.257682379958207,3.6016333596980625,0.0,10.5377863187892,12,12,0,,0.06934910130145766
tfim_h0.5,"TFIM (J=1, h=0.5)",4,3,local_cost_only,Local cost function only,9,3,sum,12.88452062120046,6.24789790550081,20.426581244902717,1.2418718396996452e-15,76.43322850017184,12,12,0,,0.20666336435972266
tfim_h0.5,"TFIM (J=1, h=0.5)",4,3,local_cost_only,Local cost function only,10,3,sum,5.8625729046598565,4.596101880342715,6.180751574581502,0.0,18.71353528884335,12,12,0,,0.11957952579656476
tfim_h0.5,"TFIM (J=1, h=0.5)",4,3,local_cost_only,Local cost function only,11,3,sum,7.851335834156135,6.649192126789139,9.05200075434723,0.0,33.83266522061688,12,12,0,,0.15561461006375935
tfim_h0.5,"TFIM (J=1, h=0.5)",4,3,local_cost_only,Local cost function only,12,3,sum,14.500511536172304,5.408114394499782,19.841890771396553,0.0,63.60189074831352,12,12,0,,0.23560925802749177
tfim_h0.5,"TFIM (J=1, h=0.5)",4,3,local_cost_only,Local cost function only,13,3,sum,8.41100610574576,1.041755232821354,11.242010075633459,0.0,29.17426332102996,12,12,0,,0.1602010611545219
tfim_h0.5,"TFIM (J=1, h=0.5)",4,3,local_cost_only,Local cost function only,14,3,sum,23.336179316287442,1.707424079134551,57.08405618072846,0.0,210.35923312072552,12,12,0,,0.19778050153809237
tfim_h0.5,"TFIM (J=1, h=0.5)",4,3,local_cost_only,Local cost function only,15,3,sum,13.23780959596734,5.336744362388768,14.904081228732325,0.0,41.01430634289036,12,12,0,,0.2410384957473983
tfim_h0.5,"TFIM (J=1, h=0.5)",4,3,local_cost_only,Local cost function only,16,3,sum,8.597371959367303,6.79979004977602,9.277831849150278,0.0,29.518449262243756,12,12,0,,0.1741222147222913
tfim_h0.5,"TFIM (J=1, h=0.5)",4,3,local_cost_only,Local cost function only,17,3,sum,7.328012906936148,3.916084799467736,8.732542719008299,3.1205030058824703e-16,28.716900329844254,12,12,0,,0.14996951466470862
tfim_h0.5,"TFIM (J=1, h=0.5)",4,3,local_cost_only,Local cost function only,18,3,sum,8.385032440537644,5.641240491780239,8.984664125588504,0.0,26.06946459142549,12,12,0,,0.1666075078063319
tfim_h0.5,"TFIM (J=1, h=0.5)",4,3,local_cost_only,Local cost function only,19,3,sum,9.366734849696499,6.153822332828382,10.942277254858785,0.0,36.35661550223282,12,12,0,,0.18048393918530145
tfim_h0.5,"TFIM (J=1, h=0.5)",4,3,local_cost_only,Local cost function only,20,3,sum,4.756312188449276,5.841433138337052,3.8803435859163606,0.0,11.770994704192848,12,12,0,,0.08386368454124545
tfim_h0.5,"TFIM (J=1, h=0.5)",4,3,local_cost_only,Local cost function only,21,3,sum,9.713857207703835,4.022435755311914,12.831930066987933,3.103219029168533e-16,41.616347311410266,12,12,0,,0.1821123910863627
tfim_h0.5,"TFIM (J=1, h=0.5)",4,3,local_cost_only,Local cost function only,22,3,sum,12.443449019158399,1.6730267202465843,28.125157789031746,6.256630226141769e-16,102.83645204611872,12,12,0,,0.1552907613627982
tfim_h0.5,"TFIM (J=1, h=0.5)",4,3,local_cost_only,Local cost function only,23,3,sum,12.620965238155582,2.8623695901041755,15.38206226892094,0.0,48.22194302687412,12,12,0,,0.22394902676201514
tfim_h0.5,"TFIM (J=1, h=0.5)",4,3,local_cost_only,Local cost function only,24,3,sum,8.631587950843915,2.2389427576217447,11.132500064020483,0.0,34.98840294860835,12,12,0,,0.16201959847480693
tfim_h0.5,"TFIM (J=1, h=0.5)",4,3,local_cost_only,Local cost function only,25,3,sum,9.606402804512008,7.754123327342098,9.274579022550002,0.0,30.76905298537226,12,12,0,,0.19603167425915935
tfim_h0.5,"TFIM (J=1, h=0.5)",4,3,local_cost_only,Local cost function only,26,3,sum,13.313509648391323,3.437733177259805,21.54678526853509,0.0,66.19388352961059,12,12,0,,0.20287478498646005
tfim_h0.5,"TFIM (J=1, h=0.5)",4,3,local_cost_only,Local cost function only,27,3,sum,9.045854957169645,6.691964659744772,9.271861562752596,1.4066501725131665e-15,25.028493005989567,12,12,0,,0.18167591926477136
tfim_h0.5,"TFIM (J=1, h=0.5)",4,3,local_cost_only,Local cost function only,28,3,sum,6.76754356333529,2.2686131630313913,9.833429091030268,6.296504447323989e-16,32.81012354788855,12,12,0,,0.1348344757480927
tfim_h0.5,"TFIM (J=1, h=0.5)",4,3,local_cost_only,Local cost function only,29,3,sum,12.765076269398035,1.2906537371325242,20.115663283469342,3.1033141145213703e-16,54.72508482514332,12,12,0,,0.2019523813469728
tfim_h0.5,"TFIM (J=1, h=0.5)",4,3,local_cost_only,Local cost function only,30,3,sum,10.314768916702944,2.9298213276569607,14.37858526490382,0.0,47.79611150097117,12,12,0,,0.18509302291827665
tfim_h0.5,"TFIM (J=1, h=0.5)",4,3,local_cost_only,Local cost function only,31,3,sum,6.9602991693159595,3.2571617367191337,8.298474954415083,0.0,26.20044668154464,12,12,0,,0.1437952150482266
tfim_h0.5,"TFIM (J=1, h=0.5)",4,3,local_cost_only,Local cost function only,32,3,sum,11.286113524077257,1.4787276976923822,16.772244465277254,0.0,55.70903619294517,12,12,0,,0.19528884342936956
tfim_h0.5,"TFIM (J=1, h=0.5)",4,3,local_cost_only,Local cost function only,33,3,sum,10.7717798498352,2.094020129472219,14.880718536346976,0.0,44.35267858426304,12,12,0,,0.19197736192210688
tfim_h0.5,"TFIM (J=1, h=0.5)",4,3,local_cost_only,Local cost function only,34,3,sum,12.024099756416,4.667677918996754,18.07603529097565,0.0,50.91799099897531,12,12,0,,0.19861311279215854
tfim_h0.5,"TFIM (J=1, h=0.5)",4,3,local_cost_only,Local cost function only,35,3,sum,6.541417306672351,0.41985751604936095,9.49490545052073,0.0,26.99317739292345,12,12,0,,0.12831667729451043
tfim_h0.5,"TFIM (J=1, h=0.5)",4,3,local_cost_only,Local cost function only,36,3,sum,6.630701911727692,1.0623101195707068,9.257275732399735,0.0,24.037980540279474,12,12,0,,0.13227619836514146
tfim_h0.5,"TFIM (J=1, h=0.5)",4,3,local_cost_only,Local cost function only,37,3,sum,12.36206061594084,6.157591102144897,18.45851277282465,0.0,67.14939340454677,12,12,0,,0.20264703284550958
tfim_h0.5,"TFIM (J=1, h=0.5)",4,3,local_cost_only,Local cost function only,38,3,sum,14.298667945696076,2.7693062702157856,25.39754133248368,6.39315502233247e-16,79.32370353411315,12,12,0,,0.1976397328376844
tfim_h0.5,"TFIM (J=1, h=0.5)",4,3,local_cost_only,Local cost function only,39,3,sum,7.831822107115893,7.717398581607103,7.265638532557708,0.0,20.7226937328522,12,12,0,,0.15648831058456972
tfim_h0.5,"TFIM (J=1, h=0.5)",4,3,local_cost_only,Local cost function only,40,3,sum,9.616913851835813,1.4512243577695203,14.63418795620336,0.0,51.198195297033344,12,12,0,,0.17358136013848355
tfim_h0.5,"TFIM (J=1, h=0.5)",4,3,local_cost_only,Local cost function only,41,3,sum,16.044234702503406,11.757318836796887,16.519267676874875,9.330727887289286e-16,52.31630310165468,12,12,0,,0.2801180855181561
tfim_h0.5,"TFIM (J=1, h=0.5)",4,3,local_cost_only,Local cost function only,42,3,sum,5.672042857874021,3.6756359972094974,6.477206461143966,0.0,19.38047639398423,12,12,0,,0.11116159590365426
tfim_h0.5,"TFIM (J=1, h=0.5)",4,3,local_cost_only,Local cost function only,43,3,sum,14.18034075730115,0.7176619844402068,27.725697586345163,0.0,95.06050527988927,12,12,0,,0.18376236634410045
tfim_h0.5,"TFIM (J=1, h=0.5)",4,3,local_cost_only,Local cost function only,44,3,sum,8.989455052086823,12.119395071471173,6.919608944343967,0.0,18.83368887131252,12,12,0,,0.1816994938830946
tfim_h0.5,"TFIM (J=1, h=0.5)",4,3,local_cost_only,Local cost function only,45,3,sum,14.757981606356816,6.9537268969364865,20.987052933318537,1.2991700987800112e-15,73.25031983906965,12,12,0,,0.2376347137174404
tfim_h0.5,"TFIM (J=1, h=0.5)",4,3,local_cost_only,Local cost function only,46,3,sum,9.95557092203092,9.26827240618006,10.83733017017894,0.0,36.86128442009952,12,12,0,,0.19779413805835966
tfim_h0.5,"TFIM (J=1, h=0.5)",4,3,local_cost_only,Local cost function only,47,3,sum,8.402572708331496,5.13227585124258,9.065679814394969,0.0,27.765572825283975,12,12,0,,0.15423701571982296
tfim_h0.5,"TFIM (J=1, h=0.5)",4,3,local_cost_only,Local cost function only,48,3,sum,7.6430532293813584,4.861430246784252,9.148376380912394,0.0,24.706237835005215,12,12,0,,0.14627604757563226
tfim_h0.5,"TFIM (J=1, h=0.5)",4,3,local_cost_only,Local cost function only,49,3,sum,10.070440354172241,1.7205084967224988,13.706025450875044,1.283734321624862e-15,43.856360770819386,12,12,0,,0.18637100478059695
tfim_h0.5,"TFIM (J=1, h=0.5)",4,4,residual_only,Residual connections only,0,3,sum,9.042809133791906,5.409978119444167,9.17988948530122,0.7538521177068654,29.148604071168702,15,14,1,alpha_0,1.567733625482216
tfim_h0.5,"TFIM (J=1, h=0.5)",4,4,residual_only,Residual connections only,1,3,sum,12.553665103950554,2.050061763171559,23.553856313740855,0.6129319542030363,81.02493242728647,15,14,1,alpha_0,1.4916667615058044
tfim_h0.5,"TFIM (J=1, h=0.5)",4,4,residual_only,Residual connections only,2,3,sum,4.758816614221135,3.9427163499989395,4.29927754804237,0.471434347689024,17.507496062645618,15,14,1,alpha_0,1.1399779899790956
tfim_h0.5,"TFIM (J=1, h=0.5)",4,4,residual_only,Residual connections only,3,3,sum,10.033967941081638,6.246075516369471,12.257577208967376,0.13861141616281147,41.795495348163094,15,14,1,alpha_0,2.1870210688451124
tfim_h0.5,"TFIM (J=1, h=0.5)",4,4,residual_only,Residual connections only,4,3,sum,12.340397764572781,6.96714057929011,16.130735507020646,0.06739774460978336,63.36459535514793,15,14,1,alpha_0,2.097317627818355
tfim_h0.5,"TFIM (J=1, h=0.5)",4,4,residual_only,Residual connections only,5,3,sum,4.237725320822662,1.8634908474105476,6.35975038047734,0.01820797964996321,25.723034296565935,15,14,1,alpha_0,1.377461008971267
tfim_h0.5,"TFIM (J=1, h=0.5)",4,4,residual_only,Residual connections only,6,3,sum,5.7929642635727365,2.713461136648398,6.25231443791294,0.031907867470083714,20.44707896697513,15,14,1,alpha_0,1.3515231647949257
tfim_h0.5,"TFIM (J=1, h=0.5)",4,4,residual_only,Residual connections only,7,3,sum,8.105608962725512,3.8951608173462082,7.842776713987291,0.19509134380633852,24.421546695870546,15,14,1,alpha_0,1.2884802294981605
tfim_h0.5,"TFIM (J=1, h=0.5)",4,4,residual_only,Residual connections only,8,3,sum,11.951181849510984,8.579267286951907,11.8364985794446,0.1685529267357724,40.12684293803922,15,14,1,alpha_0,2.0785398271677002
tfim_h0.5,"TFIM (J=1, h=0.5)",4,4,residual_only,Residual connections only,9,3,sum,5.584368200731562,3.629401363597589,4.220230003144939,0.8935551562303189,14.435772234512847,15,14,1,alpha_0,1.7107387244230228
tfim_h0.5,"TFIM (J=1, h=0.5)",4,4,residual_only,Residual connections only,10,3,sum,8.550282051686539,4.203657198773914,9.959264535658114,0.4955692054366676,35.73726325090672,15,14,1,alpha_0,1.8417806675326256
tfim_h0.5,"TFIM (J=1, h=0.5)",4,4,residual_only,Residual connections only,11,3,sum,11.425174048677567,9.58492788541361,7.722139638626312,1.6606651195040703,29.545725342386305,15,14,1,alpha_0,1.1056227350361683
tfim_h0.5,"TFIM (J=1, h=0.5)",4,4,residual_only,Residual connections only,12,3,sum,7.311737946800621,5.036682678962249,6.128825397275041,0.20043180388381357,18.701874097033993,15,14,1,alpha_0,1.060922117086253
tfim_h0.5,"TFIM (J=1, h=0.5)",4,4,residual_only,Residual connections only,13,3,sum,9.102196256590043,7.530307765500691,9.738384614939156,0.3723244314138743,35.12957741074219,15,14,1,alpha_0,1.8800987147673924
tfim_h0.5,"TFIM (J=1, h=0.5)",4,4,residual_only,Residual connections only,14,3,sum,6.013881960813117,4.465083763025881,6.189294599152507,0.054149574959913405,19.458376252259324,15,14,1,alpha_0,1.2512431130374915
tfim_h0.5,"TFIM (J=1, h=0.5)",4,4,residual_only,Residual connections only,15,3,sum,4.725945885510859,2.294738736444386,6.688386950611019,0.0008422705176186249,25.653832712930296,15,14,1,alpha_0,1.1054111399340976
tfim_h0.5,"TFIM (J=1, h=0.5)",4,4,residual_only,Residual connections only,16,3,sum,14.26735917131822,5.283590366931719,15.161778626606276,0.22453014309243507,50.588948260644216,15,14,1,alpha_0,3.313646114481747
tfim_h0.5,"TFIM (J=1, h=0.5)",4,4,residual_only,Residual connections only,17,3,sum,6.6414823911179335,3.518621715418943,7.040469895735709,0.00861383773769455,19.246092541353068,15,14,1,alpha_0,1.935597869160655
tfim_h0.5,"TFIM (J=1, h=0.5)",4,4,residual_only,Residual connections only,18,3,sum,9.369465018426835,5.3287574477855095,13.1217889517017,0.13597892517399238,47.91228122497923,15,14,1,alpha_0,2.58449887068886
tfim_h0.5,"TFIM (J=1, h=0.5)",4,4,residual_only,Residual connections only,19,3,sum,9.463093373179635,7.59366772866119,9.289895224251794,0.022164712161254797,28.754201556239266,15,14,1,alpha_0,1.9229187799853418
tfim_h0.5,"TFIM (J=1, h=0.5)",4,4,residual_only,Residual connections only,20,3,sum,8.079294527029191,8.306026451118742,6.080926556035786,0.06799928838421321,18.07691351338253,15,14,1,alpha_0,0.6043344167802487
tfim_h0.5,"TFIM (J=1, h=0.5)",4,4,residual_only,Residual connections only,21,3,sum,5.398706265168742,3.3776490647065405,5.286626024161481,0.01793446324097425,18.49037878257585,15,14,1,alpha_0,1.2625629689862659
tfim_h0.5,"TFIM (J=1, h=0.5)",4,4,residual_only,Residual connections only,22,3,sum,6.419729824902973,2.895045984435804,8.719625205071232,0.043919327626192245,30.967866649602005,15,14,1,alpha_0,0.8315644505204547
tfim_h0.5,"TFIM (J=1, h=0.5)",4,4,residual_only,Residual connections only,23,3,sum,7.740623115248666,5.852545508087544,5.445246843543703,1.1386600339528774,18.285656990258765,15,14,1,alpha_0,1.2707754888044744
tfim_h0.5,"TFIM (J=1, h=0.5)",4,4,residual_only,Residual connections only,24,3,sum,11.005351699753797,8.647200059374407,11.222541086227329,0.25588218133205204,36.61364364061494,15,14,1,alpha_0,2.1448689470605946
tfim_h0.5,"TFIM (J=1, h=0.5)",4,4,residual_only,Residual connections only,25,3,sum,8.933208063318428,3.7004854410781745,13.807385134050772,0.048388860606697996,54.97166691569525,15,14,1,alpha_0,1.5761304837291668
tfim_h0.5,"TFIM (J=1, h=0.5)",4,4,residual_only,Residual connections only,26,3,sum,11.14782873921,7.467598213648905,12.189388254520987,0.6575343761493186,48.93031576282381,15,14,1,alpha_0,1.4672826086973072
tfim_h0.5,"TFIM (J=1, h=0.5)",4,4,residual_only,Residual connections only,27,3,sum,5.089667105463649,2.613602837616871,5.939719855015884,0.14479698891717982,19.896903727741773,15,14,1,alpha_0,1.1814953078790638
tfim_h0.5,"TFIM (J=1, h=0.5)",4,4,residual_only,Residual connections only,28,3,sum,7.557819226232891,4.922096089208614,6.7816239767954025,0.042499371200134986,19.30198202239523,15,14,1,alpha_0,1.7368507221426783
tfim_h0.5,"TFIM (J=1, h=0.5)",4,4,residual_only,Residual connections only,29,3,sum,6.247308375144788,2.910219996092542,6.224166191930548,1.40591535066562,23.734318663106265,15,14,1,alpha_0,1.2109906751805677
tfim_h0.5,"TFIM (J=1, h=0.5)",4,4,residual_only,Residual connections only,30,3,sum,11.352258564147595,7.706703348802238,10.85991051532714,0.037653102859928546,36.01353857476992,15,14,1,alpha_0,1.872908451845261
tfim_h0.5,"TFIM (J=1, h=0.5)",4,4,residual_only,Residual connections only,31,3,sum,9.005965745765218,8.317478407366684,7.642699537215048,0.34916556331237675,31.08307565755861,15,14,1,alpha_0,1.1098110913406203
tfim_h0.5,"TFIM (J=1, h=0.5)",4,4,residual_only,Residual connections only,32,3,sum,6.777809612488383,4.501469540187031,5.255192360776028,0.850052614723743,18.879485996442398,15,14,1,alpha_0,1.6369452824527246
tfim_h0.5,"TFIM (J=1, h=0.5)",4,4,residual_only,Residual connections only,33,3,sum,10.602734230461289,9.656413677624297,7.982541821605349,1.3943869179907928,27.746178611091814,15,14,1,alpha_0,0.9864046493777191
tfim_h0.5,"TFIM (J=1, h=0.5)",4,4,residual_only,Residual connections only,34,3,sum,7.3252978095589,4.009659415331566,8.930296052465971,0.07852517385660389,34.02473357739068,15,14,1,alpha_0,1.144937972016062
tfim_h0.5,"TFIM (J=1, h=0.5)",4,4,residual_only,Residual connections only,35,3,sum,9.656194309115353,6.954550392885463,10.347783631616613,0.4416566671768004,42.46361287259491,15,14,1,alpha_0,1.0048516401919982
tfim_h0.5,"TFIM (J=1, h=0.5)",4,4,residual_only,Residual connections only,36,3,sum,3.744966719654285,1.297168647270878,5.624765919801118,0.05207076370005521,19.255915820448788,15,14,1,alpha_0,1.0907514828783598
tfim_h0.5,"TFIM (J=1, h=0.5)",4,4,residual_only,Residual connections only,37,3,sum,3.781764964454431,2.186362884557217,3.8185152595058907,0.33330340926701385,13.308644013108564,15,14,1,alpha_0,0.9136906336351857
tfim_h0.5,"TFIM (J=1, h=0.5)",4,4,residual_only,Residual connections only,38,3,sum,7.1463459375991265,3.214776700850129,7.324053642359415,0.6110777123121195,21.586379272717174,15,14,1,alpha_0,1.197274560128456
tfim_h0.5,"TFIM (J=1, h=0.5)",4,4,residual_only,Residual connections only,39,3,sum,9.498297965229074,6.28692915712592,8.399816045102806,0.5049597509976372,27.9125308326619,15,14,1,alpha_0,0.9294936692327077
tfim_h0.5,"TFIM (J=1, h=0.5)",4,4,residual_only,Residual connections only,40,3,sum,9.039323326072623,5.196876800577262,10.98416517427398,0.04820968793005769,38.087766662308404,15,14,1,alpha_0,0.6627744415601491
tfim_h0.5,"TFIM (J=1, h=0.5)",4,4,residual_only,Residual connections only,41,3,sum,10.37704200634367,8.220515479617621,9.005175213963147,0.2591281064289936,26.764203980594356,15,14,1,alpha_0,1.659599847880629
tfim_h0.5,"TFIM (J=1, h=0.5)",4,4,residual_only,Residual connections only,42,3,sum,4.005306214206405,2.142957029901675,3.597166933632194,0.6659968774865536,11.60685281547882,15,14,1,alpha_0,1.0693903439856205
tfim_h0.5,"TFIM (J=1, h=0.5)",4,4,residual_only,Residual connections only,43,3,sum,10.18952287877355,7.760901544480031,10.510960296267324,0.05602874074725718,36.182863375834735,15,14,1,alpha_0,1.3229058987703666
tfim_h0.5,"TFIM (J=1, h=0.5)",4,4,residual_only,Residual connections only,44,3,sum,7.929621648166919,3.806628086712119,10.937905541117093,0.1787207997165853,40.14586345963616,15,14,1,alpha_0,2.193778237574057
tfim_h0.5,"TFIM (J=1, h=0.5)",4,4,residual_only,Residual connections only,45,3,sum,11.21551908500641,4.148720865357626,12.916346987659399,0.05992462064979932,43.75679839733122,15,14,1,alpha_0,2.3953268097974387
tfim_h0.5,"TFIM (J=1, h=0.5)",4,4,residual_only,Residual connections only,46,3,sum,12.448290372980116,6.802476411206905,11.391041753852557,1.1973792533538394,38.261570434724355,15,14,1,alpha_0,1.860280520587375
tfim_h0.5,"TFIM (J=1, h=0.5)",4,4,residual_only,Residual connections only,47,3,sum,3.4142184743076904,1.6251728970853618,5.768761982617701,0.12149538759303187,23.44809509498293,15,14,1,alpha_0,1.09814833064577
tfim_h0.5,"TFIM (J=1, h=0.5)",4,4,residual_only,Residual connections only,48,3,sum,5.827104694658692,4.120528200774357,5.509991416773169,0.04455701440230205,14.542339786342053,15,14,1,alpha_0,0.7782060020718807
tfim_h0.5,"TFIM (J=1, h=0.5)",4,4,residual_only,Residual connections only,49,3,sum,6.163684253523322,4.405929813313838,5.44054633435131,0.10543366459758484,18.468981497737275,15,14,1,alpha_0,1.867767215669531
tfim_h0.5,"TFIM (J=1, h=0.5)",4,5,entanglement_local,Entanglement + local cost,0,3,sum,14.869513597299283,2.1879207929834044,24.774673010540397,0.0,84.2026451337647,12,12,0,,0.21188313906570863
tfim_h0.5,"TFIM (J=1, h=0.5)",4,5,entanglement_local,Entanglement + local cost,1,3,sum,3.8874533663932653,0.9276052463549879,5.362955592323548,0.0,13.056141420698488,12,12,0,,0.07709985715305417
tfim_h0.5,"TFIM (J=1, h=0.5)",4,5,entanglement_local,Entanglement + local cost,2,3,sum,6.4698058886014875,1.5395644361696066,14.697570615159837,0.0,54.53476126388359,12,12,0,,0.10346678537276773
tfim_h0.5,"TFIM (J=1, h=0.5)",4,5,entanglement_local,Entanglement + local cost,3,3,sum,8.13107188879725,1.2755883492851876,10.626715734466854,0.0,28.32736512523722,12,12,0,,0.15700330302327345
tfim_h0.5,"TFIM (J=1, h=0.5)",4,5,entanglement_local,Entanglement + local cost,4,3,sum,15.096717113339379,0.24841055694936184,24.320004241141785,0.0,65.28294981645267,12,12,0,,0.2143304463883334
tfim_h0.5,"TFIM (J=1, h=0.5)",4,5,entanglement_local,Entanglement + local cost,5,3,sum,9.327302747538843,0.09398134904794743,16.070518735659952,0.0,55.11804856600653,12,12,0,,0.15567161030882423
tfim_h0.5,"TFIM (J=1, h=0.5)",4,5,entanglement_local,Entanglement + local cost,6,3,sum,12.167590290908016,2.686573307830473,14.99268498772892,0.0,35.74138306146072,12,12,0,,0.2178334337018439
tfim_h0.5,"TFIM (J=1, h=0.5)",4,5,entanglement_local,Entanglement + local cost,7,3,sum,3.879558693911744,0.04975860956629575,7.21666096908805,0.0,25.504875701949505,12,12,0,,0.077398513677381
tfim_h0.5,"TFIM (J=1, h=0.5)",4,5,entanglement_local,Entanglement + local cost,8,3,sum,8.350219894005631,0.6881888571245729,13.869996037965688,0.0,39.81445892190044,12,12,0,,0.15112581180764842
tfim_h0.5,"TFIM (J=1, h=0.5)",4,5,entanglement_local,Entanglement + local cost,9,3,sum,10.997006572403512,0.7554628065471194,17.48912001115511,3.3902178540943562e-15,45.29894480371071,12,12,0,,0.1797651081053273
tfim_h0.5,"TFIM (J=1, h=0.5)",4,5,entanglement_local,Entanglement + local cost,10,3,sum,11.04749120435379,1.5237795673377938,18.942970805265052,0.0,53.70210226685602,12,12,0,,0.1680356005831601
tfim_h0.5,"TFIM (J=1, h=0.5)",4,5,entanglement_local,Entanglement + local cost,11,3,sum,9.376657803265788,3.3811156153652586,11.524197130714716,0.0,32.730540907916534,12,12,0,,0.181810716662675
tfim_h0.5,"TFIM (J=1, h=0.5)",4,5,entanglement_local,Entanglement + local cost,12,3,sum,6.874433323915105,0.5976678398899805,11.762955467925712,0.0,38.610565259135655,12,12,0,,0.12915349589512382
tfim_h0.5,"TFIM (J=1, h=0.5)",4,5,entanglement_local,Entanglement + local cost,13,3,sum,14.753472566166119,1.7776109387591263,24.48534449210998,0.0,82.84940759341292,12,12,0,,0.21477917575871885
tfim_h0.5,"TFIM (J=1, h=0.5)",4,5,entanglement_local,Entanglement + local cost,14,3,sum,6.491904334576199,1.078957706179314,9.30926419435246,0.0,25.27987915627916,12,12,0,,0.12425854536477528
tfim_h0.5,"TFIM (J=1, h=0.5)",4,5,entanglement_local,Entanglement + local cost,15,3,sum,9.710629715532619,1.4052863201206887,13.939731462191537,0.0,44.971408187504906,12,12,0,,0.16922877431075467
tfim_h0.5,"TFIM (J=1, h=0.5)",4,5,entanglement_local,Entanglement + local cost,16,3,sum,12.144426081474087,4.9676470216028195,15.469279806521438,0.0,53.605213831331234,12,12,0,,0.21857732204357064
tfim_h0.5,"TFIM (J=1, h=0.5)",4,5,entanglement_local,Entanglement + local cost,17,3,sum,3.8576994609962374,0.05256991335767246,7.35189874819008,0.0,21.147242932958704,12,12,0,,0.0697290102184787
tfim_h0.5,"TFIM (J=1, h=0.5)",4,5,entanglement_local,Entanglement + local cost,18,3,sum,12.66393415584929,9.39237189688529,13.314446318482627,0.0,38.944986823560136,12,12,0,,0.23337253365048324
tfim_h0.5,"TFIM (J=1, h=0.5)",4,5,entanglement_local,Entanglement + local cost,19,3,sum,14.764058573937499,4.642434760439264,22.73314010238087,0.0,71.52943419034038,12,12,0,,0.2228669177900778
tfim_h0.5,"TFIM (J=1, h=0.5)",4,5,entanglement_local,Entanglement + local cost,20,3,sum,9.643121948805595,2.2048836414924295,20.600277511872147,6.230491756219954e-16,75.77167221755775,12,12,0,,0.1430804495779174
tfim_h0.5,"TFIM (J=1, h=0.5)",4,5,entanglement_local,Entanglement + local cost,21,3,sum,8.663411898698753,11.500556801261101,7.622362301345092,3.1129674093485317e-16,19.026817752060477,12,12,0,,0.18194601408802183
tfim_h0.5,"TFIM (J=1, h=0.5)",4,5,entanglement_local,Entanglement + local cost,22,3,sum,23.721335589826975,1.2357006629882272,42.37710462880527,0.0,134.09209834010247,12,12,0,,0.23948932307120677
tfim_h0.5,"TFIM (J=1, h=0.5)",4,5,entanglement_local,Entanglement + local cost,23,3,sum,9.703873742462575,1.2540752425232675,13.738744488993543,0.0,41.17570131190184,12,12,0,,0.1709756202031202
tfim_h0.5,"TFIM (J=1, h=0.5)",4,5,entanglement_local,Entanglement + local cost,24,3,sum,6.561317552222904,4.294176025839414,7.554459291148966,0.0,23.779358083634087,12,12,0,,0.13512545677615487
tfim_h0.5,"TFIM (J=1, h=0.5)",4,5,entanglement_local,Entanglement + local cost,25,3,sum,7.588307661304067,5.09651372130542,8.457980021453558,0.0,26.527857841163687,12,12,0,,0.1574009534045296
tfim_h0.5,"TFIM (J=1, h=0.5)",4,5,entanglement_local,Entanglement + local cost,26,3,sum,16.025019280796762,1.3271051940463332,19.797908000027697,6.292605668463358e-16,51.64521955614011,12,12,0,,0.26443629554916254
tfim_h0.5,"TFIM (J=1, h=0.5)",4,5,entanglement_local,Entanglement + local cost,27,3,sum,3.379448469320637,0.6485500653274765,5.521687710150548,0.0,18.056917770118496,12,12,0,,0.06716631261195044
tfim_h0.5,"TFIM (J=1, h=0.5)",4,5,entanglement_local,Entanglement + local cost,28,3,sum,8.056011024919366,5.00629643245699,9.204851644411013,0.0,24.5096628952867,12,12,0,,0.16505323347060433
tfim_h0.5,"TFIM (J=1, h=0.5)",4,5,entanglement_local,Entanglement + local cost,29,3,sum,14.65670838334133,1.0068533399779858,30.532659225115612,6.281016861629315e-16,111.54029938516298,12,12,0,,0.18520919340711106
tfim_h0.5,"TFIM (J=1, h=0.5)",4,5,entanglement_local,Entanglement + local cost,30,3,sum,10.603312239688085,1.4255906259957913,18.756203691129514,0.0,67.40216973862599,12,12,0,,0.17227434069209083
tfim_h0.5,"TFIM (J=1, h=0.5)",4,5,entanglement_local,Entanglement + local cost,31,3,sum,9.89571083236905,5.480968133476319,11.629694721211596,6.211100040392071e-16,37.6823753453817,12,12,0,,0.1931604056626187
tfim_h0.5,"TFIM (J=1, h=0.5)",4,5,entanglement_local,Entanglement + local cost,32,3,sum,5.983925950880093,1.8197738156812626,12.099232129458239,0.0,44.80513419812716,12,12,0,,0.10608475827290154
tfim_h0.5,"TFIM (J=1, h=0.5)",4,5,entanglement_local,Entanglement + local cost,33,3,sum,31.213345463273566,1.0961838862226803,56.81267275018868,0.0,178.400917887529,12,12,0,,0.2493769269490531
tfim_h0.5,"TFIM (J=1, h=0.5)",4,5,entanglement_local,Entanglement + local cost,34,3,sum,19.766026886757988,2.2981542714143894,33.79295020316588,0.0,92.10126024292207,12,12,0,,0.22855490657847657
tfim_h0.5,"TFIM (J=1, h=0.5)",4,5,entanglement_local,Entanglement + local cost,35,3,sum,6.264182264714157,2.2097734890562473,11.19902050364109,1.380674106866976e-15,41.34239348679641,12,12,0,,0.11630006306400602
tfim_h0.5,"TFIM (J=1, h=0.5)",4,5,entanglement_local,Entanglement + local cost,36,3,sum,7.473741476211657,5.437652434859908,8.0226013526886,0.0,22.582117890203367,12,12,0,,0.15471178447558362
tfim_h0.5,"TFIM (J=1, h=0.5)",4,5,entanglement_local,Entanglement + local cost,37,3,sum,11.29418490899677,7.574616485997742,11.963226314929514,0.0,35.887151041192,12,12,0,,0.21777223451049488
tfim_h0.5,"TFIM (J=1, h=0.5)",4,5,entanglement_local,Entanglement + local cost,38,3,sum,35.89379345889623,0.7187349809477541,72.75225044222086,0.0,205.58565441337055,12,12,0,,0.22030279118129878
tfim_h0.5,"TFIM (J=1, h=0.5)",4,5,entanglement_local,Entanglement + local cost,39,3,sum,8.23864256666181,3.582421334284228,10.091614756831975,0.0,25.316692032432645,12,12,0,,0.16472678278701014
tfim_h0.5,"TFIM (J=1, h=0.5)",4,5,entanglement_local,Entanglement + local cost,40,3,sum,9.372951186256486,2.628267713464116,14.588185757599982,6.309317429500181e-16,52.62039291927387,12,12,0,,0.16908471136298867
tfim_h0.5,"TFIM (J=1, h=0.5)",4,5,entanglement_local,Entanglement + local cost,41,3,sum,17.688654573720974,4.770891674004048,22.591688287121123,0.0,58.2023889221218,12,12,0,,0.2633038577105459
tfim_h0.5,"TFIM (J=1, h=0.5)",4,5,entanglement_local,Entanglement + local cost,42,3,sum,10.142981699546441,0.6438153344004327,23.386196374537402,0.0,85.95779226368276,12,12,0,,0.1380070093303713
tfim_h0.5,"TFIM (J=1, h=0.5)",4,5,entanglement_local,Entanglement + local cost,43,3,sum,22.106768707915762,0.34808388710126714,53.02665781510819,0.0,193.59409028538562,12,12,0,,0.1912290424220647
tfim_h0.5,"TFIM (J=1, h=0.5)",4,5,entanglement_local,Entanglement + local cost,44,3,sum,3.6874599189740156,2.1909018455214464,4.130347082451571,0.0,11.726614851979509,12,12,0,,0.06428370694811857
tfim_h0.5,"TFIM (J=1, h=0.5)",4,5,entanglement_local,Entanglement + local cost,45,3,sum,13.220113556889807,3.9209085614768986,18.497604413588626,0.0,54.663998240941915,12,12,0,,0.22273183709443456
tfim_h0.5,"TFIM (J=1, h=0.5)",4,5,entanglement_local,Entanglement + local cost,46,3,sum,9.300766838141492,8.641214140028135,9.040613333141444,0.0,26.11679473438715,12,12,0,,0.19162357605635025
tfim_h0.5,"TFIM (J=1, h=0.5)",4,5,entanglement_local,Entanglement + local cost,47,3,sum,7.233133804187354,1.099689699401774,12.236201481750362,0.0,38.39347858874307,12,12,0,,0.13199014880010146
tfim_h0.5,"TFIM (J=1, h=0.5)",4,5,entanglement_local,Entanglement + local cost,48,3,sum,10.294626426206168,3.103401763538688,15.904718472299761,0.0,47.0830787916359,12,12,0,,0.1798332994044802
tfim_h0.5,"TFIM (J=1, h=0.5)",4,5,entanglement_local,Entanglement + local cost,49,3,sum,5.4281607998217405,3.260282194533131,6.951167056079684,0.0,24.246466605052937,12,12,0,,0.10792191273463643
tfim_h0.5,"TFIM (J=1, h=0.5)",4,6,entanglement_residual,Entanglement + residual,0,3,sum,10.913409989457053,5.380061087148029,10.937536341510548,0.7025570854793232,32.851823669804425,15,14,1,alpha_0,1.4620766676214094
tfim_h0.5,"TFIM (J=1, h=0.5)",4,6,entanglement_residual,Entanglement + residual,1,3,sum,10.038694363305497,4.379128328201207,12.05067229816438,2.2062824481435745,47.51811590885196,15,14,1,alpha_0,1.3641597602721194
tfim_h0.5,"TFIM (J=1, h=0.5)",4,6,entanglement_residual,Entanglement + residual,2,3,sum,10.537778813889263,3.5428974776331335,15.997729978852826,0.18974731826901828,50.87035887147404,15,14,1,alpha_0,1.602485547491458
tfim_h0.5,"TFIM (J=1, h=0.5)",4,6,entanglement_residual,Entanglement + residual,3,3,sum,9.799779548300872,6.440169939219016,8.148313914526268,0.5157907478965139,25.17412843062459,15,14,1,alpha_0,2.123080247424267
tfim_h0.5,"TFIM (J=1, h=0.5)",4,6,entanglement_residual,Entanglement + residual,4,3,sum,18.828242601984897,12.68914298895999,21.532321703040143,0.14543698053394763,80.95202315556172,15,14,1,alpha_0,3.326713176009898
tfim_h0.5,"TFIM (J=1, h=0.5)",4,6,entanglement_residual,Entanglement + residual,5,3,sum,13.07102025291753,6.103102033100114,13.68015627670238,0.28102777014094593,43.80125022397984,15,14,1,alpha_0,3.5155999451806283
tfim_h0.5,"TFIM (J=1, h=0.5)",4,6,entanglement_residual,Entanglement + residual,6,3,sum,9.553324273544709,5.590330231369233,9.882634465707378,1.0000716673023793,32.58447585442715,15,14,1,alpha_0,1.9276571321181757
tfim_h0.5,"TFIM (J=1, h=0.5)",4,6,entanglement_residual,Entanglement + residual,7,3,sum,7.970063205882712,6.364004217235662,7.322380687037129,0.3553002526917558,24.725715698023237,15,14,1,alpha_0,1.2698950753712217
tfim_h0.5,"TFIM (J=1, h=0.5)",4,6,entanglement_residual,Entanglement + residual,8,3,sum,8.449251884020912,5.89195862799175,7.022001266041446,0.8026548749866038,24.88054285758736,15,14,1,alpha_0,1.436519724098493
tfim_h0.5,"TFIM (J=1, h=0.5)",4,6,entanglement_residual,Entanglement + residual,9,3,sum,12.611007723930399,11.40444613868229,8.551345948095701,0.7625493064530844,25.121020035407845,15,14,1,alpha_0,3.3484753795398916
tfim_h0.5,"TFIM (J=1, h=0.5)",4,6,entanglement_residual,Entanglement + residual,10,3,sum,8.94985788079992,3.327208159163934,11.969038662387328,0.23116607399032818,37.81234903734907,15,14,1,alpha_0,1.6606502877184441
tfim_h0.5,"TFIM (J=1, h=0.5)",4,6,entanglement_residual,Entanglement + residual,11,3,sum,12.850508802463114,9.787923903248615,10.34550767311154,2.3234362103258106,37.8362860068458,15,14,1,alpha_0,1.0801732385528098
tfim_h0.5,"TFIM (J=1, h=0.5)",4,6,entanglement_residual,Entanglement + residual,12,3,sum,11.136065055622286,5.241155586621504,11.892221712115488,0.7119311774295414,43.27166873045435,15,14,1,alpha_0,1.5321249624944353
tfim_h0.5,"TFIM (J=1, h=0.5)",4,6,entanglement_residual,Entanglement + residual,13,3,sum,10.058274782093394,5.1459821894618525,10.260151936815433,0.2890692089671736,34.35704097180636,15,14,1,alpha_0,2.1055247696136576
tfim_h0.5,"TFIM (J=1, h=0.5)",4,6,entanglement_residual,Entanglement + residual,14,3,sum,7.389880406853043,3.385059394831701,9.730294258090996,0.11948183173637,36.00511384398224,15,14,1,alpha_0,1.4665268967571248
tfim_h0.5,"TFIM (J=1, h=0.5)",4,6,entanglement_residual,Entanglement + residual,15,3,sum,11.258043270966828,2.239163123788268,13.876541221070111,0.7260954914732113,38.64867196600388,15,14,1,alpha_0,1.9524136941327528
tfim_h0.5,"TFIM (J=1, h=0.5)",4,6,entanglement_residual,Entanglement + residual,16,3,sum,17.401179501003735,13.257345500626528,15.752636408171822,0.4797593233161978,46.86963195130386,15,14,1,alpha_0,3.65936741074662
tfim_h0.5,"TFIM (J=1, h=0.5)",4,6,entanglement_residual,Entanglement + residual,17,3,sum,7.382952082851747,4.317062723810538,6.6785405381654765,0.5704702845871392,23.37216760382691,15,14,1,alpha_0,1.7652192537945308
tfim_h0.5,"TFIM (J=1, h=0.5)",4,6,entanglement_residual,Entanglement + residual,18,3,sum,10.093786877514244,5.795736242677241,9.705112635265898,0.44262002342732976,28.832006452194022,15,14,1,alpha_0,2.401811020505425
tfim_h0.5,"TFIM (J=1, h=0.5)",4,6,entanglement_residual,Entanglement + residual,19,3,sum,10.656974700341104,7.28362852487024,10.024571720792204,1.1944289175288187,38.431714004550464,15,14,1,alpha_0,2.009298457032143
tfim_h0.5,"TFIM (J=1, h=0.5)",4,6,entanglement_residual,Entanglement + residual,20,3,sum,10.75176398312666,5.529624645565059,10.739229147921876,0.03152372879568183,38.05785467135404,15,14,1,alpha_0,0.6978608850826101
tfim_h0.5,"TFIM (J=1, h=0.5)",4,6,entanglement_residual,Entanglement + residual,21,3,sum,12.295476162815122,7.776440610207212,13.522684205577148,0.06043262016143068,49.2741578590973,15,14,1,alpha_0,2.6218854231264834
tfim_h0.5,"TFIM (J=1, h=0.5)",4,6,entanglement_residual,Entanglement + residual,22,3,sum,10.784751028915252,6.382253714367102,8.39973986983873,0.7092480117299402,27.54498342542116,15,14,1,alpha_0,1.154432155191841
tfim_h0.5,"TFIM (J=1, h=0.5)",4,6,entanglement_residual,Entanglement + residual,23,3,sum,9.738183259638935,6.715549211195976,8.191759377218133,0.6728974113001035,26.91400948106804,15,14,1,alpha_0,1.3820162459305727
tfim_h0.5,"TFIM (J=1, h=0.5)",4,6,entanglement_residual,Entanglement + residual,24,3,sum,8.276092223015281,8.578287563614765,6.967065897891145,0.10886380738414626,25.241973804342933,15,14,1,alpha_0,1.5129148485927193
tfim_h0.5,"TFIM (J=1, h=0.5)",4,6,entanglement_residual,Entanglement + residual,25,3,sum,10.121453699305968,5.544088707348842,14.085014370596184,0.2427729877759988,54.35640858547802,15,14,1,alpha_0,1.67282402585347
tfim_h0.5,"TFIM (J=1, h=0.5)",4,6,entanglement_residual,Entanglement + residual,26,3,sum,13.013000615218848,8.525683571112605,11.583504425201701,4.109171700107626,40.638988729110274,15,14,1,alpha_0,1.5869036572403805
tfim_h0.5,"TFIM (J=1, h=0.5)",4,6,entanglement_residual,Entanglement + residual,27,3,sum,6.8236171345648104,3.613517792082325,6.629891580165102,1.455178603154716,23.21307708986055,15,14,1,alpha_0,1.660326631290556
tfim_h0.5,"TFIM (J=1, h=0.5)",4,6,entanglement_residual,Entanglement + residual,28,3,sum,10.978621581551112,9.106866683305755,10.540943160466353,1.0319978840380963,38.75177057498429,15,14,1,alpha_0,2.2914488456825466
tfim_h0.5,"TFIM (J=1, h=0.5)",4,6,entanglement_residual,Entanglement + residual,29,3,sum,12.246333249294414,8.566886493965736,11.963890873708063,1.509232824362823,47.404486530372395,15,14,1,alpha_0,1.653445323669093
tfim_h0.5,"TFIM (J=1, h=0.5)",4,6,entanglement_residual,Entanglement + residual,30,3,sum,12.205904235992884,7.775696996003417,10.562236289803465,1.9848242751669853,34.872019267865255,15,14,1,alpha_0,1.9841991010339035
tfim_h0.5,"TFIM (J=1, h=0.5)",4,6,entanglement_residual,Entanglement + residual,31,3,sum,11.237649208997366,7.91485318455368,9.121474793879091,1.1822379002728651,32.28063331343092,15,14,1,alpha_0,1.369909155104755
tfim_h0.5,"TFIM (J=1, h=0.5)",4,6,entanglement_residual,Entanglement + residual,32,3,sum,4.134136157457361,3.145166909169024,2.8730332360476374,0.8072001117772974,11.067038405118234,15,14,1,alpha_0,1.0666679956055243
tfim_h0.5,"TFIM (J=1, h=0.5)",4,6,entanglement_residual,Entanglement + residual,33,3,sum,10.763268439893531,5.661799863637015,11.488673105664686,1.9931112738903458,47.136543559575586,15,14,1,alpha_0,0.9011411793823295
tfim_h0.5,"TFIM (J=1, h=0.5)",4,6,entanglement_residual,Entanglement + residual,34,3,sum,13.003146994938618,6.395424554816552,12.50958697080659,1.6548331708130957,35.66633723779674,15,14,1,alpha_0,1.912301977672833
tfim_h0.5,"TFIM (J=1, h=0.5)",4,6,entanglement_residual,Entanglement + residual,35,3,sum,7.0827922382431225,4.051655364911797,10.109369002909501,0.6423537798109075,40.82746003518353,15,14,1,alpha_0,0.7045576397475803
tfim_h0.5,"TFIM (J=1, h=0.5)",4,6,entanglement_residual,Entanglement + residual,36,3,sum,5.173230937649895,3.3271058601534413,5.113416494310773,0.7120607227400649,20.385374684968088,15,14,1,alpha_0,1.251632086060036
tfim_h0.5,"TFIM (J=1, h=0.5)",4,6,entanglement_residual,Entanglement + residual,37,3,sum,11.181820042670441,4.384475097740091,12.913980700366137,1.1544637059949976,43.199669848762206,15,14,1,alpha_0,1.9648940482301713
tfim_h0.5,"TFIM (J=1, h=0.5)",4,6,entanglement_residual,Entanglement + residual,38,3,sum,11.270784171488355,4.686732659768554,14.134003552802142,0.14133991589293726,52.95830858836842,15,14,1,alpha_0,1.7307959188304276
tfim_h0.5,"TFIM (J=1, h=0.5)",4,6,entanglement_residual,Entanglement + residual,39,3,sum,12.546587431039189,9.06320814744172,11.786891574721047,0.21657186039582824,39.38386492295126,15,14,1,alpha_0,1.098871303380823
tfim_h0.5,"TFIM (J=1, h=0.5)",4,6,entanglement_residual,Entanglement + residual,40,3,sum,10.692907581813904,10.76062957441668,9.867331528106785,0.09132647747090908,35.47914303774208,15,14,1,alpha_0,0.6681668168580096
tfim_h0.5,"TFIM (J=1, h=0.5)",4,6,entanglement_residual,Entanglement + residual,41,3,sum,9.17785211100419,6.564306382587674,10.064618289705786,0.0775499594845797,42.192302903481064,15,14,1,alpha_0,1.2883390821323537
tfim_h0.5,"TFIM (J=1, h=0.5)",4,6,entanglement_residual,Entanglement + residual,42,3,sum,6.657339117996362,5.712911389771504,5.336453913047188,0.24510593232134245,16.29600671709908,15,14,1,alpha_0,1.4292884684170382
tfim_h0.5,"TFIM (J=1, h=0.5)",4,6,entanglement_residual,Entanglement + residual,43,3,sum,9.645705874505408,7.8389520662212355,9.516911042322088,0.02226126336964909,38.53554051753694,15,14,1,alpha_0,1.2270377232042369
tfim_h0.5,"TFIM (J=1, h=0.5)",4,6,entanglement_residual,Entanglement + residual,44,3,sum,14.76113319640552,14.919172823595321,10.019063386424564,0.17283113910073164,33.84534652463932,15,14,1,alpha_0,3.311225208450181
tfim_h0.5,"TFIM (J=1, h=0.5)",4,6,entanglement_residual,Entanglement + residual,45,3,sum,13.583372864762868,4.029447833880782,20.864164691402717,0.4010605406099691,67.84467804848722,15,14,1,alpha_0,2.948292295790424
tfim_h0.5,"TFIM (J=1, h=0.5)",4,6,entanglement_residual,Entanglement + residual,46,3,sum,12.44739824984874,5.549690179362944,10.906455218512734,0.962634416697233,29.681995979919336,15,14,1,alpha_0,2.023215120483068
tfim_h0.5,"TFIM (J=1, h=0.5)",4,6,entanglement_residual,Entanglement + residual,47,3,sum,13.584621491968589,9.104720640188068,13.354370252249627,0.6300742643963424,44.1884926443056,15,14,1,alpha_0,2.483677570722213
tfim_h0.5,"TFIM (J=1, h=0.5)",4,6,entanglement_residual,Entanglement + residual,48,3,sum,11.14784750203595,8.326123527054808,9.046920650084532,1.1489257361637852,32.61966239317024,15,14,1,alpha_0,1.1603848709258249
tfim_h0.5,"TFIM (J=1, h=0.5)",4,6,entanglement_residual,Entanglement + residual,49,3,sum,10.56653378506741,9.730043490489788,8.33552109534495,0.01932497687538916,27.94494906495889,15,14,1,alpha_0,2.7126979643234064
tfim_h0.5,"TFIM (J=1, h=0.5)",4,7,combined,Combined (A+B+C),0,3,sum,12.374879740007332,8.030171212197661,12.504253737837315,0.0,37.885737874087724,15,14,1,alpha_0,1.6517673045096275
tfim_h0.5,"TFIM (J=1, h=0.5)",4,7,combined,Combined (A+B+C),1,3,sum,10.823111299181893,6.741976532688991,15.091798589964812,0.0,59.584694225548105,15,14,1,alpha_0,1.416964037131113
tfim_h0.5,"TFIM (J=1, h=0.5)",4,7,combined,Combined (A+B+C),2,3,sum,10.854073762726724,4.954352548888208,16.306810613307846,0.0,53.199044411343614,15,14,1,alpha_0,1.6393042503659232
tfim_h0.5,"TFIM (J=1, h=0.5)",4,7,combined,Combined (A+B+C),3,3,sum,8.582193907300434,5.752725646267,8.281064083800274,0.0,25.76345218356837,15,14,1,alpha_0,1.8378750774456813
tfim_h0.5,"TFIM (J=1, h=0.5)",4,7,combined,Combined (A+B+C),4,3,sum,17.184742861953726,14.393966404333838,21.34062141876046,0.0,80.95202315556172,15,14,1,alpha_0,2.9237841578286186
tfim_h0.5,"TFIM (J=1, h=0.5)",4,7,combined,Combined (A+B+C),5,3,sum,13.315239165644309,7.4482335945365445,13.785286422689895,0.0,41.52398980197535,15,14,1,alpha_0,3.5785087022617272
tfim_h0.5,"TFIM (J=1, h=0.5)",4,7,combined,Combined (A+B+C),6,3,sum,10.152621608400787,4.954398652958898,12.537259682332126,0.0,41.880685118966504,15,14,1,alpha_0,2.0043344073788867
tfim_h0.5,"TFIM (J=1, h=0.5)",4,7,combined,Combined (A+B+C),7,3,sum,7.252053764154821,5.824396390682916,7.128910553428167,0.0,19.322091952801916,15,14,1,alpha_0,1.1420121001578805
tfim_h0.5,"TFIM (J=1, h=0.5)",4,7,combined,Combined (A+B+C),8,3,sum,6.860842246083812,5.24745521940887,7.622793537790265,0.0,24.88054285758736,15,14,1,alpha_0,1.136517577271413
tfim_h0.5,"TFIM (J=1, h=0.5)",4,7,combined,Combined (A+B+C),9,3,sum,11.833202286848328,13.30798665920808,8.797026574195622,0.0,27.441907457839466,15,14,1,alpha_0,3.116189398441209
tfim_h0.5,"TFIM (J=1, h=0.5)",4,7,combined,Combined (A+B+C),10,3,sum,9.451405695699366,3.9548951296932477,13.065570035469575,0.0,37.81234903734907,15,14,1,alpha_0,1.7293305224142492
tfim_h0.5,"TFIM (J=1, h=0.5)",4,7,combined,Combined (A+B+C),11,3,sum,9.936373009467916,7.512226795240872,10.49692112767741,0.0,37.8362860068458,15,14,1,alpha_0,0.8215420649971483
tfim_h0.5,"TFIM (J=1, h=0.5)",4,7,combined,Combined (A+B+C),12,3,sum,10.19278405532869,4.757606258522131,14.7269664034355,0.0,58.44675202673307,15,14,1,alpha_0,1.3538966989183523
tfim_h0.5,"TFIM (J=1, h=0.5)",4,7,combined,Combined (A+B+C),13,3,sum,11.007314045017702,6.894935796021816,11.523480763486484,0.0,39.64908435020651,15,14,1,alpha_0,2.27543109490856
tfim_h0.5,"TFIM (J=1, h=0.5)",4,7,combined,Combined (A+B+C),14,3,sum,6.571012496238549,1.892851313467458,10.771318996701886,0.0,41.46838637006017,15,14,1,alpha_0,1.2830534206138005
tfim_h0.5,"TFIM (J=1, h=0.5)",4,7,combined,Combined (A+B+C),15,3,sum,11.57065889992371,2.5919896332411456,15.807558735160619,0.0,45.662432765320034,15,14,1,alpha_0,1.9789592025102059
tfim_h0.5,"TFIM (J=1, h=0.5)",4,7,combined,Combined (A+B+C),16,3,sum,16.832857699043263,12.983070097485466,15.618567655254862,0.0,46.86963195130386,15,14,1,alpha_0,3.508732757814129
tfim_h0.5,"TFIM (J=1, h=0.5)",4,7,combined,Combined (A+B+C),17,3,sum,6.605502794362242,3.9689418249434434,6.823760961624495,0.0,20.272100866867525,15,14,1,alpha_0,1.5682198611633593
tfim_h0.5,"TFIM (J=1, h=0.5)",4,7,combined,Combined (A+B+C),18,3,sum,10.408074921873476,6.375471174089332,10.804559244504912,0.0,31.051618774567043,15,14,1,alpha_0,2.459880902908074
tfim_h0.5,"TFIM (J=1, h=0.5)",4,7,combined,Combined (A+B+C),19,3,sum,9.909617953675873,6.198412261436108,11.127468359014715,0.0,38.431714004550464,15,14,1,alpha_0,1.822557129221694
tfim_h0.5,"TFIM (J=1, h=0.5)",4,7,combined,Combined (A+B+C),20,3,sum,3.1415714845791345,2.807718070880871,3.0922406799965882,0.0,10.135177588502899,15,14,1,alpha_0,0.37163483016521376
tfim_h0.5,"TFIM (J=1, h=0.5)",4,7,combined,Combined (A+B+C),21,3,sum,11.371983741565652,7.776440610207212,13.088607077063742,0.0,48.416486308075505,15,14,1,alpha_0,2.4077178252737457
tfim_h0.5,"TFIM (J=1, h=0.5)",4,7,combined,Combined (A+B+C),22,3,sum,6.9371635300978,8.272675794470938,6.181143432021112,0.0,18.673563832289332,15,14,1,alpha_0,0.7874048043378904
tfim_h0.5,"TFIM (J=1, h=0.5)",4,7,combined,Combined (A+B+C),23,3,sum,6.347539915280303,2.371775003462888,8.040806695710863,0.0,25.062468836103736,15,14,1,alpha_0,0.9395358887903655
tfim_h0.5,"TFIM (J=1, h=0.5)",4,7,combined,Combined (A+B+C),24,3,sum,7.138990659143405,7.620344013847071,6.746223060319877,0.0,25.241973804342933,15,14,1,alpha_0,1.3028012060228373
tfim_h0.5,"TFIM (J=1, h=0.5)",4,7,combined,Combined (A+B+C),25,3,sum,8.938757707727232,2.564385304492717,13.702509108240022,0.0,50.1361991075141,15,14,1,alpha_0,1.4235902279340185
tfim_h0.5,"TFIM (J=1, h=0.5)",4,7,combined,Combined (A+B+C),26,3,sum,9.10730438047545,6.41268684198792,10.325431747999902,0.0,36.411714749201586,15,14,1,alpha_0,1.1141671909259556
tfim_h0.5,"TFIM (J=1, h=0.5)",4,7,combined,Combined (A+B+C),27,3,sum,4.980999398981133,2.0610999420610483,6.51093739243504,0.0,21.791135521429702,15,14,1,alpha_0,1.2460022462061464
tfim_h0.5,"TFIM (J=1, h=0.5)",4,7,combined,Combined (A+B+C),28,3,sum,10.419900223104886,9.2734215422274,10.247174139421325,0.0,33.80777127764918,15,14,1,alpha_0,2.1423734205071088
tfim_h0.5,"TFIM (J=1, h=0.5)",4,7,combined,Combined (A+B+C),29,3,sum,11.65231172908584,6.937043904507243,12.53074787538688,0.0,47.404486530372395,15,14,1,alpha_0,1.5207217269123219
tfim_h0.5,"TFIM (J=1, h=0.5)",4,7,combined,Combined (A+B+C),30,3,sum,7.39240060022266,2.97262527683085,9.732499678327088,0.0,29.399065881657787,15,14,1,alpha_0,1.2443182072069756
tfim_h0.5,"TFIM (J=1, h=0.5)",4,7,combined,Combined (A+B+C),31,3,sum,9.38455962737903,5.70857205320325,9.029806406782535,0.0,32.28063331343092,15,14,1,alpha_0,1.1348657180623227
tfim_h0.5,"TFIM (J=1, h=0.5)",4,7,combined,Combined (A+B+C),32,3,sum,3.0229707080491695,1.8909633501725838,3.020900838025926,0.0,8.669203390362574,15,14,1,alpha_0,0.8200548539450295
tfim_h0.5,"TFIM (J=1, h=0.5)",4,7,combined,Combined (A+B+C),33,3,sum,9.791449963953083,7.182968846413289,10.239120643812651,0.0,32.63130136819267,15,14,1,alpha_0,0.8196901974074232
tfim_h0.5,"TFIM (J=1, h=0.5)",4,7,combined,Combined (A+B+C),34,3,sum,12.27647058788275,6.087727331873273,12.452347185070218,0.0,35.66633723779674,15,14,1,alpha_0,1.7373226178913077
tfim_h0.5,"TFIM (J=1, h=0.5)",4,7,combined,Combined (A+B+C),35,3,sum,6.71013890169277,2.1549142620758834,10.937633049057615,0.0,40.82746003518353,15,14,1,alpha_0,0.6575040252159553
tfim_h0.5,"TFIM (J=1, h=0.5)",4,7,combined,Combined (A+B+C),36,3,sum,4.130678037551169,2.8919768691035412,4.601440854370344,0.0,17.45977347649316,15,14,1,alpha_0,1.014166472129927
tfim_h0.5,"TFIM (J=1, h=0.5)",4,7,combined,Combined (A+B+C),37,3,sum,11.029983819430424,6.011564205601861,13.874623065871184,0.0,49.062898227879465,15,14,1,alpha_0,1.8998944483250984
tfim_h0.5,"TFIM (J=1, h=0.5)",4,7,combined,Combined (A+B+C),38,3,sum,10.92929060725335,6.855761087270595,12.24088844202661,0.0,45.16692496600867,15,14,1,alpha_0,1.6637397933857965
tfim_h0.5,"TFIM (J=1, h=0.5)",4,7,combined,Combined (A+B+C),39,3,sum,5.264175296366764,3.905403719350639,4.743530369021459,0.0,15.292849866088327,15,14,1,alpha_0,0.569545411146208
tfim_h0.5,"TFIM (J=1, h=0.5)",4,7,combined,Combined (A+B+C),40,3,sum,11.08894865185421,6.416796170865,12.708079722458937,0.0,39.657949025729735,15,14,1,alpha_0,0.5750302535018091
tfim_h0.5,"TFIM (J=1, h=0.5)",4,7,combined,Combined (A+B+C),41,3,sum,8.933735968278121,5.065983836443043,10.81078781399242,0.0,42.192302903481064,15,14,1,alpha_0,1.2328449066519886
tfim_h0.5,"TFIM (J=1, h=0.5)",4,7,combined,Combined (A+B+C),42,3,sum,5.141883001904749,4.359753245552776,4.971988470184936,0.0,14.359439361811507,15,14,1,alpha_0,1.1228987511120336
tfim_h0.5,"TFIM (J=1, h=0.5)",4,7,combined,Combined (A+B+C),43,3,sum,7.22559665655134,6.642954394484511,5.886866836375277,0.0,19.613698676025926,15,14,1,alpha_0,0.9451456191609393
tfim_h0.5,"TFIM (J=1, h=0.5)",4,7,combined,Combined (A+B+C),44,3,sum,13.151897679802216,13.209125847628844,10.44897882634432,0.0,34.16443244709646,15,14,1,alpha_0,2.8950858182962604
tfim_h0.5,"TFIM (J=1, h=0.5)",4,7,combined,Combined (A+B+C),45,3,sum,12.092071959770712,3.72215398679987,18.209087156316837,0.0,58.67721356476516,15,14,1,alpha_0,2.625340317489153
tfim_h0.5,"TFIM (J=1, h=0.5)",4,7,combined,Combined (A+B+C),46,3,sum,11.119962863024552,9.669032166976223,9.731401772986649,0.0,29.07896355360854,15,14,1,alpha_0,1.7879555991108969
tfim_h0.5,"TFIM (J=1, h=0.5)",4,7,combined,Combined (A+B+C),47,3,sum,12.964581627820028,7.417738085130197,14.813783069266048,0.0,48.61413096283248,15,14,1,alpha_0,2.3030434670018973
tfim_h0.5,"TFIM (J=1, h=0.5)",4,7,combined,Combined (A+B+C),48,3,sum,11.338827665032609,9.45890103741385,10.951584941459135,0.0,40.766473999576505,15,14,1,alpha_0,1.1261130337536296
tfim_h0.5,"TFIM (J=1, h=0.5)",4,7,combined,Combined (A+B+C),49,3,sum,10.441114648224856,10.60733244558726,8.419496252119625,0.0,25.789172918268903,15,14,1,alpha_0,2.6576468782142686
tfim_h0.5,"TFIM (J=1, h=0.5)",10,1,baseline,Baseline (HEA),0,3,sum,4.030111173953364,4.038999751953252,2.9147308274110455,0.05029778312880037,10.698135744614012,30,30,0,,0.2864351350991478
tfim_h0.5,"TFIM (J=1, h=0.5)",10,1,baseline,Baseline (HEA),1,3,sum,3.9628092313079053,3.4311323780181215,3.6296568059607033,0.0976248230283808,17.168815066440498,30,30,0,,0.2751184187212852
tfim_h0.5,"TFIM (J=1, h=0.5)",10,1,baseline,Baseline (HEA),2,3,sum,4.056700888523207,3.7673543331604926,2.6637733100688146,0.318921254565335,9.628365943532254,30,30,0,,0.29149395011505175
tfim_h0.5,"TFIM (J=1, h=0.5)",10,1,baseline,Baseline (HEA),3,3,sum,5.627696474283585,3.478051290975146,5.633050140311723,0.06430800125482253,20.109990679665295,30,30,0,,0.4004569158863977
tfim_h0.5,"TFIM (J=1, h=0.5)",10,1,baseline,Baseline (HEA),4,3,sum,4.8737015999983395,3.5667192375333525,3.5985918009182485,0.5676540070123208,11.997116940131875,30,30,0,,0.31393544315756
tfim_h0.5,"TFIM (J=1, h=0.5)",10,1,baseline,Baseline (HEA),5,3,sum,4.4044331629977105,2.9961941682957374,4.282424268934074,0.04454561258520735,14.654359846273502,30,30,0,,0.29413274098571424
tfim_h0.5,"TFIM (J=1, h=0.5)",10,1,baseline,Baseline (HEA),6,3,sum,5.5175207847752175,4.8721156496488,3.0360947724566145,0.91541560025204,11.550435746763666,30,30,0,,0.36152498679505907
tfim_h0.5,"TFIM (J=1, h=0.5)",10,1,baseline,Baseline (HEA),7,3,sum,4.52739670134005,4.072223495341128,3.346691559119066,0.033921355012474654,12.650213756610574,30,30,0,,0.27589769154074245
tfim_h0.5,"TFIM (J=1, h=0.5)",10,1,baseline,Baseline (HEA),8,3,sum,5.518358275637831,4.219169337669612,4.412478888816573,0.2768442373347851,14.753660214393717,30,30,0,,0.405095013627217
tfim_h0.5,"TFIM (J=1, h=0.5)",10,1,baseline,Baseline (HEA),9,3,sum,5.959230701344645,5.498305235671955,4.553310879827535,0.17130464988656852,17.589703698122975,30,30,0,,0.38431523714146615
tfim_h0.5,"TFIM (J=1, h=0.5)",10,1,baseline,Baseline (HEA),10,3,sum,4.797828009900021,4.3389150910863545,3.615635554682412,0.20617074433924165,11.327581196135927,30,30,0,,0.37085481308072593
tfim_h0.5,"TFIM (J=1, h=0.5)",10,1,baseline,Baseline (HEA),11,3,sum,5.933888684075455,4.599604177873571,4.147084141355012,0.5081454351274856,15.651229492696636,30,30,0,,0.381492915826774
tfim_h0.5,"TFIM (J=1, h=0.5)",10,1,baseline,Baseline (HEA),12,3,sum,5.919701563918101,5.461652488111426,2.849384593089115,0.7488470933029627,12.386041633586313,30,30,0,,0.3657272465242591
tfim_h0.5,"TFIM (J=1, h=0.5)",10,1,baseline,Baseline (HEA),13,3,sum,4.626076552817129,4.185455328065287,3.250581155770859,0.018044793941855736,14.128965113093898,30,30,0,,0.39472234423490626
tfim_h0.5,"TFIM (J=1, h=0.5)",10,1,baseline,Baseline (HEA),14,3,sum,4.930974122595406,4.243368830071589,4.127507142904454,0.3478459380632611,20.703509832765263,30,30,0,,0.34851253369734636
tfim_h0.5,"TFIM (J=1, h=0.5)",10,1,baseline,Baseline (HEA),15,3,sum,5.095382728863644,4.413194959859856,3.8510978914974547,0.4167691823132773,17.849600984379887,30,30,0,,0.33179265889146675
tfim_h0.5,"TFIM (J=1, h=0.5)",10,1,baseline,Baseline (HEA),16,3,sum,4.637280663021016,4.572042038317205,3.3826104704945554,0.10709006339239509,13.379733376393348,30,30,0,,0.324952286664916
tfim_h0.5,"TFIM (J=1, h=0.5)",10,1,baseline,Baseline (HEA),17,3,sum,4.183579593712328,2.722117418814026,3.6703917895531455,0.3759445517617524,13.667116084204313,30,30,0,,0.26914129247286755
tfim_h0.5,"TFIM (J=1, h=0.5)",10,1,baseline,Baseline (HEA),18,3,sum,4.655084380731602,4.344171991449228,2.900312528639592,0.07346785015730835,13.083682968657278,30,30,0,,0.3026924910926475
tfim_h0.5,"TFIM (J=1, h=0.5)",10,1,baseline,Baseline (HEA),19,3,sum,5.164316390395561,4.260347444460679,3.769934252135864,0.38377438268591557,14.531332688738589,30,30,0,,0.357088894253901
tfim_h0.5,"TFIM (J=1, h=0.5)",10,1,baseline,Baseline (HEA),20,3,sum,4.418278369694898,3.9905920213100607,3.374504866076269,0.08492659338357145,13.806549131544083,30,30,0,,0.3056971139928378
tfim_h0.5,"TFIM (J=1, h=0.5)",10,1,baseline,Baseline (HEA),21,3,sum,5.3422834023089,3.4171782471961376,4.539284612362866,0.2032787096449449,17.032681647650247,30,30,0,,0.3548303769382758
tfim_h0.5,"TFIM (J=1, h=0.5)",10,1,baseline,Baseline (HEA),22,3,sum,4.5639929663737835,3.788623066108161,4.394609850874376,0.1522562641945652,13.784923586624604,30,30,0,,0.30661487242843644
tfim_h0.5,"TFIM (J=1, h=0.5)",10,1,baseline,Baseline (HEA),23,3,sum,4.497343119026122,3.560600431512875,3.9038998649120447,0.19492948934548962,15.95329948234226,30,30,0,,0.3335055031998609
tfim_h0.5,"TFIM (J=1, h=0.5)",10,1,baseline,Baseline (HEA),24,3,sum,3.9501789757354207,4.0589196697985725,3.111600317075713,0.1189429341603471,9.946505217910975,30,30,0,,0.2826639455245927
tfim_h0.5,"TFIM (J=1, h=0.5)",10,1,baseline,Baseline (HEA),25,3,sum,5.843950189741839,4.4638044025289085,3.517644602023461,0.46082317997205363,14.378319549755801,30,30,0,,0.4146632809523122
tfim_h0.5,"TFIM (J=1, h=0.5)",10,1,baseline,Baseline (HEA),26,3,sum,4.371648198109615,2.364931484794348,5.137600106031111,0.019984377687797154,17.844875240522178,30,30,0,,0.2841414485574503
tfim_h0.5,"TFIM (J=1, h=0.5)",10,1,baseline,Baseline (HEA),27,3,sum,6.3005560383837995,5.238741649010481,4.558809269560909,0.4841232545625814,23.405998000634998,30,30,0,,0.4314831875198048
tfim_h0.5,"TFIM (J=1, h=0.5)",10,1,baseline,Baseline (HEA),28,3,sum,5.154985714523298,3.232541633542689,4.134291202376674,0.1723803609064107,12.559192603322773,30,30,0,,0.4135826971108371
tfim_h0.5,"TFIM (J=1, h=0.5)",10,1,baseline,Baseline (HEA),29,3,sum,5.815774516381162,5.071677722565449,4.067556579849334,0.10731747340766046,15.919836283162775,30,30,0,,0.40939504349585537
tfim_h0.5,"TFIM (J=1, h=0.5)",10,1,baseline,Baseline (HEA),30,3,sum,4.140769191184568,2.479861335170493,3.726344172391182,0.08096883137755621,12.09262449423825,30,30,0,,0.3223512174209124
tfim_h0.5,"TFIM (J=1, h=0.5)",10,1,baseline,Baseline (HEA),31,3,sum,5.134509747474801,4.484063916427441,3.8768892465211593,0.06634080862105571,17.09629587682002,30,30,0,,0.37693907890045714
tfim_h0.5,"TFIM (J=1, h=0.5)",10,1,baseline,Baseline (HEA),32,3,sum,4.613889764156997,3.2940212346364572,3.847263171200207,0.3000050433475257,16.456841710536807,30,30,0,,0.3278208639685154
tfim_h0.5,"TFIM (J=1, h=0.5)",10,1,baseline,Baseline (HEA),33,3,sum,4.841936438636796,3.215373145373272,5.013164574021757,0.07766906827765808,24.855861651706995,30,30,0,,0.4047563211931161
tfim_h0.5,"TFIM (J=1, h=0.5)",10,1,baseline,Baseline (HEA),34,3,sum,6.114449432060263,5.775467219559491,3.9460242231673357,0.3175078630323511,15.686786039842161,30,30,0,,0.3547429041745826
tfim_h0.5,"TFIM (J=1, h=0.5)",10,1,baseline,Baseline (HEA),35,3,sum,4.217439805582125,2.3568786990954846,3.8932862347800796,0.2624438209169246,15.38522877105902,30,30,0,,0.2889964908495275
tfim_h0.5,"TFIM (J=1, h=0.5)",10,1,baseline,Baseline (HEA),36,3,sum,5.10416555028492,4.498361357568172,3.9756736887100694,0.23458941260370086,16.71241520846513,30,30,0,,0.3944991728301455
tfim_h0.5,"TFIM (J=1, h=0.5)",10,1,baseline,Baseline (HEA),37,3,sum,5.463834146722059,5.1020099251275735,3.844709001001368,0.17984104009540516,16.317415625696054,30,30,0,,0.33742217200138575
tfim_h0.5,"TFIM (J=1, h=0.5)",10,1,baseline,Baseline (HEA),38,3,sum,5.215418935759187,4.3435823763805175,4.358343656483205,0.22434119702014862,14.21329274049172,30,30,0,,0.33295043538369584
tfim_h0.5,"TFIM (J=1, h=0.5)",10,1,baseline,Baseline (HEA),39,3,sum,5.636863339065767,3.8426272014169767,5.0081561392383325,0.033960590420994,20.082828278460294,30,30,0,,0.38774697209919723
tfim_h0.5,"TFIM (J=1, h=0.5)",10,1,baseline,Baseline (HEA),40,3,sum,5.361319851590573,3.627599527735919,4.828840165700655,0.1733451251383128,17.497849647412227,30,30,0,,0.35525170520638366
tfim_h0.5,"TFIM (J=1, h=0.5)",10,1,baseline,Baseline (HEA),41,3,sum,5.873755895011985,5.038938613232068,4.347960910975509,1.1780546651084716,19.394766023926653,30,30,0,,0.4071182258033865
tfim_h0.5,"TFIM (J=1, h=0.5)",10,1,baseline,Baseline (HEA),42,3,sum,5.109489841884966,4.9521860157317,3.0432523340882094,0.4350606431383049,11.1584406246673,30,30,0,,0.2940428295612972
tfim_h0.5,"TFIM (J=1, h=0.5)",10,1,baseline,Baseline (HEA),43,3,sum,5.706028887249966,3.3331151682957136,5.740885764875373,0.03427282326384163,22.889151853265382,30,30,0,,0.4236322187459702
tfim_h0.5,"TFIM (J=1, h=0.5)",10,1,baseline,Baseline (HEA),44,3,sum,6.50352594624193,5.2678956452997125,5.576174053875465,0.16214695485005506,22.996372146235704,30,30,0,,0.4477611142090474
tfim_h0.5,"TFIM (J=1, h=0.5)",10,1,baseline,Baseline (HEA),45,3,sum,5.957363285233574,5.409684177936109,3.4475438440893744,0.19476683167197306,13.715163193166282,30,30,0,,0.4529930245431052
tfim_h0.5,"TFIM (J=1, h=0.5)",10,1,baseline,Baseline (HEA),46,3,sum,4.692478878314838,3.5205198484254208,4.8945845898065,0.07173389631792558,20.785234789818936,30,30,0,,0.2829680371581951
tfim_h0.5,"TFIM (J=1, h=0.5)",10,1,baseline,Baseline (HEA),47,3,sum,5.246450279519465,3.0587170188386494,6.30684355796874,0.18689782592085669,26.297704906020765,30,30,0,,0.39227456589343634
tfim_h0.5,"TFIM (J=1, h=0.5)",10,1,baseline,Baseline (HEA),48,3,sum,6.321761705218426,5.690608832929081,4.967159420511898,0.12528689697028997,17.406236774414868,30,30,0,,0.4107273001119694
tfim_h0.5,"TFIM (J=1, h=0.5)",10,1,baseline,Baseline (HEA),49,3,sum,4.478394039785815,3.9174916585086526,3.136865892827777,0.046655662703165755,10.535270027398731,30,30,0,,0.29074450000353486
tfim_h0.5,"TFIM (J=1, h=0.5)",10,2,entanglement_only,Constrained entanglement only,0,3,sum,7.78729997343751,6.0722576012819545,5.750595547952835,0.03362405254906944,23.142004916646986,30,30,0,,0.515326801970952
tfim_h0.5,"TFIM (J=1, h=0.5)",10,2,entanglement_only,Constrained entanglement only,1,3,sum,6.782491582711446,5.311390803154642,4.8349841121592325,0.3251744901606799,17.018174176033483,30,30,0,,0.43839053589226123
tfim_h0.5,"TFIM (J=1, h=0.5)",10,2,entanglement_only,Constrained entanglement only,2,3,sum,6.833366347749967,5.691015658955564,5.113414608882915,0.12793413096351566,20.0585707492665,30,30,0,,0.47111196439422226
tfim_h0.5,"TFIM (J=1, h=0.5)",10,2,entanglement_only,Constrained entanglement only,3,3,sum,6.7293398468670285,4.935505927772064,5.172869965818495,0.9230900207720699,17.71467744414228,30,30,0,,0.4358364235367291
tfim_h0.5,"TFIM (J=1, h=0.5)",10,2,entanglement_only,Constrained entanglement only,4,3,sum,7.152451682667197,6.054924919519252,5.090460783104595,0.2845079723003379,18.548652672203158,30,30,0,,0.45276419098667
tfim_h0.5,"TFIM (J=1, h=0.5)",10,2,entanglement_only,Constrained entanglement only,5,3,sum,6.621496970672524,5.420092349808089,5.544199036315204,0.05529263034766979,21.75390819730594,30,30,0,,0.399420475887731
tfim_h0.5,"TFIM (J=1, h=0.5)",10,2,entanglement_only,Constrained entanglement only,6,3,sum,7.378797675250993,5.3429635319214475,6.3123980060017795,0.07524132553818987,26.207374363118277,30,30,0,,0.42869409628876
tfim_h0.5,"TFIM (J=1, h=0.5)",10,2,entanglement_only,Constrained entanglement only,7,3,sum,7.289615623732723,4.991850579521839,5.777325557825999,0.34431931945116306,18.764636905205723,30,30,0,,0.5260589910945849
tfim_h0.5,"TFIM (J=1, h=0.5)",10,2,entanglement_only,Constrained entanglement only,8,3,sum,7.270664377686634,6.079268463450159,5.066189760164461,0.1519706748668407,20.252659693103503,30,30,0,,0.5068895092813624
tfim_h0.5,"TFIM (J=1, h=0.5)",10,2,entanglement_only,Constrained entanglement only,9,3,sum,8.710182198160648,8.915795422724663,6.323914212169691,0.23307517206873196,23.068533693173336,30,30,0,,0.618552831811095
tfim_h0.5,"TFIM (J=1, h=0.5)",10,2,entanglement_only,Constrained entanglement only,10,3,sum,7.400223518279074,6.557941235266359,5.564249016978255,0.06953594931068777,19.07146540325263,30,30,0,,0.4458516918384831
tfim_h0.5,"TFIM (J=1, h=0.5)",10,2,entanglement_only,Constrained entanglement only,11,3,sum,7.458802150463035,5.023632703714636,7.085607935501029,0.30802234113228005,29.009355571434938,30,30,0,,0.500750389734056
tfim_h0.5,"TFIM (J=1, h=0.5)",10,2,entanglement_only,Constrained entanglement only,12,3,sum,8.86613250217053,7.282507693331459,5.863590223233801,1.1408004275396726,22.558199644482585,30,30,0,,0.5920761768285163
tfim_h0.5,"TFIM (J=1, h=0.5)",10,2,entanglement_only,Constrained entanglement only,13,3,sum,7.194029832179477,5.693477442459125,5.7170973826640425,0.4439612782965194,22.34859758595101,30,30,0,,0.4726536985001271
tfim_h0.5,"TFIM (J=1, h=0.5)",10,2,entanglement_only,Constrained entanglement only,14,3,sum,7.6375787368790755,6.66809442959368,4.8177396504612675,0.9571460372550253,17.595596002287465,30,30,0,,0.5828182774931868
tfim_h0.5,"TFIM (J=1, h=0.5)",10,2,entanglement_only,Constrained entanglement only,15,3,sum,7.3586890058277765,6.9157465280511365,5.060546988092421,0.10344024541390179,17.168894654595793,30,30,0,,0.4699099944906028
tfim_h0.5,"TFIM (J=1, h=0.5)",10,2,entanglement_only,Constrained entanglement only,16,3,sum,7.948370393816194,7.33291011856194,4.859502704508941,0.5513325690044928,21.91206257695523,30,30,0,,0.4493253783974814
tfim_h0.5,"TFIM (J=1, h=0.5)",10,2,entanglement_only,Constrained entanglement only,17,3,sum,7.053428009553727,6.8626404679130335,3.656531500807368,1.1376795174152723,15.057931175783319,30,30,0,,0.5378596254398506
tfim_h0.5,"TFIM (J=1, h=0.5)",10,2,entanglement_only,Constrained entanglement only,18,3,sum,6.28132846672357,4.288268297708383,5.318004329109259,0.2324251163336147,22.403319095052314,30,30,0,,0.3742077146231742
tfim_h0.5,"TFIM (J=1, h=0.5)",10,2,entanglement_only,Constrained entanglement only,19,3,sum,7.312785012831502,6.500389700144856,5.070660891312567,2.3976320215599025,26.883189776587486,30,30,0,,0.5056131570663783
tfim_h0.5,"TFIM (J=1, h=0.5)",10,2,entanglement_only,Constrained entanglement only,20,3,sum,5.557400264598232,4.376352114154422,4.808749007795717,0.4005077432516013,20.092949033233037,30,30,0,,0.3693987073056183
tfim_h0.5,"TFIM (J=1, h=0.5)",10,2,entanglement_only,Constrained entanglement only,21,3,sum,8.064178756234051,6.70301523573589,6.756020563287905,0.3474599400977907,27.08189659688071,30,30,0,,0.5163067609188317
tfim_h0.5,"TFIM (J=1, h=0.5)",10,2,entanglement_only,Constrained entanglement only,22,3,sum,7.8710560854898635,5.097957686903285,7.941712099118372,1.1158909294404558,33.34607909718414,30,30,0,,0.5309788595914892
tfim_h0.5,"TFIM (J=1, h=0.5)",10,2,entanglement_only,Constrained entanglement only,23,3,sum,7.715777767040615,7.697813085659027,5.125623706559193,0.15030052004551156,18.13547566215544,30,30,0,,0.5117597189001064
tfim_h0.5,"TFIM (J=1, h=0.5)",10,2,entanglement_only,Constrained entanglement only,24,3,sum,6.960249205879209,6.441845693434692,5.139513879238768,0.6983923595935314,21.319379283854975,30,30,0,,0.4264100137741825
tfim_h0.5,"TFIM (J=1, h=0.5)",10,2,entanglement_only,Constrained entanglement only,25,3,sum,6.399961935374672,6.412596899884841,4.245299518114414,0.34161952062652273,16.581607898508423,30,30,0,,0.35825553434536245
tfim_h0.5,"TFIM (J=1, h=0.5)",10,2,entanglement_only,Constrained entanglement only,26,3,sum,7.4515337144867795,7.264705706261338,6.172789198624768,0.2673830493945432,29.23268825241637,30,30,0,,0.528226736339064
tfim_h0.5,"TFIM (J=1, h=0.5)",10,2,entanglement_only,Constrained entanglement only,27,3,sum,8.008111057028612,6.431516504500477,4.9213419316909235,0.174127055015693,16.32846840129418,30,30,0,,0.5068882437590189
tfim_h0.5,"TFIM (J=1, h=0.5)",10,2,entanglement_only,Constrained entanglement only,28,3,sum,6.414134355073909,5.147265983602122,5.944686621570981,0.03966912325785696,30.801045477962102,30,30,0,,0.47670991016409364
tfim_h0.5,"TFIM (J=1, h=0.5)",10,2,entanglement_only,Constrained entanglement only,29,3,sum,7.256991652187585,6.074751958584143,4.037031668421533,0.8078559617802297,17.746937345225213,30,30,0,,0.45220334173215637
tfim_h0.5,"TFIM (J=1, h=0.5)",10,2,entanglement_only,Constrained entanglement only,30,3,sum,5.916248516213105,4.546298406808161,4.070390157448454,0.2527771716290043,18.395866708421533,30,30,0,,0.3869935551162046
tfim_h0.5,"TFIM (J=1, h=0.5)",10,2,entanglement_only,Constrained entanglement only,31,3,sum,6.90366246648218,4.461798200671784,6.815319506991242,0.049469287575824236,23.4628733724851,30,30,0,,0.4746418023093323
tfim_h0.5,"TFIM (J=1, h=0.5)",10,2,entanglement_only,Constrained entanglement only,32,3,sum,6.520930578519365,6.277693872690578,4.231071633751993,0.3524111928048383,14.6719072330445,30,30,0,,0.4800902121388317
tfim_h0.5,"TFIM (J=1, h=0.5)",10,2,entanglement_only,Constrained entanglement only,33,3,sum,6.4185158198753784,4.388510962064026,5.600922238599556,0.20634002859614228,25.19506185801741,30,30,0,,0.4777199168307714
tfim_h0.5,"TFIM (J=1, h=0.5)",10,2,entanglement_only,Constrained entanglement only,34,3,sum,8.540941670926667,9.15956988205918,4.931824775385834,0.1525971814515491,18.908718987906497,30,30,0,,0.5611894772137568
tfim_h0.5,"TFIM (J=1, h=0.5)",10,2,entanglement_only,Constrained entanglement only,35,3,sum,5.93327675049557,4.147831850142947,5.026922017329768,0.793108670894166,23.761214753520562,30,30,0,,0.3775481618637903
tfim_h0.5,"TFIM (J=1, h=0.5)",10,2,entanglement_only,Constrained entanglement only,36,3,sum,7.30112539067304,6.8811676896198595,4.36214542389733,0.08592267415235318,17.637508948178297,30,30,0,,0.5115476257644203
tfim_h0.5,"TFIM (J=1, h=0.5)",10,2,entanglement_only,Constrained entanglement only,37,3,sum,6.280628828965136,6.174356838515728,4.790951271148567,0.018083584411504722,18.090292312426172,30,30,0,,0.3690701982936226
tfim_h0.5,"TFIM (J=1, h=0.5)",10,2,entanglement_only,Constrained entanglement only,38,3,sum,7.230767259136933,6.439730016751865,4.600900652676901,1.2607227609660117,16.21321588721787,30,30,0,,0.4782735281492357
tfim_h0.5,"TFIM (J=1, h=0.5)",10,2,entanglement_only,Constrained entanglement only,39,3,sum,10.117477439750441,9.29337034161367,7.812329333323146,0.10689358324944098,31.367465671806176,30,30,0,,0.5913959850888298
tfim_h0.5,"TFIM (J=1, h=0.5)",10,2,entanglement_only,Constrained entanglement only,40,3,sum,8.933554488046811,7.149267337557804,6.142584665848538,0.2029683858413128,19.67020319864122,30,30,0,,0.609475406111931
tfim_h0.5,"TFIM (J=1, h=0.5)",10,2,entanglement_only,Constrained entanglement only,41,3,sum,8.14344010201335,6.024676318581742,6.903454520535711,0.033787359126138124,25.505225451612585,30,30,0,,0.6155760411510548
tfim_h0.5,"TFIM (J=1, h=0.5)",10,2,entanglement_only,Constrained entanglement only,42,3,sum,6.171928833494872,5.408755989355063,4.8535677787778,0.06006241381337888,21.088185408807227,30,30,0,,0.39259692139354563
tfim_h0.5,"TFIM (J=1, h=0.5)",10,2,entanglement_only,Constrained entanglement only,43,3,sum,7.962558796342194,6.112565322787223,6.278119259414832,0.46051952700522736,23.41988648615591,30,30,0,,0.534420461287733
tfim_h0.5,"TFIM (J=1, h=0.5)",10,2,entanglement_only,Constrained entanglement only,44,3,sum,5.482171585305875,3.5248594734324357,4.816288330314324,0.021821260753963685,15.97995007939769,30,30,0,,0.3948713216474093
tfim_h0.5,"TFIM (J=1, h=0.5)",10,2,entanglement_only,Constrained entanglement only,45,3,sum,7.581084665582116,5.707731475631316,5.1432696992376945,1.820330807281072,19.66582829821867,30,30,0,,0.5501266800875865
tfim_h0.5,"TFIM (J=1, h=0.5)",10,2,entanglement_only,Constrained entanglement only,46,3,sum,8.84505827669406,8.832888012225968,5.983437604678786,0.6902485111963733,20.44945559710429,30,30,0,,0.6437230675934428
tfim_h0.5,"TFIM (J=1, h=0.5)",10,2,entanglement_only,Constrained entanglement only,47,3,sum,7.452860039498109,5.54140342816426,5.755351418109534,0.9822925352566708,17.78141431494754,30,30,0,,0.42523083427629865
tfim_h0.5,"TFIM (J=1, h=0.5)",10,2,entanglement_only,Constrained entanglement only,48,3,sum,7.849944397092404,6.947889131972198,4.953974027931876,1.1957717863241373,18.21349816859724,30,30,0,,0.524104236607006
tfim_h0.5,"TFIM (J=1, h=0.5)",10,2,entanglement_only,Constrained entanglement only,49,3,sum,5.520076758830729,2.0511865419040727,6.245076733221565,0.34107017316164173,26.27978459652882,30,30,0,,0.36520750770950905
tfim_h0.5,"TFIM (J=1, h=0.5)",10,3,local_cost_only,Local cost function only,0,3,sum,2.8652113372839634,1.8662893089716302e-15,8.901845313368478,0.0,44.38629366053867,30,30,0,,0.05247045616259655
tfim_h0.5,"TFIM (J=1, h=0.5)",10,3,local_cost_only,Local cost function only,1,3,sum,2.1440577162813153,2.331777625353548e-15,4.655045974153049,1.5545184169023653e-16,21.143484888393232,30,30,0,,0.0457917707240412
tfim_h0.5,"TFIM (J=1, h=0.5)",10,3,local_cost_only,Local cost function only,2,3,sum,3.758803777072358,2.871112541845734e-15,9.718663820364757,0.0,36.68335767510971,30,30,0,,0.06864720826963416
tfim_h0.5,"TFIM (J=1, h=0.5)",10,3,local_cost_only,Local cost function only,3,3,sum,6.114598644419701,1.8685807330619024e-15,19.234965746885035,0.0,93.62198905899564,30,30,0,,0.08062556045328503
tfim_h0.5,"TFIM (J=1, h=0.5)",10,3,local_cost_only,Local cost function only,4,3,sum,2.0498499017962204,3.799887934550522e-15,5.688963950247631,0.0,28.519553809605476,30,30,0,,0.039488630122291736
tfim_h0.5,"TFIM (J=1, h=0.5)",10,3,local_cost_only,Local cost function only,5,3,sum,6.646496073130598,1.305438618351416e-15,24.840714834500865,0.0,123.38196978599638,30,30,0,,0.06508713558926174
tfim_h0.5,"TFIM (J=1, h=0.5)",10,3,local_cost_only,Local cost function only,6,3,sum,3.7691845791320797,6.3436354965866595e-15,7.360725188158109,0.0,27.23850745586888,30,30,0,,0.07362013270412267
tfim_h0.5,"TFIM (J=1, h=0.5)",10,3,local_cost_only,Local cost function only,7,3,sum,6.075776730316407,1.8938744616435784e-15,15.7619990922055,0.0,78.09594476624673,30,30,0,,0.09589833899460341
tfim_h0.5,"TFIM (J=1, h=0.5)",10,3,local_cost_only,Local cost function only,8,3,sum,3.8336140269587893,3.2589239708807934e-15,9.02798086245472,0.0,27.66857770303577,30,30,0,,0.07069323685672053
tfim_h0.5,"TFIM (J=1, h=0.5)",10,3,local_cost_only,Local cost function only,9,3,sum,2.2266130243097333,1.111116446387128e-14,4.005366212801342,0.0,12.983310722346076,30,30,0,,0.043105717768550766
tfim_h0.5,"TFIM (J=1, h=0.5)",10,3,local_cost_only,Local cost function only,10,3,sum,4.329078360868446,2.5979371858920765e-15,8.00054887967583,0.0,25.186818585573903,30,30,0,,0.08752989822152576
tfim_h0.5,"TFIM (J=1, h=0.5)",10,3,local_cost_only,Local cost function only,11,3,sum,3.388428173444013,1.253757781084302e-15,10.574253531941476,0.0,46.738058862391206,30,30,0,,0.05827558407241776
tfim_h0.5,"TFIM (J=1, h=0.5)",10,3,local_cost_only,Local cost function only,12,3,sum,2.975096670750822,4.241654651847436e-15,6.535278756437042,0.0,26.732383153712743,30,30,0,,0.053276207955477
tfim_h0.5,"TFIM (J=1, h=0.5)",10,3,local_cost_only,Local cost function only,13,3,sum,6.346307209015197,1.2871610013338666e-15,13.367183856427648,0.0,50.07415201762791,30,30,0,,0.10926682530638931
tfim_h0.5,"TFIM (J=1, h=0.5)",10,3,local_cost_only,Local cost function only,14,3,sum,4.08162928637655,1.7869021653841022e-15,7.926987916734219,0.0,30.650815370613092,30,30,0,,0.0815081718425485
tfim_h0.5,"TFIM (J=1, h=0.5)",10,3,local_cost_only,Local cost function only,15,3,sum,3.765622844482373,2.8386302489273236e-15,7.654083885022338,0.0,30.257155718917506,30,30,0,,0.07428600274355084
tfim_h0.5,"TFIM (J=1, h=0.5)",10,3,local_cost_only,Local cost function only,16,3,sum,2.5383958505240747,6.1443842672376125e-15,5.71296385751475,0.0,26.083927018592064,30,30,0,,0.048843528964420076
tfim_h0.5,"TFIM (J=1, h=0.5)",10,3,local_cost_only,Local cost function only,17,3,sum,2.5481057415703323,1.2629873638902992e-15,6.270004476826862,0.0,26.76347728734468,30,30,0,,0.05198684284467631
tfim_h0.5,"TFIM (J=1, h=0.5)",10,3,local_cost_only,Local cost function only,18,3,sum,4.6072535126851255,4.277297948868753e-15,9.806750957100405,0.0,43.11501354768906,30,30,0,,0.08735379578742615
tfim_h0.5,"TFIM (J=1, h=0.5)",10,3,local_cost_only,Local cost function only,19,3,sum,2.6538158027958976,7.841714392937956e-15,6.370374598551353,0.0,30.79313828821053,30,30,0,,0.05179626552741845
tfim_h0.5,"TFIM (J=1, h=0.5)",10,3,local_cost_only,Local cost function only,20,3,sum,1.5541122170352966,9.348453862848436e-15,3.690898540091935,0.0,15.846691947105125,30,30,0,,0.029880732445789784
tfim_h0.5,"TFIM (J=1, h=0.5)",10,3,local_cost_only,Local cost function only,21,3,sum,3.481262433709013,2.7317669302712147e-15,7.13776685554076,0.0,25.072735995190808,30,30,0,,0.06998233993729362
tfim_h0.5,"TFIM (J=1, h=0.5)",10,3,local_cost_only,Local cost function only,22,3,sum,1.4823304408256346,6.779679557857436e-15,4.321047026969591,0.0,23.27565411931031,30,30,0,,0.028954764687039815
tfim_h0.5,"TFIM (J=1, h=0.5)",10,3,local_cost_only,Local cost function only,23,3,sum,2.601158573952183,3.634654969113073e-15,5.198644617138856,0.0,17.871856108018942,30,30,0,,0.05181292818569164
tfim_h0.5,"TFIM (J=1, h=0.5)",10,3,local_cost_only,Local cost function only,24,3,sum,3.799178652180181,1.4072477448245528e-15,8.40143192370233,0.0,35.222801102712396,30,30,0,,0.07464917311054839
tfim_h0.5,"TFIM (J=1, h=0.5)",10,3,local_cost_only,Local cost function only,25,3,sum,4.0116494060962165,1.3013435781249846e-15,7.560824412393235,0.0,27.966665209297116,30,30,0,,0.081357340122862
tfim_h0.5,"TFIM (J=1, h=0.5)",10,3,local_cost_only,Local cost function only,26,3,sum,5.516677288997676,1.2442399336726343e-15,12.520306466077743,0.0,44.4155105406966,30,30,0,,0.0964993120795528
tfim_h0.5,"TFIM (J=1, h=0.5)",10,3,local_cost_only,Local cost function only,27,3,sum,4.83668157506652,2.0643532979141404e-15,13.025242759115317,0.0,66.67142005396681,30,30,0,,0.0780264315749784
tfim_h0.5,"TFIM (J=1, h=0.5)",10,3,local_cost_only,Local cost function only,28,3,sum,4.7492299095056465,2.790645061217158e-15,15.093120881943403,0.0,71.20993073797335,30,30,0,,0.06924670953109603
tfim_h0.5,"TFIM (J=1, h=0.5)",10,3,local_cost_only,Local cost function only,29,3,sum,4.897689791745871,1.4752736304486283e-15,11.33137088786299,0.0,40.08925776210504,30,30,0,,0.08909930639654963
tfim_h0.5,"TFIM (J=1, h=0.5)",10,3,local_cost_only,Local cost function only,30,3,sum,3.3189056343278,3.1949467857163478e-15,6.50129042022662,0.0,25.006699319674233,30,30,0,,0.06618131972523073
tfim_h0.5,"TFIM (J=1, h=0.5)",10,3,local_cost_only,Local cost function only,31,3,sum,3.171442926892055,6.945638502669748e-15,8.744182686388536,0.0,38.061955042433205,30,30,0,,0.059053818823273936
tfim_h0.5,"TFIM (J=1, h=0.5)",10,3,local_cost_only,Local cost function only,32,3,sum,3.172438965210757,6.663699381632107e-15,8.378593464842286,0.0,34.4747112421765,30,30,0,,0.05867945865736043
tfim_h0.5,"TFIM (J=1, h=0.5)",10,3,local_cost_only,Local cost function only,33,3,sum,3.491039447778657,2.6381054016567276e-15,9.024800588078353,1.5518267068568986e-16,46.38527356721804,30,30,0,,0.0658541297268698
tfim_h0.5,"TFIM (J=1, h=0.5)",10,3,local_cost_only,Local cost function only,34,3,sum,5.502562046145527,1.9218505061084905e-15,15.311765793265497,0.0,69.82118409055231,30,30,0,,0.08444339168883115
tfim_h0.5,"TFIM (J=1, h=0.5)",10,3,local_cost_only,Local cost function only,35,3,sum,2.941473181470051,1.0922639222754076e-15,7.684910662937291,0.0,38.961613635997765,30,30,0,,0.05736664008382491
tfim_h0.5,"TFIM (J=1, h=0.5)",10,3,local_cost_only,Local cost function only,36,3,sum,4.031087820671883,1.600946027771171e-15,8.591876474280676,0.0,35.68664966007236,30,30,0,,0.07779210549487793
tfim_h0.5,"TFIM (J=1, h=0.5)",10,3,local_cost_only,Local cost function only,37,3,sum,4.289497169778152,5.8395204030460095e-15,11.05061897956563,0.0,44.89244301896859,30,30,0,,0.07099392673270992
tfim_h0.5,"TFIM (J=1, h=0.5)",10,3,local_cost_only,Local cost function only,38,3,sum,3.747486116033452,3.2823305697103773e-15,7.725699864735018,0.0,29.349957909697977,30,30,0,,0.07550757039437284
tfim_h0.5,"TFIM (J=1, h=0.5)",10,3,local_cost_only,Local cost function only,39,3,sum,3.1478076349911412,3.182868489902613e-15,6.732270032487341,0.0,25.250286393128253,30,30,0,,0.06205371718042601
tfim_h0.5,"TFIM (J=1, h=0.5)",10,3,local_cost_only,Local cost function only,40,3,sum,3.8318894098352816,1.2742229839788273e-15,7.121536709846421,0.0,21.795676609072327,30,30,0,,0.07816537790112932
tfim_h0.5,"TFIM (J=1, h=0.5)",10,3,local_cost_only,Local cost function only,41,3,sum,4.076135982222307,3.2548378090461183e-15,10.285860600997681,0.0,47.65362767186624,30,30,0,,0.07261790674012682
tfim_h0.5,"TFIM (J=1, h=0.5)",10,3,local_cost_only,Local cost function only,42,3,sum,2.718259906385597,4.340695738487165e-15,6.6324282960365455,0.0,29.162840289828278,30,30,0,,0.05169459020247143
tfim_h0.5,"TFIM (J=1, h=0.5)",10,3,local_cost_only,Local cost function only,43,3,sum,5.468494905655863,4.181804142783497e-15,15.737855785986197,0.0,70.37264493620623,30,30,0,,0.07855663582972669
tfim_h0.5,"TFIM (J=1, h=0.5)",10,3,local_cost_only,Local cost function only,44,3,sum,4.028811472126621,1.8797088416151644e-15,8.812821513687297,0.0,37.8830837308999,30,30,0,,0.07861294776987847
tfim_h0.5,"TFIM (J=1, h=0.5)",10,3,local_cost_only,Local cost function only,45,3,sum,5.269332091171988,4.778613508192573e-15,10.43411118220454,0.0,35.42048393643491,30,30,0,,0.09760640298876457
tfim_h0.5,"TFIM (J=1, h=0.5)",10,3,local_cost_only,Local cost function only,46,3,sum,2.774090991352121,1.9401554898159986e-15,7.092697080683798,0.0,32.56944460271702,30,30,0,,0.054841503502899076
tfim_h0.5,"TFIM (J=1, h=0.5)",10,3,local_cost_only,Local cost function only,47,3,sum,4.40342963059692,1.2524371975133945e-15,16.530437397132918,0.0,91.0265550907563,30,30,0,,0.05905299001575648
tfim_h0.5,"TFIM (J=1, h=0.5)",10,3,local_cost_only,Local cost function only,48,3,sum,3.8165200560250385,6.188671081337578e-15,8.709740716871742,0.0,34.36350019421393,30,30,0,,0.07287023981735613
tfim_h0.5,"TFIM (J=1, h=0.5)",10,3,local_cost_only,Local cost function only,49,3,sum,1.5645968372369843,1.2265715895984374e-14,3.003750122660217,0.0,11.406161843781733,30,30,0,,0.028585868773449687
tfim_h0.5,"TFIM (J=1, h=0.5)",10,4,residual_only,Residual connections only,0,3,sum,3.259223854754888,1.861138431085379,5.086398998443266,0.021195629252497603,26.74543222368277,33,32,1,alpha_0,0.8410794813421829
tfim_h0.5,"TFIM (J=1, h=0.5)",10,4,residual_only,Residual connections only,1,3,sum,3.672236803394407,1.049221059260291,9.305986998360735,0.022475179424061055,41.31364212141789,33,32,1,alpha_0,1.04815071541523
tfim_h0.5,"TFIM (J=1, h=0.5)",10,4,residual_only,Residual connections only,2,3,sum,2.022171255116014,0.7190858310034823,3.4226552867096656,0.07387892997999339,14.549780800840342,33,32,1,alpha_0,1.1330051766314648
tfim_h0.5,"TFIM (J=1, h=0.5)",10,4,residual_only,Residual connections only,3,3,sum,2.754479268659308,1.414571290957003,3.2598852414499926,0.01649624974181074,12.605962457182468,33,32,1,alpha_0,0.943358959758742
tfim_h0.5,"TFIM (J=1, h=0.5)",10,4,residual_only,Residual connections only,4,3,sum,4.180398642516143,1.388358594924413,6.276057098496492,0.028173885971836947,24.38823892524655,33,32,1,alpha_0,1.6676008762052645
tfim_h0.5,"TFIM (J=1, h=0.5)",10,4,residual_only,Residual connections only,5,3,sum,3.0565290037133677,1.3343118130842886,4.955119826763596,0.013833558458872934,23.31537322025424,33,32,1,alpha_0,0.9573630895153539
tfim_h0.5,"TFIM (J=1, h=0.5)",10,4,residual_only,Residual connections only,6,3,sum,3.3782887541315993,1.9411218292896506,3.535173536786638,0.06499766527988982,12.98721526073083,33,32,1,alpha_0,1.0030019490806301
tfim_h0.5,"TFIM (J=1, h=0.5)",10,4,residual_only,Residual connections only,7,3,sum,3.6332287183683984,2.2567011740076732,4.41824344566886,0.0674633808107089,21.715221856484174,33,32,1,alpha_0,0.71482021302529
tfim_h0.5,"TFIM (J=1, h=0.5)",10,4,residual_only,Residual connections only,8,3,sum,5.0759996899777935,4.515746928827213,4.578520261741544,0.0016066556146859896,21.627957744354035,33,32,1,alpha_0,0.9252782089637632
tfim_h0.5,"TFIM (J=1, h=0.5)",10,4,residual_only,Residual connections only,9,3,sum,1.968254166737316,1.3074583438507013,1.9514004386089532,0.05036648339013574,6.796117307893479,33,32,1,alpha_0,0.876890747416801
tfim_h0.5,"TFIM (J=1, h=0.5)",10,4,residual_only,Residual connections only,10,3,sum,2.582391848738105,0.8921370174718406,5.118450637535849,0.005921965354274277,21.062056019078597,33,32,1,alpha_0,1.1356115703271914
tfim_h0.5,"TFIM (J=1, h=0.5)",10,4,residual_only,Residual connections only,11,3,sum,6.28019619074696,2.7965767376556503,8.276144403993474,0.00018930608824053484,31.056007857438782,33,32,1,alpha_0,1.066833632027978
tfim_h0.5,"TFIM (J=1, h=0.5)",10,4,residual_only,Residual connections only,12,3,sum,2.8022277391225874,1.3024785669232726,6.053216561490414,0.12233891717464263,35.32685931554646,33,32,1,alpha_0,1.3815002664788463
tfim_h0.5,"TFIM (J=1, h=0.5)",10,4,residual_only,Residual connections only,13,3,sum,3.7933534060457603,1.0176126235388536,5.75593527550958,0.007107883194064773,21.899799119163234,33,32,1,alpha_0,1.4538660027571122
tfim_h0.5,"TFIM (J=1, h=0.5)",10,4,residual_only,Residual connections only,14,3,sum,3.394804444754248,1.1260980206391913,5.35174082321985,0.014242951547651027,23.171138119511202,33,32,1,alpha_0,1.7744874091198877
tfim_h0.5,"TFIM (J=1, h=0.5)",10,4,residual_only,Residual connections only,15,3,sum,2.256290161974536,0.9274684087869078,3.7630715784891495,0.04053013170334481,19.132798407145767,33,32,1,alpha_0,0.85363212731684
tfim_h0.5,"TFIM (J=1, h=0.5)",10,4,residual_only,Residual connections only,16,3,sum,3.5600777243375634,1.5945991047148145,4.343029489008294,0.01853346892501594,14.37113854377554,33,32,1,alpha_0,1.5733655270243978
tfim_h0.5,"TFIM (J=1, h=0.5)",10,4,residual_only,Residual connections only,17,3,sum,2.304290446261132,1.073947241424102,3.017952722721875,0.04779198928428331,11.131474867424581,33,32,1,alpha_0,1.1768191192710344
tfim_h0.5,"TFIM (J=1, h=0.5)",10,4,residual_only,Residual connections only,18,3,sum,1.891456857956892,1.3606183968608838,1.8179920469379098,0.07728162804530159,7.543965932722915,33,32,1,alpha_0,0.9203271204303306
tfim_h0.5,"TFIM (J=1, h=0.5)",10,4,residual_only,Residual connections only,19,3,sum,4.389608055288516,2.8405452769936272,4.359004793512572,0.07520379364058029,17.575181089280427,33,32,1,alpha_0,0.7408855722434308
tfim_h0.5,"TFIM (J=1, h=0.5)",10,4,residual_only,Residual connections only,20,3,sum,3.474655410462119,1.9195652723935488,5.331671899527444,0.030809833902197263,29.947359824443943,33,32,1,alpha_0,0.9598032566435885
tfim_h0.5,"TFIM (J=1, h=0.5)",10,4,residual_only,Residual connections only,21,3,sum,3.814076890726305,0.9471839129568242,5.868784692499475,0.04168581775503032,19.794435919202456,33,32,1,alpha_0,1.3948537124783453
tfim_h0.5,"TFIM (J=1, h=0.5)",10,4,residual_only,Residual connections only,22,3,sum,3.7753304263797585,2.2552095115570054,5.2141687837853254,0.053676852658726446,24.815971223788832,33,32,1,alpha_0,0.962643363946697
tfim_h0.5,"TFIM (J=1, h=0.5)",10,4,residual_only,Residual connections only,23,3,sum,1.5612191475682093,1.0707377930835418,1.9168564545525508,0.028119622302433714,8.406918459186391,33,32,1,alpha_0,0.9857763268006325
tfim_h0.5,"TFIM (J=1, h=0.5)",10,4,residual_only,Residual connections only,24,3,sum,2.3228775460799778,1.7890426086118856,1.9478901627600902,0.038574170113311254,8.782587231827565,33,32,1,alpha_0,0.8962017394810851
tfim_h0.5,"TFIM (J=1, h=0.5)",10,4,residual_only,Residual connections only,25,3,sum,3.4110851594566096,1.381692964374426,3.8804366367457175,0.12184471293505776,15.102633966146998,33,32,1,alpha_0,1.5531074936753666
tfim_h0.5,"TFIM (J=1, h=0.5)",10,4,residual_only,Residual connections only,26,3,sum,2.858888365015842,0.9119746550535173,4.802935638281445,0.0048873987445320595,24.750605987350802,33,32,1,alpha_0,0.749814549303177
tfim_h0.5,"TFIM (J=1, h=0.5)",10,4,residual_only,Residual connections only,27,3,sum,2.282915846909505,1.0764433156439401,3.1597523149163864,0.08076104015969351,14.535371127705764,33,32,1,alpha_0,1.1942739794913872
tfim_h0.5,"TFIM (J=1, h=0.5)",10,4,residual_only,Residual connections only,28,3,sum,3.416317591507826,1.2568586125300647,6.079650477862859,0.03456369702343206,23.31089462715682,33,32,1,alpha_0,1.3530577546908051
tfim_h0.5,"TFIM (J=1, h=0.5)",10,4,residual_only,Residual connections only,29,3,sum,3.5046166909225795,1.7037921534663503,6.228644931751905,0.019079917005662906,28.74615428975662,33,32,1,alpha_0,1.4921035549144066
tfim_h0.5,"TFIM (J=1, h=0.5)",10,4,residual_only,Residual connections only,30,3,sum,2.878784451397383,1.1845419226634952,3.4071251529933133,0.0525844107780603,11.482868442201482,33,32,1,alpha_0,1.0168421448045046
tfim_h0.5,"TFIM (J=1, h=0.5)",10,4,residual_only,Residual connections only,31,3,sum,3.982705141544102,1.8464502587472769,4.890322611305386,0.015204764518697697,22.226724910332198,33,32,1,alpha_0,1.35262421945417
tfim_h0.5,"TFIM (J=1, h=0.5)",10,4,residual_only,Residual connections only,32,3,sum,1.9060636057115927,1.1194028732654355,1.9537392282001296,0.0831074496286112,7.935555616321267,33,32,1,alpha_0,0.7286533441591125
tfim_h0.5,"TFIM (J=1, h=0.5)",10,4,residual_only,Residual connections only,33,3,sum,1.8781223643801268,0.7823860823206268,2.376179747190686,0.01965851628007838,8.42324924735421,33,32,1,alpha_0,0.885199972521212
tfim_h0.5,"TFIM (J=1, h=0.5)",10,4,residual_only,Residual connections only,34,3,sum,4.807382549262039,4.523770110130314,4.135438621962258,0.23046800338680012,18.75219373071621,33,32,1,alpha_0,1.5227242918632728
tfim_h0.5,"TFIM (J=1, h=0.5)",10,4,residual_only,Residual connections only,35,3,sum,2.2644162410839654,0.5826399596380571,4.1200972305657215,0.017600453467290392,17.34030433214784,33,32,1,alpha_0,0.9753002026187256
tfim_h0.5,"TFIM (J=1, h=0.5)",10,4,residual_only,Residual connections only,36,3,sum,2.0378595938683173,1.200385852749172,2.7903389983672615,0.20147996117217173,15.905511886271572,33,32,1,alpha_0,0.8924347659779253
tfim_h0.5,"TFIM (J=1, h=0.5)",10,4,residual_only,Residual connections only,37,3,sum,2.4097941147703175,1.3855382477865437,3.022684362874472,0.029887191683840367,13.149956231331647,33,32,1,alpha_0,1.0889639581434558
tfim_h0.5,"TFIM (J=1, h=0.5)",10,4,residual_only,Residual connections only,38,3,sum,3.8177425641586997,1.9353199810194062,4.375252484981252,0.003614006403790419,17.05842519541476,33,32,1,alpha_0,0.7927583965545641
tfim_h0.5,"TFIM (J=1, h=0.5)",10,4,residual_only,Residual connections only,39,3,sum,2.597772725330308,2.237754454192682,1.8539010983058166,0.1634506539681298,7.638941757654762,33,32,1,alpha_0,0.7556909438842112
tfim_h0.5,"TFIM (J=1, h=0.5)",10,4,residual_only,Residual connections only,40,3,sum,1.8637752617459133,1.0796682740903263,1.6584008278939824,0.05229011535475184,6.525750249901285,33,32,1,alpha_0,0.7548394315136054
tfim_h0.5,"TFIM (J=1, h=0.5)",10,4,residual_only,Residual connections only,41,3,sum,1.8237348406336085,1.1789401160033268,2.3323998206028453,0.11634382473564225,12.500211095757843,33,32,1,alpha_0,0.8276802520516638
tfim_h0.5,"TFIM (J=1, h=0.5)",10,4,residual_only,Residual connections only,42,3,sum,1.2914622304743593,0.7659018305300507,1.540560061437932,0.00709294129500541,5.702902240411039,33,32,1,alpha_0,0.8078435269845871
tfim_h0.5,"TFIM (J=1, h=0.5)",10,4,residual_only,Residual connections only,43,3,sum,3.7052727635810387,2.23586054887988,6.95838314904528,0.11114620511426439,38.054638793446735,33,32,1,alpha_0,1.0790441384978449
tfim_h0.5,"TFIM (J=1, h=0.5)",10,4,residual_only,Residual connections only,44,3,sum,3.4642750904674693,1.443392949899576,4.465523424359397,0.05250720191882443,18.00474164048035,33,32,1,alpha_0,1.2670464296021422
tfim_h0.5,"TFIM (J=1, h=0.5)",10,4,residual_only,Residual connections only,45,3,sum,4.679477079360459,2.348982100663494,6.453327962326204,0.034663071439598625,27.28646521873998,33,32,1,alpha_0,1.5188505501251677
tfim_h0.5,"TFIM (J=1, h=0.5)",10,4,residual_only,Residual connections only,46,3,sum,2.5322220920887473,0.9629024723088021,4.292273247220069,0.0483775267072713,18.26120408591131,33,32,1,alpha_0,1.2087628718306762
tfim_h0.5,"TFIM (J=1, h=0.5)",10,4,residual_only,Residual connections only,47,3,sum,2.9183837765668783,1.2393053126042215,4.250326927408066,0.09326140962688215,18.094640902534973,33,32,1,alpha_0,0.9155087984303518
tfim_h0.5,"TFIM (J=1, h=0.5)",10,4,residual_only,Residual connections only,48,3,sum,4.273820224393131,2.5455461169832456,4.764942323316406,0.12811271566517207,20.048978734992737,33,32,1,alpha_0,1.0973468784780953
tfim_h0.5,"TFIM (J=1, h=0.5)",10,4,residual_only,Residual connections only,49,3,sum,2.0958172063773253,1.2530648769860795,2.528087449457642,0.12926799843227216,11.651574618271916,33,32,1,alpha_0,0.7408766077377712
tfim_h0.5,"TFIM (J=1, h=0.5)",10,5,entanglement_local,Entanglement + local cost,0,3,sum,4.140140695433562,3.00093340573087e-15,9.491291739846142,0.0,40.640326379219644,30,30,0,,0.07830730860241332
tfim_h0.5,"TFIM (J=1, h=0.5)",10,5,entanglement_local,Entanglement + local cost,1,3,sum,4.19937736191202,2.8678642305419913e-15,11.093298701121011,0.0,53.69681536906238,30,30,0,,0.07427140346868558
tfim_h0.5,"TFIM (J=1, h=0.5)",10,5,entanglement_local,Entanglement + local cost,2,3,sum,2.4075338287703945,3.984302214583364e-15,6.365127583054517,0.0,28.99864211131117,30,30,0,,0.044766770405366065
tfim_h0.5,"TFIM (J=1, h=0.5)",10,5,entanglement_local,Entanglement + local cost,3,3,sum,11.307655563850648,1.5567833408253917e-15,44.32393115090332,0.0,239.67771821242815,30,30,0,,0.08155363428830818
tfim_h0.5,"TFIM (J=1, h=0.5)",10,5,entanglement_local,Entanglement + local cost,4,3,sum,1.8627885873324552,9.87397396138041e-15,4.608688013385354,0.0,17.115890652195453,30,30,0,,0.0387501214368396
tfim_h0.5,"TFIM (J=1, h=0.5)",10,5,entanglement_local,Entanglement + local cost,5,3,sum,4.8264770406716915,2.3436321186952633e-15,21.076985009924375,0.0,117.3415337903149,30,30,0,,0.05103352161784592
tfim_h0.5,"TFIM (J=1, h=0.5)",10,5,entanglement_local,Entanglement + local cost,6,3,sum,2.931433386136389,6.885930902514996e-15,8.880616401617644,0.0,44.741031185461296,30,30,0,,0.05289234536379806
tfim_h0.5,"TFIM (J=1, h=0.5)",10,5,entanglement_local,Entanglement + local cost,7,3,sum,3.122164989816423,2.768273957608231e-15,7.1758716627245605,0.0,28.659773744788616,30,30,0,,0.06139893272700007
tfim_h0.5,"TFIM (J=1, h=0.5)",10,5,entanglement_local,Entanglement + local cost,8,3,sum,3.836737480544402,2.5417275048499958e-15,8.628691577103018,6.354318762124989e-16,36.47299491968081,30,30,0,,0.07545270200151204
tfim_h0.5,"TFIM (J=1, h=0.5)",10,5,entanglement_local,Entanglement + local cost,9,3,sum,5.426401053644554,2.6524351330692742e-15,12.09182709354603,0.0,40.22683517744076,30,30,0,,0.09740335827271007
tfim_h0.5,"TFIM (J=1, h=0.5)",10,5,entanglement_local,Entanglement + local cost,10,3,sum,2.6801368683409397,6.7109055336568216e-15,7.897947774481252,0.0,42.21533883046373,30,30,0,,0.04763375590039827
tfim_h0.5,"TFIM (J=1, h=0.5)",10,5,entanglement_local,Entanglement + local cost,11,3,sum,4.126561628162806,1.5724848409652957e-15,11.737966687256149,0.0,47.63556702165326,30,30,0,,0.07052481466349494
tfim_h0.5,"TFIM (J=1, h=0.5)",10,5,entanglement_local,Entanglement + local cost,12,3,sum,5.018832887666522,1.474234573049384e-15,20.90668356774008,0.0,115.91966501275958,30,30,0,,0.05584456449391329
tfim_h0.5,"TFIM (J=1, h=0.5)",10,5,entanglement_local,Entanglement + local cost,13,3,sum,4.77756973783153,2.6206913202639786e-15,10.123245442665215,0.0,36.37829988926715,30,30,0,,0.09153814530252921
tfim_h0.5,"TFIM (J=1, h=0.5)",10,5,entanglement_local,Entanglement + local cost,14,3,sum,3.0167456289396077,2.9345217341085133e-15,6.250384108241329,0.0,19.158808417779753,30,30,0,,0.059796972113303475
tfim_h0.5,"TFIM (J=1, h=0.5)",10,5,entanglement_local,Entanglement + local cost,15,3,sum,2.6983061999051183,5.210407622021728e-15,5.667562989861513,0.0,23.493404914078763,30,30,0,,0.04958204625082171
tfim_h0.5,"TFIM (J=1, h=0.5)",10,5,entanglement_local,Entanglement + local cost,16,3,sum,2.876188369078602,6.075910348147263e-15,6.076228109422575,0.0,18.86067797013538,30,30,0,,0.05932148279219455
tfim_h0.5,"TFIM (J=1, h=0.5)",10,5,entanglement_local,Entanglement + local cost,17,3,sum,5.252530626580834,2.7242938331768482e-15,13.421199822922832,0.0,56.46694204890963,30,30,0,,0.08518983268404995
tfim_h0.5,"TFIM (J=1, h=0.5)",10,5,entanglement_local,Entanglement + local cost,18,3,sum,3.144039482138097,6.655284724391208e-15,9.691041873349732,0.0,48.217121706607195,30,30,0,,0.05486671663060703
tfim_h0.5,"TFIM (J=1, h=0.5)",10,5,entanglement_local,Entanglement + local cost,19,3,sum,1.8232736542623116,3.974666476672947e-15,4.840770350636543,0.0,22.099657037289923,30,30,0,,0.036720100822581106
tfim_h0.5,"TFIM (J=1, h=0.5)",10,5,entanglement_local,Entanglement + local cost,20,3,sum,2.5054552890461634,1.2878545021326896e-15,8.174670787510754,0.0,35.80311273359957,30,30,0,,0.046135493323281186
tfim_h0.5,"TFIM (J=1, h=0.5)",10,5,entanglement_local,Entanglement + local cost,21,3,sum,3.651192861643767,2.4916721634362045e-15,7.865549974535884,0.0,26.625260490360922,30,30,0,,0.07291920142474237
tfim_h0.5,"TFIM (J=1, h=0.5)",10,5,entanglement_local,Entanglement + local cost,22,3,sum,3.0678260221909954,6.293886600066296e-15,7.868701514392749,0.0,34.793086651597264,30,30,0,,0.05884004642762661
tfim_h0.5,"TFIM (J=1, h=0.5)",10,5,entanglement_local,Entanglement + local cost,23,3,sum,4.760301252003598,1.5567498785559745e-15,10.708183211871624,0.0,40.00430500349459,30,30,0,,0.08821825689692615
tfim_h0.5,"TFIM (J=1, h=0.5)",10,5,entanglement_local,Entanglement + local cost,24,3,sum,2.195229452203799,3.178243608388288e-15,5.963707947038651,0.0,29.62605365166982,30,30,0,,0.04255557718624877
tfim_h0.5,"TFIM (J=1, h=0.5)",10,5,entanglement_local,Entanglement + local cost,25,3,sum,3.181211415766309,2.560173631465355e-15,6.793678338066595,0.0,25.98918383796948,30,30,0,,0.0650458224950386
tfim_h0.5,"TFIM (J=1, h=0.5)",10,5,entanglement_local,Entanglement + local cost,26,3,sum,6.293554554425254,2.84727025961751e-15,15.760988514600449,0.0,55.13779909777014,30,30,0,,0.09279275886983976
tfim_h0.5,"TFIM (J=1, h=0.5)",10,5,entanglement_local,Entanglement + local cost,27,3,sum,3.2698555661936877,6.689170316568798e-15,6.581434325306965,0.0,20.520664540745337,30,30,0,,0.06068195095069139
tfim_h0.5,"TFIM (J=1, h=0.5)",10,5,entanglement_local,Entanglement + local cost,28,3,sum,3.9523051847060438,1.2527384820480259e-15,8.165680423243908,0.0,27.538878172796128,30,30,0,,0.07869442761216043
tfim_h0.5,"TFIM (J=1, h=0.5)",10,5,entanglement_local,Entanglement + local cost,29,3,sum,4.679657585375302,3.239576082027242e-15,10.93709512946014,0.0,36.3025618851042,30,30,0,,0.08433797907456271
tfim_h0.5,"TFIM (J=1, h=0.5)",10,5,entanglement_local,Entanglement + local cost,30,3,sum,3.4788531711273203,2.871886768101988e-15,10.20525778465919,0.0,52.378965627683655,30,30,0,,0.0616119074309993
tfim_h0.5,"TFIM (J=1, h=0.5)",10,5,entanglement_local,Entanglement + local cost,31,3,sum,2.4431369086206205,7.675032889536378e-15,6.345801492777146,0.0,27.064580976103276,30,30,0,,0.04921405564625273
tfim_h0.5,"TFIM (J=1, h=0.5)",10,5,entanglement_local,Entanglement + local cost,32,3,sum,4.0296179969782795,2.57325092046527e-15,8.494430203933165,0.0,33.59616783954349,30,30,0,,0.07913141423552424
tfim_h0.5,"TFIM (J=1, h=0.5)",10,5,entanglement_local,Entanglement + local cost,33,3,sum,1.5270769798099322,9.507434080207718e-15,4.126529413798419,0.0,19.173588494791556,30,30,0,,0.029086151513964938
tfim_h0.5,"TFIM (J=1, h=0.5)",10,5,entanglement_local,Entanglement + local cost,34,3,sum,4.4424589555423495,2.6318069998791e-15,16.009717041046294,0.0,88.14638393675982,30,30,0,,0.06102794738589186
tfim_h0.5,"TFIM (J=1, h=0.5)",10,5,entanglement_local,Entanglement + local cost,35,3,sum,2.9682143660596267,1.1639158930538493e-15,6.518722660336054,7.759439287025662e-17,24.66917492797465,30,30,0,,0.06140252179641818
tfim_h0.5,"TFIM (J=1, h=0.5)",10,5,entanglement_local,Entanglement + local cost,36,3,sum,4.104381663888871,1.9290953554076287e-15,8.576891942791187,0.0,35.15891262702629,30,30,0,,0.08063411165678931
tfim_h0.5,"TFIM (J=1, h=0.5)",10,5,entanglement_local,Entanglement + local cost,37,3,sum,3.3720971320200186,3.3162346283596397e-15,8.495900284315098,0.0,29.420192137556825,30,30,0,,0.06190769330573196
tfim_h0.5,"TFIM (J=1, h=0.5)",10,5,entanglement_local,Entanglement + local cost,38,3,sum,4.806950809216664,4.722358140498429e-15,11.303836568986927,0.0,39.07086980062275,30,30,0,,0.08556724406026159
tfim_h0.5,"TFIM (J=1, h=0.5)",10,5,entanglement_local,Entanglement + local cost,39,3,sum,4.0532252197289,5.004834983364605e-15,9.215152835937703,0.0,35.701283489813235,30,30,0,,0.0783482724448523
tfim_h0.5,"TFIM (J=1, h=0.5)",10,5,entanglement_local,Entanglement + local cost,40,3,sum,2.448220521645616,3.7319217958699225e-15,4.903521666130666,0.0,19.458659735985435,30,30,0,,0.046744606469471504
tfim_h0.5,"TFIM (J=1, h=0.5)",10,5,entanglement_local,Entanglement + local cost,41,3,sum,11.766407564408883,2.5728598178051758e-15,34.08221388951687,0.0,130.83744865057042,30,30,0,,0.10123801174874221
tfim_h0.5,"TFIM (J=1, h=0.5)",10,5,entanglement_local,Entanglement + local cost,42,3,sum,3.729057902538368,2.5808247665597815e-15,11.783338162896095,0.0,63.349291223498106,30,30,0,,0.06175741599374026
tfim_h0.5,"TFIM (J=1, h=0.5)",10,5,entanglement_local,Entanglement + local cost,43,3,sum,6.1606852668833785,2.0980730794284644e-15,18.682405319567817,1.5541282069840477e-16,93.62805123235408,30,30,0,,0.08532939714042455
tfim_h0.5,"TFIM (J=1, h=0.5)",10,5,entanglement_local,Entanglement + local cost,44,3,sum,3.8680359394373918,1.3739355059464187e-15,8.337305596904786,0.0,33.94939476470862,30,30,0,,0.07421540099630934
tfim_h0.5,"TFIM (J=1, h=0.5)",10,5,entanglement_local,Entanglement + local cost,45,3,sum,5.701972592839123,1.7155444548192336e-15,12.904224597238619,0.0,47.92370463802295,30,30,0,,0.09928393646588499
tfim_h0.5,"TFIM (J=1, h=0.5)",10,5,entanglement_local,Entanglement + local cost,46,3,sum,3.7278461059169037,2.016863641841134e-15,8.125398220300477,0.0,36.10221652385413,30,30,0,,0.07215471010505965
tfim_h0.5,"TFIM (J=1, h=0.5)",10,5,entanglement_local,Entanglement + local cost,47,3,sum,1.7890921251090701,1.017144271098441e-14,4.75509467167589,0.0,20.242525515582432,30,30,0,,0.03059424565089653
tfim_h0.5,"TFIM (J=1, h=0.5)",10,5,entanglement_local,Entanglement + local cost,48,3,sum,3.2963553460133572,1.5595812636738792e-15,11.776474992306829,0.0,64.92574651895795,30,30,0,,0.052321324905432044
tfim_h0.5,"TFIM (J=1, h=0.5)",10,5,entanglement_local,Entanglement + local cost,49,3,sum,2.1177574163875503,3.1257841113389456e-15,5.9729665077119725,0.0,24.49454778214122,30,30,0,,0.04267013245049086
tfim_h0.5,"TFIM (J=1, h=0.5)",10,6,entanglement_residual,Entanglement + residual,0,3,sum,6.073751294119376,3.881539824642675,6.936178589319616,0.6619344669658535,37.7413982862869,33,32,1,alpha_0,1.118907244649808
tfim_h0.5,"TFIM (J=1, h=0.5)",10,6,entanglement_residual,Entanglement + residual,1,3,sum,5.365692848127078,2.795914860680792,7.348774783528429,0.03826344573367319,36.93923605738136,33,32,1,alpha_0,1.4575265014367074
tfim_h0.5,"TFIM (J=1, h=0.5)",10,6,entanglement_residual,Entanglement + residual,2,3,sum,4.4321823543423715,2.740775572304722,4.393400128311383,0.026197819145207833,20.561086584870523,33,32,1,alpha_0,2.13626015838966
tfim_h0.5,"TFIM (J=1, h=0.5)",10,6,entanglement_residual,Entanglement + residual,3,3,sum,6.610216507784127,3.9744174551371714,6.463689463907002,0.0239052949063489,25.76470786802126,33,32,1,alpha_0,1.7651963831470687
tfim_h0.5,"TFIM (J=1, h=0.5)",10,6,entanglement_residual,Entanglement + residual,4,3,sum,5.952448269021784,3.704420282951528,6.447779703236647,0.04862653703065113,31.46695589133487,33,32,1,alpha_0,2.0923181536040047
tfim_h0.5,"TFIM (J=1, h=0.5)",10,6,entanglement_residual,Entanglement + residual,5,3,sum,9.24807409951638,4.220056682382401,12.478354875693931,0.0168991466665453,59.20177294636195,33,32,1,alpha_0,1.7251114042247526
tfim_h0.5,"TFIM (J=1, h=0.5)",10,6,entanglement_residual,Entanglement + residual,6,3,sum,6.153290499817254,4.019644138022821,5.419337512269185,0.04026204585350836,21.269537657301726,33,32,1,alpha_0,1.3420967010203495
tfim_h0.5,"TFIM (J=1, h=0.5)",10,6,entanglement_residual,Entanglement + residual,7,3,sum,5.0357118914084,3.413739810859113,4.23719102740933,0.2185621304460486,17.24038460450829,33,32,1,alpha_0,0.884823813375328
tfim_h0.5,"TFIM (J=1, h=0.5)",10,6,entanglement_residual,Entanglement + residual,8,3,sum,6.4393925088028166,5.189732767697981,5.573263480369908,0.20204123349416542,19.977195164283142,33,32,1,alpha_0,1.0051520545292527
tfim_h0.5,"TFIM (J=1, h=0.5)",10,6,entanglement_residual,Entanglement + residual,9,3,sum,5.631704349101266,4.072745713249275,4.9198842779111915,0.05949172403024835,19.62229077012667,33,32,1,alpha_0,1.704867105039088
tfim_h0.5,"TFIM (J=1, h=0.5)",10,6,entanglement_residual,Entanglement + residual,10,3,sum,6.2179250174988985,3.9277187355231353,6.410944984153623,0.011145215916756197,26.983797959022592,33,32,1,alpha_0,1.9014582936636888
tfim_h0.5,"TFIM (J=1, h=0.5)",10,6,entanglement_residual,Entanglement + residual,11,3,sum,7.413744793314164,4.130767881945335,7.69445623295952,0.48480103813315856,33.393722683679535,33,32,1,alpha_0,1.08507529453049
tfim_h0.5,"TFIM (J=1, h=0.5)",10,6,entanglement_residual,Entanglement + residual,12,3,sum,6.233038144691568,3.576760762998372,7.180153111507595,0.043277564078638156,28.643001183934214,33,32,1,alpha_0,2.660069569924718
tfim_h0.5,"TFIM (J=1, h=0.5)",10,6,entanglement_residual,Entanglement + residual,13,3,sum,10.339200938216237,4.365534703869763,13.235750854494396,0.08678137388540155,55.104040033452,33,32,1,alpha_0,2.857354522416778
tfim_h0.5,"TFIM (J=1, h=0.5)",10,6,entanglement_residual,Entanglement + residual,14,3,sum,5.194512959247127,2.8995413069112947,6.6880954316187395,0.15435282342447854,32.8862325995828,33,32,1,alpha_0,2.1534875490394514
tfim_h0.5,"TFIM (J=1, h=0.5)",10,6,entanglement_residual,Entanglement + residual,15,3,sum,7.946995787676263,2.77690592476808,13.266242923123828,0.10239266474067515,63.677003757151475,33,32,1,alpha_0,1.6701203907773652
tfim_h0.5,"TFIM (J=1, h=0.5)",10,6,entanglement_residual,Entanglement + residual,16,3,sum,6.7059993871774495,2.6474128566325374,8.416812603606823,0.09533372430325053,39.521399597822366,33,32,1,alpha_0,2.261375232718685
tfim_h0.5,"TFIM (J=1, h=0.5)",10,6,entanglement_residual,Entanglement + residual,17,3,sum,4.543074831173083,1.7157095075326247,5.773753877102804,0.16980460969516742,24.887957786815296,33,32,1,alpha_0,2.100337024865849
tfim_h0.5,"TFIM (J=1, h=0.5)",10,6,entanglement_residual,Entanglement + residual,18,3,sum,6.881813175675852,3.1192364757554527,10.008439600499253,0.04546350747619908,42.50271390537279,33,32,1,alpha_0,1.9900333347090886
tfim_h0.5,"TFIM (J=1, h=0.5)",10,6,entanglement_residual,Entanglement + residual,19,3,sum,7.2282796548885635,5.17380095459433,8.073609821434085,0.1687010107709241,35.125974719481825,33,32,1,alpha_0,1.0066230843499224
tfim_h0.5,"TFIM (J=1, h=0.5)",10,6,entanglement_residual,Entanglement + residual,20,3,sum,4.2811664363343205,1.8832632245818868,5.896323257833884,0.09450365196098195,24.2848581056586,33,32,1,alpha_0,1.0140170017019285
tfim_h0.5,"TFIM (J=1, h=0.5)",10,6,entanglement_residual,Entanglement + residual,21,3,sum,6.68445893580426,3.062491355574597,8.243613359082145,0.0018192923962743412,34.673038541930865,33,32,1,alpha_0,1.7572194505342638
tfim_h0.5,"TFIM (J=1, h=0.5)",10,6,entanglement_residual,Entanglement + residual,22,3,sum,7.060161038081441,4.528453641015226,7.814855159233251,0.08307062881074738,38.863644865328695,33,32,1,alpha_0,1.2216892990644588
tfim_h0.5,"TFIM (J=1, h=0.5)",10,6,entanglement_residual,Entanglement + residual,23,3,sum,5.050559619486654,2.921185934818317,5.71601070978736,0.0716234977997038,23.539077632183375,33,32,1,alpha_0,2.2144500476684823
tfim_h0.5,"TFIM (J=1, h=0.5)",10,6,entanglement_residual,Entanglement + residual,24,3,sum,4.917879726442516,3.247687592179465,6.626710126367809,0.06936606068971818,35.21099497423764,33,32,1,alpha_0,1.321753177772387
tfim_h0.5,"TFIM (J=1, h=0.5)",10,6,entanglement_residual,Entanglement + residual,25,3,sum,6.005742624167153,3.5762569739100347,10.204850024670222,0.062201160418700566,55.648574698918004,33,32,1,alpha_0,1.9014760586961978
tfim_h0.5,"TFIM (J=1, h=0.5)",10,6,entanglement_residual,Entanglement + residual,26,3,sum,6.485603397214183,3.8299131119145864,7.372747781288435,0.09503352735520693,34.635538803194954,33,32,1,alpha_0,1.17116505190878
tfim_h0.5,"TFIM (J=1, h=0.5)",10,6,entanglement_residual,Entanglement + residual,27,3,sum,6.418087131791251,4.473558786144682,5.990814842874175,0.03314895057428984,25.20166043163317,33,32,1,alpha_0,2.283530657675268
tfim_h0.5,"TFIM (J=1, h=0.5)",10,6,entanglement_residual,Entanglement + residual,28,3,sum,7.039855847356566,1.6036052391803897,11.835002340853793,0.009308993226609956,50.416865326555495,33,32,1,alpha_0,2.119513651086537
tfim_h0.5,"TFIM (J=1, h=0.5)",10,6,entanglement_residual,Entanglement + residual,29,3,sum,6.176331606136809,3.2879600932522317,6.161067574706897,0.750692370347575,24.660950647860133,33,32,1,alpha_0,2.025685572550864
tfim_h0.5,"TFIM (J=1, h=0.5)",10,6,entanglement_residual,Entanglement + residual,30,3,sum,5.966089667080935,4.247491488959571,5.511628509593759,0.06668816971459679,20.530737467096174,33,32,1,alpha_0,1.6226829858198284
tfim_h0.5,"TFIM (J=1, h=0.5)",10,6,entanglement_residual,Entanglement + residual,31,3,sum,7.843071167747235,2.9023027866377613,9.77263293820018,0.18709332539742868,35.94134052596788,33,32,1,alpha_0,1.9624890855407153
tfim_h0.5,"TFIM (J=1, h=0.5)",10,6,entanglement_residual,Entanglement + residual,32,3,sum,4.662086150469377,2.270956881181876,7.16674910208981,0.12091368503155041,35.6204034784526,33,32,1,alpha_0,1.1952803736844635
tfim_h0.5,"TFIM (J=1, h=0.5)",10,6,entanglement_residual,Entanglement + residual,33,3,sum,4.073545229863456,1.93353012826252,7.209588520981744,0.047439327910710684,40.164484346443324,33,32,1,alpha_0,1.2067621696649118
tfim_h0.5,"TFIM (J=1, h=0.5)",10,6,entanglement_residual,Entanglement + residual,34,3,sum,7.175845140782162,3.099421203094862,10.416616600701401,0.0422288606320415,49.39482929488274,33,32,1,alpha_0,1.7965120662216352
tfim_h0.5,"TFIM (J=1, h=0.5)",10,6,entanglement_residual,Entanglement + residual,35,3,sum,6.516430807927335,2.7909636488905876,8.589223425171316,0.15582877335748452,33.81001467492111,33,32,1,alpha_0,1.9168987384099827
tfim_h0.5,"TFIM (J=1, h=0.5)",10,6,entanglement_residual,Entanglement + residual,36,3,sum,3.80511815716769,2.106195611803064,5.57680175162211,0.1226265904096668,28.05876762834863,33,32,1,alpha_0,1.3400995980412775
tfim_h0.5,"TFIM (J=1, h=0.5)",10,6,entanglement_residual,Entanglement + residual,37,3,sum,5.747300434814003,2.6502251503394496,8.374018178366262,0.003115934082172071,38.34061321414459,33,32,1,alpha_0,1.7652391081366008
tfim_h0.5,"TFIM (J=1, h=0.5)",10,6,entanglement_residual,Entanglement + residual,38,3,sum,6.9996652283419465,5.464093226210094,7.0747253368509035,0.2232265127931561,36.10526672253735,33,32,1,alpha_0,1.0702233755064852
tfim_h0.5,"TFIM (J=1, h=0.5)",10,6,entanglement_residual,Entanglement + residual,39,3,sum,6.295974857201426,4.3309758603084365,6.126413818211039,0.05334506030659158,24.91173972381667,33,32,1,alpha_0,1.264639597626355
tfim_h0.5,"TFIM (J=1, h=0.5)",10,6,entanglement_residual,Entanglement + residual,40,3,sum,7.160700483028089,4.462613521054074,7.137309973844791,0.3644930269726658,30.493356714274125,33,32,1,alpha_0,1.680835971307007
tfim_h0.5,"TFIM (J=1, h=0.5)",10,6,entanglement_residual,Entanglement + residual,41,3,sum,6.039013255269573,2.8808273173984333,6.6005353372089415,0.18675478953463967,25.78647596756616,33,32,1,alpha_0,1.9020349348274364
tfim_h0.5,"TFIM (J=1, h=0.5)",10,6,entanglement_residual,Entanglement + residual,42,3,sum,5.209329223935066,2.487613595176736,6.50613651447729,0.15350924361824397,25.93378146877068,33,32,1,alpha_0,1.8618988085531212
tfim_h0.5,"TFIM (J=1, h=0.5)",10,6,entanglement_residual,Entanglement + residual,43,3,sum,5.109348264627875,2.9384870457165118,6.431569362744933,0.13880784678098326,30.269459679226358,33,32,1,alpha_0,1.2394075591074483
tfim_h0.5,"TFIM (J=1, h=0.5)",10,6,entanglement_residual,Entanglement + residual,44,3,sum,6.104995540914494,2.808232739915943,7.72680197532957,0.11995259744901655,30.63769472477701,33,32,1,alpha_0,1.8471341080496688
tfim_h0.5,"TFIM (J=1, h=0.5)",10,6,entanglement_residual,Entanglement + residual,45,3,sum,6.98301018064447,4.186687191700422,7.5415532367028355,0.4298226299621297,27.170483460684228,33,32,1,alpha_0,2.0526222703796844
tfim_h0.5,"TFIM (J=1, h=0.5)",10,6,entanglement_residual,Entanglement + residual,46,3,sum,6.723943577796774,4.0897800892511285,7.157505027323968,0.2541045440904694,27.005222657492226,33,32,1,alpha_0,2.4206154880624977
tfim_h0.5,"TFIM (J=1, h=0.5)",10,6,entanglement_residual,Entanglement + residual,47,3,sum,6.026442730363891,3.5447325627198234,7.123780373515694,0.003359037371446934,28.055433673969638,33,32,1,alpha_0,1.1601763114055588
tfim_h0.5,"TFIM (J=1, h=0.5)",10,6,entanglement_residual,Entanglement + residual,48,3,sum,5.443688453000332,4.3167181425241345,5.101945559934909,0.06655710574665022,20.85406447348731,33,32,1,alpha_0,1.1145104378085515
tfim_h0.5,"TFIM (J=1, h=0.5)",10,6,entanglement_residual,Entanglement + residual,49,3,sum,7.236138838111277,2.546007732836155,11.289227653904256,0.11709706537413953,42.79993582589263,33,32,1,alpha_0,1.448672838438337
tfim_h0.5,"TFIM (J=1, h=0.5)",10,7,combined,Combined (A+B+C),0,3,sum,6.100636878964394,3.248478076162648,7.863534562376386,0.0,35.08186442907216,33,32,1,alpha_0,1.048147574715281
tfim_h0.5,"TFIM (J=1, h=0.5)",10,7,combined,Combined (A+B+C),1,3,sum,5.78502682550878,2.4425840660107205,7.940305226764774,0.0,36.93923605738136,33,32,1,alpha_0,1.5311548912626052
tfim_h0.5,"TFIM (J=1, h=0.5)",10,7,combined,Combined (A+B+C),2,3,sum,3.883013581369059,2.4035757745650232,4.869713026582438,0.0,23.817737522221247,33,32,1,alpha_0,1.8762278585546903
tfim_h0.5,"TFIM (J=1, h=0.5)",10,7,combined,Combined (A+B+C),3,3,sum,5.898497054887712,3.4799165940022982,6.582762572961258,0.0,24.789922241722316,33,32,1,alpha_0,1.5480257476688193
tfim_h0.5,"TFIM (J=1, h=0.5)",10,7,combined,Combined (A+B+C),4,3,sum,5.752877037726023,3.359981725054962,6.791059161994349,0.0,31.46695589133487,33,32,1,alpha_0,1.994543466989222
tfim_h0.5,"TFIM (J=1, h=0.5)",10,7,combined,Combined (A+B+C),5,3,sum,9.160581942597243,3.339365769873906,13.643159653557634,0.0,59.20177294636195,33,32,1,alpha_0,1.636925591245106
tfim_h0.5,"TFIM (J=1, h=0.5)",10,7,combined,Combined (A+B+C),6,3,sum,4.969907891461009,4.356871999558526,4.877140518069556,0.0,16.344859670154687,33,32,1,alpha_0,1.0944046646417451
tfim_h0.5,"TFIM (J=1, h=0.5)",10,7,combined,Combined (A+B+C),7,3,sum,3.69184602395116,0.6535671474407154,6.961988638191942,0.0,26.97303140921404,33,32,1,alpha_0,0.6424946236736627
tfim_h0.5,"TFIM (J=1, h=0.5)",10,7,combined,Combined (A+B+C),8,3,sum,6.412756160377026,3.326443392808036,8.455092552681027,0.0,32.65139376011984,33,32,1,alpha_0,0.8865938779259084
tfim_h0.5,"TFIM (J=1, h=0.5)",10,7,combined,Combined (A+B+C),9,3,sum,5.232522586445612,2.8330008805618405,5.986364802780552,0.0,19.62229077012667,33,32,1,alpha_0,1.5543914568411283
tfim_h0.5,"TFIM (J=1, h=0.5)",10,7,combined,Combined (A+B+C),10,3,sum,5.849623688016123,3.3589740094513996,6.852854383904936,0.0,26.983797959022592,33,32,1,alpha_0,1.7665527064798698
tfim_h0.5,"TFIM (J=1, h=0.5)",10,7,combined,Combined (A+B+C),11,3,sum,5.4686273903590905,3.8440524435047054,6.724940537440227,0.0,30.82648523299056,33,32,1,alpha_0,0.7819391581640136
tfim_h0.5,"TFIM (J=1, h=0.5)",10,7,combined,Combined (A+B+C),12,3,sum,5.2919122527538995,1.9408619374267275,6.863510648422156,0.0,23.734636182603698,33,32,1,alpha_0,2.2601248003097494
tfim_h0.5,"TFIM (J=1, h=0.5)",10,7,combined,Combined (A+B+C),13,3,sum,9.892014491816767,3.4843525713285413,13.657961680438614,0.0,55.104040033452,33,32,1,alpha_0,2.675240289666508
tfim_h0.5,"TFIM (J=1, h=0.5)",10,7,combined,Combined (A+B+C),14,3,sum,4.914443819031942,1.5932119085206817,7.16855646126668,0.0,32.8862325995828,33,32,1,alpha_0,2.003803699480547
tfim_h0.5,"TFIM (J=1, h=0.5)",10,7,combined,Combined (A+B+C),15,3,sum,7.3347522423476095,0.9003442287965244,14.008754302239685,0.0,63.677003757151475,33,32,1,alpha_0,1.4830507216943092
tfim_h0.5,"TFIM (J=1, h=0.5)",10,7,combined,Combined (A+B+C),16,3,sum,6.217391958665454,3.44284116180397,8.066018244815625,0.0,36.597548871288154,33,32,1,alpha_0,2.0814280313507183
tfim_h0.5,"TFIM (J=1, h=0.5)",10,7,combined,Combined (A+B+C),17,3,sum,4.153836127498533,1.2402144886360356,6.289204126505628,0.0,28.291170869562645,33,32,1,alpha_0,1.9077663955269522
tfim_h0.5,"TFIM (J=1, h=0.5)",10,7,combined,Combined (A+B+C),18,3,sum,6.741061436607942,3.4818386282878606,9.98207105504851,0.0,42.465789282693095,33,32,1,alpha_0,1.9219867606634333
tfim_h0.5,"TFIM (J=1, h=0.5)",10,7,combined,Combined (A+B+C),19,3,sum,4.711835469070665,2.588084295988278,7.29607522913152,0.0,32.719854524186864,33,32,1,alpha_0,0.6701229585554557
tfim_h0.5,"TFIM (J=1, h=0.5)",10,7,combined,Combined (A+B+C),20,3,sum,3.7133332232431684,0.696997208870221,6.126962945358499,0.0,23.67512548015618,33,32,1,alpha_0,0.8747934179659369
tfim_h0.5,"TFIM (J=1, h=0.5)",10,7,combined,Combined (A+B+C),21,3,sum,5.741304114729738,1.8502433154031062,8.011213989301359,0.0,34.673038541930865,33,32,1,alpha_0,1.479262612912305
tfim_h0.5,"TFIM (J=1, h=0.5)",10,7,combined,Combined (A+B+C),22,3,sum,5.267195035700837,1.6885466055746445,7.096916124002252,0.0,26.854944516398472,33,32,1,alpha_0,0.9110521578679913
tfim_h0.5,"TFIM (J=1, h=0.5)",10,7,combined,Combined (A+B+C),23,3,sum,4.383273599312375,2.466471733732784,5.653783013407476,0.0,23.539077632183375,33,32,1,alpha_0,1.9042683057063046
tfim_h0.5,"TFIM (J=1, h=0.5)",10,7,combined,Combined (A+B+C),24,3,sum,4.10570818228826,1.4191787607128528,6.665902098391838,0.0,33.457986584419736,33,32,1,alpha_0,1.117540635130473
tfim_h0.5,"TFIM (J=1, h=0.5)",10,7,combined,Combined (A+B+C),25,3,sum,5.9339270303495395,1.61699082492419,10.590779936204992,0.0,55.648574698918004,33,32,1,alpha_0,1.8604164048481333
tfim_h0.5,"TFIM (J=1, h=0.5)",10,7,combined,Combined (A+B+C),26,3,sum,5.421454225641727,1.9501162473836142,7.804782183370197,0.0,34.635538803194954,33,32,1,alpha_0,0.9468050183795709
tfim_h0.5,"TFIM (J=1, h=0.5)",10,7,combined,Combined (A+B+C),27,3,sum,5.571879680655753,3.655647620386996,6.2208497850027,0.0,25.20166043163317,33,32,1,alpha_0,1.968406265101009
tfim_h0.5,"TFIM (J=1, h=0.5)",10,7,combined,Combined (A+B+C),28,3,sum,6.505713646567067,0.6639095574671903,11.188532627200452,0.0,42.725004970433424,33,32,1,alpha_0,1.914818482278512
tfim_h0.5,"TFIM (J=1, h=0.5)",10,7,combined,Combined (A+B+C),29,3,sum,5.695993477738368,2.4364100169798135,6.803704762217511,0.0,26.444983871803448,33,32,1,alpha_0,1.8439277864758488
tfim_h0.5,"TFIM (J=1, h=0.5)",10,7,combined,Combined (A+B+C),30,3,sum,5.326411757789937,3.1526459759721766,5.900984358553839,0.0,20.69011019493458,33,32,1,alpha_0,1.4350767540540996
tfim_h0.5,"TFIM (J=1, h=0.5)",10,7,combined,Combined (A+B+C),31,3,sum,6.5980787567425505,1.4258639413352823,10.151962172710794,0.0,35.94134052596788,33,32,1,alpha_0,1.5990961043774983
tfim_h0.5,"TFIM (J=1, h=0.5)",10,7,combined,Combined (A+B+C),32,3,sum,3.7140308136506945,0.8678659605092269,7.391947329696749,0.0,33.33884317063042,33,32,1,alpha_0,0.9503700382766558
tfim_h0.5,"TFIM (J=1, h=0.5)",10,7,combined,Combined (A+B+C),33,3,sum,3.525880173507517,1.1383993135760417,7.3026838339386835,0.0,40.164484346443324,33,32,1,alpha_0,1.0266248638314655
tfim_h0.5,"TFIM (J=1, h=0.5)",10,7,combined,Combined (A+B+C),34,3,sum,6.07784280142391,1.907698536490844,10.342390141744831,0.0,47.01975608728627,33,32,1,alpha_0,1.5065943220164995
tfim_h0.5,"TFIM (J=1, h=0.5)",10,7,combined,Combined (A+B+C),35,3,sum,6.508974604210998,3.322036546425203,8.942776957016564,0.0,33.81001467492111,33,32,1,alpha_0,1.8745444547531502
tfim_h0.5,"TFIM (J=1, h=0.5)",10,7,combined,Combined (A+B+C),36,3,sum,2.819970144066377,0.5884425343755141,5.865433602937886,0.0,28.104980753746684,33,32,1,alpha_0,1.0208768785319373
tfim_h0.5,"TFIM (J=1, h=0.5)",10,7,combined,Combined (A+B+C),37,3,sum,5.688207277432283,2.4753661971793903,8.52289526919999,0.0,38.34061321414459,33,32,1,alpha_0,1.7246981534274237
tfim_h0.5,"TFIM (J=1, h=0.5)",10,7,combined,Combined (A+B+C),38,3,sum,4.306860174023779,2.640183154224146,5.577317565304582,0.0,25.65220191762054,33,32,1,alpha_0,0.7047037482861604
tfim_h0.5,"TFIM (J=1, h=0.5)",10,7,combined,Combined (A+B+C),39,3,sum,5.54217173604361,3.8015706277883625,6.0229649840445685,0.0,22.780028872872503,33,32,1,alpha_0,1.092763388023494
tfim_h0.5,"TFIM (J=1, h=0.5)",10,7,combined,Combined (A+B+C),40,3,sum,5.892908180882285,2.803962880893991,8.245732316443759,0.0,33.65100022244187,33,32,1,alpha_0,1.3512815614371234
tfim_h0.5,"TFIM (J=1, h=0.5)",10,7,combined,Combined (A+B+C),41,3,sum,4.778740121570367,2.015486583991891,6.219080133389193,0.0,25.78647596756616,33,32,1,alpha_0,1.4840777804379741
tfim_h0.5,"TFIM (J=1, h=0.5)",10,7,combined,Combined (A+B+C),42,3,sum,4.828688526445593,1.6230307142113345,6.872492625410697,0.0,25.93378146877068,33,32,1,alpha_0,1.7044713309304733
tfim_h0.5,"TFIM (J=1, h=0.5)",10,7,combined,Combined (A+B+C),43,3,sum,4.4009416387447935,0.9274821733347351,7.630354370010941,0.0,35.58339024862762,33,32,1,alpha_0,1.0542337222677225
tfim_h0.5,"TFIM (J=1, h=0.5)",10,7,combined,Combined (A+B+C),44,3,sum,5.965255350387083,2.27513245056567,8.255635719475015,0.0,30.63769472477701,33,32,1,alpha_0,1.7653250824559055
tfim_h0.5,"TFIM (J=1, h=0.5)",10,7,combined,Combined (A+B+C),45,3,sum,6.758413599648817,2.3568096591681984,8.5709579939025,0.0,28.14762264566903,33,32,1,alpha_0,1.9371803777442262
tfim_h0.5,"TFIM (J=1, h=0.5)",10,7,combined,Combined (A+B+C),46,3,sum,6.060645389631439,2.7299875921205694,7.432156462746135,0.0,27.005222657492226,33,32,1,alpha_0,2.140539595111909
tfim_h0.5,"TFIM (J=1, h=0.5)",10,7,combined,Combined (A+B+C),47,3,sum,6.0117135361799745,2.335503969499615,8.362970368153814,0.0,28.055433673969638,33,32,1,alpha_0,1.1105773549930948
tfim_h0.5,"TFIM (J=1, h=0.5)",10,7,combined,Combined (A+B+C),48,3,sum,3.8685614756660582,1.8620968448761617,5.358737786014109,0.0,20.85406447348731,33,32,1,alpha_0,0.8191871147856719
tfim_h0.5,"TFIM (J=1, h=0.5)",10,7,combined,Combined (A+B+C),49,3,sum,5.963183262618152,0.38110781386407466,11.925143629671215,0.0,44.62682356672893,33,32,1,alpha_0,1.1461976145220645
tfim_h2.0,"TFIM (J=1, h=2.0)",4,1,baseline,Baseline (HEA),0,3,sum,6.386222325389856,5.086148333917825,4.63580015372184,0.46509605055886755,16.86110582611628,12,12,0,,0.5323959935783674
tfim_h2.0,"TFIM (J=1, h=2.0)",4,1,baseline,Baseline (HEA),1,3,sum,10.686657218329174,7.7471817464688755,9.25030424757581,0.16019525715246163,34.52830778974464,12,12,0,,0.9474422800051384
tfim_h2.0,"TFIM (J=1, h=2.0)",4,1,baseline,Baseline (HEA),2,3,sum,11.788450691568643,7.140545006018583,10.515946566529596,1.4272556987897334,34.14311445539304,12,12,0,,0.9734923880906846
tfim_h2.0,"TFIM (J=1, h=2.0)",4,1,baseline,Baseline (HEA),3,3,sum,8.792688022885626,6.9838855885000815,8.926006391354358,1.1112434015056514,32.492793546796946,12,12,0,,0.7255418788498487
tfim_h2.0,"TFIM (J=1, h=2.0)",4,1,baseline,Baseline (HEA),4,3,sum,8.337457194793371,7.001696288586141,6.30065536576568,1.0228641966464318,18.179625188776054,12,12,0,,0.5182019897770308
tfim_h2.0,"TFIM (J=1, h=2.0)",4,1,baseline,Baseline (HEA),5,3,sum,10.768246687593747,7.714235952472415,9.904338991042444,0.2892676783060154,37.34461874109709,12,12,0,,1.0213517102511396
tfim_h2.0,"TFIM (J=1, h=2.0)",4,1,baseline,Baseline (HEA),6,3,sum,16.280790399968,4.8698645110532395,24.206014191988423,0.28713605645386786,77.48995504633086,12,12,0,,1.5262575982750748
tfim_h2.0,"TFIM (J=1, h=2.0)",4,1,baseline,Baseline (HEA),7,3,sum,12.15064314624025,13.48541118512771,5.535155441834268,1.6417786063268398,19.673629855128524,12,12,0,,1.0246742003765676
tfim_h2.0,"TFIM (J=1, h=2.0)",4,1,baseline,Baseline (HEA),8,3,sum,13.997108607296221,12.32522158054308,8.41384357832334,2.711004952065804,31.685715147271914,12,12,0,,1.2500703667518651
tfim_h2.0,"TFIM (J=1, h=2.0)",4,1,baseline,Baseline (HEA),9,3,sum,13.066863141722552,12.729414008509039,8.619881781396915,0.3968261594345232,27.50368531263914,12,12,0,,1.0141108936961036
tfim_h2.0,"TFIM (J=1, h=2.0)",4,1,baseline,Baseline (HEA),10,3,sum,11.711447411225699,7.341234863339011,8.098046045012902,2.338566518481961,28.183064249552984,12,12,0,,1.0127374217630665
tfim_h2.0,"TFIM (J=1, h=2.0)",4,1,baseline,Baseline (HEA),11,3,sum,10.883253732155476,8.702682708631809,9.843614162150661,0.3168688540490739,31.528931240402088,12,12,0,,1.001652827622347
tfim_h2.0,"TFIM (J=1, h=2.0)",4,1,baseline,Baseline (HEA),12,3,sum,15.571953728090444,15.050696798686298,8.292086767494155,0.04805180879982646,31.964006072522146,12,12,0,,1.2627868179771864
tfim_h2.0,"TFIM (J=1, h=2.0)",4,1,baseline,Baseline (HEA),13,3,sum,10.24636620181361,9.216702107624162,7.146227656352457,3.044931759955184,29.286625945249373,12,12,0,,0.7781536481902475
tfim_h2.0,"TFIM (J=1, h=2.0)",4,1,baseline,Baseline (HEA),14,3,sum,11.41010502934652,11.112182756527426,11.278895617290663,0.514487192281139,42.90814967292429,12,12,0,,0.9051509768147321
tfim_h2.0,"TFIM (J=1, h=2.0)",4,1,baseline,Baseline (HEA),15,3,sum,9.573783317447486,6.936176292495429,8.387487733427944,0.24229520505402533,25.597795934410463,12,12,0,,0.8452814075188392
tfim_h2.0,"TFIM (J=1, h=2.0)",4,1,baseline,Baseline (HEA),16,3,sum,15.955911687970037,16.025776633128245,10.054546231840167,0.4559879575288684,33.9821178993494,12,12,0,,1.4401161588425777
tfim_h2.0,"TFIM (J=1, h=2.0)",4,1,baseline,Baseline (HEA),17,3,sum,14.371927218927397,12.920530720164528,9.113550333118866,0.3960970148551934,29.892854499936348,12,12,0,,1.3012404584425252
tfim_h2.0,"TFIM (J=1, h=2.0)",4,1,baseline,Baseline (HEA),18,3,sum,7.354492798742492,5.189126089461115,5.145414994143531,1.185935945332171,16.627373140576974,12,12,0,,0.6153829093936359
tfim_h2.0,"TFIM (J=1, h=2.0)",4,1,baseline,Baseline (HEA),19,3,sum,8.877577758151082,7.4251296994466855,6.026183088785654,1.1637069597327327,19.314381556792554,12,12,0,,0.6909380028001916
tfim_h2.0,"TFIM (J=1, h=2.0)",4,1,baseline,Baseline (HEA),20,3,sum,4.846501539355978,4.000410909169656,4.107071630490472,0.6078923213632154,16.391133669526187,12,12,0,,0.4329580847791425
tfim_h2.0,"TFIM (J=1, h=2.0)",4,1,baseline,Baseline (HEA),21,3,sum,10.32933986759735,9.574761510220654,6.779265345443728,0.6163060441648225,19.931240963755073,12,12,0,,0.772972350148354
tfim_h2.0,"TFIM (J=1, h=2.0)",4,1,baseline,Baseline (HEA),22,3,sum,6.562275502874222,6.3844883224536915,3.879469439184233,0.0631832546399407,11.648905866772946,12,12,0,,0.5804967935024054
tfim_h2.0,"TFIM (J=1, h=2.0)",4,1,baseline,Baseline (HEA),23,3,sum,9.805315411142109,8.972546959563623,6.319739337223682,0.9380033760408181,21.769076753167493,12,12,0,,0.8496413577405136
tfim_h2.0,"TFIM (J=1, h=2.0)",4,1,baseline,Baseline (HEA),24,3,sum,7.326892894134361,5.5679188533734525,6.109992238726223,1.369474213275394,24.886856667028688,12,12,0,,0.7736067181488284
tfim_h2.0,"TFIM (J=1, h=2.0)",4,1,baseline,Baseline (HEA),25,3,sum,13.933277800729776,12.48448114245606,7.739932682538462,1.2413776823375344,28.425752891407953,12,12,0,,1.16124228670281
tfim_h2.0,"TFIM (J=1, h=2.0)",4,1,baseline,Baseline (HEA),26,3,sum,10.301864813821584,11.015577883166262,3.7561347178589357,2.3258844818387514,15.202580023782716,12,12,0,,0.8898153024256285
tfim_h2.0,"TFIM (J=1, h=2.0)",4,1,baseline,Baseline (HEA),27,3,sum,10.496128419358323,9.991583538724662,8.695217832202509,0.15070868714912453,27.60465994600081,12,12,0,,0.7689664565848151
tfim_h2.0,"TFIM (J=1, h=2.0)",4,1,baseline,Baseline (HEA),28,3,sum,12.439663720020087,13.207199852692789,7.450685127854035,1.3282252097166538,28.223326381076795,12,12,0,,1.3049178668968835
tfim_h2.0,"TFIM (J=1, h=2.0)",4,1,baseline,Baseline (HEA),29,3,sum,10.317000732275702,6.808743908880388,9.2915360225777,1.3732024249886778,26.376268566178076,12,12,0,,0.7983168589727959
tfim_h2.0,"TFIM (J=1, h=2.0)",4,1,baseline,Baseline (HEA),30,3,sum,14.057832287394277,11.846181131624023,10.060203764037933,1.4711988361277828,32.909674593055875,12,12,0,,1.279034731704507
tfim_h2.0,"TFIM (J=1, h=2.0)",4,1,baseline,Baseline (HEA),31,3,sum,8.61606726050073,8.905443572686119,6.237832821285237,0.1755768587940396,19.657722150782515,12,12,0,,0.7644687565030663
tfim_h2.0,"TFIM (J=1, h=2.0)",4,1,baseline,Baseline (HEA),32,3,sum,15.302586642160335,9.16123213047462,12.222324542993308,2.587239903458147,37.234613762489765,12,12,0,,1.464133736046101
tfim_h2.0,"TFIM (J=1, h=2.0)",4,1,baseline,Baseline (HEA),33,3,sum,11.32782944852874,10.805156748541041,7.254187903224258,0.8292480750665197,28.363854145268935,12,12,0,,0.956721498761517
tfim_h2.0,"TFIM (J=1, h=2.0)",4,1,baseline,Baseline (HEA),34,3,sum,12.871942404416151,8.239997901905923,10.292872065941566,4.0021149207420885,34.49902436719336,12,12,0,,1.184916211139181
tfim_h2.0,"TFIM (J=1, h=2.0)",4,1,baseline,Baseline (HEA),35,3,sum,9.976486291328602,9.056215761518793,6.287800770513444,0.5530522774309606,22.912039611330492,12,12,0,,0.7655477535801625
tfim_h2.0,"TFIM (J=1, h=2.0)",4,1,baseline,Baseline (HEA),36,3,sum,9.066994259966416,9.020299370853675,6.677288919851495,1.999847080734856,23.396642491896365,12,12,0,,1.0334199658480194
tfim_h2.0,"TFIM (J=1, h=2.0)",4,1,baseline,Baseline (HEA),37,3,sum,12.254948556112877,12.796424437984378,5.40075207083974,2.937734912353208,21.886937496986427,12,12,0,,1.1229397990967762
tfim_h2.0,"TFIM (J=1, h=2.0)",4,1,baseline,Baseline (HEA),38,3,sum,12.910675969628329,12.319255293905607,6.934997077431187,1.3111898932925852,26.28544761824256,12,12,0,,1.1838480490651107
tfim_h2.0,"TFIM (J=1, h=2.0)",4,1,baseline,Baseline (HEA),39,3,sum,9.929654690231411,9.028846529418416,4.978524066116206,3.5312392403950383,19.950989826950956,12,12,0,,0.8141523384694804
tfim_h2.0,"TFIM (J=1, h=2.0)",4,1,baseline,Baseline (HEA),40,3,sum,8.581951287578343,5.1612154649746635,7.79536456301016,0.19795521831679497,24.446441354591506,12,12,0,,0.8158618371844818
tfim_h2.0,"TFIM (J=1, h=2.0)",4,1,baseline,Baseline (HEA),41,3,sum,7.88380831854752,5.189783915967078,9.424215781722065,0.08758439689841728,33.995825707987194,12,12,0,,0.6307488671836408
tfim_h2.0,"TFIM (J=1, h=2.0)",4,1,baseline,Baseline (HEA),42,3,sum,9.8526957541684,8.453295585033025,5.592689687942713,1.9885763919507498,19.623724427937717,12,12,0,,0.7973219122374964
tfim_h2.0,"TFIM (J=1, h=2.0)",4,1,baseline,Baseline (HEA),43,3,sum,12.204973937306136,8.420260580150028,12.841686662709034,0.6295919994794473,38.33266029993375,12,12,0,,1.028925081574504
tfim_h2.0,"TFIM (J=1, h=2.0)",4,1,baseline,Baseline (HEA),44,3,sum,8.995676225960556,7.596670419000086,6.606202489285773,1.1874131252344846,21.931797174254786,12,12,0,,0.926457255713859
tfim_h2.0,"TFIM (J=1, h=2.0)",4,1,baseline,Baseline (HEA),45,3,sum,9.296996602987528,7.718094910040943,7.53367973752054,0.6783875207353839,22.915053008499402,12,12,0,,0.6799114568849124
tfim_h2.0,"TFIM (J=1, h=2.0)",4,1,baseline,Baseline (HEA),46,3,sum,13.00853975939989,11.638739086435013,7.060843747024145,1.2690336248597747,24.323288886774066,12,12,0,,1.1220453717790873
tfim_h2.0,"TFIM (J=1, h=2.0)",4,1,baseline,Baseline (HEA),47,3,sum,7.9680902033868755,6.132216428255351,7.8340579890731945,0.45725059029272375,32.220884725595,12,12,0,,0.6799469793296907
tfim_h2.0,"TFIM (J=1, h=2.0)",4,1,baseline,Baseline (HEA),48,3,sum,10.928479678696746,9.43692016791075,10.854138580533046,1.1447043181561103,43.100343711015725,12,12,0,,0.7962516834563823
tfim_h2.0,"TFIM (J=1, h=2.0)",4,1,baseline,Baseline (HEA),49,3,sum,13.758432245823576,10.941563645393838,9.380218267124734,0.9336647248133062,34.62688793518451,12,12,0,,1.3662990789516904
tfim_h2.0,"TFIM (J=1, h=2.0)",4,2,entanglement_only,Constrained entanglement only,0,3,sum,10.99075135702214,7.692212485110004,7.157463215216785,2.4578936597409715,22.831920820166054,12,12,0,,0.8166825407472809
tfim_h2.0,"TFIM (J=1, h=2.0)",4,2,entanglement_only,Constrained entanglement only,1,3,sum,13.056456570123096,15.180260294423544,9.770235352026186,0.8497048626889808,33.58313334721667,12,12,0,,1.2120565285495735
tfim_h2.0,"TFIM (J=1, h=2.0)",4,2,entanglement_only,Constrained entanglement only,2,3,sum,14.293839072554183,15.001671402226982,6.948372449641203,2.684075436749963,25.226822176077686,12,12,0,,1.067322360617906
tfim_h2.0,"TFIM (J=1, h=2.0)",4,2,entanglement_only,Constrained entanglement only,3,3,sum,11.552581684613672,5.6488185278279115,11.765542946384176,0.45162603170964166,32.29647336051726,12,12,0,,0.894869088390634
tfim_h2.0,"TFIM (J=1, h=2.0)",4,2,entanglement_only,Constrained entanglement only,4,3,sum,15.73967417517086,16.068646697212877,11.164978217357179,1.345309809706154,32.99190182254049,12,12,0,,0.9214803341467693
tfim_h2.0,"TFIM (J=1, h=2.0)",4,2,entanglement_only,Constrained entanglement only,5,3,sum,15.994650270719555,16.438923479782282,8.976802578510538,1.3457795637794518,32.39168583768583,12,12,0,,1.5263082870408218
tfim_h2.0,"TFIM (J=1, h=2.0)",4,2,entanglement_only,Constrained entanglement only,6,3,sum,14.242340033025314,8.266422350029956,16.438038713502337,0.06268979874368479,50.61253022193272,12,12,0,,1.268718386030828
tfim_h2.0,"TFIM (J=1, h=2.0)",4,2,entanglement_only,Constrained entanglement only,7,3,sum,15.561666530374021,12.150790911701842,9.130131216265182,4.795589648476918,30.483454328464443,12,12,0,,1.304853352531481
tfim_h2.0,"TFIM (J=1, h=2.0)",4,2,entanglement_only,Constrained entanglement only,8,3,sum,10.785201426472701,7.696006787135762,9.226327436317948,0.35033391238737377,29.770130871930796,12,12,0,,0.9055233414498947
tfim_h2.0,"TFIM (J=1, h=2.0)",4,2,entanglement_only,Constrained entanglement only,9,3,sum,13.579946428810972,13.341142887032747,6.925318591340383,2.318819188985219,24.488601631584423,12,12,0,,0.7095416864098003
tfim_h2.0,"TFIM (J=1, h=2.0)",4,2,entanglement_only,Constrained entanglement only,10,3,sum,10.152907570300014,9.995528271713763,7.65431982215111,0.7815437749367844,19.551808237558944,12,12,0,,0.7285073226496315
tfim_h2.0,"TFIM (J=1, h=2.0)",4,2,entanglement_only,Constrained entanglement only,11,3,sum,16.27387754004256,17.88405328184525,7.351007045209628,0.41780492340411757,28.906319901155864,12,12,0,,1.5942711100790572
tfim_h2.0,"TFIM (J=1, h=2.0)",4,2,entanglement_only,Constrained entanglement only,12,3,sum,11.865798663738332,11.637733426148618,8.753270216365186,0.11968662147509826,31.18162026308932,12,12,0,,0.8872414008138869
tfim_h2.0,"TFIM (J=1, h=2.0)",4,2,entanglement_only,Constrained entanglement only,13,3,sum,13.729826499620884,8.83811186677568,13.728775347352395,0.10452608089241955,44.03530430161822,12,12,0,,1.161442492373088
tfim_h2.0,"TFIM (J=1, h=2.0)",4,2,entanglement_only,Constrained entanglement only,14,3,sum,8.361807690670632,7.15426591631937,5.823444632758724,0.6715285893396169,23.13310235655528,12,12,0,,0.7198995913573007
tfim_h2.0,"TFIM (J=1, h=2.0)",4,2,entanglement_only,Constrained entanglement only,15,3,sum,11.3821664351075,4.723567544401442,10.536743054924472,2.8043800700104247,34.725000119597475,12,12,0,,1.1183439853634496
tfim_h2.0,"TFIM (J=1, h=2.0)",4,2,entanglement_only,Constrained entanglement only,16,3,sum,14.554309047575407,11.759477818765944,9.561426501314697,4.312490397238695,30.25039220169912,12,12,0,,1.3462379780668963
tfim_h2.0,"TFIM (J=1, h=2.0)",4,2,entanglement_only,Constrained entanglement only,17,3,sum,7.726946440204373,4.203664192603247,5.957257806571063,1.074000946135659,16.891032826135227,12,12,0,,0.5510896218268172
tfim_h2.0,"TFIM (J=1, h=2.0)",4,2,entanglement_only,Constrained entanglement only,18,3,sum,9.708229685197788,7.221431188228948,8.448856925089064,0.10949748786441227,32.415481554822314,12,12,0,,0.8120344023803595
tfim_h2.0,"TFIM (J=1, h=2.0)",4,2,entanglement_only,Constrained entanglement only,19,3,sum,14.270450882644424,11.894680338429303,10.371822773578414,2.6057661293472525,32.83809565258516,12,12,0,,1.4618191592314365
tfim_h2.0,"TFIM (J=1, h=2.0)",4,2,entanglement_only,Constrained entanglement only,20,3,sum,10.864049880084416,6.988751890836423,8.674680800383477,1.7551294409497766,24.393849475980637,12,12,0,,0.8796772660017727
tfim_h2.0,"TFIM (J=1, h=2.0)",4,2,entanglement_only,Constrained entanglement only,21,3,sum,9.162868945007665,5.771234689261438,7.387586647902891,0.6906595354475435,28.69552861226301,12,12,0,,0.5968329035901918
tfim_h2.0,"TFIM (J=1, h=2.0)",4,2,entanglement_only,Constrained entanglement only,22,3,sum,17.479693240451436,13.755131318169777,14.883141638103297,0.9270631401596988,41.27558060299005,12,12,0,,1.3833948488185153
tfim_h2.0,"TFIM (J=1, h=2.0)",4,2,entanglement_only,Constrained entanglement only,23,3,sum,9.486138702958952,4.5566622387278946,8.685144572937435,1.1248045811212792,24.789183726939513,12,12,0,,0.5549331746394709
tfim_h2.0,"TFIM (J=1, h=2.0)",4,2,entanglement_only,Constrained entanglement only,24,3,sum,10.882867192361843,7.56704460949026,8.137869818484234,0.5117630593420125,25.309073482169246,12,12,0,,0.7152864687185518
tfim_h2.0,"TFIM (J=1, h=2.0)",4,2,entanglement_only,Constrained entanglement only,25,3,sum,19.252809498784167,16.49267092156889,14.341994219274042,0.13323379859856135,46.7301028337847,12,12,0,,1.5885788351596444
tfim_h2.0,"TFIM (J=1, h=2.0)",4,2,entanglement_only,Constrained entanglement only,26,3,sum,14.054313411286858,14.801036654089419,6.9069348923205105,2.9576321280436395,24.31366178099542,12,12,0,,0.8760882328897677
tfim_h2.0,"TFIM (J=1, h=2.0)",4,2,entanglement_only,Constrained entanglement only,27,3,sum,17.359453129328543,13.054859751035135,13.872368489543435,1.1221928133856265,43.97584446757811,12,12,0,,1.0467161187199707
tfim_h2.0,"TFIM (J=1, h=2.0)",4,2,entanglement_only,Constrained entanglement only,28,3,sum,11.94356112050918,11.120687592312098,7.95274249617185,3.0170461722561934,28.17163944969309,12,12,0,,1.0272341721740512
tfim_h2.0,"TFIM (J=1, h=2.0)",4,2,entanglement_only,Constrained entanglement only,29,3,sum,13.479458344974196,10.881015958089188,8.692529747902983,1.9888361260681025,27.93489210482817,12,12,0,,0.8197267371433482
tfim_h2.0,"TFIM (J=1, h=2.0)",4,2,entanglement_only,Constrained entanglement only,30,3,sum,17.550024666850337,22.024162290933205,9.217069866949013,0.5573005713844515,26.87533913959885,12,12,0,,1.6387966832245509
tfim_h2.0,"TFIM (J=1, h=2.0)",4,2,entanglement_only,Constrained entanglement only,31,3,sum,10.01540189639133,9.252880629462192,5.825060581568976,2.1347304805647997,26.804325501633517,12,12,0,,0.8115344051991379
tfim_h2.0,"TFIM (J=1, h=2.0)",4,2,entanglement_only,Constrained entanglement only,32,3,sum,11.061480041892876,9.255146673132664,6.210037560769219,3.6223782490760525,22.252933989343344,12,12,0,,1.0274967248672198
tfim_h2.0,"TFIM (J=1, h=2.0)",4,2,entanglement_only,Constrained entanglement only,33,3,sum,14.737930772114181,13.335057761632523,8.823685816099484,2.3909294092992304,27.721079207578672,12,12,0,,1.2627777948995362
tfim_h2.0,"TFIM (J=1, h=2.0)",4,2,entanglement_only,Constrained entanglement only,34,3,sum,15.91976240586469,14.714858816016687,6.45556685257653,9.443073184037061,35.37043288523952,12,12,0,,1.2819226406344812
tfim_h2.0,"TFIM (J=1, h=2.0)",4,2,entanglement_only,Constrained entanglement only,35,3,sum,14.274222677426444,8.223315573036189,11.92324872943376,2.302092735987262,38.708446822719196,12,12,0,,1.3121711856593288
tfim_h2.0,"TFIM (J=1, h=2.0)",4,2,entanglement_only,Constrained entanglement only,36,3,sum,12.283759541355659,6.5682427045119365,13.29236019882469,0.11969457288654793,45.498528792340736,12,12,0,,1.1173092761517507
tfim_h2.0,"TFIM (J=1, h=2.0)",4,2,entanglement_only,Constrained entanglement only,37,3,sum,11.094596169689178,10.002925480247054,7.073776702086699,3.2511029285808273,23.143337741935696,12,12,0,,0.8153139208848046
tfim_h2.0,"TFIM (J=1, h=2.0)",4,2,entanglement_only,Constrained entanglement only,38,3,sum,14.941548182278995,10.899859263221778,12.208150686173052,1.8134595299129759,40.227202286196395,12,12,0,,1.045612902233288
tfim_h2.0,"TFIM (J=1, h=2.0)",4,2,entanglement_only,Constrained entanglement only,39,3,sum,17.625499534962763,12.937518048389101,16.43973527279708,0.05231019001046296,42.00501432134017,12,12,0,,1.2529496211359552
tfim_h2.0,"TFIM (J=1, h=2.0)",4,2,entanglement_only,Constrained entanglement only,40,3,sum,16.334576360974733,13.961469805351424,14.029266585184734,0.6035539952774923,42.71247507732686,12,12,0,,1.275344666600373
tfim_h2.0,"TFIM (J=1, h=2.0)",4,2,entanglement_only,Constrained entanglement only,41,3,sum,12.065334458250227,9.364128081459018,8.808342691327091,1.6706109347521345,27.569732048739564,12,12,0,,0.9833408328907088
tfim_h2.0,"TFIM (J=1, h=2.0)",4,2,entanglement_only,Constrained entanglement only,42,3,sum,15.980790650999937,11.364045731928066,10.603755635030554,6.571075376807663,33.73374338632053,12,12,0,,1.4096936315585307
tfim_h2.0,"TFIM (J=1, h=2.0)",4,2,entanglement_only,Constrained entanglement only,43,3,sum,12.062707412014626,6.313140906695682,12.43992399419968,0.23384365668535595,32.9548555394719,12,12,0,,0.7121483301786259
tfim_h2.0,"TFIM (J=1, h=2.0)",4,2,entanglement_only,Constrained entanglement only,44,3,sum,12.171994821761883,10.660096150113475,9.598726304583767,2.167113950839789,27.576822738833943,12,12,0,,0.8692858997834708
tfim_h2.0,"TFIM (J=1, h=2.0)",4,2,entanglement_only,Constrained entanglement only,45,3,sum,17.603421873067287,7.212839621977794,23.990783629723335,3.0654468205899383,77.95707076882454,12,12,0,,1.2886562726927633
tfim_h2.0,"TFIM (J=1, h=2.0)",4,2,entanglement_only,Constrained entanglement only,46,3,sum,18.36171401306071,19.330675025469226,9.946095869852892,6.112116614212239,38.619197622198946,12,12,0,,1.7411077182222305
tfim_h2.0,"TFIM (J=1, h=2.0)",4,2,entanglement_only,Constrained entanglement only,47,3,sum,16.762109559582186,9.213877644312786,12.67503466900855,5.381081094153082,39.72773078240111,12,12,0,,1.1371606968715449
tfim_h2.0,"TFIM (J=1, h=2.0)",4,2,entanglement_only,Constrained entanglement only,48,3,sum,18.61420437277882,16.285081453752984,12.838683596966096,1.5592845080701534,37.04949270945825,12,12,0,,1.590292101022812
tfim_h2.0,"TFIM (J=1, h=2.0)",4,2,entanglement_only,Constrained entanglement only,49,3,sum,22.919487052591858,8.446833397233375,27.223872359935108,1.6656506198117613,76.54260280748622,12,12,0,,1.3731651374964529
tfim_h2.0,"TFIM (J=1, h=2.0)",4,3,local_cost_only,Local cost function only,0,3,sum,6.764786120138105,4.076951095219552,7.335791457316315,1.2432220538980504e-15,23.919487465455987,12,12,0,,0.1423496575419592
tfim_h2.0,"TFIM (J=1, h=2.0)",4,3,local_cost_only,Local cost function only,1,3,sum,9.846255666402788,1.7967960144415864,22.705592320202108,0.0,83.45941407294114,12,12,0,,0.13316780468058473
tfim_h2.0,"TFIM (J=1, h=2.0)",4,3,local_cost_only,Local cost function only,2,3,sum,13.95097140533757,2.27002861868949,21.737049514597327,0.0,70.1423859560843,12,12,0,,0.21329743882465446
tfim_h2.0,"TFIM (J=1, h=2.0)",4,3,local_cost_only,Local cost function only,3,3,sum,8.954200599331235,6.502880123369417,9.408027843825316,0.0,27.989314738761344,12,12,0,,0.18073997217037274
tfim_h2.0,"TFIM (J=1, h=2.0)",4,3,local_cost_only,Local cost function only,4,3,sum,11.29432006621868,3.264298526211933,17.329440362867295,1.3413580751171663e-15,53.19155968099896,12,12,0,,0.1871631741564003
tfim_h2.0,"TFIM (J=1, h=2.0)",4,3,local_cost_only,Local cost function only,5,3,sum,13.795030061066432,0.2538534206669463,29.96132186703485,0.0,107.02909212549758,12,12,0,,0.1682876842251367
tfim_h2.0,"TFIM (J=1, h=2.0)",4,3,local_cost_only,Local cost function only,6,3,sum,11.876402351361326,6.018711894218259,14.738487346096985,0.0,44.194666181982555,12,12,0,,0.21370720541130614
tfim_h2.0,"TFIM (J=1, h=2.0)",4,3,local_cost_only,Local cost function only,7,3,sum,7.974267053748221,2.2736345515745713,12.426455261010826,0.0,42.07171951269049,12,12,0,,0.14564832465736624
tfim_h2.0,"TFIM (J=1, h=2.0)",4,3,local_cost_only,Local cost function only,8,3,sum,3.484531989618868,2.257682379958207,3.6016333596980625,0.0,10.5377863187892,12,12,0,,0.06934910130145766
tfim_h2.0,"TFIM (J=1, h=2.0)",4,3,local_cost_only,Local cost function only,9,3,sum,12.88452062120046,6.24789790550081,20.426581244902717,1.2418718396996452e-15,76.43322850017184,12,12,0,,0.20666336435972266
tfim_h2.0,"TFIM (J=1, h=2.0)",4,3,local_cost_only,Local cost function only,10,3,sum,5.8625729046598565,4.596101880342715,6.180751574581502,0.0,18.71353528884335,12,12,0,,0.11957952579656476
tfim_h2.0,"TFIM (J=1, h=2.0)",4,3,local_cost_only,Local cost function only,11,3,sum,7.851335834156135,6.649192126789139,9.05200075434723,0.0,33.83266522061688,12,12,0,,0.15561461006375935
tfim_h2.0,"TFIM (J=1, h=2.0)",4,3,local_cost_only,Local cost function only,12,3,sum,14.500511536172304,5.408114394499782,19.841890771396553,0.0,63.60189074831352,12,12,0,,0.23560925802749177
tfim_h2.0,"TFIM (J=1, h=2.0)",4,3,local_cost_only,Local cost function only,13,3,sum,8.41100610574576,1.041755232821354,11.242010075633459,0.0,29.17426332102996,12,12,0,,0.1602010611545219
tfim_h2.0,"TFIM (J=1, h=2.0)",4,3,local_cost_only,Local cost function only,14,3,sum,23.336179316287442,1.707424079134551,57.08405618072846,0.0,210.35923312072552,12,12,0,,0.19778050153809237
tfim_h2.0,"TFIM (J=1, h=2.0)",4,3,local_cost_only,Local cost function only,15,3,sum,13.23780959596734,5.336744362388768,14.904081228732325,0.0,41.01430634289036,12,12,0,,0.2410384957473983
tfim_h2.0,"TFIM (J=1, h=2.0)",4,3,local_cost_only,Local cost function only,16,3,sum,8.597371959367303,6.79979004977602,9.277831849150278,0.0,29.518449262243756,12,12,0,,0.1741222147222913
tfim_h2.0,"TFIM (J=1, h=2.0)",4,3,local_cost_only,Local cost function only,17,3,sum,7.328012906936148,3.916084799467736,8.732542719008299,3.1205030058824703e-16,28.716900329844254,12,12,0,,0.14996951466470862
tfim_h2.0,"TFIM (J=1, h=2.0)",4,3,local_cost_only,Local cost function only,18,3,sum,8.385032440537644,5.641240491780239,8.984664125588504,0.0,26.06946459142549,12,12,0,,0.1666075078063319
tfim_h2.0,"TFIM (J=1, h=2.0)",4,3,local_cost_only,Local cost function only,19,3,sum,9.366734849696499,6.153822332828382,10.942277254858785,0.0,36.35661550223282,12,12,0,,0.18048393918530145
tfim_h2.0,"TFIM (J=1, h=2.0)",4,3,local_cost_only,Local cost function only,20,3,sum,4.756312188449276,5.841433138337052,3.8803435859163606,0.0,11.770994704192848,12,12,0,,0.08386368454124545
tfim_h2.0,"TFIM (J=1, h=2.0)",4,3,local_cost_only,Local cost function only,21,3,sum,9.713857207703835,4.022435755311914,12.831930066987933,3.103219029168533e-16,41.616347311410266,12,12,0,,0.1821123910863627
tfim_h2.0,"TFIM (J=1, h=2.0)",4,3,local_cost_only,Local cost function only,22,3,sum,12.443449019158399,1.6730267202465843,28.125157789031746,6.256630226141769e-16,102.83645204611872,12,12,0,,0.1552907613627982
tfim_h2.0,"TFIM (J=1, h=2.0)",4,3,local_cost_only,Local cost function only,23,3,sum,12.620965238155582,2.8623695901041755,15.38206226892094,0.0,48.22194302687412,12,12,0,,0.22394902676201514
tfim_h2.0,"TFIM (J=1, h=2.0)",4,3,local_cost_only,Local cost function only,24,3,sum,8.631587950843915,2.2389427576217447,11.132500064020483,0.0,34.98840294860835,12,12,0,,0.16201959847480693
tfim_h2.0,"TFIM (J=1, h=2.0)",4,3,local_cost_only,Local cost function only,25,3,sum,9.606402804512008,7.754123327342098,9.274579022550002,0.0,30.76905298537226,12,12,0,,0.19603167425915935
tfim_h2.0,"TFIM (J=1, h=2.0)",4,3,local_cost_only,Local cost function only,26,3,sum,13.313509648391323,3.437733177259805,21.54678526853509,0.0,66.19388352961059,12,12,0,,0.20287478498646005
tfim_h2.0,"TFIM (J=1, h=2.0)",4,3,local_cost_only,Local cost function only,27,3,sum,9.045854957169645,6.691964659744772,9.271861562752596,1.4066501725131665e-15,25.028493005989567,12,12,0,,0.18167591926477136
tfim_h2.0,"TFIM (J=1, h=2.0)",4,3,local_cost_only,Local cost function only,28,3,sum,6.76754356333529,2.2686131630313913,9.833429091030268,6.296504447323989e-16,32.81012354788855,12,12,0,,0.1348344757480927
tfim_h2.0,"TFIM (J=1, h=2.0)",4,3,local_cost_only,Local cost function only,29,3,sum,12.765076269398035,1.2906537371325242,20.115663283469342,3.1033141145213703e-16,54.72508482514332,12,12,0,,0.2019523813469728
tfim_h2.0,"TFIM (J=1, h=2.0)",4,3,local_cost_only,Local cost function only,30,3,sum,10.314768916702944,2.9298213276569607,14.37858526490382,0.0,47.79611150097117,12,12,0,,0.18509302291827665
tfim_h2.0,"TFIM (J=1, h=2.0)",4,3,local_cost_only,Local cost function only,31,3,sum,6.9602991693159595,3.2571617367191337,8.298474954415083,0.0,26.20044668154464,12,12,0,,0.1437952150482266
tfim_h2.0,"TFIM (J=1, h=2.0)",4,3,local_cost_only,Local cost function only,32,3,sum,11.286113524077257,1.4787276976923822,16.772244465277254,0.0,55.70903619294517,12,12,0,,0.19528884342936956
tfim_h2.0,"TFIM (J=1, h=2.0)",4,3,local_cost_only,Local cost function only,33,3,sum,10.7717798498352,2.094020129472219,14.880718536346976,0.0,44.35267858426304,12,12,0,,0.19197736192210688
tfim_h2.0,"TFIM (J=1, h=2.0)",4,3,local_cost_only,Local cost function only,34,3,sum,12.024099756416,4.667677918996754,18.07603529097565,0.0,50.91799099897531,12,12,0,,0.19861311279215854
tfim_h2.0,"TFIM (J=1, h=2.0)",4,3,local_cost_only,Local cost function only,35,3,sum,6.541417306672351,0.41985751604936095,9.49490545052073,0.0,26.99317739292345,12,12,0,,0.12831667729451043
tfim_h2.0,"TFIM (J=1, h=2.0)",4,3,local_cost_only,Local cost function only,36,3,sum,6.630701911727692,1.0623101195707068,9.257275732399735,0.0,24.037980540279474,12,12,0,,0.13227619836514146
tfim_h2.0,"TFIM (J=1, h=2.0)",4,3,local_cost_only,Local cost function only,37,3,sum,12.36206061594084,6.157591102144897,18.45851277282465,0.0,67.14939340454677,12,12,0,,0.20264703284550958
tfim_h2.0,"TFIM (J=1, h=2.0)",4,3,local_cost_only,Local cost function only,38,3,sum,14.298667945696076,2.7693062702157856,25.39754133248368,6.39315502233247e-16,79.32370353411315,12,12,0,,0.1976397328376844
tfim_h2.0,"TFIM (J=1, h=2.0)",4,3,local_cost_only,Local cost function only,39,3,sum,7.831822107115893,7.717398581607103,7.265638532557708,0.0,20.7226937328522,12,12,0,,0.15648831058456972
tfim_h2.0,"TFIM (J=1, h=2.0)",4,3,local_cost_only,Local cost function only,40,3,sum,9.616913851835813,1.4512243577695203,14.63418795620336,0.0,51.198195297033344,12,12,0,,0.17358136013848355
tfim_h2.0,"TFIM (J=1, h=2.0)",4,3,local_cost_only,Local cost function only,41,3,sum,16.044234702503406,11.757318836796887,16.519267676874875,9.330727887289286e-16,52.31630310165468,12,12,0,,0.2801180855181561
tfim_h2.0,"TFIM (J=1, h=2.0)",4,3,local_cost_only,Local cost function only,42,3,sum,5.672042857874021,3.6756359972094974,6.477206461143966,0.0,19.38047639398423,12,12,0,,0.11116159590365426
tfim_h2.0,"TFIM (J=1, h=2.0)",4,3,local_cost_only,Local cost function only,43,3,sum,14.18034075730115,0.7176619844402068,27.725697586345163,0.0,95.06050527988927,12,12,0,,0.18376236634410045
tfim_h2.0,"TFIM (J=1, h=2.0)",4,3,local_cost_only,Local cost function only,44,3,sum,8.989455052086823,12.119395071471173,6.919608944343967,0.0,18.83368887131252,12,12,0,,0.1816994938830946
tfim_h2.0,"TFIM (J=1, h=2.0)",4,3,local_cost_only,Local cost function only,45,3,sum,14.757981606356816,6.9537268969364865,20.987052933318537,1.2991700987800112e-15,73.25031983906965,12,12,0,,0.2376347137174404
tfim_h2.0,"TFIM (J=1, h=2.0)",4,3,local_cost_only,Local cost function only,46,3,sum,9.95557092203092,9.26827240618006,10.83733017017894,0.0,36.86128442009952,12,12,0,,0.19779413805835966
tfim_h2.0,"TFIM (J=1, h=2.0)",4,3,local_cost_only,Local cost function only,47,3,sum,8.402572708331496,5.13227585124258,9.065679814394969,0.0,27.765572825283975,12,12,0,,0.15423701571982296
tfim_h2.0,"TFIM (J=1, h=2.0)",4,3,local_cost_only,Local cost function only,48,3,sum,7.6430532293813584,4.861430246784252,9.148376380912394,0.0,24.706237835005215,12,12,0,,0.14627604757563226
tfim_h2.0,"TFIM (J=1, h=2.0)",4,3,local_cost_only,Local cost function only,49,3,sum,10.070440354172241,1.7205084967224988,13.706025450875044,1.283734321624862e-15,43.856360770819386,12,12,0,,0.18637100478059695
tfim_h2.0,"TFIM (J=1, h=2.0)",4,4,residual_only,Residual connections only,0,3,sum,9.152484507772629,5.636598662324777,9.14089448700339,0.32200778041627254,30.507488817138256,15,14,1,alpha_0,1.725610394276578
tfim_h2.0,"TFIM (J=1, h=2.0)",4,4,residual_only,Residual connections only,1,3,sum,14.935020967227796,4.655865676855228,23.737811642565553,0.49168216365050055,81.02493242728647,15,14,1,alpha_0,1.9871647368682452
tfim_h2.0,"TFIM (J=1, h=2.0)",4,4,residual_only,Residual connections only,2,3,sum,6.237553289038558,5.314263839067783,4.992802337977087,0.5577167696666558,16.832944756690914,15,14,1,alpha_0,1.509690023569431
tfim_h2.0,"TFIM (J=1, h=2.0)",4,4,residual_only,Residual connections only,3,3,sum,10.963208594918923,5.340808627720257,11.442635891595828,0.9479802305436665,39.7071180680369,15,14,1,alpha_0,2.484474086898509
tfim_h2.0,"TFIM (J=1, h=2.0)",4,4,residual_only,Residual connections only,4,3,sum,12.663799573830955,7.5862340179370715,15.845625264599997,0.2645163645303431,63.36459535514793,15,14,1,alpha_0,2.2050936419843654
tfim_h2.0,"TFIM (J=1, h=2.0)",4,4,residual_only,Residual connections only,5,3,sum,5.398194050711891,3.8694380440170573,6.884821243467746,0.07101602883719854,28.672255578764315,15,14,1,alpha_0,1.8049049024526214
tfim_h2.0,"TFIM (J=1, h=2.0)",4,4,residual_only,Residual connections only,6,3,sum,5.198635924253447,3.1296401510682816,5.049906237212399,0.11829167508057571,16.810229075674624,15,14,1,alpha_0,1.298415739668183
tfim_h2.0,"TFIM (J=1, h=2.0)",4,4,residual_only,Residual connections only,7,3,sum,9.00093735787736,5.914694334101737,7.413090759796873,1.126412095422443,24.421546695870546,15,14,1,alpha_0,1.5284310770039617
tfim_h2.0,"TFIM (J=1, h=2.0)",4,4,residual_only,Residual connections only,8,3,sum,11.919816359282905,10.8035575826524,10.5503947608091,1.130332887694401,33.850067354652964,15,14,1,alpha_0,2.225996718180163
tfim_h2.0,"TFIM (J=1, h=2.0)",4,4,residual_only,Residual connections only,9,3,sum,5.797599663271762,4.645729618949315,4.435499386835576,0.14218575131955438,15.201195520919473,15,14,1,alpha_0,1.8047105843944453
tfim_h2.0,"TFIM (J=1, h=2.0)",4,4,residual_only,Residual connections only,10,3,sum,8.52474502026764,4.83796019025677,8.846764685847196,0.7283823086548122,31.026211892041097,15,14,1,alpha_0,1.8842127439738015
tfim_h2.0,"TFIM (J=1, h=2.0)",4,4,residual_only,Residual connections only,11,3,sum,12.321437758644011,9.965804000417855,7.730805835688146,3.645292255992294,30.698817441639765,15,14,1,alpha_0,1.5080157488717232
tfim_h2.0,"TFIM (J=1, h=2.0)",4,4,residual_only,Residual connections only,12,3,sum,8.451208762201377,8.12339739120198,6.206628273540513,0.1450204225641404,18.701874097033993,15,14,1,alpha_0,1.3220826944328334
tfim_h2.0,"TFIM (J=1, h=2.0)",4,4,residual_only,Residual connections only,13,3,sum,10.133703892737827,6.6242505354668895,10.223578262663446,1.4269533249534176,38.13931899672679,15,14,1,alpha_0,2.1975384230652306
tfim_h2.0,"TFIM (J=1, h=2.0)",4,4,residual_only,Residual connections only,14,3,sum,7.512595301334872,5.578844360939871,6.041208943285022,0.20429251575644586,22.001295130905568,15,14,1,alpha_0,1.6275855926141518
tfim_h2.0,"TFIM (J=1, h=2.0)",4,4,residual_only,Residual connections only,15,3,sum,5.899639088726809,4.274768922036404,6.855633210268184,0.15381671908051495,27.21918284505802,15,14,1,alpha_0,1.4391830816110582
tfim_h2.0,"TFIM (J=1, h=2.0)",4,4,residual_only,Residual connections only,16,3,sum,16.35886326355575,8.57641541052379,14.48995120853051,1.073927350287455,48.73441620827698,15,14,1,alpha_0,3.9809833150406186
tfim_h2.0,"TFIM (J=1, h=2.0)",4,4,residual_only,Residual connections only,17,3,sum,6.589677549409626,4.20214881795679,5.002033412020461,0.7090315920201563,15.023865298605884,15,14,1,alpha_0,1.9772539800266535
tfim_h2.0,"TFIM (J=1, h=2.0)",4,4,residual_only,Residual connections only,18,3,sum,10.43541232403975,6.110436724055643,13.244314476474347,0.741805001520145,48.87962541517314,15,14,1,alpha_0,2.958131923146803
tfim_h2.0,"TFIM (J=1, h=2.0)",4,4,residual_only,Residual connections only,19,3,sum,10.531702194740872,9.737530138928978,8.649083810565175,0.8377483031012026,28.365539693293705,15,14,1,alpha_0,2.222133579457545
tfim_h2.0,"TFIM (J=1, h=2.0)",4,4,residual_only,Residual connections only,20,3,sum,4.598774915483522,3.8815646992101343,3.7469922148307924,0.06799928838421321,13.909137102230096,15,14,1,alpha_0,0.6501296376868352
tfim_h2.0,"TFIM (J=1, h=2.0)",4,4,residual_only,Residual connections only,21,3,sum,6.723198259239085,5.925101735504569,5.103224234446837,0.6551848464956211,15.665510626008233,15,14,1,alpha_0,1.6073021705437094
tfim_h2.0,"TFIM (J=1, h=2.0)",4,4,residual_only,Residual connections only,22,3,sum,7.012140281475262,4.610132556076184,6.436619609056505,0.1545147984067619,22.20999407900325,15,14,1,alpha_0,1.031483668488123
tfim_h2.0,"TFIM (J=1, h=2.0)",4,4,residual_only,Residual connections only,23,3,sum,8.599895631617333,7.37235700944463,4.972248615438032,2.209493380528456,22.164377764192462,15,14,1,alpha_0,1.5283557474669012
tfim_h2.0,"TFIM (J=1, h=2.0)",4,4,residual_only,Residual connections only,24,3,sum,11.271170515816175,8.409796264669998,10.62332530702351,1.3119280473637593,36.675415176768965,15,14,1,alpha_0,2.419571244299296
tfim_h2.0,"TFIM (J=1, h=2.0)",4,4,residual_only,Residual connections only,25,3,sum,11.219589975761997,6.901261628115536,12.508014452244664,2.186330142351697,52.94186415440335,15,14,1,alpha_0,2.138575886097207
tfim_h2.0,"TFIM (J=1, h=2.0)",4,4,residual_only,Residual connections only,26,3,sum,10.483867563160917,7.992365731815582,9.081476433210097,2.3665110656207564,39.25368660646501,15,14,1,alpha_0,1.5402621535560344
tfim_h2.0,"TFIM (J=1, h=2.0)",4,4,residual_only,Residual connections only,27,3,sum,4.675256071535379,3.156637653675576,5.1250255074719915,1.1154115284557031,19.896903727741773,15,14,1,alpha_0,1.1108403926986758
tfim_h2.0,"TFIM (J=1, h=2.0)",4,4,residual_only,Residual connections only,28,3,sum,8.780883441168466,4.449150979778473,7.580054851776202,1.2029381373191619,21.920615128994452,15,14,1,alpha_0,2.1519092953191974
tfim_h2.0,"TFIM (J=1, h=2.0)",4,4,residual_only,Residual connections only,29,3,sum,6.790900555140488,5.611550807950238,6.390908908981306,0.7989625437382838,23.734318663106265,15,14,1,alpha_0,1.351353965475155
tfim_h2.0,"TFIM (J=1, h=2.0)",4,4,residual_only,Residual connections only,30,3,sum,13.278057013273912,11.214355729397685,9.952096595756489,0.037653102859928546,31.858967516810136,15,14,1,alpha_0,2.4017274474101025
tfim_h2.0,"TFIM (J=1, h=2.0)",4,4,residual_only,Residual connections only,31,3,sum,8.650339279863593,6.949242717155919,7.734810857746768,0.050404339938378506,31.08307565755861,15,14,1,alpha_0,1.1886637478307682
tfim_h2.0,"TFIM (J=1, h=2.0)",4,4,residual_only,Residual connections only,32,3,sum,8.22765796566548,8.496323035852868,5.622194326113066,0.472125315361621,21.041399777572714,15,14,1,alpha_0,2.0805444827350588
tfim_h2.0,"TFIM (J=1, h=2.0)",4,4,residual_only,Residual connections only,33,3,sum,10.74794380146827,9.974092988257247,7.703049921969883,0.59629152830062,24.79430959147144,15,14,1,alpha_0,1.249652616906287
tfim_h2.0,"TFIM (J=1, h=2.0)",4,4,residual_only,Residual connections only,34,3,sum,9.554165351274934,5.069538283473824,8.89903817885865,2.3130191871162875,34.02473357739068,15,14,1,alpha_0,1.6845151175242208
tfim_h2.0,"TFIM (J=1, h=2.0)",4,4,residual_only,Residual connections only,35,3,sum,11.028850648996862,8.003626838130304,9.8477468734892,1.9372241357269309,42.11934876684067,15,14,1,alpha_0,1.311444027468656
tfim_h2.0,"TFIM (J=1, h=2.0)",4,4,residual_only,Residual connections only,36,3,sum,4.862908192219848,2.865367579696832,6.084341581169808,0.5566412303135208,20.92553722773013,15,14,1,alpha_0,1.4350397554954066
tfim_h2.0,"TFIM (J=1, h=2.0)",4,4,residual_only,Residual connections only,37,3,sum,4.5448427493484855,2.5402488095426574,4.3137372885319385,0.3562957832212732,13.10776824940957,15,14,1,alpha_0,1.1070510245572585
tfim_h2.0,"TFIM (J=1, h=2.0)",4,4,residual_only,Residual connections only,38,3,sum,7.756504414379919,5.66775609156403,6.270995631211717,0.7853234931890027,21.442132553834465,15,14,1,alpha_0,1.3781919049603482
tfim_h2.0,"TFIM (J=1, h=2.0)",4,4,residual_only,Residual connections only,39,3,sum,9.594909006177163,8.75192272001745,6.130280233045596,0.42024875267648115,23.6001982331022,15,14,1,alpha_0,1.1310030902386623
tfim_h2.0,"TFIM (J=1, h=2.0)",4,4,residual_only,Residual connections only,40,3,sum,8.221295720069135,5.43084034638045,7.249143494554049,0.04820968793005769,22.38386777064805,15,14,1,alpha_0,0.9634003782227327
tfim_h2.0,"TFIM (J=1, h=2.0)",4,4,residual_only,Residual connections only,41,3,sum,11.224778944458395,11.244870349350933,8.379968454532246,0.0373534345397472,26.764203980594356,15,14,1,alpha_0,1.922329186628527
tfim_h2.0,"TFIM (J=1, h=2.0)",4,4,residual_only,Residual connections only,42,3,sum,4.918412785501852,3.169030520935502,3.185504630763297,0.7682736377329048,9.750764114642104,15,14,1,alpha_0,1.301928350220487
tfim_h2.0,"TFIM (J=1, h=2.0)",4,4,residual_only,Residual connections only,43,3,sum,13.03295700254053,11.516155092760297,10.58873020390042,0.3824875601336217,36.182863375834735,15,14,1,alpha_0,1.882638594487907
tfim_h2.0,"TFIM (J=1, h=2.0)",4,4,residual_only,Residual connections only,44,3,sum,7.882916690835617,4.933419301809256,8.541525062275957,0.6825629979345254,33.108436709295596,15,14,1,alpha_0,2.283799585818817
tfim_h2.0,"TFIM (J=1, h=2.0)",4,4,residual_only,Residual connections only,45,3,sum,10.86367390585342,4.478426937807297,12.460998049659786,0.2321848311135892,42.021594764057205,15,14,1,alpha_0,2.387917868994921
tfim_h2.0,"TFIM (J=1, h=2.0)",4,4,residual_only,Residual connections only,46,3,sum,11.97381159536315,6.381572123234065,10.688795750318507,1.2800429245361713,35.33296150058413,15,14,1,alpha_0,1.8921912755238046
tfim_h2.0,"TFIM (J=1, h=2.0)",4,4,residual_only,Residual connections only,47,3,sum,3.4213560388312287,1.1793596137104343,5.066249953288704,0.04707150429613104,19.570032241041577,15,14,1,alpha_0,1.1493243098524875
tfim_h2.0,"TFIM (J=1, h=2.0)",4,4,residual_only,Residual connections only,48,3,sum,8.152328244273836,7.373618866146952,6.247562048780894,0.792904905293268,21.461800880592147,15,14,1,alpha_0,1.133639234606573
tfim_h2.0,"TFIM (J=1, h=2.0)",4,4,residual_only,Residual connections only,49,3,sum,7.8361302208385775,6.412736293264474,4.928987246810372,1.9830202139858875,17.287025788480324,15,14,1,alpha_0,2.459621186598162
tfim_h2.0,"TFIM (J=1, h=2.0)",4,5,entanglement_local,Entanglement + local cost,0,3,sum,14.869513597299283,2.1879207929834044,24.774673010540397,0.0,84.2026451337647,12,12,0,,0.21188313906570863
tfim_h2.0,"TFIM (J=1, h=2.0)",4,5,entanglement_local,Entanglement + local cost,1,3,sum,3.8874533663932653,0.9276052463549879,5.362955592323548,0.0,13.056141420698488,12,12,0,,0.07709985715305417
tfim_h2.0,"TFIM (J=1, h=2.0)",4,5,entanglement_local,Entanglement + local cost,2,3,sum,6.4698058886014875,1.5395644361696066,14.697570615159837,0.0,54.53476126388359,12,12,0,,0.10346678537276773
tfim_h2.0,"TFIM (J=1, h=2.0)",4,5,entanglement_local,Entanglement + local cost,3,3,sum,8.13107188879725,1.2755883492851876,10.626715734466854,0.0,28.32736512523722,12,12,0,,0.15700330302327345
tfim_h2.0,"TFIM (J=1, h=2.0)",4,5,entanglement_local,Entanglement + local cost,4,3,sum,15.096717113339379,0.24841055694936184,24.320004241141785,0.0,65.28294981645267,12,12,0,,0.2143304463883334
tfim_h2.0,"TFIM (J=1, h=2.0)",4,5,entanglement_local,Entanglement + local cost,5,3,sum,9.327302747538843,0.09398134904794743,16.070518735659952,0.0,55.11804856600653,12,12,0,,0.15567161030882423
tfim_h2.0,"TFIM (J=1, h=2.0)",4,5,entanglement_local,Entanglement + local cost,6,3,sum,12.167590290908016,2.686573307830473,14.99268498772892,0.0,35.74138306146072,12,12,0,,0.2178334337018439
tfim_h2.0,"TFIM (J=1, h=2.0)",4,5,entanglement_local,Entanglement + local cost,7,3,sum,3.879558693911744,0.04975860956629575,7.21666096908805,0.0,25.504875701949505,12,12,0,,0.077398513677381
tfim_h2.0,"TFIM (J=1, h=2.0)",4,5,entanglement_local,Entanglement + local cost,8,3,sum,8.350219894005631,0.6881888571245729,13.869996037965688,0.0,39.81445892190044,12,12,0,,0.15112581180764842
tfim_h2.0,"TFIM (J=1, h=2.0)",4,5,entanglement_local,Entanglement + local cost,9,3,sum,10.997006572403512,0.7554628065471194,17.48912001115511,3.3902178540943562e-15,45.29894480371071,12,12,0,,0.1797651081053273
tfim_h2.0,"TFIM (J=1, h=2.0)",4,5,entanglement_local,Entanglement + local cost,10,3,sum,11.04749120435379,1.5237795673377938,18.942970805265052,0.0,53.70210226685602,12,12,0,,0.1680356005831601
tfim_h2.0,"TFIM (J=1, h=2.0)",4,5,entanglement_local,Entanglement + local cost,11,3,sum,9.376657803265788,3.3811156153652586,11.524197130714716,0.0,32.730540907916534,12,12,0,,0.181810716662675
tfim_h2.0,"TFIM (J=1, h=2.0)",4,5,entanglement_local,Entanglement + local cost,12,3,sum,6.874433323915105,0.5976678398899805,11.762955467925712,0.0,38.610565259135655,12,12,0,,0.12915349589512382
tfim_h2.0,"TFIM (J=1, h=2.0)",4,5,entanglement_local,Entanglement + local cost,13,3,sum,14.753472566166119,1.7776109387591263,24.48534449210998,0.0,82.84940759341292,12,12,0,,0.21477917575871885
tfim_h2.0,"TFIM (J=1, h=2.0)",4,5,entanglement_local,Entanglement + local cost,14,3,sum,6.491904334576199,1.078957706179314,9.30926419435246,0.0,25.27987915627916,12,12,0,,0.12425854536477528
tfim_h2.0,"TFIM (J=1, h=2.0)",4,5,entanglement_local,Entanglement + local cost,15,3,sum,9.710629715532619,1.4052863201206887,13.939731462191537,0.0,44.971408187504906,12,12,0,,0.16922877431075467
tfim_h2.0,"TFIM (J=1, h=2.0)",4,5,entanglement_local,Entanglement + local cost,16,3,sum,12.144426081474087,4.9676470216028195,15.469279806521438,0.0,53.605213831331234,12,12,0,,0.21857732204357064
tfim_h2.0,"TFIM (J=1, h=2.0)",4,5,entanglement_local,Entanglement + local cost,17,3,sum,3.8576994609962374,0.05256991335767246,7.35189874819008,0.0,21.147242932958704,12,12,0,,0.0697290102184787
tfim_h2.0,"TFIM (J=1, h=2.0)",4,5,entanglement_local,Entanglement + local cost,18,3,sum,12.66393415584929,9.39237189688529,13.314446318482627,0.0,38.944986823560136,12,12,0,,0.23337253365048324
tfim_h2.0,"TFIM (J=1, h=2.0)",4,5,entanglement_local,Entanglement + local cost,19,3,sum,14.764058573937499,4.642434760439264,22.73314010238087,0.0,71.52943419034038,12,12,0,,0.2228669177900778
tfim_h2.0,"TFIM (J=1, h=2.0)",4,5,entanglement_local,Entanglement + local cost,20,3,sum,9.643121948805595,2.2048836414924295,20.600277511872147,6.230491756219954e-16,75.77167221755775,12,12,0,,0.1430804495779174
tfim_h2.0,"TFIM (J=1, h=2.0)",4,5,entanglement_local,Entanglement + local cost,21,3,sum,8.663411898698753,11.500556801261101,7.622362301345092,3.1129674093485317e-16,19.026817752060477,12,12,0,,0.18194601408802183
tfim_h2.0,"TFIM (J=1, h=2.0)",4,5,entanglement_local,Entanglement + local cost,22,3,sum,23.721335589826975,1.2357006629882272,42.37710462880527,0.0,134.09209834010247,12,12,0,,0.23948932307120677
tfim_h2.0,"TFIM (J=1, h=2.0)",4,5,entanglement_local,Entanglement + local cost,23,3,sum,9.703873742462575,1.2540752425232675,13.738744488993543,0.0,41.17570131190184,12,12,0,,0.1709756202031202
tfim_h2.0,"TFIM (J=1, h=2.0)",4,5,entanglement_local,Entanglement + local cost,24,3,sum,6.561317552222904,4.294176025839414,7.554459291148966,0.0,23.779358083634087,12,12,0,,0.13512545677615487
tfim_h2.0,"TFIM (J=1, h=2.0)",4,5,entanglement_local,Entanglement + local cost,25,3,sum,7.588307661304067,5.09651372130542,8.457980021453558,0.0,26.527857841163687,12,12,0,,0.1574009534045296
tfim_h2.0,"TFIM (J=1, h=2.0)",4,5,entanglement_local,Entanglement + local cost,26,3,sum,16.025019280796762,1.3271051940463332,19.797908000027697,6.292605668463358e-16,51.64521955614011,12,12,0,,0.26443629554916254
tfim_h2.0,"TFIM (J=1, h=2.0)",4,5,entanglement_local,Entanglement + local cost,27,3,sum,3.379448469320637,0.6485500653274765,5.521687710150548,0.0,18.056917770118496,12,12,0,,0.06716631261195044
tfim_h2.0,"TFIM (J=1, h=2.0)",4,5,entanglement_local,Entanglement + local cost,28,3,sum,8.056011024919366,5.00629643245699,9.204851644411013,0.0,24.5096628952867,12,12,0,,0.16505323347060433
tfim_h2.0,"TFIM (J=1, h=2.0)",4,5,entanglement_local,Entanglement + local cost,29,3,sum,14.65670838334133,1.0068533399779858,30.532659225115612,6.281016861629315e-16,111.54029938516298,12,12,0,,0.18520919340711106
tfim_h2.0,"TFIM (J=1, h=2.0)",4,5,entanglement_local,Entanglement + local cost,30,3,sum,10.603312239688085,1.4255906259957913,18.756203691129514,0.0,67.40216973862599,12,12,0,,0.17227434069209083
tfim_h2.0,"TFIM (J=1, h=2.0)",4,5,entanglement_local,Entanglement + local cost,31,3,sum,9.89571083236905,5.480968133476319,11.629694721211596,6.211100040392071e-16,37.6823753453817,12,12,0,,0.1931604056626187
tfim_h2.0,"TFIM (J=1, h=2.0)",4,5,entanglement_local,Entanglement + local cost,32,3,sum,5.983925950880093,1.8197738156812626,12.099232129458239,0.0,44.80513419812716,12,12,0,,0.10608475827290154
tfim_h2.0,"TFIM (J=1, h=2.0)",4,5,entanglement_local,Entanglement + local cost,33,3,sum,31.213345463273566,1.0961838862226803,56.81267275018868,0.0,178.400917887529,12,12,0,,0.2493769269490531
tfim_h2.0,"TFIM (J=1, h=2.0)",4,5,entanglement_local,Entanglement + local cost,34,3,sum,19.766026886757988,2.2981542714143894,33.79295020316588,0.0,92.10126024292207,12,12,0,,0.22855490657847657
tfim_h2.0,"TFIM (J=1, h=2.0)",4,5,entanglement_local,Entanglement + local cost,35,3,sum,6.264182264714157,2.2097734890562473,11.19902050364109,1.380674106866976e-15,41.34239348679641,12,12,0,,0.11630006306400602
tfim_h2.0,"TFIM (J=1, h=2.0)",4,5,entanglement_local,Entanglement + local cost,36,3,sum,7.473741476211657,5.437652434859908,8.0226013526886,0.0,22.582117890203367,12,12,0,,0.15471178447558362
tfim_h2.0,"TFIM (J=1, h=2.0)",4,5,entanglement_local,Entanglement + local cost,37,3,sum,11.29418490899677,7.574616485997742,11.963226314929514,0.0,35.887151041192,12,12,0,,0.21777223451049488
tfim_h2.0,"TFIM (J=1, h=2.0)",4,5,entanglement_local,Entanglement + local cost,38,3,sum,35.89379345889623,0.7187349809477541,72.75225044222086,0.0,205.58565441337055,12,12,0,,0.22030279118129878
tfim_h2.0,"TFIM (J=1, h=2.0)",4,5,entanglement_local,Entanglement + local cost,39,3,sum,8.23864256666181,3.582421334284228,10.091614756831975,0.0,25.316692032432645,12,12,0,,0.16472678278701014
tfim_h2.0,"TFIM (J=1, h=2.0)",4,5,entanglement_local,Entanglement + local cost,40,3,sum,9.372951186256486,2.628267713464116,14.588185757599982,6.309317429500181e-16,52.62039291927387,12,12,0,,0.16908471136298867
tfim_h2.0,"TFIM (J=1, h=2.0)",4,5,entanglement_local,Entanglement + local cost,41,3,sum,17.688654573720974,4.770891674004048,22.591688287121123,0.0,58.2023889221218,12,12,0,,0.2633038577105459
tfim_h2.0,"TFIM (J=1, h=2.0)",4,5,entanglement_local,Entanglement + local cost,42,3,sum,10.142981699546441,0.6438153344004327,23.386196374537402,0.0,85.95779226368276,12,12,0,,0.1380070093303713
tfim_h2.0,"TFIM (J=1, h=2.0)",4,5,entanglement_local,Entanglement + local cost,43,3,sum,22.106768707915762,0.34808388710126714,53.02665781510819,0.0,193.59409028538562,12,12,0,,0.1912290424220647
tfim_h2.0,"TFIM (J=1, h=2.0)",4,5,entanglement_local,Entanglement + local cost,44,3,sum,3.6874599189740156,2.1909018455214464,4.130347082451571,0.0,11.726614851979509,12,12,0,,0.06428370694811857
tfim_h2.0,"TFIM (J=1, h=2.0)",4,5,entanglement_local,Entanglement + local cost,45,3,sum,13.220113556889807,3.9209085614768986,18.497604413588626,0.0,54.663998240941915,12,12,0,,0.22273183709443456
tfim_h2.0,"TFIM (J=1, h=2.0)",4,5,entanglement_local,Entanglement + local cost,46,3,sum,9.300766838141492,8.641214140028135,9.040613333141444,0.0,26.11679473438715,12,12,0,,0.19162357605635025
tfim_h2.0,"TFIM (J=1, h=2.0)",4,5,entanglement_local,Entanglement + local cost,47,3,sum,7.233133804187354,1.099689699401774,12.236201481750362,0.0,38.39347858874307,12,12,0,,0.13199014880010146
tfim_h2.0,"TFIM (J=1, h=2.0)",4,5,entanglement_local,Entanglement + local cost,48,3,sum,10.294626426206168,3.103401763538688,15.904718472299761,0.0,47.0830787916359,12,12,0,,0.1798332994044802
tfim_h2.0,"TFIM (J=1, h=2.0)",4,5,entanglement_local,Entanglement + local cost,49,3,sum,5.4281607998217405,3.260282194533131,6.951167056079684,0.0,24.246466605052937,12,12,0,,0.10792191273463643
tfim_h2.0,"TFIM (J=1, h=2.0)",4,6,entanglement_residual,Entanglement + residual,0,3,sum,10.652042645990523,7.877654701207657,10.356761599328422,0.04359534779071164,32.851823669804425,15,14,1,alpha_0,1.5477415506881125
tfim_h2.0,"TFIM (J=1, h=2.0)",4,6,entanglement_residual,Entanglement + residual,1,3,sum,11.155704405959128,9.472138402890742,9.319762739108459,0.4161458652714993,33.88975822888949,15,14,1,alpha_0,1.751642246136147
tfim_h2.0,"TFIM (J=1, h=2.0)",4,6,entanglement_residual,Entanglement + residual,2,3,sum,11.226628520239247,6.315515527564248,14.068955217041115,0.019443434580431903,46.40151008390987,15,14,1,alpha_0,1.838412596558715
tfim_h2.0,"TFIM (J=1, h=2.0)",4,6,entanglement_residual,Entanglement + residual,3,3,sum,10.552201536806066,8.703627863328894,7.383436071023808,0.5374745669931286,24.148023406260457,15,14,1,alpha_0,2.3859100408711202
tfim_h2.0,"TFIM (J=1, h=2.0)",4,6,entanglement_residual,Entanglement + residual,4,3,sum,18.001628015657907,9.333814465871777,21.19421200753669,0.9615181229514501,80.95202315556172,15,14,1,alpha_0,3.204718642532746
tfim_h2.0,"TFIM (J=1, h=2.0)",4,6,entanglement_residual,Entanglement + residual,5,3,sum,12.51161666700008,6.454898711813167,12.097581544746348,0.4261535933212528,42.956116005715856,15,14,1,alpha_0,3.5099646398881554
tfim_h2.0,"TFIM (J=1, h=2.0)",4,6,entanglement_residual,Entanglement + residual,6,3,sum,7.944605937160248,5.157851863406316,8.166973744818629,0.09395576180764377,29.46740584227608,15,14,1,alpha_0,1.6560759599896193
tfim_h2.0,"TFIM (J=1, h=2.0)",4,6,entanglement_residual,Entanglement + residual,7,3,sum,9.766733037685606,6.895504835692016,7.139378157036624,3.387681349733114,30.65786125412073,15,14,1,alpha_0,1.6762860205150392
tfim_h2.0,"TFIM (J=1, h=2.0)",4,6,entanglement_residual,Entanglement + residual,8,3,sum,8.218211880048239,4.8045434961147055,7.00250538518193,0.5066560947140099,24.88054285758736,15,14,1,alpha_0,1.4633103446268843
tfim_h2.0,"TFIM (J=1, h=2.0)",4,6,entanglement_residual,Entanglement + residual,9,3,sum,12.338480455922992,11.372573987554556,8.494108904435533,0.4370586901952012,24.99735794288421,15,14,1,alpha_0,3.3014665642188477
tfim_h2.0,"TFIM (J=1, h=2.0)",4,6,entanglement_residual,Entanglement + residual,10,3,sum,8.71872372837442,4.565340013988509,11.49681118863772,0.22995303913767864,37.81234903734907,15,14,1,alpha_0,1.6633920879882567
tfim_h2.0,"TFIM (J=1, h=2.0)",4,6,entanglement_residual,Entanglement + residual,11,3,sum,15.938602038347312,15.44045426093782,9.947790081989519,0.36428016621112463,37.8362860068458,15,14,1,alpha_0,1.7781205992488662
tfim_h2.0,"TFIM (J=1, h=2.0)",4,6,entanglement_residual,Entanglement + residual,12,3,sum,12.08163336047158,6.953000152574058,11.995346486146039,0.7065250101291103,42.628273036314084,15,14,1,alpha_0,1.8173407233916383
tfim_h2.0,"TFIM (J=1, h=2.0)",4,6,entanglement_residual,Entanglement + residual,13,3,sum,11.583499665923798,9.503750006040985,9.31479088452907,1.3993349194076454,32.28371528293661,15,14,1,alpha_0,2.5816019347580252
tfim_h2.0,"TFIM (J=1, h=2.0)",4,6,entanglement_residual,Entanglement + residual,14,3,sum,8.511689625130641,5.055179915195135,9.610360393356329,0.9513269598684592,37.97761192349309,15,14,1,alpha_0,1.79186808904599
tfim_h2.0,"TFIM (J=1, h=2.0)",4,6,entanglement_residual,Entanglement + residual,15,3,sum,11.340821714439036,6.972679311413598,11.582442100661561,0.9374715012444429,33.21866880991571,15,14,1,alpha_0,2.1123179101281746
tfim_h2.0,"TFIM (J=1, h=2.0)",4,6,entanglement_residual,Entanglement + residual,16,3,sum,19.13773014010605,13.103649175757502,16.393984352918416,1.462754324397297,47.05700732697671,15,14,1,alpha_0,4.276401907342491
tfim_h2.0,"TFIM (J=1, h=2.0)",4,6,entanglement_residual,Entanglement + residual,17,3,sum,7.408122959105782,4.805326468217979,6.593945759432779,0.32876017120321904,23.542947226551792,15,14,1,alpha_0,1.8082987088419187
tfim_h2.0,"TFIM (J=1, h=2.0)",4,6,entanglement_residual,Entanglement + residual,18,3,sum,10.855680752104442,8.656894086346401,9.147239490273703,0.19092089299866202,27.650693039971866,15,14,1,alpha_0,2.7010859886001253
tfim_h2.0,"TFIM (J=1, h=2.0)",4,6,entanglement_residual,Entanglement + residual,19,3,sum,13.704105999650068,12.991419791476757,10.273265919867475,1.0194463682265527,38.431714004550464,15,14,1,alpha_0,2.82379321930139
tfim_h2.0,"TFIM (J=1, h=2.0)",4,6,entanglement_residual,Entanglement + residual,20,3,sum,8.815808733253672,6.3807819739573794,7.9305309341118235,0.03152372879568183,21.067374138446286,15,14,1,alpha_0,0.9386645128796235
tfim_h2.0,"TFIM (J=1, h=2.0)",4,6,entanglement_residual,Entanglement + residual,21,3,sum,12.676638029181495,9.274249264703823,13.046992001575044,0.66888783749171,46.8018241929269,15,14,1,alpha_0,2.796393742017407
tfim_h2.0,"TFIM (J=1, h=2.0)",4,6,entanglement_residual,Entanglement + residual,22,3,sum,14.401477376883701,12.640774254283407,10.418076987202443,1.8858916488565742,36.14605613116854,15,14,1,alpha_0,1.7987714618108515
tfim_h2.0,"TFIM (J=1, h=2.0)",4,6,entanglement_residual,Entanglement + residual,23,3,sum,9.47999643958765,8.254404563651399,7.708080914256944,0.20199589140147176,24.014016883189193,15,14,1,alpha_0,1.4220263061066816
tfim_h2.0,"TFIM (J=1, h=2.0)",4,6,entanglement_residual,Entanglement + residual,24,3,sum,6.93595749826197,4.084570024329944,6.623007123118239,0.15929402125276232,25.241973804342933,15,14,1,alpha_0,1.3173845029858513
tfim_h2.0,"TFIM (J=1, h=2.0)",4,6,entanglement_residual,Entanglement + residual,25,3,sum,11.87056057345455,9.964772178198928,11.724237924897265,0.2718100146217908,46.12066816994119,15,14,1,alpha_0,2.1660866464321304
tfim_h2.0,"TFIM (J=1, h=2.0)",4,6,entanglement_residual,Entanglement + residual,26,3,sum,11.75200472343143,8.340875989143765,10.124444665874552,0.31797642878778704,40.02286593172311,15,14,1,alpha_0,1.605899317848872
tfim_h2.0,"TFIM (J=1, h=2.0)",4,6,entanglement_residual,Entanglement + residual,27,3,sum,7.875663275398635,4.638233328854955,6.8776904097220735,0.08177305812698249,22.160236057220008,15,14,1,alpha_0,1.9630850747153548
tfim_h2.0,"TFIM (J=1, h=2.0)",4,6,entanglement_residual,Entanglement + residual,28,3,sum,12.03073400249139,8.750307790823417,11.299206549189256,0.5559470673961433,43.25976611435544,15,14,1,alpha_0,2.6383016173991223
tfim_h2.0,"TFIM (J=1, h=2.0)",4,6,entanglement_residual,Entanglement + residual,29,3,sum,12.612082214754292,8.6704430710599,11.662151245326584,0.9411241098696302,47.404486530372395,15,14,1,alpha_0,1.7944615201654488
tfim_h2.0,"TFIM (J=1, h=2.0)",4,6,entanglement_residual,Entanglement + residual,30,3,sum,14.682553543354713,11.015766002877381,11.308430279836982,2.76720365682872,40.52055483927753,15,14,1,alpha_0,2.622996096491435
tfim_h2.0,"TFIM (J=1, h=2.0)",4,6,entanglement_residual,Entanglement + residual,31,3,sum,10.445380233888361,5.684292181452603,9.31677689102626,1.7153017322436384,32.28063331343092,15,14,1,alpha_0,1.4095214545411605
tfim_h2.0,"TFIM (J=1, h=2.0)",4,6,entanglement_residual,Entanglement + residual,32,3,sum,5.052887711459944,4.1927336281172,3.314690750570214,1.4441668682006361,14.55843343460837,15,14,1,alpha_0,1.3418075088500376
tfim_h2.0,"TFIM (J=1, h=2.0)",4,6,entanglement_residual,Entanglement + residual,33,3,sum,13.66004048485524,11.129159561145718,8.943252157100375,1.8889707765793873,37.9746852653208,15,14,1,alpha_0,1.4699153315024798
tfim_h2.0,"TFIM (J=1, h=2.0)",4,6,entanglement_residual,Entanglement + residual,34,3,sum,14.43990320455863,8.624852927951212,11.820130391626225,4.339506075737787,35.66633723779674,15,14,1,alpha_0,2.3096711740717906
tfim_h2.0,"TFIM (J=1, h=2.0)",4,6,entanglement_residual,Entanglement + residual,35,3,sum,12.493563134587218,6.869224002187034,11.10043680342027,0.6423537798109075,40.82746003518353,15,14,1,alpha_0,1.431451455907546
tfim_h2.0,"TFIM (J=1, h=2.0)",4,6,entanglement_residual,Entanglement + residual,36,3,sum,6.58138392294141,4.858734532488295,5.901143648932761,0.33099082248133743,20.175680228266028,15,14,1,alpha_0,1.6061440124088184
tfim_h2.0,"TFIM (J=1, h=2.0)",4,6,entanglement_residual,Entanglement + residual,37,3,sum,12.09077053221598,4.852601165854409,13.583810965680394,1.25903739315707,42.483606172521874,15,14,1,alpha_0,2.23466219194927
tfim_h2.0,"TFIM (J=1, h=2.0)",4,6,entanglement_residual,Entanglement + residual,38,3,sum,11.223265547367669,6.916968398298615,11.484864875960918,0.7142462048726866,43.657412360587315,15,14,1,alpha_0,1.8311685897055874
tfim_h2.0,"TFIM (J=1, h=2.0)",4,6,entanglement_residual,Entanglement + residual,39,3,sum,14.77980443477926,10.107408551161594,15.652745196787683,0.19605258871020068,46.97950935782382,15,14,1,alpha_0,1.5316736636074206
tfim_h2.0,"TFIM (J=1, h=2.0)",4,6,entanglement_residual,Entanglement + residual,40,3,sum,15.888844736456685,12.503320052928608,13.551216696528282,0.5966000381942231,37.69666602091726,15,14,1,alpha_0,1.3689697917121928
tfim_h2.0,"TFIM (J=1, h=2.0)",4,6,entanglement_residual,Entanglement + residual,41,3,sum,10.672948647732065,9.072614532061234,10.319529547599274,0.980942390413657,42.192302903481064,15,14,1,alpha_0,1.6076942347057326
tfim_h2.0,"TFIM (J=1, h=2.0)",4,6,entanglement_residual,Entanglement + residual,42,3,sum,7.278090554774654,4.851278024599814,5.496038076224629,0.1989235062442535,20.168109859019786,15,14,1,alpha_0,1.669105758535404
tfim_h2.0,"TFIM (J=1, h=2.0)",4,6,entanglement_residual,Entanglement + residual,43,3,sum,10.15783572779021,7.464447425689631,8.941428046809168,0.13987130057980787,33.702746000433955,15,14,1,alpha_0,1.3831206760685397
tfim_h2.0,"TFIM (J=1, h=2.0)",4,6,entanglement_residual,Entanglement + residual,44,3,sum,15.177413927967491,16.312897612845216,9.276001088591528,0.6106375939858054,31.544930742768077,15,14,1,alpha_0,3.5103917042052504
tfim_h2.0,"TFIM (J=1, h=2.0)",4,6,entanglement_residual,Entanglement + residual,45,3,sum,15.471209896767885,4.175558431703132,24.919435170330235,1.0457639200882387,80.61424413629413,15,14,1,alpha_0,3.4412330057514096
tfim_h2.0,"TFIM (J=1, h=2.0)",4,6,entanglement_residual,Entanglement + residual,46,3,sum,15.090174940525126,9.600045084273006,11.4666220661345,0.22796403837218454,33.262424505862725,15,14,1,alpha_0,2.683017551862555
tfim_h2.0,"TFIM (J=1, h=2.0)",4,6,entanglement_residual,Entanglement + residual,47,3,sum,15.352405312469864,11.067873988184235,13.213753806787498,2.6183606545899787,40.18292556752103,15,14,1,alpha_0,2.98862843791194
tfim_h2.0,"TFIM (J=1, h=2.0)",4,6,entanglement_residual,Entanglement + residual,48,3,sum,11.849498273031633,9.363236953096084,9.906304978268173,1.1969688052283285,38.83484773802472,15,14,1,alpha_0,1.4748142841580225
tfim_h2.0,"TFIM (J=1, h=2.0)",4,6,entanglement_residual,Entanglement + residual,49,3,sum,11.874972355831412,12.430961701772814,9.723393733260288,0.5184458595347599,35.98346884883584,15,14,1,alpha_0,3.1427471424371327
tfim_h2.0,"TFIM (J=1, h=2.0)",4,7,combined,Combined (A+B+C),0,3,sum,12.374879740007332,8.030171212197661,12.504253737837315,0.0,37.885737874087724,15,14,1,alpha_0,1.6517673045096275
tfim_h2.0,"TFIM (J=1, h=2.0)",4,7,combined,Combined (A+B+C),1,3,sum,10.823111299181893,6.741976532688991,15.091798589964812,0.0,59.584694225548105,15,14,1,alpha_0,1.416964037131113
tfim_h2.0,"TFIM (J=1, h=2.0)",4,7,combined,Combined (A+B+C),2,3,sum,10.854073762726724,4.954352548888208,16.306810613307846,0.0,53.199044411343614,15,14,1,alpha_0,1.6393042503659232
tfim_h2.0,"TFIM (J=1, h=2.0)",4,7,combined,Combined (A+B+C),3,3,sum,8.582193907300434,5.752725646267,8.281064083800274,0.0,25.76345218356837,15,14,1,alpha_0,1.8378750774456813
tfim_h2.0,"TFIM (J=1, h=2.0)",4,7,combined,Combined (A+B+C),4,3,sum,17.184742861953726,14.393966404333838,21.34062141876046,0.0,80.95202315556172,15,14,1,alpha_0,2.9237841578286186
tfim_h2.0,"TFIM (J=1, h=2.0)",4,7,combined,Combined (A+B+C),5,3,sum,13.315239165644309,7.4482335945365445,13.785286422689895,0.0,41.52398980197535,15,14,1,alpha_0,3.5785087022617272
tfim_h2.0,"TFIM (J=1, h=2.0)",4,7,combined,Combined (A+B+C),6,3,sum,10.152621608400787,4.954398652958898,12.537259682332126,0.0,41.880685118966504,15,14,1,alpha_0,2.0043344073788867
tfim_h2.0,"TFIM (J=1, h=2.0)",4,7,combined,Combined (A+B+C),7,3,sum,7.252053764154821,5.824396390682916,7.128910553428167,0.0,19.322091952801916,15,14,1,alpha_0,1.1420121001578805
tfim_h2.0,"TFIM (J=1, h=2.0)",4,7,combined,Combined (A+B+C),8,3,sum,6.860842246083812,5.24745521940887,7.622793537790265,0.0,24.88054285758736,15,14,1,alpha_0,1.136517577271413
tfim_h2.0,"TFIM (J=1, h=2.0)",4,7,combined,Combined (A+B+C),9,3,sum,11.833202286848328,13.30798665920808,8.797026574195622,0.0,27.441907457839466,15,14,1,alpha_0,3.116189398441209
tfim_h2.0,"TFIM (J=1, h=2.0)",4,7,combined,Combined (A+B+C),10,3,sum,9.451405695699366,3.9548951296932477,13.065570035469575,0.0,37.81234903734907,15,14,1,alpha_0,1.7293305224142492
tfim_h2.0,"TFIM (J=1, h=2.0)",4,7,combined,Combined (A+B+C),11,3,sum,9.936373009467916,7.512226795240872,10.49692112767741,0.0,37.8362860068458,15,14,1,alpha_0,0.8215420649971483
tfim_h2.0,"TFIM (J=1, h=2.0)",4,7,combined,Combined (A+B+C),12,3,sum,10.19278405532869,4.757606258522131,14.7269664034355,0.0,58.44675202673307,15,14,1,alpha_0,1.3538966989183523
tfim_h2.0,"TFIM (J=1, h=2.0)",4,7,combined,Combined (A+B+C),13,3,sum,11.007314045017702,6.894935796021816,11.523480763486484,0.0,39.64908435020651,15,14,1,alpha_0,2.27543109490856
tfim_h2.0,"TFIM (J=1, h=2.0)",4,7,combined,Combined (A+B+C),14,3,sum,6.571012496238549,1.892851313467458,10.771318996701886,0.0,41.46838637006017,15,14,1,alpha_0,1.2830534206138005
tfim_h2.0,"TFIM (J=1, h=2.0)",4,7,combined,Combined (A+B+C),15,3,sum,11.57065889992371,2.5919896332411456,15.807558735160619,0.0,45.662432765320034,15,14,1,alpha_0,1.9789592025102059
tfim_h2.0,"TFIM (J=1, h=2.0)",4,7,combined,Combined (A+B+C),16,3,sum,16.832857699043263,12.983070097485466,15.618567655254862,0.0,46.86963195130386,15,14,1,alpha_0,3.508732757814129
tfim_h2.0,"TFIM (J=1, h=2.0)",4,7,combined,Combined (A+B+C),17,3,sum,6.605502794362242,3.9689418249434434,6.823760961624495,0.0,20.272100866867525,15,14,1,alpha_0,1.5682198611633593
tfim_h2.0,"TFIM (J=1, h=2.0)",4,7,combined,Combined (A+B+C),18,3,sum,10.408074921873476,6.375471174089332,10.804559244504912,0.0,31.051618774567043,15,14,1,alpha_0,2.459880902908074
tfim_h2.0,"TFIM (J=1, h=2.0)",4,7,combined,Combined (A+B+C),19,3,sum,9.909617953675873,6.198412261436108,11.127468359014715,0.0,38.431714004550464,15,14,1,alpha_0,1.822557129221694
tfim_h2.0,"TFIM (J=1, h=2.0)",4,7,combined,Combined (A+B+C),20,3,sum,3.1415714845791345,2.807718070880871,3.0922406799965882,0.0,10.135177588502899,15,14,1,alpha_0,0.37163483016521376
tfim_h2.0,"TFIM (J=1, h=2.0)",4,7,combined,Combined (A+B+C),21,3,sum,11.371983741565652,7.776440610207212,13.088607077063742,0.0,48.416486308075505,15,14,1,alpha_0,2.4077178252737457
tfim_h2.0,"TFIM (J=1, h=2.0)",4,7,combined,Combined (A+B+C),22,3,sum,6.9371635300978,8.272675794470938,6.181143432021112,0.0,18.673563832289332,15,14,1,alpha_0,0.7874048043378904
tfim_h2.0,"TFIM (J=1, h=2.0)",4,7,combined,Combined (A+B+C),23,3,sum,6.347539915280303,2.371775003462888,8.040806695710863,0.0,25.062468836103736,15,14,1,alpha_0,0.9395358887903655
tfim_h2.0,"TFIM (J=1, h=2.0)",4,7,combined,Combined (A+B+C),24,3,sum,7.138990659143405,7.620344013847071,6.746223060319877,0.0,25.241973804342933,15,14,1,alpha_0,1.3028012060228373
tfim_h2.0,"TFIM (J=1, h=2.0)",4,7,combined,Combined (A+B+C),25,3,sum,8.938757707727232,2.564385304492717,13.702509108240022,0.0,50.1361991075141,15,14,1,alpha_0,1.4235902279340185
tfim_h2.0,"TFIM (J=1, h=2.0)",4,7,combined,Combined (A+B+C),26,3,sum,9.10730438047545,6.41268684198792,10.325431747999902,0.0,36.411714749201586,15,14,1,alpha_0,1.1141671909259556
tfim_h2.0,"TFIM (J=1, h=2.0)",4,7,combined,Combined (A+B+C),27,3,sum,4.980999398981133,2.0610999420610483,6.51093739243504,0.0,21.791135521429702,15,14,1,alpha_0,1.2460022462061464
tfim_h2.0,"TFIM (J=1, h=2.0)",4,7,combined,Combined (A+B+C),28,3,sum,10.419900223104886,9.2734215422274,10.247174139421325,0.0,33.80777127764918,15,14,1,alpha_0,2.1423734205071088
tfim_h2.0,"TFIM (J=1, h=2.0)",4,7,combined,Combined (A+B+C),29,3,sum,11.65231172908584,6.937043904507243,12.53074787538688,0.0,47.404486530372395,15,14,1,alpha_0,1.5207217269123219
tfim_h2.0,"TFIM (J=1, h=2.0)",4,7,combined,Combined (A+B+C),30,3,sum,7.39240060022266,2.97262527683085,9.732499678327088,0.0,29.399065881657787,15,14,1,alpha_0,1.2443182072069756
tfim_h2.0,"TFIM (J=1, h=2.0)",4,7,combined,Combined (A+B+C),31,3,sum,9.38455962737903,5.70857205320325,9.029806406782535,0.0,32.28063331343092,15,14,1,alpha_0,1.1348657180623227
tfim_h2.0,"TFIM (J=1, h=2.0)",4,7,combined,Combined (A+B+C),32,3,sum,3.0229707080491695,1.8909633501725838,3.020900838025926,0.0,8.669203390362574,15,14,1,alpha_0,0.8200548539450295
tfim_h2.0,"TFIM (J=1, h=2.0)",4,7,combined,Combined (A+B+C),33,3,sum,9.791449963953083,7.182968846413289,10.239120643812651,0.0,32.63130136819267,15,14,1,alpha_0,0.8196901974074232
tfim_h2.0,"TFIM (J=1, h=2.0)",4,7,combined,Combined (A+B+C),34,3,sum,12.27647058788275,6.087727331873273,12.452347185070218,0.0,35.66633723779674,15,14,1,alpha_0,1.7373226178913077
tfim_h2.0,"TFIM (J=1, h=2.0)",4,7,combined,Combined (A+B+C),35,3,sum,6.71013890169277,2.1549142620758834,10.937633049057615,0.0,40.82746003518353,15,14,1,alpha_0,0.6575040252159553
tfim_h2.0,"TFIM (J=1, h=2.0)",4,7,combined,Combined (A+B+C),36,3,sum,4.130678037551169,2.8919768691035412,4.601440854370344,0.0,17.45977347649316,15,14,1,alpha_0,1.014166472129927
tfim_h2.0,"TFIM (J=1, h=2.0)",4,7,combined,Combined (A+B+C),37,3,sum,11.029983819430424,6.011564205601861,13.874623065871184,0.0,49.062898227879465,15,14,1,alpha_0,1.8998944483250984
tfim_h2.0,"TFIM (J=1, h=2.0)",4,7,combined,Combined (A+B+C),38,3,sum,10.92929060725335,6.855761087270595,12.24088844202661,0.0,45.16692496600867,15,14,1,alpha_0,1.6637397933857965
tfim_h2.0,"TFIM (J=1, h=2.0)",4,7,combined,Combined (A+B+C),39,3,sum,5.264175296366764,3.905403719350639,4.743530369021459,0.0,15.292849866088327,15,14,1,alpha_0,0.569545411146208
tfim_h2.0,"TFIM (J=1, h=2.0)",4,7,combined,Combined (A+B+C),40,3,sum,11.08894865185421,6.416796170865,12.708079722458937,0.0,39.657949025729735,15,14,1,alpha_0,0.5750302535018091
tfim_h2.0,"TFIM (J=1, h=2.0)",4,7,combined,Combined (A+B+C),41,3,sum,8.933735968278121,5.065983836443043,10.81078781399242,0.0,42.192302903481064,15,14,1,alpha_0,1.2328449066519886
tfim_h2.0,"TFIM (J=1, h=2.0)",4,7,combined,Combined (A+B+C),42,3,sum,5.141883001904749,4.359753245552776,4.971988470184936,0.0,14.359439361811507,15,14,1,alpha_0,1.1228987511120336
tfim_h2.0,"TFIM (J=1, h=2.0)",4,7,combined,Combined (A+B+C),43,3,sum,7.22559665655134,6.642954394484511,5.886866836375277,0.0,19.613698676025926,15,14,1,alpha_0,0.9451456191609393
tfim_h2.0,"TFIM (J=1, h=2.0)",4,7,combined,Combined (A+B+C),44,3,sum,13.151897679802216,13.209125847628844,10.44897882634432,0.0,34.16443244709646,15,14,1,alpha_0,2.8950858182962604
tfim_h2.0,"TFIM (J=1, h=2.0)",4,7,combined,Combined (A+B+C),45,3,sum,12.092071959770712,3.72215398679987,18.209087156316837,0.0,58.67721356476516,15,14,1,alpha_0,2.625340317489153
tfim_h2.0,"TFIM (J=1, h=2.0)",4,7,combined,Combined (A+B+C),46,3,sum,11.119962863024552,9.669032166976223,9.731401772986649,0.0,29.07896355360854,15,14,1,alpha_0,1.7879555991108969
tfim_h2.0,"TFIM (J=1, h=2.0)",4,7,combined,Combined (A+B+C),47,3,sum,12.964581627820028,7.417738085130197,14.813783069266048,0.0,48.61413096283248,15,14,1,alpha_0,2.3030434670018973
tfim_h2.0,"TFIM (J=1, h=2.0)",4,7,combined,Combined (A+B+C),48,3,sum,11.338827665032609,9.45890103741385,10.951584941459135,0.0,40.766473999576505,15,14,1,alpha_0,1.1261130337536296
tfim_h2.0,"TFIM (J=1, h=2.0)",4,7,combined,Combined (A+B+C),49,3,sum,10.441114648224856,10.60733244558726,8.419496252119625,0.0,25.789172918268903,15,14,1,alpha_0,2.6576468782142686
tfim_h2.0,"TFIM (J=1, h=2.0)",10,1,baseline,Baseline (HEA),0,3,sum,3.51311748088138,2.183225780058778,3.1666673298213177,0.023018190773299134,12.955306747686242,30,30,0,,0.5096854464568039
tfim_h2.0,"TFIM (J=1, h=2.0)",10,1,baseline,Baseline (HEA),1,3,sum,3.894199469029199,3.0162216766802272,3.3133683067134494,0.06196059780240837,13.66373726373903,30,30,0,,0.553341221552662
tfim_h2.0,"TFIM (J=1, h=2.0)",10,1,baseline,Baseline (HEA),2,3,sum,3.989170573643047,3.704171776441063,2.746502613054848,0.02682778410509409,9.750629792391154,30,30,0,,0.6000482380555372
tfim_h2.0,"TFIM (J=1, h=2.0)",10,1,baseline,Baseline (HEA),3,3,sum,4.909874948556597,2.995926800205133,4.5997559051244785,0.0058579329724756934,20.416994528066553,30,30,0,,0.7440693205886507
tfim_h2.0,"TFIM (J=1, h=2.0)",10,1,baseline,Baseline (HEA),4,3,sum,5.012239195939221,3.4753835679983385,4.251717584361117,0.5489091152969368,16.043614879773365,30,30,0,,0.7571646841498758
tfim_h2.0,"TFIM (J=1, h=2.0)",10,1,baseline,Baseline (HEA),5,3,sum,4.2885034497621835,3.108237439096997,3.7495410817959907,0.03687678134354165,14.853622807743713,30,30,0,,0.6086575279313101
tfim_h2.0,"TFIM (J=1, h=2.0)",10,1,baseline,Baseline (HEA),6,3,sum,5.2829592395414,4.3862076015853555,4.758600520280517,0.04889024741396229,18.410354939340813,30,30,0,,0.7392968963193464
tfim_h2.0,"TFIM (J=1, h=2.0)",10,1,baseline,Baseline (HEA),7,3,sum,3.9345559764638995,2.8687082432785584,3.2430936716708025,0.1127213334694857,12.582417509147337,30,30,0,,0.5129373685725118
tfim_h2.0,"TFIM (J=1, h=2.0)",10,1,baseline,Baseline (HEA),8,3,sum,5.371837863486992,4.57446690154606,4.239526016975276,0.03171201725438686,14.484986882333063,30,30,0,,0.8903541426548832
tfim_h2.0,"TFIM (J=1, h=2.0)",10,1,baseline,Baseline (HEA),9,3,sum,4.7488898735893645,3.8666794767478634,3.245929531748664,0.6748353557017353,13.121369441338665,30,30,0,,0.6989201036646805
tfim_h2.0,"TFIM (J=1, h=2.0)",10,1,baseline,Baseline (HEA),10,3,sum,4.413023507818978,4.034606728187787,2.664775074421806,0.2709122142251024,10.674359035421727,30,30,0,,0.6795574556509607
tfim_h2.0,"TFIM (J=1, h=2.0)",10,1,baseline,Baseline (HEA),11,3,sum,6.410226037028817,4.8100987503611305,4.084415263441631,0.9053385416620476,17.873511960090088,30,30,0,,0.9247046181382422
tfim_h2.0,"TFIM (J=1, h=2.0)",10,1,baseline,Baseline (HEA),12,3,sum,5.458834629733419,5.179705271325387,3.3725419368674356,0.36382549050649327,15.060790945812663,30,30,0,,0.735855081213741
tfim_h2.0,"TFIM (J=1, h=2.0)",10,1,baseline,Baseline (HEA),13,3,sum,3.7119085247315207,3.0622185012250496,2.841692387765853,0.1451270240108595,8.887419879508705,30,30,0,,0.5987601329139665
tfim_h2.0,"TFIM (J=1, h=2.0)",10,1,baseline,Baseline (HEA),14,3,sum,4.016181687626618,3.233975339737894,2.9480951010084024,0.13087515023354415,12.681600390649265,30,30,0,,0.6003512656202931
tfim_h2.0,"TFIM (J=1, h=2.0)",10,1,baseline,Baseline (HEA),15,3,sum,4.329567257372465,4.031491575650124,3.2295371494445537,0.2804134749848256,13.898825618387248,30,30,0,,0.6190218082618858
tfim_h2.0,"TFIM (J=1, h=2.0)",10,1,baseline,Baseline (HEA),16,3,sum,4.593525856708165,4.5025502849536885,3.2523368212331643,0.006260726498593566,12.64967612389431,30,30,0,,0.6324114680674209
tfim_h2.0,"TFIM (J=1, h=2.0)",10,1,baseline,Baseline (HEA),17,3,sum,4.289979865489775,3.7915139438442633,3.4981446532559466,0.40576285370201604,17.561141261063874,30,30,0,,0.6617095046440649
tfim_h2.0,"TFIM (J=1, h=2.0)",10,1,baseline,Baseline (HEA),18,3,sum,3.9077349646312354,2.265914139423717,3.82060076190731,0.032029077046727514,13.518606949300482,30,30,0,,0.5653812368407872
tfim_h2.0,"TFIM (J=1, h=2.0)",10,1,baseline,Baseline (HEA),19,3,sum,5.036692830457493,4.262104204971607,4.049274697775902,0.03108645549123433,14.594982883832564,30,30,0,,0.759521156920304
tfim_h2.0,"TFIM (J=1, h=2.0)",10,1,baseline,Baseline (HEA),20,3,sum,4.153512860276509,3.445900953358261,2.8820033894870445,0.1713870806430793,12.98985733768814,30,30,0,,0.61842398188834
tfim_h2.0,"TFIM (J=1, h=2.0)",10,1,baseline,Baseline (HEA),21,3,sum,4.426048027500029,2.8116373426887584,5.028257981165916,0.3027459659276175,24.165550566576925,30,30,0,,0.6257529349012922
tfim_h2.0,"TFIM (J=1, h=2.0)",10,1,baseline,Baseline (HEA),22,3,sum,4.248651924013479,3.9809161390883574,3.279879721524498,0.2866986027083739,14.39221279717781,30,30,0,,0.5970754641352848
tfim_h2.0,"TFIM (J=1, h=2.0)",10,1,baseline,Baseline (HEA),23,3,sum,4.839260329900094,3.531493763800226,4.1104413982908365,0.5033498077178512,15.391405959172994,30,30,0,,0.7519952055038583
tfim_h2.0,"TFIM (J=1, h=2.0)",10,1,baseline,Baseline (HEA),24,3,sum,4.6082049787797486,3.9702090939481023,4.411658865067653,0.1959133026036831,19.85496534205532,30,30,0,,0.6878954734812115
tfim_h2.0,"TFIM (J=1, h=2.0)",10,1,baseline,Baseline (HEA),25,3,sum,5.379603724937596,5.11932933696887,3.615552453843183,0.1400005202146926,14.591355582056732,30,30,0,,0.7822192011062088
tfim_h2.0,"TFIM (J=1, h=2.0)",10,1,baseline,Baseline (HEA),26,3,sum,4.827281761052336,3.8373720885329248,4.045886937862932,0.16191611791057062,18.136798451494016,30,30,0,,0.6808509709238262
tfim_h2.0,"TFIM (J=1, h=2.0)",10,1,baseline,Baseline (HEA),27,3,sum,4.554527779996099,3.9706212688890457,3.3489780821061523,0.19824418563318405,15.178344935092923,30,30,0,,0.5754225172820508
tfim_h2.0,"TFIM (J=1, h=2.0)",10,1,baseline,Baseline (HEA),28,3,sum,4.624971963315582,3.252360682096521,4.609341233460986,0.14137905730016664,17.106368945188418,30,30,0,,0.7517934641468844
tfim_h2.0,"TFIM (J=1, h=2.0)",10,1,baseline,Baseline (HEA),29,3,sum,4.419741652112832,2.855126428349906,4.890358708380844,0.12690041136688515,21.30901686432448,30,30,0,,0.6751993059596876
tfim_h2.0,"TFIM (J=1, h=2.0)",10,1,baseline,Baseline (HEA),30,3,sum,3.9355156044694692,2.541538959071623,3.397056233535304,0.14694020901634022,11.433442655854126,30,30,0,,0.6129648329896363
tfim_h2.0,"TFIM (J=1, h=2.0)",10,1,baseline,Baseline (HEA),31,3,sum,5.138242578496684,4.0530877421175635,3.7544894294050604,0.11805378946351484,15.665053619513902,30,30,0,,0.8294002104062596
tfim_h2.0,"TFIM (J=1, h=2.0)",10,1,baseline,Baseline (HEA),32,3,sum,3.850868898983309,3.1944355955658494,2.660206368723879,0.1740513385848454,9.984999654012581,30,30,0,,0.5728622887671988
tfim_h2.0,"TFIM (J=1, h=2.0)",10,1,baseline,Baseline (HEA),33,3,sum,3.745858119877951,2.5679809594083474,3.280522871366626,0.007124268313784841,11.615044069337735,30,30,0,,0.620926564347295
tfim_h2.0,"TFIM (J=1, h=2.0)",10,1,baseline,Baseline (HEA),34,3,sum,5.1401963331589196,3.850608716792668,4.03996939540216,0.12028927013120305,14.861378642160112,30,30,0,,0.693299937994941
tfim_h2.0,"TFIM (J=1, h=2.0)",10,1,baseline,Baseline (HEA),35,3,sum,3.6982452253829985,2.761563651982416,3.2641515657201556,0.42724366106040423,13.021163308378755,30,30,0,,0.6021127898308172
tfim_h2.0,"TFIM (J=1, h=2.0)",10,1,baseline,Baseline (HEA),36,3,sum,4.9776782004167766,4.159421458841103,4.240500039837049,0.03791291825411888,14.598793895499547,30,30,0,,0.7460138123631717
tfim_h2.0,"TFIM (J=1, h=2.0)",10,1,baseline,Baseline (HEA),37,3,sum,5.484246892776417,4.748907694939011,3.6346234984342134,0.8786147035536691,13.955691329329586,30,30,0,,0.8105773858188434
tfim_h2.0,"TFIM (J=1, h=2.0)",10,1,baseline,Baseline (HEA),38,3,sum,4.180641125628764,3.7446376502513914,3.121360087063043,0.14828952452277924,10.333749131776445,30,30,0,,0.533010067867586
tfim_h2.0,"TFIM (J=1, h=2.0)",10,1,baseline,Baseline (HEA),39,3,sum,5.81700074684155,4.797556644519679,4.6548574439524,0.18996442762801266,15.551244211509518,30,30,0,,0.8069727459704326
tfim_h2.0,"TFIM (J=1, h=2.0)",10,1,baseline,Baseline (HEA),40,3,sum,4.70189058933599,2.9896581446572865,4.439256612477263,0.055622593516954526,18.573657953280577,30,30,0,,0.6878442511370398
tfim_h2.0,"TFIM (J=1, h=2.0)",10,1,baseline,Baseline (HEA),41,3,sum,4.962612494988211,3.93831378118962,3.3020753424496356,0.3414266605465369,14.735868362086993,30,30,0,,0.7987972180936403
tfim_h2.0,"TFIM (J=1, h=2.0)",10,1,baseline,Baseline (HEA),42,3,sum,4.084496977259007,3.4167186532617992,3.662750031777349,0.02137534876684312,15.726390321721176,30,30,0,,0.5678770746275623
tfim_h2.0,"TFIM (J=1, h=2.0)",10,1,baseline,Baseline (HEA),43,3,sum,5.97615071282753,4.578957782624187,4.940004361042941,0.8107426999201505,22.684694969845633,30,30,0,,0.9085629913648564
tfim_h2.0,"TFIM (J=1, h=2.0)",10,1,baseline,Baseline (HEA),44,3,sum,5.768489888934588,3.7266128173748116,5.43370358551714,0.044630409271012354,18.85419987708878,30,30,0,,0.8255630521004154
tfim_h2.0,"TFIM (J=1, h=2.0)",10,1,baseline,Baseline (HEA),45,3,sum,5.271393742069836,4.303451987726856,3.8340312883927075,0.15308681291635665,13.181340803432386,30,30,0,,0.8304088311465176
tfim_h2.0,"TFIM (J=1, h=2.0)",10,1,baseline,Baseline (HEA),46,3,sum,4.406382870531388,3.2516207552804084,3.5883466992149207,0.4297646715958942,14.786000708002462,30,30,0,,0.6242099660650159
tfim_h2.0,"TFIM (J=1, h=2.0)",10,1,baseline,Baseline (HEA),47,3,sum,4.289046692434729,2.067625246727075,5.82771435225965,0.07785881729778,24.476990221624405,30,30,0,,0.5927843462750707
tfim_h2.0,"TFIM (J=1, h=2.0)",10,1,baseline,Baseline (HEA),48,3,sum,5.835387567292483,5.237444555588113,4.121941994300613,0.1875369097476469,15.694976938327821,30,30,0,,0.8278459544747999
tfim_h2.0,"TFIM (J=1, h=2.0)",10,1,baseline,Baseline (HEA),49,3,sum,3.611854045627717,3.0704684303455005,3.23058450452257,0.009924720651625604,14.391421530734176,30,30,0,,0.5469621937449622
tfim_h2.0,"TFIM (J=1, h=2.0)",10,2,entanglement_only,Constrained entanglement only,0,3,sum,9.354439539840335,7.554121334869338,6.064832886244948,1.4006815572077265,26.371103405315907,30,30,0,,1.3246944204483393
tfim_h2.0,"TFIM (J=1, h=2.0)",10,2,entanglement_only,Constrained entanglement only,1,3,sum,7.0244804782295995,6.23664984899322,5.294882112030445,0.012377676826196688,17.269031599766556,30,30,0,,0.7902076347164474
tfim_h2.0,"TFIM (J=1, h=2.0)",10,2,entanglement_only,Constrained entanglement only,2,3,sum,7.178089697456722,5.511164605325802,6.24737845797765,0.03808545967560941,22.60347015175233,30,30,0,,1.0909690670819665
tfim_h2.0,"TFIM (J=1, h=2.0)",10,2,entanglement_only,Constrained entanglement only,3,3,sum,7.476502629659235,5.9569443977636425,5.829657481599888,0.3881531157768769,19.723140012309617,30,30,0,,0.9157812438571841
tfim_h2.0,"TFIM (J=1, h=2.0)",10,2,entanglement_only,Constrained entanglement only,4,3,sum,7.486967297017049,5.198826125482468,4.969646212313828,0.05835660010028066,19.741900781574397,30,30,0,,1.0524450850075984
tfim_h2.0,"TFIM (J=1, h=2.0)",10,2,entanglement_only,Constrained entanglement only,5,3,sum,7.951142220460346,6.494076364749078,5.268978991011555,0.4905258302777075,17.561495990970112,30,30,0,,0.9879589349623725
tfim_h2.0,"TFIM (J=1, h=2.0)",10,2,entanglement_only,Constrained entanglement only,6,3,sum,7.367543069074547,5.952112804666621,5.076422166631058,0.2534846392202255,19.397702088632197,30,30,0,,0.895266769793764
tfim_h2.0,"TFIM (J=1, h=2.0)",10,2,entanglement_only,Constrained entanglement only,7,3,sum,7.507270626565078,5.611484738349086,7.176837193319139,0.029651597001767376,29.584605200934956,30,30,0,,1.122870739105332
tfim_h2.0,"TFIM (J=1, h=2.0)",10,2,entanglement_only,Constrained entanglement only,8,3,sum,6.859253468863754,3.680394717925804,6.931656281423477,0.438436168879701,22.88831028237948,30,30,0,,0.9529431694674365
tfim_h2.0,"TFIM (J=1, h=2.0)",10,2,entanglement_only,Constrained entanglement only,9,3,sum,7.8713227373386,6.25411492583112,5.602309235760021,0.5416121483870349,23.196564747377145,30,30,0,,1.0854202957079222
tfim_h2.0,"TFIM (J=1, h=2.0)",10,2,entanglement_only,Constrained entanglement only,10,3,sum,8.269522785820037,9.070223921326516,5.516284598454134,0.10912672284525525,19.954449118392915,30,30,0,,1.113812445772485
tfim_h2.0,"TFIM (J=1, h=2.0)",10,2,entanglement_only,Constrained entanglement only,11,3,sum,8.22801574288395,7.181395470961946,4.849147380688301,0.4467515673467322,19.293118695423104,30,30,0,,1.0462431735355837
tfim_h2.0,"TFIM (J=1, h=2.0)",10,2,entanglement_only,Constrained entanglement only,12,3,sum,8.738626784372428,6.9271075304839975,8.422764031304377,0.0944279700102391,32.762528117016316,30,30,0,,1.1164889320930433
tfim_h2.0,"TFIM (J=1, h=2.0)",10,2,entanglement_only,Constrained entanglement only,13,3,sum,6.600754334297061,4.71388087781364,5.745483834656628,0.3700046399168222,24.599602890759765,30,30,0,,0.8697819834758324
tfim_h2.0,"TFIM (J=1, h=2.0)",10,2,entanglement_only,Constrained entanglement only,14,3,sum,7.224529698299578,5.110676894349236,5.293688479488357,1.3647733103116002,20.464368106607196,30,30,0,,1.228530702004307
tfim_h2.0,"TFIM (J=1, h=2.0)",10,2,entanglement_only,Constrained entanglement only,15,3,sum,5.6182611105854505,5.696568471928115,3.4850092336118226,0.3803949489301312,17.72654880314026,30,30,0,,0.6852552399504611
tfim_h2.0,"TFIM (J=1, h=2.0)",10,2,entanglement_only,Constrained entanglement only,16,3,sum,7.116390637753438,4.6824931429381165,5.556290305145319,0.3206617883226731,20.03254744039739,30,30,0,,0.7632538673353967
tfim_h2.0,"TFIM (J=1, h=2.0)",10,2,entanglement_only,Constrained entanglement only,17,3,sum,7.590869769481651,5.939098789811551,4.991048999139471,1.0527064102428658,23.791468736522138,30,30,0,,1.2060504428685337
tfim_h2.0,"TFIM (J=1, h=2.0)",10,2,entanglement_only,Constrained entanglement only,18,3,sum,6.102041793524482,6.054705019486021,4.113686378962789,0.20218055312692612,15.728520070982213,30,30,0,,0.7076506655173751
tfim_h2.0,"TFIM (J=1, h=2.0)",10,2,entanglement_only,Constrained entanglement only,19,3,sum,6.952862501715732,6.629791987941987,4.892683573484346,0.2192668780170754,21.090434553698582,30,30,0,,1.119318899797629
tfim_h2.0,"TFIM (J=1, h=2.0)",10,2,entanglement_only,Constrained entanglement only,20,3,sum,6.168351218163768,5.0052440556877045,4.679439846065819,0.8920156955446011,20.96340857072151,30,30,0,,0.7535757053782984
tfim_h2.0,"TFIM (J=1, h=2.0)",10,2,entanglement_only,Constrained entanglement only,21,3,sum,7.783726386001899,7.58564999550763,4.615640457173941,0.29564073524160994,21.46811552951204,30,30,0,,0.9939365665982071
tfim_h2.0,"TFIM (J=1, h=2.0)",10,2,entanglement_only,Constrained entanglement only,22,3,sum,9.497806090633373,6.920519006757107,6.648185746830844,1.126894750238374,23.19242666273745,30,30,0,,1.6299645824132614
tfim_h2.0,"TFIM (J=1, h=2.0)",10,2,entanglement_only,Constrained entanglement only,23,3,sum,9.200808300657258,9.8865130173474,4.983762930040597,0.4633601254368149,20.8696536956015,30,30,0,,1.0362249317679348
tfim_h2.0,"TFIM (J=1, h=2.0)",10,2,entanglement_only,Constrained entanglement only,24,3,sum,6.599077154325519,4.713427705556693,6.3874017838721615,0.15502680583948572,27.017423576416245,30,30,0,,0.7415557589387869
tfim_h2.0,"TFIM (J=1, h=2.0)",10,2,entanglement_only,Constrained entanglement only,25,3,sum,7.046579287633936,5.860630357250603,5.34558512818864,0.025717224390189586,20.868854492261097,30,30,0,,0.8961998784238239
tfim_h2.0,"TFIM (J=1, h=2.0)",10,2,entanglement_only,Constrained entanglement only,26,3,sum,8.041037481089953,4.675722580738146,7.272520182652679,0.17684216390405946,30.38926782393739,30,30,0,,1.2952729622927517
tfim_h2.0,"TFIM (J=1, h=2.0)",10,2,entanglement_only,Constrained entanglement only,27,3,sum,8.469556753146142,7.729283615495606,6.882247937989364,0.17683368510819644,24.20856128217505,30,30,0,,1.0549890444481884
tfim_h2.0,"TFIM (J=1, h=2.0)",10,2,entanglement_only,Constrained entanglement only,28,3,sum,6.5254867341262885,4.367622712554959,5.5706169488119075,0.41690241417984136,23.97934334421038,30,30,0,,0.8458977598731477
tfim_h2.0,"TFIM (J=1, h=2.0)",10,2,entanglement_only,Constrained entanglement only,29,3,sum,7.893742587584309,6.0894456646569575,6.072539884681826,0.540100327543694,21.383359598473582,30,30,0,,0.9255030787997887
tfim_h2.0,"TFIM (J=1, h=2.0)",10,2,entanglement_only,Constrained entanglement only,30,3,sum,6.658779412913325,6.021202672568197,4.498130008413932,0.25511742367829104,18.98861949919865,30,30,0,,0.8863639109614695
tfim_h2.0,"TFIM (J=1, h=2.0)",10,2,entanglement_only,Constrained entanglement only,31,3,sum,7.771389520089477,6.3802327921979805,5.822353003741829,0.5796552684291694,19.78950867525792,30,30,0,,1.059473586894552
tfim_h2.0,"TFIM (J=1, h=2.0)",10,2,entanglement_only,Constrained entanglement only,32,3,sum,6.363907902072976,5.207161479709596,3.7006364358433124,1.2952038999552768,13.920696375423665,30,30,0,,0.8947371553431623
tfim_h2.0,"TFIM (J=1, h=2.0)",10,2,entanglement_only,Constrained entanglement only,33,3,sum,6.584362849760014,4.888868638349718,6.905715157414449,0.16081548782448066,36.475980142927064,30,30,0,,1.065809951065844
tfim_h2.0,"TFIM (J=1, h=2.0)",10,2,entanglement_only,Constrained entanglement only,34,3,sum,8.536852668150352,6.352762658378767,6.8031197233800125,0.005773595328121944,21.601555466374784,30,30,0,,1.1246256200887845
tfim_h2.0,"TFIM (J=1, h=2.0)",10,2,entanglement_only,Constrained entanglement only,35,3,sum,6.775498766469107,6.032560375136262,4.029352379906119,0.07961857760056401,19.904012381888464,30,30,0,,0.8545669297670053
tfim_h2.0,"TFIM (J=1, h=2.0)",10,2,entanglement_only,Constrained entanglement only,36,3,sum,7.729423417617289,5.6867969902555195,5.769320018559391,0.11914935007645248,19.757936411351608,30,30,0,,1.1912160080499825
tfim_h2.0,"TFIM (J=1, h=2.0)",10,2,entanglement_only,Constrained entanglement only,37,3,sum,5.8512785397868985,1.8532333519071562,6.790041232782222,0.08258989694277459,22.754486612761298,30,30,0,,0.6569076559275916
tfim_h2.0,"TFIM (J=1, h=2.0)",10,2,entanglement_only,Constrained entanglement only,38,3,sum,8.06045242070596,7.6333083456288175,4.40652670895168,0.023774877315337048,16.596257523852703,30,30,0,,1.1773405345510117
tfim_h2.0,"TFIM (J=1, h=2.0)",10,2,entanglement_only,Constrained entanglement only,39,3,sum,9.314263509175841,6.450535744545105,8.383142273545852,0.7054712071901819,31.86757362695197,30,30,0,,1.1307113340483559
tfim_h2.0,"TFIM (J=1, h=2.0)",10,2,entanglement_only,Constrained entanglement only,40,3,sum,8.032874399353835,7.245053032213896,4.495357406675124,0.9219835281362637,20.388200454916692,30,30,0,,1.004356591245149
tfim_h2.0,"TFIM (J=1, h=2.0)",10,2,entanglement_only,Constrained entanglement only,41,3,sum,7.678170976230019,6.550029292121676,4.915743155393529,0.39705957831458183,20.470941092289802,30,30,0,,1.0832573579907858
tfim_h2.0,"TFIM (J=1, h=2.0)",10,2,entanglement_only,Constrained entanglement only,42,3,sum,6.465452870813878,5.535762809666636,5.93701232067379,0.6973279592501904,22.903582933590556,30,30,0,,0.7847152242145873
tfim_h2.0,"TFIM (J=1, h=2.0)",10,2,entanglement_only,Constrained entanglement only,43,3,sum,8.274646189995243,6.542433296562497,7.252646690672831,0.6663037364817033,26.74615313206246,30,30,0,,1.1158979355099536
tfim_h2.0,"TFIM (J=1, h=2.0)",10,2,entanglement_only,Constrained entanglement only,44,3,sum,6.897656430297912,4.9410351800610925,6.029168872106379,0.13293395612217343,22.093675267458995,30,30,0,,1.0984116050032766
tfim_h2.0,"TFIM (J=1, h=2.0)",10,2,entanglement_only,Constrained entanglement only,45,3,sum,7.961642092103334,4.853521216242534,6.447248813876643,1.1139133105414691,24.67347879759302,30,30,0,,1.2034639889930594
tfim_h2.0,"TFIM (J=1, h=2.0)",10,2,entanglement_only,Constrained entanglement only,46,3,sum,9.321753779639897,8.735093297434819,5.971579864006462,0.2470975738691452,23.715817327134506,30,30,0,,1.3571013393088158
tfim_h2.0,"TFIM (J=1, h=2.0)",10,2,entanglement_only,Constrained entanglement only,47,3,sum,5.712116581759764,6.223091358127566,3.9365210366064374,0.03775341103605641,12.869682560972935,30,30,0,,0.5774273304792443
tfim_h2.0,"TFIM (J=1, h=2.0)",10,2,entanglement_only,Constrained entanglement only,48,3,sum,6.888692661593932,3.7224304856460955,8.594430351223108,0.030907694413093555,31.305126013722262,30,30,0,,0.8189766118147378
tfim_h2.0,"TFIM (J=1, h=2.0)",10,2,entanglement_only,Constrained entanglement only,49,3,sum,5.899750924636636,4.7652470413425245,5.769208613645974,0.10682399047460908,24.984874170985567,30,30,0,,0.8152872587170529
tfim_h2.0,"TFIM (J=1, h=2.0)",10,3,local_cost_only,Local cost function only,0,3,sum,2.8652113372839634,1.8662893089716302e-15,8.901845313368478,0.0,44.38629366053867,30,30,0,,0.05247045616259655
tfim_h2.0,"TFIM (J=1, h=2.0)",10,3,local_cost_only,Local cost function only,1,3,sum,2.1440577162813153,2.331777625353548e-15,4.655045974153049,1.5545184169023653e-16,21.143484888393232,30,30,0,,0.0457917707240412
tfim_h2.0,"TFIM (J=1, h=2.0)",10,3,local_cost_only,Local cost function only,2,3,sum,3.758803777072358,2.871112541845734e-15,9.718663820364757,0.0,36.68335767510971,30,30,0,,0.06864720826963416
tfim_h2.0,"TFIM (J=1, h=2.0)",10,3,local_cost_only,Local cost function only,3,3,sum,6.114598644419701,1.8685807330619024e-15,19.234965746885035,0.0,93.62198905899564,30,30,0,,0.08062556045328503
tfim_h2.0,"TFIM (J=1, h=2.0)",10,3,local_cost_only,Local cost function only,4,3,sum,2.0498499017962204,3.799887934550522e-15,5.688963950247631,0.0,28.519553809605476,30,30,0,,0.039488630122291736
tfim_h2.0,"TFIM (J=1, h=2.0)",10,3,local_cost_only,Local cost function only,5,3,sum,6.646496073130598,1.305438618351416e-15,24.840714834500865,0.0,123.38196978599638,30,30,0,,0.06508713558926174
tfim_h2.0,"TFIM (J=1, h=2.0)",10,3,local_cost_only,Local cost function only,6,3,sum,3.7691845791320797,6.3436354965866595e-15,7.360725188158109,0.0,27.23850745586888,30,30,0,,0.07362013270412267
tfim_h2.0,"TFIM (J=1, h=2.0)",10,3,local_cost_only,Local cost function only,7,3,sum,6.075776730316407,1.8938744616435784e-15,15.7619990922055,0.0,78.09594476624673,30,30,0,,0.09589833899460341
tfim_h2.0,"TFIM (J=1, h=2.0)",10,3,local_cost_only,Local cost function only,8,3,sum,3.8336140269587893,3.2589239708807934e-15,9.02798086245472,0.0,27.66857770303577,30,30,0,,0.07069323685672053
tfim_h2.0,"TFIM (J=1, h=2.0)",10,3,local_cost_only,Local cost function only,9,3,sum,2.2266130243097333,1.111116446387128e-14,4.005366212801342,0.0,12.983310722346076,30,30,0,,0.043105717768550766
tfim_h2.0,"TFIM (J=1, h=2.0)",10,3,local_cost_only,Local cost function only,10,3,sum,4.329078360868446,2.5979371858920765e-15,8.00054887967583,0.0,25.186818585573903,30,30,0,,0.08752989822152576
tfim_h2.0,"TFIM (J=1, h=2.0)",10,3,local_cost_only,Local cost function only,11,3,sum,3.388428173444013,1.253757781084302e-15,10.574253531941476,0.0,46.738058862391206,30,30,0,,0.05827558407241776
tfim_h2.0,"TFIM (J=1, h=2.0)",10,3,local_cost_only,Local cost function only,12,3,sum,2.975096670750822,4.241654651847436e-15,6.535278756437042,0.0,26.732383153712743,30,30,0,,0.053276207955477
tfim_h2.0,"TFIM (J=1, h=2.0)",10,3,local_cost_only,Local cost function only,13,3,sum,6.346307209015197,1.2871610013338666e-15,13.367183856427648,0.0,50.07415201762791,30,30,0,,0.10926682530638931
tfim_h2.0,"TFIM (J=1, h=2.0)",10,3,local_cost_only,Local cost function only,14,3,sum,4.08162928637655,1.7869021653841022e-15,7.926987916734219,0.0,30.650815370613092,30,30,0,,0.0815081718425485
tfim_h2.0,"TFIM (J=1, h=2.0)",10,3,local_cost_only,Local cost function only,15,3,sum,3.765622844482373,2.8386302489273236e-15,7.654083885022338,0.0,30.257155718917506,30,30,0,,0.07428600274355084
tfim_h2.0,"TFIM (J=1, h=2.0)",10,3,local_cost_only,Local cost function only,16,3,sum,2.5383958505240747,6.1443842672376125e-15,5.71296385751475,0.0,26.083927018592064,30,30,0,,0.048843528964420076
tfim_h2.0,"TFIM (J=1, h=2.0)",10,3,local_cost_only,Local cost function only,17,3,sum,2.5481057415703323,1.2629873638902992e-15,6.270004476826862,0.0,26.76347728734468,30,30,0,,0.05198684284467631
tfim_h2.0,"TFIM (J=1, h=2.0)",10,3,local_cost_only,Local cost function only,18,3,sum,4.6072535126851255,4.277297948868753e-15,9.806750957100405,0.0,43.11501354768906,30,30,0,,0.08735379578742615
tfim_h2.0,"TFIM (J=1, h=2.0)",10,3,local_cost_only,Local cost function only,19,3,sum,2.6538158027958976,7.841714392937956e-15,6.370374598551353,0.0,30.79313828821053,30,30,0,,0.05179626552741845
tfim_h2.0,"TFIM (J=1, h=2.0)",10,3,local_cost_only,Local cost function only,20,3,sum,1.5541122170352966,9.348453862848436e-15,3.690898540091935,0.0,15.846691947105125,30,30,0,,0.029880732445789784
tfim_h2.0,"TFIM (J=1, h=2.0)",10,3,local_cost_only,Local cost function only,21,3,sum,3.481262433709013,2.7317669302712147e-15,7.13776685554076,0.0,25.072735995190808,30,30,0,,0.06998233993729362
tfim_h2.0,"TFIM (J=1, h=2.0)",10,3,local_cost_only,Local cost function only,22,3,sum,1.4823304408256346,6.779679557857436e-15,4.321047026969591,0.0,23.27565411931031,30,30,0,,0.028954764687039815
tfim_h2.0,"TFIM (J=1, h=2.0)",10,3,local_cost_only,Local cost function only,23,3,sum,2.601158573952183,3.634654969113073e-15,5.198644617138856,0.0,17.871856108018942,30,30,0,,0.05181292818569164
tfim_h2.0,"TFIM (J=1, h=2.0)",10,3,local_cost_only,Local cost function only,24,3,sum,3.799178652180181,1.4072477448245528e-15,8.40143192370233,0.0,35.222801102712396,30,30,0,,0.07464917311054839
tfim_h2.0,"TFIM (J=1, h=2.0)",10,3,local_cost_only,Local cost function only,25,3,sum,4.0116494060962165,1.3013435781249846e-15,7.560824412393235,0.0,27.966665209297116,30,30,0,,0.081357340122862
tfim_h2.0,"TFIM (J=1, h=2.0)",10,3,local_cost_only,Local cost function only,26,3,sum,5.516677288997676,1.2442399336726343e-15,12.520306466077743,0.0,44.4155105406966,30,30,0,,0.0964993120795528
tfim_h2.0,"TFIM (J=1, h=2.0)",10,3,local_cost_only,Local cost function only,27,3,sum,4.83668157506652,2.0643532979141404e-15,13.025242759115317,0.0,66.67142005396681,30,30,0,,0.0780264315749784
tfim_h2.0,"TFIM (J=1, h=2.0)",10,3,local_cost_only,Local cost function only,28,3,sum,4.7492299095056465,2.790645061217158e-15,15.093120881943403,0.0,71.20993073797335,30,30,0,,0.06924670953109603
tfim_h2.0,"TFIM (J=1, h=2.0)",10,3,local_cost_only,Local cost function only,29,3,sum,4.897689791745871,1.4752736304486283e-15,11.33137088786299,0.0,40.08925776210504,30,30,0,,0.08909930639654963
tfim_h2.0,"TFIM (J=1, h=2.0)",10,3,local_cost_only,Local cost function only,30,3,sum,3.3189056343278,3.1949467857163478e-15,6.50129042022662,0.0,25.006699319674233,30,30,0,,0.06618131972523073
tfim_h2.0,"TFIM (J=1, h=2.0)",10,3,local_cost_only,Local cost function only,31,3,sum,3.171442926892055,6.945638502669748e-15,8.744182686388536,0.0,38.061955042433205,30,30,0,,0.059053818823273936
tfim_h2.0,"TFIM (J=1, h=2.0)",10,3,local_cost_only,Local cost function only,32,3,sum,3.172438965210757,6.663699381632107e-15,8.378593464842286,0.0,34.4747112421765,30,30,0,,0.05867945865736043
tfim_h2.0,"TFIM (J=1, h=2.0)",10,3,local_cost_only,Local cost function only,33,3,sum,3.491039447778657,2.6381054016567276e-15,9.024800588078353,1.5518267068568986e-16,46.38527356721804,30,30,0,,0.0658541297268698
tfim_h2.0,"TFIM (J=1, h=2.0)",10,3,local_cost_only,Local cost function only,34,3,sum,5.502562046145527,1.9218505061084905e-15,15.311765793265497,0.0,69.82118409055231,30,30,0,,0.08444339168883115
tfim_h2.0,"TFIM (J=1, h=2.0)",10,3,local_cost_only,Local cost function only,35,3,sum,2.941473181470051,1.0922639222754076e-15,7.684910662937291,0.0,38.961613635997765,30,30,0,,0.05736664008382491
tfim_h2.0,"TFIM (J=1, h=2.0)",10,3,local_cost_only,Local cost function only,36,3,sum,4.031087820671883,1.600946027771171e-15,8.591876474280676,0.0,35.68664966007236,30,30,0,,0.07779210549487793
tfim_h2.0,"TFIM (J=1, h=2.0)",10,3,local_cost_only,Local cost function only,37,3,sum,4.289497169778152,5.8395204030460095e-15,11.05061897956563,0.0,44.89244301896859,30,30,0,,0.07099392673270992
tfim_h2.0,"TFIM (J=1, h=2.0)",10,3,local_cost_only,Local cost function only,38,3,sum,3.747486116033452,3.2823305697103773e-15,7.725699864735018,0.0,29.349957909697977,30,30,0,,0.07550757039437284
tfim_h2.0,"TFIM (J=1, h=2.0)",10,3,local_cost_only,Local cost function only,39,3,sum,3.1478076349911412,3.182868489902613e-15,6.732270032487341,0.0,25.250286393128253,30,30,0,,0.06205371718042601
tfim_h2.0,"TFIM (J=1, h=2.0)",10,3,local_cost_only,Local cost function only,40,3,sum,3.8318894098352816,1.2742229839788273e-15,7.121536709846421,0.0,21.795676609072327,30,30,0,,0.07816537790112932
tfim_h2.0,"TFIM (J=1, h=2.0)",10,3,local_cost_only,Local cost function only,41,3,sum,4.076135982222307,3.2548378090461183e-15,10.285860600997681,0.0,47.65362767186624,30,30,0,,0.07261790674012682
tfim_h2.0,"TFIM (J=1, h=2.0)",10,3,local_cost_only,Local cost function only,42,3,sum,2.718259906385597,4.340695738487165e-15,6.6324282960365455,0.0,29.162840289828278,30,30,0,,0.05169459020247143
tfim_h2.0,"TFIM (J=1, h=2.0)",10,3,local_cost_only,Local cost function only,43,3,sum,5.468494905655863,4.181804142783497e-15,15.737855785986197,0.0,70.37264493620623,30,30,0,,0.07855663582972669
tfim_h2.0,"TFIM (J=1, h=2.0)",10,3,local_cost_only,Local cost function only,44,3,sum,4.028811472126621,1.8797088416151644e-15,8.812821513687297,0.0,37.8830837308999,30,30,0,,0.07861294776987847
tfim_h2.0,"TFIM (J=1, h=2.0)",10,3,local_cost_only,Local cost function only,45,3,sum,5.269332091171988,4.778613508192573e-15,10.43411118220454,0.0,35.42048393643491,30,30,0,,0.09760640298876457
tfim_h2.0,"TFIM (J=1, h=2.0)",10,3,local_cost_only,Local cost function only,46,3,sum,2.774090991352121,1.9401554898159986e-15,7.092697080683798,0.0,32.56944460271702,30,30,0,,0.054841503502899076
tfim_h2.0,"TFIM (J=1, h=2.0)",10,3,local_cost_only,Local cost function only,47,3,sum,4.40342963059692,1.2524371975133945e-15,16.530437397132918,0.0,91.0265550907563,30,30,0,,0.05905299001575648
tfim_h2.0,"TFIM (J=1, h=2.0)",10,3,local_cost_only,Local cost function only,48,3,sum,3.8165200560250385,6.188671081337578e-15,8.709740716871742,0.0,34.36350019421393,30,30,0,,0.07287023981735613
tfim_h2.0,"TFIM (J=1, h=2.0)",10,3,local_cost_only,Local cost function only,49,3,sum,1.5645968372369843,1.2265715895984374e-14,3.003750122660217,0.0,11.406161843781733,30,30,0,,0.028585868773449687
tfim_h2.0,"TFIM (J=1, h=2.0)",10,4,residual_only,Residual connections only,0,3,sum,3.6540081477517106,2.821889101773461,4.533745343415014,0.01565315471916281,21.745953247360134,33,32,1,alpha_0,1.0290729439122983
tfim_h2.0,"TFIM (J=1, h=2.0)",10,4,residual_only,Residual connections only,1,3,sum,3.7652234295698803,1.3655387119825186,7.946221534781749,0.028572493331836493,37.521737321004466,33,32,1,alpha_0,1.153475021788561
tfim_h2.0,"TFIM (J=1, h=2.0)",10,4,residual_only,Residual connections only,2,3,sum,2.5212532527752587,1.4553100444922502,3.1957920389961907,0.033648017289778114,13.459252505161416,33,32,1,alpha_0,1.4098481003163936
tfim_h2.0,"TFIM (J=1, h=2.0)",10,4,residual_only,Residual connections only,3,3,sum,3.625875743010403,2.751631676075308,3.525157371892141,0.0027584231808439074,13.482116452843053,33,32,1,alpha_0,1.2715665632197262
tfim_h2.0,"TFIM (J=1, h=2.0)",10,4,residual_only,Residual connections only,4,3,sum,4.408371861009072,2.0162105602773672,6.031689613696901,0.05204227375643558,23.355032524570557,33,32,1,alpha_0,1.8280004604744504
tfim_h2.0,"TFIM (J=1, h=2.0)",10,4,residual_only,Residual connections only,5,3,sum,3.481202227708775,1.9993614829682487,5.185646411005956,0.008025573980384781,24.915348944876015,33,32,1,alpha_0,1.1557759232569345
tfim_h2.0,"TFIM (J=1, h=2.0)",10,4,residual_only,Residual connections only,6,3,sum,4.286984538857227,2.8295381451472874,4.111001498416357,0.1772672459284227,15.43368102572466,33,32,1,alpha_0,1.3216069132280355
tfim_h2.0,"TFIM (J=1, h=2.0)",10,4,residual_only,Residual connections only,7,3,sum,4.196689679660385,3.647586559264206,3.696649997973557,0.0874638009840479,14.241055858167119,33,32,1,alpha_0,0.9384262668755677
tfim_h2.0,"TFIM (J=1, h=2.0)",10,4,residual_only,Residual connections only,8,3,sum,5.926224180249353,6.3549235563564475,4.67554116415319,0.026558640501772625,21.627957744354035,33,32,1,alpha_0,1.3610422681388346
tfim_h2.0,"TFIM (J=1, h=2.0)",10,4,residual_only,Residual connections only,9,3,sum,2.3664177184120394,2.0798009920553824,1.717959469262295,0.07909148120915259,6.796117307893479,33,32,1,alpha_0,1.0590921803593938
tfim_h2.0,"TFIM (J=1, h=2.0)",10,4,residual_only,Residual connections only,10,3,sum,2.801701501199932,1.5693571882671604,4.408050899104083,0.0016784682240477728,18.135248593197044,33,32,1,alpha_0,1.2744573177389946
tfim_h2.0,"TFIM (J=1, h=2.0)",10,4,residual_only,Residual connections only,11,3,sum,7.354230271844317,5.184353499601174,7.022420373991182,0.08610670172207163,24.657798377310634,33,32,1,alpha_0,1.5197480737735976
tfim_h2.0,"TFIM (J=1, h=2.0)",10,4,residual_only,Residual connections only,12,3,sum,3.09564128797578,1.6523653914592753,5.999640165452145,0.09253157812667998,34.99889278138962,33,32,1,alpha_0,1.551036355491747
tfim_h2.0,"TFIM (J=1, h=2.0)",10,4,residual_only,Residual connections only,13,3,sum,4.122861894190091,2.3156573393686353,5.496513379991702,0.06641101488135075,22.122246235047744,33,32,1,alpha_0,1.6483948807930229
tfim_h2.0,"TFIM (J=1, h=2.0)",10,4,residual_only,Residual connections only,14,3,sum,3.576818935645293,1.8990910826631842,5.1507263946870765,0.048101804419134135,22.246902942642684,33,32,1,alpha_0,1.9174963063958061
tfim_h2.0,"TFIM (J=1, h=2.0)",10,4,residual_only,Residual connections only,15,3,sum,2.952110740088955,2.0858433078434433,3.684133393510509,0.06221428347832398,19.084047786930746,33,32,1,alpha_0,1.120465114724181
tfim_h2.0,"TFIM (J=1, h=2.0)",10,4,residual_only,Residual connections only,16,3,sum,3.6512103781791203,2.4636948721921907,3.8153761440928267,0.0066143382362116735,14.37113854377554,33,32,1,alpha_0,1.6616363765661775
tfim_h2.0,"TFIM (J=1, h=2.0)",10,4,residual_only,Residual connections only,17,3,sum,2.622003737522178,1.4855954455884226,2.78947661575233,0.15947985968807696,11.131474867424581,33,32,1,alpha_0,1.3700101482406557
tfim_h2.0,"TFIM (J=1, h=2.0)",10,4,residual_only,Residual connections only,18,3,sum,2.358551385538095,1.8612492228594764,1.930017700336833,0.05801042945373033,7.543965932722915,33,32,1,alpha_0,1.1464441844621847
tfim_h2.0,"TFIM (J=1, h=2.0)",10,4,residual_only,Residual connections only,19,3,sum,4.847022122423477,3.031515563704247,4.649329023769951,0.3160504471287755,17.575181089280427,33,32,1,alpha_0,1.027395240804771
tfim_h2.0,"TFIM (J=1, h=2.0)",10,4,residual_only,Residual connections only,20,3,sum,3.9048824472720365,2.3638278019643337,4.645296772922044,0.05807878959811753,26.663984592641498,33,32,1,alpha_0,1.1854412608099556
tfim_h2.0,"TFIM (J=1, h=2.0)",10,4,residual_only,Residual connections only,21,3,sum,3.7067911487586733,1.1837405134832397,5.1390842158872125,0.004215197369898934,18.31219477211547,33,32,1,alpha_0,1.4366363734768701
tfim_h2.0,"TFIM (J=1, h=2.0)",10,4,residual_only,Residual connections only,22,3,sum,4.174700646104478,3.034600419146016,4.101187526612103,0.17913702388376915,19.144084286011413,33,32,1,alpha_0,1.169461634951397
tfim_h2.0,"TFIM (J=1, h=2.0)",10,4,residual_only,Residual connections only,23,3,sum,1.8338715251449442,0.8860336039036509,1.8219166241630624,0.18382208602234212,6.218429045955193,33,32,1,alpha_0,1.1507792086890611
tfim_h2.0,"TFIM (J=1, h=2.0)",10,4,residual_only,Residual connections only,24,3,sum,2.8286851475267216,2.503994767785922,2.2893656444680013,0.030590169688907244,8.782587231827565,33,32,1,alpha_0,1.1113504539706451
tfim_h2.0,"TFIM (J=1, h=2.0)",10,4,residual_only,Residual connections only,25,3,sum,3.858345083395889,2.7553391651482317,3.3561096810669775,0.04575468327756265,14.513256550377799,33,32,1,alpha_0,1.7974956533909552
tfim_h2.0,"TFIM (J=1, h=2.0)",10,4,residual_only,Residual connections only,26,3,sum,3.916321360484701,2.8127277078188944,3.7093870148249652,0.11061417636031598,14.750948852424143,33,32,1,alpha_0,1.0714801400547456
tfim_h2.0,"TFIM (J=1, h=2.0)",10,4,residual_only,Residual connections only,27,3,sum,2.7141331713454315,1.3429336403710985,3.411344953806299,0.31432034178493384,16.261745301092795,33,32,1,alpha_0,1.4043616458836223
tfim_h2.0,"TFIM (J=1, h=2.0)",10,4,residual_only,Residual connections only,28,3,sum,4.120327358652222,1.6672588988729604,5.730217118572735,0.057468969975785204,22.3354647867872,33,32,1,alpha_0,1.7167348949279975
tfim_h2.0,"TFIM (J=1, h=2.0)",10,4,residual_only,Residual connections only,29,3,sum,3.906404991452787,2.3803748763750305,5.493016446460872,0.12498214624204958,24.50164328563141,33,32,1,alpha_0,1.732441065643652
tfim_h2.0,"TFIM (J=1, h=2.0)",10,4,residual_only,Residual connections only,30,3,sum,3.2527648769533664,2.0099739954659652,3.294836252406664,0.10858626520086108,13.205371306779332,33,32,1,alpha_0,1.2063729831362684
tfim_h2.0,"TFIM (J=1, h=2.0)",10,4,residual_only,Residual connections only,31,3,sum,4.386657535571485,2.5982542340314465,4.837290973976795,0.05213600550944809,23.801222671865304,33,32,1,alpha_0,1.585481165727221
tfim_h2.0,"TFIM (J=1, h=2.0)",10,4,residual_only,Residual connections only,32,3,sum,2.2101823720537177,1.6239772060152093,1.815930573271303,0.08581541190305322,7.935555616321267,33,32,1,alpha_0,0.8623049290165083
tfim_h2.0,"TFIM (J=1, h=2.0)",10,4,residual_only,Residual connections only,33,3,sum,2.0034250845496966,1.3911814666178848,2.135203478630416,0.005836886842255317,8.406524949761833,33,32,1,alpha_0,0.9761078512010118
tfim_h2.0,"TFIM (J=1, h=2.0)",10,4,residual_only,Residual connections only,34,3,sum,5.115674920215687,4.520896731809046,3.903026841088658,0.47329706339195593,18.75219373071621,33,32,1,alpha_0,1.7159645886503483
tfim_h2.0,"TFIM (J=1, h=2.0)",10,4,residual_only,Residual connections only,35,3,sum,2.415643624851546,1.2756233674112794,3.6697208350018946,0.11032756283718627,15.813519551499759,33,32,1,alpha_0,1.0928016010547688
tfim_h2.0,"TFIM (J=1, h=2.0)",10,4,residual_only,Residual connections only,36,3,sum,2.610883581322562,1.8249249917760735,2.941353112322543,0.026598268135064728,15.905511886271572,33,32,1,alpha_0,1.1428044604781296
tfim_h2.0,"TFIM (J=1, h=2.0)",10,4,residual_only,Residual connections only,37,3,sum,3.1511347983424027,2.3275428294063074,2.9776456936324602,0.1501061096154001,13.149956231331647,33,32,1,alpha_0,1.4296277223244709
tfim_h2.0,"TFIM (J=1, h=2.0)",10,4,residual_only,Residual connections only,38,3,sum,4.217679086538368,3.263422029320477,3.824172039573777,0.034511214911372226,17.05842519541476,33,32,1,alpha_0,0.9698522767669728
tfim_h2.0,"TFIM (J=1, h=2.0)",10,4,residual_only,Residual connections only,39,3,sum,3.6947905654750137,3.3016062158212827,3.194151866848198,0.17263379231934203,10.532880527470972,33,32,1,alpha_0,1.0774918898132773
tfim_h2.0,"TFIM (J=1, h=2.0)",10,4,residual_only,Residual connections only,40,3,sum,2.752637179334367,2.1796064521022664,2.3597612970580317,0.021023179553665446,8.482502635710842,33,32,1,alpha_0,1.0617469982232317
tfim_h2.0,"TFIM (J=1, h=2.0)",10,4,residual_only,Residual connections only,41,3,sum,2.578752805439695,1.9166927550605906,2.5857052201551634,0.03807453070131368,12.500211095757843,33,32,1,alpha_0,1.1476345091445106
tfim_h2.0,"TFIM (J=1, h=2.0)",10,4,residual_only,Residual connections only,42,3,sum,1.7850420467781065,1.1580050410621505,1.8507692077369742,0.0017943186871774216,7.128054798997447,33,32,1,alpha_0,1.051452115260248
tfim_h2.0,"TFIM (J=1, h=2.0)",10,4,residual_only,Residual connections only,43,3,sum,4.98195682970956,3.0326318965595016,7.017598794962175,0.14868609701321464,38.479398929343105,33,32,1,alpha_0,1.5215026550793882
tfim_h2.0,"TFIM (J=1, h=2.0)",10,4,residual_only,Residual connections only,44,3,sum,4.008298402161622,2.356460156465331,4.91636046275479,0.019976555861025,20.436369518676294,33,32,1,alpha_0,1.5139744364527894
tfim_h2.0,"TFIM (J=1, h=2.0)",10,4,residual_only,Residual connections only,45,3,sum,4.748334644110184,2.8031357332685864,5.89739213034877,0.025388407008829866,27.28646521873998,33,32,1,alpha_0,1.646074804518652
tfim_h2.0,"TFIM (J=1, h=2.0)",10,4,residual_only,Residual connections only,46,3,sum,2.8441954596885375,1.8094037001493821,3.882771872393504,0.13670546845113443,17.32542048559393,33,32,1,alpha_0,1.3851733615845165
tfim_h2.0,"TFIM (J=1, h=2.0)",10,4,residual_only,Residual connections only,47,3,sum,3.4526707593641297,1.4240823744092246,4.958850814446874,0.11901080167427781,22.18406775953157,33,32,1,alpha_0,1.120148636912883
tfim_h2.0,"TFIM (J=1, h=2.0)",10,4,residual_only,Residual connections only,48,3,sum,5.141470235238073,3.566495692583736,4.748480420223809,0.06804691283876628,20.728864677514345,33,32,1,alpha_0,1.429361636199371
tfim_h2.0,"TFIM (J=1, h=2.0)",10,4,residual_only,Residual connections only,49,3,sum,2.460717326931608,1.5352477257240986,2.5991726682263607,0.03392439642543458,11.511423109579766,33,32,1,alpha_0,0.8964978087441012
tfim_h2.0,"TFIM (J=1, h=2.0)",10,5,entanglement_local,Entanglement + local cost,0,3,sum,4.140140695433562,3.00093340573087e-15,9.491291739846142,0.0,40.640326379219644,30,30,0,,0.07830730860241332
tfim_h2.0,"TFIM (J=1, h=2.0)",10,5,entanglement_local,Entanglement + local cost,1,3,sum,4.19937736191202,2.8678642305419913e-15,11.093298701121011,0.0,53.69681536906238,30,30,0,,0.07427140346868558
tfim_h2.0,"TFIM (J=1, h=2.0)",10,5,entanglement_local,Entanglement + local cost,2,3,sum,2.4075338287703945,3.984302214583364e-15,6.365127583054517,0.0,28.99864211131117,30,30,0,,0.044766770405366065
tfim_h2.0,"TFIM (J=1, h=2.0)",10,5,entanglement_local,Entanglement + local cost,3,3,sum,11.307655563850648,1.5567833408253917e-15,44.32393115090332,0.0,239.67771821242815,30,30,0,,0.08155363428830818
tfim_h2.0,"TFIM (J=1, h=2.0)",10,5,entanglement_local,Entanglement + local cost,4,3,sum,1.8627885873324552,9.87397396138041e-15,4.608688013385354,0.0,17.115890652195453,30,30,0,,0.0387501214368396
tfim_h2.0,"TFIM (J=1, h=2.0)",10,5,entanglement_local,Entanglement + local cost,5,3,sum,4.8264770406716915,2.3436321186952633e-15,21.076985009924375,0.0,117.3415337903149,30,30,0,,0.05103352161784592
tfim_h2.0,"TFIM (J=1, h=2.0)",10,5,entanglement_local,Entanglement + local cost,6,3,sum,2.931433386136389,6.885930902514996e-15,8.880616401617644,0.0,44.741031185461296,30,30,0,,0.05289234536379806
tfim_h2.0,"TFIM (J=1, h=2.0)",10,5,entanglement_local,Entanglement + local cost,7,3,sum,3.122164989816423,2.768273957608231e-15,7.1758716627245605,0.0,28.659773744788616,30,30,0,,0.06139893272700007
tfim_h2.0,"TFIM (J=1, h=2.0)",10,5,entanglement_local,Entanglement + local cost,8,3,sum,3.836737480544402,2.5417275048499958e-15,8.628691577103018,6.354318762124989e-16,36.47299491968081,30,30,0,,0.07545270200151204
tfim_h2.0,"TFIM (J=1, h=2.0)",10,5,entanglement_local,Entanglement + local cost,9,3,sum,5.426401053644554,2.6524351330692742e-15,12.09182709354603,0.0,40.22683517744076,30,30,0,,0.09740335827271007
tfim_h2.0,"TFIM (J=1, h=2.0)",10,5,entanglement_local,Entanglement + local cost,10,3,sum,2.6801368683409397,6.7109055336568216e-15,7.897947774481252,0.0,42.21533883046373,30,30,0,,0.04763375590039827
tfim_h2.0,"TFIM (J=1, h=2.0)",10,5,entanglement_local,Entanglement + local cost,11,3,sum,4.126561628162806,1.5724848409652957e-15,11.737966687256149,0.0,47.63556702165326,30,30,0,,0.07052481466349494
tfim_h2.0,"TFIM (J=1, h=2.0)",10,5,entanglement_local,Entanglement + local cost,12,3,sum,5.018832887666522,1.474234573049384e-15,20.90668356774008,0.0,115.91966501275958,30,30,0,,0.05584456449391329
tfim_h2.0,"TFIM (J=1, h=2.0)",10,5,entanglement_local,Entanglement + local cost,13,3,sum,4.77756973783153,2.6206913202639786e-15,10.123245442665215,0.0,36.37829988926715,30,30,0,,0.09153814530252921
tfim_h2.0,"TFIM (J=1, h=2.0)",10,5,entanglement_local,Entanglement + local cost,14,3,sum,3.0167456289396077,2.9345217341085133e-15,6.250384108241329,0.0,19.158808417779753,30,30,0,,0.059796972113303475
tfim_h2.0,"TFIM (J=1, h=2.0)",10,5,entanglement_local,Entanglement + local cost,15,3,sum,2.6983061999051183,5.210407622021728e-15,5.667562989861513,0.0,23.493404914078763,30,30,0,,0.04958204625082171
tfim_h2.0,"TFIM (J=1, h=2.0)",10,5,entanglement_local,Entanglement + local cost,16,3,sum,2.876188369078602,6.075910348147263e-15,6.076228109422575,0.0,18.86067797013538,30,30,0,,0.05932148279219455
tfim_h2.0,"TFIM (J=1, h=2.0)",10,5,entanglement_local,Entanglement + local cost,17,3,sum,5.252530626580834,2.7242938331768482e-15,13.421199822922832,0.0,56.46694204890963,30,30,0,,0.08518983268404995
tfim_h2.0,"TFIM (J=1, h=2.0)",10,5,entanglement_local,Entanglement + local cost,18,3,sum,3.144039482138097,6.655284724391208e-15,9.691041873349732,0.0,48.217121706607195,30,30,0,,0.05486671663060703
tfim_h2.0,"TFIM (J=1, h=2.0)",10,5,entanglement_local,Entanglement + local cost,19,3,sum,1.8232736542623116,3.974666476672947e-15,4.840770350636543,0.0,22.099657037289923,30,30,0,,0.036720100822581106
tfim_h2.0,"TFIM (J=1, h=2.0)",10,5,entanglement_local,Entanglement + local cost,20,3,sum,2.5054552890461634,1.2878545021326896e-15,8.174670787510754,0.0,35.80311273359957,30,30,0,,0.046135493323281186
tfim_h2.0,"TFIM (J=1, h=2.0)",10,5,entanglement_local,Entanglement + local cost,21,3,sum,3.651192861643767,2.4916721634362045e-15,7.865549974535884,0.0,26.625260490360922,30,30,0,,0.07291920142474237
tfim_h2.0,"TFIM (J=1, h=2.0)",10,5,entanglement_local,Entanglement + local cost,22,3,sum,3.0678260221909954,6.293886600066296e-15,7.868701514392749,0.0,34.793086651597264,30,30,0,,0.05884004642762661
tfim_h2.0,"TFIM (J=1, h=2.0)",10,5,entanglement_local,Entanglement + local cost,23,3,sum,4.760301252003598,1.5567498785559745e-15,10.708183211871624,0.0,40.00430500349459,30,30,0,,0.08821825689692615
tfim_h2.0,"TFIM (J=1, h=2.0)",10,5,entanglement_local,Entanglement + local cost,24,3,sum,2.195229452203799,3.178243608388288e-15,5.963707947038651,0.0,29.62605365166982,30,30,0,,0.04255557718624877
tfim_h2.0,"TFIM (J=1, h=2.0)",10,5,entanglement_local,Entanglement + local cost,25,3,sum,3.181211415766309,2.560173631465355e-15,6.793678338066595,0.0,25.98918383796948,30,30,0,,0.0650458224950386
tfim_h2.0,"TFIM (J=1, h=2.0)",10,5,entanglement_local,Entanglement + local cost,26,3,sum,6.293554554425254,2.84727025961751e-15,15.760988514600449,0.0,55.13779909777014,30,30,0,,0.09279275886983976
tfim_h2.0,"TFIM (J=1, h=2.0)",10,5,entanglement_local,Entanglement + local cost,27,3,sum,3.2698555661936877,6.689170316568798e-15,6.581434325306965,0.0,20.520664540745337,30,30,0,,0.06068195095069139
tfim_h2.0,"TFIM (J=1, h=2.0)",10,5,entanglement_local,Entanglement + local cost,28,3,sum,3.9523051847060438,1.2527384820480259e-15,8.165680423243908,0.0,27.538878172796128,30,30,0,,0.07869442761216043
tfim_h2.0,"TFIM (J=1, h=2.0)",10,5,entanglement_local,Entanglement + local cost,29,3,sum,4.679657585375302,3.239576082027242e-15,10.93709512946014,0.0,36.3025618851042,30,30,0,,0.08433797907456271
tfim_h2.0,"TFIM (J=1, h=2.0)",10,5,entanglement_local,Entanglement + local cost,30,3,sum,3.4788531711273203,2.871886768101988e-15,10.20525778465919,0.0,52.378965627683655,30,30,0,,0.0616119074309993
tfim_h2.0,"TFIM (J=1, h=2.0)",10,5,entanglement_local,Entanglement + local cost,31,3,sum,2.4431369086206205,7.675032889536378e-15,6.345801492777146,0.0,27.064580976103276,30,30,0,,0.04921405564625273
tfim_h2.0,"TFIM (J=1, h=2.0)",10,5,entanglement_local,Entanglement + local cost,32,3,sum,4.0296179969782795,2.57325092046527e-15,8.494430203933165,0.0,33.59616783954349,30,30,0,,0.07913141423552424
tfim_h2.0,"TFIM (J=1, h=2.0)",10,5,entanglement_local,Entanglement + local cost,33,3,sum,1.5270769798099322,9.507434080207718e-15,4.126529413798419,0.0,19.173588494791556,30,30,0,,0.029086151513964938
tfim_h2.0,"TFIM (J=1, h=2.0)",10,5,entanglement_local,Entanglement + local cost,34,3,sum,4.4424589555423495,2.6318069998791e-15,16.009717041046294,0.0,88.14638393675982,30,30,0,,0.06102794738589186
tfim_h2.0,"TFIM (J=1, h=2.0)",10,5,entanglement_local,Entanglement + local cost,35,3,sum,2.9682143660596267,1.1639158930538493e-15,6.518722660336054,7.759439287025662e-17,24.66917492797465,30,30,0,,0.06140252179641818
tfim_h2.0,"TFIM (J=1, h=2.0)",10,5,entanglement_local,Entanglement + local cost,36,3,sum,4.104381663888871,1.9290953554076287e-15,8.576891942791187,0.0,35.15891262702629,30,30,0,,0.08063411165678931
tfim_h2.0,"TFIM (J=1, h=2.0)",10,5,entanglement_local,Entanglement + local cost,37,3,sum,3.3720971320200186,3.3162346283596397e-15,8.495900284315098,0.0,29.420192137556825,30,30,0,,0.06190769330573196
tfim_h2.0,"TFIM (J=1, h=2.0)",10,5,entanglement_local,Entanglement + local cost,38,3,sum,4.806950809216664,4.722358140498429e-15,11.303836568986927,0.0,39.07086980062275,30,30,0,,0.08556724406026159
tfim_h2.0,"TFIM (J=1, h=2.0)",10,5,entanglement_local,Entanglement + local cost,39,3,sum,4.0532252197289,5.004834983364605e-15,9.215152835937703,0.0,35.701283489813235,30,30,0,,0.0783482724448523
tfim_h2.0,"TFIM (J=1, h=2.0)",10,5,entanglement_local,Entanglement + local cost,40,3,sum,2.448220521645616,3.7319217958699225e-15,4.903521666130666,0.0,19.458659735985435,30,30,0,,0.046744606469471504
tfim_h2.0,"TFIM (J=1, h=2.0)",10,5,entanglement_local,Entanglement + local cost,41,3,sum,11.766407564408883,2.5728598178051758e-15,34.08221388951687,0.0,130.83744865057042,30,30,0,,0.10123801174874221
tfim_h2.0,"TFIM (J=1, h=2.0)",10,5,entanglement_local,Entanglement + local cost,42,3,sum,3.729057902538368,2.5808247665597815e-15,11.783338162896095,0.0,63.349291223498106,30,30,0,,0.06175741599374026
tfim_h2.0,"TFIM (J=1, h=2.0)",10,5,entanglement_local,Entanglement + local cost,43,3,sum,6.1606852668833785,2.0980730794284644e-15,18.682405319567817,1.5541282069840477e-16,93.62805123235408,30,30,0,,0.08532939714042455
tfim_h2.0,"TFIM (J=1, h=2.0)",10,5,entanglement_local,Entanglement + local cost,44,3,sum,3.8680359394373918,1.3739355059464187e-15,8.337305596904786,0.0,33.94939476470862,30,30,0,,0.07421540099630934
tfim_h2.0,"TFIM (J=1, h=2.0)",10,5,entanglement_local,Entanglement + local cost,45,3,sum,5.701972592839123,1.7155444548192336e-15,12.904224597238619,0.0,47.92370463802295,30,30,0,,0.09928393646588499
tfim_h2.0,"TFIM (J=1, h=2.0)",10,5,entanglement_local,Entanglement + local cost,46,3,sum,3.7278461059169037,2.016863641841134e-15,8.125398220300477,0.0,36.10221652385413,30,30,0,,0.07215471010505965
tfim_h2.0,"TFIM (J=1, h=2.0)",10,5,entanglement_local,Entanglement + local cost,47,3,sum,1.7890921251090701,1.017144271098441e-14,4.75509467167589,0.0,20.242525515582432,30,30,0,,0.03059424565089653
tfim_h2.0,"TFIM (J=1, h=2.0)",10,5,entanglement_local,Entanglement + local cost,48,3,sum,3.2963553460133572,1.5595812636738792e-15,11.776474992306829,0.0,64.92574651895795,30,30,0,,0.052321324905432044
tfim_h2.0,"TFIM (J=1, h=2.0)",10,5,entanglement_local,Entanglement + local cost,49,3,sum,2.1177574163875503,3.1257841113389456e-15,5.9729665077119725,0.0,24.49454778214122,30,30,0,,0.04267013245049086
tfim_h2.0,"TFIM (J=1, h=2.0)",10,6,entanglement_residual,Entanglement + residual,0,3,sum,7.675293247032504,6.785030722215934,4.912601867436017,0.3879839607040161,23.656674037803512,33,32,1,alpha_0,1.6810317850223415
tfim_h2.0,"TFIM (J=1, h=2.0)",10,6,entanglement_residual,Entanglement + residual,1,3,sum,5.327796882863395,2.308759604538817,7.609665597225615,0.0585008260107906,36.93923605738136,33,32,1,alpha_0,1.5096913895057795
tfim_h2.0,"TFIM (J=1, h=2.0)",10,6,entanglement_residual,Entanglement + residual,2,3,sum,5.208012445544225,3.878299900761452,4.044271149673293,0.822719556210962,17.95192726379117,33,32,1,alpha_0,2.5829201901316483
tfim_h2.0,"TFIM (J=1, h=2.0)",10,6,entanglement_residual,Entanglement + residual,3,3,sum,7.377411053983972,5.916736608202953,6.602527843292771,0.07154909536143865,28.43295749186392,33,32,1,alpha_0,2.0807052516471733
tfim_h2.0,"TFIM (J=1, h=2.0)",10,6,entanglement_residual,Entanglement + residual,4,3,sum,6.411466884981991,4.766220102595846,6.2215045989908715,0.09759500098657226,31.46695589133487,33,32,1,alpha_0,2.361154687656276
tfim_h2.0,"TFIM (J=1, h=2.0)",10,6,entanglement_residual,Entanglement + residual,5,3,sum,10.127365527452577,6.180020461273282,12.155049467403543,0.30230882201280573,59.20177294636195,33,32,1,alpha_0,2.1293554972676327
tfim_h2.0,"TFIM (J=1, h=2.0)",10,6,entanglement_residual,Entanglement + residual,6,3,sum,7.065789705604336,5.447150720443433,5.108139305880104,0.0021587459206761127,18.994971644745156,33,32,1,alpha_0,1.6866182156707987
tfim_h2.0,"TFIM (J=1, h=2.0)",10,6,entanglement_residual,Entanglement + residual,7,3,sum,6.492943269269003,4.827372918915302,6.117064135329949,0.11081286098930777,23.95225628673797,33,32,1,alpha_0,1.4186034549523805
tfim_h2.0,"TFIM (J=1, h=2.0)",10,6,entanglement_residual,Entanglement + residual,8,3,sum,6.477204106794053,3.281462052431625,6.506188906113789,0.20442063853081577,20.979764641712844,33,32,1,alpha_0,1.2731076667124945
tfim_h2.0,"TFIM (J=1, h=2.0)",10,6,entanglement_residual,Entanglement + residual,9,3,sum,6.423088441141527,5.107148486578716,4.425814063360397,0.5810662838572298,19.62229077012667,33,32,1,alpha_0,2.055802737542977
tfim_h2.0,"TFIM (J=1, h=2.0)",10,6,entanglement_residual,Entanglement + residual,10,3,sum,7.119561577937834,5.495393956234453,5.957978530722796,0.043861184761497585,26.983797959022592,33,32,1,alpha_0,2.310067287056639
tfim_h2.0,"TFIM (J=1, h=2.0)",10,6,entanglement_residual,Entanglement + residual,11,3,sum,8.285892042938242,6.10117237135433,7.0486766195993855,0.626879884311213,34.11926736542287,33,32,1,alpha_0,1.4933180329120654
tfim_h2.0,"TFIM (J=1, h=2.0)",10,6,entanglement_residual,Entanglement + residual,12,3,sum,7.398097484179918,4.828848934751708,7.120884299494084,0.1264306953140333,28.819142605675722,33,32,1,alpha_0,3.244958450857272
tfim_h2.0,"TFIM (J=1, h=2.0)",10,6,entanglement_residual,Entanglement + residual,13,3,sum,10.62684703744312,5.334345852005935,13.031119279366587,0.14229916425761793,55.104040033452,33,32,1,alpha_0,3.091121175753463
tfim_h2.0,"TFIM (J=1, h=2.0)",10,6,entanglement_residual,Entanglement + residual,14,3,sum,5.948068448312684,4.507541463565902,6.550831469329154,0.6982232896478885,32.8862325995828,33,32,1,alpha_0,2.6041436459912353
tfim_h2.0,"TFIM (J=1, h=2.0)",10,6,entanglement_residual,Entanglement + residual,15,3,sum,8.268573356501093,3.4902771369516,12.910445397918435,0.1971974980518868,63.677003757151475,33,32,1,alpha_0,1.8595697290516275
tfim_h2.0,"TFIM (J=1, h=2.0)",10,6,entanglement_residual,Entanglement + residual,16,3,sum,6.977798182729826,3.498580105373371,8.367139760374034,0.5948030739224511,39.040885601085314,33,32,1,alpha_0,2.4252979453595476
tfim_h2.0,"TFIM (J=1, h=2.0)",10,6,entanglement_residual,Entanglement + residual,17,3,sum,5.411973574090638,3.123425220215015,5.287489749164478,0.22370246530564036,22.479193099248697,33,32,1,alpha_0,2.578755230917007
tfim_h2.0,"TFIM (J=1, h=2.0)",10,6,entanglement_residual,Entanglement + residual,18,3,sum,6.461886975609762,3.0428966092928045,9.294140121534683,0.028662653052370802,37.82135489834703,33,32,1,alpha_0,1.940600971395363
tfim_h2.0,"TFIM (J=1, h=2.0)",10,6,entanglement_residual,Entanglement + residual,19,3,sum,8.026543988876995,6.96169523257483,7.4784165187706595,0.19774028495649776,32.719854524186864,33,32,1,alpha_0,1.5737500590234426
tfim_h2.0,"TFIM (J=1, h=2.0)",10,6,entanglement_residual,Entanglement + residual,20,3,sum,5.356988334983386,3.735864889930242,5.115539954634785,0.09450365196098195,18.28831150979229,33,32,1,alpha_0,1.3269913349079565
tfim_h2.0,"TFIM (J=1, h=2.0)",10,6,entanglement_residual,Entanglement + residual,21,3,sum,7.5070943466503595,4.541362854334182,7.717046413822913,0.1265009186750564,34.673038541930865,33,32,1,alpha_0,2.1061155128076123
tfim_h2.0,"TFIM (J=1, h=2.0)",10,6,entanglement_residual,Entanglement + residual,22,3,sum,9.010422385192243,7.028793087867994,7.205544454120004,0.9075670326642901,34.92216271052367,33,32,1,alpha_0,2.028680406074342
tfim_h2.0,"TFIM (J=1, h=2.0)",10,6,entanglement_residual,Entanglement + residual,23,3,sum,5.482870203597601,3.505650764936044,5.481061338892194,0.04410713558595131,23.539077632183375,33,32,1,alpha_0,2.4504494717262006
tfim_h2.0,"TFIM (J=1, h=2.0)",10,6,entanglement_residual,Entanglement + residual,24,3,sum,5.5667372232289605,3.2788694093637014,6.809979371236555,0.08357492531026584,34.29042157063307,33,32,1,alpha_0,1.5606167654990226
tfim_h2.0,"TFIM (J=1, h=2.0)",10,6,entanglement_residual,Entanglement + residual,25,3,sum,6.292779527101419,3.9972750392880565,9.98656011242055,0.04097538984394203,55.648574698918004,33,32,1,alpha_0,2.084019758838573
tfim_h2.0,"TFIM (J=1, h=2.0)",10,6,entanglement_residual,Entanglement + residual,26,3,sum,7.740144417132745,6.28563548031431,6.92742431624534,0.4183889148804072,34.635538803194954,33,32,1,alpha_0,1.7181215134087107
tfim_h2.0,"TFIM (J=1, h=2.0)",10,6,entanglement_residual,Entanglement + residual,27,3,sum,6.964254439111541,5.875903675100426,5.847580869218757,0.2812627435942811,25.20166043163317,33,32,1,alpha_0,2.576388305239772
tfim_h2.0,"TFIM (J=1, h=2.0)",10,6,entanglement_residual,Entanglement + residual,28,3,sum,7.416702227319366,1.6719218893491905,11.801916171632103,0.13418527005176234,50.41250072753896,33,32,1,alpha_0,2.342571959981801
tfim_h2.0,"TFIM (J=1, h=2.0)",10,6,entanglement_residual,Entanglement + residual,29,3,sum,6.433361374635969,4.982581473282007,5.739005432083561,0.19120124914129175,22.37987434432685,33,32,1,alpha_0,2.2010542448651376
tfim_h2.0,"TFIM (J=1, h=2.0)",10,6,entanglement_residual,Entanglement + residual,30,3,sum,6.421430278703416,5.441906091448313,4.394617381805745,0.24767654199722322,18.370653444634204,33,32,1,alpha_0,1.8892119679965393
tfim_h2.0,"TFIM (J=1, h=2.0)",10,6,entanglement_residual,Entanglement + residual,31,3,sum,8.488122216780463,4.495712971454122,9.23092184301588,0.1320917458392158,35.94134052596788,33,32,1,alpha_0,2.2877430865526245
tfim_h2.0,"TFIM (J=1, h=2.0)",10,6,entanglement_residual,Entanglement + residual,32,3,sum,5.465119636558238,4.267894392602033,6.080071547653578,0.03511868866038773,29.684777632565226,33,32,1,alpha_0,1.5126022420152139
tfim_h2.0,"TFIM (J=1, h=2.0)",10,6,entanglement_residual,Entanglement + residual,33,3,sum,5.174989414503353,3.0359919400856614,7.5250612299271085,0.08176733290289638,40.164484346443324,33,32,1,alpha_0,1.6468678526447995
tfim_h2.0,"TFIM (J=1, h=2.0)",10,6,entanglement_residual,Entanglement + residual,34,3,sum,8.388354315369458,6.362277959354113,9.584470378991243,0.0029050638939188715,45.39567647000656,33,32,1,alpha_0,2.305508591710265
tfim_h2.0,"TFIM (J=1, h=2.0)",10,6,entanglement_residual,Entanglement + residual,35,3,sum,6.806553272937661,3.0914975824505104,8.013780543442682,0.06489777215149596,33.81001467492111,33,32,1,alpha_0,2.1197772505564285
tfim_h2.0,"TFIM (J=1, h=2.0)",10,6,entanglement_residual,Entanglement + residual,36,3,sum,5.198644640363429,3.9859519014608704,5.714834642583203,0.053627709939929886,31.000247250322236,33,32,1,alpha_0,1.9015450397930622
tfim_h2.0,"TFIM (J=1, h=2.0)",10,6,entanglement_residual,Entanglement + residual,37,3,sum,6.476839480669555,4.239522087576705,7.924094380818938,0.21672969690020313,38.34061321414459,33,32,1,alpha_0,2.0709161137945684
tfim_h2.0,"TFIM (J=1, h=2.0)",10,6,entanglement_residual,Entanglement + residual,38,3,sum,7.880604680916019,6.0893604928480105,6.2402667907773965,0.019550026796286025,29.991965488686215,33,32,1,alpha_0,1.5654518592946112
tfim_h2.0,"TFIM (J=1, h=2.0)",10,6,entanglement_residual,Entanglement + residual,39,3,sum,6.877515241850426,5.780067232258933,5.192320285790565,0.28246979140961426,18.40199822741933,33,32,1,alpha_0,1.5900063560124071
tfim_h2.0,"TFIM (J=1, h=2.0)",10,6,entanglement_residual,Entanglement + residual,40,3,sum,7.747175252287699,5.678340191889271,6.585428914460343,0.2711005662176441,30.493356714274125,33,32,1,alpha_0,1.9699453035891121
tfim_h2.0,"TFIM (J=1, h=2.0)",10,6,entanglement_residual,Entanglement + residual,41,3,sum,6.055360699559001,4.3772870703379585,5.781771341117969,0.012101070568985782,25.78647596756616,33,32,1,alpha_0,2.0227305815103387
tfim_h2.0,"TFIM (J=1, h=2.0)",10,6,entanglement_residual,Entanglement + residual,42,3,sum,5.431431703923379,2.497927880308586,6.568095044322206,0.22399556564861528,25.93378146877068,33,32,1,alpha_0,2.0065037184727257
tfim_h2.0,"TFIM (J=1, h=2.0)",10,6,entanglement_residual,Entanglement + residual,43,3,sum,6.262380246885304,4.294783429119636,6.046366832844125,0.4039800167824407,27.36103597567416,33,32,1,alpha_0,1.6587294795863732
tfim_h2.0,"TFIM (J=1, h=2.0)",10,6,entanglement_residual,Entanglement + residual,44,3,sum,6.01814472186863,4.316754587871797,6.481045237357668,0.21034793181504008,30.63769472477701,33,32,1,alpha_0,1.9849544678355677
tfim_h2.0,"TFIM (J=1, h=2.0)",10,6,entanglement_residual,Entanglement + residual,45,3,sum,6.648336641336009,5.413544917004088,6.899051542885305,0.14471383453300946,26.100796424777624,33,32,1,alpha_0,2.1213045465657205
tfim_h2.0,"TFIM (J=1, h=2.0)",10,6,entanglement_residual,Entanglement + residual,46,3,sum,7.135713090445735,4.825393825184388,6.735446991188425,0.4870938738680852,27.005222657492226,33,32,1,alpha_0,2.6828130998765114
tfim_h2.0,"TFIM (J=1, h=2.0)",10,6,entanglement_residual,Entanglement + residual,47,3,sum,6.578827224086311,4.348739660258571,7.3366282312102795,0.06602701771664188,28.055433673969638,33,32,1,alpha_0,1.3548244630989932
tfim_h2.0,"TFIM (J=1, h=2.0)",10,6,entanglement_residual,Entanglement + residual,48,3,sum,6.206336912547812,4.183846875409728,6.182689259039177,0.13171798145880634,24.200721968172765,33,32,1,alpha_0,1.3763154889651608
tfim_h2.0,"TFIM (J=1, h=2.0)",10,6,entanglement_residual,Entanglement + residual,49,3,sum,7.9941487460531775,3.392369761358489,10.842316441932114,0.2546772731262695,42.98882458005348,33,32,1,alpha_0,1.7879546913077378
tfim_h2.0,"TFIM (J=1, h=2.0)",10,7,combined,Combined (A+B+C),0,3,sum,6.100636878964394,3.248478076162648,7.863534562376386,0.0,35.08186442907216,33,32,1,alpha_0,1.048147574715281
tfim_h2.0,"TFIM (J=1, h=2.0)",10,7,combined,Combined (A+B+C),1,3,sum,5.78502682550878,2.4425840660107205,7.940305226764774,0.0,36.93923605738136,33,32,1,alpha_0,1.5311548912626052
tfim_h2.0,"TFIM (J=1, h=2.0)",10,7,combined,Combined (A+B+C),2,3,sum,3.883013581369059,2.4035757745650232,4.869713026582438,0.0,23.817737522221247,33,32,1,alpha_0,1.8762278585546903
tfim_h2.0,"TFIM (J=1, h=2.0)",10,7,combined,Combined (A+B+C),3,3,sum,5.898497054887712,3.4799165940022982,6.582762572961258,0.0,24.789922241722316,33,32,1,alpha_0,1.5480257476688193
tfim_h2.0,"TFIM (J=1, h=2.0)",10,7,combined,Combined (A+B+C),4,3,sum,5.752877037726023,3.359981725054962,6.791059161994349,0.0,31.46695589133487,33,32,1,alpha_0,1.994543466989222
tfim_h2.0,"TFIM (J=1, h=2.0)",10,7,combined,Combined (A+B+C),5,3,sum,9.160581942597243,3.339365769873906,13.643159653557634,0.0,59.20177294636195,33,32,1,alpha_0,1.636925591245106
tfim_h2.0,"TFIM (J=1, h=2.0)",10,7,combined,Combined (A+B+C),6,3,sum,4.969907891461009,4.356871999558526,4.877140518069556,0.0,16.344859670154687,33,32,1,alpha_0,1.0944046646417451
tfim_h2.0,"TFIM (J=1, h=2.0)",10,7,combined,Combined (A+B+C),7,3,sum,3.69184602395116,0.6535671474407154,6.961988638191942,0.0,26.97303140921404,33,32,1,alpha_0,0.6424946236736627
tfim_h2.0,"TFIM (J=1, h=2.0)",10,7,combined,Combined (A+B+C),8,3,sum,6.412756160377026,3.326443392808036,8.455092552681027,0.0,32.65139376011984,33,32,1,alpha_0,0.8865938779259084
tfim_h2.0,"TFIM (J=1, h=2.0)",10,7,combined,Combined (A+B+C),9,3,sum,5.232522586445612,2.8330008805618405,5.986364802780552,0.0,19.62229077012667,33,32,1,alpha_0,1.5543914568411283
tfim_h2.0,"TFIM (J=1, h=2.0)",10,7,combined,Combined (A+B+C),10,3,sum,5.849623688016123,3.3589740094513996,6.852854383904936,0.0,26.983797959022592,33,32,1,alpha_0,1.7665527064798698
tfim_h2.0,"TFIM (J=1, h=2.0)",10,7,combined,Combined (A+B+C),11,3,sum,5.4686273903590905,3.8440524435047054,6.724940537440227,0.0,30.82648523299056,33,32,1,alpha_0,0.7819391581640136
tfim_h2.0,"TFIM (J=1, h=2.0)",10,7,combined,Combined (A+B+C),12,3,sum,5.2919122527538995,1.9408619374267275,6.863510648422156,0.0,23.734636182603698,33,32,1,alpha_0,2.2601248003097494
tfim_h2.0,"TFIM (J=1, h=2.0)",10,7,combined,Combined (A+B+C),13,3,sum,9.892014491816767,3.4843525713285413,13.657961680438614,0.0,55.104040033452,33,32,1,alpha_0,2.675240289666508
tfim_h2.0,"TFIM (J=1, h=2.0)",10,7,combined,Combined (A+B+C),14,3,sum,4.914443819031942,1.5932119085206817,7.16855646126668,0.0,32.8862325995828,33,32,1,alpha_0,2.003803699480547
tfim_h2.0,"TFIM (J=1, h=2.0)",10,7,combined,Combined (A+B+C),15,3,sum,7.3347522423476095,0.9003442287965244,14.008754302239685,0.0,63.677003757151475,33,32,1,alpha_0,1.4830507216943092
tfim_h2.0,"TFIM (J=1, h=2.0)",10,7,combined,Combined (A+B+C),16,3,sum,6.217391958665454,3.44284116180397,8.066018244815625,0.0,36.597548871288154,33,32,1,alpha_0,2.0814280313507183
tfim_h2.0,"TFIM (J=1, h=2.0)",10,7,combined,Combined (A+B+C),17,3,sum,4.153836127498533,1.2402144886360356,6.289204126505628,0.0,28.291170869562645,33,32,1,alpha_0,1.9077663955269522
tfim_h2.0,"TFIM (J=1, h=2.0)",10,7,combined,Combined (A+B+C),18,3,sum,6.741061436607942,3.4818386282878606,9.98207105504851,0.0,42.465789282693095,33,32,1,alpha_0,1.9219867606634333
tfim_h2.0,"TFIM (J=1, h=2.0)",10,7,combined,Combined (A+B+C),19,3,sum,4.711835469070665,2.588084295988278,7.29607522913152,0.0,32.719854524186864,33,32,1,alpha_0,0.6701229585554557
tfim_h2.0,"TFIM (J=1, h=2.0)",10,7,combined,Combined (A+B+C),20,3,sum,3.7133332232431684,0.696997208870221,6.126962945358499,0.0,23.67512548015618,33,32,1,alpha_0,0.8747934179659369
tfim_h2.0,"TFIM (J=1, h=2.0)",10,7,combined,Combined (A+B+C),21,3,sum,5.741304114729738,1.8502433154031062,8.011213989301359,0.0,34.673038541930865,33,32,1,alpha_0,1.479262612912305
tfim_h2.0,"TFIM (J=1, h=2.0)",10,7,combined,Combined (A+B+C),22,3,sum,5.267195035700837,1.6885466055746445,7.096916124002252,0.0,26.854944516398472,33,32,1,alpha_0,0.9110521578679913
tfim_h2.0,"TFIM (J=1, h=2.0)",10,7,combined,Combined (A+B+C),23,3,sum,4.383273599312375,2.466471733732784,5.653783013407476,0.0,23.539077632183375,33,32,1,alpha_0,1.9042683057063046
tfim_h2.0,"TFIM (J=1, h=2.0)",10,7,combined,Combined (A+B+C),24,3,sum,4.10570818228826,1.4191787607128528,6.665902098391838,0.0,33.457986584419736,33,32,1,alpha_0,1.117540635130473
tfim_h2.0,"TFIM (J=1, h=2.0)",10,7,combined,Combined (A+B+C),25,3,sum,5.9339270303495395,1.61699082492419,10.590779936204992,0.0,55.648574698918004,33,32,1,alpha_0,1.8604164048481333
tfim_h2.0,"TFIM (J=1, h=2.0)",10,7,combined,Combined (A+B+C),26,3,sum,5.421454225641727,1.9501162473836142,7.804782183370197,0.0,34.635538803194954,33,32,1,alpha_0,0.9468050183795709
tfim_h2.0,"TFIM (J=1, h=2.0)",10,7,combined,Combined (A+B+C),27,3,sum,5.571879680655753,3.655647620386996,6.2208497850027,0.0,25.20166043163317,33,32,1,alpha_0,1.968406265101009
tfim_h2.0,"TFIM (J=1, h=2.0)",10,7,combined,Combined (A+B+C),28,3,sum,6.505713646567067,0.6639095574671903,11.188532627200452,0.0,42.725004970433424,33,32,1,alpha_0,1.914818482278512
tfim_h2.0,"TFIM (J=1, h=2.0)",10,7,combined,Combined (A+B+C),29,3,sum,5.695993477738368,2.4364100169798135,6.803704762217511,0.0,26.444983871803448,33,32,1,alpha_0,1.8439277864758488
tfim_h2.0,"TFIM (J=1, h=2.0)",10,7,combined,Combined (A+B+C),30,3,sum,5.326411757789937,3.1526459759721766,5.900984358553839,0.0,20.69011019493458,33,32,1,alpha_0,1.4350767540540996
tfim_h2.0,"TFIM (J=1, h=2.0)",10,7,combined,Combined (A+B+C),31,3,sum,6.5980787567425505,1.4258639413352823,10.151962172710794,0.0,35.94134052596788,33,32,1,alpha_0,1.5990961043774983
tfim_h2.0,"TFIM (J=1, h=2.0)",10,7,combined,Combined (A+B+C),32,3,sum,3.7140308136506945,0.8678659605092269,7.391947329696749,0.0,33.33884317063042,33,32,1,alpha_0,0.9503700382766558
tfim_h2.0,"TFIM (J=1, h=2.0)",10,7,combined,Combined (A+B+C),33,3,sum,3.525880173507517,1.1383993135760417,7.3026838339386835,0.0,40.164484346443324,33,32,1,alpha_0,1.0266248638314655
tfim_h2.0,"TFIM (J=1, h=2.0)",10,7,combined,Combined (A+B+C),34,3,sum,6.07784280142391,1.907698536490844,10.342390141744831,0.0,47.01975608728627,33,32,1,alpha_0,1.5065943220164995
tfim_h2.0,"TFIM (J=1, h=2.0)",10,7,combined,Combined (A+B+C),35,3,sum,6.508974604210998,3.322036546425203,8.942776957016564,0.0,33.81001467492111,33,32,1,alpha_0,1.8745444547531502
tfim_h2.0,"TFIM (J=1, h=2.0)",10,7,combined,Combined (A+B+C),36,3,sum,2.819970144066377,0.5884425343755141,5.865433602937886,0.0,28.104980753746684,33,32,1,alpha_0,1.0208768785319373
tfim_h2.0,"TFIM (J=1, h=2.0)",10,7,combined,Combined (A+B+C),37,3,sum,5.688207277432283,2.4753661971793903,8.52289526919999,0.0,38.34061321414459,33,32,1,alpha_0,1.7246981534274237
tfim_h2.0,"TFIM (J=1, h=2.0)",10,7,combined,Combined (A+B+C),38,3,sum,4.306860174023779,2.640183154224146,5.577317565304582,0.0,25.65220191762054,33,32,1,alpha_0,0.7047037482861604
tfim_h2.0,"TFIM (J=1, h=2.0)",10,7,combined,Combined (A+B+C),39,3,sum,5.54217173604361,3.8015706277883625,6.0229649840445685,0.0,22.780028872872503,33,32,1,alpha_0,1.092763388023494
tfim_h2.0,"TFIM (J=1, h=2.0)",10,7,combined,Combined (A+B+C),40,3,sum,5.892908180882285,2.803962880893991,8.245732316443759,0.0,33.65100022244187,33,32,1,alpha_0,1.3512815614371234
tfim_h2.0,"TFIM (J=1, h=2.0)",10,7,combined,Combined (A+B+C),41,3,sum,4.778740121570367,2.015486583991891,6.219080133389193,0.0,25.78647596756616,33,32,1,alpha_0,1.4840777804379741
tfim_h2.0,"TFIM (J=1, h=2.0)",10,7,combined,Combined (A+B+C),42,3,sum,4.828688526445593,1.6230307142113345,6.872492625410697,0.0,25.93378146877068,33,32,1,alpha_0,1.7044713309304733
tfim_h2.0,"TFIM (J=1, h=2.0)",10,7,combined,Combined (A+B+C),43,3,sum,4.4009416387447935,0.9274821733347351,7.630354370010941,0.0,35.58339024862762,33,32,1,alpha_0,1.0542337222677225
tfim_h2.0,"TFIM (J=1, h=2.0)",10,7,combined,Combined (A+B+C),44,3,sum,5.965255350387083,2.27513245056567,8.255635719475015,0.0,30.63769472477701,33,32,1,alpha_0,1.7653250824559055
tfim_h2.0,"TFIM (J=1, h=2.0)",10,7,combined,Combined (A+B+C),45,3,sum,6.758413599648817,2.3568096591681984,8.5709579939025,0.0,28.14762264566903,33,32,1,alpha_0,1.9371803777442262
tfim_h2.0,"TFIM (J=1, h=2.0)",10,7,combined,Combined (A+B+C),46,3,sum,6.060645389631439,2.7299875921205694,7.432156462746135,0.0,27.005222657492226,33,32,1,alpha_0,2.140539595111909
tfim_h2.0,"TFIM (J=1, h=2.0)",10,7,combined,Combined (A+B+C),47,3,sum,6.0117135361799745,2.335503969499615,8.362970368153814,0.0,28.055433673969638,33,32,1,alpha_0,1.1105773549930948
tfim_h2.0,"TFIM (J=1, h=2.0)",10,7,combined,Combined (A+B+C),48,3,sum,3.8685614756660582,1.8620968448761617,5.358737786014109,0.0,20.85406447348731,33,32,1,alpha_0,0.8191871147856719
tfim_h2.0,"TFIM (J=1, h=2.0)",10,7,combined,Combined (A+B+C),49,3,sum,5.963183262618152,0.38110781386407466,11.925143629671215,0.0,44.62682356672893,33,32,1,alpha_0,1.1461976145220645
xxz_delta0.5,XXZ (Delta=0.5),4,1,baseline,Baseline (HEA),0,3,sum,10.360263509840566,4.544695298247156,11.996088703894435,0.4701008270873935,37.183133098569634,12,12,0,,0.5120833703969497
xxz_delta0.5,XXZ (Delta=0.5),4,1,baseline,Baseline (HEA),1,3,sum,10.145947772230516,6.7053315818650265,7.3568481259591785,1.5203375859226351,23.360380857562916,12,12,0,,0.5682694955100128
xxz_delta0.5,XXZ (Delta=0.5),4,1,baseline,Baseline (HEA),2,3,sum,11.64993623452382,9.239916132297129,6.073390177953362,3.870164095169325,24.479067094970997,12,12,0,,0.6037586369691668
xxz_delta0.5,XXZ (Delta=0.5),4,1,baseline,Baseline (HEA),3,3,sum,9.357777841248085,4.992845014272253,10.124826804115752,0.8244936752728351,35.94123400394445,12,12,0,,0.4798222550331725
xxz_delta0.5,XXZ (Delta=0.5),4,1,baseline,Baseline (HEA),4,3,sum,11.18176784844983,8.748694158245627,9.562648741272225,0.16078934245939527,31.684493576508313,12,12,0,,0.5094372281496212
xxz_delta0.5,XXZ (Delta=0.5),4,1,baseline,Baseline (HEA),5,3,sum,12.20117124601451,9.458582646800203,9.838281772628076,0.18371849169548657,30.160819621761682,12,12,0,,0.6635651893336078
xxz_delta0.5,XXZ (Delta=0.5),4,1,baseline,Baseline (HEA),6,3,sum,7.2021322497566445,5.448598627133656,5.147667014670524,1.9538588466344344,19.149959307080568,12,12,0,,0.33938031368355737
xxz_delta0.5,XXZ (Delta=0.5),4,1,baseline,Baseline (HEA),7,3,sum,8.244630624127558,2.973075300741823,11.513785180406517,0.2518644117651836,38.23803573967622,12,12,0,,0.42417835726070985
xxz_delta0.5,XXZ (Delta=0.5),4,1,baseline,Baseline (HEA),8,3,sum,11.119223217460588,8.014854905343329,11.240669089408904,0.6322457190263565,36.54198188751668,12,12,0,,0.5469800743171284
xxz_delta0.5,XXZ (Delta=0.5),4,1,baseline,Baseline (HEA),9,3,sum,12.12317522650889,10.636595783283415,9.816323709155734,0.158264693329123,30.185846599044464,12,12,0,,0.6217222900934256
xxz_delta0.5,XXZ (Delta=0.5),4,1,baseline,Baseline (HEA),10,3,sum,10.109648138040594,10.800420907464353,7.215728437373063,0.6084139741233708,22.35112881516526,12,12,0,,0.552586816349539
xxz_delta0.5,XXZ (Delta=0.5),4,1,baseline,Baseline (HEA),11,3,sum,11.011817163860556,8.862214612222733,8.908249110332475,0.8371283075854316,27.296101627214405,12,12,0,,0.5522782924724016
xxz_delta0.5,XXZ (Delta=0.5),4,1,baseline,Baseline (HEA),12,3,sum,13.299414235245138,12.757322278990133,11.588429191625677,0.002218011214901344,37.40925911949578,12,12,0,,0.5931844884184955
xxz_delta0.5,XXZ (Delta=0.5),4,1,baseline,Baseline (HEA),13,3,sum,6.8226669199334005,5.7108031390786,5.377627045744021,0.30816198165630504,17.991697941658128,12,12,0,,0.3175429098429718
xxz_delta0.5,XXZ (Delta=0.5),4,1,baseline,Baseline (HEA),14,3,sum,10.61705088205295,6.324319996528795,12.194411288002877,0.7502894902485824,41.56497275654899,12,12,0,,0.5631692262492598
xxz_delta0.5,XXZ (Delta=0.5),4,1,baseline,Baseline (HEA),15,3,sum,10.247376828668278,5.944640930304704,11.877114927818214,1.657777314333129,47.225693826481624,12,12,0,,0.4795064358588932
xxz_delta0.5,XXZ (Delta=0.5),4,1,baseline,Baseline (HEA),16,3,sum,9.703641499530265,8.542886273496027,7.424913665890759,1.058787846719085,24.67497090619477,12,12,0,,0.4617655394058533
xxz_delta0.5,XXZ (Delta=0.5),4,1,baseline,Baseline (HEA),17,3,sum,6.522019477486842,6.507454655311352,4.022848388860264,0.4964449646649259,13.887152247448853,12,12,0,,0.29541644137160933
xxz_delta0.5,XXZ (Delta=0.5),4,1,baseline,Baseline (HEA),18,3,sum,16.338328767383263,15.866400392519703,8.07833751315919,2.1201791502185836,32.06367965139875,12,12,0,,0.8865943765708316
xxz_delta0.5,XXZ (Delta=0.5),4,1,baseline,Baseline (HEA),19,3,sum,13.055727754525682,12.77068074261865,7.421607430035624,3.3159285582547677,22.17671356153187,12,12,0,,0.7814589826329893
xxz_delta0.5,XXZ (Delta=0.5),4,1,baseline,Baseline (HEA),20,3,sum,9.30765172519301,4.552924973712667,10.347376209786274,0.5757344874041781,34.14074881100935,12,12,0,,0.49965422503916757
xxz_delta0.5,XXZ (Delta=0.5),4,1,baseline,Baseline (HEA),21,3,sum,10.386481429258595,6.295196985767493,9.510827015119103,1.2519845988657536,28.979312848883172,12,12,0,,0.47975233923986016
xxz_delta0.5,XXZ (Delta=0.5),4,1,baseline,Baseline (HEA),22,3,sum,11.952995786275592,13.844795249781157,6.074183407400565,0.05004520713745083,19.853151645141157,12,12,0,,0.667648377550297
xxz_delta0.5,XXZ (Delta=0.5),4,1,baseline,Baseline (HEA),23,3,sum,10.041570726656145,6.495223767852947,7.839177014530332,2.6533355939648056,23.910003535586313,12,12,0,,0.48775369770091337
xxz_delta0.5,XXZ (Delta=0.5),4,1,baseline,Baseline (HEA),24,3,sum,5.721590915174481,4.063925853661777,5.074678356666546,0.8262137513713703,19.30967328399414,12,12,0,,0.29028907811644244
xxz_delta0.5,XXZ (Delta=0.5),4,1,baseline,Baseline (HEA),25,3,sum,7.39509930736243,4.802315813397287,7.4879097383540305,0.026021527548707662,26.56417070020457,12,12,0,,0.4009891110155077
xxz_delta0.5,XXZ (Delta=0.5),4,1,baseline,Baseline (HEA),26,3,sum,10.742307657974736,9.626330366299971,7.699327545647564,0.1053126635323059,24.664502331727867,12,12,0,,0.5710582024156912
xxz_delta0.5,XXZ (Delta=0.5),4,1,baseline,Baseline (HEA),27,3,sum,10.571219636838867,6.124331353172378,8.730823556295999,2.016899613598365,26.35754390611007,12,12,0,,0.5070779762742686
xxz_delta0.5,XXZ (Delta=0.5),4,1,baseline,Baseline (HEA),28,3,sum,11.624469129450107,8.350989233694982,10.906327218497207,0.8532091470124273,36.38696864918504,12,12,0,,0.6287934509791637
xxz_delta0.5,XXZ (Delta=0.5),4,1,baseline,Baseline (HEA),29,3,sum,11.501245319905749,12.474125783467972,8.230320065412872,1.415352455404337,27.58736385760844,12,12,0,,0.6760360516641367
xxz_delta0.5,XXZ (Delta=0.5),4,1,baseline,Baseline (HEA),30,3,sum,9.846004121475692,5.256186292611085,9.057369037097093,0.4500499044812403,29.59133352947674,12,12,0,,0.6522623213079262
xxz_delta0.5,XXZ (Delta=0.5),4,1,baseline,Baseline (HEA),31,3,sum,12.767312518215624,9.384258367164607,8.692022081077253,1.3747067024935666,27.547493206832936,12,12,0,,0.692557240514634
xxz_delta0.5,XXZ (Delta=0.5),4,1,baseline,Baseline (HEA),32,3,sum,9.296019520911768,8.575986110002184,6.224769396893648,0.5781694881534312,18.086446170162645,12,12,0,,0.4399087743390036
xxz_delta0.5,XXZ (Delta=0.5),4,1,baseline,Baseline (HEA),33,3,sum,15.233122635029341,9.499689509286718,12.39106021714914,2.9675802961627844,46.1120701400432,12,12,0,,0.7856392712687917
xxz_delta0.5,XXZ (Delta=0.5),4,1,baseline,Baseline (HEA),34,3,sum,12.418302798907405,10.778084772922593,9.445849823080264,1.0215451614738351,33.044996641365394,12,12,0,,0.6472930332786043
xxz_delta0.5,XXZ (Delta=0.5),4,1,baseline,Baseline (HEA),35,3,sum,8.647002225869588,4.004414382649206,7.304892883033991,0.9594170083367259,19.881661582640067,12,12,0,,0.44794047836787554
xxz_delta0.5,XXZ (Delta=0.5),4,1,baseline,Baseline (HEA),36,3,sum,11.069781180797905,8.044641276564985,8.538928460366922,2.256521603876464,29.37710999272345,12,12,0,,0.6442579722882401
xxz_delta0.5,XXZ (Delta=0.5),4,1,baseline,Baseline (HEA),37,3,sum,10.93312780130954,11.411168981770011,5.540029541391421,1.936420458844096,23.86645481251063,12,12,0,,0.5355562218711466
xxz_delta0.5,XXZ (Delta=0.5),4,1,baseline,Baseline (HEA),38,3,sum,9.279203476970814,7.344610660602382,6.622398542855656,2.0220251789240162,24.610963243025363,12,12,0,,0.49633689664824265
xxz_delta0.5,XXZ (Delta=0.5),4,1,baseline,Baseline (HEA),39,3,sum,12.665539940618602,12.40723668176506,8.726238697515143,0.1770101487338292,31.604347644950014,12,12,0,,0.6181758465180043
xxz_delta0.5,XXZ (Delta=0.5),4,1,baseline,Baseline (HEA),40,3,sum,8.882159846454764,5.49877747406535,8.660045254814392,0.21552162930854055,32.61546746480177,12,12,0,,0.45325124986480536
xxz_delta0.5,XXZ (Delta=0.5),4,1,baseline,Baseline (HEA),41,3,sum,14.992476476103079,12.117559886668543,10.138159939546117,3.921720418197802,37.50468834864675,12,12,0,,0.7481638152343176
xxz_delta0.5,XXZ (Delta=0.5),4,1,baseline,Baseline (HEA),42,3,sum,6.49975279171773,5.654631339602152,5.089982768645307,0.07825851438451248,16.870299402503978,12,12,0,,0.29429906231149733
xxz_delta0.5,XXZ (Delta=0.5),4,1,baseline,Baseline (HEA),43,3,sum,14.194386490275166,6.751912215212391,16.171480510477103,0.5579300938299411,50.16147057781672,12,12,0,,0.7552134740662962
xxz_delta0.5,XXZ (Delta=0.5),4,1,baseline,Baseline (HEA),44,3,sum,8.547992202841792,6.987709975993647,8.384971337993864,0.4142130395260864,29.585651351023706,12,12,0,,0.4309237426956338
xxz_delta0.5,XXZ (Delta=0.5),4,1,baseline,Baseline (HEA),45,3,sum,13.521900795619885,11.700417577739085,11.892327723061992,0.4655953570197978,39.94356397905453,12,12,0,,0.7619276681963895
xxz_delta0.5,XXZ (Delta=0.5),4,1,baseline,Baseline (HEA),46,3,sum,15.238404510830511,14.936487482021084,11.10873041962938,1.5408333454711285,42.23695589099761,12,12,0,,0.8721955465737731
xxz_delta0.5,XXZ (Delta=0.5),4,1,baseline,Baseline (HEA),47,3,sum,9.520835765378132,2.718716402071718,9.479825046867091,0.9587560199102746,26.871317807507392,12,12,0,,0.45139527074412805
xxz_delta0.5,XXZ (Delta=0.5),4,1,baseline,Baseline (HEA),48,3,sum,9.987721361422643,8.099951596846736,8.211771295412257,0.8981744983383988,27.151782522772944,12,12,0,,0.518065361609212
xxz_delta0.5,XXZ (Delta=0.5),4,1,baseline,Baseline (HEA),49,3,sum,11.353174888734108,9.567975649922447,8.524456635550825,0.9431879691788425,35.50729770050847,12,12,0,,0.6442056530382826
xxz_delta0.5,XXZ (Delta=0.5),4,2,entanglement_only,Constrained entanglement only,0,3,sum,14.382909573902507,10.683505588339564,10.497683561266578,2.0469800781481196,39.065504781281,12,12,0,,0.7688712645872405
xxz_delta0.5,XXZ (Delta=0.5),4,2,entanglement_only,Constrained entanglement only,1,3,sum,6.911834809143586,7.9540417031490325,3.3836618010873933,0.3884187987360313,12.930397776231251,12,12,0,,0.31358395043340176
xxz_delta0.5,XXZ (Delta=0.5),4,2,entanglement_only,Constrained entanglement only,2,3,sum,15.706769632845626,17.427604924890318,8.190078418275897,0.9044130968536156,25.542883537919497,12,12,0,,0.7675284523294658
xxz_delta0.5,XXZ (Delta=0.5),4,2,entanglement_only,Constrained entanglement only,3,3,sum,12.64466197386435,12.594950010454331,8.551681380500524,3.110648217507512,34.84216803303472,12,12,0,,0.6589087033971773
xxz_delta0.5,XXZ (Delta=0.5),4,2,entanglement_only,Constrained entanglement only,4,3,sum,14.824395007103881,12.915982923561971,8.641003767345723,3.8373368145809277,25.28653480733286,12,12,0,,0.8491948838291788
xxz_delta0.5,XXZ (Delta=0.5),4,2,entanglement_only,Constrained entanglement only,5,3,sum,15.478672903229308,9.154368895153896,11.862376065540083,0.057391921403276036,34.061530269270335,12,12,0,,0.7508179198367326
xxz_delta0.5,XXZ (Delta=0.5),4,2,entanglement_only,Constrained entanglement only,6,3,sum,11.497714869864902,11.389945535334638,5.861248533411081,1.6696186130818331,22.7165340508608,12,12,0,,0.5284836861258226
xxz_delta0.5,XXZ (Delta=0.5),4,2,entanglement_only,Constrained entanglement only,7,3,sum,11.242411082316274,5.402698631032487,12.009677523789772,0.3238693190530284,36.23042522963028,12,12,0,,0.5170905250841615
xxz_delta0.5,XXZ (Delta=0.5),4,2,entanglement_only,Constrained entanglement only,8,3,sum,13.64136818721657,10.468596825095963,9.979858459578043,0.7999942984762838,29.055854585061137,12,12,0,,0.7942048633830083
xxz_delta0.5,XXZ (Delta=0.5),4,2,entanglement_only,Constrained entanglement only,9,3,sum,17.13538096309613,18.33299328636356,8.877618750836742,2.4731842881257933,26.291710412501732,12,12,0,,0.943319165817488
xxz_delta0.5,XXZ (Delta=0.5),4,2,entanglement_only,Constrained entanglement only,10,3,sum,22.864086012898834,23.615555864218564,12.799411222508082,5.251698423322844,46.836976715098444,12,12,0,,1.3147424029868364
xxz_delta0.5,XXZ (Delta=0.5),4,2,entanglement_only,Constrained entanglement only,11,3,sum,13.88572866880226,13.441470138892246,5.896553316086131,2.812159795363121,24.186027214277708,12,12,0,,0.660144078785434
xxz_delta0.5,XXZ (Delta=0.5),4,2,entanglement_only,Constrained entanglement only,12,3,sum,11.16073284980646,9.84182970731799,8.705675258360223,1.8233622963091292,27.34232277435092,12,12,0,,0.5243025250813448
xxz_delta0.5,XXZ (Delta=0.5),4,2,entanglement_only,Constrained entanglement only,13,3,sum,10.754469583565637,11.470397388017574,4.819364912964301,2.064125104462507,18.338326347851755,12,12,0,,0.47136628717985296
xxz_delta0.5,XXZ (Delta=0.5),4,2,entanglement_only,Constrained entanglement only,14,3,sum,12.325748625382928,12.117259907869968,7.177486862522962,0.2291224303416087,25.33125897549703,12,12,0,,0.7863397673853206
xxz_delta0.5,XXZ (Delta=0.5),4,2,entanglement_only,Constrained entanglement only,15,3,sum,11.42264328312082,10.114298069710996,6.829066659511288,0.9035002757196632,22.263535706117608,12,12,0,,0.6009549358790686
xxz_delta0.5,XXZ (Delta=0.5),4,2,entanglement_only,Constrained entanglement only,16,3,sum,7.298291394246994,5.741647174986062,4.318627163405513,2.654208311849088,14.643723188166488,12,12,0,,0.2977178506332346
xxz_delta0.5,XXZ (Delta=0.5),4,2,entanglement_only,Constrained entanglement only,17,3,sum,11.935153266455254,15.643097393729764,8.160535296206051,1.1127830222803057,27.234691700301138,12,12,0,,0.7340229520125598
xxz_delta0.5,XXZ (Delta=0.5),4,2,entanglement_only,Constrained entanglement only,18,3,sum,18.823332994622668,17.35505607038733,9.617969458805653,2.7458202588428597,39.81997026299297,12,12,0,,1.020036113995
xxz_delta0.5,XXZ (Delta=0.5),4,2,entanglement_only,Constrained entanglement only,19,3,sum,9.095010109277812,5.538281639855216,8.066550875100624,0.7925349764204253,22.36952180680272,12,12,0,,0.3472605882481046
xxz_delta0.5,XXZ (Delta=0.5),4,2,entanglement_only,Constrained entanglement only,20,3,sum,16.52785591274829,18.878305363206312,6.8237774533883835,0.2687816048928029,25.392640038274493,12,12,0,,0.9529527991013774
xxz_delta0.5,XXZ (Delta=0.5),4,2,entanglement_only,Constrained entanglement only,21,3,sum,18.20500934313515,16.849042025094647,11.549514407436261,4.151311874444646,35.240152797790685,12,12,0,,0.854153351297112
xxz_delta0.5,XXZ (Delta=0.5),4,2,entanglement_only,Constrained entanglement only,22,3,sum,13.03530607847589,12.214853879651319,4.284641690678835,5.7575279872421925,22.28296535261183,12,12,0,,0.6977159239229209
xxz_delta0.5,XXZ (Delta=0.5),4,2,entanglement_only,Constrained entanglement only,23,3,sum,13.1382286502685,10.725193346035397,9.105072248444849,0.38285495357937926,34.21907420122918,12,12,0,,0.6365685987797486
xxz_delta0.5,XXZ (Delta=0.5),4,2,entanglement_only,Constrained entanglement only,24,3,sum,12.011503904036216,9.898546568138617,8.355968463024853,1.9180225977662926,30.710744034764655,12,12,0,,0.7588271912755227
xxz_delta0.5,XXZ (Delta=0.5),4,2,entanglement_only,Constrained entanglement only,25,3,sum,16.36245871590064,11.204019337353895,13.56626786412312,1.0450446899251864,39.15812216609824,12,12,0,,0.7661586560019757
xxz_delta0.5,XXZ (Delta=0.5),4,2,entanglement_only,Constrained entanglement only,26,3,sum,12.831874628910336,7.497022603790512,11.579712636205278,0.39187481079155734,38.476652886352525,12,12,0,,0.6045516081193539
xxz_delta0.5,XXZ (Delta=0.5),4,2,entanglement_only,Constrained entanglement only,27,3,sum,17.24084834052437,8.200326830131779,15.054848266520438,3.532367852941374,50.249593642435265,12,12,0,,0.8264576266424503
xxz_delta0.5,XXZ (Delta=0.5),4,2,entanglement_only,Constrained entanglement only,28,3,sum,9.014581126069467,8.88250340114957,4.6184746667360645,3.096195679176099,18.817905130324995,12,12,0,,0.4495065844893487
xxz_delta0.5,XXZ (Delta=0.5),4,2,entanglement_only,Constrained entanglement only,29,3,sum,8.162522660908676,5.743469278651011,6.290643514304049,0.5249182473338271,17.07207970047133,12,12,0,,0.36248832580521456
xxz_delta0.5,XXZ (Delta=0.5),4,2,entanglement_only,Constrained entanglement only,30,3,sum,11.840187781917086,10.091304707663747,6.79155925860069,2.5356455640896267,25.46840169210445,12,12,0,,0.6979578758322854
xxz_delta0.5,XXZ (Delta=0.5),4,2,entanglement_only,Constrained entanglement only,31,3,sum,8.45319799547749,6.632108346678693,7.130465006886398,0.9300667606484293,23.373688855972294,12,12,0,,0.39221117094407393
xxz_delta0.5,XXZ (Delta=0.5),4,2,entanglement_only,Constrained entanglement only,32,3,sum,14.391882287335486,15.55171627497413,9.879475965692672,0.20700911662436827,35.027928923656255,12,12,0,,0.8002647960340137
xxz_delta0.5,XXZ (Delta=0.5),4,2,entanglement_only,Constrained entanglement only,33,3,sum,6.722976208341159,6.401544736488264,1.6417866202004363,4.164931314771399,9.935294835776196,12,12,0,,0.2854983097855792
xxz_delta0.5,XXZ (Delta=0.5),4,2,entanglement_only,Constrained entanglement only,34,3,sum,13.16067166603336,6.423614319836162,10.734601221470948,4.043501464294547,34.40254118943846,12,12,0,,0.7412903869188289
xxz_delta0.5,XXZ (Delta=0.5),4,2,entanglement_only,Constrained entanglement only,35,3,sum,5.828295569319209,3.3425575148702213,5.368942733644827,0.2788133968545179,15.77014202746139,12,12,0,,0.2538342836215157
xxz_delta0.5,XXZ (Delta=0.5),4,2,entanglement_only,Constrained entanglement only,36,3,sum,15.432311602931124,14.440195846875465,8.462073521859283,0.26740275140124475,32.245422991179204,12,12,0,,0.8191436448699347
xxz_delta0.5,XXZ (Delta=0.5),4,2,entanglement_only,Constrained entanglement only,37,3,sum,6.63033722569286,6.422081284622881,4.377426056133541,1.7307900832793015,17.680652547061893,12,12,0,,0.3378647319812191
xxz_delta0.5,XXZ (Delta=0.5),4,2,entanglement_only,Constrained entanglement only,38,3,sum,9.542197542466683,6.792523573057265,6.766788992602963,0.8132859170437431,19.257037491577062,12,12,0,,0.49738962455195895
xxz_delta0.5,XXZ (Delta=0.5),4,2,entanglement_only,Constrained entanglement only,39,3,sum,17.74469525838615,13.709051402887518,12.129715410748995,0.757843255535836,38.57197704355965,12,12,0,,0.9487104354077006
xxz_delta0.5,XXZ (Delta=0.5),4,2,entanglement_only,Constrained entanglement only,40,3,sum,17.86409698860965,16.485854198061087,12.787339354652513,1.2027823479878312,38.23117663276137,12,12,0,,0.9103053816487346
xxz_delta0.5,XXZ (Delta=0.5),4,2,entanglement_only,Constrained entanglement only,41,3,sum,9.65777065113454,8.7454797648338,6.365490174379818,2.0947349321165194,24.262306024313702,12,12,0,,0.43294144194836043
xxz_delta0.5,XXZ (Delta=0.5),4,2,entanglement_only,Constrained entanglement only,42,3,sum,10.10581343091406,10.353919289268127,8.437163741877859,0.06179199564036622,25.13673416024586,12,12,0,,0.5548418469334778
xxz_delta0.5,XXZ (Delta=0.5),4,2,entanglement_only,Constrained entanglement only,43,3,sum,12.116368456114996,13.080635805846462,5.508308315198752,0.5229571384626406,21.814240119189062,12,12,0,,0.535607766220106
xxz_delta0.5,XXZ (Delta=0.5),4,2,entanglement_only,Constrained entanglement only,44,3,sum,19.700147765677432,15.284494693974263,15.707150362056494,0.11652429505136874,42.671084758551245,12,12,0,,1.0011262433207784
xxz_delta0.5,XXZ (Delta=0.5),4,2,entanglement_only,Constrained entanglement only,45,3,sum,14.605240352443351,12.115631527772777,10.98617551325067,0.641219196952332,31.451843407397867,12,12,0,,0.7101250977129597
xxz_delta0.5,XXZ (Delta=0.5),4,2,entanglement_only,Constrained entanglement only,46,3,sum,10.44162702039561,7.9405024143096234,7.622269951316887,0.6730899677719249,25.49249941654196,12,12,0,,0.4654760931256963
xxz_delta0.5,XXZ (Delta=0.5),4,2,entanglement_only,Constrained entanglement only,47,3,sum,9.77455769798064,8.22898567985881,7.26086318022621,1.0331407071643144,23.20060453950706,12,12,0,,0.4196784542036743
xxz_delta0.5,XXZ (Delta=0.5),4,2,entanglement_only,Constrained entanglement only,48,3,sum,13.413835478834708,13.699258619509298,6.886667737283813,0.8414227817546598,22.922128994795994,12,12,0,,0.7525120731426537
xxz_delta0.5,XXZ (Delta=0.5),4,2,entanglement_only,Constrained entanglement only,49,3,sum,5.454939428841986,2.5978019105954147,4.849103581720817,1.0976440853938436,15.102520343172442,12,12,0,,0.3147120866172018
xxz_delta0.5,XXZ (Delta=0.5),4,3,local_cost_only,Local cost function only,0,3,sum,6.764786120138105,4.076951095219552,7.335791457316315,1.2432220538980504e-15,23.919487465455987,12,12,0,,0.1423496575419592
xxz_delta0.5,XXZ (Delta=0.5),4,3,local_cost_only,Local cost function only,1,3,sum,9.846255666402788,1.7967960144415864,22.705592320202108,0.0,83.45941407294114,12,12,0,,0.13316780468058473
xxz_delta0.5,XXZ (Delta=0.5),4,3,local_cost_only,Local cost function only,2,3,sum,13.95097140533757,2.27002861868949,21.737049514597327,0.0,70.1423859560843,12,12,0,,0.21329743882465446
xxz_delta0.5,XXZ (Delta=0.5),4,3,local_cost_only,Local cost function only,3,3,sum,8.954200599331235,6.502880123369417,9.408027843825316,0.0,27.989314738761344,12,12,0,,0.18073997217037274
xxz_delta0.5,XXZ (Delta=0.5),4,3,local_cost_only,Local cost function only,4,3,sum,11.29432006621868,3.264298526211933,17.329440362867295,1.3413580751171663e-15,53.19155968099896,12,12,0,,0.1871631741564003
xxz_delta0.5,XXZ (Delta=0.5),4,3,local_cost_only,Local cost function only,5,3,sum,13.795030061066432,0.2538534206669463,29.96132186703485,0.0,107.02909212549758,12,12,0,,0.1682876842251367
xxz_delta0.5,XXZ (Delta=0.5),4,3,local_cost_only,Local cost function only,6,3,sum,11.876402351361326,6.018711894218259,14.738487346096985,0.0,44.194666181982555,12,12,0,,0.21370720541130614
xxz_delta0.5,XXZ (Delta=0.5),4,3,local_cost_only,Local cost function only,7,3,sum,7.974267053748221,2.2736345515745713,12.426455261010826,0.0,42.07171951269049,12,12,0,,0.14564832465736624
xxz_delta0.5,XXZ (Delta=0.5),4,3,local_cost_only,Local cost function only,8,3,sum,3.484531989618868,2.257682379958207,3.6016333596980625,0.0,10.5377863187892,12,12,0,,0.06934910130145766
xxz_delta0.5,XXZ (Delta=0.5),4,3,local_cost_only,Local cost function only,9,3,sum,12.88452062120046,6.24789790550081,20.426581244902717,1.2418718396996452e-15,76.43322850017184,12,12,0,,0.20666336435972266
xxz_delta0.5,XXZ (Delta=0.5),4,3,local_cost_only,Local cost function only,10,3,sum,5.8625729046598565,4.596101880342715,6.180751574581502,0.0,18.71353528884335,12,12,0,,0.11957952579656476
xxz_delta0.5,XXZ (Delta=0.5),4,3,local_cost_only,Local cost function only,11,3,sum,7.851335834156135,6.649192126789139,9.05200075434723,0.0,33.83266522061688,12,12,0,,0.15561461006375935
xxz_delta0.5,XXZ (Delta=0.5),4,3,local_cost_only,Local cost function only,12,3,sum,14.500511536172304,5.408114394499782,19.841890771396553,0.0,63.60189074831352,12,12,0,,0.23560925802749177
xxz_delta0.5,XXZ (Delta=0.5),4,3,local_cost_only,Local cost function only,13,3,sum,8.41100610574576,1.041755232821354,11.242010075633459,0.0,29.17426332102996,12,12,0,,0.1602010611545219
xxz_delta0.5,XXZ (Delta=0.5),4,3,local_cost_only,Local cost function only,14,3,sum,23.336179316287442,1.707424079134551,57.08405618072846,0.0,210.35923312072552,12,12,0,,0.19778050153809237
xxz_delta0.5,XXZ (Delta=0.5),4,3,local_cost_only,Local cost function only,15,3,sum,13.23780959596734,5.336744362388768,14.904081228732325,0.0,41.01430634289036,12,12,0,,0.2410384957473983
xxz_delta0.5,XXZ (Delta=0.5),4,3,local_cost_only,Local cost function only,16,3,sum,8.597371959367303,6.79979004977602,9.277831849150278,0.0,29.518449262243756,12,12,0,,0.1741222147222913
xxz_delta0.5,XXZ (Delta=0.5),4,3,local_cost_only,Local cost function only,17,3,sum,7.328012906936148,3.916084799467736,8.732542719008299,3.1205030058824703e-16,28.716900329844254,12,12,0,,0.14996951466470862
xxz_delta0.5,XXZ (Delta=0.5),4,3,local_cost_only,Local cost function only,18,3,sum,8.385032440537644,5.641240491780239,8.984664125588504,0.0,26.06946459142549,12,12,0,,0.1666075078063319
xxz_delta0.5,XXZ (Delta=0.5),4,3,local_cost_only,Local cost function only,19,3,sum,9.366734849696499,6.153822332828382,10.942277254858785,0.0,36.35661550223282,12,12,0,,0.18048393918530145
xxz_delta0.5,XXZ (Delta=0.5),4,3,local_cost_only,Local cost function only,20,3,sum,4.756312188449276,5.841433138337052,3.8803435859163606,0.0,11.770994704192848,12,12,0,,0.08386368454124545
xxz_delta0.5,XXZ (Delta=0.5),4,3,local_cost_only,Local cost function only,21,3,sum,9.713857207703835,4.022435755311914,12.831930066987933,3.103219029168533e-16,41.616347311410266,12,12,0,,0.1821123910863627
xxz_delta0.5,XXZ (Delta=0.5),4,3,local_cost_only,Local cost function only,22,3,sum,12.443449019158399,1.6730267202465843,28.125157789031746,6.256630226141769e-16,102.83645204611872,12,12,0,,0.1552907613627982
xxz_delta0.5,XXZ (Delta=0.5),4,3,local_cost_only,Local cost function only,23,3,sum,12.620965238155582,2.8623695901041755,15.38206226892094,0.0,48.22194302687412,12,12,0,,0.22394902676201514
xxz_delta0.5,XXZ (Delta=0.5),4,3,local_cost_only,Local cost function only,24,3,sum,8.631587950843915,2.2389427576217447,11.132500064020483,0.0,34.98840294860835,12,12,0,,0.16201959847480693
xxz_delta0.5,XXZ (Delta=0.5),4,3,local_cost_only,Local cost function only,25,3,sum,9.606402804512008,7.754123327342098,9.274579022550002,0.0,30.76905298537226,12,12,0,,0.19603167425915935
xxz_delta0.5,XXZ (Delta=0.5),4,3,local_cost_only,Local cost function only,26,3,sum,13.313509648391323,3.437733177259805,21.54678526853509,0.0,66.19388352961059,12,12,0,,0.20287478498646005
xxz_delta0.5,XXZ (Delta=0.5),4,3,local_cost_only,Local cost function only,27,3,sum,9.045854957169645,6.691964659744772,9.271861562752596,1.4066501725131665e-15,25.028493005989567,12,12,0,,0.18167591926477136
xxz_delta0.5,XXZ (Delta=0.5),4,3,local_cost_only,Local cost function only,28,3,sum,6.76754356333529,2.2686131630313913,9.833429091030268,6.296504447323989e-16,32.81012354788855,12,12,0,,0.1348344757480927
xxz_delta0.5,XXZ (Delta=0.5),4,3,local_cost_only,Local cost function only,29,3,sum,12.765076269398035,1.2906537371325242,20.115663283469342,3.1033141145213703e-16,54.72508482514332,12,12,0,,0.2019523813469728
xxz_delta0.5,XXZ (Delta=0.5),4,3,local_cost_only,Local cost function only,30,3,sum,10.314768916702944,2.9298213276569607,14.37858526490382,0.0,47.79611150097117,12,12,0,,0.18509302291827665
xxz_delta0.5,XXZ (Delta=0.5),4,3,local_cost_only,Local cost function only,31,3,sum,6.9602991693159595,3.2571617367191337,8.298474954415083,0.0,26.20044668154464,12,12,0,,0.1437952150482266
xxz_delta0.5,XXZ (Delta=0.5),4,3,local_cost_only,Local cost function only,32,3,sum,11.286113524077257,1.4787276976923822,16.772244465277254,0.0,55.70903619294517,12,12,0,,0.19528884342936956
xxz_delta0.5,XXZ (Delta=0.5),4,3,local_cost_only,Local cost function only,33,3,sum,10.7717798498352,2.094020129472219,14.880718536346976,0.0,44.35267858426304,12,12,0,,0.19197736192210688
xxz_delta0.5,XXZ (Delta=0.5),4,3,local_cost_only,Local cost function only,34,3,sum,12.024099756416,4.667677918996754,18.07603529097565,0.0,50.91799099897531,12,12,0,,0.19861311279215854
xxz_delta0.5,XXZ (Delta=0.5),4,3,local_cost_only,Local cost function only,35,3,sum,6.541417306672351,0.41985751604936095,9.49490545052073,0.0,26.99317739292345,12,12,0,,0.12831667729451043
xxz_delta0.5,XXZ (Delta=0.5),4,3,local_cost_only,Local cost function only,36,3,sum,6.630701911727692,1.0623101195707068,9.257275732399735,0.0,24.037980540279474,12,12,0,,0.13227619836514146
xxz_delta0.5,XXZ (Delta=0.5),4,3,local_cost_only,Local cost function only,37,3,sum,12.36206061594084,6.157591102144897,18.45851277282465,0.0,67.14939340454677,12,12,0,,0.20264703284550958
xxz_delta0.5,XXZ (Delta=0.5),4,3,local_cost_only,Local cost function only,38,3,sum,14.298667945696076,2.7693062702157856,25.39754133248368,6.39315502233247e-16,79.32370353411315,12,12,0,,0.1976397328376844
xxz_delta0.5,XXZ (Delta=0.5),4,3,local_cost_only,Local cost function only,39,3,sum,7.831822107115893,7.717398581607103,7.265638532557708,0.0,20.7226937328522,12,12,0,,0.15648831058456972
xxz_delta0.5,XXZ (Delta=0.5),4,3,local_cost_only,Local cost function only,40,3,sum,9.616913851835813,1.4512243577695203,14.63418795620336,0.0,51.198195297033344,12,12,0,,0.17358136013848355
xxz_delta0.5,XXZ (Delta=0.5),4,3,local_cost_only,Local cost function only,41,3,sum,16.044234702503406,11.757318836796887,16.519267676874875,9.330727887289286e-16,52.31630310165468,12,12,0,,0.2801180855181561
xxz_delta0.5,XXZ (Delta=0.5),4,3,local_cost_only,Local cost function only,42,3,sum,5.672042857874021,3.6756359972094974,6.477206461143966,0.0,19.38047639398423,12,12,0,,0.11116159590365426
xxz_delta0.5,XXZ (Delta=0.5),4,3,local_cost_only,Local cost function only,43,3,sum,14.18034075730115,0.7176619844402068,27.725697586345163,0.0,95.06050527988927,12,12,0,,0.18376236634410045
xxz_delta0.5,XXZ (Delta=0.5),4,3,local_cost_only,Local cost function only,44,3,sum,8.989455052086823,12.119395071471173,6.919608944343967,0.0,18.83368887131252,12,12,0,,0.1816994938830946
xxz_delta0.5,XXZ (Delta=0.5),4,3,local_cost_only,Local cost function only,45,3,sum,14.757981606356816,6.9537268969364865,20.987052933318537,1.2991700987800112e-15,73.25031983906965,12,12,0,,0.2376347137174404
xxz_delta0.5,XXZ (Delta=0.5),4,3,local_cost_only,Local cost function only,46,3,sum,9.95557092203092,9.26827240618006,10.83733017017894,0.0,36.86128442009952,12,12,0,,0.19779413805835966
xxz_delta0.5,XXZ (Delta=0.5),4,3,local_cost_only,Local cost function only,47,3,sum,8.402572708331496,5.13227585124258,9.065679814394969,0.0,27.765572825283975,12,12,0,,0.15423701571982296
xxz_delta0.5,XXZ (Delta=0.5),4,3,local_cost_only,Local cost function only,48,3,sum,7.6430532293813584,4.861430246784252,9.148376380912394,0.0,24.706237835005215,12,12,0,,0.14627604757563226
xxz_delta0.5,XXZ (Delta=0.5),4,3,local_cost_only,Local cost function only,49,3,sum,10.070440354172241,1.7205084967224988,13.706025450875044,1.283734321624862e-15,43.856360770819386,12,12,0,,0.18637100478059695
xxz_delta0.5,XXZ (Delta=0.5),4,4,residual_only,Residual connections only,0,3,sum,9.674536934503593,7.051276420558644,8.21818614382599,0.1516438308659294,28.165076600840152,15,14,1,alpha_0,1.6813346065978123
xxz_delta0.5,XXZ (Delta=0.5),4,4,residual_only,Residual connections only,1,3,sum,14.58807594448204,4.070362012433694,22.194097208927772,1.3666174656089403,81.02493242728647,15,14,1,alpha_0,1.8341893124421766
xxz_delta0.5,XXZ (Delta=0.5),4,4,residual_only,Residual connections only,2,3,sum,2.867636309328368,2.0424455378697663,2.4061205114257476,0.014475663963814781,8.771963605220103,15,14,1,alpha_0,0.7728072531837825
xxz_delta0.5,XXZ (Delta=0.5),4,4,residual_only,Residual connections only,3,3,sum,9.683450141466995,5.820503064310978,11.64823629420625,0.3885893575246828,40.184721003176136,15,14,1,alpha_0,2.1299705122792085
xxz_delta0.5,XXZ (Delta=0.5),4,4,residual_only,Residual connections only,4,3,sum,12.263759306231762,6.976337875404438,15.821721410728458,0.39716435866450767,63.36459535514793,15,14,1,alpha_0,2.069426478040651
xxz_delta0.5,XXZ (Delta=0.5),4,4,residual_only,Residual connections only,5,3,sum,5.400928811618643,2.7534250725955696,7.451980997818249,0.07740509377661013,30.69556429350089,15,14,1,alpha_0,1.747489647450088
xxz_delta0.5,XXZ (Delta=0.5),4,4,residual_only,Residual connections only,6,3,sum,7.386031150346582,4.04810866946433,7.728402051020757,0.21464772625350667,27.12000511776426,15,14,1,alpha_0,1.7442402534530044
xxz_delta0.5,XXZ (Delta=0.5),4,4,residual_only,Residual connections only,7,3,sum,8.667634881940936,5.07659565293065,8.09818210511891,0.17889036326082716,24.421546695870546,15,14,1,alpha_0,1.421137567109293
xxz_delta0.5,XXZ (Delta=0.5),4,4,residual_only,Residual connections only,8,3,sum,12.41779263684912,7.78056966850044,13.581237676340209,0.2404062802778196,50.98655726772778,15,14,1,alpha_0,2.156952718330318
xxz_delta0.5,XXZ (Delta=0.5),4,4,residual_only,Residual connections only,9,3,sum,5.151580072956349,2.849543172952295,5.210757799151015,0.032094481644382375,16.495395850136898,15,14,1,alpha_0,1.5808217405026814
xxz_delta0.5,XXZ (Delta=0.5),4,4,residual_only,Residual connections only,10,3,sum,8.476613219402186,4.957298926696167,9.310846506451162,0.13730743233813816,32.116306472829855,15,14,1,alpha_0,1.8457577946189503
xxz_delta0.5,XXZ (Delta=0.5),4,4,residual_only,Residual connections only,11,3,sum,10.49407967213556,8.754319467741373,7.93375539881106,0.14023433872007768,22.657328312185655,15,14,1,alpha_0,1.0496675517310485
xxz_delta0.5,XXZ (Delta=0.5),4,4,residual_only,Residual connections only,12,3,sum,9.929628212279209,7.243855835438204,8.445734509211748,0.20043180388381357,28.06586930879407,15,14,1,alpha_0,1.384703762299869
xxz_delta0.5,XXZ (Delta=0.5),4,4,residual_only,Residual connections only,13,3,sum,9.398119338066184,6.202252315462414,9.697704464164458,0.3995724335511005,35.13205812680969,15,14,1,alpha_0,1.9645349473604758
xxz_delta0.5,XXZ (Delta=0.5),4,4,residual_only,Residual connections only,14,3,sum,4.120327466461347,3.144360990888422,4.228150805717307,0.012859152323789699,16.329539309838975,15,14,1,alpha_0,0.8857943181728075
xxz_delta0.5,XXZ (Delta=0.5),4,4,residual_only,Residual connections only,15,3,sum,4.636823142500073,2.463870447924138,5.571082711477724,0.14743789423892176,20.293081631744858,15,14,1,alpha_0,1.1054179299624498
xxz_delta0.5,XXZ (Delta=0.5),4,4,residual_only,Residual connections only,16,3,sum,14.174150773298322,5.0511275657081365,15.991175630933745,0.4265306001119374,52.89947435814947,15,14,1,alpha_0,3.307269200166704
xxz_delta0.5,XXZ (Delta=0.5),4,4,residual_only,Residual connections only,17,3,sum,6.8057463252715085,2.8951618547502047,6.764868590782228,0.41985160143097944,19.937593723526863,15,14,1,alpha_0,1.990905005722288
xxz_delta0.5,XXZ (Delta=0.5),4,4,residual_only,Residual connections only,18,3,sum,10.187645538972761,5.688734191381206,14.06568289982249,0.0183949897338947,51.85682787029679,15,14,1,alpha_0,2.838033256651495
xxz_delta0.5,XXZ (Delta=0.5),4,4,residual_only,Residual connections only,19,3,sum,8.738030883153924,5.0599692099510865,8.351616428610075,1.172618888343181,28.205234204418545,15,14,1,alpha_0,1.8018297855694188
xxz_delta0.5,XXZ (Delta=0.5),4,4,residual_only,Residual connections only,20,3,sum,8.621049390221328,4.976212923962395,8.814485376057961,0.06799928838421321,30.949731334128835,15,14,1,alpha_0,0.7341793284667919
xxz_delta0.5,XXZ (Delta=0.5),4,4,residual_only,Residual connections only,21,3,sum,6.613191539258028,5.850483102350298,5.3395736666284295,0.2859566851870063,17.568229953562078,15,14,1,alpha_0,1.540528654427852
xxz_delta0.5,XXZ (Delta=0.5),4,4,residual_only,Residual connections only,22,3,sum,7.8798303158130905,5.849638028126433,5.580674552646586,1.7389033596409862,19.215109172901897,15,14,1,alpha_0,1.0312937284702648
xxz_delta0.5,XXZ (Delta=0.5),4,4,residual_only,Residual connections only,23,3,sum,4.717334785264222,4.019385624476426,2.7610980983960913,1.4763653770037812,9.735703706930693,15,14,1,alpha_0,0.869515165292638
xxz_delta0.5,XXZ (Delta=0.5),4,4,residual_only,Residual connections only,24,3,sum,9.851374709252164,8.842392066754904,9.246075874775512,0.41098556955576804,31.834705982828968,15,14,1,alpha_0,1.974300781320785
xxz_delta0.5,XXZ (Delta=0.5),4,4,residual_only,Residual connections only,25,3,sum,8.318476135247545,3.8768102532725015,12.44660718368846,0.33378847138743384,48.978870392074604,15,14,1,alpha_0,1.4754505887553746
xxz_delta0.5,XXZ (Delta=0.5),4,4,residual_only,Residual connections only,26,3,sum,9.828656498172055,5.478747167874457,13.548536692814702,0.04261514156512673,54.26866542751728,15,14,1,alpha_0,1.3017529842776148
xxz_delta0.5,XXZ (Delta=0.5),4,4,residual_only,Residual connections only,27,3,sum,5.819710687260726,3.02867934796714,6.0753824662988904,0.4775965037047192,19.896903727741773,15,14,1,alpha_0,1.3682382894743867
xxz_delta0.5,XXZ (Delta=0.5),4,4,residual_only,Residual connections only,28,3,sum,6.771513161070799,3.8726329656997454,6.207029585520396,0.17894404632676247,19.30198202239523,15,14,1,alpha_0,1.570176406145026
xxz_delta0.5,XXZ (Delta=0.5),4,4,residual_only,Residual connections only,29,3,sum,6.354836601618175,3.6242672457793845,7.986532438604594,0.09767803455720923,26.916329773507545,15,14,1,alpha_0,1.2052641800100738
xxz_delta0.5,XXZ (Delta=0.5),4,4,residual_only,Residual connections only,30,3,sum,11.342259540877915,12.162019901773526,9.696742632113633,0.037653102859928546,33.69212994906345,15,14,1,alpha_0,1.9322528052952068
xxz_delta0.5,XXZ (Delta=0.5),4,4,residual_only,Residual connections only,31,3,sum,11.893734681291775,11.21894006529142,8.596142072829236,0.6564299726093608,31.08307565755861,15,14,1,alpha_0,1.4940694975252529
xxz_delta0.5,XXZ (Delta=0.5),4,4,residual_only,Residual connections only,32,3,sum,6.469706839937373,5.449918203205996,4.2028173175765255,1.0184598141177428,14.657899768158371,15,14,1,alpha_0,1.561508231139533
xxz_delta0.5,XXZ (Delta=0.5),4,4,residual_only,Residual connections only,33,3,sum,9.52071402332231,6.571915907159342,6.8699338778232555,0.27467641959731354,26.70619285348654,15,14,1,alpha_0,0.9605064089934193
xxz_delta0.5,XXZ (Delta=0.5),4,4,residual_only,Residual connections only,34,3,sum,7.648949181757899,4.292588593578565,9.063273854515673,0.15847264935899882,34.02473357739068,15,14,1,alpha_0,1.206405706170221
xxz_delta0.5,XXZ (Delta=0.5),4,4,residual_only,Residual connections only,35,3,sum,8.563840748981084,7.300837899357556,10.241498898072527,0.5291462175988421,42.30618841235934,15,14,1,alpha_0,0.9455942130053214
xxz_delta0.5,XXZ (Delta=0.5),4,4,residual_only,Residual connections only,36,3,sum,4.630963043996272,3.548348054522828,3.7061998563284755,0.5204137396455755,14.295470964746093,15,14,1,alpha_0,1.3314711189827122
xxz_delta0.5,XXZ (Delta=0.5),4,4,residual_only,Residual connections only,37,3,sum,4.57418167950791,3.0612836234156107,3.987555058985356,0.43259086227026416,11.987848482067808,15,14,1,alpha_0,1.0613006618966467
xxz_delta0.5,XXZ (Delta=0.5),4,4,residual_only,Residual connections only,38,3,sum,8.495227897850011,5.116534512231323,7.828846781929405,0.7125109589039397,24.780385379819972,15,14,1,alpha_0,1.46694133765046
xxz_delta0.5,XXZ (Delta=0.5),4,4,residual_only,Residual connections only,39,3,sum,8.018834125865894,7.60557932630968,3.8529275652155954,2.0349083207224696,16.647127119934858,15,14,1,alpha_0,0.8578265946333664
xxz_delta0.5,XXZ (Delta=0.5),4,4,residual_only,Residual connections only,40,3,sum,9.528319790379621,5.748346719995042,9.280280401230986,0.04820968793005769,34.557343012287,15,14,1,alpha_0,0.740025873095666
xxz_delta0.5,XXZ (Delta=0.5),4,4,residual_only,Residual connections only,41,3,sum,11.901106153536878,10.223410335510238,7.437881550202133,1.1581537694749724,26.764203980594356,15,14,1,alpha_0,1.9366742580533722
xxz_delta0.5,XXZ (Delta=0.5),4,4,residual_only,Residual connections only,42,3,sum,3.780559973062286,2.9854733534835525,3.333369344318582,0.015148949453627011,11.439334204192216,15,14,1,alpha_0,1.0208164661970074
xxz_delta0.5,XXZ (Delta=0.5),4,4,residual_only,Residual connections only,43,3,sum,12.59625157024236,9.043892032462274,11.400982768341235,0.23333373409881786,37.823217456040666,15,14,1,alpha_0,1.683432601491559
xxz_delta0.5,XXZ (Delta=0.5),4,4,residual_only,Residual connections only,44,3,sum,6.947880204156014,2.30503373177046,10.486877609320942,0.058638130963645826,37.51770379952461,15,14,1,alpha_0,1.918970068799965
xxz_delta0.5,XXZ (Delta=0.5),4,4,residual_only,Residual connections only,45,3,sum,9.576283070394568,5.636127210373161,8.519518191516852,1.3287826768502786,26.629343571150738,15,14,1,alpha_0,2.1177308881928405
xxz_delta0.5,XXZ (Delta=0.5),4,4,residual_only,Residual connections only,46,3,sum,10.64923539071369,6.643859545952509,9.540657504207763,0.47344534843288066,29.205068713384748,15,14,1,alpha_0,1.6011995959911391
xxz_delta0.5,XXZ (Delta=0.5),4,4,residual_only,Residual connections only,47,3,sum,2.9454034557748074,1.196115309941984,5.038440847804072,0.21813664011313774,20.075575015753223,15,14,1,alpha_0,0.9875238186877583
xxz_delta0.5,XXZ (Delta=0.5),4,4,residual_only,Residual connections only,48,3,sum,8.353133989954902,6.323361075260847,7.620363047208258,0.4086832066872801,32.29500657391736,15,14,1,alpha_0,1.0727295858360124
xxz_delta0.5,XXZ (Delta=0.5),4,4,residual_only,Residual connections only,49,3,sum,5.272807540472343,2.795460289697925,6.647502414619526,0.17052022860300714,24.07873396523339,15,14,1,alpha_0,1.6147865939422739
xxz_delta0.5,XXZ (Delta=0.5),4,5,entanglement_local,Entanglement + local cost,0,3,sum,14.869513597299283,2.1879207929834044,24.774673010540397,0.0,84.2026451337647,12,12,0,,0.21188313906570863
xxz_delta0.5,XXZ (Delta=0.5),4,5,entanglement_local,Entanglement + local cost,1,3,sum,3.8874533663932653,0.9276052463549879,5.362955592323548,0.0,13.056141420698488,12,12,0,,0.07709985715305417
xxz_delta0.5,XXZ (Delta=0.5),4,5,entanglement_local,Entanglement + local cost,2,3,sum,6.4698058886014875,1.5395644361696066,14.697570615159837,0.0,54.53476126388359,12,12,0,,0.10346678537276773
xxz_delta0.5,XXZ (Delta=0.5),4,5,entanglement_local,Entanglement + local cost,3,3,sum,8.13107188879725,1.2755883492851876,10.626715734466854,0.0,28.32736512523722,12,12,0,,0.15700330302327345
xxz_delta0.5,XXZ (Delta=0.5),4,5,entanglement_local,Entanglement + local cost,4,3,sum,15.096717113339379,0.24841055694936184,24.320004241141785,0.0,65.28294981645267,12,12,0,,0.2143304463883334
xxz_delta0.5,XXZ (Delta=0.5),4,5,entanglement_local,Entanglement + local cost,5,3,sum,9.327302747538843,0.09398134904794743,16.070518735659952,0.0,55.11804856600653,12,12,0,,0.15567161030882423
xxz_delta0.5,XXZ (Delta=0.5),4,5,entanglement_local,Entanglement + local cost,6,3,sum,12.167590290908016,2.686573307830473,14.99268498772892,0.0,35.74138306146072,12,12,0,,0.2178334337018439
xxz_delta0.5,XXZ (Delta=0.5),4,5,entanglement_local,Entanglement + local cost,7,3,sum,3.879558693911744,0.04975860956629575,7.21666096908805,0.0,25.504875701949505,12,12,0,,0.077398513677381
xxz_delta0.5,XXZ (Delta=0.5),4,5,entanglement_local,Entanglement + local cost,8,3,sum,8.350219894005631,0.6881888571245729,13.869996037965688,0.0,39.81445892190044,12,12,0,,0.15112581180764842
xxz_delta0.5,XXZ (Delta=0.5),4,5,entanglement_local,Entanglement + local cost,9,3,sum,10.997006572403512,0.7554628065471194,17.48912001115511,3.3902178540943562e-15,45.29894480371071,12,12,0,,0.1797651081053273
xxz_delta0.5,XXZ (Delta=0.5),4,5,entanglement_local,Entanglement + local cost,10,3,sum,11.04749120435379,1.5237795673377938,18.942970805265052,0.0,53.70210226685602,12,12,0,,0.1680356005831601
xxz_delta0.5,XXZ (Delta=0.5),4,5,entanglement_local,Entanglement + local cost,11,3,sum,9.376657803265788,3.3811156153652586,11.524197130714716,0.0,32.730540907916534,12,12,0,,0.181810716662675
xxz_delta0.5,XXZ (Delta=0.5),4,5,entanglement_local,Entanglement + local cost,12,3,sum,6.874433323915105,0.5976678398899805,11.762955467925712,0.0,38.610565259135655,12,12,0,,0.12915349589512382
xxz_delta0.5,XXZ (Delta=0.5),4,5,entanglement_local,Entanglement + local cost,13,3,sum,14.753472566166119,1.7776109387591263,24.48534449210998,0.0,82.84940759341292,12,12,0,,0.21477917575871885
xxz_delta0.5,XXZ (Delta=0.5),4,5,entanglement_local,Entanglement + local cost,14,3,sum,6.491904334576199,1.078957706179314,9.30926419435246,0.0,25.27987915627916,12,12,0,,0.12425854536477528
xxz_delta0.5,XXZ (Delta=0.5),4,5,entanglement_local,Entanglement + local cost,15,3,sum,9.710629715532619,1.4052863201206887,13.939731462191537,0.0,44.971408187504906,12,12,0,,0.16922877431075467
xxz_delta0.5,XXZ (Delta=0.5),4,5,entanglement_local,Entanglement + local cost,16,3,sum,12.144426081474087,4.9676470216028195,15.469279806521438,0.0,53.605213831331234,12,12,0,,0.21857732204357064
xxz_delta0.5,XXZ (Delta=0.5),4,5,entanglement_local,Entanglement + local cost,17,3,sum,3.8576994609962374,0.05256991335767246,7.35189874819008,0.0,21.147242932958704,12,12,0,,0.0697290102184787
xxz_delta0.5,XXZ (Delta=0.5),4,5,entanglement_local,Entanglement + local cost,18,3,sum,12.66393415584929,9.39237189688529,13.314446318482627,0.0,38.944986823560136,12,12,0,,0.23337253365048324
xxz_delta0.5,XXZ (Delta=0.5),4,5,entanglement_local,Entanglement + local cost,19,3,sum,14.764058573937499,4.642434760439264,22.73314010238087,0.0,71.52943419034038,12,12,0,,0.2228669177900778
xxz_delta0.5,XXZ (Delta=0.5),4,5,entanglement_local,Entanglement + local cost,20,3,sum,9.643121948805595,2.2048836414924295,20.600277511872147,6.230491756219954e-16,75.77167221755775,12,12,0,,0.1430804495779174
xxz_delta0.5,XXZ (Delta=0.5),4,5,entanglement_local,Entanglement + local cost,21,3,sum,8.663411898698753,11.500556801261101,7.622362301345092,3.1129674093485317e-16,19.026817752060477,12,12,0,,0.18194601408802183
xxz_delta0.5,XXZ (Delta=0.5),4,5,entanglement_local,Entanglement + local cost,22,3,sum,23.721335589826975,1.2357006629882272,42.37710462880527,0.0,134.09209834010247,12,12,0,,0.23948932307120677
xxz_delta0.5,XXZ (Delta=0.5),4,5,entanglement_local,Entanglement + local cost,23,3,sum,9.703873742462575,1.2540752425232675,13.738744488993543,0.0,41.17570131190184,12,12,0,,0.1709756202031202
xxz_delta0.5,XXZ (Delta=0.5),4,5,entanglement_local,Entanglement + local cost,24,3,sum,6.561317552222904,4.294176025839414,7.554459291148966,0.0,23.779358083634087,12,12,0,,0.13512545677615487
xxz_delta0.5,XXZ (Delta=0.5),4,5,entanglement_local,Entanglement + local cost,25,3,sum,7.588307661304067,5.09651372130542,8.457980021453558,0.0,26.527857841163687,12,12,0,,0.1574009534045296
xxz_delta0.5,XXZ (Delta=0.5),4,5,entanglement_local,Entanglement + local cost,26,3,sum,16.025019280796762,1.3271051940463332,19.797908000027697,6.292605668463358e-16,51.64521955614011,12,12,0,,0.26443629554916254
xxz_delta0.5,XXZ (Delta=0.5),4,5,entanglement_local,Entanglement + local cost,27,3,sum,3.379448469320637,0.6485500653274765,5.521687710150548,0.0,18.056917770118496,12,12,0,,0.06716631261195044
xxz_delta0.5,XXZ (Delta=0.5),4,5,entanglement_local,Entanglement + local cost,28,3,sum,8.056011024919366,5.00629643245699,9.204851644411013,0.0,24.5096628952867,12,12,0,,0.16505323347060433
xxz_delta0.5,XXZ (Delta=0.5),4,5,entanglement_local,Entanglement + local cost,29,3,sum,14.65670838334133,1.0068533399779858,30.532659225115612,6.281016861629315e-16,111.54029938516298,12,12,0,,0.18520919340711106
xxz_delta0.5,XXZ (Delta=0.5),4,5,entanglement_local,Entanglement + local cost,30,3,sum,10.603312239688085,1.4255906259957913,18.756203691129514,0.0,67.40216973862599,12,12,0,,0.17227434069209083
xxz_delta0.5,XXZ (Delta=0.5),4,5,entanglement_local,Entanglement + local cost,31,3,sum,9.89571083236905,5.480968133476319,11.629694721211596,6.211100040392071e-16,37.6823753453817,12,12,0,,0.1931604056626187
xxz_delta0.5,XXZ (Delta=0.5),4,5,entanglement_local,Entanglement + local cost,32,3,sum,5.983925950880093,1.8197738156812626,12.099232129458239,0.0,44.80513419812716,12,12,0,,0.10608475827290154
xxz_delta0.5,XXZ (Delta=0.5),4,5,entanglement_local,Entanglement + local cost,33,3,sum,31.213345463273566,1.0961838862226803,56.81267275018868,0.0,178.400917887529,12,12,0,,0.2493769269490531
xxz_delta0.5,XXZ (Delta=0.5),4,5,entanglement_local,Entanglement + local cost,34,3,sum,19.766026886757988,2.2981542714143894,33.79295020316588,0.0,92.10126024292207,12,12,0,,0.22855490657847657
xxz_delta0.5,XXZ (Delta=0.5),4,5,entanglement_local,Entanglement + local cost,35,3,sum,6.264182264714157,2.2097734890562473,11.19902050364109,1.380674106866976e-15,41.34239348679641,12,12,0,,0.11630006306400602
xxz_delta0.5,XXZ (Delta=0.5),4,5,entanglement_local,Entanglement + local cost,36,3,sum,7.473741476211657,5.437652434859908,8.0226013526886,0.0,22.582117890203367,12,12,0,,0.15471178447558362
xxz_delta0.5,XXZ (Delta=0.5),4,5,entanglement_local,Entanglement + local cost,37,3,sum,11.29418490899677,7.574616485997742,11.963226314929514,0.0,35.887151041192,12,12,0,,0.21777223451049488
xxz_delta0.5,XXZ (Delta=0.5),4,5,entanglement_local,Entanglement + local cost,38,3,sum,35.89379345889623,0.7187349809477541,72.75225044222086,0.0,205.58565441337055,12,12,0,,0.22030279118129878
xxz_delta0.5,XXZ (Delta=0.5),4,5,entanglement_local,Entanglement + local cost,39,3,sum,8.23864256666181,3.582421334284228,10.091614756831975,0.0,25.316692032432645,12,12,0,,0.16472678278701014
xxz_delta0.5,XXZ (Delta=0.5),4,5,entanglement_local,Entanglement + local cost,40,3,sum,9.372951186256486,2.628267713464116,14.588185757599982,6.309317429500181e-16,52.62039291927387,12,12,0,,0.16908471136298867
xxz_delta0.5,XXZ (Delta=0.5),4,5,entanglement_local,Entanglement + local cost,41,3,sum,17.688654573720974,4.770891674004048,22.591688287121123,0.0,58.2023889221218,12,12,0,,0.2633038577105459
xxz_delta0.5,XXZ (Delta=0.5),4,5,entanglement_local,Entanglement + local cost,42,3,sum,10.142981699546441,0.6438153344004327,23.386196374537402,0.0,85.95779226368276,12,12,0,,0.1380070093303713
xxz_delta0.5,XXZ (Delta=0.5),4,5,entanglement_local,Entanglement + local cost,43,3,sum,22.106768707915762,0.34808388710126714,53.02665781510819,0.0,193.59409028538562,12,12,0,,0.1912290424220647
xxz_delta0.5,XXZ (Delta=0.5),4,5,entanglement_local,Entanglement + local cost,44,3,sum,3.6874599189740156,2.1909018455214464,4.130347082451571,0.0,11.726614851979509,12,12,0,,0.06428370694811857
xxz_delta0.5,XXZ (Delta=0.5),4,5,entanglement_local,Entanglement + local cost,45,3,sum,13.220113556889807,3.9209085614768986,18.497604413588626,0.0,54.663998240941915,12,12,0,,0.22273183709443456
xxz_delta0.5,XXZ (Delta=0.5),4,5,entanglement_local,Entanglement + local cost,46,3,sum,9.300766838141492,8.641214140028135,9.040613333141444,0.0,26.11679473438715,12,12,0,,0.19162357605635025
xxz_delta0.5,XXZ (Delta=0.5),4,5,entanglement_local,Entanglement + local cost,47,3,sum,7.233133804187354,1.099689699401774,12.236201481750362,0.0,38.39347858874307,12,12,0,,0.13199014880010146
xxz_delta0.5,XXZ (Delta=0.5),4,5,entanglement_local,Entanglement + local cost,48,3,sum,10.294626426206168,3.103401763538688,15.904718472299761,0.0,47.0830787916359,12,12,0,,0.1798332994044802
xxz_delta0.5,XXZ (Delta=0.5),4,5,entanglement_local,Entanglement + local cost,49,3,sum,5.4281607998217405,3.260282194533131,6.951167056079684,0.0,24.246466605052937,12,12,0,,0.10792191273463643
xxz_delta0.5,XXZ (Delta=0.5),4,6,entanglement_residual,Entanglement + residual,0,3,sum,13.465417756534203,9.441567854396006,11.60741975828052,1.5752972542187336,36.42106258639247,15,14,1,alpha_0,1.9004348581441188
xxz_delta0.5,XXZ (Delta=0.5),4,6,entanglement_residual,Entanglement + residual,1,3,sum,11.341909622800047,7.021721509353533,13.873222481086037,0.8615026282112164,55.944730949422606,15,14,1,alpha_0,1.5604529379603373
xxz_delta0.5,XXZ (Delta=0.5),4,6,entanglement_residual,Entanglement + residual,2,3,sum,12.23547671415462,7.253095073805266,14.42591007174211,0.9860219527662706,46.49236669780739,15,14,1,alpha_0,1.9628736879629924
xxz_delta0.5,XXZ (Delta=0.5),4,6,entanglement_residual,Entanglement + residual,3,3,sum,9.312968779584455,6.732802426272382,6.653021710693292,0.6416619661080792,21.653682332875405,15,14,1,alpha_0,2.043211001659606
xxz_delta0.5,XXZ (Delta=0.5),4,6,entanglement_residual,Entanglement + residual,4,3,sum,16.997752515527797,12.055414254468491,20.183265087522564,0.9001222070574774,80.95202315556172,15,14,1,alpha_0,2.978712915285887
xxz_delta0.5,XXZ (Delta=0.5),4,6,entanglement_residual,Entanglement + residual,5,3,sum,12.022152015962826,5.615683586308027,13.144636743060715,0.4343890722153833,39.715704745754586,15,14,1,alpha_0,3.228643011340802
xxz_delta0.5,XXZ (Delta=0.5),4,6,entanglement_residual,Entanglement + residual,6,3,sum,10.252376614826103,4.458921985315051,12.149105144100584,0.4961471432313367,41.50899865972492,15,14,1,alpha_0,2.045024687690362
xxz_delta0.5,XXZ (Delta=0.5),4,6,entanglement_residual,Entanglement + residual,7,3,sum,9.064708904818023,7.408705424405049,7.462733898267479,0.5733704572552476,24.403343601527247,15,14,1,alpha_0,1.465230492750506
xxz_delta0.5,XXZ (Delta=0.5),4,6,entanglement_residual,Entanglement + residual,8,3,sum,10.16707287077192,9.143321969258626,6.685439887594584,0.2219465085364281,24.88054285758736,15,14,1,alpha_0,1.808829749804191
xxz_delta0.5,XXZ (Delta=0.5),4,6,entanglement_residual,Entanglement + residual,9,3,sum,11.760830692965557,9.694084842492275,8.853765599064626,0.5369926506203226,30.20731064921103,15,14,1,alpha_0,3.1255724994909273
xxz_delta0.5,XXZ (Delta=0.5),4,6,entanglement_residual,Entanglement + residual,10,3,sum,12.036498089994625,6.168507585559511,12.807433060555445,0.25507241045510226,37.81234903734907,15,14,1,alpha_0,2.339417826429649
xxz_delta0.5,XXZ (Delta=0.5),4,6,entanglement_residual,Entanglement + residual,11,3,sum,11.510246845087966,9.602188632677557,7.955248848644432,3.1608555662541167,37.8362860068458,15,14,1,alpha_0,1.0071573343611764
xxz_delta0.5,XXZ (Delta=0.5),4,6,entanglement_residual,Entanglement + residual,12,3,sum,9.752452751922155,5.972730954331647,11.240623923769364,0.9849730122330865,46.08469898500339,15,14,1,alpha_0,1.3887523912693984
xxz_delta0.5,XXZ (Delta=0.5),4,6,entanglement_residual,Entanglement + residual,13,3,sum,10.563388995467893,5.875813333607649,10.28144957338396,0.684267942201374,33.66452499697257,15,14,1,alpha_0,2.2360027180752855
xxz_delta0.5,XXZ (Delta=0.5),4,6,entanglement_residual,Entanglement + residual,14,3,sum,8.259818914443148,5.343787923649941,9.35322207932566,1.641211582266415,39.28870352220214,15,14,1,alpha_0,1.6954389336190758
xxz_delta0.5,XXZ (Delta=0.5),4,6,entanglement_residual,Entanglement + residual,15,3,sum,11.923408960388647,3.4310918942562028,14.412969949857137,0.7143545592055657,41.607837409861524,15,14,1,alpha_0,2.112302281490244
xxz_delta0.5,XXZ (Delta=0.5),4,6,entanglement_residual,Entanglement + residual,16,3,sum,16.720179993227344,13.104038339001889,15.517236723199334,0.4730769279607757,46.86963195130386,15,14,1,alpha_0,3.498499316377495
xxz_delta0.5,XXZ (Delta=0.5),4,6,entanglement_residual,Entanglement + residual,17,3,sum,7.2134859978255355,3.76708715117495,6.391574372487236,1.0190333987110138,21.180516114290064,15,14,1,alpha_0,1.761533326413906
xxz_delta0.5,XXZ (Delta=0.5),4,6,entanglement_residual,Entanglement + residual,18,3,sum,12.28427126996361,10.084080966855721,10.39036451614088,0.5119064923911539,30.523526924506736,15,14,1,alpha_0,3.0494569780376892
xxz_delta0.5,XXZ (Delta=0.5),4,6,entanglement_residual,Entanglement + residual,19,3,sum,9.749942616840588,6.115920022241006,10.531570963736245,0.11981914734903895,38.431714004550464,15,14,1,alpha_0,1.8133016334722147
xxz_delta0.5,XXZ (Delta=0.5),4,6,entanglement_residual,Entanglement + residual,20,3,sum,12.867003449282896,15.674440597557288,6.996695608637191,0.03152372879568183,23.385264033542907,15,14,1,alpha_0,1.0119482322372937
xxz_delta0.5,XXZ (Delta=0.5),4,6,entanglement_residual,Entanglement + residual,21,3,sum,12.447763437738102,8.215968018333522,13.696983263923528,0.4087651545336871,54.63530137461958,15,14,1,alpha_0,2.679133792029361
xxz_delta0.5,XXZ (Delta=0.5),4,6,entanglement_residual,Entanglement + residual,22,3,sum,8.020695262778307,6.470228662713664,4.985572195557917,1.1396270051679973,18.546533982656516,15,14,1,alpha_0,0.9680232983417857
xxz_delta0.5,XXZ (Delta=0.5),4,6,entanglement_residual,Entanglement + residual,23,3,sum,6.15933476832309,4.289366331492684,5.865819556687419,0.6046980183585301,19.5369092938614,15,14,1,alpha_0,0.9507858886456826
xxz_delta0.5,XXZ (Delta=0.5),4,6,entanglement_residual,Entanglement + residual,24,3,sum,7.342239237105382,5.682382380340353,6.629456062234227,0.5887477428950636,25.241973804342933,15,14,1,alpha_0,1.3863106165313914
xxz_delta0.5,XXZ (Delta=0.5),4,6,entanglement_residual,Entanglement + residual,25,3,sum,11.578956917258003,7.260254322717662,12.861840894058659,0.8710385763493312,50.77874389585793,15,14,1,alpha_0,1.9824882438107116
xxz_delta0.5,XXZ (Delta=0.5),4,6,entanglement_residual,Entanglement + residual,26,3,sum,10.534731420639549,8.353267189587466,8.684553906001348,0.14705957702660558,36.62946048657714,15,14,1,alpha_0,1.3653495976846344
xxz_delta0.5,XXZ (Delta=0.5),4,6,entanglement_residual,Entanglement + residual,27,3,sum,6.899864165062942,3.4724605809941456,6.927978583760722,1.455178603154716,21.98141413300501,15,14,1,alpha_0,1.703871924728411
xxz_delta0.5,XXZ (Delta=0.5),4,6,entanglement_residual,Entanglement + residual,28,3,sum,11.018663533166798,10.11865863131385,10.136464447955674,0.04413707298105827,34.884666172631434,15,14,1,alpha_0,2.3155311126010343
xxz_delta0.5,XXZ (Delta=0.5),4,6,entanglement_residual,Entanglement + residual,29,3,sum,12.151302025659515,9.471686666253756,12.009991956455991,0.11283294184066,47.404486530372395,15,14,1,alpha_0,1.6616738106158806
xxz_delta0.5,XXZ (Delta=0.5),4,6,entanglement_residual,Entanglement + residual,30,3,sum,9.427826150738994,6.596844196580269,8.522344506069066,1.9394884585174377,34.07888489056547,15,14,1,alpha_0,1.6292606842252624
xxz_delta0.5,XXZ (Delta=0.5),4,6,entanglement_residual,Entanglement + residual,31,3,sum,9.023213292758035,7.35242705551228,8.2670846899805,0.5204630216398999,32.28063331343092,15,14,1,alpha_0,1.1412502508206568
xxz_delta0.5,XXZ (Delta=0.5),4,6,entanglement_residual,Entanglement + residual,32,3,sum,4.771160332698764,4.3142104252215985,2.78691374815783,0.03619634720799463,8.849189092202742,15,14,1,alpha_0,1.2264828092291247
xxz_delta0.5,XXZ (Delta=0.5),4,6,entanglement_residual,Entanglement + residual,33,3,sum,7.591297300568384,4.665773229609634,5.8440475392607185,2.1981787689440604,20.646129833118028,15,14,1,alpha_0,0.7420028897352157
xxz_delta0.5,XXZ (Delta=0.5),4,6,entanglement_residual,Entanglement + residual,34,3,sum,12.582374342893491,8.670672641342273,10.952015870360496,1.3706070866779219,35.66633723779674,15,14,1,alpha_0,1.8861595143111802
xxz_delta0.5,XXZ (Delta=0.5),4,6,entanglement_residual,Entanglement + residual,35,3,sum,6.647288377510684,2.7809599251620485,10.613076498754564,0.1674162934620685,40.82746003518353,15,14,1,alpha_0,0.6883508019331889
xxz_delta0.5,XXZ (Delta=0.5),4,6,entanglement_residual,Entanglement + residual,36,3,sum,4.1134669156757955,3.0002315438448237,3.5157535242221636,0.071626595967996,13.621897019851769,15,14,1,alpha_0,1.0340041624411713
xxz_delta0.5,XXZ (Delta=0.5),4,6,entanglement_residual,Entanglement + residual,37,3,sum,10.050360989957193,3.315840109107798,12.550699080569835,0.6154762631264262,40.02767112018107,15,14,1,alpha_0,1.796983463185373
xxz_delta0.5,XXZ (Delta=0.5),4,6,entanglement_residual,Entanglement + residual,38,3,sum,11.149334015524602,8.06326743756848,11.257325172278577,0.2071731062834359,43.592156299099834,15,14,1,alpha_0,1.780531669396154
xxz_delta0.5,XXZ (Delta=0.5),4,6,entanglement_residual,Entanglement + residual,39,3,sum,10.824117397896845,10.024649507675873,6.901129185708544,1.4533212778638744,23.58645005875953,15,14,1,alpha_0,1.077006339336034
xxz_delta0.5,XXZ (Delta=0.5),4,6,entanglement_residual,Entanglement + residual,40,3,sum,17.8959941464013,15.731033967191376,14.086087507843942,1.1782278014071677,39.948453620483576,15,14,1,alpha_0,1.135594662550118
xxz_delta0.5,XXZ (Delta=0.5),4,6,entanglement_residual,Entanglement + residual,41,3,sum,8.77449715095669,7.135334519017172,9.887609063589329,0.38505962376673586,42.192302903481064,15,14,1,alpha_0,1.2389302381526868
xxz_delta0.5,XXZ (Delta=0.5),4,6,entanglement_residual,Entanglement + residual,42,3,sum,7.069361582581614,6.845296189021649,5.072641150641816,0.014711926977544547,16.391691857922062,15,14,1,alpha_0,1.5727473458793984
xxz_delta0.5,XXZ (Delta=0.5),4,6,entanglement_residual,Entanglement + residual,43,3,sum,8.577017093195698,5.515585463742432,7.147759764833882,0.16900500144668326,28.397854420141815,15,14,1,alpha_0,1.1269316087530263
xxz_delta0.5,XXZ (Delta=0.5),4,6,entanglement_residual,Entanglement + residual,44,3,sum,12.134265815318228,9.082800931735706,7.891791081607969,1.2282188127335043,25.31283684821252,15,14,1,alpha_0,2.7130331380213133
xxz_delta0.5,XXZ (Delta=0.5),4,6,entanglement_residual,Entanglement + residual,45,3,sum,13.366770874511968,5.834484061272594,16.889721078888243,1.022054562499312,55.464600249023135,15,14,1,alpha_0,3.0087872310188595
xxz_delta0.5,XXZ (Delta=0.5),4,6,entanglement_residual,Entanglement + residual,46,3,sum,10.30806863144123,8.70893956464283,9.026809666019005,0.6434428198759661,29.07896355360854,15,14,1,alpha_0,1.699612359555093
xxz_delta0.5,XXZ (Delta=0.5),4,6,entanglement_residual,Entanglement + residual,47,3,sum,12.995555394018696,8.13377496740993,14.896400504604456,0.001784837289176895,49.71194551506509,15,14,1,alpha_0,2.338928351299292
xxz_delta0.5,XXZ (Delta=0.5),4,6,entanglement_residual,Entanglement + residual,48,3,sum,12.578329796545129,8.833461374806603,10.704117624513515,2.3412317103583713,42.137044079825145,15,14,1,alpha_0,1.3861663954623407
xxz_delta0.5,XXZ (Delta=0.5),4,6,entanglement_residual,Entanglement + residual,49,3,sum,11.000752605493622,12.483444106304095,8.474679409244642,0.1656191749344988,25.85173005210292,15,14,1,alpha_0,2.845295102405612
xxz_delta0.5,XXZ (Delta=0.5),4,7,combined,Combined (A+B+C),0,3,sum,12.374879740007332,8.030171212197661,12.504253737837315,0.0,37.885737874087724,15,14,1,alpha_0,1.6517673045096275
xxz_delta0.5,XXZ (Delta=0.5),4,7,combined,Combined (A+B+C),1,3,sum,10.823111299181893,6.741976532688991,15.091798589964812,0.0,59.584694225548105,15,14,1,alpha_0,1.416964037131113
xxz_delta0.5,XXZ (Delta=0.5),4,7,combined,Combined (A+B+C),2,3,sum,10.854073762726724,4.954352548888208,16.306810613307846,0.0,53.199044411343614,15,14,1,alpha_0,1.6393042503659232
xxz_delta0.5,XXZ (Delta=0.5),4,7,combined,Combined (A+B+C),3,3,sum,8.582193907300434,5.752725646267,8.281064083800274,0.0,25.76345218356837,15,14,1,alpha_0,1.8378750774456813
xxz_delta0.5,XXZ (Delta=0.5),4,7,combined,Combined (A+B+C),4,3,sum,17.184742861953726,14.393966404333838,21.34062141876046,0.0,80.95202315556172,15,14,1,alpha_0,2.9237841578286186
xxz_delta0.5,XXZ (Delta=0.5),4,7,combined,Combined (A+B+C),5,3,sum,13.315239165644309,7.4482335945365445,13.785286422689895,0.0,41.52398980197535,15,14,1,alpha_0,3.5785087022617272
xxz_delta0.5,XXZ (Delta=0.5),4,7,combined,Combined (A+B+C),6,3,sum,10.152621608400787,4.954398652958898,12.537259682332126,0.0,41.880685118966504,15,14,1,alpha_0,2.0043344073788867
xxz_delta0.5,XXZ (Delta=0.5),4,7,combined,Combined (A+B+C),7,3,sum,7.252053764154821,5.824396390682916,7.128910553428167,0.0,19.322091952801916,15,14,1,alpha_0,1.1420121001578805
xxz_delta0.5,XXZ (Delta=0.5),4,7,combined,Combined (A+B+C),8,3,sum,6.860842246083812,5.24745521940887,7.622793537790265,0.0,24.88054285758736,15,14,1,alpha_0,1.136517577271413
xxz_delta0.5,XXZ (Delta=0.5),4,7,combined,Combined (A+B+C),9,3,sum,11.833202286848328,13.30798665920808,8.797026574195622,0.0,27.441907457839466,15,14,1,alpha_0,3.116189398441209
xxz_delta0.5,XXZ (Delta=0.5),4,7,combined,Combined (A+B+C),10,3,sum,9.451405695699366,3.9548951296932477,13.065570035469575,0.0,37.81234903734907,15,14,1,alpha_0,1.7293305224142492
xxz_delta0.5,XXZ (Delta=0.5),4,7,combined,Combined (A+B+C),11,3,sum,9.936373009467916,7.512226795240872,10.49692112767741,0.0,37.8362860068458,15,14,1,alpha_0,0.8215420649971483
xxz_delta0.5,XXZ (Delta=0.5),4,7,combined,Combined (A+B+C),12,3,sum,10.19278405532869,4.757606258522131,14.7269664034355,0.0,58.44675202673307,15,14,1,alpha_0,1.3538966989183523
xxz_delta0.5,XXZ (Delta=0.5),4,7,combined,Combined (A+B+C),13,3,sum,11.007314045017702,6.894935796021816,11.523480763486484,0.0,39.64908435020651,15,14,1,alpha_0,2.27543109490856
xxz_delta0.5,XXZ (Delta=0.5),4,7,combined,Combined (A+B+C),14,3,sum,6.571012496238549,1.892851313467458,10.771318996701886,0.0,41.46838637006017,15,14,1,alpha_0,1.2830534206138005
xxz_delta0.5,XXZ (Delta=0.5),4,7,combined,Combined (A+B+C),15,3,sum,11.57065889992371,2.5919896332411456,15.807558735160619,0.0,45.662432765320034,15,14,1,alpha_0,1.9789592025102059
xxz_delta0.5,XXZ (Delta=0.5),4,7,combined,Combined (A+B+C),16,3,sum,16.832857699043263,12.983070097485466,15.618567655254862,0.0,46.86963195130386,15,14,1,alpha_0,3.508732757814129
xxz_delta0.5,XXZ (Delta=0.5),4,7,combined,Combined (A+B+C),17,3,sum,6.605502794362242,3.9689418249434434,6.823760961624495,0.0,20.272100866867525,15,14,1,alpha_0,1.5682198611633593
xxz_delta0.5,XXZ (Delta=0.5),4,7,combined,Combined (A+B+C),18,3,sum,10.408074921873476,6.375471174089332,10.804559244504912,0.0,31.051618774567043,15,14,1,alpha_0,2.459880902908074
xxz_delta0.5,XXZ (Delta=0.5),4,7,combined,Combined (A+B+C),19,3,sum,9.909617953675873,6.198412261436108,11.127468359014715,0.0,38.431714004550464,15,14,1,alpha_0,1.822557129221694
xxz_delta0.5,XXZ (Delta=0.5),4,7,combined,Combined (A+B+C),20,3,sum,3.1415714845791345,2.807718070880871,3.0922406799965882,0.0,10.135177588502899,15,14,1,alpha_0,0.37163483016521376
xxz_delta0.5,XXZ (Delta=0.5),4,7,combined,Combined (A+B+C),21,3,sum,11.371983741565652,7.776440610207212,13.088607077063742,0.0,48.416486308075505,15,14,1,alpha_0,2.4077178252737457
xxz_delta0.5,XXZ (Delta=0.5),4,7,combined,Combined (A+B+C),22,3,sum,6.9371635300978,8.272675794470938,6.181143432021112,0.0,18.673563832289332,15,14,1,alpha_0,0.7874048043378904
xxz_delta0.5,XXZ (Delta=0.5),4,7,combined,Combined (A+B+C),23,3,sum,6.347539915280303,2.371775003462888,8.040806695710863,0.0,25.062468836103736,15,14,1,alpha_0,0.9395358887903655
xxz_delta0.5,XXZ (Delta=0.5),4,7,combined,Combined (A+B+C),24,3,sum,7.138990659143405,7.620344013847071,6.746223060319877,0.0,25.241973804342933,15,14,1,alpha_0,1.3028012060228373
xxz_delta0.5,XXZ (Delta=0.5),4,7,combined,Combined (A+B+C),25,3,sum,8.938757707727232,2.564385304492717,13.702509108240022,0.0,50.1361991075141,15,14,1,alpha_0,1.4235902279340185
xxz_delta0.5,XXZ (Delta=0.5),4,7,combined,Combined (A+B+C),26,3,sum,9.10730438047545,6.41268684198792,10.325431747999902,0.0,36.411714749201586,15,14,1,alpha_0,1.1141671909259556
xxz_delta0.5,XXZ (Delta=0.5),4,7,combined,Combined (A+B+C),27,3,sum,4.980999398981133,2.0610999420610483,6.51093739243504,0.0,21.791135521429702,15,14,1,alpha_0,1.2460022462061464
xxz_delta0.5,XXZ (Delta=0.5),4,7,combined,Combined (A+B+C),28,3,sum,10.419900223104886,9.2734215422274,10.247174139421325,0.0,33.80777127764918,15,14,1,alpha_0,2.1423734205071088
xxz_delta0.5,XXZ (Delta=0.5),4,7,combined,Combined (A+B+C),29,3,sum,11.65231172908584,6.937043904507243,12.53074787538688,0.0,47.404486530372395,15,14,1,alpha_0,1.5207217269123219
xxz_delta0.5,XXZ (Delta=0.5),4,7,combined,Combined (A+B+C),30,3,sum,7.39240060022266,2.97262527683085,9.732499678327088,0.0,29.399065881657787,15,14,1,alpha_0,1.2443182072069756
xxz_delta0.5,XXZ (Delta=0.5),4,7,combined,Combined (A+B+C),31,3,sum,9.38455962737903,5.70857205320325,9.029806406782535,0.0,32.28063331343092,15,14,1,alpha_0,1.1348657180623227
xxz_delta0.5,XXZ (Delta=0.5),4,7,combined,Combined (A+B+C),32,3,sum,3.0229707080491695,1.8909633501725838,3.020900838025926,0.0,8.669203390362574,15,14,1,alpha_0,0.8200548539450295
xxz_delta0.5,XXZ (Delta=0.5),4,7,combined,Combined (A+B+C),33,3,sum,9.791449963953083,7.182968846413289,10.239120643812651,0.0,32.63130136819267,15,14,1,alpha_0,0.8196901974074232
xxz_delta0.5,XXZ (Delta=0.5),4,7,combined,Combined (A+B+C),34,3,sum,12.27647058788275,6.087727331873273,12.452347185070218,0.0,35.66633723779674,15,14,1,alpha_0,1.7373226178913077
xxz_delta0.5,XXZ (Delta=0.5),4,7,combined,Combined (A+B+C),35,3,sum,6.71013890169277,2.1549142620758834,10.937633049057615,0.0,40.82746003518353,15,14,1,alpha_0,0.6575040252159553
xxz_delta0.5,XXZ (Delta=0.5),4,7,combined,Combined (A+B+C),36,3,sum,4.130678037551169,2.8919768691035412,4.601440854370344,0.0,17.45977347649316,15,14,1,alpha_0,1.014166472129927
xxz_delta0.5,XXZ (Delta=0.5),4,7,combined,Combined (A+B+C),37,3,sum,11.029983819430424,6.011564205601861,13.874623065871184,0.0,49.062898227879465,15,14,1,alpha_0,1.8998944483250984
xxz_delta0.5,XXZ (Delta=0.5),4,7,combined,Combined (A+B+C),38,3,sum,10.92929060725335,6.855761087270595,12.24088844202661,0.0,45.16692496600867,15,14,1,alpha_0,1.6637397933857965
xxz_delta0.5,XXZ (Delta=0.5),4,7,combined,Combined (A+B+C),39,3,sum,5.264175296366764,3.905403719350639,4.743530369021459,0.0,15.292849866088327,15,14,1,alpha_0,0.569545411146208
xxz_delta0.5,XXZ (Delta=0.5),4,7,combined,Combined (A+B+C),40,3,sum,11.08894865185421,6.416796170865,12.708079722458937,0.0,39.657949025729735,15,14,1,alpha_0,0.5750302535018091
xxz_delta0.5,XXZ (Delta=0.5),4,7,combined,Combined (A+B+C),41,3,sum,8.933735968278121,5.065983836443043,10.81078781399242,0.0,42.192302903481064,15,14,1,alpha_0,1.2328449066519886
xxz_delta0.5,XXZ (Delta=0.5),4,7,combined,Combined (A+B+C),42,3,sum,5.141883001904749,4.359753245552776,4.971988470184936,0.0,14.359439361811507,15,14,1,alpha_0,1.1228987511120336
xxz_delta0.5,XXZ (Delta=0.5),4,7,combined,Combined (A+B+C),43,3,sum,7.22559665655134,6.642954394484511,5.886866836375277,0.0,19.613698676025926,15,14,1,alpha_0,0.9451456191609393
xxz_delta0.5,XXZ (Delta=0.5),4,7,combined,Combined (A+B+C),44,3,sum,13.151897679802216,13.209125847628844,10.44897882634432,0.0,34.16443244709646,15,14,1,alpha_0,2.8950858182962604
xxz_delta0.5,XXZ (Delta=0.5),4,7,combined,Combined (A+B+C),45,3,sum,12.092071959770712,3.72215398679987,18.209087156316837,0.0,58.67721356476516,15,14,1,alpha_0,2.625340317489153
xxz_delta0.5,XXZ (Delta=0.5),4,7,combined,Combined (A+B+C),46,3,sum,11.119962863024552,9.669032166976223,9.731401772986649,0.0,29.07896355360854,15,14,1,alpha_0,1.7879555991108969
xxz_delta0.5,XXZ (Delta=0.5),4,7,combined,Combined (A+B+C),47,3,sum,12.964581627820028,7.417738085130197,14.813783069266048,0.0,48.61413096283248,15,14,1,alpha_0,2.3030434670018973
xxz_delta0.5,XXZ (Delta=0.5),4,7,combined,Combined (A+B+C),48,3,sum,11.338827665032609,9.45890103741385,10.951584941459135,0.0,40.766473999576505,15,14,1,alpha_0,1.1261130337536296
xxz_delta0.5,XXZ (Delta=0.5),4,7,combined,Combined (A+B+C),49,3,sum,10.441114648224856,10.60733244558726,8.419496252119625,0.0,25.789172918268903,15,14,1,alpha_0,2.6576468782142686
xxz_delta0.5,XXZ (Delta=0.5),10,1,baseline,Baseline (HEA),0,3,sum,5.189977732251001,5.225704611719779,3.4092416501172877,0.059272700434157624,13.138678017369823,30,30,0,,0.5273862882679932
xxz_delta0.5,XXZ (Delta=0.5),10,1,baseline,Baseline (HEA),1,3,sum,5.3807637518330145,3.7775139672988933,4.408399853079535,0.0757148600693044,17.818287040971473,30,30,0,,0.5272416806429514
xxz_delta0.5,XXZ (Delta=0.5),10,1,baseline,Baseline (HEA),2,3,sum,3.3887486034260936,2.788525772282393,2.3417900837507126,0.19108351741163654,8.586849381092826,30,30,0,,0.3315754081919033
xxz_delta0.5,XXZ (Delta=0.5),10,1,baseline,Baseline (HEA),3,3,sum,3.47314945958217,2.4035989771593584,2.688638695802915,0.3539094009696976,10.357540092050654,30,30,0,,0.32858787918607246
xxz_delta0.5,XXZ (Delta=0.5),10,1,baseline,Baseline (HEA),4,3,sum,4.444442027930687,3.4595369141083285,3.375261465607977,0.07771339283798753,12.911844568934882,30,30,0,,0.4200746824573941
xxz_delta0.5,XXZ (Delta=0.5),10,1,baseline,Baseline (HEA),5,3,sum,4.291219614608205,3.8347655176083624,2.4502036034910173,0.5078762177622577,11.709208987507344,30,30,0,,0.4009536424437821
xxz_delta0.5,XXZ (Delta=0.5),10,1,baseline,Baseline (HEA),6,3,sum,5.4330883488201485,4.484641400351379,3.279073193972832,1.3588962315077546,13.257489759731637,30,30,0,,0.5427144686034818
xxz_delta0.5,XXZ (Delta=0.5),10,1,baseline,Baseline (HEA),7,3,sum,5.200812357133215,3.7709242287785347,3.9545923692665763,0.4354054874975604,14.163272774858482,30,30,0,,0.541184158716762
xxz_delta0.5,XXZ (Delta=0.5),10,1,baseline,Baseline (HEA),8,3,sum,4.038395145038889,4.158720287381388,2.904035526940294,0.2651253299045461,11.888149484714612,30,30,0,,0.355554388421379
xxz_delta0.5,XXZ (Delta=0.5),10,1,baseline,Baseline (HEA),9,3,sum,4.762123744429516,3.2536907984816343,4.47976707728354,0.09386082365530737,17.020929423516108,30,30,0,,0.4713463143536692
xxz_delta0.5,XXZ (Delta=0.5),10,1,baseline,Baseline (HEA),10,3,sum,4.528838968761486,3.96105926743002,3.434545665269431,0.2585804217688177,14.556908563461027,30,30,0,,0.43140412613536233
xxz_delta0.5,XXZ (Delta=0.5),10,1,baseline,Baseline (HEA),11,3,sum,5.776709029975053,5.573726240732602,3.5394311812657526,0.009910669940945561,14.391961828539376,30,30,0,,0.5515121492099205
xxz_delta0.5,XXZ (Delta=0.5),10,1,baseline,Baseline (HEA),12,3,sum,4.072259294475628,2.4413635496589388,3.9163736762527295,0.09627933005382258,15.520968455943065,30,30,0,,0.4551014190143985
xxz_delta0.5,XXZ (Delta=0.5),10,1,baseline,Baseline (HEA),13,3,sum,4.40540516072604,4.2288473971707194,3.123004846685206,0.3477627685596891,13.015412140053531,30,30,0,,0.4515061951876519
xxz_delta0.5,XXZ (Delta=0.5),10,1,baseline,Baseline (HEA),14,3,sum,2.5491749422971597,2.291304717276585,1.8096718424212321,0.00043516333236642607,7.796838750690587,30,30,0,,0.23599205731073938
xxz_delta0.5,XXZ (Delta=0.5),10,1,baseline,Baseline (HEA),15,3,sum,4.574466280825925,4.107170117480312,2.7650181121612443,0.10655006101714111,11.015698508723402,30,30,0,,0.4307363770663141
xxz_delta0.5,XXZ (Delta=0.5),10,1,baseline,Baseline (HEA),16,3,sum,4.490499636053311,4.33644514489207,3.224791566210289,0.29152401658912686,14.01378551389462,30,30,0,,0.4356146469340902
xxz_delta0.5,XXZ (Delta=0.5),10,1,baseline,Baseline (HEA),17,3,sum,3.198497869364831,3.0561098039450343,2.335053454038187,0.0022185369045858282,9.30255199447331,30,30,0,,0.28828756468315536
xxz_delta0.5,XXZ (Delta=0.5),10,1,baseline,Baseline (HEA),18,3,sum,4.795343952541422,3.1953618249370104,4.147315233063314,0.10128066220016556,15.979862460042206,30,30,0,,0.4218336606587967
xxz_delta0.5,XXZ (Delta=0.5),10,1,baseline,Baseline (HEA),19,3,sum,3.9302216071584932,2.7924521489620266,3.7334053824364437,0.10233943942540828,17.03564132007204,30,30,0,,0.3498646021703383
xxz_delta0.5,XXZ (Delta=0.5),10,1,baseline,Baseline (HEA),20,3,sum,4.168884081521229,1.9493893378255733,4.631698475775161,0.1984164790928168,18.909177162159118,30,30,0,,0.3953625099143791
xxz_delta0.5,XXZ (Delta=0.5),10,1,baseline,Baseline (HEA),21,3,sum,4.731074892704299,4.037831041230966,3.720206189299691,0.16483577110857953,15.930663255665579,30,30,0,,0.45475514069420336
xxz_delta0.5,XXZ (Delta=0.5),10,1,baseline,Baseline (HEA),22,3,sum,5.674583906389865,4.641190689442621,4.09886689001554,0.3739481469314875,13.500868167288392,30,30,0,,0.5851404577593128
xxz_delta0.5,XXZ (Delta=0.5),10,1,baseline,Baseline (HEA),23,3,sum,4.787794037855386,5.011949095971404,3.3001644699549275,0.20724279012326613,11.741860633179206,30,30,0,,0.42726900852066013
xxz_delta0.5,XXZ (Delta=0.5),10,1,baseline,Baseline (HEA),24,3,sum,4.288880628259569,3.867346135304418,3.4254096935172433,0.00579128399236451,11.387624308142849,30,30,0,,0.4374760334184912
xxz_delta0.5,XXZ (Delta=0.5),10,1,baseline,Baseline (HEA),25,3,sum,4.0206551224156994,3.224966605409298,3.115671115362118,0.5091946663923964,13.275425652371625,30,30,0,,0.37204690646218924
xxz_delta0.5,XXZ (Delta=0.5),10,1,baseline,Baseline (HEA),26,3,sum,4.210071161094328,4.44116098275512,3.154000167273848,0.1997941242880287,10.080111975530603,30,30,0,,0.415019247799242
xxz_delta0.5,XXZ (Delta=0.5),10,1,baseline,Baseline (HEA),27,3,sum,5.462844582576859,5.558775309840975,3.7526697432916443,0.5918872386607221,15.029872412784112,30,30,0,,0.5627041692870421
xxz_delta0.5,XXZ (Delta=0.5),10,1,baseline,Baseline (HEA),28,3,sum,3.92012628469867,2.8807111202534132,4.457520439319701,0.006202467179728088,22.25837426732041,30,30,0,,0.3210728660255611
xxz_delta0.5,XXZ (Delta=0.5),10,1,baseline,Baseline (HEA),29,3,sum,3.5738002920491305,2.4762989158584245,3.333024491711936,0.023366756482128857,14.527468217440804,30,30,0,,0.3844651494262789
xxz_delta0.5,XXZ (Delta=0.5),10,1,baseline,Baseline (HEA),30,3,sum,5.1178190699333355,3.9017083287830214,4.218966360249849,0.20191306394088568,18.57163721321227,30,30,0,,0.46427149211117164
xxz_delta0.5,XXZ (Delta=0.5),10,1,baseline,Baseline (HEA),31,3,sum,4.207569735112831,3.3790342949025365,3.204390662723479,0.3446036524016053,10.755117024916427,30,30,0,,0.3786796666940709
xxz_delta0.5,XXZ (Delta=0.5),10,1,baseline,Baseline (HEA),32,3,sum,5.0772384798010615,4.788022378081643,2.917105839067441,0.22208813923690984,13.022980482472544,30,30,0,,0.5407671158264807
xxz_delta0.5,XXZ (Delta=0.5),10,1,baseline,Baseline (HEA),33,3,sum,3.671360562003214,2.840692673193148,3.1589877262316683,0.09575156541340994,13.167841738620007,30,30,0,,0.34835425162870465
xxz_delta0.5,XXZ (Delta=0.5),10,1,baseline,Baseline (HEA),34,3,sum,4.341337683322797,3.687920831457239,3.140691316095842,0.22655239523728063,11.407304962366515,30,30,0,,0.4181237979580836
xxz_delta0.5,XXZ (Delta=0.5),10,1,baseline,Baseline (HEA),35,3,sum,4.526663368540181,3.0857869936054065,3.5711928371734163,0.2504809689604765,14.58233746133943,30,30,0,,0.43078095336136274
xxz_delta0.5,XXZ (Delta=0.5),10,1,baseline,Baseline (HEA),36,3,sum,4.316050651892757,4.082645282109274,2.609286310221793,0.6855120838925034,11.237479273012408,30,30,0,,0.4122679241601996
xxz_delta0.5,XXZ (Delta=0.5),10,1,baseline,Baseline (HEA),37,3,sum,4.582490527205211,3.4689989971828643,3.579464363314744,0.4227236630926476,18.418938729172723,30,30,0,,0.4083188830591572
xxz_delta0.5,XXZ (Delta=0.5),10,1,baseline,Baseline (HEA),38,3,sum,4.310488663545879,3.5899127575007643,4.092991084793328,0.0050923674648944645,16.87719039043326,30,30,0,,0.42727569932324433
xxz_delta0.5,XXZ (Delta=0.5),10,1,baseline,Baseline (HEA),39,3,sum,4.876728720263753,4.184377611133007,3.508291421458715,0.007344602169320746,13.409969199530133,30,30,0,,0.4036227841090931
xxz_delta0.5,XXZ (Delta=0.5),10,1,baseline,Baseline (HEA),40,3,sum,5.233160997510158,4.523181742221283,3.87272758109087,0.34352850325843237,16.22837293009159,30,30,0,,0.4772150342140602
xxz_delta0.5,XXZ (Delta=0.5),10,1,baseline,Baseline (HEA),41,3,sum,5.978720316862944,4.9191491414967,4.308006411421618,0.5535062108829333,18.28946799279093,30,30,0,,0.5598092976252473
xxz_delta0.5,XXZ (Delta=0.5),10,1,baseline,Baseline (HEA),42,3,sum,4.151084664921714,3.2588048471467816,3.6282663219842557,0.0765167804823115,13.08647605582598,30,30,0,,0.3996353224631656
xxz_delta0.5,XXZ (Delta=0.5),10,1,baseline,Baseline (HEA),43,3,sum,4.045482359677873,3.508688092536359,4.017160856987051,0.12782332192031642,19.34025492500448,30,30,0,,0.3755251680206199
xxz_delta0.5,XXZ (Delta=0.5),10,1,baseline,Baseline (HEA),44,3,sum,4.840130397450479,5.093660783415321,3.4456787592996294,0.2682072136240369,13.989252065080366,30,30,0,,0.42338483596445986
xxz_delta0.5,XXZ (Delta=0.5),10,1,baseline,Baseline (HEA),45,3,sum,4.850420303061901,4.695298175625805,4.0016395896531725,0.0561518089302991,17.47199665644943,30,30,0,,0.4197220674083538
xxz_delta0.5,XXZ (Delta=0.5),10,1,baseline,Baseline (HEA),46,3,sum,3.6839980407818564,2.681810087861942,2.918793920286021,0.15906147140942692,13.2588991308545,30,30,0,,0.3368538964404221
xxz_delta0.5,XXZ (Delta=0.5),10,1,baseline,Baseline (HEA),47,3,sum,4.886082808104592,3.954469913372625,4.148622069137471,0.0845012609022176,17.090509878917715,30,30,0,,0.4763968222593145
xxz_delta0.5,XXZ (Delta=0.5),10,1,baseline,Baseline (HEA),48,3,sum,6.186318323275374,5.140160708995757,3.702195290898301,0.3011511233889452,13.729228800589947,30,30,0,,0.5708916205094728
xxz_delta0.5,XXZ (Delta=0.5),10,1,baseline,Baseline (HEA),49,3,sum,3.87233185212513,2.2202838406321117,4.084324618186939,0.13310719228722823,15.707030271400132,30,30,0,,0.3648466674243684
xxz_delta0.5,XXZ (Delta=0.5),10,2,entanglement_only,Constrained entanglement only,0,3,sum,6.292071860163542,4.0841936610916365,5.264366853413026,0.01638787014004994,21.733820936369376,30,30,0,,0.5895125338099444
xxz_delta0.5,XXZ (Delta=0.5),10,2,entanglement_only,Constrained entanglement only,1,3,sum,7.53723162404825,7.427411718836815,5.086775615894059,0.009287114773620844,18.576262094250538,30,30,0,,0.8638770804972377
xxz_delta0.5,XXZ (Delta=0.5),10,2,entanglement_only,Constrained entanglement only,2,3,sum,7.688010307494893,6.209424455302985,5.112244579913701,0.7675883198819579,18.99170500269205,30,30,0,,0.6447769262738545
xxz_delta0.5,XXZ (Delta=0.5),10,2,entanglement_only,Constrained entanglement only,3,3,sum,6.038602134583396,5.376316032449763,4.574717984352513,0.1613459113962941,22.492689015119115,30,30,0,,0.4754741651689871
xxz_delta0.5,XXZ (Delta=0.5),10,2,entanglement_only,Constrained entanglement only,4,3,sum,4.41304117493374,4.033189838631502,3.3690222105412206,0.7030767018649698,15.762882315561102,30,30,0,,0.3694208599569222
xxz_delta0.5,XXZ (Delta=0.5),10,2,entanglement_only,Constrained entanglement only,5,3,sum,6.538171810576829,5.810834397534293,4.336596519738471,0.14926666769400657,18.137949312473147,30,30,0,,0.5604316414761839
xxz_delta0.5,XXZ (Delta=0.5),10,2,entanglement_only,Constrained entanglement only,6,3,sum,6.749801681685472,5.956974813181631,4.617037055192123,0.6531938348281421,20.958460775067532,30,30,0,,0.6154281442001762
xxz_delta0.5,XXZ (Delta=0.5),10,2,entanglement_only,Constrained entanglement only,7,3,sum,6.4542531450454455,5.195221565984276,4.735429499841889,0.13311107481200932,18.3385409844933,30,30,0,,0.6259130809986334
xxz_delta0.5,XXZ (Delta=0.5),10,2,entanglement_only,Constrained entanglement only,8,3,sum,6.627509986218385,4.9021324750225,5.027023442858054,0.07838331640345143,16.907868598474394,30,30,0,,0.5441754248336769
xxz_delta0.5,XXZ (Delta=0.5),10,2,entanglement_only,Constrained entanglement only,9,3,sum,7.7117515049559655,5.701400509170594,6.639738979160846,0.5493421169876044,26.057025221372008,30,30,0,,0.7573347718131147
xxz_delta0.5,XXZ (Delta=0.5),10,2,entanglement_only,Constrained entanglement only,10,3,sum,8.163750313113157,8.105488616909675,6.170075394251744,0.08015263135792806,19.191111114226533,30,30,0,,0.7282173644438875
xxz_delta0.5,XXZ (Delta=0.5),10,2,entanglement_only,Constrained entanglement only,11,3,sum,7.97894809165533,5.984688439704533,6.278850387957752,1.2433660005636762,25.11823837408794,30,30,0,,0.7330650480104436
xxz_delta0.5,XXZ (Delta=0.5),10,2,entanglement_only,Constrained entanglement only,12,3,sum,7.492548475016425,7.004797109198288,4.192478079382164,0.02194249672341071,17.993951314508138,30,30,0,,0.6720578396035788
xxz_delta0.5,XXZ (Delta=0.5),10,2,entanglement_only,Constrained entanglement only,13,3,sum,7.755447765477729,4.214289665160512,7.827433269206075,0.051837292285587894,30.750832412989727,30,30,0,,0.745026644300817
xxz_delta0.5,XXZ (Delta=0.5),10,2,entanglement_only,Constrained entanglement only,14,3,sum,6.341671223828555,3.7378736069914753,5.171181559745435,0.283573850615219,17.57058466355774,30,30,0,,0.567284162101987
xxz_delta0.5,XXZ (Delta=0.5),10,2,entanglement_only,Constrained entanglement only,15,3,sum,8.243481375997284,8.112517759088258,5.224155741654649,0.11750430146052288,19.099710532642508,30,30,0,,0.7789080765587021
xxz_delta0.5,XXZ (Delta=0.5),10,2,entanglement_only,Constrained entanglement only,16,3,sum,6.575641508354815,4.677582735738069,5.321524488351429,0.3771531971659006,22.13706217689756,30,30,0,,0.569960955463859
xxz_delta0.5,XXZ (Delta=0.5),10,2,entanglement_only,Constrained entanglement only,17,3,sum,7.41110846730037,6.9111581482945414,5.150783633731692,0.1586106830081246,19.798531004974752,30,30,0,,0.7163332778759485
xxz_delta0.5,XXZ (Delta=0.5),10,2,entanglement_only,Constrained entanglement only,18,3,sum,6.425069688828256,4.420243764660979,5.961876053415337,0.8057101663900988,22.34476269160156,30,30,0,,0.5375120899333848
xxz_delta0.5,XXZ (Delta=0.5),10,2,entanglement_only,Constrained entanglement only,19,3,sum,6.884479608003348,6.191576247529015,5.144142025778078,0.03992134953027665,16.963775647711532,30,30,0,,0.589022833281732
xxz_delta0.5,XXZ (Delta=0.5),10,2,entanglement_only,Constrained entanglement only,20,3,sum,7.724265473386201,7.70037293714,5.012037268660264,0.21487660311377937,17.420799687888632,30,30,0,,0.7386551209283397
xxz_delta0.5,XXZ (Delta=0.5),10,2,entanglement_only,Constrained entanglement only,21,3,sum,7.965300765338196,7.699519431229287,5.097461920879046,0.8782449768895831,17.92910764416129,30,30,0,,0.7227479689167651
xxz_delta0.5,XXZ (Delta=0.5),10,2,entanglement_only,Constrained entanglement only,22,3,sum,5.5597696080613614,4.130795237239639,4.27449819539225,0.5593976108495087,16.234408339858167,30,30,0,,0.517323893671014
xxz_delta0.5,XXZ (Delta=0.5),10,2,entanglement_only,Constrained entanglement only,23,3,sum,9.234831746048512,9.460439427151147,4.117714555995605,0.6792172690922864,18.350004169179137,30,30,0,,0.7886979437448094
xxz_delta0.5,XXZ (Delta=0.5),10,2,entanglement_only,Constrained entanglement only,24,3,sum,7.997579808045828,5.952037427893249,6.934533448594069,0.9292441216194108,27.924301708311997,30,30,0,,0.6925407188195363
xxz_delta0.5,XXZ (Delta=0.5),10,2,entanglement_only,Constrained entanglement only,25,3,sum,5.003574833364452,3.967354610659113,4.847824384345046,0.17023527688271642,17.52331596558163,30,30,0,,0.44448818841329923
xxz_delta0.5,XXZ (Delta=0.5),10,2,entanglement_only,Constrained entanglement only,26,3,sum,7.652651004572723,5.4209976460997,7.284249875242213,0.32857085196515756,28.23711156955942,30,30,0,,0.7366632713745307
xxz_delta0.5,XXZ (Delta=0.5),10,2,entanglement_only,Constrained entanglement only,27,3,sum,7.071551179691705,4.053176610307329,6.3468914989481675,0.131475020261143,28.38857659248093,30,30,0,,0.7284769559054457
xxz_delta0.5,XXZ (Delta=0.5),10,2,entanglement_only,Constrained entanglement only,28,3,sum,6.883780925817468,6.628119139801056,5.095317739808949,0.16511446984400263,18.38682105959988,30,30,0,,0.6384324077937364
xxz_delta0.5,XXZ (Delta=0.5),10,2,entanglement_only,Constrained entanglement only,29,3,sum,7.743287922464207,5.0138073566497265,6.677103507510418,0.2762685837052299,24.666762671637198,30,30,0,,0.7630541470100592
xxz_delta0.5,XXZ (Delta=0.5),10,2,entanglement_only,Constrained entanglement only,30,3,sum,6.3761219036785945,5.5237424080476885,4.530262737075169,0.8704391581789379,16.68638472086997,30,30,0,,0.5023080835203362
xxz_delta0.5,XXZ (Delta=0.5),10,2,entanglement_only,Constrained entanglement only,31,3,sum,7.345510763689948,6.184805285025366,6.46767766290552,0.28725928985605664,27.858601800711643,30,30,0,,0.7087460858125656
xxz_delta0.5,XXZ (Delta=0.5),10,2,entanglement_only,Constrained entanglement only,32,3,sum,6.454796309797464,4.74627696796314,6.477069776843295,0.3290064427301013,28.281752820958726,30,30,0,,0.5684946009794024
xxz_delta0.5,XXZ (Delta=0.5),10,2,entanglement_only,Constrained entanglement only,33,3,sum,5.641653564609334,3.4214405037952433,5.003859349024988,0.2912986513200389,18.299503626924967,30,30,0,,0.46782373336917576
xxz_delta0.5,XXZ (Delta=0.5),10,2,entanglement_only,Constrained entanglement only,34,3,sum,7.27770415903955,6.24386770875577,5.073874220993178,0.3287358115823269,17.528020980088982,30,30,0,,0.685523094478272
xxz_delta0.5,XXZ (Delta=0.5),10,2,entanglement_only,Constrained entanglement only,35,3,sum,6.443199721711005,4.635509354782942,6.000177311377814,0.0863053221372835,25.529665155345985,30,30,0,,0.6275212798124634
xxz_delta0.5,XXZ (Delta=0.5),10,2,entanglement_only,Constrained entanglement only,36,3,sum,4.770564392332157,2.596064556742162,5.325767758629277,0.15210086499220196,24.29373515528422,30,30,0,,0.4388000902324701
xxz_delta0.5,XXZ (Delta=0.5),10,2,entanglement_only,Constrained entanglement only,37,3,sum,4.353291274702331,2.6480349625560025,4.681912599381147,0.012969989471354465,19.79337352603786,30,30,0,,0.3710715701247921
xxz_delta0.5,XXZ (Delta=0.5),10,2,entanglement_only,Constrained entanglement only,38,3,sum,5.713163527302839,5.035575244484502,3.6211466877629355,0.06834598778158697,13.49926947967608,30,30,0,,0.47347610833141657
xxz_delta0.5,XXZ (Delta=0.5),10,2,entanglement_only,Constrained entanglement only,39,3,sum,7.503526667691609,7.699196660594762,4.082743497154759,0.09195150336188385,14.2767421602288,30,30,0,,0.667493156556223
xxz_delta0.5,XXZ (Delta=0.5),10,2,entanglement_only,Constrained entanglement only,40,3,sum,8.25972369821758,7.820598465170974,6.168134172333234,0.48344366252920884,19.906546689255162,30,30,0,,0.8007710692457601
xxz_delta0.5,XXZ (Delta=0.5),10,2,entanglement_only,Constrained entanglement only,41,3,sum,7.090301158293962,5.885695882937021,5.02388618584344,0.5590122302192921,20.13697518060131,30,30,0,,0.6647704769846815
xxz_delta0.5,XXZ (Delta=0.5),10,2,entanglement_only,Constrained entanglement only,42,3,sum,5.88314652051178,5.390654973621916,3.940682761474508,0.988347693514195,17.20522771032372,30,30,0,,0.49596118450893084
xxz_delta0.5,XXZ (Delta=0.5),10,2,entanglement_only,Constrained entanglement only,43,3,sum,5.642622381306484,4.576690300379127,5.170056231145354,0.042393975282517066,21.733094174670438,30,30,0,,0.4881917291221757
xxz_delta0.5,XXZ (Delta=0.5),10,2,entanglement_only,Constrained entanglement only,44,3,sum,3.841213126851775,2.8258153933574612,2.7365396466165706,0.09257302323750494,8.614177835535367,30,30,0,,0.3216921572772812
xxz_delta0.5,XXZ (Delta=0.5),10,2,entanglement_only,Constrained entanglement only,45,3,sum,5.833696585410545,4.186106161064977,5.088616165242269,0.1645407843346355,24.284651751499723,30,30,0,,0.523914992306416
xxz_delta0.5,XXZ (Delta=0.5),10,2,entanglement_only,Constrained entanglement only,46,3,sum,8.505529665787638,7.492616597498934,6.862198980107272,0.4505799170178789,23.520170493978995,30,30,0,,0.7800211681852572
xxz_delta0.5,XXZ (Delta=0.5),10,2,entanglement_only,Constrained entanglement only,47,3,sum,7.827852375501067,5.9762544376122175,5.587409761251488,0.10266554926390223,17.115052357209507,30,30,0,,0.7664342999108448
xxz_delta0.5,XXZ (Delta=0.5),10,2,entanglement_only,Constrained entanglement only,48,3,sum,8.677130767002744,6.819049973319077,5.81260002326843,0.9579065499737529,19.94881895549614,30,30,0,,0.8901663931977122
xxz_delta0.5,XXZ (Delta=0.5),10,2,entanglement_only,Constrained entanglement only,49,3,sum,5.971340561853415,4.938537252061002,5.01928594483911,0.34665726244458817,18.61520874260218,30,30,0,,0.5598040267607154
xxz_delta0.5,XXZ (Delta=0.5),10,3,local_cost_only,Local cost function only,0,3,sum,2.8652113372839634,1.8662893089716302e-15,8.901845313368478,0.0,44.38629366053867,30,30,0,,0.05247045616259655
xxz_delta0.5,XXZ (Delta=0.5),10,3,local_cost_only,Local cost function only,1,3,sum,2.1440577162813153,2.331777625353548e-15,4.655045974153049,1.5545184169023653e-16,21.143484888393232,30,30,0,,0.0457917707240412
xxz_delta0.5,XXZ (Delta=0.5),10,3,local_cost_only,Local cost function only,2,3,sum,3.758803777072358,2.871112541845734e-15,9.718663820364757,0.0,36.68335767510971,30,30,0,,0.06864720826963416
xxz_delta0.5,XXZ (Delta=0.5),10,3,local_cost_only,Local cost function only,3,3,sum,6.114598644419701,1.8685807330619024e-15,19.234965746885035,0.0,93.62198905899564,30,30,0,,0.08062556045328503
xxz_delta0.5,XXZ (Delta=0.5),10,3,local_cost_only,Local cost function only,4,3,sum,2.0498499017962204,3.799887934550522e-15,5.688963950247631,0.0,28.519553809605476,30,30,0,,0.039488630122291736
xxz_delta0.5,XXZ (Delta=0.5),10,3,local_cost_only,Local cost function only,5,3,sum,6.646496073130598,1.305438618351416e-15,24.840714834500865,0.0,123.38196978599638,30,30,0,,0.06508713558926174
xxz_delta0.5,XXZ (Delta=0.5),10,3,local_cost_only,Local cost function only,6,3,sum,3.7691845791320797,6.3436354965866595e-15,7.360725188158109,0.0,27.23850745586888,30,30,0,,0.07362013270412267
xxz_delta0.5,XXZ (Delta=0.5),10,3,local_cost_only,Local cost function only,7,3,sum,6.075776730316407,1.8938744616435784e-15,15.7619990922055,0.0,78.09594476624673,30,30,0,,0.09589833899460341
xxz_delta0.5,XXZ (Delta=0.5),10,3,local_cost_only,Local cost function only,8,3,sum,3.8336140269587893,3.2589239708807934e-15,9.02798086245472,0.0,27.66857770303577,30,30,0,,0.07069323685672053
xxz_delta0.5,XXZ (Delta=0.5),10,3,local_cost_only,Local cost function only,9,3,sum,2.2266130243097333,1.111116446387128e-14,4.005366212801342,0.0,12.983310722346076,30,30,0,,0.043105717768550766
xxz_delta0.5,XXZ (Delta=0.5),10,3,local_cost_only,Local cost function only,10,3,sum,4.329078360868446,2.5979371858920765e-15,8.00054887967583,0.0,25.186818585573903,30,30,0,,0.08752989822152576
xxz_delta0.5,XXZ (Delta=0.5),10,3,local_cost_only,Local cost function only,11,3,sum,3.388428173444013,1.253757781084302e-15,10.574253531941476,0.0,46.738058862391206,30,30,0,,0.05827558407241776
xxz_delta0.5,XXZ (Delta=0.5),10,3,local_cost_only,Local cost function only,12,3,sum,2.975096670750822,4.241654651847436e-15,6.535278756437042,0.0,26.732383153712743,30,30,0,,0.053276207955477
xxz_delta0.5,XXZ (Delta=0.5),10,3,local_cost_only,Local cost function only,13,3,sum,6.346307209015197,1.2871610013338666e-15,13.367183856427648,0.0,50.07415201762791,30,30,0,,0.10926682530638931
xxz_delta0.5,XXZ (Delta=0.5),10,3,local_cost_only,Local cost function only,14,3,sum,4.08162928637655,1.7869021653841022e-15,7.926987916734219,0.0,30.650815370613092,30,30,0,,0.0815081718425485
xxz_delta0.5,XXZ (Delta=0.5),10,3,local_cost_only,Local cost function only,15,3,sum,3.765622844482373,2.8386302489273236e-15,7.654083885022338,0.0,30.257155718917506,30,30,0,,0.07428600274355084
xxz_delta0.5,XXZ (Delta=0.5),10,3,local_cost_only,Local cost function only,16,3,sum,2.5383958505240747,6.1443842672376125e-15,5.71296385751475,0.0,26.083927018592064,30,30,0,,0.048843528964420076
xxz_delta0.5,XXZ (Delta=0.5),10,3,local_cost_only,Local cost function only,17,3,sum,2.5481057415703323,1.2629873638902992e-15,6.270004476826862,0.0,26.76347728734468,30,30,0,,0.05198684284467631
xxz_delta0.5,XXZ (Delta=0.5),10,3,local_cost_only,Local cost function only,18,3,sum,4.6072535126851255,4.277297948868753e-15,9.806750957100405,0.0,43.11501354768906,30,30,0,,0.08735379578742615
xxz_delta0.5,XXZ (Delta=0.5),10,3,local_cost_only,Local cost function only,19,3,sum,2.6538158027958976,7.841714392937956e-15,6.370374598551353,0.0,30.79313828821053,30,30,0,,0.05179626552741845
xxz_delta0.5,XXZ (Delta=0.5),10,3,local_cost_only,Local cost function only,20,3,sum,1.5541122170352966,9.348453862848436e-15,3.690898540091935,0.0,15.846691947105125,30,30,0,,0.029880732445789784
xxz_delta0.5,XXZ (Delta=0.5),10,3,local_cost_only,Local cost function only,21,3,sum,3.481262433709013,2.7317669302712147e-15,7.13776685554076,0.0,25.072735995190808,30,30,0,,0.06998233993729362
xxz_delta0.5,XXZ (Delta=0.5),10,3,local_cost_only,Local cost function only,22,3,sum,1.4823304408256346,6.779679557857436e-15,4.321047026969591,0.0,23.27565411931031,30,30,0,,0.028954764687039815
xxz_delta0.5,XXZ (Delta=0.5),10,3,local_cost_only,Local cost function only,23,3,sum,2.601158573952183,3.634654969113073e-15,5.198644617138856,0.0,17.871856108018942,30,30,0,,0.05181292818569164
xxz_delta0.5,XXZ (Delta=0.5),10,3,local_cost_only,Local cost function only,24,3,sum,3.799178652180181,1.4072477448245528e-15,8.40143192370233,0.0,35.222801102712396,30,30,0,,0.07464917311054839
xxz_delta0.5,XXZ (Delta=0.5),10,3,local_cost_only,Local cost function only,25,3,sum,4.0116494060962165,1.3013435781249846e-15,7.560824412393235,0.0,27.966665209297116,30,30,0,,0.081357340122862
xxz_delta0.5,XXZ (Delta=0.5),10,3,local_cost_only,Local cost function only,26,3,sum,5.516677288997676,1.2442399336726343e-15,12.520306466077743,0.0,44.4155105406966,30,30,0,,0.0964993120795528
xxz_delta0.5,XXZ (Delta=0.5),10,3,local_cost_only,Local cost function only,27,3,sum,4.83668157506652,2.0643532979141404e-15,13.025242759115317,0.0,66.67142005396681,30,30,0,,0.0780264315749784
xxz_delta0.5,XXZ (Delta=0.5),10,3,local_cost_only,Local cost function only,28,3,sum,4.7492299095056465,2.790645061217158e-15,15.093120881943403,0.0,71.20993073797335,30,30,0,,0.06924670953109603
xxz_delta0.5,XXZ (Delta=0.5),10,3,local_cost_only,Local cost function only,29,3,sum,4.897689791745871,1.4752736304486283e-15,11.33137088786299,0.0,40.08925776210504,30,30,0,,0.08909930639654963
xxz_delta0.5,XXZ (Delta=0.5),10,3,local_cost_only,Local cost function only,30,3,sum,3.3189056343278,3.1949467857163478e-15,6.50129042022662,0.0,25.006699319674233,30,30,0,,0.06618131972523073
xxz_delta0.5,XXZ (Delta=0.5),10,3,local_cost_only,Local cost function only,31,3,sum,3.171442926892055,6.945638502669748e-15,8.744182686388536,0.0,38.061955042433205,30,30,0,,0.059053818823273936
xxz_delta0.5,XXZ (Delta=0.5),10,3,local_cost_only,Local cost function only,32,3,sum,3.172438965210757,6.663699381632107e-15,8.378593464842286,0.0,34.4747112421765,30,30,0,,0.05867945865736043
xxz_delta0.5,XXZ (Delta=0.5),10,3,local_cost_only,Local cost function only,33,3,sum,3.491039447778657,2.6381054016567276e-15,9.024800588078353,1.5518267068568986e-16,46.38527356721804,30,30,0,,0.0658541297268698
xxz_delta0.5,XXZ (Delta=0.5),10,3,local_cost_only,Local cost function only,34,3,sum,5.502562046145527,1.9218505061084905e-15,15.311765793265497,0.0,69.82118409055231,30,30,0,,0.08444339168883115
xxz_delta0.5,XXZ (Delta=0.5),10,3,local_cost_only,Local cost function only,35,3,sum,2.941473181470051,1.0922639222754076e-15,7.684910662937291,0.0,38.961613635997765,30,30,0,,0.05736664008382491
xxz_delta0.5,XXZ (Delta=0.5),10,3,local_cost_only,Local cost function only,36,3,sum,4.031087820671883,1.600946027771171e-15,8.591876474280676,0.0,35.68664966007236,30,30,0,,0.07779210549487793
xxz_delta0.5,XXZ (Delta=0.5),10,3,local_cost_only,Local cost function only,37,3,sum,4.289497169778152,5.8395204030460095e-15,11.05061897956563,0.0,44.89244301896859,30,30,0,,0.07099392673270992
xxz_delta0.5,XXZ (Delta=0.5),10,3,local_cost_only,Local cost function only,38,3,sum,3.747486116033452,3.2823305697103773e-15,7.725699864735018,0.0,29.349957909697977,30,30,0,,0.07550757039437284
xxz_delta0.5,XXZ (Delta=0.5),10,3,local_cost_only,Local cost function only,39,3,sum,3.1478076349911412,3.182868489902613e-15,6.732270032487341,0.0,25.250286393128253,30,30,0,,0.06205371718042601
xxz_delta0.5,XXZ (Delta=0.5),10,3,local_cost_only,Local cost function only,40,3,sum,3.8318894098352816,1.2742229839788273e-15,7.121536709846421,0.0,21.795676609072327,30,30,0,,0.07816537790112932
xxz_delta0.5,XXZ (Delta=0.5),10,3,local_cost_only,Local cost function only,41,3,sum,4.076135982222307,3.2548378090461183e-15,10.285860600997681,0.0,47.65362767186624,30,30,0,,0.07261790674012682
xxz_delta0.5,XXZ (Delta=0.5),10,3,local_cost_only,Local cost function only,42,3,sum,2.718259906385597,4.340695738487165e-15,6.6324282960365455,0.0,29.162840289828278,30,30,0,,0.05169459020247143
xxz_delta0.5,XXZ (Delta=0.5),10,3,local_cost_only,Local cost function only,43,3,sum,5.468494905655863,4.181804142783497e-15,15.737855785986197,0.0,70.37264493620623,30,30,0,,0.07855663582972669
xxz_delta0.5,XXZ (Delta=0.5),10,3,local_cost_only,Local cost function only,44,3,sum,4.028811472126621,1.8797088416151644e-15,8.812821513687297,0.0,37.8830837308999,30,30,0,,0.07861294776987847
xxz_delta0.5,XXZ (Delta=0.5),10,3,local_cost_only,Local cost function only,45,3,sum,5.269332091171988,4.778613508192573e-15,10.43411118220454,0.0,35.42048393643491,30,30,0,,0.09760640298876457
xxz_delta0.5,XXZ (Delta=0.5),10,3,local_cost_only,Local cost function only,46,3,sum,2.774090991352121,1.9401554898159986e-15,7.092697080683798,0.0,32.56944460271702,30,30,0,,0.054841503502899076
xxz_delta0.5,XXZ (Delta=0.5),10,3,local_cost_only,Local cost function only,47,3,sum,4.40342963059692,1.2524371975133945e-15,16.530437397132918,0.0,91.0265550907563,30,30,0,,0.05905299001575648
xxz_delta0.5,XXZ (Delta=0.5),10,3,local_cost_only,Local cost function only,48,3,sum,3.8165200560250385,6.188671081337578e-15,8.709740716871742,0.0,34.36350019421393,30,30,0,,0.07287023981735613
xxz_delta0.5,XXZ (Delta=0.5),10,3,local_cost_only,Local cost function only,49,3,sum,1.5645968372369843,1.2265715895984374e-14,3.003750122660217,0.0,11.406161843781733,30,30,0,,0.028585868773449687
xxz_delta0.5,XXZ (Delta=0.5),10,4,residual_only,Residual connections only,0,3,sum,3.9464992378788413,3.020125844460507,4.369569833582457,0.018808126739067104,22.168865482029524,33,32,1,alpha_0,1.0127863719042338
xxz_delta0.5,XXZ (Delta=0.5),10,4,residual_only,Residual connections only,1,3,sum,3.6638789114496237,1.3148024400112295,8.140681616760077,0.0368636449548671,37.521737321004466,33,32,1,alpha_0,1.0776894979070402
xxz_delta0.5,XXZ (Delta=0.5),10,4,residual_only,Residual connections only,2,3,sum,1.8926872665129404,0.7817606339564078,2.9051205794390382,0.03551742231411256,11.885448767857161,33,32,1,alpha_0,1.079465839692959
xxz_delta0.5,XXZ (Delta=0.5),10,4,residual_only,Residual connections only,3,3,sum,2.687665374362273,1.7086279972311853,3.164887458130664,0.17811658473980763,12.605962457182468,33,32,1,alpha_0,0.9354680452894628
xxz_delta0.5,XXZ (Delta=0.5),10,4,residual_only,Residual connections only,4,3,sum,4.488078865100437,2.0988726702440617,6.083908993301929,0.05215057795416963,23.503359124691602,33,32,1,alpha_0,1.818589461576643
xxz_delta0.5,XXZ (Delta=0.5),10,4,residual_only,Residual connections only,5,3,sum,3.215133109118543,2.332834379992046,3.715096342020976,0.014929019307404671,16.815655504788577,33,32,1,alpha_0,1.0224717756222614
xxz_delta0.5,XXZ (Delta=0.5),10,4,residual_only,Residual connections only,6,3,sum,3.436086152869496,2.9077780709995062,2.8017481379709976,0.013731357509993556,11.168262043790314,33,32,1,alpha_0,1.0538338340465456
xxz_delta0.5,XXZ (Delta=0.5),10,4,residual_only,Residual connections only,7,3,sum,4.253305130161843,2.8488711052558378,3.5390296863542816,0.0850641954772333,14.241055858167119,33,32,1,alpha_0,0.8785881675165663
xxz_delta0.5,XXZ (Delta=0.5),10,4,residual_only,Residual connections only,8,3,sum,4.867277750208721,3.225563176137473,5.273269484444259,0.024520110443465182,24.51714696599487,33,32,1,alpha_0,0.9247117996748987
xxz_delta0.5,XXZ (Delta=0.5),10,4,residual_only,Residual connections only,9,3,sum,2.6582216832189625,1.5401474450433654,2.7009288997785545,0.16816447536144866,10.506610934180868,33,32,1,alpha_0,1.1232279396689426
xxz_delta0.5,XXZ (Delta=0.5),10,4,residual_only,Residual connections only,10,3,sum,3.0295395061390145,1.2601688179665405,5.82417787027473,0.0697866019687026,24.88005536396515,33,32,1,alpha_0,1.3164353092180927
xxz_delta0.5,XXZ (Delta=0.5),10,4,residual_only,Residual connections only,11,3,sum,6.594944136786834,3.4363682894423913,7.120144436049566,0.5128426912989746,28.41456654977069,33,32,1,alpha_0,1.2004502256436613
xxz_delta0.5,XXZ (Delta=0.5),10,4,residual_only,Residual connections only,12,3,sum,2.925170615860585,1.754879084199665,5.455170368266394,0.035184571696741225,31.518021194069444,33,32,1,alpha_0,1.466270331559243
xxz_delta0.5,XXZ (Delta=0.5),10,4,residual_only,Residual connections only,13,3,sum,4.0079384896578265,1.3060115502943865,6.172987025731256,0.03767447937815193,24.10069241902398,33,32,1,alpha_0,1.5455106189006813
xxz_delta0.5,XXZ (Delta=0.5),10,4,residual_only,Residual connections only,14,3,sum,3.28453904333308,1.2273505769260924,5.14890443118253,0.024202720900334006,21.95475905172122,33,32,1,alpha_0,1.7274603229131826
xxz_delta0.5,XXZ (Delta=0.5),10,4,residual_only,Residual connections only,15,3,sum,2.424550297402947,1.4673690831338508,3.6455582245424285,0.061239769609532466,18.770628487790795,33,32,1,alpha_0,0.9187312016370599
xxz_delta0.5,XXZ (Delta=0.5),10,4,residual_only,Residual connections only,16,3,sum,3.606180937611839,2.000532679600151,3.9537824540454136,0.06671652226163796,14.37113854377554,33,32,1,alpha_0,1.607932047581966
xxz_delta0.5,XXZ (Delta=0.5),10,4,residual_only,Residual connections only,17,3,sum,2.3858223636314064,1.1561987315657212,3.007315449266862,0.012524264142056627,11.131474867424581,33,32,1,alpha_0,1.2226846942469232
xxz_delta0.5,XXZ (Delta=0.5),10,4,residual_only,Residual connections only,18,3,sum,2.1615478318028574,1.8728666885743723,1.9099729319174616,0.09152898964632235,7.543965932722915,33,32,1,alpha_0,1.036894401239974
xxz_delta0.5,XXZ (Delta=0.5),10,4,residual_only,Residual connections only,19,3,sum,4.637272974304377,3.5727438788600563,4.4951644313513075,0.07450710118389552,17.575181089280427,33,32,1,alpha_0,0.8144263863671298
xxz_delta0.5,XXZ (Delta=0.5),10,4,residual_only,Residual connections only,20,3,sum,3.8092656875482858,2.204899109527486,5.000069927111344,0.08537312022575269,27.793571477761986,33,32,1,alpha_0,1.069510371915136
xxz_delta0.5,XXZ (Delta=0.5),10,4,residual_only,Residual connections only,21,3,sum,4.561018321044328,2.2111802914620644,5.888026696395382,0.049544814315225116,22.939727435081053,33,32,1,alpha_0,1.664009577820395
xxz_delta0.5,XXZ (Delta=0.5),10,4,residual_only,Residual connections only,22,3,sum,4.636442329641522,2.642781966025111,5.891329525027351,0.0908555973105141,29.710838601457,33,32,1,alpha_0,1.1813374657550966
xxz_delta0.5,XXZ (Delta=0.5),10,4,residual_only,Residual connections only,23,3,sum,1.914691374789812,1.1160942326460428,2.4836042151740894,0.0651130705900209,12.249097273608003,33,32,1,alpha_0,1.1577201441056797
xxz_delta0.5,XXZ (Delta=0.5),10,4,residual_only,Residual connections only,24,3,sum,2.6735846813770077,2.1683708058469113,2.0381496040638876,0.16581939435682655,8.782587231827565,33,32,1,alpha_0,1.0140481297919726
xxz_delta0.5,XXZ (Delta=0.5),10,4,residual_only,Residual connections only,25,3,sum,3.1611729701094924,1.476324037590003,4.042699100628789,0.05304177001307425,15.75095020544737,33,32,1,alpha_0,1.457939055562038
xxz_delta0.5,XXZ (Delta=0.5),10,4,residual_only,Residual connections only,26,3,sum,3.160897622440866,2.4657278162342764,3.982644236580363,0.10521777346878729,21.495901318525096,33,32,1,alpha_0,0.8415917344660072
xxz_delta0.5,XXZ (Delta=0.5),10,4,residual_only,Residual connections only,27,3,sum,3.2895653527950914,2.3390331227359997,3.8783850602010683,0.3683120156980408,20.58044587017603,33,32,1,alpha_0,1.622937724410522
xxz_delta0.5,XXZ (Delta=0.5),10,4,residual_only,Residual connections only,28,3,sum,3.094587882498053,0.5903771594290601,5.8187792723409615,0.004651482182290253,22.3354647867872,33,32,1,alpha_0,1.224079771561426
xxz_delta0.5,XXZ (Delta=0.5),10,4,residual_only,Residual connections only,29,3,sum,3.571324710685649,1.4166357682811441,6.010935913120772,0.12683941915737884,26.811749855891165,33,32,1,alpha_0,1.5471476112427296
xxz_delta0.5,XXZ (Delta=0.5),10,4,residual_only,Residual connections only,30,3,sum,2.686442051859843,1.946751094988974,2.8092995667461236,0.005896455881203434,10.966414531710779,33,32,1,alpha_0,0.9737276599534571
xxz_delta0.5,XXZ (Delta=0.5),10,4,residual_only,Residual connections only,31,3,sum,3.807531357748092,2.6213196955072826,4.190602808383283,0.09356055176304116,15.579850163070521,33,32,1,alpha_0,1.3137697255226608
xxz_delta0.5,XXZ (Delta=0.5),10,4,residual_only,Residual connections only,32,3,sum,2.7618526211716983,2.032671370739293,2.226701416892182,0.08388815405074862,10.37770552651996,33,32,1,alpha_0,0.9736697306187195
xxz_delta0.5,XXZ (Delta=0.5),10,4,residual_only,Residual connections only,33,3,sum,2.3282870477452384,0.9470418474950176,3.414653742489083,0.10104706082438054,16.833089796229352,33,32,1,alpha_0,1.040443152937505
xxz_delta0.5,XXZ (Delta=0.5),10,4,residual_only,Residual connections only,34,3,sum,3.9329756865504133,2.495804172469697,4.353788094935966,0.07475603828477413,18.75219373071621,33,32,1,alpha_0,1.3017453455630412
xxz_delta0.5,XXZ (Delta=0.5),10,4,residual_only,Residual connections only,35,3,sum,2.898687179160473,0.7543127425821652,4.5317608180210724,0.11999615270411325,18.57264845663502,33,32,1,alpha_0,1.2021470573162447
xxz_delta0.5,XXZ (Delta=0.5),10,4,residual_only,Residual connections only,36,3,sum,2.2888326505191863,1.3201535607339667,2.8288831403028514,0.22630273534622686,15.905511886271572,33,32,1,alpha_0,0.98934384592465
xxz_delta0.5,XXZ (Delta=0.5),10,4,residual_only,Residual connections only,37,3,sum,2.462931139533562,1.2265798766971836,3.093476459546454,0.08840703251611351,13.149956231331647,33,32,1,alpha_0,1.1176187994499738
xxz_delta0.5,XXZ (Delta=0.5),10,4,residual_only,Residual connections only,38,3,sum,4.029041376517533,3.058869312372856,3.7231604500241477,0.0030583437370130303,17.05842519541476,33,32,1,alpha_0,0.879747723858739
xxz_delta0.5,XXZ (Delta=0.5),10,4,residual_only,Residual connections only,39,3,sum,2.915229959841911,2.144878875758165,2.8477224861937787,0.07815966831663139,14.19859536924059,33,32,1,alpha_0,0.828544473988142
xxz_delta0.5,XXZ (Delta=0.5),10,4,residual_only,Residual connections only,40,3,sum,2.0176979827519466,1.4912291234285915,1.6459926463251504,0.05107276809879354,6.525750249901285,33,32,1,alpha_0,0.8079279230172791
xxz_delta0.5,XXZ (Delta=0.5),10,4,residual_only,Residual connections only,41,3,sum,2.138915707231048,1.271235850629624,2.453266438745535,0.14111541654317053,12.500211095757843,33,32,1,alpha_0,0.943855569161073
xxz_delta0.5,XXZ (Delta=0.5),10,4,residual_only,Residual connections only,42,3,sum,1.2639165510245431,0.8273441167237172,1.2165683470882738,0.00709294129500541,5.573053041859665,33,32,1,alpha_0,0.8046555302283214
xxz_delta0.5,XXZ (Delta=0.5),10,4,residual_only,Residual connections only,43,3,sum,3.0483186223050454,1.3247828368403525,6.150436289712345,0.12737071038754327,32.49803682836477,33,32,1,alpha_0,0.9402043940771744
xxz_delta0.5,XXZ (Delta=0.5),10,4,residual_only,Residual connections only,44,3,sum,3.6916408589728222,2.1305729409403504,3.7468415785457627,0.10359190709013696,13.309016904694463,33,32,1,alpha_0,1.3610646390105086
xxz_delta0.5,XXZ (Delta=0.5),10,4,residual_only,Residual connections only,45,3,sum,4.52639400768995,1.730461961055715,6.267022277628158,0.30486632236214056,27.28646521873998,33,32,1,alpha_0,1.488733424483609
xxz_delta0.5,XXZ (Delta=0.5),10,4,residual_only,Residual connections only,46,3,sum,2.752950947009983,1.0983104487561217,4.365986282238461,0.021281184785747576,19.206107275317876,33,32,1,alpha_0,1.31799410486401
xxz_delta0.5,XXZ (Delta=0.5),10,4,residual_only,Residual connections only,47,3,sum,2.8759912251928768,1.9373306910072134,2.6854832330227842,0.07035865748521523,9.73512040194241,33,32,1,alpha_0,0.9302924199324121
xxz_delta0.5,XXZ (Delta=0.5),10,4,residual_only,Residual connections only,48,3,sum,4.241409737890873,2.575768967091821,4.375329446180195,0.4872085936953564,19.12020680844163,33,32,1,alpha_0,1.1276344226763397
xxz_delta0.5,XXZ (Delta=0.5),10,4,residual_only,Residual connections only,49,3,sum,2.468338236821049,1.3866105274005744,2.4658006941157242,0.08441536110065492,8.394437969906207,33,32,1,alpha_0,0.8491038382385394
xxz_delta0.5,XXZ (Delta=0.5),10,5,entanglement_local,Entanglement + local cost,0,3,sum,4.140140695433562,3.00093340573087e-15,9.491291739846142,0.0,40.640326379219644,30,30,0,,0.07830730860241332
xxz_delta0.5,XXZ (Delta=0.5),10,5,entanglement_local,Entanglement + local cost,1,3,sum,4.19937736191202,2.8678642305419913e-15,11.093298701121011,0.0,53.69681536906238,30,30,0,,0.07427140346868558
xxz_delta0.5,XXZ (Delta=0.5),10,5,entanglement_local,Entanglement + local cost,2,3,sum,2.4075338287703945,3.984302214583364e-15,6.365127583054517,0.0,28.99864211131117,30,30,0,,0.044766770405366065
xxz_delta0.5,XXZ (Delta=0.5),10,5,entanglement_local,Entanglement + local cost,3,3,sum,11.307655563850648,1.5567833408253917e-15,44.32393115090332,0.0,239.67771821242815,30,30,0,,0.08155363428830818
xxz_delta0.5,XXZ (Delta=0.5),10,5,entanglement_local,Entanglement + local cost,4,3,sum,1.8627885873324552,9.87397396138041e-15,4.608688013385354,0.0,17.115890652195453,30,30,0,,0.0387501214368396
xxz_delta0.5,XXZ (Delta=0.5),10,5,entanglement_local,Entanglement + local cost,5,3,sum,4.8264770406716915,2.3436321186952633e-15,21.076985009924375,0.0,117.3415337903149,30,30,0,,0.05103352161784592
xxz_delta0.5,XXZ (Delta=0.5),10,5,entanglement_local,Entanglement + local cost,6,3,sum,2.931433386136389,6.885930902514996e-15,8.880616401617644,0.0,44.741031185461296,30,30,0,,0.05289234536379806
xxz_delta0.5,XXZ (Delta=0.5),10,5,entanglement_local,Entanglement + local cost,7,3,sum,3.122164989816423,2.768273957608231e-15,7.1758716627245605,0.0,28.659773744788616,30,30,0,,0.06139893272700007
xxz_delta0.5,XXZ (Delta=0.5),10,5,entanglement_local,Entanglement + local cost,8,3,sum,3.836737480544402,2.5417275048499958e-15,8.628691577103018,6.354318762124989e-16,36.47299491968081,30,30,0,,0.07545270200151204
xxz_delta0.5,XXZ (Delta=0.5),10,5,entanglement_local,Entanglement + local cost,9,3,sum,5.426401053644554,2.6524351330692742e-15,12.09182709354603,0.0,40.22683517744076,30,30,0,,0.09740335827271007
xxz_delta0.5,XXZ (Delta=0.5),10,5,entanglement_local,Entanglement + local cost,10,3,sum,2.6801368683409397,6.7109055336568216e-15,7.897947774481252,0.0,42.21533883046373,30,30,0,,0.04763375590039827
xxz_delta0.5,XXZ (Delta=0.5),10,5,entanglement_local,Entanglement + local cost,11,3,sum,4.126561628162806,1.5724848409652957e-15,11.737966687256149,0.0,47.63556702165326,30,30,0,,0.07052481466349494
xxz_delta0.5,XXZ (Delta=0.5),10,5,entanglement_local,Entanglement + local cost,12,3,sum,5.018832887666522,1.474234573049384e-15,20.90668356774008,0.0,115.91966501275958,30,30,0,,0.05584456449391329
xxz_delta0.5,XXZ (Delta=0.5),10,5,entanglement_local,Entanglement + local cost,13,3,sum,4.77756973783153,2.6206913202639786e-15,10.123245442665215,0.0,36.37829988926715,30,30,0,,0.09153814530252921
xxz_delta0.5,XXZ (Delta=0.5),10,5,entanglement_local,Entanglement + local cost,14,3,sum,3.0167456289396077,2.9345217341085133e-15,6.250384108241329,0.0,19.158808417779753,30,30,0,,0.059796972113303475
xxz_delta0.5,XXZ (Delta=0.5),10,5,entanglement_local,Entanglement + local cost,15,3,sum,2.6983061999051183,5.210407622021728e-15,5.667562989861513,0.0,23.493404914078763,30,30,0,,0.04958204625082171
xxz_delta0.5,XXZ (Delta=0.5),10,5,entanglement_local,Entanglement + local cost,16,3,sum,2.876188369078602,6.075910348147263e-15,6.076228109422575,0.0,18.86067797013538,30,30,0,,0.05932148279219455
xxz_delta0.5,XXZ (Delta=0.5),10,5,entanglement_local,Entanglement + local cost,17,3,sum,5.252530626580834,2.7242938331768482e-15,13.421199822922832,0.0,56.46694204890963,30,30,0,,0.08518983268404995
xxz_delta0.5,XXZ (Delta=0.5),10,5,entanglement_local,Entanglement + local cost,18,3,sum,3.144039482138097,6.655284724391208e-15,9.691041873349732,0.0,48.217121706607195,30,30,0,,0.05486671663060703
xxz_delta0.5,XXZ (Delta=0.5),10,5,entanglement_local,Entanglement + local cost,19,3,sum,1.8232736542623116,3.974666476672947e-15,4.840770350636543,0.0,22.099657037289923,30,30,0,,0.036720100822581106
xxz_delta0.5,XXZ (Delta=0.5),10,5,entanglement_local,Entanglement + local cost,20,3,sum,2.5054552890461634,1.2878545021326896e-15,8.174670787510754,0.0,35.80311273359957,30,30,0,,0.046135493323281186
xxz_delta0.5,XXZ (Delta=0.5),10,5,entanglement_local,Entanglement + local cost,21,3,sum,3.651192861643767,2.4916721634362045e-15,7.865549974535884,0.0,26.625260490360922,30,30,0,,0.07291920142474237
xxz_delta0.5,XXZ (Delta=0.5),10,5,entanglement_local,Entanglement + local cost,22,3,sum,3.0678260221909954,6.293886600066296e-15,7.868701514392749,0.0,34.793086651597264,30,30,0,,0.05884004642762661
xxz_delta0.5,XXZ (Delta=0.5),10,5,entanglement_local,Entanglement + local cost,23,3,sum,4.760301252003598,1.5567498785559745e-15,10.708183211871624,0.0,40.00430500349459,30,30,0,,0.08821825689692615
xxz_delta0.5,XXZ (Delta=0.5),10,5,entanglement_local,Entanglement + local cost,24,3,sum,2.195229452203799,3.178243608388288e-15,5.963707947038651,0.0,29.62605365166982,30,30,0,,0.04255557718624877
xxz_delta0.5,XXZ (Delta=0.5),10,5,entanglement_local,Entanglement + local cost,25,3,sum,3.181211415766309,2.560173631465355e-15,6.793678338066595,0.0,25.98918383796948,30,30,0,,0.0650458224950386
xxz_delta0.5,XXZ (Delta=0.5),10,5,entanglement_local,Entanglement + local cost,26,3,sum,6.293554554425254,2.84727025961751e-15,15.760988514600449,0.0,55.13779909777014,30,30,0,,0.09279275886983976
xxz_delta0.5,XXZ (Delta=0.5),10,5,entanglement_local,Entanglement + local cost,27,3,sum,3.2698555661936877,6.689170316568798e-15,6.581434325306965,0.0,20.520664540745337,30,30,0,,0.06068195095069139
xxz_delta0.5,XXZ (Delta=0.5),10,5,entanglement_local,Entanglement + local cost,28,3,sum,3.9523051847060438,1.2527384820480259e-15,8.165680423243908,0.0,27.538878172796128,30,30,0,,0.07869442761216043
xxz_delta0.5,XXZ (Delta=0.5),10,5,entanglement_local,Entanglement + local cost,29,3,sum,4.679657585375302,3.239576082027242e-15,10.93709512946014,0.0,36.3025618851042,30,30,0,,0.08433797907456271
xxz_delta0.5,XXZ (Delta=0.5),10,5,entanglement_local,Entanglement + local cost,30,3,sum,3.4788531711273203,2.871886768101988e-15,10.20525778465919,0.0,52.378965627683655,30,30,0,,0.0616119074309993
xxz_delta0.5,XXZ (Delta=0.5),10,5,entanglement_local,Entanglement + local cost,31,3,sum,2.4431369086206205,7.675032889536378e-15,6.345801492777146,0.0,27.064580976103276,30,30,0,,0.04921405564625273
xxz_delta0.5,XXZ (Delta=0.5),10,5,entanglement_local,Entanglement + local cost,32,3,sum,4.0296179969782795,2.57325092046527e-15,8.494430203933165,0.0,33.59616783954349,30,30,0,,0.07913141423552424
xxz_delta0.5,XXZ (Delta=0.5),10,5,entanglement_local,Entanglement + local cost,33,3,sum,1.5270769798099322,9.507434080207718e-15,4.126529413798419,0.0,19.173588494791556,30,30,0,,0.029086151513964938
xxz_delta0.5,XXZ (Delta=0.5),10,5,entanglement_local,Entanglement + local cost,34,3,sum,4.4424589555423495,2.6318069998791e-15,16.009717041046294,0.0,88.14638393675982,30,30,0,,0.06102794738589186
xxz_delta0.5,XXZ (Delta=0.5),10,5,entanglement_local,Entanglement + local cost,35,3,sum,2.9682143660596267,1.1639158930538493e-15,6.518722660336054,7.759439287025662e-17,24.66917492797465,30,30,0,,0.06140252179641818
xxz_delta0.5,XXZ (Delta=0.5),10,5,entanglement_local,Entanglement + local cost,36,3,sum,4.104381663888871,1.9290953554076287e-15,8.576891942791187,0.0,35.15891262702629,30,30,0,,0.08063411165678931
xxz_delta0.5,XXZ (Delta=0.5),10,5,entanglement_local,Entanglement + local cost,37,3,sum,3.3720971320200186,3.3162346283596397e-15,8.495900284315098,0.0,29.420192137556825,30,30,0,,0.06190769330573196
xxz_delta0.5,XXZ (Delta=0.5),10,5,entanglement_local,Entanglement + local cost,38,3,sum,4.806950809216664,4.722358140498429e-15,11.303836568986927,0.0,39.07086980062275,30,30,0,,0.08556724406026159
xxz_delta0.5,XXZ (Delta=0.5),10,5,entanglement_local,Entanglement + local cost,39,3,sum,4.0532252197289,5.004834983364605e-15,9.215152835937703,0.0,35.701283489813235,30,30,0,,0.0783482724448523
xxz_delta0.5,XXZ (Delta=0.5),10,5,entanglement_local,Entanglement + local cost,40,3,sum,2.448220521645616,3.7319217958699225e-15,4.903521666130666,0.0,19.458659735985435,30,30,0,,0.046744606469471504
xxz_delta0.5,XXZ (Delta=0.5),10,5,entanglement_local,Entanglement + local cost,41,3,sum,11.766407564408883,2.5728598178051758e-15,34.08221388951687,0.0,130.83744865057042,30,30,0,,0.10123801174874221
xxz_delta0.5,XXZ (Delta=0.5),10,5,entanglement_local,Entanglement + local cost,42,3,sum,3.729057902538368,2.5808247665597815e-15,11.783338162896095,0.0,63.349291223498106,30,30,0,,0.06175741599374026
xxz_delta0.5,XXZ (Delta=0.5),10,5,entanglement_local,Entanglement + local cost,43,3,sum,6.1606852668833785,2.0980730794284644e-15,18.682405319567817,1.5541282069840477e-16,93.62805123235408,30,30,0,,0.08532939714042455
xxz_delta0.5,XXZ (Delta=0.5),10,5,entanglement_local,Entanglement + local cost,44,3,sum,3.8680359394373918,1.3739355059464187e-15,8.337305596904786,0.0,33.94939476470862,30,30,0,,0.07421540099630934
xxz_delta0.5,XXZ (Delta=0.5),10,5,entanglement_local,Entanglement + local cost,45,3,sum,5.701972592839123,1.7155444548192336e-15,12.904224597238619,0.0,47.92370463802295,30,30,0,,0.09928393646588499
xxz_delta0.5,XXZ (Delta=0.5),10,5,entanglement_local,Entanglement + local cost,46,3,sum,3.7278461059169037,2.016863641841134e-15,8.125398220300477,0.0,36.10221652385413,30,30,0,,0.07215471010505965
xxz_delta0.5,XXZ (Delta=0.5),10,5,entanglement_local,Entanglement + local cost,47,3,sum,1.7890921251090701,1.017144271098441e-14,4.75509467167589,0.0,20.242525515582432,30,30,0,,0.03059424565089653
xxz_delta0.5,XXZ (Delta=0.5),10,5,entanglement_local,Entanglement + local cost,48,3,sum,3.2963553460133572,1.5595812636738792e-15,11.776474992306829,0.0,64.92574651895795,30,30,0,,0.052321324905432044
xxz_delta0.5,XXZ (Delta=0.5),10,5,entanglement_local,Entanglement + local cost,49,3,sum,2.1177574163875503,3.1257841113389456e-15,5.9729665077119725,0.0,24.49454778214122,30,30,0,,0.04267013245049086
xxz_delta0.5,XXZ (Delta=0.5),10,6,entanglement_residual,Entanglement + residual,0,3,sum,6.1700216047252745,4.931772510527363,6.110091964401981,0.04549538429185005,30.01928034778691,33,32,1,alpha_0,1.2136573593061692
xxz_delta0.5,XXZ (Delta=0.5),10,6,entanglement_residual,Entanglement + residual,1,3,sum,7.035695904110948,4.30417808480885,7.812718412272495,0.003629582508653607,36.93923605738136,33,32,1,alpha_0,1.9829672654797241
xxz_delta0.5,XXZ (Delta=0.5),10,6,entanglement_residual,Entanglement + residual,2,3,sum,4.505919677847379,2.7351091283024416,4.667831036570872,0.15998023338423806,23.521044582156968,33,32,1,alpha_0,2.1829753509419882
xxz_delta0.5,XXZ (Delta=0.5),10,6,entanglement_residual,Entanglement + residual,3,3,sum,5.966570831319004,4.01939750249756,5.912835020419518,0.3361632939420206,25.829893720705762,33,32,1,alpha_0,1.6318490960220762
xxz_delta0.5,XXZ (Delta=0.5),10,6,entanglement_residual,Entanglement + residual,4,3,sum,5.839439198483253,2.797190671452743,6.581147725511522,0.2883945542689028,31.46695589133487,33,32,1,alpha_0,2.0581731293826406
xxz_delta0.5,XXZ (Delta=0.5),10,6,entanglement_residual,Entanglement + residual,5,3,sum,9.455954544669716,5.085040269829587,12.538906223572885,0.06953991242817611,59.20177294636195,33,32,1,alpha_0,1.8387378663869636
xxz_delta0.5,XXZ (Delta=0.5),10,6,entanglement_residual,Entanglement + residual,6,3,sum,6.155118081305865,5.588415644869452,4.457660951031069,0.325825938495108,16.344859670154687,33,32,1,alpha_0,1.4088408307757254
xxz_delta0.5,XXZ (Delta=0.5),10,6,entanglement_residual,Entanglement + residual,7,3,sum,5.790239996832231,5.042917063771501,4.96981965085857,0.09743330302474504,23.536482971468832,33,32,1,alpha_0,1.0626555005470413
xxz_delta0.5,XXZ (Delta=0.5),10,6,entanglement_residual,Entanglement + residual,8,3,sum,6.4205498170848925,3.248715176234593,7.020485561042863,0.06386650231157041,26.353478587149304,33,32,1,alpha_0,1.0373962773198588
xxz_delta0.5,XXZ (Delta=0.5),10,6,entanglement_residual,Entanglement + residual,9,3,sum,5.994548653231285,3.7714592800422717,6.053038524389335,0.19513276693073842,21.730277926361424,33,32,1,alpha_0,1.8420502267477417
xxz_delta0.5,XXZ (Delta=0.5),10,6,entanglement_residual,Entanglement + residual,10,3,sum,6.141405772712465,3.1611141193907795,7.198274182747548,0.02373265561053951,26.983797959022592,33,32,1,alpha_0,1.9118150628164898
xxz_delta0.5,XXZ (Delta=0.5),10,6,entanglement_residual,Entanglement + residual,11,3,sum,6.657163401425723,5.92388704644253,5.035980737462571,0.2847428039194974,19.703390578228007,33,32,1,alpha_0,1.1016930529146591
xxz_delta0.5,XXZ (Delta=0.5),10,6,entanglement_residual,Entanglement + residual,12,3,sum,5.537164163247338,2.1912420544211537,6.696930090677873,0.423039415949471,21.832720509855065,33,32,1,alpha_0,2.4082422526271685
xxz_delta0.5,XXZ (Delta=0.5),10,6,entanglement_residual,Entanglement + residual,13,3,sum,9.55800738428808,3.5399862608908186,13.270232087969974,0.4017823723150983,55.104040033452,33,32,1,alpha_0,2.6646394166896465
xxz_delta0.5,XXZ (Delta=0.5),10,6,entanglement_residual,Entanglement + residual,14,3,sum,4.950752460345703,2.169342308481086,6.971640646090467,0.04989605343584731,32.8862325995828,33,32,1,alpha_0,2.0531202202245384
xxz_delta0.5,XXZ (Delta=0.5),10,6,entanglement_residual,Entanglement + residual,15,3,sum,9.500864362817687,4.987690999286929,13.399616402618578,0.16521464562355287,63.677003757151475,33,32,1,alpha_0,2.097380719610635
xxz_delta0.5,XXZ (Delta=0.5),10,6,entanglement_residual,Entanglement + residual,16,3,sum,5.944619352056218,3.3434543725414585,7.25506772735834,0.2682930210332342,34.13614807432427,33,32,1,alpha_0,2.048803435103634
xxz_delta0.5,XXZ (Delta=0.5),10,6,entanglement_residual,Entanglement + residual,17,3,sum,5.044258395651236,3.1709804499345027,5.760389209545009,0.032993480798549794,26.82459856277577,33,32,1,alpha_0,2.327461878317912
xxz_delta0.5,XXZ (Delta=0.5),10,6,entanglement_residual,Entanglement + residual,18,3,sum,7.26257243661765,3.824354420354336,9.279968528291853,0.2716583234132978,40.443732067826744,33,32,1,alpha_0,2.1544749242848744
xxz_delta0.5,XXZ (Delta=0.5),10,6,entanglement_residual,Entanglement + residual,19,3,sum,6.802855118238488,5.479949530064907,6.172591619917711,0.12697121097627606,32.719854524186864,33,32,1,alpha_0,1.0293271052339157
xxz_delta0.5,XXZ (Delta=0.5),10,6,entanglement_residual,Entanglement + residual,20,3,sum,5.27045317916264,5.076141070982513,4.590943991080362,0.09450365196098195,19.860392089231617,33,32,1,alpha_0,1.2484149300950291
xxz_delta0.5,XXZ (Delta=0.5),10,6,entanglement_residual,Entanglement + residual,21,3,sum,6.21537700553241,3.5102381439941386,7.260324827777999,0.23482609833984747,34.673038541930865,33,32,1,alpha_0,1.6665305658744167
xxz_delta0.5,XXZ (Delta=0.5),10,6,entanglement_residual,Entanglement + residual,22,3,sum,6.132067666426386,3.8598685923393967,6.293551766932271,0.28948616157533175,23.917473062249062,33,32,1,alpha_0,1.1609002013379013
xxz_delta0.5,XXZ (Delta=0.5),10,6,entanglement_residual,Entanglement + residual,23,3,sum,4.8244968779077215,3.201617691363235,5.108083888811593,0.5143148711005845,23.539077632183375,33,32,1,alpha_0,2.1300959733938076
xxz_delta0.5,XXZ (Delta=0.5),10,6,entanglement_residual,Entanglement + residual,24,3,sum,5.897993153606031,3.7648261256266613,5.619776360678847,0.5415178742341274,28.622823819666287,33,32,1,alpha_0,1.599489115579645
xxz_delta0.5,XXZ (Delta=0.5),10,6,entanglement_residual,Entanglement + residual,25,3,sum,6.491062022209293,2.6078661735328867,10.585443176710438,0.0401168026553199,55.648574698918004,33,32,1,alpha_0,2.1035250659318123
xxz_delta0.5,XXZ (Delta=0.5),10,6,entanglement_residual,Entanglement + residual,26,3,sum,6.516457108079335,2.8372726712728675,7.31317302102671,0.19419325391944328,34.635538803194954,33,32,1,alpha_0,1.2443062149815558
xxz_delta0.5,XXZ (Delta=0.5),10,6,entanglement_residual,Entanglement + residual,27,3,sum,6.380709900563735,4.508254605227999,5.762486172369241,0.17106140310567414,25.20166043163317,33,32,1,alpha_0,2.322746188474164
xxz_delta0.5,XXZ (Delta=0.5),10,6,entanglement_residual,Entanglement + residual,28,3,sum,7.409745156220812,2.415770452616362,10.357397714765648,0.04413849703208819,38.85542512763556,33,32,1,alpha_0,2.2841922270512356
xxz_delta0.5,XXZ (Delta=0.5),10,6,entanglement_residual,Entanglement + residual,29,3,sum,6.512532848065989,4.496331143755392,6.238244112665907,0.0959483384132687,24.776908790991218,33,32,1,alpha_0,2.1896853799861122
xxz_delta0.5,XXZ (Delta=0.5),10,6,entanglement_residual,Entanglement + residual,30,3,sum,5.861910673774892,4.4146100411409765,5.022217387121335,0.2700342057603692,17.32217348061155,33,32,1,alpha_0,1.6199599540308605
xxz_delta0.5,XXZ (Delta=0.5),10,6,entanglement_residual,Entanglement + residual,31,3,sum,7.244078559218336,2.910369352759534,9.442894395466492,0.10479406036942955,35.94134052596788,33,32,1,alpha_0,1.8579065110457313
xxz_delta0.5,XXZ (Delta=0.5),10,6,entanglement_residual,Entanglement + residual,32,3,sum,4.8982247479216925,2.1324222797796724,6.914273691796004,0.13692816940779862,32.20121974243962,33,32,1,alpha_0,1.274625864196168
xxz_delta0.5,XXZ (Delta=0.5),10,6,entanglement_residual,Entanglement + residual,33,3,sum,4.366917127442423,2.722714217168107,7.107650114306188,0.13681538864475878,40.164484346443324,33,32,1,alpha_0,1.3065151013115137
xxz_delta0.5,XXZ (Delta=0.5),10,6,entanglement_residual,Entanglement + residual,34,3,sum,6.449443480612461,3.061751276829229,7.632628657436402,0.12772555525893584,35.051799542076296,33,32,1,alpha_0,1.7253082925621546
xxz_delta0.5,XXZ (Delta=0.5),10,6,entanglement_residual,Entanglement + residual,35,3,sum,6.63357593320905,2.424215999516372,8.284382911097778,0.062027742085538434,33.81001467492111,33,32,1,alpha_0,1.992005466243602
xxz_delta0.5,XXZ (Delta=0.5),10,6,entanglement_residual,Entanglement + residual,36,3,sum,3.6895919658696466,1.6698694175577447,6.005342340386807,0.050963551143116737,30.541787674863357,33,32,1,alpha_0,1.3170406202736566
xxz_delta0.5,XXZ (Delta=0.5),10,6,entanglement_residual,Entanglement + residual,37,3,sum,5.8958771693850665,3.143435039815916,8.155634696164336,0.02155225561869181,38.34061321414459,33,32,1,alpha_0,1.8364199219578903
xxz_delta0.5,XXZ (Delta=0.5),10,6,entanglement_residual,Entanglement + residual,38,3,sum,4.560790415921456,2.856074630116619,4.875824524210807,0.13743435325136374,18.392315850539966,33,32,1,alpha_0,0.8335850894215157
xxz_delta0.5,XXZ (Delta=0.5),10,6,entanglement_residual,Entanglement + residual,39,3,sum,5.630041756716924,4.45631576828683,5.045940331147661,0.07141960013565626,20.024845629283348,33,32,1,alpha_0,1.2311851279525219
xxz_delta0.5,XXZ (Delta=0.5),10,6,entanglement_residual,Entanglement + residual,40,3,sum,7.3987150676656706,5.172287317337972,8.045944728225521,0.5250379877085155,33.61098603581135,33,32,1,alpha_0,1.7918732795383407
xxz_delta0.5,XXZ (Delta=0.5),10,6,entanglement_residual,Entanglement + residual,41,3,sum,5.525655023996817,3.984962219427284,5.676808284671406,0.06561995110042178,25.78647596756616,33,32,1,alpha_0,1.7691879166685116
xxz_delta0.5,XXZ (Delta=0.5),10,6,entanglement_residual,Entanglement + residual,42,3,sum,5.012007558028094,1.6978215592639705,6.677820647165321,0.21828374313911536,25.93378146877068,33,32,1,alpha_0,1.8071890038783245
xxz_delta0.5,XXZ (Delta=0.5),10,6,entanglement_residual,Entanglement + residual,43,3,sum,5.1429928161782,2.5858491676073916,6.951495212613019,0.23759378354992366,30.324897914636583,33,32,1,alpha_0,1.2773260225497378
xxz_delta0.5,XXZ (Delta=0.5),10,6,entanglement_residual,Entanglement + residual,44,3,sum,5.986825016516791,2.057152143222714,7.84780616812938,0.03403213458774028,30.63769472477701,33,32,1,alpha_0,1.827730751056842
xxz_delta0.5,XXZ (Delta=0.5),10,6,entanglement_residual,Entanglement + residual,45,3,sum,6.5830388853177695,3.30146389880349,6.8743001142948135,0.19169992770987374,22.075092216876268,33,32,1,alpha_0,1.9619354475982427
xxz_delta0.5,XXZ (Delta=0.5),10,6,entanglement_residual,Entanglement + residual,46,3,sum,7.187201903705465,3.88284791029193,7.074174011914622,0.23863346497697824,27.005222657492226,33,32,1,alpha_0,2.613715135914451
xxz_delta0.5,XXZ (Delta=0.5),10,6,entanglement_residual,Entanglement + residual,47,3,sum,7.623572646184627,4.764480842213306,7.8485434754029075,0.032539926323313116,28.055433673969638,33,32,1,alpha_0,1.5297295483734614
xxz_delta0.5,XXZ (Delta=0.5),10,6,entanglement_residual,Entanglement + residual,48,3,sum,5.336223396885595,3.7796251945850847,5.039785788964946,0.1842092519652423,20.85406447348731,33,32,1,alpha_0,1.165129588746557
xxz_delta0.5,XXZ (Delta=0.5),10,6,entanglement_residual,Entanglement + residual,49,3,sum,7.411349569506311,3.2804356082750448,11.005091756607074,0.014096458604269434,41.691337934579174,33,32,1,alpha_0,1.538474937330746
xxz_delta0.5,XXZ (Delta=0.5),10,7,combined,Combined (A+B+C),0,3,sum,6.100636878964394,3.248478076162648,7.863534562376386,0.0,35.08186442907216,33,32,1,alpha_0,1.048147574715281
xxz_delta0.5,XXZ (Delta=0.5),10,7,combined,Combined (A+B+C),1,3,sum,5.78502682550878,2.4425840660107205,7.940305226764774,0.0,36.93923605738136,33,32,1,alpha_0,1.5311548912626052
xxz_delta0.5,XXZ (Delta=0.5),10,7,combined,Combined (A+B+C),2,3,sum,3.883013581369059,2.4035757745650232,4.869713026582438,0.0,23.817737522221247,33,32,1,alpha_0,1.8762278585546903
xxz_delta0.5,XXZ (Delta=0.5),10,7,combined,Combined (A+B+C),3,3,sum,5.898497054887712,3.4799165940022982,6.582762572961258,0.0,24.789922241722316,33,32,1,alpha_0,1.5480257476688193
xxz_delta0.5,XXZ (Delta=0.5),10,7,combined,Combined (A+B+C),4,3,sum,5.752877037726023,3.359981725054962,6.791059161994349,0.0,31.46695589133487,33,32,1,alpha_0,1.994543466989222
xxz_delta0.5,XXZ (Delta=0.5),10,7,combined,Combined (A+B+C),5,3,sum,9.160581942597243,3.339365769873906,13.643159653557634,0.0,59.20177294636195,33,32,1,alpha_0,1.636925591245106
xxz_delta0.5,XXZ (Delta=0.5),10,7,combined,Combined (A+B+C),6,3,sum,4.969907891461009,4.356871999558526,4.877140518069556,0.0,16.344859670154687,33,32,1,alpha_0,1.0944046646417451
xxz_delta0.5,XXZ (Delta=0.5),10,7,combined,Combined (A+B+C),7,3,sum,3.69184602395116,0.6535671474407154,6.961988638191942,0.0,26.97303140921404,33,32,1,alpha_0,0.6424946236736627
xxz_delta0.5,XXZ (Delta=0.5),10,7,combined,Combined (A+B+C),8,3,sum,6.412756160377026,3.326443392808036,8.455092552681027,0.0,32.65139376011984,33,32,1,alpha_0,0.8865938779259084
xxz_delta0.5,XXZ (Delta=0.5),10,7,combined,Combined (A+B+C),9,3,sum,5.232522586445612,2.8330008805618405,5.986364802780552,0.0,19.62229077012667,33,32,1,alpha_0,1.5543914568411283
xxz_delta0.5,XXZ (Delta=0.5),10,7,combined,Combined (A+B+C),10,3,sum,5.849623688016123,3.3589740094513996,6.852854383904936,0.0,26.983797959022592,33,32,1,alpha_0,1.7665527064798698
xxz_delta0.5,XXZ (Delta=0.5),10,7,combined,Combined (A+B+C),11,3,sum,5.4686273903590905,3.8440524435047054,6.724940537440227,0.0,30.82648523299056,33,32,1,alpha_0,0.7819391581640136
xxz_delta0.5,XXZ (Delta=0.5),10,7,combined,Combined (A+B+C),12,3,sum,5.2919122527538995,1.9408619374267275,6.863510648422156,0.0,23.734636182603698,33,32,1,alpha_0,2.2601248003097494
xxz_delta0.5,XXZ (Delta=0.5),10,7,combined,Combined (A+B+C),13,3,sum,9.892014491816767,3.4843525713285413,13.657961680438614,0.0,55.104040033452,33,32,1,alpha_0,2.675240289666508
xxz_delta0.5,XXZ (Delta=0.5),10,7,combined,Combined (A+B+C),14,3,sum,4.914443819031942,1.5932119085206817,7.16855646126668,0.0,32.8862325995828,33,32,1,alpha_0,2.003803699480547
xxz_delta0.5,XXZ (Delta=0.5),10,7,combined,Combined (A+B+C),15,3,sum,7.3347522423476095,0.9003442287965244,14.008754302239685,0.0,63.677003757151475,33,32,1,alpha_0,1.4830507216943092
xxz_delta0.5,XXZ (Delta=0.5),10,7,combined,Combined (A+B+C),16,3,sum,6.217391958665454,3.44284116180397,8.066018244815625,0.0,36.597548871288154,33,32,1,alpha_0,2.0814280313507183
xxz_delta0.5,XXZ (Delta=0.5),10,7,combined,Combined (A+B+C),17,3,sum,4.153836127498533,1.2402144886360356,6.289204126505628,0.0,28.291170869562645,33,32,1,alpha_0,1.9077663955269522
xxz_delta0.5,XXZ (Delta=0.5),10,7,combined,Combined (A+B+C),18,3,sum,6.741061436607942,3.4818386282878606,9.98207105504851,0.0,42.465789282693095,33,32,1,alpha_0,1.9219867606634333
xxz_delta0.5,XXZ (Delta=0.5),10,7,combined,Combined (A+B+C),19,3,sum,4.711835469070665,2.588084295988278,7.29607522913152,0.0,32.719854524186864,33,32,1,alpha_0,0.6701229585554557
xxz_delta0.5,XXZ (Delta=0.5),10,7,combined,Combined (A+B+C),20,3,sum,3.7133332232431684,0.696997208870221,6.126962945358499,0.0,23.67512548015618,33,32,1,alpha_0,0.8747934179659369
xxz_delta0.5,XXZ (Delta=0.5),10,7,combined,Combined (A+B+C),21,3,sum,5.741304114729738,1.8502433154031062,8.011213989301359,0.0,34.673038541930865,33,32,1,alpha_0,1.479262612912305
xxz_delta0.5,XXZ (Delta=0.5),10,7,combined,Combined (A+B+C),22,3,sum,5.267195035700837,1.6885466055746445,7.096916124002252,0.0,26.854944516398472,33,32,1,alpha_0,0.9110521578679913
xxz_delta0.5,XXZ (Delta=0.5),10,7,combined,Combined (A+B+C),23,3,sum,4.383273599312375,2.466471733732784,5.653783013407476,0.0,23.539077632183375,33,32,1,alpha_0,1.9042683057063046
xxz_delta0.5,XXZ (Delta=0.5),10,7,combined,Combined (A+B+C),24,3,sum,4.10570818228826,1.4191787607128528,6.665902098391838,0.0,33.457986584419736,33,32,1,alpha_0,1.117540635130473
xxz_delta0.5,XXZ (Delta=0.5),10,7,combined,Combined (A+B+C),25,3,sum,5.9339270303495395,1.61699082492419,10.590779936204992,0.0,55.648574698918004,33,32,1,alpha_0,1.8604164048481333
xxz_delta0.5,XXZ (Delta=0.5),10,7,combined,Combined (A+B+C),26,3,sum,5.421454225641727,1.9501162473836142,7.804782183370197,0.0,34.635538803194954,33,32,1,alpha_0,0.9468050183795709
xxz_delta0.5,XXZ (Delta=0.5),10,7,combined,Combined (A+B+C),27,3,sum,5.571879680655753,3.655647620386996,6.2208497850027,0.0,25.20166043163317,33,32,1,alpha_0,1.968406265101009
xxz_delta0.5,XXZ (Delta=0.5),10,7,combined,Combined (A+B+C),28,3,sum,6.505713646567067,0.6639095574671903,11.188532627200452,0.0,42.725004970433424,33,32,1,alpha_0,1.914818482278512
xxz_delta0.5,XXZ (Delta=0.5),10,7,combined,Combined (A+B+C),29,3,sum,5.695993477738368,2.4364100169798135,6.803704762217511,0.0,26.444983871803448,33,32,1,alpha_0,1.8439277864758488
xxz_delta0.5,XXZ (Delta=0.5),10,7,combined,Combined (A+B+C),30,3,sum,5.326411757789937,3.1526459759721766,5.900984358553839,0.0,20.69011019493458,33,32,1,alpha_0,1.4350767540540996
xxz_delta0.5,XXZ (Delta=0.5),10,7,combined,Combined (A+B+C),31,3,sum,6.5980787567425505,1.4258639413352823,10.151962172710794,0.0,35.94134052596788,33,32,1,alpha_0,1.5990961043774983
xxz_delta0.5,XXZ (Delta=0.5),10,7,combined,Combined (A+B+C),32,3,sum,3.7140308136506945,0.8678659605092269,7.391947329696749,0.0,33.33884317063042,33,32,1,alpha_0,0.9503700382766558
xxz_delta0.5,XXZ (Delta=0.5),10,7,combined,Combined (A+B+C),33,3,sum,3.525880173507517,1.1383993135760417,7.3026838339386835,0.0,40.164484346443324,33,32,1,alpha_0,1.0266248638314655
xxz_delta0.5,XXZ (Delta=0.5),10,7,combined,Combined (A+B+C),34,3,sum,6.07784280142391,1.907698536490844,10.342390141744831,0.0,47.01975608728627,33,32,1,alpha_0,1.5065943220164995
xxz_delta0.5,XXZ (Delta=0.5),10,7,combined,Combined (A+B+C),35,3,sum,6.508974604210998,3.322036546425203,8.942776957016564,0.0,33.81001467492111,33,32,1,alpha_0,1.8745444547531502
xxz_delta0.5,XXZ (Delta=0.5),10,7,combined,Combined (A+B+C),36,3,sum,2.819970144066377,0.5884425343755141,5.865433602937886,0.0,28.104980753746684,33,32,1,alpha_0,1.0208768785319373
xxz_delta0.5,XXZ (Delta=0.5),10,7,combined,Combined (A+B+C),37,3,sum,5.688207277432283,2.4753661971793903,8.52289526919999,0.0,38.34061321414459,33,32,1,alpha_0,1.7246981534274237
xxz_delta0.5,XXZ (Delta=0.5),10,7,combined,Combined (A+B+C),38,3,sum,4.306860174023779,2.640183154224146,5.577317565304582,0.0,25.65220191762054,33,32,1,alpha_0,0.7047037482861604
xxz_delta0.5,XXZ (Delta=0.5),10,7,combined,Combined (A+B+C),39,3,sum,5.54217173604361,3.8015706277883625,6.0229649840445685,0.0,22.780028872872503,33,32,1,alpha_0,1.092763388023494
xxz_delta0.5,XXZ (Delta=0.5),10,7,combined,Combined (A+B+C),40,3,sum,5.892908180882285,2.803962880893991,8.245732316443759,0.0,33.65100022244187,33,32,1,alpha_0,1.3512815614371234
xxz_delta0.5,XXZ (Delta=0.5),10,7,combined,Combined (A+B+C),41,3,sum,4.778740121570367,2.015486583991891,6.219080133389193,0.0,25.78647596756616,33,32,1,alpha_0,1.4840777804379741
xxz_delta0.5,XXZ (Delta=0.5),10,7,combined,Combined (A+B+C),42,3,sum,4.828688526445593,1.6230307142113345,6.872492625410697,0.0,25.93378146877068,33,32,1,alpha_0,1.7044713309304733
xxz_delta0.5,XXZ (Delta=0.5),10,7,combined,Combined (A+B+C),43,3,sum,4.4009416387447935,0.9274821733347351,7.630354370010941,0.0,35.58339024862762,33,32,1,alpha_0,1.0542337222677225
xxz_delta0.5,XXZ (Delta=0.5),10,7,combined,Combined (A+B+C),44,3,sum,5.965255350387083,2.27513245056567,8.255635719475015,0.0,30.63769472477701,33,32,1,alpha_0,1.7653250824559055
xxz_delta0.5,XXZ (Delta=0.5),10,7,combined,Combined (A+B+C),45,3,sum,6.758413599648817,2.3568096591681984,8.5709579939025,0.0,28.14762264566903,33,32,1,alpha_0,1.9371803777442262
xxz_delta0.5,XXZ (Delta=0.5),10,7,combined,Combined (A+B+C),46,3,sum,6.060645389631439,2.7299875921205694,7.432156462746135,0.0,27.005222657492226,33,32,1,alpha_0,2.140539595111909
xxz_delta0.5,XXZ (Delta=0.5),10,7,combined,Combined (A+B+C),47,3,sum,6.0117135361799745,2.335503969499615,8.362970368153814,0.0,28.055433673969638,33,32,1,alpha_0,1.1105773549930948
xxz_delta0.5,XXZ (Delta=0.5),10,7,combined,Combined (A+B+C),48,3,sum,3.8685614756660582,1.8620968448761617,5.358737786014109,0.0,20.85406447348731,33,32,1,alpha_0,0.8191871147856719
xxz_delta0.5,XXZ (Delta=0.5),10,7,combined,Combined (A+B+C),49,3,sum,5.963183262618152,0.38110781386407466,11.925143629671215,0.0,44.62682356672893,33,32,1,alpha_0,1.1461976145220645
