stream,shard_seed,iteration,global_iteration_id,percentile_inclusion,rng_key,status,converged,failure_reason,pooling_status,git_commit,input_file_sha256,software_versions
regression_a,266001,0,0,included_final_1000,"(266001, 0)",completed,True,,pooled (real draws),81e9437bee81301cf598ccadda508c9ac9305bf4,"{""finite_shot_end_to_end.parquet"": ""22b5e761f461c6bfde7a60a4efa7ac13bc59ae003488be84d2f0c1e57ddb7f39""}","{""python"": ""3.12.10"", ""numpy"": ""2.5.1"", ""pandas"": ""3.0.3"", ""statsmodels"": ""0.14.6"", ""scipy"": ""1.18.0""}"
regression_a,266001,1,1,included_final_1000,"(266001, 1)",completed,True,,pooled (real draws),81e9437bee81301cf598ccadda508c9ac9305bf4,"{""finite_shot_end_to_end.parquet"": ""22b5e761f461c6bfde7a60a4efa7ac13bc59ae003488be84d2f0c1e57ddb7f39""}","{""python"": ""3.12.10"", ""numpy"": ""2.5.1"", ""pandas"": ""3.0.3"", ""statsmodels"": ""0.14.6"", ""scipy"": ""1.18.0""}"
regression_a,266001,2,2,included_final_1000,"(266001, 2)",completed,True,,pooled (real draws),81e9437bee81301cf598ccadda508c9ac9305bf4,"{""finite_shot_end_to_end.parquet"": ""22b5e761f461c6bfde7a60a4efa7ac13bc59ae003488be84d2f0c1e57ddb7f39""}","{""python"": ""3.12.10"", ""numpy"": ""2.5.1"", ""pandas"": ""3.0.3"", ""statsmodels"": ""0.14.6"", ""scipy"": ""1.18.0""}"
regression_a,266001,3,3,included_final_1000,"(266001, 3)",completed,True,,pooled (real draws),81e9437bee81301cf598ccadda508c9ac9305bf4,"{""finite_shot_end_to_end.parquet"": ""22b5e761f461c6bfde7a60a4efa7ac13bc59ae003488be84d2f0c1e57ddb7f39""}","{""python"": ""3.12.10"", ""numpy"": ""2.5.1"", ""pandas"": ""3.0.3"", ""statsmodels"": ""0.14.6"", ""scipy"": ""1.18.0""}"
regression_a,266001,4,4,included_final_1000,"(266001, 4)",completed,True,,pooled (real draws),81e9437bee81301cf598ccadda508c9ac9305bf4,"{""finite_shot_end_to_end.parquet"": ""22b5e761f461c6bfde7a60a4efa7ac13bc59ae003488be84d2f0c1e57ddb7f39""}","{""python"": ""3.12.10"", ""numpy"": ""2.5.1"", ""pandas"": ""3.0.3"", ""statsmodels"": ""0.14.6"", ""scipy"": ""1.18.0""}"
regression_a,266001,5,5,included_final_1000,"(266001, 5)",completed,True,,pooled (real draws),81e9437bee81301cf598ccadda508c9ac9305bf4,"{""finite_shot_end_to_end.parquet"": ""22b5e761f461c6bfde7a60a4efa7ac13bc59ae003488be84d2f0c1e57ddb7f39""}","{""python"": ""3.12.10"", ""numpy"": ""2.5.1"", ""pandas"": ""3.0.3"", ""statsmodels"": ""0.14.6"", ""scipy"": ""1.18.0""}"
regression_a,266001,6,6,included_final_1000,"(266001, 6)",completed,True,,pooled (real draws),81e9437bee81301cf598ccadda508c9ac9305bf4,"{""finite_shot_end_to_end.parquet"": ""22b5e761f461c6bfde7a60a4efa7ac13bc59ae003488be84d2f0c1e57ddb7f39""}","{""python"": ""3.12.10"", ""numpy"": ""2.5.1"", ""pandas"": ""3.0.3"", ""statsmodels"": ""0.14.6"", ""scipy"": ""1.18.0""}"
regression_a,266001,7,7,included_final_1000,"(266001, 7)",completed,True,,pooled (real draws),81e9437bee81301cf598ccadda508c9ac9305bf4,"{""finite_shot_end_to_end.parquet"": ""22b5e761f461c6bfde7a60a4efa7ac13bc59ae003488be84d2f0c1e57ddb7f39""}","{""python"": ""3.12.10"", ""numpy"": ""2.5.1"", ""pandas"": ""3.0.3"", ""statsmodels"": ""0.14.6"", ""scipy"": ""1.18.0""}"
regression_b,266001,0,,excluded_duplicate_check_or_failed,"(266001, 0)",completed,True,,duplicate check ONLY -- excluded from pooled summary,81e9437bee81301cf598ccadda508c9ac9305bf4,"{""finite_shot_end_to_end.parquet"": ""22b5e761f461c6bfde7a60a4efa7ac13bc59ae003488be84d2f0c1e57ddb7f39""}","{""python"": ""3.12.10"", ""numpy"": ""2.5.1"", ""pandas"": ""3.0.3"", ""statsmodels"": ""0.14.6"", ""scipy"": ""1.18.0""}"
regression_b,266001,1,,excluded_duplicate_check_or_failed,"(266001, 1)",completed,True,,duplicate check ONLY -- excluded from pooled summary,81e9437bee81301cf598ccadda508c9ac9305bf4,"{""finite_shot_end_to_end.parquet"": ""22b5e761f461c6bfde7a60a4efa7ac13bc59ae003488be84d2f0c1e57ddb7f39""}","{""python"": ""3.12.10"", ""numpy"": ""2.5.1"", ""pandas"": ""3.0.3"", ""statsmodels"": ""0.14.6"", ""scipy"": ""1.18.0""}"
regression_b,266001,2,,excluded_duplicate_check_or_failed,"(266001, 2)",completed,True,,duplicate check ONLY -- excluded from pooled summary,81e9437bee81301cf598ccadda508c9ac9305bf4,"{""finite_shot_end_to_end.parquet"": ""22b5e761f461c6bfde7a60a4efa7ac13bc59ae003488be84d2f0c1e57ddb7f39""}","{""python"": ""3.12.10"", ""numpy"": ""2.5.1"", ""pandas"": ""3.0.3"", ""statsmodels"": ""0.14.6"", ""scipy"": ""1.18.0""}"
regression_b,266001,3,,excluded_duplicate_check_or_failed,"(266001, 3)",completed,True,,duplicate check ONLY -- excluded from pooled summary,81e9437bee81301cf598ccadda508c9ac9305bf4,"{""finite_shot_end_to_end.parquet"": ""22b5e761f461c6bfde7a60a4efa7ac13bc59ae003488be84d2f0c1e57ddb7f39""}","{""python"": ""3.12.10"", ""numpy"": ""2.5.1"", ""pandas"": ""3.0.3"", ""statsmodels"": ""0.14.6"", ""scipy"": ""1.18.0""}"
regression_b,266001,4,,excluded_duplicate_check_or_failed,"(266001, 4)",completed,True,,duplicate check ONLY -- excluded from pooled summary,81e9437bee81301cf598ccadda508c9ac9305bf4,"{""finite_shot_end_to_end.parquet"": ""22b5e761f461c6bfde7a60a4efa7ac13bc59ae003488be84d2f0c1e57ddb7f39""}","{""python"": ""3.12.10"", ""numpy"": ""2.5.1"", ""pandas"": ""3.0.3"", ""statsmodels"": ""0.14.6"", ""scipy"": ""1.18.0""}"
regression_b,266001,5,,excluded_duplicate_check_or_failed,"(266001, 5)",completed,True,,duplicate check ONLY -- excluded from pooled summary,81e9437bee81301cf598ccadda508c9ac9305bf4,"{""finite_shot_end_to_end.parquet"": ""22b5e761f461c6bfde7a60a4efa7ac13bc59ae003488be84d2f0c1e57ddb7f39""}","{""python"": ""3.12.10"", ""numpy"": ""2.5.1"", ""pandas"": ""3.0.3"", ""statsmodels"": ""0.14.6"", ""scipy"": ""1.18.0""}"
regression_b,266001,6,,excluded_duplicate_check_or_failed,"(266001, 6)",completed,True,,duplicate check ONLY -- excluded from pooled summary,81e9437bee81301cf598ccadda508c9ac9305bf4,"{""finite_shot_end_to_end.parquet"": ""22b5e761f461c6bfde7a60a4efa7ac13bc59ae003488be84d2f0c1e57ddb7f39""}","{""python"": ""3.12.10"", ""numpy"": ""2.5.1"", ""pandas"": ""3.0.3"", ""statsmodels"": ""0.14.6"", ""scipy"": ""1.18.0""}"
regression_b,266001,7,,excluded_duplicate_check_or_failed,"(266001, 7)",completed,True,,duplicate check ONLY -- excluded from pooled summary,81e9437bee81301cf598ccadda508c9ac9305bf4,"{""finite_shot_end_to_end.parquet"": ""22b5e761f461c6bfde7a60a4efa7ac13bc59ae003488be84d2f0c1e57ddb7f39""}","{""python"": ""3.12.10"", ""numpy"": ""2.5.1"", ""pandas"": ""3.0.3"", ""statsmodels"": ""0.14.6"", ""scipy"": ""1.18.0""}"
shard0,366001,0,8,included_final_1000,"(366001, 0)",completed,True,,pooled (real draws),81e9437bee81301cf598ccadda508c9ac9305bf4,"{""finite_shot_end_to_end.parquet"": ""22b5e761f461c6bfde7a60a4efa7ac13bc59ae003488be84d2f0c1e57ddb7f39""}","{""python"": ""3.12.10"", ""numpy"": ""2.5.1"", ""pandas"": ""3.0.3"", ""statsmodels"": ""0.14.6"", ""scipy"": ""1.18.0""}"
shard0,366001,1,9,included_final_1000,"(366001, 1)",completed,True,,pooled (real draws),81e9437bee81301cf598ccadda508c9ac9305bf4,"{""finite_shot_end_to_end.parquet"": ""22b5e761f461c6bfde7a60a4efa7ac13bc59ae003488be84d2f0c1e57ddb7f39""}","{""python"": ""3.12.10"", ""numpy"": ""2.5.1"", ""pandas"": ""3.0.3"", ""statsmodels"": ""0.14.6"", ""scipy"": ""1.18.0""}"
shard0,366001,2,10,included_final_1000,"(366001, 2)",completed,True,,pooled (real draws),81e9437bee81301cf598ccadda508c9ac9305bf4,"{""finite_shot_end_to_end.parquet"": ""22b5e761f461c6bfde7a60a4efa7ac13bc59ae003488be84d2f0c1e57ddb7f39""}","{""python"": ""3.12.10"", ""numpy"": ""2.5.1"", ""pandas"": ""3.0.3"", ""statsmodels"": ""0.14.6"", ""scipy"": ""1.18.0""}"
shard0,366001,3,11,included_final_1000,"(366001, 3)",completed,True,,pooled (real draws),81e9437bee81301cf598ccadda508c9ac9305bf4,"{""finite_shot_end_to_end.parquet"": ""22b5e761f461c6bfde7a60a4efa7ac13bc59ae003488be84d2f0c1e57ddb7f39""}","{""python"": ""3.12.10"", ""numpy"": ""2.5.1"", ""pandas"": ""3.0.3"", ""statsmodels"": ""0.14.6"", ""scipy"": ""1.18.0""}"
shard0,366001,4,12,included_final_1000,"(366001, 4)",completed,True,,pooled (real draws),81e9437bee81301cf598ccadda508c9ac9305bf4,"{""finite_shot_end_to_end.parquet"": ""22b5e761f461c6bfde7a60a4efa7ac13bc59ae003488be84d2f0c1e57ddb7f39""}","{""python"": ""3.12.10"", ""numpy"": ""2.5.1"", ""pandas"": ""3.0.3"", ""statsmodels"": ""0.14.6"", ""scipy"": ""1.18.0""}"
shard0,366001,5,13,included_final_1000,"(366001, 5)",completed,True,,pooled (real draws),81e9437bee81301cf598ccadda508c9ac9305bf4,"{""finite_shot_end_to_end.parquet"": ""22b5e761f461c6bfde7a60a4efa7ac13bc59ae003488be84d2f0c1e57ddb7f39""}","{""python"": ""3.12.10"", ""numpy"": ""2.5.1"", ""pandas"": ""3.0.3"", ""statsmodels"": ""0.14.6"", ""scipy"": ""1.18.0""}"
shard0,366001,6,14,included_final_1000,"(366001, 6)",completed,True,,pooled (real draws),81e9437bee81301cf598ccadda508c9ac9305bf4,"{""finite_shot_end_to_end.parquet"": ""22b5e761f461c6bfde7a60a4efa7ac13bc59ae003488be84d2f0c1e57ddb7f39""}","{""python"": ""3.12.10"", ""numpy"": ""2.5.1"", ""pandas"": ""3.0.3"", ""statsmodels"": ""0.14.6"", ""scipy"": ""1.18.0""}"
shard0,366001,7,15,included_final_1000,"(366001, 7)",completed,True,,pooled (real draws),81e9437bee81301cf598ccadda508c9ac9305bf4,"{""finite_shot_end_to_end.parquet"": ""22b5e761f461c6bfde7a60a4efa7ac13bc59ae003488be84d2f0c1e57ddb7f39""}","{""python"": ""3.12.10"", ""numpy"": ""2.5.1"", ""pandas"": ""3.0.3"", ""statsmodels"": ""0.14.6"", ""scipy"": ""1.18.0""}"
shard0,366001,8,16,included_final_1000,"(366001, 8)",completed,True,,pooled (real draws),81e9437bee81301cf598ccadda508c9ac9305bf4,"{""finite_shot_end_to_end.parquet"": ""22b5e761f461c6bfde7a60a4efa7ac13bc59ae003488be84d2f0c1e57ddb7f39""}","{""python"": ""3.12.10"", ""numpy"": ""2.5.1"", ""pandas"": ""3.0.3"", ""statsmodels"": ""0.14.6"", ""scipy"": ""1.18.0""}"
shard0,366001,9,17,included_final_1000,"(366001, 9)",completed,True,,pooled (real draws),81e9437bee81301cf598ccadda508c9ac9305bf4,"{""finite_shot_end_to_end.parquet"": ""22b5e761f461c6bfde7a60a4efa7ac13bc59ae003488be84d2f0c1e57ddb7f39""}","{""python"": ""3.12.10"", ""numpy"": ""2.5.1"", ""pandas"": ""3.0.3"", ""statsmodels"": ""0.14.6"", ""scipy"": ""1.18.0""}"
shard0,366001,10,18,included_final_1000,"(366001, 10)",completed,True,,pooled (real draws),81e9437bee81301cf598ccadda508c9ac9305bf4,"{""finite_shot_end_to_end.parquet"": ""22b5e761f461c6bfde7a60a4efa7ac13bc59ae003488be84d2f0c1e57ddb7f39""}","{""python"": ""3.12.10"", ""numpy"": ""2.5.1"", ""pandas"": ""3.0.3"", ""statsmodels"": ""0.14.6"", ""scipy"": ""1.18.0""}"
shard0,366001,11,19,included_final_1000,"(366001, 11)",completed,True,,pooled (real draws),81e9437bee81301cf598ccadda508c9ac9305bf4,"{""finite_shot_end_to_end.parquet"": ""22b5e761f461c6bfde7a60a4efa7ac13bc59ae003488be84d2f0c1e57ddb7f39""}","{""python"": ""3.12.10"", ""numpy"": ""2.5.1"", ""pandas"": ""3.0.3"", ""statsmodels"": ""0.14.6"", ""scipy"": ""1.18.0""}"
shard0,366001,12,20,included_final_1000,"(366001, 12)",completed,True,,pooled (real draws),81e9437bee81301cf598ccadda508c9ac9305bf4,"{""finite_shot_end_to_end.parquet"": ""22b5e761f461c6bfde7a60a4efa7ac13bc59ae003488be84d2f0c1e57ddb7f39""}","{""python"": ""3.12.10"", ""numpy"": ""2.5.1"", ""pandas"": ""3.0.3"", ""statsmodels"": ""0.14.6"", ""scipy"": ""1.18.0""}"
shard0,366001,13,21,included_final_1000,"(366001, 13)",completed,True,,pooled (real draws),81e9437bee81301cf598ccadda508c9ac9305bf4,"{""finite_shot_end_to_end.parquet"": ""22b5e761f461c6bfde7a60a4efa7ac13bc59ae003488be84d2f0c1e57ddb7f39""}","{""python"": ""3.12.10"", ""numpy"": ""2.5.1"", ""pandas"": ""3.0.3"", ""statsmodels"": ""0.14.6"", ""scipy"": ""1.18.0""}"
shard0,366001,14,22,included_final_1000,"(366001, 14)",completed,True,,pooled (real draws),81e9437bee81301cf598ccadda508c9ac9305bf4,"{""finite_shot_end_to_end.parquet"": ""22b5e761f461c6bfde7a60a4efa7ac13bc59ae003488be84d2f0c1e57ddb7f39""}","{""python"": ""3.12.10"", ""numpy"": ""2.5.1"", ""pandas"": ""3.0.3"", ""statsmodels"": ""0.14.6"", ""scipy"": ""1.18.0""}"
shard0,366001,15,23,included_final_1000,"(366001, 15)",completed,True,,pooled (real draws),81e9437bee81301cf598ccadda508c9ac9305bf4,"{""finite_shot_end_to_end.parquet"": ""22b5e761f461c6bfde7a60a4efa7ac13bc59ae003488be84d2f0c1e57ddb7f39""}","{""python"": ""3.12.10"", ""numpy"": ""2.5.1"", ""pandas"": ""3.0.3"", ""statsmodels"": ""0.14.6"", ""scipy"": ""1.18.0""}"
shard0,366001,16,24,included_final_1000,"(366001, 16)",completed,True,,pooled (real draws),81e9437bee81301cf598ccadda508c9ac9305bf4,"{""finite_shot_end_to_end.parquet"": ""22b5e761f461c6bfde7a60a4efa7ac13bc59ae003488be84d2f0c1e57ddb7f39""}","{""python"": ""3.12.10"", ""numpy"": ""2.5.1"", ""pandas"": ""3.0.3"", ""statsmodels"": ""0.14.6"", ""scipy"": ""1.18.0""}"
shard0,366001,17,25,included_final_1000,"(366001, 17)",completed,True,,pooled (real draws),81e9437bee81301cf598ccadda508c9ac9305bf4,"{""finite_shot_end_to_end.parquet"": ""22b5e761f461c6bfde7a60a4efa7ac13bc59ae003488be84d2f0c1e57ddb7f39""}","{""python"": ""3.12.10"", ""numpy"": ""2.5.1"", ""pandas"": ""3.0.3"", ""statsmodels"": ""0.14.6"", ""scipy"": ""1.18.0""}"
shard0,366001,18,26,included_final_1000,"(366001, 18)",completed,True,,pooled (real draws),81e9437bee81301cf598ccadda508c9ac9305bf4,"{""finite_shot_end_to_end.parquet"": ""22b5e761f461c6bfde7a60a4efa7ac13bc59ae003488be84d2f0c1e57ddb7f39""}","{""python"": ""3.12.10"", ""numpy"": ""2.5.1"", ""pandas"": ""3.0.3"", ""statsmodels"": ""0.14.6"", ""scipy"": ""1.18.0""}"
shard0,366001,19,27,included_final_1000,"(366001, 19)",completed,True,,pooled (real draws),81e9437bee81301cf598ccadda508c9ac9305bf4,"{""finite_shot_end_to_end.parquet"": ""22b5e761f461c6bfde7a60a4efa7ac13bc59ae003488be84d2f0c1e57ddb7f39""}","{""python"": ""3.12.10"", ""numpy"": ""2.5.1"", ""pandas"": ""3.0.3"", ""statsmodels"": ""0.14.6"", ""scipy"": ""1.18.0""}"
shard0,366001,20,28,included_final_1000,"(366001, 20)",completed,True,,pooled (real draws),81e9437bee81301cf598ccadda508c9ac9305bf4,"{""finite_shot_end_to_end.parquet"": ""22b5e761f461c6bfde7a60a4efa7ac13bc59ae003488be84d2f0c1e57ddb7f39""}","{""python"": ""3.12.10"", ""numpy"": ""2.5.1"", ""pandas"": ""3.0.3"", ""statsmodels"": ""0.14.6"", ""scipy"": ""1.18.0""}"
shard0,366001,21,29,included_final_1000,"(366001, 21)",completed,True,,pooled (real draws),81e9437bee81301cf598ccadda508c9ac9305bf4,"{""finite_shot_end_to_end.parquet"": ""22b5e761f461c6bfde7a60a4efa7ac13bc59ae003488be84d2f0c1e57ddb7f39""}","{""python"": ""3.12.10"", ""numpy"": ""2.5.1"", ""pandas"": ""3.0.3"", ""statsmodels"": ""0.14.6"", ""scipy"": ""1.18.0""}"
shard0,366001,22,30,included_final_1000,"(366001, 22)",completed,True,,pooled (real draws),81e9437bee81301cf598ccadda508c9ac9305bf4,"{""finite_shot_end_to_end.parquet"": ""22b5e761f461c6bfde7a60a4efa7ac13bc59ae003488be84d2f0c1e57ddb7f39""}","{""python"": ""3.12.10"", ""numpy"": ""2.5.1"", ""pandas"": ""3.0.3"", ""statsmodels"": ""0.14.6"", ""scipy"": ""1.18.0""}"
shard0,366001,23,31,included_final_1000,"(366001, 23)",completed,True,,pooled (real draws),81e9437bee81301cf598ccadda508c9ac9305bf4,"{""finite_shot_end_to_end.parquet"": ""22b5e761f461c6bfde7a60a4efa7ac13bc59ae003488be84d2f0c1e57ddb7f39""}","{""python"": ""3.12.10"", ""numpy"": ""2.5.1"", ""pandas"": ""3.0.3"", ""statsmodels"": ""0.14.6"", ""scipy"": ""1.18.0""}"
shard0,366001,24,32,included_final_1000,"(366001, 24)",completed,True,,pooled (real draws),81e9437bee81301cf598ccadda508c9ac9305bf4,"{""finite_shot_end_to_end.parquet"": ""22b5e761f461c6bfde7a60a4efa7ac13bc59ae003488be84d2f0c1e57ddb7f39""}","{""python"": ""3.12.10"", ""numpy"": ""2.5.1"", ""pandas"": ""3.0.3"", ""statsmodels"": ""0.14.6"", ""scipy"": ""1.18.0""}"
shard0,366001,25,33,included_final_1000,"(366001, 25)",completed,True,,pooled (real draws),81e9437bee81301cf598ccadda508c9ac9305bf4,"{""finite_shot_end_to_end.parquet"": ""22b5e761f461c6bfde7a60a4efa7ac13bc59ae003488be84d2f0c1e57ddb7f39""}","{""python"": ""3.12.10"", ""numpy"": ""2.5.1"", ""pandas"": ""3.0.3"", ""statsmodels"": ""0.14.6"", ""scipy"": ""1.18.0""}"
shard0,366001,26,34,included_final_1000,"(366001, 26)",completed,True,,pooled (real draws),81e9437bee81301cf598ccadda508c9ac9305bf4,"{""finite_shot_end_to_end.parquet"": ""22b5e761f461c6bfde7a60a4efa7ac13bc59ae003488be84d2f0c1e57ddb7f39""}","{""python"": ""3.12.10"", ""numpy"": ""2.5.1"", ""pandas"": ""3.0.3"", ""statsmodels"": ""0.14.6"", ""scipy"": ""1.18.0""}"
shard0,366001,27,35,included_final_1000,"(366001, 27)",completed,True,,pooled (real draws),81e9437bee81301cf598ccadda508c9ac9305bf4,"{""finite_shot_end_to_end.parquet"": ""22b5e761f461c6bfde7a60a4efa7ac13bc59ae003488be84d2f0c1e57ddb7f39""}","{""python"": ""3.12.10"", ""numpy"": ""2.5.1"", ""pandas"": ""3.0.3"", ""statsmodels"": ""0.14.6"", ""scipy"": ""1.18.0""}"
shard0,366001,28,36,included_final_1000,"(366001, 28)",completed,True,,pooled (real draws),81e9437bee81301cf598ccadda508c9ac9305bf4,"{""finite_shot_end_to_end.parquet"": ""22b5e761f461c6bfde7a60a4efa7ac13bc59ae003488be84d2f0c1e57ddb7f39""}","{""python"": ""3.12.10"", ""numpy"": ""2.5.1"", ""pandas"": ""3.0.3"", ""statsmodels"": ""0.14.6"", ""scipy"": ""1.18.0""}"
shard0,366001,29,37,included_final_1000,"(366001, 29)",completed,True,,pooled (real draws),81e9437bee81301cf598ccadda508c9ac9305bf4,"{""finite_shot_end_to_end.parquet"": ""22b5e761f461c6bfde7a60a4efa7ac13bc59ae003488be84d2f0c1e57ddb7f39""}","{""python"": ""3.12.10"", ""numpy"": ""2.5.1"", ""pandas"": ""3.0.3"", ""statsmodels"": ""0.14.6"", ""scipy"": ""1.18.0""}"
shard0,366001,30,38,included_final_1000,"(366001, 30)",completed,True,,pooled (real draws),81e9437bee81301cf598ccadda508c9ac9305bf4,"{""finite_shot_end_to_end.parquet"": ""22b5e761f461c6bfde7a60a4efa7ac13bc59ae003488be84d2f0c1e57ddb7f39""}","{""python"": ""3.12.10"", ""numpy"": ""2.5.1"", ""pandas"": ""3.0.3"", ""statsmodels"": ""0.14.6"", ""scipy"": ""1.18.0""}"
shard0,366001,31,39,included_final_1000,"(366001, 31)",completed,True,,pooled (real draws),81e9437bee81301cf598ccadda508c9ac9305bf4,"{""finite_shot_end_to_end.parquet"": ""22b5e761f461c6bfde7a60a4efa7ac13bc59ae003488be84d2f0c1e57ddb7f39""}","{""python"": ""3.12.10"", ""numpy"": ""2.5.1"", ""pandas"": ""3.0.3"", ""statsmodels"": ""0.14.6"", ""scipy"": ""1.18.0""}"
shard0,366001,32,40,included_final_1000,"(366001, 32)",completed,True,,pooled (real draws),81e9437bee81301cf598ccadda508c9ac9305bf4,"{""finite_shot_end_to_end.parquet"": ""22b5e761f461c6bfde7a60a4efa7ac13bc59ae003488be84d2f0c1e57ddb7f39""}","{""python"": ""3.12.10"", ""numpy"": ""2.5.1"", ""pandas"": ""3.0.3"", ""statsmodels"": ""0.14.6"", ""scipy"": ""1.18.0""}"
shard0,366001,33,41,included_final_1000,"(366001, 33)",completed,True,,pooled (real draws),81e9437bee81301cf598ccadda508c9ac9305bf4,"{""finite_shot_end_to_end.parquet"": ""22b5e761f461c6bfde7a60a4efa7ac13bc59ae003488be84d2f0c1e57ddb7f39""}","{""python"": ""3.12.10"", ""numpy"": ""2.5.1"", ""pandas"": ""3.0.3"", ""statsmodels"": ""0.14.6"", ""scipy"": ""1.18.0""}"
shard0,366001,34,42,included_final_1000,"(366001, 34)",completed,True,,pooled (real draws),81e9437bee81301cf598ccadda508c9ac9305bf4,"{""finite_shot_end_to_end.parquet"": ""22b5e761f461c6bfde7a60a4efa7ac13bc59ae003488be84d2f0c1e57ddb7f39""}","{""python"": ""3.12.10"", ""numpy"": ""2.5.1"", ""pandas"": ""3.0.3"", ""statsmodels"": ""0.14.6"", ""scipy"": ""1.18.0""}"
shard0,366001,35,43,included_final_1000,"(366001, 35)",completed,True,,pooled (real draws),81e9437bee81301cf598ccadda508c9ac9305bf4,"{""finite_shot_end_to_end.parquet"": ""22b5e761f461c6bfde7a60a4efa7ac13bc59ae003488be84d2f0c1e57ddb7f39""}","{""python"": ""3.12.10"", ""numpy"": ""2.5.1"", ""pandas"": ""3.0.3"", ""statsmodels"": ""0.14.6"", ""scipy"": ""1.18.0""}"
shard0,366001,36,44,included_final_1000,"(366001, 36)",completed,True,,pooled (real draws),81e9437bee81301cf598ccadda508c9ac9305bf4,"{""finite_shot_end_to_end.parquet"": ""22b5e761f461c6bfde7a60a4efa7ac13bc59ae003488be84d2f0c1e57ddb7f39""}","{""python"": ""3.12.10"", ""numpy"": ""2.5.1"", ""pandas"": ""3.0.3"", ""statsmodels"": ""0.14.6"", ""scipy"": ""1.18.0""}"
shard0,366001,37,45,included_final_1000,"(366001, 37)",completed,True,,pooled (real draws),81e9437bee81301cf598ccadda508c9ac9305bf4,"{""finite_shot_end_to_end.parquet"": ""22b5e761f461c6bfde7a60a4efa7ac13bc59ae003488be84d2f0c1e57ddb7f39""}","{""python"": ""3.12.10"", ""numpy"": ""2.5.1"", ""pandas"": ""3.0.3"", ""statsmodels"": ""0.14.6"", ""scipy"": ""1.18.0""}"
shard0,366001,38,46,included_final_1000,"(366001, 38)",completed,True,,pooled (real draws),81e9437bee81301cf598ccadda508c9ac9305bf4,"{""finite_shot_end_to_end.parquet"": ""22b5e761f461c6bfde7a60a4efa7ac13bc59ae003488be84d2f0c1e57ddb7f39""}","{""python"": ""3.12.10"", ""numpy"": ""2.5.1"", ""pandas"": ""3.0.3"", ""statsmodels"": ""0.14.6"", ""scipy"": ""1.18.0""}"
shard0,366001,39,47,included_final_1000,"(366001, 39)",completed,True,,pooled (real draws),81e9437bee81301cf598ccadda508c9ac9305bf4,"{""finite_shot_end_to_end.parquet"": ""22b5e761f461c6bfde7a60a4efa7ac13bc59ae003488be84d2f0c1e57ddb7f39""}","{""python"": ""3.12.10"", ""numpy"": ""2.5.1"", ""pandas"": ""3.0.3"", ""statsmodels"": ""0.14.6"", ""scipy"": ""1.18.0""}"
shard0,366001,40,48,included_final_1000,"(366001, 40)",completed,True,,pooled (real draws),81e9437bee81301cf598ccadda508c9ac9305bf4,"{""finite_shot_end_to_end.parquet"": ""22b5e761f461c6bfde7a60a4efa7ac13bc59ae003488be84d2f0c1e57ddb7f39""}","{""python"": ""3.12.10"", ""numpy"": ""2.5.1"", ""pandas"": ""3.0.3"", ""statsmodels"": ""0.14.6"", ""scipy"": ""1.18.0""}"
shard0,366001,41,49,included_final_1000,"(366001, 41)",completed,True,,pooled (real draws),81e9437bee81301cf598ccadda508c9ac9305bf4,"{""finite_shot_end_to_end.parquet"": ""22b5e761f461c6bfde7a60a4efa7ac13bc59ae003488be84d2f0c1e57ddb7f39""}","{""python"": ""3.12.10"", ""numpy"": ""2.5.1"", ""pandas"": ""3.0.3"", ""statsmodels"": ""0.14.6"", ""scipy"": ""1.18.0""}"
shard0,366001,42,50,included_final_1000,"(366001, 42)",completed,True,,pooled (real draws),81e9437bee81301cf598ccadda508c9ac9305bf4,"{""finite_shot_end_to_end.parquet"": ""22b5e761f461c6bfde7a60a4efa7ac13bc59ae003488be84d2f0c1e57ddb7f39""}","{""python"": ""3.12.10"", ""numpy"": ""2.5.1"", ""pandas"": ""3.0.3"", ""statsmodels"": ""0.14.6"", ""scipy"": ""1.18.0""}"
shard0,366001,43,51,included_final_1000,"(366001, 43)",completed,True,,pooled (real draws),81e9437bee81301cf598ccadda508c9ac9305bf4,"{""finite_shot_end_to_end.parquet"": ""22b5e761f461c6bfde7a60a4efa7ac13bc59ae003488be84d2f0c1e57ddb7f39""}","{""python"": ""3.12.10"", ""numpy"": ""2.5.1"", ""pandas"": ""3.0.3"", ""statsmodels"": ""0.14.6"", ""scipy"": ""1.18.0""}"
shard0,366001,44,52,included_final_1000,"(366001, 44)",completed,True,,pooled (real draws),81e9437bee81301cf598ccadda508c9ac9305bf4,"{""finite_shot_end_to_end.parquet"": ""22b5e761f461c6bfde7a60a4efa7ac13bc59ae003488be84d2f0c1e57ddb7f39""}","{""python"": ""3.12.10"", ""numpy"": ""2.5.1"", ""pandas"": ""3.0.3"", ""statsmodels"": ""0.14.6"", ""scipy"": ""1.18.0""}"
shard0,366001,45,53,included_final_1000,"(366001, 45)",completed,True,,pooled (real draws),81e9437bee81301cf598ccadda508c9ac9305bf4,"{""finite_shot_end_to_end.parquet"": ""22b5e761f461c6bfde7a60a4efa7ac13bc59ae003488be84d2f0c1e57ddb7f39""}","{""python"": ""3.12.10"", ""numpy"": ""2.5.1"", ""pandas"": ""3.0.3"", ""statsmodels"": ""0.14.6"", ""scipy"": ""1.18.0""}"
shard0,366001,46,54,included_final_1000,"(366001, 46)",completed,True,,pooled (real draws),81e9437bee81301cf598ccadda508c9ac9305bf4,"{""finite_shot_end_to_end.parquet"": ""22b5e761f461c6bfde7a60a4efa7ac13bc59ae003488be84d2f0c1e57ddb7f39""}","{""python"": ""3.12.10"", ""numpy"": ""2.5.1"", ""pandas"": ""3.0.3"", ""statsmodels"": ""0.14.6"", ""scipy"": ""1.18.0""}"
shard0,366001,47,55,included_final_1000,"(366001, 47)",completed,True,,pooled (real draws),81e9437bee81301cf598ccadda508c9ac9305bf4,"{""finite_shot_end_to_end.parquet"": ""22b5e761f461c6bfde7a60a4efa7ac13bc59ae003488be84d2f0c1e57ddb7f39""}","{""python"": ""3.12.10"", ""numpy"": ""2.5.1"", ""pandas"": ""3.0.3"", ""statsmodels"": ""0.14.6"", ""scipy"": ""1.18.0""}"
shard0,366001,48,56,included_final_1000,"(366001, 48)",completed,True,,pooled (real draws),81e9437bee81301cf598ccadda508c9ac9305bf4,"{""finite_shot_end_to_end.parquet"": ""22b5e761f461c6bfde7a60a4efa7ac13bc59ae003488be84d2f0c1e57ddb7f39""}","{""python"": ""3.12.10"", ""numpy"": ""2.5.1"", ""pandas"": ""3.0.3"", ""statsmodels"": ""0.14.6"", ""scipy"": ""1.18.0""}"
shard0,366001,49,57,included_final_1000,"(366001, 49)",completed,True,,pooled (real draws),81e9437bee81301cf598ccadda508c9ac9305bf4,"{""finite_shot_end_to_end.parquet"": ""22b5e761f461c6bfde7a60a4efa7ac13bc59ae003488be84d2f0c1e57ddb7f39""}","{""python"": ""3.12.10"", ""numpy"": ""2.5.1"", ""pandas"": ""3.0.3"", ""statsmodels"": ""0.14.6"", ""scipy"": ""1.18.0""}"
shard0,366001,50,58,included_final_1000,"(366001, 50)",completed,True,,pooled (real draws),81e9437bee81301cf598ccadda508c9ac9305bf4,"{""finite_shot_end_to_end.parquet"": ""22b5e761f461c6bfde7a60a4efa7ac13bc59ae003488be84d2f0c1e57ddb7f39""}","{""python"": ""3.12.10"", ""numpy"": ""2.5.1"", ""pandas"": ""3.0.3"", ""statsmodels"": ""0.14.6"", ""scipy"": ""1.18.0""}"
shard0,366001,51,59,included_final_1000,"(366001, 51)",completed,True,,pooled (real draws),81e9437bee81301cf598ccadda508c9ac9305bf4,"{""finite_shot_end_to_end.parquet"": ""22b5e761f461c6bfde7a60a4efa7ac13bc59ae003488be84d2f0c1e57ddb7f39""}","{""python"": ""3.12.10"", ""numpy"": ""2.5.1"", ""pandas"": ""3.0.3"", ""statsmodels"": ""0.14.6"", ""scipy"": ""1.18.0""}"
shard0,366001,52,60,included_final_1000,"(366001, 52)",completed,True,,pooled (real draws),81e9437bee81301cf598ccadda508c9ac9305bf4,"{""finite_shot_end_to_end.parquet"": ""22b5e761f461c6bfde7a60a4efa7ac13bc59ae003488be84d2f0c1e57ddb7f39""}","{""python"": ""3.12.10"", ""numpy"": ""2.5.1"", ""pandas"": ""3.0.3"", ""statsmodels"": ""0.14.6"", ""scipy"": ""1.18.0""}"
shard0,366001,53,61,included_final_1000,"(366001, 53)",completed,True,,pooled (real draws),81e9437bee81301cf598ccadda508c9ac9305bf4,"{""finite_shot_end_to_end.parquet"": ""22b5e761f461c6bfde7a60a4efa7ac13bc59ae003488be84d2f0c1e57ddb7f39""}","{""python"": ""3.12.10"", ""numpy"": ""2.5.1"", ""pandas"": ""3.0.3"", ""statsmodels"": ""0.14.6"", ""scipy"": ""1.18.0""}"
shard0,366001,54,62,included_final_1000,"(366001, 54)",completed,True,,pooled (real draws),81e9437bee81301cf598ccadda508c9ac9305bf4,"{""finite_shot_end_to_end.parquet"": ""22b5e761f461c6bfde7a60a4efa7ac13bc59ae003488be84d2f0c1e57ddb7f39""}","{""python"": ""3.12.10"", ""numpy"": ""2.5.1"", ""pandas"": ""3.0.3"", ""statsmodels"": ""0.14.6"", ""scipy"": ""1.18.0""}"
shard0,366001,55,63,included_final_1000,"(366001, 55)",completed,True,,pooled (real draws),81e9437bee81301cf598ccadda508c9ac9305bf4,"{""finite_shot_end_to_end.parquet"": ""22b5e761f461c6bfde7a60a4efa7ac13bc59ae003488be84d2f0c1e57ddb7f39""}","{""python"": ""3.12.10"", ""numpy"": ""2.5.1"", ""pandas"": ""3.0.3"", ""statsmodels"": ""0.14.6"", ""scipy"": ""1.18.0""}"
shard0,366001,56,64,included_final_1000,"(366001, 56)",completed,True,,pooled (real draws),81e9437bee81301cf598ccadda508c9ac9305bf4,"{""finite_shot_end_to_end.parquet"": ""22b5e761f461c6bfde7a60a4efa7ac13bc59ae003488be84d2f0c1e57ddb7f39""}","{""python"": ""3.12.10"", ""numpy"": ""2.5.1"", ""pandas"": ""3.0.3"", ""statsmodels"": ""0.14.6"", ""scipy"": ""1.18.0""}"
shard0,366001,57,65,included_final_1000,"(366001, 57)",completed,True,,pooled (real draws),81e9437bee81301cf598ccadda508c9ac9305bf4,"{""finite_shot_end_to_end.parquet"": ""22b5e761f461c6bfde7a60a4efa7ac13bc59ae003488be84d2f0c1e57ddb7f39""}","{""python"": ""3.12.10"", ""numpy"": ""2.5.1"", ""pandas"": ""3.0.3"", ""statsmodels"": ""0.14.6"", ""scipy"": ""1.18.0""}"
shard0,366001,58,66,included_final_1000,"(366001, 58)",completed,True,,pooled (real draws),81e9437bee81301cf598ccadda508c9ac9305bf4,"{""finite_shot_end_to_end.parquet"": ""22b5e761f461c6bfde7a60a4efa7ac13bc59ae003488be84d2f0c1e57ddb7f39""}","{""python"": ""3.12.10"", ""numpy"": ""2.5.1"", ""pandas"": ""3.0.3"", ""statsmodels"": ""0.14.6"", ""scipy"": ""1.18.0""}"
shard0,366001,59,67,included_final_1000,"(366001, 59)",completed,True,,pooled (real draws),81e9437bee81301cf598ccadda508c9ac9305bf4,"{""finite_shot_end_to_end.parquet"": ""22b5e761f461c6bfde7a60a4efa7ac13bc59ae003488be84d2f0c1e57ddb7f39""}","{""python"": ""3.12.10"", ""numpy"": ""2.5.1"", ""pandas"": ""3.0.3"", ""statsmodels"": ""0.14.6"", ""scipy"": ""1.18.0""}"
shard0,366001,60,68,included_final_1000,"(366001, 60)",completed,True,,pooled (real draws),81e9437bee81301cf598ccadda508c9ac9305bf4,"{""finite_shot_end_to_end.parquet"": ""22b5e761f461c6bfde7a60a4efa7ac13bc59ae003488be84d2f0c1e57ddb7f39""}","{""python"": ""3.12.10"", ""numpy"": ""2.5.1"", ""pandas"": ""3.0.3"", ""statsmodels"": ""0.14.6"", ""scipy"": ""1.18.0""}"
shard0,366001,61,69,included_final_1000,"(366001, 61)",completed,True,,pooled (real draws),81e9437bee81301cf598ccadda508c9ac9305bf4,"{""finite_shot_end_to_end.parquet"": ""22b5e761f461c6bfde7a60a4efa7ac13bc59ae003488be84d2f0c1e57ddb7f39""}","{""python"": ""3.12.10"", ""numpy"": ""2.5.1"", ""pandas"": ""3.0.3"", ""statsmodels"": ""0.14.6"", ""scipy"": ""1.18.0""}"
shard0,366001,62,70,included_final_1000,"(366001, 62)",completed,True,,pooled (real draws),81e9437bee81301cf598ccadda508c9ac9305bf4,"{""finite_shot_end_to_end.parquet"": ""22b5e761f461c6bfde7a60a4efa7ac13bc59ae003488be84d2f0c1e57ddb7f39""}","{""python"": ""3.12.10"", ""numpy"": ""2.5.1"", ""pandas"": ""3.0.3"", ""statsmodels"": ""0.14.6"", ""scipy"": ""1.18.0""}"
shard0,366001,63,71,included_final_1000,"(366001, 63)",completed,True,,pooled (real draws),81e9437bee81301cf598ccadda508c9ac9305bf4,"{""finite_shot_end_to_end.parquet"": ""22b5e761f461c6bfde7a60a4efa7ac13bc59ae003488be84d2f0c1e57ddb7f39""}","{""python"": ""3.12.10"", ""numpy"": ""2.5.1"", ""pandas"": ""3.0.3"", ""statsmodels"": ""0.14.6"", ""scipy"": ""1.18.0""}"
shard0,366001,64,72,included_final_1000,"(366001, 64)",completed,True,,pooled (real draws),81e9437bee81301cf598ccadda508c9ac9305bf4,"{""finite_shot_end_to_end.parquet"": ""22b5e761f461c6bfde7a60a4efa7ac13bc59ae003488be84d2f0c1e57ddb7f39""}","{""python"": ""3.12.10"", ""numpy"": ""2.5.1"", ""pandas"": ""3.0.3"", ""statsmodels"": ""0.14.6"", ""scipy"": ""1.18.0""}"
shard0,366001,65,73,included_final_1000,"(366001, 65)",completed,True,,pooled (real draws),81e9437bee81301cf598ccadda508c9ac9305bf4,"{""finite_shot_end_to_end.parquet"": ""22b5e761f461c6bfde7a60a4efa7ac13bc59ae003488be84d2f0c1e57ddb7f39""}","{""python"": ""3.12.10"", ""numpy"": ""2.5.1"", ""pandas"": ""3.0.3"", ""statsmodels"": ""0.14.6"", ""scipy"": ""1.18.0""}"
shard0,366001,66,74,included_final_1000,"(366001, 66)",completed,True,,pooled (real draws),81e9437bee81301cf598ccadda508c9ac9305bf4,"{""finite_shot_end_to_end.parquet"": ""22b5e761f461c6bfde7a60a4efa7ac13bc59ae003488be84d2f0c1e57ddb7f39""}","{""python"": ""3.12.10"", ""numpy"": ""2.5.1"", ""pandas"": ""3.0.3"", ""statsmodels"": ""0.14.6"", ""scipy"": ""1.18.0""}"
shard0,366001,67,75,included_final_1000,"(366001, 67)",completed,True,,pooled (real draws),81e9437bee81301cf598ccadda508c9ac9305bf4,"{""finite_shot_end_to_end.parquet"": ""22b5e761f461c6bfde7a60a4efa7ac13bc59ae003488be84d2f0c1e57ddb7f39""}","{""python"": ""3.12.10"", ""numpy"": ""2.5.1"", ""pandas"": ""3.0.3"", ""statsmodels"": ""0.14.6"", ""scipy"": ""1.18.0""}"
shard0,366001,68,76,included_final_1000,"(366001, 68)",completed,True,,pooled (real draws),81e9437bee81301cf598ccadda508c9ac9305bf4,"{""finite_shot_end_to_end.parquet"": ""22b5e761f461c6bfde7a60a4efa7ac13bc59ae003488be84d2f0c1e57ddb7f39""}","{""python"": ""3.12.10"", ""numpy"": ""2.5.1"", ""pandas"": ""3.0.3"", ""statsmodels"": ""0.14.6"", ""scipy"": ""1.18.0""}"
shard0,366001,69,77,included_final_1000,"(366001, 69)",completed,True,,pooled (real draws),81e9437bee81301cf598ccadda508c9ac9305bf4,"{""finite_shot_end_to_end.parquet"": ""22b5e761f461c6bfde7a60a4efa7ac13bc59ae003488be84d2f0c1e57ddb7f39""}","{""python"": ""3.12.10"", ""numpy"": ""2.5.1"", ""pandas"": ""3.0.3"", ""statsmodels"": ""0.14.6"", ""scipy"": ""1.18.0""}"
shard0,366001,70,78,included_final_1000,"(366001, 70)",completed,True,,pooled (real draws),81e9437bee81301cf598ccadda508c9ac9305bf4,"{""finite_shot_end_to_end.parquet"": ""22b5e761f461c6bfde7a60a4efa7ac13bc59ae003488be84d2f0c1e57ddb7f39""}","{""python"": ""3.12.10"", ""numpy"": ""2.5.1"", ""pandas"": ""3.0.3"", ""statsmodels"": ""0.14.6"", ""scipy"": ""1.18.0""}"
shard0,366001,71,79,included_final_1000,"(366001, 71)",completed,True,,pooled (real draws),81e9437bee81301cf598ccadda508c9ac9305bf4,"{""finite_shot_end_to_end.parquet"": ""22b5e761f461c6bfde7a60a4efa7ac13bc59ae003488be84d2f0c1e57ddb7f39""}","{""python"": ""3.12.10"", ""numpy"": ""2.5.1"", ""pandas"": ""3.0.3"", ""statsmodels"": ""0.14.6"", ""scipy"": ""1.18.0""}"
shard0,366001,72,80,included_final_1000,"(366001, 72)",completed,True,,pooled (real draws),81e9437bee81301cf598ccadda508c9ac9305bf4,"{""finite_shot_end_to_end.parquet"": ""22b5e761f461c6bfde7a60a4efa7ac13bc59ae003488be84d2f0c1e57ddb7f39""}","{""python"": ""3.12.10"", ""numpy"": ""2.5.1"", ""pandas"": ""3.0.3"", ""statsmodels"": ""0.14.6"", ""scipy"": ""1.18.0""}"
shard0,366001,73,81,included_final_1000,"(366001, 73)",completed,True,,pooled (real draws),81e9437bee81301cf598ccadda508c9ac9305bf4,"{""finite_shot_end_to_end.parquet"": ""22b5e761f461c6bfde7a60a4efa7ac13bc59ae003488be84d2f0c1e57ddb7f39""}","{""python"": ""3.12.10"", ""numpy"": ""2.5.1"", ""pandas"": ""3.0.3"", ""statsmodels"": ""0.14.6"", ""scipy"": ""1.18.0""}"
shard0,366001,74,82,included_final_1000,"(366001, 74)",completed,True,,pooled (real draws),81e9437bee81301cf598ccadda508c9ac9305bf4,"{""finite_shot_end_to_end.parquet"": ""22b5e761f461c6bfde7a60a4efa7ac13bc59ae003488be84d2f0c1e57ddb7f39""}","{""python"": ""3.12.10"", ""numpy"": ""2.5.1"", ""pandas"": ""3.0.3"", ""statsmodels"": ""0.14.6"", ""scipy"": ""1.18.0""}"
shard0,366001,75,83,included_final_1000,"(366001, 75)",completed,True,,pooled (real draws),81e9437bee81301cf598ccadda508c9ac9305bf4,"{""finite_shot_end_to_end.parquet"": ""22b5e761f461c6bfde7a60a4efa7ac13bc59ae003488be84d2f0c1e57ddb7f39""}","{""python"": ""3.12.10"", ""numpy"": ""2.5.1"", ""pandas"": ""3.0.3"", ""statsmodels"": ""0.14.6"", ""scipy"": ""1.18.0""}"
shard0,366001,76,84,included_final_1000,"(366001, 76)",completed,True,,pooled (real draws),81e9437bee81301cf598ccadda508c9ac9305bf4,"{""finite_shot_end_to_end.parquet"": ""22b5e761f461c6bfde7a60a4efa7ac13bc59ae003488be84d2f0c1e57ddb7f39""}","{""python"": ""3.12.10"", ""numpy"": ""2.5.1"", ""pandas"": ""3.0.3"", ""statsmodels"": ""0.14.6"", ""scipy"": ""1.18.0""}"
shard0,366001,77,85,included_final_1000,"(366001, 77)",completed,True,,pooled (real draws),81e9437bee81301cf598ccadda508c9ac9305bf4,"{""finite_shot_end_to_end.parquet"": ""22b5e761f461c6bfde7a60a4efa7ac13bc59ae003488be84d2f0c1e57ddb7f39""}","{""python"": ""3.12.10"", ""numpy"": ""2.5.1"", ""pandas"": ""3.0.3"", ""statsmodels"": ""0.14.6"", ""scipy"": ""1.18.0""}"
shard0,366001,78,86,included_final_1000,"(366001, 78)",completed,True,,pooled (real draws),81e9437bee81301cf598ccadda508c9ac9305bf4,"{""finite_shot_end_to_end.parquet"": ""22b5e761f461c6bfde7a60a4efa7ac13bc59ae003488be84d2f0c1e57ddb7f39""}","{""python"": ""3.12.10"", ""numpy"": ""2.5.1"", ""pandas"": ""3.0.3"", ""statsmodels"": ""0.14.6"", ""scipy"": ""1.18.0""}"
shard0,366001,79,87,included_final_1000,"(366001, 79)",completed,True,,pooled (real draws),81e9437bee81301cf598ccadda508c9ac9305bf4,"{""finite_shot_end_to_end.parquet"": ""22b5e761f461c6bfde7a60a4efa7ac13bc59ae003488be84d2f0c1e57ddb7f39""}","{""python"": ""3.12.10"", ""numpy"": ""2.5.1"", ""pandas"": ""3.0.3"", ""statsmodels"": ""0.14.6"", ""scipy"": ""1.18.0""}"
shard0,366001,80,88,included_final_1000,"(366001, 80)",completed,True,,pooled (real draws),81e9437bee81301cf598ccadda508c9ac9305bf4,"{""finite_shot_end_to_end.parquet"": ""22b5e761f461c6bfde7a60a4efa7ac13bc59ae003488be84d2f0c1e57ddb7f39""}","{""python"": ""3.12.10"", ""numpy"": ""2.5.1"", ""pandas"": ""3.0.3"", ""statsmodels"": ""0.14.6"", ""scipy"": ""1.18.0""}"
shard0,366001,81,89,included_final_1000,"(366001, 81)",completed,True,,pooled (real draws),81e9437bee81301cf598ccadda508c9ac9305bf4,"{""finite_shot_end_to_end.parquet"": ""22b5e761f461c6bfde7a60a4efa7ac13bc59ae003488be84d2f0c1e57ddb7f39""}","{""python"": ""3.12.10"", ""numpy"": ""2.5.1"", ""pandas"": ""3.0.3"", ""statsmodels"": ""0.14.6"", ""scipy"": ""1.18.0""}"
shard0,366001,82,90,included_final_1000,"(366001, 82)",completed,True,,pooled (real draws),81e9437bee81301cf598ccadda508c9ac9305bf4,"{""finite_shot_end_to_end.parquet"": ""22b5e761f461c6bfde7a60a4efa7ac13bc59ae003488be84d2f0c1e57ddb7f39""}","{""python"": ""3.12.10"", ""numpy"": ""2.5.1"", ""pandas"": ""3.0.3"", ""statsmodels"": ""0.14.6"", ""scipy"": ""1.18.0""}"
shard0,366001,83,91,included_final_1000,"(366001, 83)",completed,True,,pooled (real draws),81e9437bee81301cf598ccadda508c9ac9305bf4,"{""finite_shot_end_to_end.parquet"": ""22b5e761f461c6bfde7a60a4efa7ac13bc59ae003488be84d2f0c1e57ddb7f39""}","{""python"": ""3.12.10"", ""numpy"": ""2.5.1"", ""pandas"": ""3.0.3"", ""statsmodels"": ""0.14.6"", ""scipy"": ""1.18.0""}"
shard0,366001,84,92,included_final_1000,"(366001, 84)",completed,True,,pooled (real draws),81e9437bee81301cf598ccadda508c9ac9305bf4,"{""finite_shot_end_to_end.parquet"": ""22b5e761f461c6bfde7a60a4efa7ac13bc59ae003488be84d2f0c1e57ddb7f39""}","{""python"": ""3.12.10"", ""numpy"": ""2.5.1"", ""pandas"": ""3.0.3"", ""statsmodels"": ""0.14.6"", ""scipy"": ""1.18.0""}"
shard0,366001,85,93,included_final_1000,"(366001, 85)",completed,True,,pooled (real draws),81e9437bee81301cf598ccadda508c9ac9305bf4,"{""finite_shot_end_to_end.parquet"": ""22b5e761f461c6bfde7a60a4efa7ac13bc59ae003488be84d2f0c1e57ddb7f39""}","{""python"": ""3.12.10"", ""numpy"": ""2.5.1"", ""pandas"": ""3.0.3"", ""statsmodels"": ""0.14.6"", ""scipy"": ""1.18.0""}"
shard0,366001,86,94,included_final_1000,"(366001, 86)",completed,True,,pooled (real draws),81e9437bee81301cf598ccadda508c9ac9305bf4,"{""finite_shot_end_to_end.parquet"": ""22b5e761f461c6bfde7a60a4efa7ac13bc59ae003488be84d2f0c1e57ddb7f39""}","{""python"": ""3.12.10"", ""numpy"": ""2.5.1"", ""pandas"": ""3.0.3"", ""statsmodels"": ""0.14.6"", ""scipy"": ""1.18.0""}"
shard0,366001,87,95,included_final_1000,"(366001, 87)",completed,True,,pooled (real draws),81e9437bee81301cf598ccadda508c9ac9305bf4,"{""finite_shot_end_to_end.parquet"": ""22b5e761f461c6bfde7a60a4efa7ac13bc59ae003488be84d2f0c1e57ddb7f39""}","{""python"": ""3.12.10"", ""numpy"": ""2.5.1"", ""pandas"": ""3.0.3"", ""statsmodels"": ""0.14.6"", ""scipy"": ""1.18.0""}"
shard0,366001,88,96,included_final_1000,"(366001, 88)",completed,True,,pooled (real draws),81e9437bee81301cf598ccadda508c9ac9305bf4,"{""finite_shot_end_to_end.parquet"": ""22b5e761f461c6bfde7a60a4efa7ac13bc59ae003488be84d2f0c1e57ddb7f39""}","{""python"": ""3.12.10"", ""numpy"": ""2.5.1"", ""pandas"": ""3.0.3"", ""statsmodels"": ""0.14.6"", ""scipy"": ""1.18.0""}"
shard0,366001,89,97,included_final_1000,"(366001, 89)",completed,True,,pooled (real draws),81e9437bee81301cf598ccadda508c9ac9305bf4,"{""finite_shot_end_to_end.parquet"": ""22b5e761f461c6bfde7a60a4efa7ac13bc59ae003488be84d2f0c1e57ddb7f39""}","{""python"": ""3.12.10"", ""numpy"": ""2.5.1"", ""pandas"": ""3.0.3"", ""statsmodels"": ""0.14.6"", ""scipy"": ""1.18.0""}"
shard0,366001,90,98,included_final_1000,"(366001, 90)",completed,True,,pooled (real draws),81e9437bee81301cf598ccadda508c9ac9305bf4,"{""finite_shot_end_to_end.parquet"": ""22b5e761f461c6bfde7a60a4efa7ac13bc59ae003488be84d2f0c1e57ddb7f39""}","{""python"": ""3.12.10"", ""numpy"": ""2.5.1"", ""pandas"": ""3.0.3"", ""statsmodels"": ""0.14.6"", ""scipy"": ""1.18.0""}"
shard0,366001,91,99,included_final_1000,"(366001, 91)",completed,True,,pooled (real draws),81e9437bee81301cf598ccadda508c9ac9305bf4,"{""finite_shot_end_to_end.parquet"": ""22b5e761f461c6bfde7a60a4efa7ac13bc59ae003488be84d2f0c1e57ddb7f39""}","{""python"": ""3.12.10"", ""numpy"": ""2.5.1"", ""pandas"": ""3.0.3"", ""statsmodels"": ""0.14.6"", ""scipy"": ""1.18.0""}"
shard0,366001,92,100,included_final_1000,"(366001, 92)",completed,True,,pooled (real draws),81e9437bee81301cf598ccadda508c9ac9305bf4,"{""finite_shot_end_to_end.parquet"": ""22b5e761f461c6bfde7a60a4efa7ac13bc59ae003488be84d2f0c1e57ddb7f39""}","{""python"": ""3.12.10"", ""numpy"": ""2.5.1"", ""pandas"": ""3.0.3"", ""statsmodels"": ""0.14.6"", ""scipy"": ""1.18.0""}"
shard0,366001,93,101,included_final_1000,"(366001, 93)",completed,True,,pooled (real draws),81e9437bee81301cf598ccadda508c9ac9305bf4,"{""finite_shot_end_to_end.parquet"": ""22b5e761f461c6bfde7a60a4efa7ac13bc59ae003488be84d2f0c1e57ddb7f39""}","{""python"": ""3.12.10"", ""numpy"": ""2.5.1"", ""pandas"": ""3.0.3"", ""statsmodels"": ""0.14.6"", ""scipy"": ""1.18.0""}"
shard0,366001,94,102,included_final_1000,"(366001, 94)",completed,True,,pooled (real draws),81e9437bee81301cf598ccadda508c9ac9305bf4,"{""finite_shot_end_to_end.parquet"": ""22b5e761f461c6bfde7a60a4efa7ac13bc59ae003488be84d2f0c1e57ddb7f39""}","{""python"": ""3.12.10"", ""numpy"": ""2.5.1"", ""pandas"": ""3.0.3"", ""statsmodels"": ""0.14.6"", ""scipy"": ""1.18.0""}"
shard0,366001,95,103,included_final_1000,"(366001, 95)",completed,True,,pooled (real draws),81e9437bee81301cf598ccadda508c9ac9305bf4,"{""finite_shot_end_to_end.parquet"": ""22b5e761f461c6bfde7a60a4efa7ac13bc59ae003488be84d2f0c1e57ddb7f39""}","{""python"": ""3.12.10"", ""numpy"": ""2.5.1"", ""pandas"": ""3.0.3"", ""statsmodels"": ""0.14.6"", ""scipy"": ""1.18.0""}"
shard0,366001,96,104,included_final_1000,"(366001, 96)",completed,True,,pooled (real draws),81e9437bee81301cf598ccadda508c9ac9305bf4,"{""finite_shot_end_to_end.parquet"": ""22b5e761f461c6bfde7a60a4efa7ac13bc59ae003488be84d2f0c1e57ddb7f39""}","{""python"": ""3.12.10"", ""numpy"": ""2.5.1"", ""pandas"": ""3.0.3"", ""statsmodels"": ""0.14.6"", ""scipy"": ""1.18.0""}"
shard0,366001,97,105,included_final_1000,"(366001, 97)",completed,True,,pooled (real draws),81e9437bee81301cf598ccadda508c9ac9305bf4,"{""finite_shot_end_to_end.parquet"": ""22b5e761f461c6bfde7a60a4efa7ac13bc59ae003488be84d2f0c1e57ddb7f39""}","{""python"": ""3.12.10"", ""numpy"": ""2.5.1"", ""pandas"": ""3.0.3"", ""statsmodels"": ""0.14.6"", ""scipy"": ""1.18.0""}"
shard0,366001,98,106,included_final_1000,"(366001, 98)",completed,True,,pooled (real draws),81e9437bee81301cf598ccadda508c9ac9305bf4,"{""finite_shot_end_to_end.parquet"": ""22b5e761f461c6bfde7a60a4efa7ac13bc59ae003488be84d2f0c1e57ddb7f39""}","{""python"": ""3.12.10"", ""numpy"": ""2.5.1"", ""pandas"": ""3.0.3"", ""statsmodels"": ""0.14.6"", ""scipy"": ""1.18.0""}"
shard0,366001,99,107,included_final_1000,"(366001, 99)",completed,True,,pooled (real draws),81e9437bee81301cf598ccadda508c9ac9305bf4,"{""finite_shot_end_to_end.parquet"": ""22b5e761f461c6bfde7a60a4efa7ac13bc59ae003488be84d2f0c1e57ddb7f39""}","{""python"": ""3.12.10"", ""numpy"": ""2.5.1"", ""pandas"": ""3.0.3"", ""statsmodels"": ""0.14.6"", ""scipy"": ""1.18.0""}"
shard0,366001,100,108,included_final_1000,"(366001, 100)",completed,True,,pooled (real draws),81e9437bee81301cf598ccadda508c9ac9305bf4,"{""finite_shot_end_to_end.parquet"": ""22b5e761f461c6bfde7a60a4efa7ac13bc59ae003488be84d2f0c1e57ddb7f39""}","{""python"": ""3.12.10"", ""numpy"": ""2.5.1"", ""pandas"": ""3.0.3"", ""statsmodels"": ""0.14.6"", ""scipy"": ""1.18.0""}"
shard0,366001,101,109,included_final_1000,"(366001, 101)",completed,True,,pooled (real draws),81e9437bee81301cf598ccadda508c9ac9305bf4,"{""finite_shot_end_to_end.parquet"": ""22b5e761f461c6bfde7a60a4efa7ac13bc59ae003488be84d2f0c1e57ddb7f39""}","{""python"": ""3.12.10"", ""numpy"": ""2.5.1"", ""pandas"": ""3.0.3"", ""statsmodels"": ""0.14.6"", ""scipy"": ""1.18.0""}"
shard0,366001,102,110,included_final_1000,"(366001, 102)",completed,True,,pooled (real draws),81e9437bee81301cf598ccadda508c9ac9305bf4,"{""finite_shot_end_to_end.parquet"": ""22b5e761f461c6bfde7a60a4efa7ac13bc59ae003488be84d2f0c1e57ddb7f39""}","{""python"": ""3.12.10"", ""numpy"": ""2.5.1"", ""pandas"": ""3.0.3"", ""statsmodels"": ""0.14.6"", ""scipy"": ""1.18.0""}"
shard0,366001,103,111,included_final_1000,"(366001, 103)",completed,True,,pooled (real draws),81e9437bee81301cf598ccadda508c9ac9305bf4,"{""finite_shot_end_to_end.parquet"": ""22b5e761f461c6bfde7a60a4efa7ac13bc59ae003488be84d2f0c1e57ddb7f39""}","{""python"": ""3.12.10"", ""numpy"": ""2.5.1"", ""pandas"": ""3.0.3"", ""statsmodels"": ""0.14.6"", ""scipy"": ""1.18.0""}"
shard0,366001,104,112,included_final_1000,"(366001, 104)",completed,True,,pooled (real draws),81e9437bee81301cf598ccadda508c9ac9305bf4,"{""finite_shot_end_to_end.parquet"": ""22b5e761f461c6bfde7a60a4efa7ac13bc59ae003488be84d2f0c1e57ddb7f39""}","{""python"": ""3.12.10"", ""numpy"": ""2.5.1"", ""pandas"": ""3.0.3"", ""statsmodels"": ""0.14.6"", ""scipy"": ""1.18.0""}"
shard0,366001,105,113,included_final_1000,"(366001, 105)",completed,True,,pooled (real draws),81e9437bee81301cf598ccadda508c9ac9305bf4,"{""finite_shot_end_to_end.parquet"": ""22b5e761f461c6bfde7a60a4efa7ac13bc59ae003488be84d2f0c1e57ddb7f39""}","{""python"": ""3.12.10"", ""numpy"": ""2.5.1"", ""pandas"": ""3.0.3"", ""statsmodels"": ""0.14.6"", ""scipy"": ""1.18.0""}"
shard0,366001,106,114,included_final_1000,"(366001, 106)",completed,True,,pooled (real draws),81e9437bee81301cf598ccadda508c9ac9305bf4,"{""finite_shot_end_to_end.parquet"": ""22b5e761f461c6bfde7a60a4efa7ac13bc59ae003488be84d2f0c1e57ddb7f39""}","{""python"": ""3.12.10"", ""numpy"": ""2.5.1"", ""pandas"": ""3.0.3"", ""statsmodels"": ""0.14.6"", ""scipy"": ""1.18.0""}"
shard0,366001,107,115,included_final_1000,"(366001, 107)",completed,True,,pooled (real draws),81e9437bee81301cf598ccadda508c9ac9305bf4,"{""finite_shot_end_to_end.parquet"": ""22b5e761f461c6bfde7a60a4efa7ac13bc59ae003488be84d2f0c1e57ddb7f39""}","{""python"": ""3.12.10"", ""numpy"": ""2.5.1"", ""pandas"": ""3.0.3"", ""statsmodels"": ""0.14.6"", ""scipy"": ""1.18.0""}"
shard0,366001,108,116,included_final_1000,"(366001, 108)",completed,True,,pooled (real draws),81e9437bee81301cf598ccadda508c9ac9305bf4,"{""finite_shot_end_to_end.parquet"": ""22b5e761f461c6bfde7a60a4efa7ac13bc59ae003488be84d2f0c1e57ddb7f39""}","{""python"": ""3.12.10"", ""numpy"": ""2.5.1"", ""pandas"": ""3.0.3"", ""statsmodels"": ""0.14.6"", ""scipy"": ""1.18.0""}"
shard0,366001,109,117,included_final_1000,"(366001, 109)",completed,True,,pooled (real draws),81e9437bee81301cf598ccadda508c9ac9305bf4,"{""finite_shot_end_to_end.parquet"": ""22b5e761f461c6bfde7a60a4efa7ac13bc59ae003488be84d2f0c1e57ddb7f39""}","{""python"": ""3.12.10"", ""numpy"": ""2.5.1"", ""pandas"": ""3.0.3"", ""statsmodels"": ""0.14.6"", ""scipy"": ""1.18.0""}"
shard0,366001,110,118,included_final_1000,"(366001, 110)",completed,True,,pooled (real draws),81e9437bee81301cf598ccadda508c9ac9305bf4,"{""finite_shot_end_to_end.parquet"": ""22b5e761f461c6bfde7a60a4efa7ac13bc59ae003488be84d2f0c1e57ddb7f39""}","{""python"": ""3.12.10"", ""numpy"": ""2.5.1"", ""pandas"": ""3.0.3"", ""statsmodels"": ""0.14.6"", ""scipy"": ""1.18.0""}"
shard0,366001,111,119,included_final_1000,"(366001, 111)",completed,True,,pooled (real draws),81e9437bee81301cf598ccadda508c9ac9305bf4,"{""finite_shot_end_to_end.parquet"": ""22b5e761f461c6bfde7a60a4efa7ac13bc59ae003488be84d2f0c1e57ddb7f39""}","{""python"": ""3.12.10"", ""numpy"": ""2.5.1"", ""pandas"": ""3.0.3"", ""statsmodels"": ""0.14.6"", ""scipy"": ""1.18.0""}"
shard0,366001,112,120,included_final_1000,"(366001, 112)",completed,True,,pooled (real draws),81e9437bee81301cf598ccadda508c9ac9305bf4,"{""finite_shot_end_to_end.parquet"": ""22b5e761f461c6bfde7a60a4efa7ac13bc59ae003488be84d2f0c1e57ddb7f39""}","{""python"": ""3.12.10"", ""numpy"": ""2.5.1"", ""pandas"": ""3.0.3"", ""statsmodels"": ""0.14.6"", ""scipy"": ""1.18.0""}"
shard0,366001,113,121,included_final_1000,"(366001, 113)",completed,True,,pooled (real draws),81e9437bee81301cf598ccadda508c9ac9305bf4,"{""finite_shot_end_to_end.parquet"": ""22b5e761f461c6bfde7a60a4efa7ac13bc59ae003488be84d2f0c1e57ddb7f39""}","{""python"": ""3.12.10"", ""numpy"": ""2.5.1"", ""pandas"": ""3.0.3"", ""statsmodels"": ""0.14.6"", ""scipy"": ""1.18.0""}"
shard0,366001,114,122,included_final_1000,"(366001, 114)",completed,True,,pooled (real draws),81e9437bee81301cf598ccadda508c9ac9305bf4,"{""finite_shot_end_to_end.parquet"": ""22b5e761f461c6bfde7a60a4efa7ac13bc59ae003488be84d2f0c1e57ddb7f39""}","{""python"": ""3.12.10"", ""numpy"": ""2.5.1"", ""pandas"": ""3.0.3"", ""statsmodels"": ""0.14.6"", ""scipy"": ""1.18.0""}"
shard0,366001,115,123,included_final_1000,"(366001, 115)",completed,True,,pooled (real draws),81e9437bee81301cf598ccadda508c9ac9305bf4,"{""finite_shot_end_to_end.parquet"": ""22b5e761f461c6bfde7a60a4efa7ac13bc59ae003488be84d2f0c1e57ddb7f39""}","{""python"": ""3.12.10"", ""numpy"": ""2.5.1"", ""pandas"": ""3.0.3"", ""statsmodels"": ""0.14.6"", ""scipy"": ""1.18.0""}"
shard0,366001,116,124,included_final_1000,"(366001, 116)",completed,True,,pooled (real draws),81e9437bee81301cf598ccadda508c9ac9305bf4,"{""finite_shot_end_to_end.parquet"": ""22b5e761f461c6bfde7a60a4efa7ac13bc59ae003488be84d2f0c1e57ddb7f39""}","{""python"": ""3.12.10"", ""numpy"": ""2.5.1"", ""pandas"": ""3.0.3"", ""statsmodels"": ""0.14.6"", ""scipy"": ""1.18.0""}"
shard0,366001,117,125,included_final_1000,"(366001, 117)",completed,True,,pooled (real draws),81e9437bee81301cf598ccadda508c9ac9305bf4,"{""finite_shot_end_to_end.parquet"": ""22b5e761f461c6bfde7a60a4efa7ac13bc59ae003488be84d2f0c1e57ddb7f39""}","{""python"": ""3.12.10"", ""numpy"": ""2.5.1"", ""pandas"": ""3.0.3"", ""statsmodels"": ""0.14.6"", ""scipy"": ""1.18.0""}"
shard0,366001,118,126,included_final_1000,"(366001, 118)",completed,True,,pooled (real draws),81e9437bee81301cf598ccadda508c9ac9305bf4,"{""finite_shot_end_to_end.parquet"": ""22b5e761f461c6bfde7a60a4efa7ac13bc59ae003488be84d2f0c1e57ddb7f39""}","{""python"": ""3.12.10"", ""numpy"": ""2.5.1"", ""pandas"": ""3.0.3"", ""statsmodels"": ""0.14.6"", ""scipy"": ""1.18.0""}"
shard0,366001,119,127,included_final_1000,"(366001, 119)",completed,True,,pooled (real draws),81e9437bee81301cf598ccadda508c9ac9305bf4,"{""finite_shot_end_to_end.parquet"": ""22b5e761f461c6bfde7a60a4efa7ac13bc59ae003488be84d2f0c1e57ddb7f39""}","{""python"": ""3.12.10"", ""numpy"": ""2.5.1"", ""pandas"": ""3.0.3"", ""statsmodels"": ""0.14.6"", ""scipy"": ""1.18.0""}"
shard0,366001,120,128,included_final_1000,"(366001, 120)",completed,True,,pooled (real draws),81e9437bee81301cf598ccadda508c9ac9305bf4,"{""finite_shot_end_to_end.parquet"": ""22b5e761f461c6bfde7a60a4efa7ac13bc59ae003488be84d2f0c1e57ddb7f39""}","{""python"": ""3.12.10"", ""numpy"": ""2.5.1"", ""pandas"": ""3.0.3"", ""statsmodels"": ""0.14.6"", ""scipy"": ""1.18.0""}"
shard0,366001,121,129,included_final_1000,"(366001, 121)",completed,True,,pooled (real draws),81e9437bee81301cf598ccadda508c9ac9305bf4,"{""finite_shot_end_to_end.parquet"": ""22b5e761f461c6bfde7a60a4efa7ac13bc59ae003488be84d2f0c1e57ddb7f39""}","{""python"": ""3.12.10"", ""numpy"": ""2.5.1"", ""pandas"": ""3.0.3"", ""statsmodels"": ""0.14.6"", ""scipy"": ""1.18.0""}"
shard0,366001,122,130,included_final_1000,"(366001, 122)",completed,True,,pooled (real draws),81e9437bee81301cf598ccadda508c9ac9305bf4,"{""finite_shot_end_to_end.parquet"": ""22b5e761f461c6bfde7a60a4efa7ac13bc59ae003488be84d2f0c1e57ddb7f39""}","{""python"": ""3.12.10"", ""numpy"": ""2.5.1"", ""pandas"": ""3.0.3"", ""statsmodels"": ""0.14.6"", ""scipy"": ""1.18.0""}"
shard0,366001,123,131,included_final_1000,"(366001, 123)",completed,True,,pooled (real draws),81e9437bee81301cf598ccadda508c9ac9305bf4,"{""finite_shot_end_to_end.parquet"": ""22b5e761f461c6bfde7a60a4efa7ac13bc59ae003488be84d2f0c1e57ddb7f39""}","{""python"": ""3.12.10"", ""numpy"": ""2.5.1"", ""pandas"": ""3.0.3"", ""statsmodels"": ""0.14.6"", ""scipy"": ""1.18.0""}"
shard0,366001,124,132,included_final_1000,"(366001, 124)",completed,True,,pooled (real draws),81e9437bee81301cf598ccadda508c9ac9305bf4,"{""finite_shot_end_to_end.parquet"": ""22b5e761f461c6bfde7a60a4efa7ac13bc59ae003488be84d2f0c1e57ddb7f39""}","{""python"": ""3.12.10"", ""numpy"": ""2.5.1"", ""pandas"": ""3.0.3"", ""statsmodels"": ""0.14.6"", ""scipy"": ""1.18.0""}"
shard0,366001,125,133,included_final_1000,"(366001, 125)",completed,True,,pooled (real draws),81e9437bee81301cf598ccadda508c9ac9305bf4,"{""finite_shot_end_to_end.parquet"": ""22b5e761f461c6bfde7a60a4efa7ac13bc59ae003488be84d2f0c1e57ddb7f39""}","{""python"": ""3.12.10"", ""numpy"": ""2.5.1"", ""pandas"": ""3.0.3"", ""statsmodels"": ""0.14.6"", ""scipy"": ""1.18.0""}"
shard0,366001,126,134,included_final_1000,"(366001, 126)",completed,True,,pooled (real draws),81e9437bee81301cf598ccadda508c9ac9305bf4,"{""finite_shot_end_to_end.parquet"": ""22b5e761f461c6bfde7a60a4efa7ac13bc59ae003488be84d2f0c1e57ddb7f39""}","{""python"": ""3.12.10"", ""numpy"": ""2.5.1"", ""pandas"": ""3.0.3"", ""statsmodels"": ""0.14.6"", ""scipy"": ""1.18.0""}"
shard0,366001,127,135,included_final_1000,"(366001, 127)",completed,True,,pooled (real draws),81e9437bee81301cf598ccadda508c9ac9305bf4,"{""finite_shot_end_to_end.parquet"": ""22b5e761f461c6bfde7a60a4efa7ac13bc59ae003488be84d2f0c1e57ddb7f39""}","{""python"": ""3.12.10"", ""numpy"": ""2.5.1"", ""pandas"": ""3.0.3"", ""statsmodels"": ""0.14.6"", ""scipy"": ""1.18.0""}"
shard0,366001,128,136,included_final_1000,"(366001, 128)",completed,True,,pooled (real draws),81e9437bee81301cf598ccadda508c9ac9305bf4,"{""finite_shot_end_to_end.parquet"": ""22b5e761f461c6bfde7a60a4efa7ac13bc59ae003488be84d2f0c1e57ddb7f39""}","{""python"": ""3.12.10"", ""numpy"": ""2.5.1"", ""pandas"": ""3.0.3"", ""statsmodels"": ""0.14.6"", ""scipy"": ""1.18.0""}"
shard0,366001,129,137,included_final_1000,"(366001, 129)",completed,True,,pooled (real draws),81e9437bee81301cf598ccadda508c9ac9305bf4,"{""finite_shot_end_to_end.parquet"": ""22b5e761f461c6bfde7a60a4efa7ac13bc59ae003488be84d2f0c1e57ddb7f39""}","{""python"": ""3.12.10"", ""numpy"": ""2.5.1"", ""pandas"": ""3.0.3"", ""statsmodels"": ""0.14.6"", ""scipy"": ""1.18.0""}"
shard0,366001,130,138,included_final_1000,"(366001, 130)",completed,True,,pooled (real draws),81e9437bee81301cf598ccadda508c9ac9305bf4,"{""finite_shot_end_to_end.parquet"": ""22b5e761f461c6bfde7a60a4efa7ac13bc59ae003488be84d2f0c1e57ddb7f39""}","{""python"": ""3.12.10"", ""numpy"": ""2.5.1"", ""pandas"": ""3.0.3"", ""statsmodels"": ""0.14.6"", ""scipy"": ""1.18.0""}"
shard0,366001,131,139,included_final_1000,"(366001, 131)",completed,True,,pooled (real draws),81e9437bee81301cf598ccadda508c9ac9305bf4,"{""finite_shot_end_to_end.parquet"": ""22b5e761f461c6bfde7a60a4efa7ac13bc59ae003488be84d2f0c1e57ddb7f39""}","{""python"": ""3.12.10"", ""numpy"": ""2.5.1"", ""pandas"": ""3.0.3"", ""statsmodels"": ""0.14.6"", ""scipy"": ""1.18.0""}"
shard0,366001,132,140,included_final_1000,"(366001, 132)",completed,True,,pooled (real draws),81e9437bee81301cf598ccadda508c9ac9305bf4,"{""finite_shot_end_to_end.parquet"": ""22b5e761f461c6bfde7a60a4efa7ac13bc59ae003488be84d2f0c1e57ddb7f39""}","{""python"": ""3.12.10"", ""numpy"": ""2.5.1"", ""pandas"": ""3.0.3"", ""statsmodels"": ""0.14.6"", ""scipy"": ""1.18.0""}"
shard0,366001,133,141,included_final_1000,"(366001, 133)",completed,True,,pooled (real draws),81e9437bee81301cf598ccadda508c9ac9305bf4,"{""finite_shot_end_to_end.parquet"": ""22b5e761f461c6bfde7a60a4efa7ac13bc59ae003488be84d2f0c1e57ddb7f39""}","{""python"": ""3.12.10"", ""numpy"": ""2.5.1"", ""pandas"": ""3.0.3"", ""statsmodels"": ""0.14.6"", ""scipy"": ""1.18.0""}"
shard0,366001,134,142,included_final_1000,"(366001, 134)",completed,True,,pooled (real draws),81e9437bee81301cf598ccadda508c9ac9305bf4,"{""finite_shot_end_to_end.parquet"": ""22b5e761f461c6bfde7a60a4efa7ac13bc59ae003488be84d2f0c1e57ddb7f39""}","{""python"": ""3.12.10"", ""numpy"": ""2.5.1"", ""pandas"": ""3.0.3"", ""statsmodels"": ""0.14.6"", ""scipy"": ""1.18.0""}"
shard0,366001,135,143,included_final_1000,"(366001, 135)",completed,True,,pooled (real draws),81e9437bee81301cf598ccadda508c9ac9305bf4,"{""finite_shot_end_to_end.parquet"": ""22b5e761f461c6bfde7a60a4efa7ac13bc59ae003488be84d2f0c1e57ddb7f39""}","{""python"": ""3.12.10"", ""numpy"": ""2.5.1"", ""pandas"": ""3.0.3"", ""statsmodels"": ""0.14.6"", ""scipy"": ""1.18.0""}"
shard0,366001,136,144,included_final_1000,"(366001, 136)",completed,True,,pooled (real draws),81e9437bee81301cf598ccadda508c9ac9305bf4,"{""finite_shot_end_to_end.parquet"": ""22b5e761f461c6bfde7a60a4efa7ac13bc59ae003488be84d2f0c1e57ddb7f39""}","{""python"": ""3.12.10"", ""numpy"": ""2.5.1"", ""pandas"": ""3.0.3"", ""statsmodels"": ""0.14.6"", ""scipy"": ""1.18.0""}"
shard0,366001,137,145,included_final_1000,"(366001, 137)",completed,True,,pooled (real draws),81e9437bee81301cf598ccadda508c9ac9305bf4,"{""finite_shot_end_to_end.parquet"": ""22b5e761f461c6bfde7a60a4efa7ac13bc59ae003488be84d2f0c1e57ddb7f39""}","{""python"": ""3.12.10"", ""numpy"": ""2.5.1"", ""pandas"": ""3.0.3"", ""statsmodels"": ""0.14.6"", ""scipy"": ""1.18.0""}"
shard0,366001,138,146,included_final_1000,"(366001, 138)",completed,True,,pooled (real draws),81e9437bee81301cf598ccadda508c9ac9305bf4,"{""finite_shot_end_to_end.parquet"": ""22b5e761f461c6bfde7a60a4efa7ac13bc59ae003488be84d2f0c1e57ddb7f39""}","{""python"": ""3.12.10"", ""numpy"": ""2.5.1"", ""pandas"": ""3.0.3"", ""statsmodels"": ""0.14.6"", ""scipy"": ""1.18.0""}"
shard0,366001,139,147,included_final_1000,"(366001, 139)",completed,True,,pooled (real draws),81e9437bee81301cf598ccadda508c9ac9305bf4,"{""finite_shot_end_to_end.parquet"": ""22b5e761f461c6bfde7a60a4efa7ac13bc59ae003488be84d2f0c1e57ddb7f39""}","{""python"": ""3.12.10"", ""numpy"": ""2.5.1"", ""pandas"": ""3.0.3"", ""statsmodels"": ""0.14.6"", ""scipy"": ""1.18.0""}"
shard0,366001,140,148,included_final_1000,"(366001, 140)",completed,True,,pooled (real draws),81e9437bee81301cf598ccadda508c9ac9305bf4,"{""finite_shot_end_to_end.parquet"": ""22b5e761f461c6bfde7a60a4efa7ac13bc59ae003488be84d2f0c1e57ddb7f39""}","{""python"": ""3.12.10"", ""numpy"": ""2.5.1"", ""pandas"": ""3.0.3"", ""statsmodels"": ""0.14.6"", ""scipy"": ""1.18.0""}"
shard0,366001,141,149,included_final_1000,"(366001, 141)",completed,True,,pooled (real draws),81e9437bee81301cf598ccadda508c9ac9305bf4,"{""finite_shot_end_to_end.parquet"": ""22b5e761f461c6bfde7a60a4efa7ac13bc59ae003488be84d2f0c1e57ddb7f39""}","{""python"": ""3.12.10"", ""numpy"": ""2.5.1"", ""pandas"": ""3.0.3"", ""statsmodels"": ""0.14.6"", ""scipy"": ""1.18.0""}"
shard0,366001,142,150,included_final_1000,"(366001, 142)",completed,True,,pooled (real draws),81e9437bee81301cf598ccadda508c9ac9305bf4,"{""finite_shot_end_to_end.parquet"": ""22b5e761f461c6bfde7a60a4efa7ac13bc59ae003488be84d2f0c1e57ddb7f39""}","{""python"": ""3.12.10"", ""numpy"": ""2.5.1"", ""pandas"": ""3.0.3"", ""statsmodels"": ""0.14.6"", ""scipy"": ""1.18.0""}"
shard0,366001,143,151,included_final_1000,"(366001, 143)",completed,True,,pooled (real draws),81e9437bee81301cf598ccadda508c9ac9305bf4,"{""finite_shot_end_to_end.parquet"": ""22b5e761f461c6bfde7a60a4efa7ac13bc59ae003488be84d2f0c1e57ddb7f39""}","{""python"": ""3.12.10"", ""numpy"": ""2.5.1"", ""pandas"": ""3.0.3"", ""statsmodels"": ""0.14.6"", ""scipy"": ""1.18.0""}"
shard0,366001,144,152,included_final_1000,"(366001, 144)",completed,True,,pooled (real draws),81e9437bee81301cf598ccadda508c9ac9305bf4,"{""finite_shot_end_to_end.parquet"": ""22b5e761f461c6bfde7a60a4efa7ac13bc59ae003488be84d2f0c1e57ddb7f39""}","{""python"": ""3.12.10"", ""numpy"": ""2.5.1"", ""pandas"": ""3.0.3"", ""statsmodels"": ""0.14.6"", ""scipy"": ""1.18.0""}"
shard1,376001,0,153,included_final_1000,"(376001, 0)",completed,True,,pooled (real draws),81e9437bee81301cf598ccadda508c9ac9305bf4,"{""finite_shot_end_to_end.parquet"": ""22b5e761f461c6bfde7a60a4efa7ac13bc59ae003488be84d2f0c1e57ddb7f39""}","{""python"": ""3.12.10"", ""numpy"": ""2.5.1"", ""pandas"": ""3.0.3"", ""statsmodels"": ""0.14.6"", ""scipy"": ""1.18.0""}"
shard1,376001,1,154,included_final_1000,"(376001, 1)",completed,True,,pooled (real draws),81e9437bee81301cf598ccadda508c9ac9305bf4,"{""finite_shot_end_to_end.parquet"": ""22b5e761f461c6bfde7a60a4efa7ac13bc59ae003488be84d2f0c1e57ddb7f39""}","{""python"": ""3.12.10"", ""numpy"": ""2.5.1"", ""pandas"": ""3.0.3"", ""statsmodels"": ""0.14.6"", ""scipy"": ""1.18.0""}"
shard1,376001,2,155,included_final_1000,"(376001, 2)",completed,True,,pooled (real draws),81e9437bee81301cf598ccadda508c9ac9305bf4,"{""finite_shot_end_to_end.parquet"": ""22b5e761f461c6bfde7a60a4efa7ac13bc59ae003488be84d2f0c1e57ddb7f39""}","{""python"": ""3.12.10"", ""numpy"": ""2.5.1"", ""pandas"": ""3.0.3"", ""statsmodels"": ""0.14.6"", ""scipy"": ""1.18.0""}"
shard1,376001,3,156,included_final_1000,"(376001, 3)",completed,True,,pooled (real draws),81e9437bee81301cf598ccadda508c9ac9305bf4,"{""finite_shot_end_to_end.parquet"": ""22b5e761f461c6bfde7a60a4efa7ac13bc59ae003488be84d2f0c1e57ddb7f39""}","{""python"": ""3.12.10"", ""numpy"": ""2.5.1"", ""pandas"": ""3.0.3"", ""statsmodels"": ""0.14.6"", ""scipy"": ""1.18.0""}"
shard1,376001,4,157,included_final_1000,"(376001, 4)",completed,True,,pooled (real draws),81e9437bee81301cf598ccadda508c9ac9305bf4,"{""finite_shot_end_to_end.parquet"": ""22b5e761f461c6bfde7a60a4efa7ac13bc59ae003488be84d2f0c1e57ddb7f39""}","{""python"": ""3.12.10"", ""numpy"": ""2.5.1"", ""pandas"": ""3.0.3"", ""statsmodels"": ""0.14.6"", ""scipy"": ""1.18.0""}"
shard1,376001,5,158,included_final_1000,"(376001, 5)",completed,True,,pooled (real draws),81e9437bee81301cf598ccadda508c9ac9305bf4,"{""finite_shot_end_to_end.parquet"": ""22b5e761f461c6bfde7a60a4efa7ac13bc59ae003488be84d2f0c1e57ddb7f39""}","{""python"": ""3.12.10"", ""numpy"": ""2.5.1"", ""pandas"": ""3.0.3"", ""statsmodels"": ""0.14.6"", ""scipy"": ""1.18.0""}"
shard1,376001,6,159,included_final_1000,"(376001, 6)",completed,True,,pooled (real draws),81e9437bee81301cf598ccadda508c9ac9305bf4,"{""finite_shot_end_to_end.parquet"": ""22b5e761f461c6bfde7a60a4efa7ac13bc59ae003488be84d2f0c1e57ddb7f39""}","{""python"": ""3.12.10"", ""numpy"": ""2.5.1"", ""pandas"": ""3.0.3"", ""statsmodels"": ""0.14.6"", ""scipy"": ""1.18.0""}"
shard1,376001,7,160,included_final_1000,"(376001, 7)",completed,True,,pooled (real draws),81e9437bee81301cf598ccadda508c9ac9305bf4,"{""finite_shot_end_to_end.parquet"": ""22b5e761f461c6bfde7a60a4efa7ac13bc59ae003488be84d2f0c1e57ddb7f39""}","{""python"": ""3.12.10"", ""numpy"": ""2.5.1"", ""pandas"": ""3.0.3"", ""statsmodels"": ""0.14.6"", ""scipy"": ""1.18.0""}"
shard1,376001,8,161,included_final_1000,"(376001, 8)",completed,True,,pooled (real draws),81e9437bee81301cf598ccadda508c9ac9305bf4,"{""finite_shot_end_to_end.parquet"": ""22b5e761f461c6bfde7a60a4efa7ac13bc59ae003488be84d2f0c1e57ddb7f39""}","{""python"": ""3.12.10"", ""numpy"": ""2.5.1"", ""pandas"": ""3.0.3"", ""statsmodels"": ""0.14.6"", ""scipy"": ""1.18.0""}"
shard1,376001,9,162,included_final_1000,"(376001, 9)",completed,True,,pooled (real draws),81e9437bee81301cf598ccadda508c9ac9305bf4,"{""finite_shot_end_to_end.parquet"": ""22b5e761f461c6bfde7a60a4efa7ac13bc59ae003488be84d2f0c1e57ddb7f39""}","{""python"": ""3.12.10"", ""numpy"": ""2.5.1"", ""pandas"": ""3.0.3"", ""statsmodels"": ""0.14.6"", ""scipy"": ""1.18.0""}"
shard1,376001,10,163,included_final_1000,"(376001, 10)",completed,True,,pooled (real draws),81e9437bee81301cf598ccadda508c9ac9305bf4,"{""finite_shot_end_to_end.parquet"": ""22b5e761f461c6bfde7a60a4efa7ac13bc59ae003488be84d2f0c1e57ddb7f39""}","{""python"": ""3.12.10"", ""numpy"": ""2.5.1"", ""pandas"": ""3.0.3"", ""statsmodels"": ""0.14.6"", ""scipy"": ""1.18.0""}"
shard1,376001,11,164,included_final_1000,"(376001, 11)",completed,True,,pooled (real draws),81e9437bee81301cf598ccadda508c9ac9305bf4,"{""finite_shot_end_to_end.parquet"": ""22b5e761f461c6bfde7a60a4efa7ac13bc59ae003488be84d2f0c1e57ddb7f39""}","{""python"": ""3.12.10"", ""numpy"": ""2.5.1"", ""pandas"": ""3.0.3"", ""statsmodels"": ""0.14.6"", ""scipy"": ""1.18.0""}"
shard1,376001,12,165,included_final_1000,"(376001, 12)",completed,True,,pooled (real draws),81e9437bee81301cf598ccadda508c9ac9305bf4,"{""finite_shot_end_to_end.parquet"": ""22b5e761f461c6bfde7a60a4efa7ac13bc59ae003488be84d2f0c1e57ddb7f39""}","{""python"": ""3.12.10"", ""numpy"": ""2.5.1"", ""pandas"": ""3.0.3"", ""statsmodels"": ""0.14.6"", ""scipy"": ""1.18.0""}"
shard1,376001,13,166,included_final_1000,"(376001, 13)",completed,True,,pooled (real draws),81e9437bee81301cf598ccadda508c9ac9305bf4,"{""finite_shot_end_to_end.parquet"": ""22b5e761f461c6bfde7a60a4efa7ac13bc59ae003488be84d2f0c1e57ddb7f39""}","{""python"": ""3.12.10"", ""numpy"": ""2.5.1"", ""pandas"": ""3.0.3"", ""statsmodels"": ""0.14.6"", ""scipy"": ""1.18.0""}"
shard1,376001,14,167,included_final_1000,"(376001, 14)",completed,True,,pooled (real draws),81e9437bee81301cf598ccadda508c9ac9305bf4,"{""finite_shot_end_to_end.parquet"": ""22b5e761f461c6bfde7a60a4efa7ac13bc59ae003488be84d2f0c1e57ddb7f39""}","{""python"": ""3.12.10"", ""numpy"": ""2.5.1"", ""pandas"": ""3.0.3"", ""statsmodels"": ""0.14.6"", ""scipy"": ""1.18.0""}"
shard1,376001,15,168,included_final_1000,"(376001, 15)",completed,True,,pooled (real draws),81e9437bee81301cf598ccadda508c9ac9305bf4,"{""finite_shot_end_to_end.parquet"": ""22b5e761f461c6bfde7a60a4efa7ac13bc59ae003488be84d2f0c1e57ddb7f39""}","{""python"": ""3.12.10"", ""numpy"": ""2.5.1"", ""pandas"": ""3.0.3"", ""statsmodels"": ""0.14.6"", ""scipy"": ""1.18.0""}"
shard1,376001,16,169,included_final_1000,"(376001, 16)",completed,True,,pooled (real draws),81e9437bee81301cf598ccadda508c9ac9305bf4,"{""finite_shot_end_to_end.parquet"": ""22b5e761f461c6bfde7a60a4efa7ac13bc59ae003488be84d2f0c1e57ddb7f39""}","{""python"": ""3.12.10"", ""numpy"": ""2.5.1"", ""pandas"": ""3.0.3"", ""statsmodels"": ""0.14.6"", ""scipy"": ""1.18.0""}"
shard1,376001,17,170,included_final_1000,"(376001, 17)",completed,True,,pooled (real draws),81e9437bee81301cf598ccadda508c9ac9305bf4,"{""finite_shot_end_to_end.parquet"": ""22b5e761f461c6bfde7a60a4efa7ac13bc59ae003488be84d2f0c1e57ddb7f39""}","{""python"": ""3.12.10"", ""numpy"": ""2.5.1"", ""pandas"": ""3.0.3"", ""statsmodels"": ""0.14.6"", ""scipy"": ""1.18.0""}"
shard1,376001,18,171,included_final_1000,"(376001, 18)",completed,True,,pooled (real draws),81e9437bee81301cf598ccadda508c9ac9305bf4,"{""finite_shot_end_to_end.parquet"": ""22b5e761f461c6bfde7a60a4efa7ac13bc59ae003488be84d2f0c1e57ddb7f39""}","{""python"": ""3.12.10"", ""numpy"": ""2.5.1"", ""pandas"": ""3.0.3"", ""statsmodels"": ""0.14.6"", ""scipy"": ""1.18.0""}"
shard1,376001,19,172,included_final_1000,"(376001, 19)",completed,True,,pooled (real draws),81e9437bee81301cf598ccadda508c9ac9305bf4,"{""finite_shot_end_to_end.parquet"": ""22b5e761f461c6bfde7a60a4efa7ac13bc59ae003488be84d2f0c1e57ddb7f39""}","{""python"": ""3.12.10"", ""numpy"": ""2.5.1"", ""pandas"": ""3.0.3"", ""statsmodels"": ""0.14.6"", ""scipy"": ""1.18.0""}"
shard1,376001,20,173,included_final_1000,"(376001, 20)",completed,True,,pooled (real draws),81e9437bee81301cf598ccadda508c9ac9305bf4,"{""finite_shot_end_to_end.parquet"": ""22b5e761f461c6bfde7a60a4efa7ac13bc59ae003488be84d2f0c1e57ddb7f39""}","{""python"": ""3.12.10"", ""numpy"": ""2.5.1"", ""pandas"": ""3.0.3"", ""statsmodels"": ""0.14.6"", ""scipy"": ""1.18.0""}"
shard1,376001,21,174,included_final_1000,"(376001, 21)",completed,True,,pooled (real draws),81e9437bee81301cf598ccadda508c9ac9305bf4,"{""finite_shot_end_to_end.parquet"": ""22b5e761f461c6bfde7a60a4efa7ac13bc59ae003488be84d2f0c1e57ddb7f39""}","{""python"": ""3.12.10"", ""numpy"": ""2.5.1"", ""pandas"": ""3.0.3"", ""statsmodels"": ""0.14.6"", ""scipy"": ""1.18.0""}"
shard1,376001,22,175,included_final_1000,"(376001, 22)",completed,True,,pooled (real draws),81e9437bee81301cf598ccadda508c9ac9305bf4,"{""finite_shot_end_to_end.parquet"": ""22b5e761f461c6bfde7a60a4efa7ac13bc59ae003488be84d2f0c1e57ddb7f39""}","{""python"": ""3.12.10"", ""numpy"": ""2.5.1"", ""pandas"": ""3.0.3"", ""statsmodels"": ""0.14.6"", ""scipy"": ""1.18.0""}"
shard1,376001,23,176,included_final_1000,"(376001, 23)",completed,True,,pooled (real draws),81e9437bee81301cf598ccadda508c9ac9305bf4,"{""finite_shot_end_to_end.parquet"": ""22b5e761f461c6bfde7a60a4efa7ac13bc59ae003488be84d2f0c1e57ddb7f39""}","{""python"": ""3.12.10"", ""numpy"": ""2.5.1"", ""pandas"": ""3.0.3"", ""statsmodels"": ""0.14.6"", ""scipy"": ""1.18.0""}"
shard1,376001,24,177,included_final_1000,"(376001, 24)",completed,True,,pooled (real draws),81e9437bee81301cf598ccadda508c9ac9305bf4,"{""finite_shot_end_to_end.parquet"": ""22b5e761f461c6bfde7a60a4efa7ac13bc59ae003488be84d2f0c1e57ddb7f39""}","{""python"": ""3.12.10"", ""numpy"": ""2.5.1"", ""pandas"": ""3.0.3"", ""statsmodels"": ""0.14.6"", ""scipy"": ""1.18.0""}"
shard1,376001,25,178,included_final_1000,"(376001, 25)",completed,True,,pooled (real draws),81e9437bee81301cf598ccadda508c9ac9305bf4,"{""finite_shot_end_to_end.parquet"": ""22b5e761f461c6bfde7a60a4efa7ac13bc59ae003488be84d2f0c1e57ddb7f39""}","{""python"": ""3.12.10"", ""numpy"": ""2.5.1"", ""pandas"": ""3.0.3"", ""statsmodels"": ""0.14.6"", ""scipy"": ""1.18.0""}"
shard1,376001,26,179,included_final_1000,"(376001, 26)",completed,True,,pooled (real draws),81e9437bee81301cf598ccadda508c9ac9305bf4,"{""finite_shot_end_to_end.parquet"": ""22b5e761f461c6bfde7a60a4efa7ac13bc59ae003488be84d2f0c1e57ddb7f39""}","{""python"": ""3.12.10"", ""numpy"": ""2.5.1"", ""pandas"": ""3.0.3"", ""statsmodels"": ""0.14.6"", ""scipy"": ""1.18.0""}"
shard1,376001,27,180,included_final_1000,"(376001, 27)",completed,True,,pooled (real draws),81e9437bee81301cf598ccadda508c9ac9305bf4,"{""finite_shot_end_to_end.parquet"": ""22b5e761f461c6bfde7a60a4efa7ac13bc59ae003488be84d2f0c1e57ddb7f39""}","{""python"": ""3.12.10"", ""numpy"": ""2.5.1"", ""pandas"": ""3.0.3"", ""statsmodels"": ""0.14.6"", ""scipy"": ""1.18.0""}"
shard1,376001,28,181,included_final_1000,"(376001, 28)",completed,True,,pooled (real draws),81e9437bee81301cf598ccadda508c9ac9305bf4,"{""finite_shot_end_to_end.parquet"": ""22b5e761f461c6bfde7a60a4efa7ac13bc59ae003488be84d2f0c1e57ddb7f39""}","{""python"": ""3.12.10"", ""numpy"": ""2.5.1"", ""pandas"": ""3.0.3"", ""statsmodels"": ""0.14.6"", ""scipy"": ""1.18.0""}"
shard1,376001,29,182,included_final_1000,"(376001, 29)",completed,True,,pooled (real draws),81e9437bee81301cf598ccadda508c9ac9305bf4,"{""finite_shot_end_to_end.parquet"": ""22b5e761f461c6bfde7a60a4efa7ac13bc59ae003488be84d2f0c1e57ddb7f39""}","{""python"": ""3.12.10"", ""numpy"": ""2.5.1"", ""pandas"": ""3.0.3"", ""statsmodels"": ""0.14.6"", ""scipy"": ""1.18.0""}"
shard1,376001,30,183,included_final_1000,"(376001, 30)",completed,True,,pooled (real draws),81e9437bee81301cf598ccadda508c9ac9305bf4,"{""finite_shot_end_to_end.parquet"": ""22b5e761f461c6bfde7a60a4efa7ac13bc59ae003488be84d2f0c1e57ddb7f39""}","{""python"": ""3.12.10"", ""numpy"": ""2.5.1"", ""pandas"": ""3.0.3"", ""statsmodels"": ""0.14.6"", ""scipy"": ""1.18.0""}"
shard1,376001,31,184,included_final_1000,"(376001, 31)",completed,True,,pooled (real draws),81e9437bee81301cf598ccadda508c9ac9305bf4,"{""finite_shot_end_to_end.parquet"": ""22b5e761f461c6bfde7a60a4efa7ac13bc59ae003488be84d2f0c1e57ddb7f39""}","{""python"": ""3.12.10"", ""numpy"": ""2.5.1"", ""pandas"": ""3.0.3"", ""statsmodels"": ""0.14.6"", ""scipy"": ""1.18.0""}"
shard1,376001,32,185,included_final_1000,"(376001, 32)",completed,True,,pooled (real draws),81e9437bee81301cf598ccadda508c9ac9305bf4,"{""finite_shot_end_to_end.parquet"": ""22b5e761f461c6bfde7a60a4efa7ac13bc59ae003488be84d2f0c1e57ddb7f39""}","{""python"": ""3.12.10"", ""numpy"": ""2.5.1"", ""pandas"": ""3.0.3"", ""statsmodels"": ""0.14.6"", ""scipy"": ""1.18.0""}"
shard1,376001,33,186,included_final_1000,"(376001, 33)",completed,True,,pooled (real draws),81e9437bee81301cf598ccadda508c9ac9305bf4,"{""finite_shot_end_to_end.parquet"": ""22b5e761f461c6bfde7a60a4efa7ac13bc59ae003488be84d2f0c1e57ddb7f39""}","{""python"": ""3.12.10"", ""numpy"": ""2.5.1"", ""pandas"": ""3.0.3"", ""statsmodels"": ""0.14.6"", ""scipy"": ""1.18.0""}"
shard1,376001,34,187,included_final_1000,"(376001, 34)",completed,True,,pooled (real draws),81e9437bee81301cf598ccadda508c9ac9305bf4,"{""finite_shot_end_to_end.parquet"": ""22b5e761f461c6bfde7a60a4efa7ac13bc59ae003488be84d2f0c1e57ddb7f39""}","{""python"": ""3.12.10"", ""numpy"": ""2.5.1"", ""pandas"": ""3.0.3"", ""statsmodels"": ""0.14.6"", ""scipy"": ""1.18.0""}"
shard1,376001,35,188,included_final_1000,"(376001, 35)",completed,True,,pooled (real draws),81e9437bee81301cf598ccadda508c9ac9305bf4,"{""finite_shot_end_to_end.parquet"": ""22b5e761f461c6bfde7a60a4efa7ac13bc59ae003488be84d2f0c1e57ddb7f39""}","{""python"": ""3.12.10"", ""numpy"": ""2.5.1"", ""pandas"": ""3.0.3"", ""statsmodels"": ""0.14.6"", ""scipy"": ""1.18.0""}"
shard1,376001,36,189,included_final_1000,"(376001, 36)",completed,True,,pooled (real draws),81e9437bee81301cf598ccadda508c9ac9305bf4,"{""finite_shot_end_to_end.parquet"": ""22b5e761f461c6bfde7a60a4efa7ac13bc59ae003488be84d2f0c1e57ddb7f39""}","{""python"": ""3.12.10"", ""numpy"": ""2.5.1"", ""pandas"": ""3.0.3"", ""statsmodels"": ""0.14.6"", ""scipy"": ""1.18.0""}"
shard1,376001,37,190,included_final_1000,"(376001, 37)",completed,True,,pooled (real draws),81e9437bee81301cf598ccadda508c9ac9305bf4,"{""finite_shot_end_to_end.parquet"": ""22b5e761f461c6bfde7a60a4efa7ac13bc59ae003488be84d2f0c1e57ddb7f39""}","{""python"": ""3.12.10"", ""numpy"": ""2.5.1"", ""pandas"": ""3.0.3"", ""statsmodels"": ""0.14.6"", ""scipy"": ""1.18.0""}"
shard1,376001,38,191,included_final_1000,"(376001, 38)",completed,True,,pooled (real draws),81e9437bee81301cf598ccadda508c9ac9305bf4,"{""finite_shot_end_to_end.parquet"": ""22b5e761f461c6bfde7a60a4efa7ac13bc59ae003488be84d2f0c1e57ddb7f39""}","{""python"": ""3.12.10"", ""numpy"": ""2.5.1"", ""pandas"": ""3.0.3"", ""statsmodels"": ""0.14.6"", ""scipy"": ""1.18.0""}"
shard1,376001,39,192,included_final_1000,"(376001, 39)",completed,True,,pooled (real draws),81e9437bee81301cf598ccadda508c9ac9305bf4,"{""finite_shot_end_to_end.parquet"": ""22b5e761f461c6bfde7a60a4efa7ac13bc59ae003488be84d2f0c1e57ddb7f39""}","{""python"": ""3.12.10"", ""numpy"": ""2.5.1"", ""pandas"": ""3.0.3"", ""statsmodels"": ""0.14.6"", ""scipy"": ""1.18.0""}"
shard1,376001,40,193,included_final_1000,"(376001, 40)",completed,True,,pooled (real draws),81e9437bee81301cf598ccadda508c9ac9305bf4,"{""finite_shot_end_to_end.parquet"": ""22b5e761f461c6bfde7a60a4efa7ac13bc59ae003488be84d2f0c1e57ddb7f39""}","{""python"": ""3.12.10"", ""numpy"": ""2.5.1"", ""pandas"": ""3.0.3"", ""statsmodels"": ""0.14.6"", ""scipy"": ""1.18.0""}"
shard1,376001,41,194,included_final_1000,"(376001, 41)",completed,True,,pooled (real draws),81e9437bee81301cf598ccadda508c9ac9305bf4,"{""finite_shot_end_to_end.parquet"": ""22b5e761f461c6bfde7a60a4efa7ac13bc59ae003488be84d2f0c1e57ddb7f39""}","{""python"": ""3.12.10"", ""numpy"": ""2.5.1"", ""pandas"": ""3.0.3"", ""statsmodels"": ""0.14.6"", ""scipy"": ""1.18.0""}"
shard1,376001,42,195,included_final_1000,"(376001, 42)",completed,True,,pooled (real draws),81e9437bee81301cf598ccadda508c9ac9305bf4,"{""finite_shot_end_to_end.parquet"": ""22b5e761f461c6bfde7a60a4efa7ac13bc59ae003488be84d2f0c1e57ddb7f39""}","{""python"": ""3.12.10"", ""numpy"": ""2.5.1"", ""pandas"": ""3.0.3"", ""statsmodels"": ""0.14.6"", ""scipy"": ""1.18.0""}"
shard1,376001,43,196,included_final_1000,"(376001, 43)",completed,True,,pooled (real draws),81e9437bee81301cf598ccadda508c9ac9305bf4,"{""finite_shot_end_to_end.parquet"": ""22b5e761f461c6bfde7a60a4efa7ac13bc59ae003488be84d2f0c1e57ddb7f39""}","{""python"": ""3.12.10"", ""numpy"": ""2.5.1"", ""pandas"": ""3.0.3"", ""statsmodels"": ""0.14.6"", ""scipy"": ""1.18.0""}"
shard1,376001,44,197,included_final_1000,"(376001, 44)",completed,True,,pooled (real draws),81e9437bee81301cf598ccadda508c9ac9305bf4,"{""finite_shot_end_to_end.parquet"": ""22b5e761f461c6bfde7a60a4efa7ac13bc59ae003488be84d2f0c1e57ddb7f39""}","{""python"": ""3.12.10"", ""numpy"": ""2.5.1"", ""pandas"": ""3.0.3"", ""statsmodels"": ""0.14.6"", ""scipy"": ""1.18.0""}"
shard1,376001,45,198,included_final_1000,"(376001, 45)",completed,True,,pooled (real draws),81e9437bee81301cf598ccadda508c9ac9305bf4,"{""finite_shot_end_to_end.parquet"": ""22b5e761f461c6bfde7a60a4efa7ac13bc59ae003488be84d2f0c1e57ddb7f39""}","{""python"": ""3.12.10"", ""numpy"": ""2.5.1"", ""pandas"": ""3.0.3"", ""statsmodels"": ""0.14.6"", ""scipy"": ""1.18.0""}"
shard1,376001,46,199,included_final_1000,"(376001, 46)",completed,True,,pooled (real draws),81e9437bee81301cf598ccadda508c9ac9305bf4,"{""finite_shot_end_to_end.parquet"": ""22b5e761f461c6bfde7a60a4efa7ac13bc59ae003488be84d2f0c1e57ddb7f39""}","{""python"": ""3.12.10"", ""numpy"": ""2.5.1"", ""pandas"": ""3.0.3"", ""statsmodels"": ""0.14.6"", ""scipy"": ""1.18.0""}"
shard1,376001,47,200,included_final_1000,"(376001, 47)",completed,True,,pooled (real draws),81e9437bee81301cf598ccadda508c9ac9305bf4,"{""finite_shot_end_to_end.parquet"": ""22b5e761f461c6bfde7a60a4efa7ac13bc59ae003488be84d2f0c1e57ddb7f39""}","{""python"": ""3.12.10"", ""numpy"": ""2.5.1"", ""pandas"": ""3.0.3"", ""statsmodels"": ""0.14.6"", ""scipy"": ""1.18.0""}"
shard1,376001,48,201,included_final_1000,"(376001, 48)",completed,True,,pooled (real draws),81e9437bee81301cf598ccadda508c9ac9305bf4,"{""finite_shot_end_to_end.parquet"": ""22b5e761f461c6bfde7a60a4efa7ac13bc59ae003488be84d2f0c1e57ddb7f39""}","{""python"": ""3.12.10"", ""numpy"": ""2.5.1"", ""pandas"": ""3.0.3"", ""statsmodels"": ""0.14.6"", ""scipy"": ""1.18.0""}"
shard1,376001,49,202,included_final_1000,"(376001, 49)",completed,True,,pooled (real draws),81e9437bee81301cf598ccadda508c9ac9305bf4,"{""finite_shot_end_to_end.parquet"": ""22b5e761f461c6bfde7a60a4efa7ac13bc59ae003488be84d2f0c1e57ddb7f39""}","{""python"": ""3.12.10"", ""numpy"": ""2.5.1"", ""pandas"": ""3.0.3"", ""statsmodels"": ""0.14.6"", ""scipy"": ""1.18.0""}"
shard1,376001,50,203,included_final_1000,"(376001, 50)",completed,True,,pooled (real draws),81e9437bee81301cf598ccadda508c9ac9305bf4,"{""finite_shot_end_to_end.parquet"": ""22b5e761f461c6bfde7a60a4efa7ac13bc59ae003488be84d2f0c1e57ddb7f39""}","{""python"": ""3.12.10"", ""numpy"": ""2.5.1"", ""pandas"": ""3.0.3"", ""statsmodels"": ""0.14.6"", ""scipy"": ""1.18.0""}"
shard1,376001,51,204,included_final_1000,"(376001, 51)",completed,True,,pooled (real draws),81e9437bee81301cf598ccadda508c9ac9305bf4,"{""finite_shot_end_to_end.parquet"": ""22b5e761f461c6bfde7a60a4efa7ac13bc59ae003488be84d2f0c1e57ddb7f39""}","{""python"": ""3.12.10"", ""numpy"": ""2.5.1"", ""pandas"": ""3.0.3"", ""statsmodels"": ""0.14.6"", ""scipy"": ""1.18.0""}"
shard1,376001,52,205,included_final_1000,"(376001, 52)",completed,True,,pooled (real draws),81e9437bee81301cf598ccadda508c9ac9305bf4,"{""finite_shot_end_to_end.parquet"": ""22b5e761f461c6bfde7a60a4efa7ac13bc59ae003488be84d2f0c1e57ddb7f39""}","{""python"": ""3.12.10"", ""numpy"": ""2.5.1"", ""pandas"": ""3.0.3"", ""statsmodels"": ""0.14.6"", ""scipy"": ""1.18.0""}"
shard1,376001,53,206,included_final_1000,"(376001, 53)",completed,True,,pooled (real draws),81e9437bee81301cf598ccadda508c9ac9305bf4,"{""finite_shot_end_to_end.parquet"": ""22b5e761f461c6bfde7a60a4efa7ac13bc59ae003488be84d2f0c1e57ddb7f39""}","{""python"": ""3.12.10"", ""numpy"": ""2.5.1"", ""pandas"": ""3.0.3"", ""statsmodels"": ""0.14.6"", ""scipy"": ""1.18.0""}"
shard1,376001,54,207,included_final_1000,"(376001, 54)",completed,True,,pooled (real draws),81e9437bee81301cf598ccadda508c9ac9305bf4,"{""finite_shot_end_to_end.parquet"": ""22b5e761f461c6bfde7a60a4efa7ac13bc59ae003488be84d2f0c1e57ddb7f39""}","{""python"": ""3.12.10"", ""numpy"": ""2.5.1"", ""pandas"": ""3.0.3"", ""statsmodels"": ""0.14.6"", ""scipy"": ""1.18.0""}"
shard1,376001,55,208,included_final_1000,"(376001, 55)",completed,True,,pooled (real draws),81e9437bee81301cf598ccadda508c9ac9305bf4,"{""finite_shot_end_to_end.parquet"": ""22b5e761f461c6bfde7a60a4efa7ac13bc59ae003488be84d2f0c1e57ddb7f39""}","{""python"": ""3.12.10"", ""numpy"": ""2.5.1"", ""pandas"": ""3.0.3"", ""statsmodels"": ""0.14.6"", ""scipy"": ""1.18.0""}"
shard1,376001,56,209,included_final_1000,"(376001, 56)",completed,True,,pooled (real draws),81e9437bee81301cf598ccadda508c9ac9305bf4,"{""finite_shot_end_to_end.parquet"": ""22b5e761f461c6bfde7a60a4efa7ac13bc59ae003488be84d2f0c1e57ddb7f39""}","{""python"": ""3.12.10"", ""numpy"": ""2.5.1"", ""pandas"": ""3.0.3"", ""statsmodels"": ""0.14.6"", ""scipy"": ""1.18.0""}"
shard1,376001,57,210,included_final_1000,"(376001, 57)",completed,True,,pooled (real draws),81e9437bee81301cf598ccadda508c9ac9305bf4,"{""finite_shot_end_to_end.parquet"": ""22b5e761f461c6bfde7a60a4efa7ac13bc59ae003488be84d2f0c1e57ddb7f39""}","{""python"": ""3.12.10"", ""numpy"": ""2.5.1"", ""pandas"": ""3.0.3"", ""statsmodels"": ""0.14.6"", ""scipy"": ""1.18.0""}"
shard1,376001,58,211,included_final_1000,"(376001, 58)",completed,True,,pooled (real draws),81e9437bee81301cf598ccadda508c9ac9305bf4,"{""finite_shot_end_to_end.parquet"": ""22b5e761f461c6bfde7a60a4efa7ac13bc59ae003488be84d2f0c1e57ddb7f39""}","{""python"": ""3.12.10"", ""numpy"": ""2.5.1"", ""pandas"": ""3.0.3"", ""statsmodels"": ""0.14.6"", ""scipy"": ""1.18.0""}"
shard1,376001,59,212,included_final_1000,"(376001, 59)",completed,True,,pooled (real draws),81e9437bee81301cf598ccadda508c9ac9305bf4,"{""finite_shot_end_to_end.parquet"": ""22b5e761f461c6bfde7a60a4efa7ac13bc59ae003488be84d2f0c1e57ddb7f39""}","{""python"": ""3.12.10"", ""numpy"": ""2.5.1"", ""pandas"": ""3.0.3"", ""statsmodels"": ""0.14.6"", ""scipy"": ""1.18.0""}"
shard1,376001,60,213,included_final_1000,"(376001, 60)",completed,True,,pooled (real draws),81e9437bee81301cf598ccadda508c9ac9305bf4,"{""finite_shot_end_to_end.parquet"": ""22b5e761f461c6bfde7a60a4efa7ac13bc59ae003488be84d2f0c1e57ddb7f39""}","{""python"": ""3.12.10"", ""numpy"": ""2.5.1"", ""pandas"": ""3.0.3"", ""statsmodels"": ""0.14.6"", ""scipy"": ""1.18.0""}"
shard1,376001,61,214,included_final_1000,"(376001, 61)",completed,True,,pooled (real draws),81e9437bee81301cf598ccadda508c9ac9305bf4,"{""finite_shot_end_to_end.parquet"": ""22b5e761f461c6bfde7a60a4efa7ac13bc59ae003488be84d2f0c1e57ddb7f39""}","{""python"": ""3.12.10"", ""numpy"": ""2.5.1"", ""pandas"": ""3.0.3"", ""statsmodels"": ""0.14.6"", ""scipy"": ""1.18.0""}"
shard1,376001,62,215,included_final_1000,"(376001, 62)",completed,True,,pooled (real draws),81e9437bee81301cf598ccadda508c9ac9305bf4,"{""finite_shot_end_to_end.parquet"": ""22b5e761f461c6bfde7a60a4efa7ac13bc59ae003488be84d2f0c1e57ddb7f39""}","{""python"": ""3.12.10"", ""numpy"": ""2.5.1"", ""pandas"": ""3.0.3"", ""statsmodels"": ""0.14.6"", ""scipy"": ""1.18.0""}"
shard1,376001,63,216,included_final_1000,"(376001, 63)",completed,True,,pooled (real draws),81e9437bee81301cf598ccadda508c9ac9305bf4,"{""finite_shot_end_to_end.parquet"": ""22b5e761f461c6bfde7a60a4efa7ac13bc59ae003488be84d2f0c1e57ddb7f39""}","{""python"": ""3.12.10"", ""numpy"": ""2.5.1"", ""pandas"": ""3.0.3"", ""statsmodels"": ""0.14.6"", ""scipy"": ""1.18.0""}"
shard1,376001,64,217,included_final_1000,"(376001, 64)",completed,True,,pooled (real draws),81e9437bee81301cf598ccadda508c9ac9305bf4,"{""finite_shot_end_to_end.parquet"": ""22b5e761f461c6bfde7a60a4efa7ac13bc59ae003488be84d2f0c1e57ddb7f39""}","{""python"": ""3.12.10"", ""numpy"": ""2.5.1"", ""pandas"": ""3.0.3"", ""statsmodels"": ""0.14.6"", ""scipy"": ""1.18.0""}"
shard1,376001,65,218,included_final_1000,"(376001, 65)",completed,True,,pooled (real draws),81e9437bee81301cf598ccadda508c9ac9305bf4,"{""finite_shot_end_to_end.parquet"": ""22b5e761f461c6bfde7a60a4efa7ac13bc59ae003488be84d2f0c1e57ddb7f39""}","{""python"": ""3.12.10"", ""numpy"": ""2.5.1"", ""pandas"": ""3.0.3"", ""statsmodels"": ""0.14.6"", ""scipy"": ""1.18.0""}"
shard1,376001,66,219,included_final_1000,"(376001, 66)",completed,True,,pooled (real draws),81e9437bee81301cf598ccadda508c9ac9305bf4,"{""finite_shot_end_to_end.parquet"": ""22b5e761f461c6bfde7a60a4efa7ac13bc59ae003488be84d2f0c1e57ddb7f39""}","{""python"": ""3.12.10"", ""numpy"": ""2.5.1"", ""pandas"": ""3.0.3"", ""statsmodels"": ""0.14.6"", ""scipy"": ""1.18.0""}"
shard1,376001,67,220,included_final_1000,"(376001, 67)",completed,True,,pooled (real draws),81e9437bee81301cf598ccadda508c9ac9305bf4,"{""finite_shot_end_to_end.parquet"": ""22b5e761f461c6bfde7a60a4efa7ac13bc59ae003488be84d2f0c1e57ddb7f39""}","{""python"": ""3.12.10"", ""numpy"": ""2.5.1"", ""pandas"": ""3.0.3"", ""statsmodels"": ""0.14.6"", ""scipy"": ""1.18.0""}"
shard1,376001,68,221,included_final_1000,"(376001, 68)",completed,True,,pooled (real draws),81e9437bee81301cf598ccadda508c9ac9305bf4,"{""finite_shot_end_to_end.parquet"": ""22b5e761f461c6bfde7a60a4efa7ac13bc59ae003488be84d2f0c1e57ddb7f39""}","{""python"": ""3.12.10"", ""numpy"": ""2.5.1"", ""pandas"": ""3.0.3"", ""statsmodels"": ""0.14.6"", ""scipy"": ""1.18.0""}"
shard1,376001,69,222,included_final_1000,"(376001, 69)",completed,True,,pooled (real draws),81e9437bee81301cf598ccadda508c9ac9305bf4,"{""finite_shot_end_to_end.parquet"": ""22b5e761f461c6bfde7a60a4efa7ac13bc59ae003488be84d2f0c1e57ddb7f39""}","{""python"": ""3.12.10"", ""numpy"": ""2.5.1"", ""pandas"": ""3.0.3"", ""statsmodels"": ""0.14.6"", ""scipy"": ""1.18.0""}"
shard1,376001,70,223,included_final_1000,"(376001, 70)",completed,True,,pooled (real draws),81e9437bee81301cf598ccadda508c9ac9305bf4,"{""finite_shot_end_to_end.parquet"": ""22b5e761f461c6bfde7a60a4efa7ac13bc59ae003488be84d2f0c1e57ddb7f39""}","{""python"": ""3.12.10"", ""numpy"": ""2.5.1"", ""pandas"": ""3.0.3"", ""statsmodels"": ""0.14.6"", ""scipy"": ""1.18.0""}"
shard1,376001,71,224,included_final_1000,"(376001, 71)",completed,True,,pooled (real draws),81e9437bee81301cf598ccadda508c9ac9305bf4,"{""finite_shot_end_to_end.parquet"": ""22b5e761f461c6bfde7a60a4efa7ac13bc59ae003488be84d2f0c1e57ddb7f39""}","{""python"": ""3.12.10"", ""numpy"": ""2.5.1"", ""pandas"": ""3.0.3"", ""statsmodels"": ""0.14.6"", ""scipy"": ""1.18.0""}"
shard1,376001,72,225,included_final_1000,"(376001, 72)",completed,True,,pooled (real draws),81e9437bee81301cf598ccadda508c9ac9305bf4,"{""finite_shot_end_to_end.parquet"": ""22b5e761f461c6bfde7a60a4efa7ac13bc59ae003488be84d2f0c1e57ddb7f39""}","{""python"": ""3.12.10"", ""numpy"": ""2.5.1"", ""pandas"": ""3.0.3"", ""statsmodels"": ""0.14.6"", ""scipy"": ""1.18.0""}"
shard1,376001,73,226,included_final_1000,"(376001, 73)",completed,True,,pooled (real draws),81e9437bee81301cf598ccadda508c9ac9305bf4,"{""finite_shot_end_to_end.parquet"": ""22b5e761f461c6bfde7a60a4efa7ac13bc59ae003488be84d2f0c1e57ddb7f39""}","{""python"": ""3.12.10"", ""numpy"": ""2.5.1"", ""pandas"": ""3.0.3"", ""statsmodels"": ""0.14.6"", ""scipy"": ""1.18.0""}"
shard1,376001,74,227,included_final_1000,"(376001, 74)",completed,True,,pooled (real draws),81e9437bee81301cf598ccadda508c9ac9305bf4,"{""finite_shot_end_to_end.parquet"": ""22b5e761f461c6bfde7a60a4efa7ac13bc59ae003488be84d2f0c1e57ddb7f39""}","{""python"": ""3.12.10"", ""numpy"": ""2.5.1"", ""pandas"": ""3.0.3"", ""statsmodels"": ""0.14.6"", ""scipy"": ""1.18.0""}"
shard1,376001,75,228,included_final_1000,"(376001, 75)",completed,True,,pooled (real draws),81e9437bee81301cf598ccadda508c9ac9305bf4,"{""finite_shot_end_to_end.parquet"": ""22b5e761f461c6bfde7a60a4efa7ac13bc59ae003488be84d2f0c1e57ddb7f39""}","{""python"": ""3.12.10"", ""numpy"": ""2.5.1"", ""pandas"": ""3.0.3"", ""statsmodels"": ""0.14.6"", ""scipy"": ""1.18.0""}"
shard1,376001,76,229,included_final_1000,"(376001, 76)",completed,True,,pooled (real draws),81e9437bee81301cf598ccadda508c9ac9305bf4,"{""finite_shot_end_to_end.parquet"": ""22b5e761f461c6bfde7a60a4efa7ac13bc59ae003488be84d2f0c1e57ddb7f39""}","{""python"": ""3.12.10"", ""numpy"": ""2.5.1"", ""pandas"": ""3.0.3"", ""statsmodels"": ""0.14.6"", ""scipy"": ""1.18.0""}"
shard1,376001,77,230,included_final_1000,"(376001, 77)",completed,True,,pooled (real draws),81e9437bee81301cf598ccadda508c9ac9305bf4,"{""finite_shot_end_to_end.parquet"": ""22b5e761f461c6bfde7a60a4efa7ac13bc59ae003488be84d2f0c1e57ddb7f39""}","{""python"": ""3.12.10"", ""numpy"": ""2.5.1"", ""pandas"": ""3.0.3"", ""statsmodels"": ""0.14.6"", ""scipy"": ""1.18.0""}"
shard1,376001,78,231,included_final_1000,"(376001, 78)",completed,True,,pooled (real draws),81e9437bee81301cf598ccadda508c9ac9305bf4,"{""finite_shot_end_to_end.parquet"": ""22b5e761f461c6bfde7a60a4efa7ac13bc59ae003488be84d2f0c1e57ddb7f39""}","{""python"": ""3.12.10"", ""numpy"": ""2.5.1"", ""pandas"": ""3.0.3"", ""statsmodels"": ""0.14.6"", ""scipy"": ""1.18.0""}"
shard1,376001,79,232,included_final_1000,"(376001, 79)",completed,True,,pooled (real draws),81e9437bee81301cf598ccadda508c9ac9305bf4,"{""finite_shot_end_to_end.parquet"": ""22b5e761f461c6bfde7a60a4efa7ac13bc59ae003488be84d2f0c1e57ddb7f39""}","{""python"": ""3.12.10"", ""numpy"": ""2.5.1"", ""pandas"": ""3.0.3"", ""statsmodels"": ""0.14.6"", ""scipy"": ""1.18.0""}"
shard1,376001,80,233,included_final_1000,"(376001, 80)",completed,True,,pooled (real draws),81e9437bee81301cf598ccadda508c9ac9305bf4,"{""finite_shot_end_to_end.parquet"": ""22b5e761f461c6bfde7a60a4efa7ac13bc59ae003488be84d2f0c1e57ddb7f39""}","{""python"": ""3.12.10"", ""numpy"": ""2.5.1"", ""pandas"": ""3.0.3"", ""statsmodels"": ""0.14.6"", ""scipy"": ""1.18.0""}"
shard1,376001,81,234,included_final_1000,"(376001, 81)",completed,True,,pooled (real draws),81e9437bee81301cf598ccadda508c9ac9305bf4,"{""finite_shot_end_to_end.parquet"": ""22b5e761f461c6bfde7a60a4efa7ac13bc59ae003488be84d2f0c1e57ddb7f39""}","{""python"": ""3.12.10"", ""numpy"": ""2.5.1"", ""pandas"": ""3.0.3"", ""statsmodels"": ""0.14.6"", ""scipy"": ""1.18.0""}"
shard1,376001,82,235,included_final_1000,"(376001, 82)",completed,True,,pooled (real draws),81e9437bee81301cf598ccadda508c9ac9305bf4,"{""finite_shot_end_to_end.parquet"": ""22b5e761f461c6bfde7a60a4efa7ac13bc59ae003488be84d2f0c1e57ddb7f39""}","{""python"": ""3.12.10"", ""numpy"": ""2.5.1"", ""pandas"": ""3.0.3"", ""statsmodels"": ""0.14.6"", ""scipy"": ""1.18.0""}"
shard1,376001,83,236,included_final_1000,"(376001, 83)",completed,True,,pooled (real draws),81e9437bee81301cf598ccadda508c9ac9305bf4,"{""finite_shot_end_to_end.parquet"": ""22b5e761f461c6bfde7a60a4efa7ac13bc59ae003488be84d2f0c1e57ddb7f39""}","{""python"": ""3.12.10"", ""numpy"": ""2.5.1"", ""pandas"": ""3.0.3"", ""statsmodels"": ""0.14.6"", ""scipy"": ""1.18.0""}"
shard1,376001,84,237,included_final_1000,"(376001, 84)",completed,True,,pooled (real draws),81e9437bee81301cf598ccadda508c9ac9305bf4,"{""finite_shot_end_to_end.parquet"": ""22b5e761f461c6bfde7a60a4efa7ac13bc59ae003488be84d2f0c1e57ddb7f39""}","{""python"": ""3.12.10"", ""numpy"": ""2.5.1"", ""pandas"": ""3.0.3"", ""statsmodels"": ""0.14.6"", ""scipy"": ""1.18.0""}"
shard1,376001,85,238,included_final_1000,"(376001, 85)",completed,True,,pooled (real draws),81e9437bee81301cf598ccadda508c9ac9305bf4,"{""finite_shot_end_to_end.parquet"": ""22b5e761f461c6bfde7a60a4efa7ac13bc59ae003488be84d2f0c1e57ddb7f39""}","{""python"": ""3.12.10"", ""numpy"": ""2.5.1"", ""pandas"": ""3.0.3"", ""statsmodels"": ""0.14.6"", ""scipy"": ""1.18.0""}"
shard1,376001,86,239,included_final_1000,"(376001, 86)",completed,True,,pooled (real draws),81e9437bee81301cf598ccadda508c9ac9305bf4,"{""finite_shot_end_to_end.parquet"": ""22b5e761f461c6bfde7a60a4efa7ac13bc59ae003488be84d2f0c1e57ddb7f39""}","{""python"": ""3.12.10"", ""numpy"": ""2.5.1"", ""pandas"": ""3.0.3"", ""statsmodels"": ""0.14.6"", ""scipy"": ""1.18.0""}"
shard1,376001,87,240,included_final_1000,"(376001, 87)",completed,True,,pooled (real draws),81e9437bee81301cf598ccadda508c9ac9305bf4,"{""finite_shot_end_to_end.parquet"": ""22b5e761f461c6bfde7a60a4efa7ac13bc59ae003488be84d2f0c1e57ddb7f39""}","{""python"": ""3.12.10"", ""numpy"": ""2.5.1"", ""pandas"": ""3.0.3"", ""statsmodels"": ""0.14.6"", ""scipy"": ""1.18.0""}"
shard1,376001,88,241,included_final_1000,"(376001, 88)",completed,True,,pooled (real draws),81e9437bee81301cf598ccadda508c9ac9305bf4,"{""finite_shot_end_to_end.parquet"": ""22b5e761f461c6bfde7a60a4efa7ac13bc59ae003488be84d2f0c1e57ddb7f39""}","{""python"": ""3.12.10"", ""numpy"": ""2.5.1"", ""pandas"": ""3.0.3"", ""statsmodels"": ""0.14.6"", ""scipy"": ""1.18.0""}"
shard1,376001,89,242,included_final_1000,"(376001, 89)",completed,True,,pooled (real draws),81e9437bee81301cf598ccadda508c9ac9305bf4,"{""finite_shot_end_to_end.parquet"": ""22b5e761f461c6bfde7a60a4efa7ac13bc59ae003488be84d2f0c1e57ddb7f39""}","{""python"": ""3.12.10"", ""numpy"": ""2.5.1"", ""pandas"": ""3.0.3"", ""statsmodels"": ""0.14.6"", ""scipy"": ""1.18.0""}"
shard1,376001,90,243,included_final_1000,"(376001, 90)",completed,True,,pooled (real draws),81e9437bee81301cf598ccadda508c9ac9305bf4,"{""finite_shot_end_to_end.parquet"": ""22b5e761f461c6bfde7a60a4efa7ac13bc59ae003488be84d2f0c1e57ddb7f39""}","{""python"": ""3.12.10"", ""numpy"": ""2.5.1"", ""pandas"": ""3.0.3"", ""statsmodels"": ""0.14.6"", ""scipy"": ""1.18.0""}"
shard1,376001,91,244,included_final_1000,"(376001, 91)",completed,True,,pooled (real draws),81e9437bee81301cf598ccadda508c9ac9305bf4,"{""finite_shot_end_to_end.parquet"": ""22b5e761f461c6bfde7a60a4efa7ac13bc59ae003488be84d2f0c1e57ddb7f39""}","{""python"": ""3.12.10"", ""numpy"": ""2.5.1"", ""pandas"": ""3.0.3"", ""statsmodels"": ""0.14.6"", ""scipy"": ""1.18.0""}"
shard1,376001,92,245,included_final_1000,"(376001, 92)",completed,True,,pooled (real draws),81e9437bee81301cf598ccadda508c9ac9305bf4,"{""finite_shot_end_to_end.parquet"": ""22b5e761f461c6bfde7a60a4efa7ac13bc59ae003488be84d2f0c1e57ddb7f39""}","{""python"": ""3.12.10"", ""numpy"": ""2.5.1"", ""pandas"": ""3.0.3"", ""statsmodels"": ""0.14.6"", ""scipy"": ""1.18.0""}"
shard1,376001,93,246,included_final_1000,"(376001, 93)",completed,True,,pooled (real draws),81e9437bee81301cf598ccadda508c9ac9305bf4,"{""finite_shot_end_to_end.parquet"": ""22b5e761f461c6bfde7a60a4efa7ac13bc59ae003488be84d2f0c1e57ddb7f39""}","{""python"": ""3.12.10"", ""numpy"": ""2.5.1"", ""pandas"": ""3.0.3"", ""statsmodels"": ""0.14.6"", ""scipy"": ""1.18.0""}"
shard1,376001,94,247,included_final_1000,"(376001, 94)",completed,True,,pooled (real draws),81e9437bee81301cf598ccadda508c9ac9305bf4,"{""finite_shot_end_to_end.parquet"": ""22b5e761f461c6bfde7a60a4efa7ac13bc59ae003488be84d2f0c1e57ddb7f39""}","{""python"": ""3.12.10"", ""numpy"": ""2.5.1"", ""pandas"": ""3.0.3"", ""statsmodels"": ""0.14.6"", ""scipy"": ""1.18.0""}"
shard1,376001,95,248,included_final_1000,"(376001, 95)",completed,True,,pooled (real draws),81e9437bee81301cf598ccadda508c9ac9305bf4,"{""finite_shot_end_to_end.parquet"": ""22b5e761f461c6bfde7a60a4efa7ac13bc59ae003488be84d2f0c1e57ddb7f39""}","{""python"": ""3.12.10"", ""numpy"": ""2.5.1"", ""pandas"": ""3.0.3"", ""statsmodels"": ""0.14.6"", ""scipy"": ""1.18.0""}"
shard1,376001,96,249,included_final_1000,"(376001, 96)",completed,True,,pooled (real draws),81e9437bee81301cf598ccadda508c9ac9305bf4,"{""finite_shot_end_to_end.parquet"": ""22b5e761f461c6bfde7a60a4efa7ac13bc59ae003488be84d2f0c1e57ddb7f39""}","{""python"": ""3.12.10"", ""numpy"": ""2.5.1"", ""pandas"": ""3.0.3"", ""statsmodels"": ""0.14.6"", ""scipy"": ""1.18.0""}"
shard1,376001,97,250,included_final_1000,"(376001, 97)",completed,True,,pooled (real draws),81e9437bee81301cf598ccadda508c9ac9305bf4,"{""finite_shot_end_to_end.parquet"": ""22b5e761f461c6bfde7a60a4efa7ac13bc59ae003488be84d2f0c1e57ddb7f39""}","{""python"": ""3.12.10"", ""numpy"": ""2.5.1"", ""pandas"": ""3.0.3"", ""statsmodels"": ""0.14.6"", ""scipy"": ""1.18.0""}"
shard1,376001,98,251,included_final_1000,"(376001, 98)",completed,True,,pooled (real draws),81e9437bee81301cf598ccadda508c9ac9305bf4,"{""finite_shot_end_to_end.parquet"": ""22b5e761f461c6bfde7a60a4efa7ac13bc59ae003488be84d2f0c1e57ddb7f39""}","{""python"": ""3.12.10"", ""numpy"": ""2.5.1"", ""pandas"": ""3.0.3"", ""statsmodels"": ""0.14.6"", ""scipy"": ""1.18.0""}"
shard1,376001,99,252,included_final_1000,"(376001, 99)",completed,True,,pooled (real draws),81e9437bee81301cf598ccadda508c9ac9305bf4,"{""finite_shot_end_to_end.parquet"": ""22b5e761f461c6bfde7a60a4efa7ac13bc59ae003488be84d2f0c1e57ddb7f39""}","{""python"": ""3.12.10"", ""numpy"": ""2.5.1"", ""pandas"": ""3.0.3"", ""statsmodels"": ""0.14.6"", ""scipy"": ""1.18.0""}"
shard1,376001,100,253,included_final_1000,"(376001, 100)",completed,True,,pooled (real draws),81e9437bee81301cf598ccadda508c9ac9305bf4,"{""finite_shot_end_to_end.parquet"": ""22b5e761f461c6bfde7a60a4efa7ac13bc59ae003488be84d2f0c1e57ddb7f39""}","{""python"": ""3.12.10"", ""numpy"": ""2.5.1"", ""pandas"": ""3.0.3"", ""statsmodels"": ""0.14.6"", ""scipy"": ""1.18.0""}"
shard1,376001,101,254,included_final_1000,"(376001, 101)",completed,True,,pooled (real draws),81e9437bee81301cf598ccadda508c9ac9305bf4,"{""finite_shot_end_to_end.parquet"": ""22b5e761f461c6bfde7a60a4efa7ac13bc59ae003488be84d2f0c1e57ddb7f39""}","{""python"": ""3.12.10"", ""numpy"": ""2.5.1"", ""pandas"": ""3.0.3"", ""statsmodels"": ""0.14.6"", ""scipy"": ""1.18.0""}"
shard1,376001,102,255,included_final_1000,"(376001, 102)",completed,True,,pooled (real draws),81e9437bee81301cf598ccadda508c9ac9305bf4,"{""finite_shot_end_to_end.parquet"": ""22b5e761f461c6bfde7a60a4efa7ac13bc59ae003488be84d2f0c1e57ddb7f39""}","{""python"": ""3.12.10"", ""numpy"": ""2.5.1"", ""pandas"": ""3.0.3"", ""statsmodels"": ""0.14.6"", ""scipy"": ""1.18.0""}"
shard1,376001,103,256,included_final_1000,"(376001, 103)",completed,True,,pooled (real draws),81e9437bee81301cf598ccadda508c9ac9305bf4,"{""finite_shot_end_to_end.parquet"": ""22b5e761f461c6bfde7a60a4efa7ac13bc59ae003488be84d2f0c1e57ddb7f39""}","{""python"": ""3.12.10"", ""numpy"": ""2.5.1"", ""pandas"": ""3.0.3"", ""statsmodels"": ""0.14.6"", ""scipy"": ""1.18.0""}"
shard1,376001,104,257,included_final_1000,"(376001, 104)",completed,True,,pooled (real draws),81e9437bee81301cf598ccadda508c9ac9305bf4,"{""finite_shot_end_to_end.parquet"": ""22b5e761f461c6bfde7a60a4efa7ac13bc59ae003488be84d2f0c1e57ddb7f39""}","{""python"": ""3.12.10"", ""numpy"": ""2.5.1"", ""pandas"": ""3.0.3"", ""statsmodels"": ""0.14.6"", ""scipy"": ""1.18.0""}"
shard1,376001,105,258,included_final_1000,"(376001, 105)",completed,True,,pooled (real draws),81e9437bee81301cf598ccadda508c9ac9305bf4,"{""finite_shot_end_to_end.parquet"": ""22b5e761f461c6bfde7a60a4efa7ac13bc59ae003488be84d2f0c1e57ddb7f39""}","{""python"": ""3.12.10"", ""numpy"": ""2.5.1"", ""pandas"": ""3.0.3"", ""statsmodels"": ""0.14.6"", ""scipy"": ""1.18.0""}"
shard1,376001,106,259,included_final_1000,"(376001, 106)",completed,True,,pooled (real draws),81e9437bee81301cf598ccadda508c9ac9305bf4,"{""finite_shot_end_to_end.parquet"": ""22b5e761f461c6bfde7a60a4efa7ac13bc59ae003488be84d2f0c1e57ddb7f39""}","{""python"": ""3.12.10"", ""numpy"": ""2.5.1"", ""pandas"": ""3.0.3"", ""statsmodels"": ""0.14.6"", ""scipy"": ""1.18.0""}"
shard1,376001,107,260,included_final_1000,"(376001, 107)",completed,True,,pooled (real draws),81e9437bee81301cf598ccadda508c9ac9305bf4,"{""finite_shot_end_to_end.parquet"": ""22b5e761f461c6bfde7a60a4efa7ac13bc59ae003488be84d2f0c1e57ddb7f39""}","{""python"": ""3.12.10"", ""numpy"": ""2.5.1"", ""pandas"": ""3.0.3"", ""statsmodels"": ""0.14.6"", ""scipy"": ""1.18.0""}"
shard1,376001,108,261,included_final_1000,"(376001, 108)",completed,True,,pooled (real draws),81e9437bee81301cf598ccadda508c9ac9305bf4,"{""finite_shot_end_to_end.parquet"": ""22b5e761f461c6bfde7a60a4efa7ac13bc59ae003488be84d2f0c1e57ddb7f39""}","{""python"": ""3.12.10"", ""numpy"": ""2.5.1"", ""pandas"": ""3.0.3"", ""statsmodels"": ""0.14.6"", ""scipy"": ""1.18.0""}"
shard1,376001,109,262,included_final_1000,"(376001, 109)",completed,True,,pooled (real draws),81e9437bee81301cf598ccadda508c9ac9305bf4,"{""finite_shot_end_to_end.parquet"": ""22b5e761f461c6bfde7a60a4efa7ac13bc59ae003488be84d2f0c1e57ddb7f39""}","{""python"": ""3.12.10"", ""numpy"": ""2.5.1"", ""pandas"": ""3.0.3"", ""statsmodels"": ""0.14.6"", ""scipy"": ""1.18.0""}"
shard1,376001,110,263,included_final_1000,"(376001, 110)",completed,True,,pooled (real draws),81e9437bee81301cf598ccadda508c9ac9305bf4,"{""finite_shot_end_to_end.parquet"": ""22b5e761f461c6bfde7a60a4efa7ac13bc59ae003488be84d2f0c1e57ddb7f39""}","{""python"": ""3.12.10"", ""numpy"": ""2.5.1"", ""pandas"": ""3.0.3"", ""statsmodels"": ""0.14.6"", ""scipy"": ""1.18.0""}"
shard1,376001,111,264,included_final_1000,"(376001, 111)",completed,True,,pooled (real draws),81e9437bee81301cf598ccadda508c9ac9305bf4,"{""finite_shot_end_to_end.parquet"": ""22b5e761f461c6bfde7a60a4efa7ac13bc59ae003488be84d2f0c1e57ddb7f39""}","{""python"": ""3.12.10"", ""numpy"": ""2.5.1"", ""pandas"": ""3.0.3"", ""statsmodels"": ""0.14.6"", ""scipy"": ""1.18.0""}"
shard1,376001,112,265,included_final_1000,"(376001, 112)",completed,True,,pooled (real draws),81e9437bee81301cf598ccadda508c9ac9305bf4,"{""finite_shot_end_to_end.parquet"": ""22b5e761f461c6bfde7a60a4efa7ac13bc59ae003488be84d2f0c1e57ddb7f39""}","{""python"": ""3.12.10"", ""numpy"": ""2.5.1"", ""pandas"": ""3.0.3"", ""statsmodels"": ""0.14.6"", ""scipy"": ""1.18.0""}"
shard1,376001,113,266,included_final_1000,"(376001, 113)",completed,True,,pooled (real draws),81e9437bee81301cf598ccadda508c9ac9305bf4,"{""finite_shot_end_to_end.parquet"": ""22b5e761f461c6bfde7a60a4efa7ac13bc59ae003488be84d2f0c1e57ddb7f39""}","{""python"": ""3.12.10"", ""numpy"": ""2.5.1"", ""pandas"": ""3.0.3"", ""statsmodels"": ""0.14.6"", ""scipy"": ""1.18.0""}"
shard1,376001,114,267,included_final_1000,"(376001, 114)",completed,True,,pooled (real draws),81e9437bee81301cf598ccadda508c9ac9305bf4,"{""finite_shot_end_to_end.parquet"": ""22b5e761f461c6bfde7a60a4efa7ac13bc59ae003488be84d2f0c1e57ddb7f39""}","{""python"": ""3.12.10"", ""numpy"": ""2.5.1"", ""pandas"": ""3.0.3"", ""statsmodels"": ""0.14.6"", ""scipy"": ""1.18.0""}"
shard1,376001,115,268,included_final_1000,"(376001, 115)",completed,True,,pooled (real draws),81e9437bee81301cf598ccadda508c9ac9305bf4,"{""finite_shot_end_to_end.parquet"": ""22b5e761f461c6bfde7a60a4efa7ac13bc59ae003488be84d2f0c1e57ddb7f39""}","{""python"": ""3.12.10"", ""numpy"": ""2.5.1"", ""pandas"": ""3.0.3"", ""statsmodels"": ""0.14.6"", ""scipy"": ""1.18.0""}"
shard1,376001,116,269,included_final_1000,"(376001, 116)",completed,True,,pooled (real draws),81e9437bee81301cf598ccadda508c9ac9305bf4,"{""finite_shot_end_to_end.parquet"": ""22b5e761f461c6bfde7a60a4efa7ac13bc59ae003488be84d2f0c1e57ddb7f39""}","{""python"": ""3.12.10"", ""numpy"": ""2.5.1"", ""pandas"": ""3.0.3"", ""statsmodels"": ""0.14.6"", ""scipy"": ""1.18.0""}"
shard1,376001,117,270,included_final_1000,"(376001, 117)",completed,True,,pooled (real draws),81e9437bee81301cf598ccadda508c9ac9305bf4,"{""finite_shot_end_to_end.parquet"": ""22b5e761f461c6bfde7a60a4efa7ac13bc59ae003488be84d2f0c1e57ddb7f39""}","{""python"": ""3.12.10"", ""numpy"": ""2.5.1"", ""pandas"": ""3.0.3"", ""statsmodels"": ""0.14.6"", ""scipy"": ""1.18.0""}"
shard1,376001,118,271,included_final_1000,"(376001, 118)",completed,True,,pooled (real draws),81e9437bee81301cf598ccadda508c9ac9305bf4,"{""finite_shot_end_to_end.parquet"": ""22b5e761f461c6bfde7a60a4efa7ac13bc59ae003488be84d2f0c1e57ddb7f39""}","{""python"": ""3.12.10"", ""numpy"": ""2.5.1"", ""pandas"": ""3.0.3"", ""statsmodels"": ""0.14.6"", ""scipy"": ""1.18.0""}"
shard1,376001,119,272,included_final_1000,"(376001, 119)",completed,True,,pooled (real draws),81e9437bee81301cf598ccadda508c9ac9305bf4,"{""finite_shot_end_to_end.parquet"": ""22b5e761f461c6bfde7a60a4efa7ac13bc59ae003488be84d2f0c1e57ddb7f39""}","{""python"": ""3.12.10"", ""numpy"": ""2.5.1"", ""pandas"": ""3.0.3"", ""statsmodels"": ""0.14.6"", ""scipy"": ""1.18.0""}"
shard1,376001,120,273,included_final_1000,"(376001, 120)",completed,True,,pooled (real draws),81e9437bee81301cf598ccadda508c9ac9305bf4,"{""finite_shot_end_to_end.parquet"": ""22b5e761f461c6bfde7a60a4efa7ac13bc59ae003488be84d2f0c1e57ddb7f39""}","{""python"": ""3.12.10"", ""numpy"": ""2.5.1"", ""pandas"": ""3.0.3"", ""statsmodels"": ""0.14.6"", ""scipy"": ""1.18.0""}"
shard1,376001,121,274,included_final_1000,"(376001, 121)",completed,True,,pooled (real draws),81e9437bee81301cf598ccadda508c9ac9305bf4,"{""finite_shot_end_to_end.parquet"": ""22b5e761f461c6bfde7a60a4efa7ac13bc59ae003488be84d2f0c1e57ddb7f39""}","{""python"": ""3.12.10"", ""numpy"": ""2.5.1"", ""pandas"": ""3.0.3"", ""statsmodels"": ""0.14.6"", ""scipy"": ""1.18.0""}"
shard1,376001,122,275,included_final_1000,"(376001, 122)",completed,True,,pooled (real draws),81e9437bee81301cf598ccadda508c9ac9305bf4,"{""finite_shot_end_to_end.parquet"": ""22b5e761f461c6bfde7a60a4efa7ac13bc59ae003488be84d2f0c1e57ddb7f39""}","{""python"": ""3.12.10"", ""numpy"": ""2.5.1"", ""pandas"": ""3.0.3"", ""statsmodels"": ""0.14.6"", ""scipy"": ""1.18.0""}"
shard1,376001,123,276,included_final_1000,"(376001, 123)",completed,True,,pooled (real draws),81e9437bee81301cf598ccadda508c9ac9305bf4,"{""finite_shot_end_to_end.parquet"": ""22b5e761f461c6bfde7a60a4efa7ac13bc59ae003488be84d2f0c1e57ddb7f39""}","{""python"": ""3.12.10"", ""numpy"": ""2.5.1"", ""pandas"": ""3.0.3"", ""statsmodels"": ""0.14.6"", ""scipy"": ""1.18.0""}"
shard1,376001,124,277,included_final_1000,"(376001, 124)",completed,True,,pooled (real draws),81e9437bee81301cf598ccadda508c9ac9305bf4,"{""finite_shot_end_to_end.parquet"": ""22b5e761f461c6bfde7a60a4efa7ac13bc59ae003488be84d2f0c1e57ddb7f39""}","{""python"": ""3.12.10"", ""numpy"": ""2.5.1"", ""pandas"": ""3.0.3"", ""statsmodels"": ""0.14.6"", ""scipy"": ""1.18.0""}"
shard1,376001,125,278,included_final_1000,"(376001, 125)",completed,True,,pooled (real draws),81e9437bee81301cf598ccadda508c9ac9305bf4,"{""finite_shot_end_to_end.parquet"": ""22b5e761f461c6bfde7a60a4efa7ac13bc59ae003488be84d2f0c1e57ddb7f39""}","{""python"": ""3.12.10"", ""numpy"": ""2.5.1"", ""pandas"": ""3.0.3"", ""statsmodels"": ""0.14.6"", ""scipy"": ""1.18.0""}"
shard1,376001,126,279,included_final_1000,"(376001, 126)",completed,True,,pooled (real draws),81e9437bee81301cf598ccadda508c9ac9305bf4,"{""finite_shot_end_to_end.parquet"": ""22b5e761f461c6bfde7a60a4efa7ac13bc59ae003488be84d2f0c1e57ddb7f39""}","{""python"": ""3.12.10"", ""numpy"": ""2.5.1"", ""pandas"": ""3.0.3"", ""statsmodels"": ""0.14.6"", ""scipy"": ""1.18.0""}"
shard1,376001,127,280,included_final_1000,"(376001, 127)",completed,True,,pooled (real draws),81e9437bee81301cf598ccadda508c9ac9305bf4,"{""finite_shot_end_to_end.parquet"": ""22b5e761f461c6bfde7a60a4efa7ac13bc59ae003488be84d2f0c1e57ddb7f39""}","{""python"": ""3.12.10"", ""numpy"": ""2.5.1"", ""pandas"": ""3.0.3"", ""statsmodels"": ""0.14.6"", ""scipy"": ""1.18.0""}"
shard1,376001,128,281,included_final_1000,"(376001, 128)",completed,True,,pooled (real draws),81e9437bee81301cf598ccadda508c9ac9305bf4,"{""finite_shot_end_to_end.parquet"": ""22b5e761f461c6bfde7a60a4efa7ac13bc59ae003488be84d2f0c1e57ddb7f39""}","{""python"": ""3.12.10"", ""numpy"": ""2.5.1"", ""pandas"": ""3.0.3"", ""statsmodels"": ""0.14.6"", ""scipy"": ""1.18.0""}"
shard1,376001,129,282,included_final_1000,"(376001, 129)",completed,True,,pooled (real draws),81e9437bee81301cf598ccadda508c9ac9305bf4,"{""finite_shot_end_to_end.parquet"": ""22b5e761f461c6bfde7a60a4efa7ac13bc59ae003488be84d2f0c1e57ddb7f39""}","{""python"": ""3.12.10"", ""numpy"": ""2.5.1"", ""pandas"": ""3.0.3"", ""statsmodels"": ""0.14.6"", ""scipy"": ""1.18.0""}"
shard1,376001,130,283,included_final_1000,"(376001, 130)",completed,True,,pooled (real draws),81e9437bee81301cf598ccadda508c9ac9305bf4,"{""finite_shot_end_to_end.parquet"": ""22b5e761f461c6bfde7a60a4efa7ac13bc59ae003488be84d2f0c1e57ddb7f39""}","{""python"": ""3.12.10"", ""numpy"": ""2.5.1"", ""pandas"": ""3.0.3"", ""statsmodels"": ""0.14.6"", ""scipy"": ""1.18.0""}"
shard1,376001,131,284,included_final_1000,"(376001, 131)",completed,True,,pooled (real draws),81e9437bee81301cf598ccadda508c9ac9305bf4,"{""finite_shot_end_to_end.parquet"": ""22b5e761f461c6bfde7a60a4efa7ac13bc59ae003488be84d2f0c1e57ddb7f39""}","{""python"": ""3.12.10"", ""numpy"": ""2.5.1"", ""pandas"": ""3.0.3"", ""statsmodels"": ""0.14.6"", ""scipy"": ""1.18.0""}"
shard1,376001,132,285,included_final_1000,"(376001, 132)",completed,True,,pooled (real draws),81e9437bee81301cf598ccadda508c9ac9305bf4,"{""finite_shot_end_to_end.parquet"": ""22b5e761f461c6bfde7a60a4efa7ac13bc59ae003488be84d2f0c1e57ddb7f39""}","{""python"": ""3.12.10"", ""numpy"": ""2.5.1"", ""pandas"": ""3.0.3"", ""statsmodels"": ""0.14.6"", ""scipy"": ""1.18.0""}"
shard1,376001,133,286,included_final_1000,"(376001, 133)",completed,True,,pooled (real draws),81e9437bee81301cf598ccadda508c9ac9305bf4,"{""finite_shot_end_to_end.parquet"": ""22b5e761f461c6bfde7a60a4efa7ac13bc59ae003488be84d2f0c1e57ddb7f39""}","{""python"": ""3.12.10"", ""numpy"": ""2.5.1"", ""pandas"": ""3.0.3"", ""statsmodels"": ""0.14.6"", ""scipy"": ""1.18.0""}"
shard1,376001,134,287,included_final_1000,"(376001, 134)",completed,True,,pooled (real draws),81e9437bee81301cf598ccadda508c9ac9305bf4,"{""finite_shot_end_to_end.parquet"": ""22b5e761f461c6bfde7a60a4efa7ac13bc59ae003488be84d2f0c1e57ddb7f39""}","{""python"": ""3.12.10"", ""numpy"": ""2.5.1"", ""pandas"": ""3.0.3"", ""statsmodels"": ""0.14.6"", ""scipy"": ""1.18.0""}"
shard1,376001,135,288,included_final_1000,"(376001, 135)",completed,True,,pooled (real draws),81e9437bee81301cf598ccadda508c9ac9305bf4,"{""finite_shot_end_to_end.parquet"": ""22b5e761f461c6bfde7a60a4efa7ac13bc59ae003488be84d2f0c1e57ddb7f39""}","{""python"": ""3.12.10"", ""numpy"": ""2.5.1"", ""pandas"": ""3.0.3"", ""statsmodels"": ""0.14.6"", ""scipy"": ""1.18.0""}"
shard1,376001,136,289,included_final_1000,"(376001, 136)",completed,True,,pooled (real draws),81e9437bee81301cf598ccadda508c9ac9305bf4,"{""finite_shot_end_to_end.parquet"": ""22b5e761f461c6bfde7a60a4efa7ac13bc59ae003488be84d2f0c1e57ddb7f39""}","{""python"": ""3.12.10"", ""numpy"": ""2.5.1"", ""pandas"": ""3.0.3"", ""statsmodels"": ""0.14.6"", ""scipy"": ""1.18.0""}"
shard1,376001,137,290,included_final_1000,"(376001, 137)",completed,True,,pooled (real draws),81e9437bee81301cf598ccadda508c9ac9305bf4,"{""finite_shot_end_to_end.parquet"": ""22b5e761f461c6bfde7a60a4efa7ac13bc59ae003488be84d2f0c1e57ddb7f39""}","{""python"": ""3.12.10"", ""numpy"": ""2.5.1"", ""pandas"": ""3.0.3"", ""statsmodels"": ""0.14.6"", ""scipy"": ""1.18.0""}"
shard1,376001,138,291,included_final_1000,"(376001, 138)",completed,True,,pooled (real draws),81e9437bee81301cf598ccadda508c9ac9305bf4,"{""finite_shot_end_to_end.parquet"": ""22b5e761f461c6bfde7a60a4efa7ac13bc59ae003488be84d2f0c1e57ddb7f39""}","{""python"": ""3.12.10"", ""numpy"": ""2.5.1"", ""pandas"": ""3.0.3"", ""statsmodels"": ""0.14.6"", ""scipy"": ""1.18.0""}"
shard1,376001,139,292,included_final_1000,"(376001, 139)",completed,True,,pooled (real draws),81e9437bee81301cf598ccadda508c9ac9305bf4,"{""finite_shot_end_to_end.parquet"": ""22b5e761f461c6bfde7a60a4efa7ac13bc59ae003488be84d2f0c1e57ddb7f39""}","{""python"": ""3.12.10"", ""numpy"": ""2.5.1"", ""pandas"": ""3.0.3"", ""statsmodels"": ""0.14.6"", ""scipy"": ""1.18.0""}"
shard1,376001,140,293,included_final_1000,"(376001, 140)",completed,True,,pooled (real draws),81e9437bee81301cf598ccadda508c9ac9305bf4,"{""finite_shot_end_to_end.parquet"": ""22b5e761f461c6bfde7a60a4efa7ac13bc59ae003488be84d2f0c1e57ddb7f39""}","{""python"": ""3.12.10"", ""numpy"": ""2.5.1"", ""pandas"": ""3.0.3"", ""statsmodels"": ""0.14.6"", ""scipy"": ""1.18.0""}"
shard1,376001,141,294,included_final_1000,"(376001, 141)",completed,True,,pooled (real draws),81e9437bee81301cf598ccadda508c9ac9305bf4,"{""finite_shot_end_to_end.parquet"": ""22b5e761f461c6bfde7a60a4efa7ac13bc59ae003488be84d2f0c1e57ddb7f39""}","{""python"": ""3.12.10"", ""numpy"": ""2.5.1"", ""pandas"": ""3.0.3"", ""statsmodels"": ""0.14.6"", ""scipy"": ""1.18.0""}"
shard1,376001,142,295,included_final_1000,"(376001, 142)",completed,True,,pooled (real draws),81e9437bee81301cf598ccadda508c9ac9305bf4,"{""finite_shot_end_to_end.parquet"": ""22b5e761f461c6bfde7a60a4efa7ac13bc59ae003488be84d2f0c1e57ddb7f39""}","{""python"": ""3.12.10"", ""numpy"": ""2.5.1"", ""pandas"": ""3.0.3"", ""statsmodels"": ""0.14.6"", ""scipy"": ""1.18.0""}"
shard1,376001,143,296,included_final_1000,"(376001, 143)",completed,True,,pooled (real draws),81e9437bee81301cf598ccadda508c9ac9305bf4,"{""finite_shot_end_to_end.parquet"": ""22b5e761f461c6bfde7a60a4efa7ac13bc59ae003488be84d2f0c1e57ddb7f39""}","{""python"": ""3.12.10"", ""numpy"": ""2.5.1"", ""pandas"": ""3.0.3"", ""statsmodels"": ""0.14.6"", ""scipy"": ""1.18.0""}"
shard1,376001,144,297,included_final_1000,"(376001, 144)",completed,True,,pooled (real draws),81e9437bee81301cf598ccadda508c9ac9305bf4,"{""finite_shot_end_to_end.parquet"": ""22b5e761f461c6bfde7a60a4efa7ac13bc59ae003488be84d2f0c1e57ddb7f39""}","{""python"": ""3.12.10"", ""numpy"": ""2.5.1"", ""pandas"": ""3.0.3"", ""statsmodels"": ""0.14.6"", ""scipy"": ""1.18.0""}"
shard10,466001,0,906,included_final_1000,"(466001, 0)",completed,True,,pooled (real draws),81e9437bee81301cf598ccadda508c9ac9305bf4,"{""finite_shot_end_to_end.parquet"": ""22b5e761f461c6bfde7a60a4efa7ac13bc59ae003488be84d2f0c1e57ddb7f39""}","{""python"": ""3.12.10"", ""numpy"": ""2.5.1"", ""pandas"": ""3.0.3"", ""statsmodels"": ""0.14.6"", ""scipy"": ""1.18.0""}"
shard10,466001,1,907,included_final_1000,"(466001, 1)",completed,True,,pooled (real draws),81e9437bee81301cf598ccadda508c9ac9305bf4,"{""finite_shot_end_to_end.parquet"": ""22b5e761f461c6bfde7a60a4efa7ac13bc59ae003488be84d2f0c1e57ddb7f39""}","{""python"": ""3.12.10"", ""numpy"": ""2.5.1"", ""pandas"": ""3.0.3"", ""statsmodels"": ""0.14.6"", ""scipy"": ""1.18.0""}"
shard10,466001,2,908,included_final_1000,"(466001, 2)",completed,True,,pooled (real draws),81e9437bee81301cf598ccadda508c9ac9305bf4,"{""finite_shot_end_to_end.parquet"": ""22b5e761f461c6bfde7a60a4efa7ac13bc59ae003488be84d2f0c1e57ddb7f39""}","{""python"": ""3.12.10"", ""numpy"": ""2.5.1"", ""pandas"": ""3.0.3"", ""statsmodels"": ""0.14.6"", ""scipy"": ""1.18.0""}"
shard10,466001,3,909,included_final_1000,"(466001, 3)",completed,True,,pooled (real draws),81e9437bee81301cf598ccadda508c9ac9305bf4,"{""finite_shot_end_to_end.parquet"": ""22b5e761f461c6bfde7a60a4efa7ac13bc59ae003488be84d2f0c1e57ddb7f39""}","{""python"": ""3.12.10"", ""numpy"": ""2.5.1"", ""pandas"": ""3.0.3"", ""statsmodels"": ""0.14.6"", ""scipy"": ""1.18.0""}"
shard10,466001,4,910,included_final_1000,"(466001, 4)",completed,True,,pooled (real draws),81e9437bee81301cf598ccadda508c9ac9305bf4,"{""finite_shot_end_to_end.parquet"": ""22b5e761f461c6bfde7a60a4efa7ac13bc59ae003488be84d2f0c1e57ddb7f39""}","{""python"": ""3.12.10"", ""numpy"": ""2.5.1"", ""pandas"": ""3.0.3"", ""statsmodels"": ""0.14.6"", ""scipy"": ""1.18.0""}"
shard10,466001,5,911,included_final_1000,"(466001, 5)",completed,True,,pooled (real draws),81e9437bee81301cf598ccadda508c9ac9305bf4,"{""finite_shot_end_to_end.parquet"": ""22b5e761f461c6bfde7a60a4efa7ac13bc59ae003488be84d2f0c1e57ddb7f39""}","{""python"": ""3.12.10"", ""numpy"": ""2.5.1"", ""pandas"": ""3.0.3"", ""statsmodels"": ""0.14.6"", ""scipy"": ""1.18.0""}"
shard10,466001,6,912,included_final_1000,"(466001, 6)",completed,True,,pooled (real draws),81e9437bee81301cf598ccadda508c9ac9305bf4,"{""finite_shot_end_to_end.parquet"": ""22b5e761f461c6bfde7a60a4efa7ac13bc59ae003488be84d2f0c1e57ddb7f39""}","{""python"": ""3.12.10"", ""numpy"": ""2.5.1"", ""pandas"": ""3.0.3"", ""statsmodels"": ""0.14.6"", ""scipy"": ""1.18.0""}"
shard10,466001,7,913,included_final_1000,"(466001, 7)",completed,True,,pooled (real draws),81e9437bee81301cf598ccadda508c9ac9305bf4,"{""finite_shot_end_to_end.parquet"": ""22b5e761f461c6bfde7a60a4efa7ac13bc59ae003488be84d2f0c1e57ddb7f39""}","{""python"": ""3.12.10"", ""numpy"": ""2.5.1"", ""pandas"": ""3.0.3"", ""statsmodels"": ""0.14.6"", ""scipy"": ""1.18.0""}"
shard10,466001,8,914,included_final_1000,"(466001, 8)",completed,True,,pooled (real draws),81e9437bee81301cf598ccadda508c9ac9305bf4,"{""finite_shot_end_to_end.parquet"": ""22b5e761f461c6bfde7a60a4efa7ac13bc59ae003488be84d2f0c1e57ddb7f39""}","{""python"": ""3.12.10"", ""numpy"": ""2.5.1"", ""pandas"": ""3.0.3"", ""statsmodels"": ""0.14.6"", ""scipy"": ""1.18.0""}"
shard10,466001,9,915,included_final_1000,"(466001, 9)",completed,True,,pooled (real draws),81e9437bee81301cf598ccadda508c9ac9305bf4,"{""finite_shot_end_to_end.parquet"": ""22b5e761f461c6bfde7a60a4efa7ac13bc59ae003488be84d2f0c1e57ddb7f39""}","{""python"": ""3.12.10"", ""numpy"": ""2.5.1"", ""pandas"": ""3.0.3"", ""statsmodels"": ""0.14.6"", ""scipy"": ""1.18.0""}"
shard10,466001,10,916,included_final_1000,"(466001, 10)",completed,True,,pooled (real draws),81e9437bee81301cf598ccadda508c9ac9305bf4,"{""finite_shot_end_to_end.parquet"": ""22b5e761f461c6bfde7a60a4efa7ac13bc59ae003488be84d2f0c1e57ddb7f39""}","{""python"": ""3.12.10"", ""numpy"": ""2.5.1"", ""pandas"": ""3.0.3"", ""statsmodels"": ""0.14.6"", ""scipy"": ""1.18.0""}"
shard10,466001,11,917,included_final_1000,"(466001, 11)",completed,True,,pooled (real draws),81e9437bee81301cf598ccadda508c9ac9305bf4,"{""finite_shot_end_to_end.parquet"": ""22b5e761f461c6bfde7a60a4efa7ac13bc59ae003488be84d2f0c1e57ddb7f39""}","{""python"": ""3.12.10"", ""numpy"": ""2.5.1"", ""pandas"": ""3.0.3"", ""statsmodels"": ""0.14.6"", ""scipy"": ""1.18.0""}"
shard10,466001,12,918,included_final_1000,"(466001, 12)",completed,True,,pooled (real draws),81e9437bee81301cf598ccadda508c9ac9305bf4,"{""finite_shot_end_to_end.parquet"": ""22b5e761f461c6bfde7a60a4efa7ac13bc59ae003488be84d2f0c1e57ddb7f39""}","{""python"": ""3.12.10"", ""numpy"": ""2.5.1"", ""pandas"": ""3.0.3"", ""statsmodels"": ""0.14.6"", ""scipy"": ""1.18.0""}"
shard10,466001,13,919,included_final_1000,"(466001, 13)",completed,True,,pooled (real draws),81e9437bee81301cf598ccadda508c9ac9305bf4,"{""finite_shot_end_to_end.parquet"": ""22b5e761f461c6bfde7a60a4efa7ac13bc59ae003488be84d2f0c1e57ddb7f39""}","{""python"": ""3.12.10"", ""numpy"": ""2.5.1"", ""pandas"": ""3.0.3"", ""statsmodels"": ""0.14.6"", ""scipy"": ""1.18.0""}"
shard10,466001,14,920,included_final_1000,"(466001, 14)",completed,True,,pooled (real draws),81e9437bee81301cf598ccadda508c9ac9305bf4,"{""finite_shot_end_to_end.parquet"": ""22b5e761f461c6bfde7a60a4efa7ac13bc59ae003488be84d2f0c1e57ddb7f39""}","{""python"": ""3.12.10"", ""numpy"": ""2.5.1"", ""pandas"": ""3.0.3"", ""statsmodels"": ""0.14.6"", ""scipy"": ""1.18.0""}"
shard10,466001,15,921,included_final_1000,"(466001, 15)",completed,True,,pooled (real draws),81e9437bee81301cf598ccadda508c9ac9305bf4,"{""finite_shot_end_to_end.parquet"": ""22b5e761f461c6bfde7a60a4efa7ac13bc59ae003488be84d2f0c1e57ddb7f39""}","{""python"": ""3.12.10"", ""numpy"": ""2.5.1"", ""pandas"": ""3.0.3"", ""statsmodels"": ""0.14.6"", ""scipy"": ""1.18.0""}"
shard10,466001,16,922,included_final_1000,"(466001, 16)",completed,True,,pooled (real draws),81e9437bee81301cf598ccadda508c9ac9305bf4,"{""finite_shot_end_to_end.parquet"": ""22b5e761f461c6bfde7a60a4efa7ac13bc59ae003488be84d2f0c1e57ddb7f39""}","{""python"": ""3.12.10"", ""numpy"": ""2.5.1"", ""pandas"": ""3.0.3"", ""statsmodels"": ""0.14.6"", ""scipy"": ""1.18.0""}"
shard10,466001,17,923,included_final_1000,"(466001, 17)",completed,True,,pooled (real draws),81e9437bee81301cf598ccadda508c9ac9305bf4,"{""finite_shot_end_to_end.parquet"": ""22b5e761f461c6bfde7a60a4efa7ac13bc59ae003488be84d2f0c1e57ddb7f39""}","{""python"": ""3.12.10"", ""numpy"": ""2.5.1"", ""pandas"": ""3.0.3"", ""statsmodels"": ""0.14.6"", ""scipy"": ""1.18.0""}"
shard10,466001,18,924,included_final_1000,"(466001, 18)",completed,True,,pooled (real draws),81e9437bee81301cf598ccadda508c9ac9305bf4,"{""finite_shot_end_to_end.parquet"": ""22b5e761f461c6bfde7a60a4efa7ac13bc59ae003488be84d2f0c1e57ddb7f39""}","{""python"": ""3.12.10"", ""numpy"": ""2.5.1"", ""pandas"": ""3.0.3"", ""statsmodels"": ""0.14.6"", ""scipy"": ""1.18.0""}"
shard10,466001,19,925,included_final_1000,"(466001, 19)",completed,True,,pooled (real draws),81e9437bee81301cf598ccadda508c9ac9305bf4,"{""finite_shot_end_to_end.parquet"": ""22b5e761f461c6bfde7a60a4efa7ac13bc59ae003488be84d2f0c1e57ddb7f39""}","{""python"": ""3.12.10"", ""numpy"": ""2.5.1"", ""pandas"": ""3.0.3"", ""statsmodels"": ""0.14.6"", ""scipy"": ""1.18.0""}"
shard10,466001,20,926,included_final_1000,"(466001, 20)",completed,True,,pooled (real draws),81e9437bee81301cf598ccadda508c9ac9305bf4,"{""finite_shot_end_to_end.parquet"": ""22b5e761f461c6bfde7a60a4efa7ac13bc59ae003488be84d2f0c1e57ddb7f39""}","{""python"": ""3.12.10"", ""numpy"": ""2.5.1"", ""pandas"": ""3.0.3"", ""statsmodels"": ""0.14.6"", ""scipy"": ""1.18.0""}"
shard10,466001,21,927,included_final_1000,"(466001, 21)",completed,True,,pooled (real draws),81e9437bee81301cf598ccadda508c9ac9305bf4,"{""finite_shot_end_to_end.parquet"": ""22b5e761f461c6bfde7a60a4efa7ac13bc59ae003488be84d2f0c1e57ddb7f39""}","{""python"": ""3.12.10"", ""numpy"": ""2.5.1"", ""pandas"": ""3.0.3"", ""statsmodels"": ""0.14.6"", ""scipy"": ""1.18.0""}"
shard10,466001,22,928,included_final_1000,"(466001, 22)",completed,True,,pooled (real draws),81e9437bee81301cf598ccadda508c9ac9305bf4,"{""finite_shot_end_to_end.parquet"": ""22b5e761f461c6bfde7a60a4efa7ac13bc59ae003488be84d2f0c1e57ddb7f39""}","{""python"": ""3.12.10"", ""numpy"": ""2.5.1"", ""pandas"": ""3.0.3"", ""statsmodels"": ""0.14.6"", ""scipy"": ""1.18.0""}"
shard10,466001,23,929,included_final_1000,"(466001, 23)",completed,True,,pooled (real draws),81e9437bee81301cf598ccadda508c9ac9305bf4,"{""finite_shot_end_to_end.parquet"": ""22b5e761f461c6bfde7a60a4efa7ac13bc59ae003488be84d2f0c1e57ddb7f39""}","{""python"": ""3.12.10"", ""numpy"": ""2.5.1"", ""pandas"": ""3.0.3"", ""statsmodels"": ""0.14.6"", ""scipy"": ""1.18.0""}"
shard10,466001,24,930,included_final_1000,"(466001, 24)",completed,True,,pooled (real draws),81e9437bee81301cf598ccadda508c9ac9305bf4,"{""finite_shot_end_to_end.parquet"": ""22b5e761f461c6bfde7a60a4efa7ac13bc59ae003488be84d2f0c1e57ddb7f39""}","{""python"": ""3.12.10"", ""numpy"": ""2.5.1"", ""pandas"": ""3.0.3"", ""statsmodels"": ""0.14.6"", ""scipy"": ""1.18.0""}"
shard10,466001,25,931,included_final_1000,"(466001, 25)",completed,True,,pooled (real draws),81e9437bee81301cf598ccadda508c9ac9305bf4,"{""finite_shot_end_to_end.parquet"": ""22b5e761f461c6bfde7a60a4efa7ac13bc59ae003488be84d2f0c1e57ddb7f39""}","{""python"": ""3.12.10"", ""numpy"": ""2.5.1"", ""pandas"": ""3.0.3"", ""statsmodels"": ""0.14.6"", ""scipy"": ""1.18.0""}"
shard10,466001,26,932,included_final_1000,"(466001, 26)",completed,True,,pooled (real draws),81e9437bee81301cf598ccadda508c9ac9305bf4,"{""finite_shot_end_to_end.parquet"": ""22b5e761f461c6bfde7a60a4efa7ac13bc59ae003488be84d2f0c1e57ddb7f39""}","{""python"": ""3.12.10"", ""numpy"": ""2.5.1"", ""pandas"": ""3.0.3"", ""statsmodels"": ""0.14.6"", ""scipy"": ""1.18.0""}"
shard10,466001,27,933,included_final_1000,"(466001, 27)",completed,True,,pooled (real draws),81e9437bee81301cf598ccadda508c9ac9305bf4,"{""finite_shot_end_to_end.parquet"": ""22b5e761f461c6bfde7a60a4efa7ac13bc59ae003488be84d2f0c1e57ddb7f39""}","{""python"": ""3.12.10"", ""numpy"": ""2.5.1"", ""pandas"": ""3.0.3"", ""statsmodels"": ""0.14.6"", ""scipy"": ""1.18.0""}"
shard10,466001,28,934,included_final_1000,"(466001, 28)",completed,True,,pooled (real draws),81e9437bee81301cf598ccadda508c9ac9305bf4,"{""finite_shot_end_to_end.parquet"": ""22b5e761f461c6bfde7a60a4efa7ac13bc59ae003488be84d2f0c1e57ddb7f39""}","{""python"": ""3.12.10"", ""numpy"": ""2.5.1"", ""pandas"": ""3.0.3"", ""statsmodels"": ""0.14.6"", ""scipy"": ""1.18.0""}"
shard10,466001,29,935,included_final_1000,"(466001, 29)",completed,True,,pooled (real draws),81e9437bee81301cf598ccadda508c9ac9305bf4,"{""finite_shot_end_to_end.parquet"": ""22b5e761f461c6bfde7a60a4efa7ac13bc59ae003488be84d2f0c1e57ddb7f39""}","{""python"": ""3.12.10"", ""numpy"": ""2.5.1"", ""pandas"": ""3.0.3"", ""statsmodels"": ""0.14.6"", ""scipy"": ""1.18.0""}"
shard10,466001,30,936,included_final_1000,"(466001, 30)",completed,True,,pooled (real draws),81e9437bee81301cf598ccadda508c9ac9305bf4,"{""finite_shot_end_to_end.parquet"": ""22b5e761f461c6bfde7a60a4efa7ac13bc59ae003488be84d2f0c1e57ddb7f39""}","{""python"": ""3.12.10"", ""numpy"": ""2.5.1"", ""pandas"": ""3.0.3"", ""statsmodels"": ""0.14.6"", ""scipy"": ""1.18.0""}"
shard10,466001,31,937,included_final_1000,"(466001, 31)",completed,True,,pooled (real draws),81e9437bee81301cf598ccadda508c9ac9305bf4,"{""finite_shot_end_to_end.parquet"": ""22b5e761f461c6bfde7a60a4efa7ac13bc59ae003488be84d2f0c1e57ddb7f39""}","{""python"": ""3.12.10"", ""numpy"": ""2.5.1"", ""pandas"": ""3.0.3"", ""statsmodels"": ""0.14.6"", ""scipy"": ""1.18.0""}"
shard10,466001,32,938,included_final_1000,"(466001, 32)",completed,True,,pooled (real draws),81e9437bee81301cf598ccadda508c9ac9305bf4,"{""finite_shot_end_to_end.parquet"": ""22b5e761f461c6bfde7a60a4efa7ac13bc59ae003488be84d2f0c1e57ddb7f39""}","{""python"": ""3.12.10"", ""numpy"": ""2.5.1"", ""pandas"": ""3.0.3"", ""statsmodels"": ""0.14.6"", ""scipy"": ""1.18.0""}"
shard10,466001,33,939,included_final_1000,"(466001, 33)",completed,True,,pooled (real draws),81e9437bee81301cf598ccadda508c9ac9305bf4,"{""finite_shot_end_to_end.parquet"": ""22b5e761f461c6bfde7a60a4efa7ac13bc59ae003488be84d2f0c1e57ddb7f39""}","{""python"": ""3.12.10"", ""numpy"": ""2.5.1"", ""pandas"": ""3.0.3"", ""statsmodels"": ""0.14.6"", ""scipy"": ""1.18.0""}"
shard10,466001,34,940,included_final_1000,"(466001, 34)",completed,True,,pooled (real draws),81e9437bee81301cf598ccadda508c9ac9305bf4,"{""finite_shot_end_to_end.parquet"": ""22b5e761f461c6bfde7a60a4efa7ac13bc59ae003488be84d2f0c1e57ddb7f39""}","{""python"": ""3.12.10"", ""numpy"": ""2.5.1"", ""pandas"": ""3.0.3"", ""statsmodels"": ""0.14.6"", ""scipy"": ""1.18.0""}"
shard10,466001,35,941,included_final_1000,"(466001, 35)",completed,True,,pooled (real draws),81e9437bee81301cf598ccadda508c9ac9305bf4,"{""finite_shot_end_to_end.parquet"": ""22b5e761f461c6bfde7a60a4efa7ac13bc59ae003488be84d2f0c1e57ddb7f39""}","{""python"": ""3.12.10"", ""numpy"": ""2.5.1"", ""pandas"": ""3.0.3"", ""statsmodels"": ""0.14.6"", ""scipy"": ""1.18.0""}"
shard10,466001,36,942,included_final_1000,"(466001, 36)",completed,True,,pooled (real draws),81e9437bee81301cf598ccadda508c9ac9305bf4,"{""finite_shot_end_to_end.parquet"": ""22b5e761f461c6bfde7a60a4efa7ac13bc59ae003488be84d2f0c1e57ddb7f39""}","{""python"": ""3.12.10"", ""numpy"": ""2.5.1"", ""pandas"": ""3.0.3"", ""statsmodels"": ""0.14.6"", ""scipy"": ""1.18.0""}"
shard10,466001,37,943,included_final_1000,"(466001, 37)",completed,True,,pooled (real draws),81e9437bee81301cf598ccadda508c9ac9305bf4,"{""finite_shot_end_to_end.parquet"": ""22b5e761f461c6bfde7a60a4efa7ac13bc59ae003488be84d2f0c1e57ddb7f39""}","{""python"": ""3.12.10"", ""numpy"": ""2.5.1"", ""pandas"": ""3.0.3"", ""statsmodels"": ""0.14.6"", ""scipy"": ""1.18.0""}"
shard10,466001,38,944,included_final_1000,"(466001, 38)",completed,True,,pooled (real draws),81e9437bee81301cf598ccadda508c9ac9305bf4,"{""finite_shot_end_to_end.parquet"": ""22b5e761f461c6bfde7a60a4efa7ac13bc59ae003488be84d2f0c1e57ddb7f39""}","{""python"": ""3.12.10"", ""numpy"": ""2.5.1"", ""pandas"": ""3.0.3"", ""statsmodels"": ""0.14.6"", ""scipy"": ""1.18.0""}"
shard10,466001,39,945,included_final_1000,"(466001, 39)",completed,True,,pooled (real draws),81e9437bee81301cf598ccadda508c9ac9305bf4,"{""finite_shot_end_to_end.parquet"": ""22b5e761f461c6bfde7a60a4efa7ac13bc59ae003488be84d2f0c1e57ddb7f39""}","{""python"": ""3.12.10"", ""numpy"": ""2.5.1"", ""pandas"": ""3.0.3"", ""statsmodels"": ""0.14.6"", ""scipy"": ""1.18.0""}"
shard10,466001,40,946,included_final_1000,"(466001, 40)",completed,True,,pooled (real draws),81e9437bee81301cf598ccadda508c9ac9305bf4,"{""finite_shot_end_to_end.parquet"": ""22b5e761f461c6bfde7a60a4efa7ac13bc59ae003488be84d2f0c1e57ddb7f39""}","{""python"": ""3.12.10"", ""numpy"": ""2.5.1"", ""pandas"": ""3.0.3"", ""statsmodels"": ""0.14.6"", ""scipy"": ""1.18.0""}"
shard10,466001,41,947,included_final_1000,"(466001, 41)",completed,True,,pooled (real draws),81e9437bee81301cf598ccadda508c9ac9305bf4,"{""finite_shot_end_to_end.parquet"": ""22b5e761f461c6bfde7a60a4efa7ac13bc59ae003488be84d2f0c1e57ddb7f39""}","{""python"": ""3.12.10"", ""numpy"": ""2.5.1"", ""pandas"": ""3.0.3"", ""statsmodels"": ""0.14.6"", ""scipy"": ""1.18.0""}"
shard10,466001,42,948,included_final_1000,"(466001, 42)",completed,True,,pooled (real draws),81e9437bee81301cf598ccadda508c9ac9305bf4,"{""finite_shot_end_to_end.parquet"": ""22b5e761f461c6bfde7a60a4efa7ac13bc59ae003488be84d2f0c1e57ddb7f39""}","{""python"": ""3.12.10"", ""numpy"": ""2.5.1"", ""pandas"": ""3.0.3"", ""statsmodels"": ""0.14.6"", ""scipy"": ""1.18.0""}"
shard10,466001,43,949,included_final_1000,"(466001, 43)",completed,True,,pooled (real draws),81e9437bee81301cf598ccadda508c9ac9305bf4,"{""finite_shot_end_to_end.parquet"": ""22b5e761f461c6bfde7a60a4efa7ac13bc59ae003488be84d2f0c1e57ddb7f39""}","{""python"": ""3.12.10"", ""numpy"": ""2.5.1"", ""pandas"": ""3.0.3"", ""statsmodels"": ""0.14.6"", ""scipy"": ""1.18.0""}"
shard10,466001,44,950,included_final_1000,"(466001, 44)",completed,True,,pooled (real draws),81e9437bee81301cf598ccadda508c9ac9305bf4,"{""finite_shot_end_to_end.parquet"": ""22b5e761f461c6bfde7a60a4efa7ac13bc59ae003488be84d2f0c1e57ddb7f39""}","{""python"": ""3.12.10"", ""numpy"": ""2.5.1"", ""pandas"": ""3.0.3"", ""statsmodels"": ""0.14.6"", ""scipy"": ""1.18.0""}"
shard11,476001,0,951,included_final_1000,"(476001, 0)",completed,True,,pooled (real draws),81e9437bee81301cf598ccadda508c9ac9305bf4,"{""finite_shot_end_to_end.parquet"": ""22b5e761f461c6bfde7a60a4efa7ac13bc59ae003488be84d2f0c1e57ddb7f39""}","{""python"": ""3.12.10"", ""numpy"": ""2.5.1"", ""pandas"": ""3.0.3"", ""statsmodels"": ""0.14.6"", ""scipy"": ""1.18.0""}"
shard11,476001,1,952,included_final_1000,"(476001, 1)",completed,True,,pooled (real draws),81e9437bee81301cf598ccadda508c9ac9305bf4,"{""finite_shot_end_to_end.parquet"": ""22b5e761f461c6bfde7a60a4efa7ac13bc59ae003488be84d2f0c1e57ddb7f39""}","{""python"": ""3.12.10"", ""numpy"": ""2.5.1"", ""pandas"": ""3.0.3"", ""statsmodels"": ""0.14.6"", ""scipy"": ""1.18.0""}"
shard11,476001,2,953,included_final_1000,"(476001, 2)",completed,True,,pooled (real draws),81e9437bee81301cf598ccadda508c9ac9305bf4,"{""finite_shot_end_to_end.parquet"": ""22b5e761f461c6bfde7a60a4efa7ac13bc59ae003488be84d2f0c1e57ddb7f39""}","{""python"": ""3.12.10"", ""numpy"": ""2.5.1"", ""pandas"": ""3.0.3"", ""statsmodels"": ""0.14.6"", ""scipy"": ""1.18.0""}"
shard11,476001,3,954,included_final_1000,"(476001, 3)",completed,True,,pooled (real draws),81e9437bee81301cf598ccadda508c9ac9305bf4,"{""finite_shot_end_to_end.parquet"": ""22b5e761f461c6bfde7a60a4efa7ac13bc59ae003488be84d2f0c1e57ddb7f39""}","{""python"": ""3.12.10"", ""numpy"": ""2.5.1"", ""pandas"": ""3.0.3"", ""statsmodels"": ""0.14.6"", ""scipy"": ""1.18.0""}"
shard11,476001,4,955,included_final_1000,"(476001, 4)",completed,True,,pooled (real draws),81e9437bee81301cf598ccadda508c9ac9305bf4,"{""finite_shot_end_to_end.parquet"": ""22b5e761f461c6bfde7a60a4efa7ac13bc59ae003488be84d2f0c1e57ddb7f39""}","{""python"": ""3.12.10"", ""numpy"": ""2.5.1"", ""pandas"": ""3.0.3"", ""statsmodels"": ""0.14.6"", ""scipy"": ""1.18.0""}"
shard11,476001,5,956,included_final_1000,"(476001, 5)",completed,True,,pooled (real draws),81e9437bee81301cf598ccadda508c9ac9305bf4,"{""finite_shot_end_to_end.parquet"": ""22b5e761f461c6bfde7a60a4efa7ac13bc59ae003488be84d2f0c1e57ddb7f39""}","{""python"": ""3.12.10"", ""numpy"": ""2.5.1"", ""pandas"": ""3.0.3"", ""statsmodels"": ""0.14.6"", ""scipy"": ""1.18.0""}"
shard11,476001,6,957,included_final_1000,"(476001, 6)",completed,True,,pooled (real draws),81e9437bee81301cf598ccadda508c9ac9305bf4,"{""finite_shot_end_to_end.parquet"": ""22b5e761f461c6bfde7a60a4efa7ac13bc59ae003488be84d2f0c1e57ddb7f39""}","{""python"": ""3.12.10"", ""numpy"": ""2.5.1"", ""pandas"": ""3.0.3"", ""statsmodels"": ""0.14.6"", ""scipy"": ""1.18.0""}"
shard11,476001,7,958,included_final_1000,"(476001, 7)",completed,True,,pooled (real draws),81e9437bee81301cf598ccadda508c9ac9305bf4,"{""finite_shot_end_to_end.parquet"": ""22b5e761f461c6bfde7a60a4efa7ac13bc59ae003488be84d2f0c1e57ddb7f39""}","{""python"": ""3.12.10"", ""numpy"": ""2.5.1"", ""pandas"": ""3.0.3"", ""statsmodels"": ""0.14.6"", ""scipy"": ""1.18.0""}"
shard11,476001,8,959,included_final_1000,"(476001, 8)",completed,True,,pooled (real draws),81e9437bee81301cf598ccadda508c9ac9305bf4,"{""finite_shot_end_to_end.parquet"": ""22b5e761f461c6bfde7a60a4efa7ac13bc59ae003488be84d2f0c1e57ddb7f39""}","{""python"": ""3.12.10"", ""numpy"": ""2.5.1"", ""pandas"": ""3.0.3"", ""statsmodels"": ""0.14.6"", ""scipy"": ""1.18.0""}"
shard11,476001,9,960,included_final_1000,"(476001, 9)",completed,True,,pooled (real draws),81e9437bee81301cf598ccadda508c9ac9305bf4,"{""finite_shot_end_to_end.parquet"": ""22b5e761f461c6bfde7a60a4efa7ac13bc59ae003488be84d2f0c1e57ddb7f39""}","{""python"": ""3.12.10"", ""numpy"": ""2.5.1"", ""pandas"": ""3.0.3"", ""statsmodels"": ""0.14.6"", ""scipy"": ""1.18.0""}"
shard11,476001,10,961,included_final_1000,"(476001, 10)",completed,True,,pooled (real draws),81e9437bee81301cf598ccadda508c9ac9305bf4,"{""finite_shot_end_to_end.parquet"": ""22b5e761f461c6bfde7a60a4efa7ac13bc59ae003488be84d2f0c1e57ddb7f39""}","{""python"": ""3.12.10"", ""numpy"": ""2.5.1"", ""pandas"": ""3.0.3"", ""statsmodels"": ""0.14.6"", ""scipy"": ""1.18.0""}"
shard11,476001,11,962,included_final_1000,"(476001, 11)",completed,True,,pooled (real draws),81e9437bee81301cf598ccadda508c9ac9305bf4,"{""finite_shot_end_to_end.parquet"": ""22b5e761f461c6bfde7a60a4efa7ac13bc59ae003488be84d2f0c1e57ddb7f39""}","{""python"": ""3.12.10"", ""numpy"": ""2.5.1"", ""pandas"": ""3.0.3"", ""statsmodels"": ""0.14.6"", ""scipy"": ""1.18.0""}"
shard11,476001,12,963,included_final_1000,"(476001, 12)",completed,True,,pooled (real draws),81e9437bee81301cf598ccadda508c9ac9305bf4,"{""finite_shot_end_to_end.parquet"": ""22b5e761f461c6bfde7a60a4efa7ac13bc59ae003488be84d2f0c1e57ddb7f39""}","{""python"": ""3.12.10"", ""numpy"": ""2.5.1"", ""pandas"": ""3.0.3"", ""statsmodels"": ""0.14.6"", ""scipy"": ""1.18.0""}"
shard11,476001,13,964,included_final_1000,"(476001, 13)",completed,True,,pooled (real draws),81e9437bee81301cf598ccadda508c9ac9305bf4,"{""finite_shot_end_to_end.parquet"": ""22b5e761f461c6bfde7a60a4efa7ac13bc59ae003488be84d2f0c1e57ddb7f39""}","{""python"": ""3.12.10"", ""numpy"": ""2.5.1"", ""pandas"": ""3.0.3"", ""statsmodels"": ""0.14.6"", ""scipy"": ""1.18.0""}"
shard11,476001,14,965,included_final_1000,"(476001, 14)",completed,True,,pooled (real draws),81e9437bee81301cf598ccadda508c9ac9305bf4,"{""finite_shot_end_to_end.parquet"": ""22b5e761f461c6bfde7a60a4efa7ac13bc59ae003488be84d2f0c1e57ddb7f39""}","{""python"": ""3.12.10"", ""numpy"": ""2.5.1"", ""pandas"": ""3.0.3"", ""statsmodels"": ""0.14.6"", ""scipy"": ""1.18.0""}"
shard11,476001,15,966,included_final_1000,"(476001, 15)",completed,True,,pooled (real draws),81e9437bee81301cf598ccadda508c9ac9305bf4,"{""finite_shot_end_to_end.parquet"": ""22b5e761f461c6bfde7a60a4efa7ac13bc59ae003488be84d2f0c1e57ddb7f39""}","{""python"": ""3.12.10"", ""numpy"": ""2.5.1"", ""pandas"": ""3.0.3"", ""statsmodels"": ""0.14.6"", ""scipy"": ""1.18.0""}"
shard11,476001,16,967,included_final_1000,"(476001, 16)",completed,True,,pooled (real draws),81e9437bee81301cf598ccadda508c9ac9305bf4,"{""finite_shot_end_to_end.parquet"": ""22b5e761f461c6bfde7a60a4efa7ac13bc59ae003488be84d2f0c1e57ddb7f39""}","{""python"": ""3.12.10"", ""numpy"": ""2.5.1"", ""pandas"": ""3.0.3"", ""statsmodels"": ""0.14.6"", ""scipy"": ""1.18.0""}"
shard11,476001,17,968,included_final_1000,"(476001, 17)",completed,True,,pooled (real draws),81e9437bee81301cf598ccadda508c9ac9305bf4,"{""finite_shot_end_to_end.parquet"": ""22b5e761f461c6bfde7a60a4efa7ac13bc59ae003488be84d2f0c1e57ddb7f39""}","{""python"": ""3.12.10"", ""numpy"": ""2.5.1"", ""pandas"": ""3.0.3"", ""statsmodels"": ""0.14.6"", ""scipy"": ""1.18.0""}"
shard11,476001,18,969,included_final_1000,"(476001, 18)",completed,True,,pooled (real draws),81e9437bee81301cf598ccadda508c9ac9305bf4,"{""finite_shot_end_to_end.parquet"": ""22b5e761f461c6bfde7a60a4efa7ac13bc59ae003488be84d2f0c1e57ddb7f39""}","{""python"": ""3.12.10"", ""numpy"": ""2.5.1"", ""pandas"": ""3.0.3"", ""statsmodels"": ""0.14.6"", ""scipy"": ""1.18.0""}"
shard11,476001,19,970,included_final_1000,"(476001, 19)",completed,True,,pooled (real draws),81e9437bee81301cf598ccadda508c9ac9305bf4,"{""finite_shot_end_to_end.parquet"": ""22b5e761f461c6bfde7a60a4efa7ac13bc59ae003488be84d2f0c1e57ddb7f39""}","{""python"": ""3.12.10"", ""numpy"": ""2.5.1"", ""pandas"": ""3.0.3"", ""statsmodels"": ""0.14.6"", ""scipy"": ""1.18.0""}"
shard11,476001,20,971,included_final_1000,"(476001, 20)",completed,True,,pooled (real draws),81e9437bee81301cf598ccadda508c9ac9305bf4,"{""finite_shot_end_to_end.parquet"": ""22b5e761f461c6bfde7a60a4efa7ac13bc59ae003488be84d2f0c1e57ddb7f39""}","{""python"": ""3.12.10"", ""numpy"": ""2.5.1"", ""pandas"": ""3.0.3"", ""statsmodels"": ""0.14.6"", ""scipy"": ""1.18.0""}"
shard11,476001,21,972,included_final_1000,"(476001, 21)",completed,True,,pooled (real draws),81e9437bee81301cf598ccadda508c9ac9305bf4,"{""finite_shot_end_to_end.parquet"": ""22b5e761f461c6bfde7a60a4efa7ac13bc59ae003488be84d2f0c1e57ddb7f39""}","{""python"": ""3.12.10"", ""numpy"": ""2.5.1"", ""pandas"": ""3.0.3"", ""statsmodels"": ""0.14.6"", ""scipy"": ""1.18.0""}"
shard11,476001,22,973,included_final_1000,"(476001, 22)",completed,True,,pooled (real draws),81e9437bee81301cf598ccadda508c9ac9305bf4,"{""finite_shot_end_to_end.parquet"": ""22b5e761f461c6bfde7a60a4efa7ac13bc59ae003488be84d2f0c1e57ddb7f39""}","{""python"": ""3.12.10"", ""numpy"": ""2.5.1"", ""pandas"": ""3.0.3"", ""statsmodels"": ""0.14.6"", ""scipy"": ""1.18.0""}"
shard11,476001,23,974,included_final_1000,"(476001, 23)",completed,True,,pooled (real draws),81e9437bee81301cf598ccadda508c9ac9305bf4,"{""finite_shot_end_to_end.parquet"": ""22b5e761f461c6bfde7a60a4efa7ac13bc59ae003488be84d2f0c1e57ddb7f39""}","{""python"": ""3.12.10"", ""numpy"": ""2.5.1"", ""pandas"": ""3.0.3"", ""statsmodels"": ""0.14.6"", ""scipy"": ""1.18.0""}"
shard11,476001,24,975,included_final_1000,"(476001, 24)",completed,True,,pooled (real draws),81e9437bee81301cf598ccadda508c9ac9305bf4,"{""finite_shot_end_to_end.parquet"": ""22b5e761f461c6bfde7a60a4efa7ac13bc59ae003488be84d2f0c1e57ddb7f39""}","{""python"": ""3.12.10"", ""numpy"": ""2.5.1"", ""pandas"": ""3.0.3"", ""statsmodels"": ""0.14.6"", ""scipy"": ""1.18.0""}"
shard11,476001,25,976,included_final_1000,"(476001, 25)",completed,True,,pooled (real draws),81e9437bee81301cf598ccadda508c9ac9305bf4,"{""finite_shot_end_to_end.parquet"": ""22b5e761f461c6bfde7a60a4efa7ac13bc59ae003488be84d2f0c1e57ddb7f39""}","{""python"": ""3.12.10"", ""numpy"": ""2.5.1"", ""pandas"": ""3.0.3"", ""statsmodels"": ""0.14.6"", ""scipy"": ""1.18.0""}"
shard11,476001,26,977,included_final_1000,"(476001, 26)",completed,True,,pooled (real draws),81e9437bee81301cf598ccadda508c9ac9305bf4,"{""finite_shot_end_to_end.parquet"": ""22b5e761f461c6bfde7a60a4efa7ac13bc59ae003488be84d2f0c1e57ddb7f39""}","{""python"": ""3.12.10"", ""numpy"": ""2.5.1"", ""pandas"": ""3.0.3"", ""statsmodels"": ""0.14.6"", ""scipy"": ""1.18.0""}"
shard11,476001,27,978,included_final_1000,"(476001, 27)",completed,True,,pooled (real draws),81e9437bee81301cf598ccadda508c9ac9305bf4,"{""finite_shot_end_to_end.parquet"": ""22b5e761f461c6bfde7a60a4efa7ac13bc59ae003488be84d2f0c1e57ddb7f39""}","{""python"": ""3.12.10"", ""numpy"": ""2.5.1"", ""pandas"": ""3.0.3"", ""statsmodels"": ""0.14.6"", ""scipy"": ""1.18.0""}"
shard11,476001,28,979,included_final_1000,"(476001, 28)",completed,True,,pooled (real draws),81e9437bee81301cf598ccadda508c9ac9305bf4,"{""finite_shot_end_to_end.parquet"": ""22b5e761f461c6bfde7a60a4efa7ac13bc59ae003488be84d2f0c1e57ddb7f39""}","{""python"": ""3.12.10"", ""numpy"": ""2.5.1"", ""pandas"": ""3.0.3"", ""statsmodels"": ""0.14.6"", ""scipy"": ""1.18.0""}"
shard11,476001,29,980,included_final_1000,"(476001, 29)",completed,True,,pooled (real draws),81e9437bee81301cf598ccadda508c9ac9305bf4,"{""finite_shot_end_to_end.parquet"": ""22b5e761f461c6bfde7a60a4efa7ac13bc59ae003488be84d2f0c1e57ddb7f39""}","{""python"": ""3.12.10"", ""numpy"": ""2.5.1"", ""pandas"": ""3.0.3"", ""statsmodels"": ""0.14.6"", ""scipy"": ""1.18.0""}"
shard11,476001,30,981,included_final_1000,"(476001, 30)",completed,True,,pooled (real draws),81e9437bee81301cf598ccadda508c9ac9305bf4,"{""finite_shot_end_to_end.parquet"": ""22b5e761f461c6bfde7a60a4efa7ac13bc59ae003488be84d2f0c1e57ddb7f39""}","{""python"": ""3.12.10"", ""numpy"": ""2.5.1"", ""pandas"": ""3.0.3"", ""statsmodels"": ""0.14.6"", ""scipy"": ""1.18.0""}"
shard11,476001,31,982,included_final_1000,"(476001, 31)",completed,True,,pooled (real draws),81e9437bee81301cf598ccadda508c9ac9305bf4,"{""finite_shot_end_to_end.parquet"": ""22b5e761f461c6bfde7a60a4efa7ac13bc59ae003488be84d2f0c1e57ddb7f39""}","{""python"": ""3.12.10"", ""numpy"": ""2.5.1"", ""pandas"": ""3.0.3"", ""statsmodels"": ""0.14.6"", ""scipy"": ""1.18.0""}"
shard11,476001,32,983,included_final_1000,"(476001, 32)",completed,True,,pooled (real draws),81e9437bee81301cf598ccadda508c9ac9305bf4,"{""finite_shot_end_to_end.parquet"": ""22b5e761f461c6bfde7a60a4efa7ac13bc59ae003488be84d2f0c1e57ddb7f39""}","{""python"": ""3.12.10"", ""numpy"": ""2.5.1"", ""pandas"": ""3.0.3"", ""statsmodels"": ""0.14.6"", ""scipy"": ""1.18.0""}"
shard11,476001,33,984,included_final_1000,"(476001, 33)",completed,True,,pooled (real draws),81e9437bee81301cf598ccadda508c9ac9305bf4,"{""finite_shot_end_to_end.parquet"": ""22b5e761f461c6bfde7a60a4efa7ac13bc59ae003488be84d2f0c1e57ddb7f39""}","{""python"": ""3.12.10"", ""numpy"": ""2.5.1"", ""pandas"": ""3.0.3"", ""statsmodels"": ""0.14.6"", ""scipy"": ""1.18.0""}"
shard11,476001,34,985,included_final_1000,"(476001, 34)",completed,True,,pooled (real draws),81e9437bee81301cf598ccadda508c9ac9305bf4,"{""finite_shot_end_to_end.parquet"": ""22b5e761f461c6bfde7a60a4efa7ac13bc59ae003488be84d2f0c1e57ddb7f39""}","{""python"": ""3.12.10"", ""numpy"": ""2.5.1"", ""pandas"": ""3.0.3"", ""statsmodels"": ""0.14.6"", ""scipy"": ""1.18.0""}"
shard11,476001,35,986,included_final_1000,"(476001, 35)",completed,True,,pooled (real draws),81e9437bee81301cf598ccadda508c9ac9305bf4,"{""finite_shot_end_to_end.parquet"": ""22b5e761f461c6bfde7a60a4efa7ac13bc59ae003488be84d2f0c1e57ddb7f39""}","{""python"": ""3.12.10"", ""numpy"": ""2.5.1"", ""pandas"": ""3.0.3"", ""statsmodels"": ""0.14.6"", ""scipy"": ""1.18.0""}"
shard11,476001,36,987,included_final_1000,"(476001, 36)",completed,True,,pooled (real draws),81e9437bee81301cf598ccadda508c9ac9305bf4,"{""finite_shot_end_to_end.parquet"": ""22b5e761f461c6bfde7a60a4efa7ac13bc59ae003488be84d2f0c1e57ddb7f39""}","{""python"": ""3.12.10"", ""numpy"": ""2.5.1"", ""pandas"": ""3.0.3"", ""statsmodels"": ""0.14.6"", ""scipy"": ""1.18.0""}"
shard11,476001,37,988,included_final_1000,"(476001, 37)",completed,True,,pooled (real draws),81e9437bee81301cf598ccadda508c9ac9305bf4,"{""finite_shot_end_to_end.parquet"": ""22b5e761f461c6bfde7a60a4efa7ac13bc59ae003488be84d2f0c1e57ddb7f39""}","{""python"": ""3.12.10"", ""numpy"": ""2.5.1"", ""pandas"": ""3.0.3"", ""statsmodels"": ""0.14.6"", ""scipy"": ""1.18.0""}"
shard11,476001,38,989,included_final_1000,"(476001, 38)",completed,True,,pooled (real draws),81e9437bee81301cf598ccadda508c9ac9305bf4,"{""finite_shot_end_to_end.parquet"": ""22b5e761f461c6bfde7a60a4efa7ac13bc59ae003488be84d2f0c1e57ddb7f39""}","{""python"": ""3.12.10"", ""numpy"": ""2.5.1"", ""pandas"": ""3.0.3"", ""statsmodels"": ""0.14.6"", ""scipy"": ""1.18.0""}"
shard11,476001,39,990,included_final_1000,"(476001, 39)",completed,True,,pooled (real draws),81e9437bee81301cf598ccadda508c9ac9305bf4,"{""finite_shot_end_to_end.parquet"": ""22b5e761f461c6bfde7a60a4efa7ac13bc59ae003488be84d2f0c1e57ddb7f39""}","{""python"": ""3.12.10"", ""numpy"": ""2.5.1"", ""pandas"": ""3.0.3"", ""statsmodels"": ""0.14.6"", ""scipy"": ""1.18.0""}"
shard11,476001,40,991,included_final_1000,"(476001, 40)",completed,True,,pooled (real draws),81e9437bee81301cf598ccadda508c9ac9305bf4,"{""finite_shot_end_to_end.parquet"": ""22b5e761f461c6bfde7a60a4efa7ac13bc59ae003488be84d2f0c1e57ddb7f39""}","{""python"": ""3.12.10"", ""numpy"": ""2.5.1"", ""pandas"": ""3.0.3"", ""statsmodels"": ""0.14.6"", ""scipy"": ""1.18.0""}"
shard11,476001,41,992,included_final_1000,"(476001, 41)",completed,True,,pooled (real draws),81e9437bee81301cf598ccadda508c9ac9305bf4,"{""finite_shot_end_to_end.parquet"": ""22b5e761f461c6bfde7a60a4efa7ac13bc59ae003488be84d2f0c1e57ddb7f39""}","{""python"": ""3.12.10"", ""numpy"": ""2.5.1"", ""pandas"": ""3.0.3"", ""statsmodels"": ""0.14.6"", ""scipy"": ""1.18.0""}"
shard11,476001,42,993,included_final_1000,"(476001, 42)",completed,True,,pooled (real draws),81e9437bee81301cf598ccadda508c9ac9305bf4,"{""finite_shot_end_to_end.parquet"": ""22b5e761f461c6bfde7a60a4efa7ac13bc59ae003488be84d2f0c1e57ddb7f39""}","{""python"": ""3.12.10"", ""numpy"": ""2.5.1"", ""pandas"": ""3.0.3"", ""statsmodels"": ""0.14.6"", ""scipy"": ""1.18.0""}"
shard11,476001,43,994,included_final_1000,"(476001, 43)",completed,True,,pooled (real draws),81e9437bee81301cf598ccadda508c9ac9305bf4,"{""finite_shot_end_to_end.parquet"": ""22b5e761f461c6bfde7a60a4efa7ac13bc59ae003488be84d2f0c1e57ddb7f39""}","{""python"": ""3.12.10"", ""numpy"": ""2.5.1"", ""pandas"": ""3.0.3"", ""statsmodels"": ""0.14.6"", ""scipy"": ""1.18.0""}"
shard11,476001,44,995,included_final_1000,"(476001, 44)",completed,True,,pooled (real draws),81e9437bee81301cf598ccadda508c9ac9305bf4,"{""finite_shot_end_to_end.parquet"": ""22b5e761f461c6bfde7a60a4efa7ac13bc59ae003488be84d2f0c1e57ddb7f39""}","{""python"": ""3.12.10"", ""numpy"": ""2.5.1"", ""pandas"": ""3.0.3"", ""statsmodels"": ""0.14.6"", ""scipy"": ""1.18.0""}"
shard11,476001,45,996,included_final_1000,"(476001, 45)",completed,True,,pooled (real draws),81e9437bee81301cf598ccadda508c9ac9305bf4,"{""finite_shot_end_to_end.parquet"": ""22b5e761f461c6bfde7a60a4efa7ac13bc59ae003488be84d2f0c1e57ddb7f39""}","{""python"": ""3.12.10"", ""numpy"": ""2.5.1"", ""pandas"": ""3.0.3"", ""statsmodels"": ""0.14.6"", ""scipy"": ""1.18.0""}"
shard11,476001,46,997,included_final_1000,"(476001, 46)",completed,True,,pooled (real draws),81e9437bee81301cf598ccadda508c9ac9305bf4,"{""finite_shot_end_to_end.parquet"": ""22b5e761f461c6bfde7a60a4efa7ac13bc59ae003488be84d2f0c1e57ddb7f39""}","{""python"": ""3.12.10"", ""numpy"": ""2.5.1"", ""pandas"": ""3.0.3"", ""statsmodels"": ""0.14.6"", ""scipy"": ""1.18.0""}"
shard11,476001,47,998,included_final_1000,"(476001, 47)",completed,True,,pooled (real draws),81e9437bee81301cf598ccadda508c9ac9305bf4,"{""finite_shot_end_to_end.parquet"": ""22b5e761f461c6bfde7a60a4efa7ac13bc59ae003488be84d2f0c1e57ddb7f39""}","{""python"": ""3.12.10"", ""numpy"": ""2.5.1"", ""pandas"": ""3.0.3"", ""statsmodels"": ""0.14.6"", ""scipy"": ""1.18.0""}"
shard11,476001,48,999,included_final_1000,"(476001, 48)",completed,True,,pooled (real draws),81e9437bee81301cf598ccadda508c9ac9305bf4,"{""finite_shot_end_to_end.parquet"": ""22b5e761f461c6bfde7a60a4efa7ac13bc59ae003488be84d2f0c1e57ddb7f39""}","{""python"": ""3.12.10"", ""numpy"": ""2.5.1"", ""pandas"": ""3.0.3"", ""statsmodels"": ""0.14.6"", ""scipy"": ""1.18.0""}"
shard11,476001,49,1000,excluded_completed_after_revised_target,"(476001, 49)",completed,True,,pooled (real draws),81e9437bee81301cf598ccadda508c9ac9305bf4,"{""finite_shot_end_to_end.parquet"": ""22b5e761f461c6bfde7a60a4efa7ac13bc59ae003488be84d2f0c1e57ddb7f39""}","{""python"": ""3.12.10"", ""numpy"": ""2.5.1"", ""pandas"": ""3.0.3"", ""statsmodels"": ""0.14.6"", ""scipy"": ""1.18.0""}"
shard12,486001,0,1001,excluded_completed_after_revised_target,"(486001, 0)",completed,True,,pooled (real draws),81e9437bee81301cf598ccadda508c9ac9305bf4,"{""finite_shot_end_to_end.parquet"": ""22b5e761f461c6bfde7a60a4efa7ac13bc59ae003488be84d2f0c1e57ddb7f39""}","{""python"": ""3.12.10"", ""numpy"": ""2.5.1"", ""pandas"": ""3.0.3"", ""statsmodels"": ""0.14.6"", ""scipy"": ""1.18.0""}"
shard12,486001,1,1002,excluded_completed_after_revised_target,"(486001, 1)",completed,True,,pooled (real draws),81e9437bee81301cf598ccadda508c9ac9305bf4,"{""finite_shot_end_to_end.parquet"": ""22b5e761f461c6bfde7a60a4efa7ac13bc59ae003488be84d2f0c1e57ddb7f39""}","{""python"": ""3.12.10"", ""numpy"": ""2.5.1"", ""pandas"": ""3.0.3"", ""statsmodels"": ""0.14.6"", ""scipy"": ""1.18.0""}"
shard12,486001,2,1003,excluded_completed_after_revised_target,"(486001, 2)",completed,True,,pooled (real draws),81e9437bee81301cf598ccadda508c9ac9305bf4,"{""finite_shot_end_to_end.parquet"": ""22b5e761f461c6bfde7a60a4efa7ac13bc59ae003488be84d2f0c1e57ddb7f39""}","{""python"": ""3.12.10"", ""numpy"": ""2.5.1"", ""pandas"": ""3.0.3"", ""statsmodels"": ""0.14.6"", ""scipy"": ""1.18.0""}"
shard12,486001,3,1004,excluded_completed_after_revised_target,"(486001, 3)",completed,True,,pooled (real draws),81e9437bee81301cf598ccadda508c9ac9305bf4,"{""finite_shot_end_to_end.parquet"": ""22b5e761f461c6bfde7a60a4efa7ac13bc59ae003488be84d2f0c1e57ddb7f39""}","{""python"": ""3.12.10"", ""numpy"": ""2.5.1"", ""pandas"": ""3.0.3"", ""statsmodels"": ""0.14.6"", ""scipy"": ""1.18.0""}"
shard12,486001,4,1005,excluded_completed_after_revised_target,"(486001, 4)",completed,True,,pooled (real draws),81e9437bee81301cf598ccadda508c9ac9305bf4,"{""finite_shot_end_to_end.parquet"": ""22b5e761f461c6bfde7a60a4efa7ac13bc59ae003488be84d2f0c1e57ddb7f39""}","{""python"": ""3.12.10"", ""numpy"": ""2.5.1"", ""pandas"": ""3.0.3"", ""statsmodels"": ""0.14.6"", ""scipy"": ""1.18.0""}"
shard12,486001,5,1006,excluded_completed_after_revised_target,"(486001, 5)",completed,True,,pooled (real draws),81e9437bee81301cf598ccadda508c9ac9305bf4,"{""finite_shot_end_to_end.parquet"": ""22b5e761f461c6bfde7a60a4efa7ac13bc59ae003488be84d2f0c1e57ddb7f39""}","{""python"": ""3.12.10"", ""numpy"": ""2.5.1"", ""pandas"": ""3.0.3"", ""statsmodels"": ""0.14.6"", ""scipy"": ""1.18.0""}"
shard12,486001,6,1007,excluded_completed_after_revised_target,"(486001, 6)",completed,True,,pooled (real draws),81e9437bee81301cf598ccadda508c9ac9305bf4,"{""finite_shot_end_to_end.parquet"": ""22b5e761f461c6bfde7a60a4efa7ac13bc59ae003488be84d2f0c1e57ddb7f39""}","{""python"": ""3.12.10"", ""numpy"": ""2.5.1"", ""pandas"": ""3.0.3"", ""statsmodels"": ""0.14.6"", ""scipy"": ""1.18.0""}"
shard12,486001,7,1008,excluded_completed_after_revised_target,"(486001, 7)",completed,True,,pooled (real draws),81e9437bee81301cf598ccadda508c9ac9305bf4,"{""finite_shot_end_to_end.parquet"": ""22b5e761f461c6bfde7a60a4efa7ac13bc59ae003488be84d2f0c1e57ddb7f39""}","{""python"": ""3.12.10"", ""numpy"": ""2.5.1"", ""pandas"": ""3.0.3"", ""statsmodels"": ""0.14.6"", ""scipy"": ""1.18.0""}"
shard12,486001,8,1009,excluded_completed_after_revised_target,"(486001, 8)",completed,True,,pooled (real draws),81e9437bee81301cf598ccadda508c9ac9305bf4,"{""finite_shot_end_to_end.parquet"": ""22b5e761f461c6bfde7a60a4efa7ac13bc59ae003488be84d2f0c1e57ddb7f39""}","{""python"": ""3.12.10"", ""numpy"": ""2.5.1"", ""pandas"": ""3.0.3"", ""statsmodels"": ""0.14.6"", ""scipy"": ""1.18.0""}"
shard12,486001,9,1010,excluded_completed_after_revised_target,"(486001, 9)",completed,True,,pooled (real draws),81e9437bee81301cf598ccadda508c9ac9305bf4,"{""finite_shot_end_to_end.parquet"": ""22b5e761f461c6bfde7a60a4efa7ac13bc59ae003488be84d2f0c1e57ddb7f39""}","{""python"": ""3.12.10"", ""numpy"": ""2.5.1"", ""pandas"": ""3.0.3"", ""statsmodels"": ""0.14.6"", ""scipy"": ""1.18.0""}"
shard12,486001,10,1011,excluded_completed_after_revised_target,"(486001, 10)",completed,True,,pooled (real draws),81e9437bee81301cf598ccadda508c9ac9305bf4,"{""finite_shot_end_to_end.parquet"": ""22b5e761f461c6bfde7a60a4efa7ac13bc59ae003488be84d2f0c1e57ddb7f39""}","{""python"": ""3.12.10"", ""numpy"": ""2.5.1"", ""pandas"": ""3.0.3"", ""statsmodels"": ""0.14.6"", ""scipy"": ""1.18.0""}"
shard12,486001,11,1012,excluded_completed_after_revised_target,"(486001, 11)",completed,True,,pooled (real draws),81e9437bee81301cf598ccadda508c9ac9305bf4,"{""finite_shot_end_to_end.parquet"": ""22b5e761f461c6bfde7a60a4efa7ac13bc59ae003488be84d2f0c1e57ddb7f39""}","{""python"": ""3.12.10"", ""numpy"": ""2.5.1"", ""pandas"": ""3.0.3"", ""statsmodels"": ""0.14.6"", ""scipy"": ""1.18.0""}"
shard12,486001,12,1013,excluded_completed_after_revised_target,"(486001, 12)",completed,True,,pooled (real draws),81e9437bee81301cf598ccadda508c9ac9305bf4,"{""finite_shot_end_to_end.parquet"": ""22b5e761f461c6bfde7a60a4efa7ac13bc59ae003488be84d2f0c1e57ddb7f39""}","{""python"": ""3.12.10"", ""numpy"": ""2.5.1"", ""pandas"": ""3.0.3"", ""statsmodels"": ""0.14.6"", ""scipy"": ""1.18.0""}"
shard12,486001,13,1014,excluded_completed_after_revised_target,"(486001, 13)",completed,True,,pooled (real draws),81e9437bee81301cf598ccadda508c9ac9305bf4,"{""finite_shot_end_to_end.parquet"": ""22b5e761f461c6bfde7a60a4efa7ac13bc59ae003488be84d2f0c1e57ddb7f39""}","{""python"": ""3.12.10"", ""numpy"": ""2.5.1"", ""pandas"": ""3.0.3"", ""statsmodels"": ""0.14.6"", ""scipy"": ""1.18.0""}"
shard12,486001,14,1015,excluded_completed_after_revised_target,"(486001, 14)",completed,True,,pooled (real draws),81e9437bee81301cf598ccadda508c9ac9305bf4,"{""finite_shot_end_to_end.parquet"": ""22b5e761f461c6bfde7a60a4efa7ac13bc59ae003488be84d2f0c1e57ddb7f39""}","{""python"": ""3.12.10"", ""numpy"": ""2.5.1"", ""pandas"": ""3.0.3"", ""statsmodels"": ""0.14.6"", ""scipy"": ""1.18.0""}"
shard12,486001,15,1016,excluded_completed_after_revised_target,"(486001, 15)",completed,True,,pooled (real draws),81e9437bee81301cf598ccadda508c9ac9305bf4,"{""finite_shot_end_to_end.parquet"": ""22b5e761f461c6bfde7a60a4efa7ac13bc59ae003488be84d2f0c1e57ddb7f39""}","{""python"": ""3.12.10"", ""numpy"": ""2.5.1"", ""pandas"": ""3.0.3"", ""statsmodels"": ""0.14.6"", ""scipy"": ""1.18.0""}"
shard12,486001,16,1017,excluded_completed_after_revised_target,"(486001, 16)",completed,True,,pooled (real draws),81e9437bee81301cf598ccadda508c9ac9305bf4,"{""finite_shot_end_to_end.parquet"": ""22b5e761f461c6bfde7a60a4efa7ac13bc59ae003488be84d2f0c1e57ddb7f39""}","{""python"": ""3.12.10"", ""numpy"": ""2.5.1"", ""pandas"": ""3.0.3"", ""statsmodels"": ""0.14.6"", ""scipy"": ""1.18.0""}"
shard12,486001,17,1018,excluded_completed_after_revised_target,"(486001, 17)",completed,True,,pooled (real draws),81e9437bee81301cf598ccadda508c9ac9305bf4,"{""finite_shot_end_to_end.parquet"": ""22b5e761f461c6bfde7a60a4efa7ac13bc59ae003488be84d2f0c1e57ddb7f39""}","{""python"": ""3.12.10"", ""numpy"": ""2.5.1"", ""pandas"": ""3.0.3"", ""statsmodels"": ""0.14.6"", ""scipy"": ""1.18.0""}"
shard12,486001,18,1019,excluded_completed_after_revised_target,"(486001, 18)",completed,True,,pooled (real draws),81e9437bee81301cf598ccadda508c9ac9305bf4,"{""finite_shot_end_to_end.parquet"": ""22b5e761f461c6bfde7a60a4efa7ac13bc59ae003488be84d2f0c1e57ddb7f39""}","{""python"": ""3.12.10"", ""numpy"": ""2.5.1"", ""pandas"": ""3.0.3"", ""statsmodels"": ""0.14.6"", ""scipy"": ""1.18.0""}"
shard12,486001,19,1020,excluded_completed_after_revised_target,"(486001, 19)",completed,True,,pooled (real draws),81e9437bee81301cf598ccadda508c9ac9305bf4,"{""finite_shot_end_to_end.parquet"": ""22b5e761f461c6bfde7a60a4efa7ac13bc59ae003488be84d2f0c1e57ddb7f39""}","{""python"": ""3.12.10"", ""numpy"": ""2.5.1"", ""pandas"": ""3.0.3"", ""statsmodels"": ""0.14.6"", ""scipy"": ""1.18.0""}"
shard12,486001,20,1021,excluded_completed_after_revised_target,"(486001, 20)",completed,True,,pooled (real draws),81e9437bee81301cf598ccadda508c9ac9305bf4,"{""finite_shot_end_to_end.parquet"": ""22b5e761f461c6bfde7a60a4efa7ac13bc59ae003488be84d2f0c1e57ddb7f39""}","{""python"": ""3.12.10"", ""numpy"": ""2.5.1"", ""pandas"": ""3.0.3"", ""statsmodels"": ""0.14.6"", ""scipy"": ""1.18.0""}"
shard12,486001,21,1022,excluded_completed_after_revised_target,"(486001, 21)",completed,True,,pooled (real draws),81e9437bee81301cf598ccadda508c9ac9305bf4,"{""finite_shot_end_to_end.parquet"": ""22b5e761f461c6bfde7a60a4efa7ac13bc59ae003488be84d2f0c1e57ddb7f39""}","{""python"": ""3.12.10"", ""numpy"": ""2.5.1"", ""pandas"": ""3.0.3"", ""statsmodels"": ""0.14.6"", ""scipy"": ""1.18.0""}"
shard12,486001,22,1023,excluded_completed_after_revised_target,"(486001, 22)",completed,True,,pooled (real draws),81e9437bee81301cf598ccadda508c9ac9305bf4,"{""finite_shot_end_to_end.parquet"": ""22b5e761f461c6bfde7a60a4efa7ac13bc59ae003488be84d2f0c1e57ddb7f39""}","{""python"": ""3.12.10"", ""numpy"": ""2.5.1"", ""pandas"": ""3.0.3"", ""statsmodels"": ""0.14.6"", ""scipy"": ""1.18.0""}"
shard12,486001,23,1024,excluded_completed_after_revised_target,"(486001, 23)",completed,True,,pooled (real draws),81e9437bee81301cf598ccadda508c9ac9305bf4,"{""finite_shot_end_to_end.parquet"": ""22b5e761f461c6bfde7a60a4efa7ac13bc59ae003488be84d2f0c1e57ddb7f39""}","{""python"": ""3.12.10"", ""numpy"": ""2.5.1"", ""pandas"": ""3.0.3"", ""statsmodels"": ""0.14.6"", ""scipy"": ""1.18.0""}"
shard12,486001,24,1025,excluded_completed_after_revised_target,"(486001, 24)",completed,True,,pooled (real draws),81e9437bee81301cf598ccadda508c9ac9305bf4,"{""finite_shot_end_to_end.parquet"": ""22b5e761f461c6bfde7a60a4efa7ac13bc59ae003488be84d2f0c1e57ddb7f39""}","{""python"": ""3.12.10"", ""numpy"": ""2.5.1"", ""pandas"": ""3.0.3"", ""statsmodels"": ""0.14.6"", ""scipy"": ""1.18.0""}"
shard12,486001,25,1026,excluded_completed_after_revised_target,"(486001, 25)",completed,True,,pooled (real draws),81e9437bee81301cf598ccadda508c9ac9305bf4,"{""finite_shot_end_to_end.parquet"": ""22b5e761f461c6bfde7a60a4efa7ac13bc59ae003488be84d2f0c1e57ddb7f39""}","{""python"": ""3.12.10"", ""numpy"": ""2.5.1"", ""pandas"": ""3.0.3"", ""statsmodels"": ""0.14.6"", ""scipy"": ""1.18.0""}"
shard12,486001,26,1027,excluded_completed_after_revised_target,"(486001, 26)",completed,True,,pooled (real draws),81e9437bee81301cf598ccadda508c9ac9305bf4,"{""finite_shot_end_to_end.parquet"": ""22b5e761f461c6bfde7a60a4efa7ac13bc59ae003488be84d2f0c1e57ddb7f39""}","{""python"": ""3.12.10"", ""numpy"": ""2.5.1"", ""pandas"": ""3.0.3"", ""statsmodels"": ""0.14.6"", ""scipy"": ""1.18.0""}"
shard12,486001,27,1028,excluded_completed_after_revised_target,"(486001, 27)",completed,True,,pooled (real draws),81e9437bee81301cf598ccadda508c9ac9305bf4,"{""finite_shot_end_to_end.parquet"": ""22b5e761f461c6bfde7a60a4efa7ac13bc59ae003488be84d2f0c1e57ddb7f39""}","{""python"": ""3.12.10"", ""numpy"": ""2.5.1"", ""pandas"": ""3.0.3"", ""statsmodels"": ""0.14.6"", ""scipy"": ""1.18.0""}"
shard12,486001,28,1029,excluded_completed_after_revised_target,"(486001, 28)",completed,True,,pooled (real draws),81e9437bee81301cf598ccadda508c9ac9305bf4,"{""finite_shot_end_to_end.parquet"": ""22b5e761f461c6bfde7a60a4efa7ac13bc59ae003488be84d2f0c1e57ddb7f39""}","{""python"": ""3.12.10"", ""numpy"": ""2.5.1"", ""pandas"": ""3.0.3"", ""statsmodels"": ""0.14.6"", ""scipy"": ""1.18.0""}"
shard12,486001,29,1030,excluded_completed_after_revised_target,"(486001, 29)",completed,True,,pooled (real draws),81e9437bee81301cf598ccadda508c9ac9305bf4,"{""finite_shot_end_to_end.parquet"": ""22b5e761f461c6bfde7a60a4efa7ac13bc59ae003488be84d2f0c1e57ddb7f39""}","{""python"": ""3.12.10"", ""numpy"": ""2.5.1"", ""pandas"": ""3.0.3"", ""statsmodels"": ""0.14.6"", ""scipy"": ""1.18.0""}"
shard12,486001,30,1031,excluded_completed_after_revised_target,"(486001, 30)",completed,True,,pooled (real draws),81e9437bee81301cf598ccadda508c9ac9305bf4,"{""finite_shot_end_to_end.parquet"": ""22b5e761f461c6bfde7a60a4efa7ac13bc59ae003488be84d2f0c1e57ddb7f39""}","{""python"": ""3.12.10"", ""numpy"": ""2.5.1"", ""pandas"": ""3.0.3"", ""statsmodels"": ""0.14.6"", ""scipy"": ""1.18.0""}"
shard12,486001,31,1032,excluded_completed_after_revised_target,"(486001, 31)",completed,True,,pooled (real draws),81e9437bee81301cf598ccadda508c9ac9305bf4,"{""finite_shot_end_to_end.parquet"": ""22b5e761f461c6bfde7a60a4efa7ac13bc59ae003488be84d2f0c1e57ddb7f39""}","{""python"": ""3.12.10"", ""numpy"": ""2.5.1"", ""pandas"": ""3.0.3"", ""statsmodels"": ""0.14.6"", ""scipy"": ""1.18.0""}"
shard12,486001,32,1033,excluded_completed_after_revised_target,"(486001, 32)",completed,True,,pooled (real draws),81e9437bee81301cf598ccadda508c9ac9305bf4,"{""finite_shot_end_to_end.parquet"": ""22b5e761f461c6bfde7a60a4efa7ac13bc59ae003488be84d2f0c1e57ddb7f39""}","{""python"": ""3.12.10"", ""numpy"": ""2.5.1"", ""pandas"": ""3.0.3"", ""statsmodels"": ""0.14.6"", ""scipy"": ""1.18.0""}"
shard12,486001,33,1034,excluded_completed_after_revised_target,"(486001, 33)",completed,True,,pooled (real draws),81e9437bee81301cf598ccadda508c9ac9305bf4,"{""finite_shot_end_to_end.parquet"": ""22b5e761f461c6bfde7a60a4efa7ac13bc59ae003488be84d2f0c1e57ddb7f39""}","{""python"": ""3.12.10"", ""numpy"": ""2.5.1"", ""pandas"": ""3.0.3"", ""statsmodels"": ""0.14.6"", ""scipy"": ""1.18.0""}"
shard12,486001,34,1035,excluded_completed_after_revised_target,"(486001, 34)",completed,True,,pooled (real draws),81e9437bee81301cf598ccadda508c9ac9305bf4,"{""finite_shot_end_to_end.parquet"": ""22b5e761f461c6bfde7a60a4efa7ac13bc59ae003488be84d2f0c1e57ddb7f39""}","{""python"": ""3.12.10"", ""numpy"": ""2.5.1"", ""pandas"": ""3.0.3"", ""statsmodels"": ""0.14.6"", ""scipy"": ""1.18.0""}"
shard12,486001,35,1036,excluded_completed_after_revised_target,"(486001, 35)",completed,True,,pooled (real draws),81e9437bee81301cf598ccadda508c9ac9305bf4,"{""finite_shot_end_to_end.parquet"": ""22b5e761f461c6bfde7a60a4efa7ac13bc59ae003488be84d2f0c1e57ddb7f39""}","{""python"": ""3.12.10"", ""numpy"": ""2.5.1"", ""pandas"": ""3.0.3"", ""statsmodels"": ""0.14.6"", ""scipy"": ""1.18.0""}"
shard12,486001,36,1037,excluded_completed_after_revised_target,"(486001, 36)",completed,True,,pooled (real draws),81e9437bee81301cf598ccadda508c9ac9305bf4,"{""finite_shot_end_to_end.parquet"": ""22b5e761f461c6bfde7a60a4efa7ac13bc59ae003488be84d2f0c1e57ddb7f39""}","{""python"": ""3.12.10"", ""numpy"": ""2.5.1"", ""pandas"": ""3.0.3"", ""statsmodels"": ""0.14.6"", ""scipy"": ""1.18.0""}"
shard12,486001,37,1038,excluded_completed_after_revised_target,"(486001, 37)",completed,True,,pooled (real draws),81e9437bee81301cf598ccadda508c9ac9305bf4,"{""finite_shot_end_to_end.parquet"": ""22b5e761f461c6bfde7a60a4efa7ac13bc59ae003488be84d2f0c1e57ddb7f39""}","{""python"": ""3.12.10"", ""numpy"": ""2.5.1"", ""pandas"": ""3.0.3"", ""statsmodels"": ""0.14.6"", ""scipy"": ""1.18.0""}"
shard12,486001,38,1039,excluded_completed_after_revised_target,"(486001, 38)",completed,True,,pooled (real draws),81e9437bee81301cf598ccadda508c9ac9305bf4,"{""finite_shot_end_to_end.parquet"": ""22b5e761f461c6bfde7a60a4efa7ac13bc59ae003488be84d2f0c1e57ddb7f39""}","{""python"": ""3.12.10"", ""numpy"": ""2.5.1"", ""pandas"": ""3.0.3"", ""statsmodels"": ""0.14.6"", ""scipy"": ""1.18.0""}"
shard12,486001,39,1040,excluded_completed_after_revised_target,"(486001, 39)",completed,True,,pooled (real draws),81e9437bee81301cf598ccadda508c9ac9305bf4,"{""finite_shot_end_to_end.parquet"": ""22b5e761f461c6bfde7a60a4efa7ac13bc59ae003488be84d2f0c1e57ddb7f39""}","{""python"": ""3.12.10"", ""numpy"": ""2.5.1"", ""pandas"": ""3.0.3"", ""statsmodels"": ""0.14.6"", ""scipy"": ""1.18.0""}"
shard12,486001,40,1041,excluded_completed_after_revised_target,"(486001, 40)",completed,True,,pooled (real draws),81e9437bee81301cf598ccadda508c9ac9305bf4,"{""finite_shot_end_to_end.parquet"": ""22b5e761f461c6bfde7a60a4efa7ac13bc59ae003488be84d2f0c1e57ddb7f39""}","{""python"": ""3.12.10"", ""numpy"": ""2.5.1"", ""pandas"": ""3.0.3"", ""statsmodels"": ""0.14.6"", ""scipy"": ""1.18.0""}"
shard12,486001,41,1042,excluded_completed_after_revised_target,"(486001, 41)",completed,True,,pooled (real draws),81e9437bee81301cf598ccadda508c9ac9305bf4,"{""finite_shot_end_to_end.parquet"": ""22b5e761f461c6bfde7a60a4efa7ac13bc59ae003488be84d2f0c1e57ddb7f39""}","{""python"": ""3.12.10"", ""numpy"": ""2.5.1"", ""pandas"": ""3.0.3"", ""statsmodels"": ""0.14.6"", ""scipy"": ""1.18.0""}"
shard12,486001,42,1043,excluded_completed_after_revised_target,"(486001, 42)",completed,True,,pooled (real draws),81e9437bee81301cf598ccadda508c9ac9305bf4,"{""finite_shot_end_to_end.parquet"": ""22b5e761f461c6bfde7a60a4efa7ac13bc59ae003488be84d2f0c1e57ddb7f39""}","{""python"": ""3.12.10"", ""numpy"": ""2.5.1"", ""pandas"": ""3.0.3"", ""statsmodels"": ""0.14.6"", ""scipy"": ""1.18.0""}"
shard12,486001,43,1044,excluded_completed_after_revised_target,"(486001, 43)",completed,True,,pooled (real draws),81e9437bee81301cf598ccadda508c9ac9305bf4,"{""finite_shot_end_to_end.parquet"": ""22b5e761f461c6bfde7a60a4efa7ac13bc59ae003488be84d2f0c1e57ddb7f39""}","{""python"": ""3.12.10"", ""numpy"": ""2.5.1"", ""pandas"": ""3.0.3"", ""statsmodels"": ""0.14.6"", ""scipy"": ""1.18.0""}"
shard12,486001,44,1045,excluded_completed_after_revised_target,"(486001, 44)",completed,True,,pooled (real draws),81e9437bee81301cf598ccadda508c9ac9305bf4,"{""finite_shot_end_to_end.parquet"": ""22b5e761f461c6bfde7a60a4efa7ac13bc59ae003488be84d2f0c1e57ddb7f39""}","{""python"": ""3.12.10"", ""numpy"": ""2.5.1"", ""pandas"": ""3.0.3"", ""statsmodels"": ""0.14.6"", ""scipy"": ""1.18.0""}"
shard12,486001,45,1046,excluded_completed_after_revised_target,"(486001, 45)",completed,True,,pooled (real draws),81e9437bee81301cf598ccadda508c9ac9305bf4,"{""finite_shot_end_to_end.parquet"": ""22b5e761f461c6bfde7a60a4efa7ac13bc59ae003488be84d2f0c1e57ddb7f39""}","{""python"": ""3.12.10"", ""numpy"": ""2.5.1"", ""pandas"": ""3.0.3"", ""statsmodels"": ""0.14.6"", ""scipy"": ""1.18.0""}"
shard12,486001,46,1047,excluded_completed_after_revised_target,"(486001, 46)",completed,True,,pooled (real draws),81e9437bee81301cf598ccadda508c9ac9305bf4,"{""finite_shot_end_to_end.parquet"": ""22b5e761f461c6bfde7a60a4efa7ac13bc59ae003488be84d2f0c1e57ddb7f39""}","{""python"": ""3.12.10"", ""numpy"": ""2.5.1"", ""pandas"": ""3.0.3"", ""statsmodels"": ""0.14.6"", ""scipy"": ""1.18.0""}"
shard12,486001,47,1048,excluded_completed_after_revised_target,"(486001, 47)",completed,True,,pooled (real draws),81e9437bee81301cf598ccadda508c9ac9305bf4,"{""finite_shot_end_to_end.parquet"": ""22b5e761f461c6bfde7a60a4efa7ac13bc59ae003488be84d2f0c1e57ddb7f39""}","{""python"": ""3.12.10"", ""numpy"": ""2.5.1"", ""pandas"": ""3.0.3"", ""statsmodels"": ""0.14.6"", ""scipy"": ""1.18.0""}"
shard12,486001,48,1049,excluded_completed_after_revised_target,"(486001, 48)",completed,True,,pooled (real draws),81e9437bee81301cf598ccadda508c9ac9305bf4,"{""finite_shot_end_to_end.parquet"": ""22b5e761f461c6bfde7a60a4efa7ac13bc59ae003488be84d2f0c1e57ddb7f39""}","{""python"": ""3.12.10"", ""numpy"": ""2.5.1"", ""pandas"": ""3.0.3"", ""statsmodels"": ""0.14.6"", ""scipy"": ""1.18.0""}"
shard12,486001,49,1050,excluded_completed_after_revised_target,"(486001, 49)",completed,True,,pooled (real draws),81e9437bee81301cf598ccadda508c9ac9305bf4,"{""finite_shot_end_to_end.parquet"": ""22b5e761f461c6bfde7a60a4efa7ac13bc59ae003488be84d2f0c1e57ddb7f39""}","{""python"": ""3.12.10"", ""numpy"": ""2.5.1"", ""pandas"": ""3.0.3"", ""statsmodels"": ""0.14.6"", ""scipy"": ""1.18.0""}"
shard12,486001,50,1051,excluded_completed_after_revised_target,"(486001, 50)",completed,True,,pooled (real draws),81e9437bee81301cf598ccadda508c9ac9305bf4,"{""finite_shot_end_to_end.parquet"": ""22b5e761f461c6bfde7a60a4efa7ac13bc59ae003488be84d2f0c1e57ddb7f39""}","{""python"": ""3.12.10"", ""numpy"": ""2.5.1"", ""pandas"": ""3.0.3"", ""statsmodels"": ""0.14.6"", ""scipy"": ""1.18.0""}"
shard12,486001,51,1052,excluded_completed_after_revised_target,"(486001, 51)",completed,True,,pooled (real draws),81e9437bee81301cf598ccadda508c9ac9305bf4,"{""finite_shot_end_to_end.parquet"": ""22b5e761f461c6bfde7a60a4efa7ac13bc59ae003488be84d2f0c1e57ddb7f39""}","{""python"": ""3.12.10"", ""numpy"": ""2.5.1"", ""pandas"": ""3.0.3"", ""statsmodels"": ""0.14.6"", ""scipy"": ""1.18.0""}"
shard12,486001,52,1053,excluded_completed_after_revised_target,"(486001, 52)",completed,True,,pooled (real draws),81e9437bee81301cf598ccadda508c9ac9305bf4,"{""finite_shot_end_to_end.parquet"": ""22b5e761f461c6bfde7a60a4efa7ac13bc59ae003488be84d2f0c1e57ddb7f39""}","{""python"": ""3.12.10"", ""numpy"": ""2.5.1"", ""pandas"": ""3.0.3"", ""statsmodels"": ""0.14.6"", ""scipy"": ""1.18.0""}"
shard12,486001,53,1054,excluded_completed_after_revised_target,"(486001, 53)",completed,True,,pooled (real draws),81e9437bee81301cf598ccadda508c9ac9305bf4,"{""finite_shot_end_to_end.parquet"": ""22b5e761f461c6bfde7a60a4efa7ac13bc59ae003488be84d2f0c1e57ddb7f39""}","{""python"": ""3.12.10"", ""numpy"": ""2.5.1"", ""pandas"": ""3.0.3"", ""statsmodels"": ""0.14.6"", ""scipy"": ""1.18.0""}"
shard12,486001,54,1055,excluded_completed_after_revised_target,"(486001, 54)",completed,True,,pooled (real draws),81e9437bee81301cf598ccadda508c9ac9305bf4,"{""finite_shot_end_to_end.parquet"": ""22b5e761f461c6bfde7a60a4efa7ac13bc59ae003488be84d2f0c1e57ddb7f39""}","{""python"": ""3.12.10"", ""numpy"": ""2.5.1"", ""pandas"": ""3.0.3"", ""statsmodels"": ""0.14.6"", ""scipy"": ""1.18.0""}"
shard12,486001,55,1056,excluded_completed_after_revised_target,"(486001, 55)",completed,True,,pooled (real draws),81e9437bee81301cf598ccadda508c9ac9305bf4,"{""finite_shot_end_to_end.parquet"": ""22b5e761f461c6bfde7a60a4efa7ac13bc59ae003488be84d2f0c1e57ddb7f39""}","{""python"": ""3.12.10"", ""numpy"": ""2.5.1"", ""pandas"": ""3.0.3"", ""statsmodels"": ""0.14.6"", ""scipy"": ""1.18.0""}"
shard12,486001,56,1057,excluded_completed_after_revised_target,"(486001, 56)",completed,True,,pooled (real draws),81e9437bee81301cf598ccadda508c9ac9305bf4,"{""finite_shot_end_to_end.parquet"": ""22b5e761f461c6bfde7a60a4efa7ac13bc59ae003488be84d2f0c1e57ddb7f39""}","{""python"": ""3.12.10"", ""numpy"": ""2.5.1"", ""pandas"": ""3.0.3"", ""statsmodels"": ""0.14.6"", ""scipy"": ""1.18.0""}"
shard12,486001,57,1058,excluded_completed_after_revised_target,"(486001, 57)",completed,True,,pooled (real draws),81e9437bee81301cf598ccadda508c9ac9305bf4,"{""finite_shot_end_to_end.parquet"": ""22b5e761f461c6bfde7a60a4efa7ac13bc59ae003488be84d2f0c1e57ddb7f39""}","{""python"": ""3.12.10"", ""numpy"": ""2.5.1"", ""pandas"": ""3.0.3"", ""statsmodels"": ""0.14.6"", ""scipy"": ""1.18.0""}"
shard12,486001,58,1059,excluded_completed_after_revised_target,"(486001, 58)",completed,True,,pooled (real draws),81e9437bee81301cf598ccadda508c9ac9305bf4,"{""finite_shot_end_to_end.parquet"": ""22b5e761f461c6bfde7a60a4efa7ac13bc59ae003488be84d2f0c1e57ddb7f39""}","{""python"": ""3.12.10"", ""numpy"": ""2.5.1"", ""pandas"": ""3.0.3"", ""statsmodels"": ""0.14.6"", ""scipy"": ""1.18.0""}"
shard12,486001,59,1060,excluded_completed_after_revised_target,"(486001, 59)",completed,True,,pooled (real draws),81e9437bee81301cf598ccadda508c9ac9305bf4,"{""finite_shot_end_to_end.parquet"": ""22b5e761f461c6bfde7a60a4efa7ac13bc59ae003488be84d2f0c1e57ddb7f39""}","{""python"": ""3.12.10"", ""numpy"": ""2.5.1"", ""pandas"": ""3.0.3"", ""statsmodels"": ""0.14.6"", ""scipy"": ""1.18.0""}"
shard12,486001,60,1061,excluded_completed_after_revised_target,"(486001, 60)",completed,True,,pooled (real draws),81e9437bee81301cf598ccadda508c9ac9305bf4,"{""finite_shot_end_to_end.parquet"": ""22b5e761f461c6bfde7a60a4efa7ac13bc59ae003488be84d2f0c1e57ddb7f39""}","{""python"": ""3.12.10"", ""numpy"": ""2.5.1"", ""pandas"": ""3.0.3"", ""statsmodels"": ""0.14.6"", ""scipy"": ""1.18.0""}"
shard12,486001,61,1062,excluded_completed_after_revised_target,"(486001, 61)",completed,True,,pooled (real draws),81e9437bee81301cf598ccadda508c9ac9305bf4,"{""finite_shot_end_to_end.parquet"": ""22b5e761f461c6bfde7a60a4efa7ac13bc59ae003488be84d2f0c1e57ddb7f39""}","{""python"": ""3.12.10"", ""numpy"": ""2.5.1"", ""pandas"": ""3.0.3"", ""statsmodels"": ""0.14.6"", ""scipy"": ""1.18.0""}"
shard12,486001,62,1063,excluded_completed_after_revised_target,"(486001, 62)",completed,True,,pooled (real draws),81e9437bee81301cf598ccadda508c9ac9305bf4,"{""finite_shot_end_to_end.parquet"": ""22b5e761f461c6bfde7a60a4efa7ac13bc59ae003488be84d2f0c1e57ddb7f39""}","{""python"": ""3.12.10"", ""numpy"": ""2.5.1"", ""pandas"": ""3.0.3"", ""statsmodels"": ""0.14.6"", ""scipy"": ""1.18.0""}"
shard12,486001,63,1064,excluded_completed_after_revised_target,"(486001, 63)",completed,True,,pooled (real draws),81e9437bee81301cf598ccadda508c9ac9305bf4,"{""finite_shot_end_to_end.parquet"": ""22b5e761f461c6bfde7a60a4efa7ac13bc59ae003488be84d2f0c1e57ddb7f39""}","{""python"": ""3.12.10"", ""numpy"": ""2.5.1"", ""pandas"": ""3.0.3"", ""statsmodels"": ""0.14.6"", ""scipy"": ""1.18.0""}"
shard12,486001,64,1065,excluded_completed_after_revised_target,"(486001, 64)",completed,True,,pooled (real draws),81e9437bee81301cf598ccadda508c9ac9305bf4,"{""finite_shot_end_to_end.parquet"": ""22b5e761f461c6bfde7a60a4efa7ac13bc59ae003488be84d2f0c1e57ddb7f39""}","{""python"": ""3.12.10"", ""numpy"": ""2.5.1"", ""pandas"": ""3.0.3"", ""statsmodels"": ""0.14.6"", ""scipy"": ""1.18.0""}"
shard12,486001,65,1066,excluded_completed_after_revised_target,"(486001, 65)",completed,True,,pooled (real draws),81e9437bee81301cf598ccadda508c9ac9305bf4,"{""finite_shot_end_to_end.parquet"": ""22b5e761f461c6bfde7a60a4efa7ac13bc59ae003488be84d2f0c1e57ddb7f39""}","{""python"": ""3.12.10"", ""numpy"": ""2.5.1"", ""pandas"": ""3.0.3"", ""statsmodels"": ""0.14.6"", ""scipy"": ""1.18.0""}"
shard12,486001,66,1067,excluded_completed_after_revised_target,"(486001, 66)",completed,True,,pooled (real draws),81e9437bee81301cf598ccadda508c9ac9305bf4,"{""finite_shot_end_to_end.parquet"": ""22b5e761f461c6bfde7a60a4efa7ac13bc59ae003488be84d2f0c1e57ddb7f39""}","{""python"": ""3.12.10"", ""numpy"": ""2.5.1"", ""pandas"": ""3.0.3"", ""statsmodels"": ""0.14.6"", ""scipy"": ""1.18.0""}"
shard13,496001,0,1068,excluded_completed_after_revised_target,"(496001, 0)",completed,True,,pooled (real draws),81e9437bee81301cf598ccadda508c9ac9305bf4,"{""finite_shot_end_to_end.parquet"": ""22b5e761f461c6bfde7a60a4efa7ac13bc59ae003488be84d2f0c1e57ddb7f39""}","{""python"": ""3.12.10"", ""numpy"": ""2.5.1"", ""pandas"": ""3.0.3"", ""statsmodels"": ""0.14.6"", ""scipy"": ""1.18.0""}"
shard13,496001,1,1069,excluded_completed_after_revised_target,"(496001, 1)",completed,True,,pooled (real draws),81e9437bee81301cf598ccadda508c9ac9305bf4,"{""finite_shot_end_to_end.parquet"": ""22b5e761f461c6bfde7a60a4efa7ac13bc59ae003488be84d2f0c1e57ddb7f39""}","{""python"": ""3.12.10"", ""numpy"": ""2.5.1"", ""pandas"": ""3.0.3"", ""statsmodels"": ""0.14.6"", ""scipy"": ""1.18.0""}"
shard13,496001,2,1070,excluded_completed_after_revised_target,"(496001, 2)",completed,True,,pooled (real draws),81e9437bee81301cf598ccadda508c9ac9305bf4,"{""finite_shot_end_to_end.parquet"": ""22b5e761f461c6bfde7a60a4efa7ac13bc59ae003488be84d2f0c1e57ddb7f39""}","{""python"": ""3.12.10"", ""numpy"": ""2.5.1"", ""pandas"": ""3.0.3"", ""statsmodels"": ""0.14.6"", ""scipy"": ""1.18.0""}"
shard13,496001,3,1071,excluded_completed_after_revised_target,"(496001, 3)",completed,True,,pooled (real draws),81e9437bee81301cf598ccadda508c9ac9305bf4,"{""finite_shot_end_to_end.parquet"": ""22b5e761f461c6bfde7a60a4efa7ac13bc59ae003488be84d2f0c1e57ddb7f39""}","{""python"": ""3.12.10"", ""numpy"": ""2.5.1"", ""pandas"": ""3.0.3"", ""statsmodels"": ""0.14.6"", ""scipy"": ""1.18.0""}"
shard13,496001,4,1072,excluded_completed_after_revised_target,"(496001, 4)",completed,True,,pooled (real draws),81e9437bee81301cf598ccadda508c9ac9305bf4,"{""finite_shot_end_to_end.parquet"": ""22b5e761f461c6bfde7a60a4efa7ac13bc59ae003488be84d2f0c1e57ddb7f39""}","{""python"": ""3.12.10"", ""numpy"": ""2.5.1"", ""pandas"": ""3.0.3"", ""statsmodels"": ""0.14.6"", ""scipy"": ""1.18.0""}"
shard13,496001,5,1073,excluded_completed_after_revised_target,"(496001, 5)",completed,True,,pooled (real draws),81e9437bee81301cf598ccadda508c9ac9305bf4,"{""finite_shot_end_to_end.parquet"": ""22b5e761f461c6bfde7a60a4efa7ac13bc59ae003488be84d2f0c1e57ddb7f39""}","{""python"": ""3.12.10"", ""numpy"": ""2.5.1"", ""pandas"": ""3.0.3"", ""statsmodels"": ""0.14.6"", ""scipy"": ""1.18.0""}"
shard13,496001,6,1074,excluded_completed_after_revised_target,"(496001, 6)",completed,True,,pooled (real draws),81e9437bee81301cf598ccadda508c9ac9305bf4,"{""finite_shot_end_to_end.parquet"": ""22b5e761f461c6bfde7a60a4efa7ac13bc59ae003488be84d2f0c1e57ddb7f39""}","{""python"": ""3.12.10"", ""numpy"": ""2.5.1"", ""pandas"": ""3.0.3"", ""statsmodels"": ""0.14.6"", ""scipy"": ""1.18.0""}"
shard13,496001,7,1075,excluded_completed_after_revised_target,"(496001, 7)",completed,True,,pooled (real draws),81e9437bee81301cf598ccadda508c9ac9305bf4,"{""finite_shot_end_to_end.parquet"": ""22b5e761f461c6bfde7a60a4efa7ac13bc59ae003488be84d2f0c1e57ddb7f39""}","{""python"": ""3.12.10"", ""numpy"": ""2.5.1"", ""pandas"": ""3.0.3"", ""statsmodels"": ""0.14.6"", ""scipy"": ""1.18.0""}"
shard13,496001,8,1076,excluded_completed_after_revised_target,"(496001, 8)",completed,True,,pooled (real draws),81e9437bee81301cf598ccadda508c9ac9305bf4,"{""finite_shot_end_to_end.parquet"": ""22b5e761f461c6bfde7a60a4efa7ac13bc59ae003488be84d2f0c1e57ddb7f39""}","{""python"": ""3.12.10"", ""numpy"": ""2.5.1"", ""pandas"": ""3.0.3"", ""statsmodels"": ""0.14.6"", ""scipy"": ""1.18.0""}"
shard13,496001,9,1077,excluded_completed_after_revised_target,"(496001, 9)",completed,True,,pooled (real draws),81e9437bee81301cf598ccadda508c9ac9305bf4,"{""finite_shot_end_to_end.parquet"": ""22b5e761f461c6bfde7a60a4efa7ac13bc59ae003488be84d2f0c1e57ddb7f39""}","{""python"": ""3.12.10"", ""numpy"": ""2.5.1"", ""pandas"": ""3.0.3"", ""statsmodels"": ""0.14.6"", ""scipy"": ""1.18.0""}"
shard13,496001,10,1078,excluded_completed_after_revised_target,"(496001, 10)",completed,True,,pooled (real draws),81e9437bee81301cf598ccadda508c9ac9305bf4,"{""finite_shot_end_to_end.parquet"": ""22b5e761f461c6bfde7a60a4efa7ac13bc59ae003488be84d2f0c1e57ddb7f39""}","{""python"": ""3.12.10"", ""numpy"": ""2.5.1"", ""pandas"": ""3.0.3"", ""statsmodels"": ""0.14.6"", ""scipy"": ""1.18.0""}"
shard13,496001,11,1079,excluded_completed_after_revised_target,"(496001, 11)",completed,True,,pooled (real draws),81e9437bee81301cf598ccadda508c9ac9305bf4,"{""finite_shot_end_to_end.parquet"": ""22b5e761f461c6bfde7a60a4efa7ac13bc59ae003488be84d2f0c1e57ddb7f39""}","{""python"": ""3.12.10"", ""numpy"": ""2.5.1"", ""pandas"": ""3.0.3"", ""statsmodels"": ""0.14.6"", ""scipy"": ""1.18.0""}"
shard13,496001,12,1080,excluded_completed_after_revised_target,"(496001, 12)",completed,True,,pooled (real draws),81e9437bee81301cf598ccadda508c9ac9305bf4,"{""finite_shot_end_to_end.parquet"": ""22b5e761f461c6bfde7a60a4efa7ac13bc59ae003488be84d2f0c1e57ddb7f39""}","{""python"": ""3.12.10"", ""numpy"": ""2.5.1"", ""pandas"": ""3.0.3"", ""statsmodels"": ""0.14.6"", ""scipy"": ""1.18.0""}"
shard13,496001,13,1081,excluded_completed_after_revised_target,"(496001, 13)",completed,True,,pooled (real draws),81e9437bee81301cf598ccadda508c9ac9305bf4,"{""finite_shot_end_to_end.parquet"": ""22b5e761f461c6bfde7a60a4efa7ac13bc59ae003488be84d2f0c1e57ddb7f39""}","{""python"": ""3.12.10"", ""numpy"": ""2.5.1"", ""pandas"": ""3.0.3"", ""statsmodels"": ""0.14.6"", ""scipy"": ""1.18.0""}"
shard13,496001,14,1082,excluded_completed_after_revised_target,"(496001, 14)",completed,True,,pooled (real draws),81e9437bee81301cf598ccadda508c9ac9305bf4,"{""finite_shot_end_to_end.parquet"": ""22b5e761f461c6bfde7a60a4efa7ac13bc59ae003488be84d2f0c1e57ddb7f39""}","{""python"": ""3.12.10"", ""numpy"": ""2.5.1"", ""pandas"": ""3.0.3"", ""statsmodels"": ""0.14.6"", ""scipy"": ""1.18.0""}"
shard13,496001,15,1083,excluded_completed_after_revised_target,"(496001, 15)",completed,True,,pooled (real draws),81e9437bee81301cf598ccadda508c9ac9305bf4,"{""finite_shot_end_to_end.parquet"": ""22b5e761f461c6bfde7a60a4efa7ac13bc59ae003488be84d2f0c1e57ddb7f39""}","{""python"": ""3.12.10"", ""numpy"": ""2.5.1"", ""pandas"": ""3.0.3"", ""statsmodels"": ""0.14.6"", ""scipy"": ""1.18.0""}"
shard13,496001,16,1084,excluded_completed_after_revised_target,"(496001, 16)",completed,True,,pooled (real draws),81e9437bee81301cf598ccadda508c9ac9305bf4,"{""finite_shot_end_to_end.parquet"": ""22b5e761f461c6bfde7a60a4efa7ac13bc59ae003488be84d2f0c1e57ddb7f39""}","{""python"": ""3.12.10"", ""numpy"": ""2.5.1"", ""pandas"": ""3.0.3"", ""statsmodels"": ""0.14.6"", ""scipy"": ""1.18.0""}"
shard13,496001,17,1085,excluded_completed_after_revised_target,"(496001, 17)",completed,True,,pooled (real draws),81e9437bee81301cf598ccadda508c9ac9305bf4,"{""finite_shot_end_to_end.parquet"": ""22b5e761f461c6bfde7a60a4efa7ac13bc59ae003488be84d2f0c1e57ddb7f39""}","{""python"": ""3.12.10"", ""numpy"": ""2.5.1"", ""pandas"": ""3.0.3"", ""statsmodels"": ""0.14.6"", ""scipy"": ""1.18.0""}"
shard13,496001,18,1086,excluded_completed_after_revised_target,"(496001, 18)",completed,True,,pooled (real draws),81e9437bee81301cf598ccadda508c9ac9305bf4,"{""finite_shot_end_to_end.parquet"": ""22b5e761f461c6bfde7a60a4efa7ac13bc59ae003488be84d2f0c1e57ddb7f39""}","{""python"": ""3.12.10"", ""numpy"": ""2.5.1"", ""pandas"": ""3.0.3"", ""statsmodels"": ""0.14.6"", ""scipy"": ""1.18.0""}"
shard13,496001,19,1087,excluded_completed_after_revised_target,"(496001, 19)",completed,True,,pooled (real draws),81e9437bee81301cf598ccadda508c9ac9305bf4,"{""finite_shot_end_to_end.parquet"": ""22b5e761f461c6bfde7a60a4efa7ac13bc59ae003488be84d2f0c1e57ddb7f39""}","{""python"": ""3.12.10"", ""numpy"": ""2.5.1"", ""pandas"": ""3.0.3"", ""statsmodels"": ""0.14.6"", ""scipy"": ""1.18.0""}"
shard13,496001,20,1088,excluded_completed_after_revised_target,"(496001, 20)",completed,True,,pooled (real draws),81e9437bee81301cf598ccadda508c9ac9305bf4,"{""finite_shot_end_to_end.parquet"": ""22b5e761f461c6bfde7a60a4efa7ac13bc59ae003488be84d2f0c1e57ddb7f39""}","{""python"": ""3.12.10"", ""numpy"": ""2.5.1"", ""pandas"": ""3.0.3"", ""statsmodels"": ""0.14.6"", ""scipy"": ""1.18.0""}"
shard13,496001,21,1089,excluded_completed_after_revised_target,"(496001, 21)",completed,True,,pooled (real draws),81e9437bee81301cf598ccadda508c9ac9305bf4,"{""finite_shot_end_to_end.parquet"": ""22b5e761f461c6bfde7a60a4efa7ac13bc59ae003488be84d2f0c1e57ddb7f39""}","{""python"": ""3.12.10"", ""numpy"": ""2.5.1"", ""pandas"": ""3.0.3"", ""statsmodels"": ""0.14.6"", ""scipy"": ""1.18.0""}"
shard13,496001,22,1090,excluded_completed_after_revised_target,"(496001, 22)",completed,True,,pooled (real draws),81e9437bee81301cf598ccadda508c9ac9305bf4,"{""finite_shot_end_to_end.parquet"": ""22b5e761f461c6bfde7a60a4efa7ac13bc59ae003488be84d2f0c1e57ddb7f39""}","{""python"": ""3.12.10"", ""numpy"": ""2.5.1"", ""pandas"": ""3.0.3"", ""statsmodels"": ""0.14.6"", ""scipy"": ""1.18.0""}"
shard13,496001,23,1091,excluded_completed_after_revised_target,"(496001, 23)",completed,True,,pooled (real draws),81e9437bee81301cf598ccadda508c9ac9305bf4,"{""finite_shot_end_to_end.parquet"": ""22b5e761f461c6bfde7a60a4efa7ac13bc59ae003488be84d2f0c1e57ddb7f39""}","{""python"": ""3.12.10"", ""numpy"": ""2.5.1"", ""pandas"": ""3.0.3"", ""statsmodels"": ""0.14.6"", ""scipy"": ""1.18.0""}"
shard13,496001,24,1092,excluded_completed_after_revised_target,"(496001, 24)",completed,True,,pooled (real draws),81e9437bee81301cf598ccadda508c9ac9305bf4,"{""finite_shot_end_to_end.parquet"": ""22b5e761f461c6bfde7a60a4efa7ac13bc59ae003488be84d2f0c1e57ddb7f39""}","{""python"": ""3.12.10"", ""numpy"": ""2.5.1"", ""pandas"": ""3.0.3"", ""statsmodels"": ""0.14.6"", ""scipy"": ""1.18.0""}"
shard13,496001,25,1093,excluded_completed_after_revised_target,"(496001, 25)",completed,True,,pooled (real draws),81e9437bee81301cf598ccadda508c9ac9305bf4,"{""finite_shot_end_to_end.parquet"": ""22b5e761f461c6bfde7a60a4efa7ac13bc59ae003488be84d2f0c1e57ddb7f39""}","{""python"": ""3.12.10"", ""numpy"": ""2.5.1"", ""pandas"": ""3.0.3"", ""statsmodels"": ""0.14.6"", ""scipy"": ""1.18.0""}"
shard13,496001,26,1094,excluded_completed_after_revised_target,"(496001, 26)",completed,True,,pooled (real draws),81e9437bee81301cf598ccadda508c9ac9305bf4,"{""finite_shot_end_to_end.parquet"": ""22b5e761f461c6bfde7a60a4efa7ac13bc59ae003488be84d2f0c1e57ddb7f39""}","{""python"": ""3.12.10"", ""numpy"": ""2.5.1"", ""pandas"": ""3.0.3"", ""statsmodels"": ""0.14.6"", ""scipy"": ""1.18.0""}"
shard13,496001,27,1095,excluded_completed_after_revised_target,"(496001, 27)",completed,True,,pooled (real draws),81e9437bee81301cf598ccadda508c9ac9305bf4,"{""finite_shot_end_to_end.parquet"": ""22b5e761f461c6bfde7a60a4efa7ac13bc59ae003488be84d2f0c1e57ddb7f39""}","{""python"": ""3.12.10"", ""numpy"": ""2.5.1"", ""pandas"": ""3.0.3"", ""statsmodels"": ""0.14.6"", ""scipy"": ""1.18.0""}"
shard13,496001,28,1096,excluded_completed_after_revised_target,"(496001, 28)",completed,True,,pooled (real draws),81e9437bee81301cf598ccadda508c9ac9305bf4,"{""finite_shot_end_to_end.parquet"": ""22b5e761f461c6bfde7a60a4efa7ac13bc59ae003488be84d2f0c1e57ddb7f39""}","{""python"": ""3.12.10"", ""numpy"": ""2.5.1"", ""pandas"": ""3.0.3"", ""statsmodels"": ""0.14.6"", ""scipy"": ""1.18.0""}"
shard13,496001,29,1097,excluded_completed_after_revised_target,"(496001, 29)",completed,True,,pooled (real draws),81e9437bee81301cf598ccadda508c9ac9305bf4,"{""finite_shot_end_to_end.parquet"": ""22b5e761f461c6bfde7a60a4efa7ac13bc59ae003488be84d2f0c1e57ddb7f39""}","{""python"": ""3.12.10"", ""numpy"": ""2.5.1"", ""pandas"": ""3.0.3"", ""statsmodels"": ""0.14.6"", ""scipy"": ""1.18.0""}"
shard13,496001,30,1098,excluded_completed_after_revised_target,"(496001, 30)",completed,True,,pooled (real draws),81e9437bee81301cf598ccadda508c9ac9305bf4,"{""finite_shot_end_to_end.parquet"": ""22b5e761f461c6bfde7a60a4efa7ac13bc59ae003488be84d2f0c1e57ddb7f39""}","{""python"": ""3.12.10"", ""numpy"": ""2.5.1"", ""pandas"": ""3.0.3"", ""statsmodels"": ""0.14.6"", ""scipy"": ""1.18.0""}"
shard13,496001,31,1099,excluded_completed_after_revised_target,"(496001, 31)",completed,True,,pooled (real draws),81e9437bee81301cf598ccadda508c9ac9305bf4,"{""finite_shot_end_to_end.parquet"": ""22b5e761f461c6bfde7a60a4efa7ac13bc59ae003488be84d2f0c1e57ddb7f39""}","{""python"": ""3.12.10"", ""numpy"": ""2.5.1"", ""pandas"": ""3.0.3"", ""statsmodels"": ""0.14.6"", ""scipy"": ""1.18.0""}"
shard13,496001,32,1100,excluded_completed_after_revised_target,"(496001, 32)",completed,True,,pooled (real draws),81e9437bee81301cf598ccadda508c9ac9305bf4,"{""finite_shot_end_to_end.parquet"": ""22b5e761f461c6bfde7a60a4efa7ac13bc59ae003488be84d2f0c1e57ddb7f39""}","{""python"": ""3.12.10"", ""numpy"": ""2.5.1"", ""pandas"": ""3.0.3"", ""statsmodels"": ""0.14.6"", ""scipy"": ""1.18.0""}"
shard13,496001,33,1101,excluded_completed_after_revised_target,"(496001, 33)",completed,True,,pooled (real draws),81e9437bee81301cf598ccadda508c9ac9305bf4,"{""finite_shot_end_to_end.parquet"": ""22b5e761f461c6bfde7a60a4efa7ac13bc59ae003488be84d2f0c1e57ddb7f39""}","{""python"": ""3.12.10"", ""numpy"": ""2.5.1"", ""pandas"": ""3.0.3"", ""statsmodels"": ""0.14.6"", ""scipy"": ""1.18.0""}"
shard13,496001,34,1102,excluded_completed_after_revised_target,"(496001, 34)",completed,True,,pooled (real draws),81e9437bee81301cf598ccadda508c9ac9305bf4,"{""finite_shot_end_to_end.parquet"": ""22b5e761f461c6bfde7a60a4efa7ac13bc59ae003488be84d2f0c1e57ddb7f39""}","{""python"": ""3.12.10"", ""numpy"": ""2.5.1"", ""pandas"": ""3.0.3"", ""statsmodels"": ""0.14.6"", ""scipy"": ""1.18.0""}"
shard13,496001,35,1103,excluded_completed_after_revised_target,"(496001, 35)",completed,True,,pooled (real draws),81e9437bee81301cf598ccadda508c9ac9305bf4,"{""finite_shot_end_to_end.parquet"": ""22b5e761f461c6bfde7a60a4efa7ac13bc59ae003488be84d2f0c1e57ddb7f39""}","{""python"": ""3.12.10"", ""numpy"": ""2.5.1"", ""pandas"": ""3.0.3"", ""statsmodels"": ""0.14.6"", ""scipy"": ""1.18.0""}"
shard13,496001,36,1104,excluded_completed_after_revised_target,"(496001, 36)",completed,True,,pooled (real draws),81e9437bee81301cf598ccadda508c9ac9305bf4,"{""finite_shot_end_to_end.parquet"": ""22b5e761f461c6bfde7a60a4efa7ac13bc59ae003488be84d2f0c1e57ddb7f39""}","{""python"": ""3.12.10"", ""numpy"": ""2.5.1"", ""pandas"": ""3.0.3"", ""statsmodels"": ""0.14.6"", ""scipy"": ""1.18.0""}"
shard13,496001,37,1105,excluded_completed_after_revised_target,"(496001, 37)",completed,True,,pooled (real draws),81e9437bee81301cf598ccadda508c9ac9305bf4,"{""finite_shot_end_to_end.parquet"": ""22b5e761f461c6bfde7a60a4efa7ac13bc59ae003488be84d2f0c1e57ddb7f39""}","{""python"": ""3.12.10"", ""numpy"": ""2.5.1"", ""pandas"": ""3.0.3"", ""statsmodels"": ""0.14.6"", ""scipy"": ""1.18.0""}"
shard13,496001,38,1106,excluded_completed_after_revised_target,"(496001, 38)",completed,True,,pooled (real draws),81e9437bee81301cf598ccadda508c9ac9305bf4,"{""finite_shot_end_to_end.parquet"": ""22b5e761f461c6bfde7a60a4efa7ac13bc59ae003488be84d2f0c1e57ddb7f39""}","{""python"": ""3.12.10"", ""numpy"": ""2.5.1"", ""pandas"": ""3.0.3"", ""statsmodels"": ""0.14.6"", ""scipy"": ""1.18.0""}"
shard13,496001,39,1107,excluded_completed_after_revised_target,"(496001, 39)",completed,True,,pooled (real draws),81e9437bee81301cf598ccadda508c9ac9305bf4,"{""finite_shot_end_to_end.parquet"": ""22b5e761f461c6bfde7a60a4efa7ac13bc59ae003488be84d2f0c1e57ddb7f39""}","{""python"": ""3.12.10"", ""numpy"": ""2.5.1"", ""pandas"": ""3.0.3"", ""statsmodels"": ""0.14.6"", ""scipy"": ""1.18.0""}"
shard13,496001,40,1108,excluded_completed_after_revised_target,"(496001, 40)",completed,True,,pooled (real draws),81e9437bee81301cf598ccadda508c9ac9305bf4,"{""finite_shot_end_to_end.parquet"": ""22b5e761f461c6bfde7a60a4efa7ac13bc59ae003488be84d2f0c1e57ddb7f39""}","{""python"": ""3.12.10"", ""numpy"": ""2.5.1"", ""pandas"": ""3.0.3"", ""statsmodels"": ""0.14.6"", ""scipy"": ""1.18.0""}"
shard13,496001,41,1109,excluded_completed_after_revised_target,"(496001, 41)",completed,True,,pooled (real draws),81e9437bee81301cf598ccadda508c9ac9305bf4,"{""finite_shot_end_to_end.parquet"": ""22b5e761f461c6bfde7a60a4efa7ac13bc59ae003488be84d2f0c1e57ddb7f39""}","{""python"": ""3.12.10"", ""numpy"": ""2.5.1"", ""pandas"": ""3.0.3"", ""statsmodels"": ""0.14.6"", ""scipy"": ""1.18.0""}"
shard13,496001,42,1110,excluded_completed_after_revised_target,"(496001, 42)",completed,True,,pooled (real draws),81e9437bee81301cf598ccadda508c9ac9305bf4,"{""finite_shot_end_to_end.parquet"": ""22b5e761f461c6bfde7a60a4efa7ac13bc59ae003488be84d2f0c1e57ddb7f39""}","{""python"": ""3.12.10"", ""numpy"": ""2.5.1"", ""pandas"": ""3.0.3"", ""statsmodels"": ""0.14.6"", ""scipy"": ""1.18.0""}"
shard13,496001,43,1111,excluded_completed_after_revised_target,"(496001, 43)",completed,True,,pooled (real draws),81e9437bee81301cf598ccadda508c9ac9305bf4,"{""finite_shot_end_to_end.parquet"": ""22b5e761f461c6bfde7a60a4efa7ac13bc59ae003488be84d2f0c1e57ddb7f39""}","{""python"": ""3.12.10"", ""numpy"": ""2.5.1"", ""pandas"": ""3.0.3"", ""statsmodels"": ""0.14.6"", ""scipy"": ""1.18.0""}"
shard13,496001,44,1112,excluded_completed_after_revised_target,"(496001, 44)",completed,True,,pooled (real draws),81e9437bee81301cf598ccadda508c9ac9305bf4,"{""finite_shot_end_to_end.parquet"": ""22b5e761f461c6bfde7a60a4efa7ac13bc59ae003488be84d2f0c1e57ddb7f39""}","{""python"": ""3.12.10"", ""numpy"": ""2.5.1"", ""pandas"": ""3.0.3"", ""statsmodels"": ""0.14.6"", ""scipy"": ""1.18.0""}"
shard13,496001,45,1113,excluded_completed_after_revised_target,"(496001, 45)",completed,True,,pooled (real draws),81e9437bee81301cf598ccadda508c9ac9305bf4,"{""finite_shot_end_to_end.parquet"": ""22b5e761f461c6bfde7a60a4efa7ac13bc59ae003488be84d2f0c1e57ddb7f39""}","{""python"": ""3.12.10"", ""numpy"": ""2.5.1"", ""pandas"": ""3.0.3"", ""statsmodels"": ""0.14.6"", ""scipy"": ""1.18.0""}"
shard13,496001,46,1114,excluded_completed_after_revised_target,"(496001, 46)",completed,True,,pooled (real draws),81e9437bee81301cf598ccadda508c9ac9305bf4,"{""finite_shot_end_to_end.parquet"": ""22b5e761f461c6bfde7a60a4efa7ac13bc59ae003488be84d2f0c1e57ddb7f39""}","{""python"": ""3.12.10"", ""numpy"": ""2.5.1"", ""pandas"": ""3.0.3"", ""statsmodels"": ""0.14.6"", ""scipy"": ""1.18.0""}"
shard13,496001,47,1115,excluded_completed_after_revised_target,"(496001, 47)",completed,True,,pooled (real draws),81e9437bee81301cf598ccadda508c9ac9305bf4,"{""finite_shot_end_to_end.parquet"": ""22b5e761f461c6bfde7a60a4efa7ac13bc59ae003488be84d2f0c1e57ddb7f39""}","{""python"": ""3.12.10"", ""numpy"": ""2.5.1"", ""pandas"": ""3.0.3"", ""statsmodels"": ""0.14.6"", ""scipy"": ""1.18.0""}"
shard13,496001,48,1116,excluded_completed_after_revised_target,"(496001, 48)",completed,True,,pooled (real draws),81e9437bee81301cf598ccadda508c9ac9305bf4,"{""finite_shot_end_to_end.parquet"": ""22b5e761f461c6bfde7a60a4efa7ac13bc59ae003488be84d2f0c1e57ddb7f39""}","{""python"": ""3.12.10"", ""numpy"": ""2.5.1"", ""pandas"": ""3.0.3"", ""statsmodels"": ""0.14.6"", ""scipy"": ""1.18.0""}"
shard13,496001,49,1117,excluded_completed_after_revised_target,"(496001, 49)",completed,True,,pooled (real draws),81e9437bee81301cf598ccadda508c9ac9305bf4,"{""finite_shot_end_to_end.parquet"": ""22b5e761f461c6bfde7a60a4efa7ac13bc59ae003488be84d2f0c1e57ddb7f39""}","{""python"": ""3.12.10"", ""numpy"": ""2.5.1"", ""pandas"": ""3.0.3"", ""statsmodels"": ""0.14.6"", ""scipy"": ""1.18.0""}"
shard13,496001,50,1118,excluded_completed_after_revised_target,"(496001, 50)",completed,True,,pooled (real draws),81e9437bee81301cf598ccadda508c9ac9305bf4,"{""finite_shot_end_to_end.parquet"": ""22b5e761f461c6bfde7a60a4efa7ac13bc59ae003488be84d2f0c1e57ddb7f39""}","{""python"": ""3.12.10"", ""numpy"": ""2.5.1"", ""pandas"": ""3.0.3"", ""statsmodels"": ""0.14.6"", ""scipy"": ""1.18.0""}"
shard13,496001,51,1119,excluded_completed_after_revised_target,"(496001, 51)",completed,True,,pooled (real draws),81e9437bee81301cf598ccadda508c9ac9305bf4,"{""finite_shot_end_to_end.parquet"": ""22b5e761f461c6bfde7a60a4efa7ac13bc59ae003488be84d2f0c1e57ddb7f39""}","{""python"": ""3.12.10"", ""numpy"": ""2.5.1"", ""pandas"": ""3.0.3"", ""statsmodels"": ""0.14.6"", ""scipy"": ""1.18.0""}"
shard14,506001,0,1120,excluded_completed_after_revised_target,"(506001, 0)",completed,True,,pooled (real draws),81e9437bee81301cf598ccadda508c9ac9305bf4,"{""finite_shot_end_to_end.parquet"": ""22b5e761f461c6bfde7a60a4efa7ac13bc59ae003488be84d2f0c1e57ddb7f39""}","{""python"": ""3.12.10"", ""numpy"": ""2.5.1"", ""pandas"": ""3.0.3"", ""statsmodels"": ""0.14.6"", ""scipy"": ""1.18.0""}"
shard14,506001,1,1121,excluded_completed_after_revised_target,"(506001, 1)",completed,True,,pooled (real draws),81e9437bee81301cf598ccadda508c9ac9305bf4,"{""finite_shot_end_to_end.parquet"": ""22b5e761f461c6bfde7a60a4efa7ac13bc59ae003488be84d2f0c1e57ddb7f39""}","{""python"": ""3.12.10"", ""numpy"": ""2.5.1"", ""pandas"": ""3.0.3"", ""statsmodels"": ""0.14.6"", ""scipy"": ""1.18.0""}"
shard14,506001,2,1122,excluded_completed_after_revised_target,"(506001, 2)",completed,True,,pooled (real draws),81e9437bee81301cf598ccadda508c9ac9305bf4,"{""finite_shot_end_to_end.parquet"": ""22b5e761f461c6bfde7a60a4efa7ac13bc59ae003488be84d2f0c1e57ddb7f39""}","{""python"": ""3.12.10"", ""numpy"": ""2.5.1"", ""pandas"": ""3.0.3"", ""statsmodels"": ""0.14.6"", ""scipy"": ""1.18.0""}"
shard14,506001,3,1123,excluded_completed_after_revised_target,"(506001, 3)",completed,True,,pooled (real draws),81e9437bee81301cf598ccadda508c9ac9305bf4,"{""finite_shot_end_to_end.parquet"": ""22b5e761f461c6bfde7a60a4efa7ac13bc59ae003488be84d2f0c1e57ddb7f39""}","{""python"": ""3.12.10"", ""numpy"": ""2.5.1"", ""pandas"": ""3.0.3"", ""statsmodels"": ""0.14.6"", ""scipy"": ""1.18.0""}"
shard14,506001,4,1124,excluded_completed_after_revised_target,"(506001, 4)",completed,True,,pooled (real draws),81e9437bee81301cf598ccadda508c9ac9305bf4,"{""finite_shot_end_to_end.parquet"": ""22b5e761f461c6bfde7a60a4efa7ac13bc59ae003488be84d2f0c1e57ddb7f39""}","{""python"": ""3.12.10"", ""numpy"": ""2.5.1"", ""pandas"": ""3.0.3"", ""statsmodels"": ""0.14.6"", ""scipy"": ""1.18.0""}"
shard14,506001,5,1125,excluded_completed_after_revised_target,"(506001, 5)",completed,True,,pooled (real draws),81e9437bee81301cf598ccadda508c9ac9305bf4,"{""finite_shot_end_to_end.parquet"": ""22b5e761f461c6bfde7a60a4efa7ac13bc59ae003488be84d2f0c1e57ddb7f39""}","{""python"": ""3.12.10"", ""numpy"": ""2.5.1"", ""pandas"": ""3.0.3"", ""statsmodels"": ""0.14.6"", ""scipy"": ""1.18.0""}"
shard14,506001,6,1126,excluded_completed_after_revised_target,"(506001, 6)",completed,True,,pooled (real draws),81e9437bee81301cf598ccadda508c9ac9305bf4,"{""finite_shot_end_to_end.parquet"": ""22b5e761f461c6bfde7a60a4efa7ac13bc59ae003488be84d2f0c1e57ddb7f39""}","{""python"": ""3.12.10"", ""numpy"": ""2.5.1"", ""pandas"": ""3.0.3"", ""statsmodels"": ""0.14.6"", ""scipy"": ""1.18.0""}"
shard14,506001,7,1127,excluded_completed_after_revised_target,"(506001, 7)",completed,True,,pooled (real draws),81e9437bee81301cf598ccadda508c9ac9305bf4,"{""finite_shot_end_to_end.parquet"": ""22b5e761f461c6bfde7a60a4efa7ac13bc59ae003488be84d2f0c1e57ddb7f39""}","{""python"": ""3.12.10"", ""numpy"": ""2.5.1"", ""pandas"": ""3.0.3"", ""statsmodels"": ""0.14.6"", ""scipy"": ""1.18.0""}"
shard14,506001,8,1128,excluded_completed_after_revised_target,"(506001, 8)",completed,True,,pooled (real draws),81e9437bee81301cf598ccadda508c9ac9305bf4,"{""finite_shot_end_to_end.parquet"": ""22b5e761f461c6bfde7a60a4efa7ac13bc59ae003488be84d2f0c1e57ddb7f39""}","{""python"": ""3.12.10"", ""numpy"": ""2.5.1"", ""pandas"": ""3.0.3"", ""statsmodels"": ""0.14.6"", ""scipy"": ""1.18.0""}"
shard14,506001,9,1129,excluded_completed_after_revised_target,"(506001, 9)",completed,True,,pooled (real draws),81e9437bee81301cf598ccadda508c9ac9305bf4,"{""finite_shot_end_to_end.parquet"": ""22b5e761f461c6bfde7a60a4efa7ac13bc59ae003488be84d2f0c1e57ddb7f39""}","{""python"": ""3.12.10"", ""numpy"": ""2.5.1"", ""pandas"": ""3.0.3"", ""statsmodels"": ""0.14.6"", ""scipy"": ""1.18.0""}"
shard14,506001,10,1130,excluded_completed_after_revised_target,"(506001, 10)",completed,True,,pooled (real draws),81e9437bee81301cf598ccadda508c9ac9305bf4,"{""finite_shot_end_to_end.parquet"": ""22b5e761f461c6bfde7a60a4efa7ac13bc59ae003488be84d2f0c1e57ddb7f39""}","{""python"": ""3.12.10"", ""numpy"": ""2.5.1"", ""pandas"": ""3.0.3"", ""statsmodels"": ""0.14.6"", ""scipy"": ""1.18.0""}"
shard14,506001,11,1131,excluded_completed_after_revised_target,"(506001, 11)",completed,True,,pooled (real draws),81e9437bee81301cf598ccadda508c9ac9305bf4,"{""finite_shot_end_to_end.parquet"": ""22b5e761f461c6bfde7a60a4efa7ac13bc59ae003488be84d2f0c1e57ddb7f39""}","{""python"": ""3.12.10"", ""numpy"": ""2.5.1"", ""pandas"": ""3.0.3"", ""statsmodels"": ""0.14.6"", ""scipy"": ""1.18.0""}"
shard14,506001,12,1132,excluded_completed_after_revised_target,"(506001, 12)",completed,True,,pooled (real draws),81e9437bee81301cf598ccadda508c9ac9305bf4,"{""finite_shot_end_to_end.parquet"": ""22b5e761f461c6bfde7a60a4efa7ac13bc59ae003488be84d2f0c1e57ddb7f39""}","{""python"": ""3.12.10"", ""numpy"": ""2.5.1"", ""pandas"": ""3.0.3"", ""statsmodels"": ""0.14.6"", ""scipy"": ""1.18.0""}"
shard14,506001,13,1133,excluded_completed_after_revised_target,"(506001, 13)",completed,True,,pooled (real draws),81e9437bee81301cf598ccadda508c9ac9305bf4,"{""finite_shot_end_to_end.parquet"": ""22b5e761f461c6bfde7a60a4efa7ac13bc59ae003488be84d2f0c1e57ddb7f39""}","{""python"": ""3.12.10"", ""numpy"": ""2.5.1"", ""pandas"": ""3.0.3"", ""statsmodels"": ""0.14.6"", ""scipy"": ""1.18.0""}"
shard14,506001,14,1134,excluded_completed_after_revised_target,"(506001, 14)",completed,True,,pooled (real draws),81e9437bee81301cf598ccadda508c9ac9305bf4,"{""finite_shot_end_to_end.parquet"": ""22b5e761f461c6bfde7a60a4efa7ac13bc59ae003488be84d2f0c1e57ddb7f39""}","{""python"": ""3.12.10"", ""numpy"": ""2.5.1"", ""pandas"": ""3.0.3"", ""statsmodels"": ""0.14.6"", ""scipy"": ""1.18.0""}"
shard14,506001,15,1135,excluded_completed_after_revised_target,"(506001, 15)",completed,True,,pooled (real draws),81e9437bee81301cf598ccadda508c9ac9305bf4,"{""finite_shot_end_to_end.parquet"": ""22b5e761f461c6bfde7a60a4efa7ac13bc59ae003488be84d2f0c1e57ddb7f39""}","{""python"": ""3.12.10"", ""numpy"": ""2.5.1"", ""pandas"": ""3.0.3"", ""statsmodels"": ""0.14.6"", ""scipy"": ""1.18.0""}"
shard14,506001,16,1136,excluded_completed_after_revised_target,"(506001, 16)",completed,True,,pooled (real draws),81e9437bee81301cf598ccadda508c9ac9305bf4,"{""finite_shot_end_to_end.parquet"": ""22b5e761f461c6bfde7a60a4efa7ac13bc59ae003488be84d2f0c1e57ddb7f39""}","{""python"": ""3.12.10"", ""numpy"": ""2.5.1"", ""pandas"": ""3.0.3"", ""statsmodels"": ""0.14.6"", ""scipy"": ""1.18.0""}"
shard14,506001,17,1137,excluded_completed_after_revised_target,"(506001, 17)",completed,True,,pooled (real draws),81e9437bee81301cf598ccadda508c9ac9305bf4,"{""finite_shot_end_to_end.parquet"": ""22b5e761f461c6bfde7a60a4efa7ac13bc59ae003488be84d2f0c1e57ddb7f39""}","{""python"": ""3.12.10"", ""numpy"": ""2.5.1"", ""pandas"": ""3.0.3"", ""statsmodels"": ""0.14.6"", ""scipy"": ""1.18.0""}"
shard14,506001,18,1138,excluded_completed_after_revised_target,"(506001, 18)",completed,True,,pooled (real draws),81e9437bee81301cf598ccadda508c9ac9305bf4,"{""finite_shot_end_to_end.parquet"": ""22b5e761f461c6bfde7a60a4efa7ac13bc59ae003488be84d2f0c1e57ddb7f39""}","{""python"": ""3.12.10"", ""numpy"": ""2.5.1"", ""pandas"": ""3.0.3"", ""statsmodels"": ""0.14.6"", ""scipy"": ""1.18.0""}"
shard14,506001,19,1139,excluded_completed_after_revised_target,"(506001, 19)",completed,True,,pooled (real draws),81e9437bee81301cf598ccadda508c9ac9305bf4,"{""finite_shot_end_to_end.parquet"": ""22b5e761f461c6bfde7a60a4efa7ac13bc59ae003488be84d2f0c1e57ddb7f39""}","{""python"": ""3.12.10"", ""numpy"": ""2.5.1"", ""pandas"": ""3.0.3"", ""statsmodels"": ""0.14.6"", ""scipy"": ""1.18.0""}"
shard14,506001,20,1140,excluded_completed_after_revised_target,"(506001, 20)",completed,True,,pooled (real draws),81e9437bee81301cf598ccadda508c9ac9305bf4,"{""finite_shot_end_to_end.parquet"": ""22b5e761f461c6bfde7a60a4efa7ac13bc59ae003488be84d2f0c1e57ddb7f39""}","{""python"": ""3.12.10"", ""numpy"": ""2.5.1"", ""pandas"": ""3.0.3"", ""statsmodels"": ""0.14.6"", ""scipy"": ""1.18.0""}"
shard14,506001,21,1141,excluded_completed_after_revised_target,"(506001, 21)",completed,True,,pooled (real draws),81e9437bee81301cf598ccadda508c9ac9305bf4,"{""finite_shot_end_to_end.parquet"": ""22b5e761f461c6bfde7a60a4efa7ac13bc59ae003488be84d2f0c1e57ddb7f39""}","{""python"": ""3.12.10"", ""numpy"": ""2.5.1"", ""pandas"": ""3.0.3"", ""statsmodels"": ""0.14.6"", ""scipy"": ""1.18.0""}"
shard14,506001,22,1142,excluded_completed_after_revised_target,"(506001, 22)",completed,True,,pooled (real draws),81e9437bee81301cf598ccadda508c9ac9305bf4,"{""finite_shot_end_to_end.parquet"": ""22b5e761f461c6bfde7a60a4efa7ac13bc59ae003488be84d2f0c1e57ddb7f39""}","{""python"": ""3.12.10"", ""numpy"": ""2.5.1"", ""pandas"": ""3.0.3"", ""statsmodels"": ""0.14.6"", ""scipy"": ""1.18.0""}"
shard14,506001,23,1143,excluded_completed_after_revised_target,"(506001, 23)",completed,True,,pooled (real draws),81e9437bee81301cf598ccadda508c9ac9305bf4,"{""finite_shot_end_to_end.parquet"": ""22b5e761f461c6bfde7a60a4efa7ac13bc59ae003488be84d2f0c1e57ddb7f39""}","{""python"": ""3.12.10"", ""numpy"": ""2.5.1"", ""pandas"": ""3.0.3"", ""statsmodels"": ""0.14.6"", ""scipy"": ""1.18.0""}"
shard14,506001,24,1144,excluded_completed_after_revised_target,"(506001, 24)",completed,True,,pooled (real draws),81e9437bee81301cf598ccadda508c9ac9305bf4,"{""finite_shot_end_to_end.parquet"": ""22b5e761f461c6bfde7a60a4efa7ac13bc59ae003488be84d2f0c1e57ddb7f39""}","{""python"": ""3.12.10"", ""numpy"": ""2.5.1"", ""pandas"": ""3.0.3"", ""statsmodels"": ""0.14.6"", ""scipy"": ""1.18.0""}"
shard14,506001,25,1145,excluded_completed_after_revised_target,"(506001, 25)",completed,True,,pooled (real draws),81e9437bee81301cf598ccadda508c9ac9305bf4,"{""finite_shot_end_to_end.parquet"": ""22b5e761f461c6bfde7a60a4efa7ac13bc59ae003488be84d2f0c1e57ddb7f39""}","{""python"": ""3.12.10"", ""numpy"": ""2.5.1"", ""pandas"": ""3.0.3"", ""statsmodels"": ""0.14.6"", ""scipy"": ""1.18.0""}"
shard14,506001,26,1146,excluded_completed_after_revised_target,"(506001, 26)",completed,True,,pooled (real draws),81e9437bee81301cf598ccadda508c9ac9305bf4,"{""finite_shot_end_to_end.parquet"": ""22b5e761f461c6bfde7a60a4efa7ac13bc59ae003488be84d2f0c1e57ddb7f39""}","{""python"": ""3.12.10"", ""numpy"": ""2.5.1"", ""pandas"": ""3.0.3"", ""statsmodels"": ""0.14.6"", ""scipy"": ""1.18.0""}"
shard14,506001,27,1147,excluded_completed_after_revised_target,"(506001, 27)",completed,True,,pooled (real draws),81e9437bee81301cf598ccadda508c9ac9305bf4,"{""finite_shot_end_to_end.parquet"": ""22b5e761f461c6bfde7a60a4efa7ac13bc59ae003488be84d2f0c1e57ddb7f39""}","{""python"": ""3.12.10"", ""numpy"": ""2.5.1"", ""pandas"": ""3.0.3"", ""statsmodels"": ""0.14.6"", ""scipy"": ""1.18.0""}"
shard14,506001,28,1148,excluded_completed_after_revised_target,"(506001, 28)",completed,True,,pooled (real draws),81e9437bee81301cf598ccadda508c9ac9305bf4,"{""finite_shot_end_to_end.parquet"": ""22b5e761f461c6bfde7a60a4efa7ac13bc59ae003488be84d2f0c1e57ddb7f39""}","{""python"": ""3.12.10"", ""numpy"": ""2.5.1"", ""pandas"": ""3.0.3"", ""statsmodels"": ""0.14.6"", ""scipy"": ""1.18.0""}"
shard14,506001,29,1149,excluded_completed_after_revised_target,"(506001, 29)",completed,True,,pooled (real draws),81e9437bee81301cf598ccadda508c9ac9305bf4,"{""finite_shot_end_to_end.parquet"": ""22b5e761f461c6bfde7a60a4efa7ac13bc59ae003488be84d2f0c1e57ddb7f39""}","{""python"": ""3.12.10"", ""numpy"": ""2.5.1"", ""pandas"": ""3.0.3"", ""statsmodels"": ""0.14.6"", ""scipy"": ""1.18.0""}"
shard14,506001,30,1150,excluded_completed_after_revised_target,"(506001, 30)",completed,True,,pooled (real draws),81e9437bee81301cf598ccadda508c9ac9305bf4,"{""finite_shot_end_to_end.parquet"": ""22b5e761f461c6bfde7a60a4efa7ac13bc59ae003488be84d2f0c1e57ddb7f39""}","{""python"": ""3.12.10"", ""numpy"": ""2.5.1"", ""pandas"": ""3.0.3"", ""statsmodels"": ""0.14.6"", ""scipy"": ""1.18.0""}"
shard14,506001,31,1151,excluded_completed_after_revised_target,"(506001, 31)",completed,True,,pooled (real draws),81e9437bee81301cf598ccadda508c9ac9305bf4,"{""finite_shot_end_to_end.parquet"": ""22b5e761f461c6bfde7a60a4efa7ac13bc59ae003488be84d2f0c1e57ddb7f39""}","{""python"": ""3.12.10"", ""numpy"": ""2.5.1"", ""pandas"": ""3.0.3"", ""statsmodels"": ""0.14.6"", ""scipy"": ""1.18.0""}"
shard14,506001,32,1152,excluded_completed_after_revised_target,"(506001, 32)",completed,True,,pooled (real draws),81e9437bee81301cf598ccadda508c9ac9305bf4,"{""finite_shot_end_to_end.parquet"": ""22b5e761f461c6bfde7a60a4efa7ac13bc59ae003488be84d2f0c1e57ddb7f39""}","{""python"": ""3.12.10"", ""numpy"": ""2.5.1"", ""pandas"": ""3.0.3"", ""statsmodels"": ""0.14.6"", ""scipy"": ""1.18.0""}"
shard14,506001,33,1153,excluded_completed_after_revised_target,"(506001, 33)",completed,True,,pooled (real draws),81e9437bee81301cf598ccadda508c9ac9305bf4,"{""finite_shot_end_to_end.parquet"": ""22b5e761f461c6bfde7a60a4efa7ac13bc59ae003488be84d2f0c1e57ddb7f39""}","{""python"": ""3.12.10"", ""numpy"": ""2.5.1"", ""pandas"": ""3.0.3"", ""statsmodels"": ""0.14.6"", ""scipy"": ""1.18.0""}"
shard14,506001,34,1154,excluded_completed_after_revised_target,"(506001, 34)",completed,True,,pooled (real draws),81e9437bee81301cf598ccadda508c9ac9305bf4,"{""finite_shot_end_to_end.parquet"": ""22b5e761f461c6bfde7a60a4efa7ac13bc59ae003488be84d2f0c1e57ddb7f39""}","{""python"": ""3.12.10"", ""numpy"": ""2.5.1"", ""pandas"": ""3.0.3"", ""statsmodels"": ""0.14.6"", ""scipy"": ""1.18.0""}"
shard14,506001,35,1155,excluded_completed_after_revised_target,"(506001, 35)",completed,True,,pooled (real draws),81e9437bee81301cf598ccadda508c9ac9305bf4,"{""finite_shot_end_to_end.parquet"": ""22b5e761f461c6bfde7a60a4efa7ac13bc59ae003488be84d2f0c1e57ddb7f39""}","{""python"": ""3.12.10"", ""numpy"": ""2.5.1"", ""pandas"": ""3.0.3"", ""statsmodels"": ""0.14.6"", ""scipy"": ""1.18.0""}"
shard14,506001,36,1156,excluded_completed_after_revised_target,"(506001, 36)",completed,True,,pooled (real draws),81e9437bee81301cf598ccadda508c9ac9305bf4,"{""finite_shot_end_to_end.parquet"": ""22b5e761f461c6bfde7a60a4efa7ac13bc59ae003488be84d2f0c1e57ddb7f39""}","{""python"": ""3.12.10"", ""numpy"": ""2.5.1"", ""pandas"": ""3.0.3"", ""statsmodels"": ""0.14.6"", ""scipy"": ""1.18.0""}"
shard14,506001,37,1157,excluded_completed_after_revised_target,"(506001, 37)",completed,True,,pooled (real draws),81e9437bee81301cf598ccadda508c9ac9305bf4,"{""finite_shot_end_to_end.parquet"": ""22b5e761f461c6bfde7a60a4efa7ac13bc59ae003488be84d2f0c1e57ddb7f39""}","{""python"": ""3.12.10"", ""numpy"": ""2.5.1"", ""pandas"": ""3.0.3"", ""statsmodels"": ""0.14.6"", ""scipy"": ""1.18.0""}"
shard14,506001,38,1158,excluded_completed_after_revised_target,"(506001, 38)",completed,True,,pooled (real draws),81e9437bee81301cf598ccadda508c9ac9305bf4,"{""finite_shot_end_to_end.parquet"": ""22b5e761f461c6bfde7a60a4efa7ac13bc59ae003488be84d2f0c1e57ddb7f39""}","{""python"": ""3.12.10"", ""numpy"": ""2.5.1"", ""pandas"": ""3.0.3"", ""statsmodels"": ""0.14.6"", ""scipy"": ""1.18.0""}"
shard14,506001,39,1159,excluded_completed_after_revised_target,"(506001, 39)",completed,True,,pooled (real draws),81e9437bee81301cf598ccadda508c9ac9305bf4,"{""finite_shot_end_to_end.parquet"": ""22b5e761f461c6bfde7a60a4efa7ac13bc59ae003488be84d2f0c1e57ddb7f39""}","{""python"": ""3.12.10"", ""numpy"": ""2.5.1"", ""pandas"": ""3.0.3"", ""statsmodels"": ""0.14.6"", ""scipy"": ""1.18.0""}"
shard14,506001,40,1160,excluded_completed_after_revised_target,"(506001, 40)",completed,True,,pooled (real draws),81e9437bee81301cf598ccadda508c9ac9305bf4,"{""finite_shot_end_to_end.parquet"": ""22b5e761f461c6bfde7a60a4efa7ac13bc59ae003488be84d2f0c1e57ddb7f39""}","{""python"": ""3.12.10"", ""numpy"": ""2.5.1"", ""pandas"": ""3.0.3"", ""statsmodels"": ""0.14.6"", ""scipy"": ""1.18.0""}"
shard14,506001,41,1161,excluded_completed_after_revised_target,"(506001, 41)",completed,True,,pooled (real draws),81e9437bee81301cf598ccadda508c9ac9305bf4,"{""finite_shot_end_to_end.parquet"": ""22b5e761f461c6bfde7a60a4efa7ac13bc59ae003488be84d2f0c1e57ddb7f39""}","{""python"": ""3.12.10"", ""numpy"": ""2.5.1"", ""pandas"": ""3.0.3"", ""statsmodels"": ""0.14.6"", ""scipy"": ""1.18.0""}"
shard14,506001,42,1162,excluded_completed_after_revised_target,"(506001, 42)",completed,True,,pooled (real draws),81e9437bee81301cf598ccadda508c9ac9305bf4,"{""finite_shot_end_to_end.parquet"": ""22b5e761f461c6bfde7a60a4efa7ac13bc59ae003488be84d2f0c1e57ddb7f39""}","{""python"": ""3.12.10"", ""numpy"": ""2.5.1"", ""pandas"": ""3.0.3"", ""statsmodels"": ""0.14.6"", ""scipy"": ""1.18.0""}"
shard14,506001,43,1163,excluded_completed_after_revised_target,"(506001, 43)",completed,True,,pooled (real draws),81e9437bee81301cf598ccadda508c9ac9305bf4,"{""finite_shot_end_to_end.parquet"": ""22b5e761f461c6bfde7a60a4efa7ac13bc59ae003488be84d2f0c1e57ddb7f39""}","{""python"": ""3.12.10"", ""numpy"": ""2.5.1"", ""pandas"": ""3.0.3"", ""statsmodels"": ""0.14.6"", ""scipy"": ""1.18.0""}"
shard14,506001,44,1164,excluded_completed_after_revised_target,"(506001, 44)",completed,True,,pooled (real draws),81e9437bee81301cf598ccadda508c9ac9305bf4,"{""finite_shot_end_to_end.parquet"": ""22b5e761f461c6bfde7a60a4efa7ac13bc59ae003488be84d2f0c1e57ddb7f39""}","{""python"": ""3.12.10"", ""numpy"": ""2.5.1"", ""pandas"": ""3.0.3"", ""statsmodels"": ""0.14.6"", ""scipy"": ""1.18.0""}"
shard14,506001,45,1165,excluded_completed_after_revised_target,"(506001, 45)",completed,True,,pooled (real draws),81e9437bee81301cf598ccadda508c9ac9305bf4,"{""finite_shot_end_to_end.parquet"": ""22b5e761f461c6bfde7a60a4efa7ac13bc59ae003488be84d2f0c1e57ddb7f39""}","{""python"": ""3.12.10"", ""numpy"": ""2.5.1"", ""pandas"": ""3.0.3"", ""statsmodels"": ""0.14.6"", ""scipy"": ""1.18.0""}"
shard14,506001,46,1166,excluded_completed_after_revised_target,"(506001, 46)",completed,True,,pooled (real draws),81e9437bee81301cf598ccadda508c9ac9305bf4,"{""finite_shot_end_to_end.parquet"": ""22b5e761f461c6bfde7a60a4efa7ac13bc59ae003488be84d2f0c1e57ddb7f39""}","{""python"": ""3.12.10"", ""numpy"": ""2.5.1"", ""pandas"": ""3.0.3"", ""statsmodels"": ""0.14.6"", ""scipy"": ""1.18.0""}"
shard14,506001,47,1167,excluded_completed_after_revised_target,"(506001, 47)",completed,True,,pooled (real draws),81e9437bee81301cf598ccadda508c9ac9305bf4,"{""finite_shot_end_to_end.parquet"": ""22b5e761f461c6bfde7a60a4efa7ac13bc59ae003488be84d2f0c1e57ddb7f39""}","{""python"": ""3.12.10"", ""numpy"": ""2.5.1"", ""pandas"": ""3.0.3"", ""statsmodels"": ""0.14.6"", ""scipy"": ""1.18.0""}"
shard14,506001,48,1168,excluded_completed_after_revised_target,"(506001, 48)",completed,True,,pooled (real draws),81e9437bee81301cf598ccadda508c9ac9305bf4,"{""finite_shot_end_to_end.parquet"": ""22b5e761f461c6bfde7a60a4efa7ac13bc59ae003488be84d2f0c1e57ddb7f39""}","{""python"": ""3.12.10"", ""numpy"": ""2.5.1"", ""pandas"": ""3.0.3"", ""statsmodels"": ""0.14.6"", ""scipy"": ""1.18.0""}"
shard14,506001,49,1169,excluded_completed_after_revised_target,"(506001, 49)",completed,True,,pooled (real draws),81e9437bee81301cf598ccadda508c9ac9305bf4,"{""finite_shot_end_to_end.parquet"": ""22b5e761f461c6bfde7a60a4efa7ac13bc59ae003488be84d2f0c1e57ddb7f39""}","{""python"": ""3.12.10"", ""numpy"": ""2.5.1"", ""pandas"": ""3.0.3"", ""statsmodels"": ""0.14.6"", ""scipy"": ""1.18.0""}"
shard14,506001,50,1170,excluded_completed_after_revised_target,"(506001, 50)",completed,True,,pooled (real draws),81e9437bee81301cf598ccadda508c9ac9305bf4,"{""finite_shot_end_to_end.parquet"": ""22b5e761f461c6bfde7a60a4efa7ac13bc59ae003488be84d2f0c1e57ddb7f39""}","{""python"": ""3.12.10"", ""numpy"": ""2.5.1"", ""pandas"": ""3.0.3"", ""statsmodels"": ""0.14.6"", ""scipy"": ""1.18.0""}"
shard14,506001,51,1171,excluded_completed_after_revised_target,"(506001, 51)",completed,True,,pooled (real draws),81e9437bee81301cf598ccadda508c9ac9305bf4,"{""finite_shot_end_to_end.parquet"": ""22b5e761f461c6bfde7a60a4efa7ac13bc59ae003488be84d2f0c1e57ddb7f39""}","{""python"": ""3.12.10"", ""numpy"": ""2.5.1"", ""pandas"": ""3.0.3"", ""statsmodels"": ""0.14.6"", ""scipy"": ""1.18.0""}"
shard14,506001,52,1172,excluded_completed_after_revised_target,"(506001, 52)",completed,True,,pooled (real draws),81e9437bee81301cf598ccadda508c9ac9305bf4,"{""finite_shot_end_to_end.parquet"": ""22b5e761f461c6bfde7a60a4efa7ac13bc59ae003488be84d2f0c1e57ddb7f39""}","{""python"": ""3.12.10"", ""numpy"": ""2.5.1"", ""pandas"": ""3.0.3"", ""statsmodels"": ""0.14.6"", ""scipy"": ""1.18.0""}"
shard14,506001,53,1173,excluded_completed_after_revised_target,"(506001, 53)",completed,True,,pooled (real draws),81e9437bee81301cf598ccadda508c9ac9305bf4,"{""finite_shot_end_to_end.parquet"": ""22b5e761f461c6bfde7a60a4efa7ac13bc59ae003488be84d2f0c1e57ddb7f39""}","{""python"": ""3.12.10"", ""numpy"": ""2.5.1"", ""pandas"": ""3.0.3"", ""statsmodels"": ""0.14.6"", ""scipy"": ""1.18.0""}"
shard14,506001,54,1174,excluded_completed_after_revised_target,"(506001, 54)",completed,True,,pooled (real draws),81e9437bee81301cf598ccadda508c9ac9305bf4,"{""finite_shot_end_to_end.parquet"": ""22b5e761f461c6bfde7a60a4efa7ac13bc59ae003488be84d2f0c1e57ddb7f39""}","{""python"": ""3.12.10"", ""numpy"": ""2.5.1"", ""pandas"": ""3.0.3"", ""statsmodels"": ""0.14.6"", ""scipy"": ""1.18.0""}"
shard14,506001,55,1175,excluded_completed_after_revised_target,"(506001, 55)",completed,True,,pooled (real draws),81e9437bee81301cf598ccadda508c9ac9305bf4,"{""finite_shot_end_to_end.parquet"": ""22b5e761f461c6bfde7a60a4efa7ac13bc59ae003488be84d2f0c1e57ddb7f39""}","{""python"": ""3.12.10"", ""numpy"": ""2.5.1"", ""pandas"": ""3.0.3"", ""statsmodels"": ""0.14.6"", ""scipy"": ""1.18.0""}"
shard14,506001,56,1176,excluded_completed_after_revised_target,"(506001, 56)",completed,True,,pooled (real draws),81e9437bee81301cf598ccadda508c9ac9305bf4,"{""finite_shot_end_to_end.parquet"": ""22b5e761f461c6bfde7a60a4efa7ac13bc59ae003488be84d2f0c1e57ddb7f39""}","{""python"": ""3.12.10"", ""numpy"": ""2.5.1"", ""pandas"": ""3.0.3"", ""statsmodels"": ""0.14.6"", ""scipy"": ""1.18.0""}"
shard14,506001,57,1177,excluded_completed_after_revised_target,"(506001, 57)",completed,True,,pooled (real draws),81e9437bee81301cf598ccadda508c9ac9305bf4,"{""finite_shot_end_to_end.parquet"": ""22b5e761f461c6bfde7a60a4efa7ac13bc59ae003488be84d2f0c1e57ddb7f39""}","{""python"": ""3.12.10"", ""numpy"": ""2.5.1"", ""pandas"": ""3.0.3"", ""statsmodels"": ""0.14.6"", ""scipy"": ""1.18.0""}"
shard2,386001,0,298,included_final_1000,"(386001, 0)",completed,True,,pooled (real draws),81e9437bee81301cf598ccadda508c9ac9305bf4,"{""finite_shot_end_to_end.parquet"": ""22b5e761f461c6bfde7a60a4efa7ac13bc59ae003488be84d2f0c1e57ddb7f39""}","{""python"": ""3.12.10"", ""numpy"": ""2.5.1"", ""pandas"": ""3.0.3"", ""statsmodels"": ""0.14.6"", ""scipy"": ""1.18.0""}"
shard2,386001,1,299,included_final_1000,"(386001, 1)",completed,True,,pooled (real draws),81e9437bee81301cf598ccadda508c9ac9305bf4,"{""finite_shot_end_to_end.parquet"": ""22b5e761f461c6bfde7a60a4efa7ac13bc59ae003488be84d2f0c1e57ddb7f39""}","{""python"": ""3.12.10"", ""numpy"": ""2.5.1"", ""pandas"": ""3.0.3"", ""statsmodels"": ""0.14.6"", ""scipy"": ""1.18.0""}"
shard2,386001,2,300,included_final_1000,"(386001, 2)",completed,True,,pooled (real draws),81e9437bee81301cf598ccadda508c9ac9305bf4,"{""finite_shot_end_to_end.parquet"": ""22b5e761f461c6bfde7a60a4efa7ac13bc59ae003488be84d2f0c1e57ddb7f39""}","{""python"": ""3.12.10"", ""numpy"": ""2.5.1"", ""pandas"": ""3.0.3"", ""statsmodels"": ""0.14.6"", ""scipy"": ""1.18.0""}"
shard2,386001,3,301,included_final_1000,"(386001, 3)",completed,True,,pooled (real draws),81e9437bee81301cf598ccadda508c9ac9305bf4,"{""finite_shot_end_to_end.parquet"": ""22b5e761f461c6bfde7a60a4efa7ac13bc59ae003488be84d2f0c1e57ddb7f39""}","{""python"": ""3.12.10"", ""numpy"": ""2.5.1"", ""pandas"": ""3.0.3"", ""statsmodels"": ""0.14.6"", ""scipy"": ""1.18.0""}"
shard2,386001,4,302,included_final_1000,"(386001, 4)",completed,True,,pooled (real draws),81e9437bee81301cf598ccadda508c9ac9305bf4,"{""finite_shot_end_to_end.parquet"": ""22b5e761f461c6bfde7a60a4efa7ac13bc59ae003488be84d2f0c1e57ddb7f39""}","{""python"": ""3.12.10"", ""numpy"": ""2.5.1"", ""pandas"": ""3.0.3"", ""statsmodels"": ""0.14.6"", ""scipy"": ""1.18.0""}"
shard2,386001,5,303,included_final_1000,"(386001, 5)",completed,True,,pooled (real draws),81e9437bee81301cf598ccadda508c9ac9305bf4,"{""finite_shot_end_to_end.parquet"": ""22b5e761f461c6bfde7a60a4efa7ac13bc59ae003488be84d2f0c1e57ddb7f39""}","{""python"": ""3.12.10"", ""numpy"": ""2.5.1"", ""pandas"": ""3.0.3"", ""statsmodels"": ""0.14.6"", ""scipy"": ""1.18.0""}"
shard2,386001,6,304,included_final_1000,"(386001, 6)",completed,True,,pooled (real draws),81e9437bee81301cf598ccadda508c9ac9305bf4,"{""finite_shot_end_to_end.parquet"": ""22b5e761f461c6bfde7a60a4efa7ac13bc59ae003488be84d2f0c1e57ddb7f39""}","{""python"": ""3.12.10"", ""numpy"": ""2.5.1"", ""pandas"": ""3.0.3"", ""statsmodels"": ""0.14.6"", ""scipy"": ""1.18.0""}"
shard2,386001,7,305,included_final_1000,"(386001, 7)",completed,True,,pooled (real draws),81e9437bee81301cf598ccadda508c9ac9305bf4,"{""finite_shot_end_to_end.parquet"": ""22b5e761f461c6bfde7a60a4efa7ac13bc59ae003488be84d2f0c1e57ddb7f39""}","{""python"": ""3.12.10"", ""numpy"": ""2.5.1"", ""pandas"": ""3.0.3"", ""statsmodels"": ""0.14.6"", ""scipy"": ""1.18.0""}"
shard2,386001,8,306,included_final_1000,"(386001, 8)",completed,True,,pooled (real draws),81e9437bee81301cf598ccadda508c9ac9305bf4,"{""finite_shot_end_to_end.parquet"": ""22b5e761f461c6bfde7a60a4efa7ac13bc59ae003488be84d2f0c1e57ddb7f39""}","{""python"": ""3.12.10"", ""numpy"": ""2.5.1"", ""pandas"": ""3.0.3"", ""statsmodels"": ""0.14.6"", ""scipy"": ""1.18.0""}"
shard2,386001,9,307,included_final_1000,"(386001, 9)",completed,True,,pooled (real draws),81e9437bee81301cf598ccadda508c9ac9305bf4,"{""finite_shot_end_to_end.parquet"": ""22b5e761f461c6bfde7a60a4efa7ac13bc59ae003488be84d2f0c1e57ddb7f39""}","{""python"": ""3.12.10"", ""numpy"": ""2.5.1"", ""pandas"": ""3.0.3"", ""statsmodels"": ""0.14.6"", ""scipy"": ""1.18.0""}"
shard2,386001,10,308,included_final_1000,"(386001, 10)",completed,True,,pooled (real draws),81e9437bee81301cf598ccadda508c9ac9305bf4,"{""finite_shot_end_to_end.parquet"": ""22b5e761f461c6bfde7a60a4efa7ac13bc59ae003488be84d2f0c1e57ddb7f39""}","{""python"": ""3.12.10"", ""numpy"": ""2.5.1"", ""pandas"": ""3.0.3"", ""statsmodels"": ""0.14.6"", ""scipy"": ""1.18.0""}"
shard2,386001,11,309,included_final_1000,"(386001, 11)",completed,True,,pooled (real draws),81e9437bee81301cf598ccadda508c9ac9305bf4,"{""finite_shot_end_to_end.parquet"": ""22b5e761f461c6bfde7a60a4efa7ac13bc59ae003488be84d2f0c1e57ddb7f39""}","{""python"": ""3.12.10"", ""numpy"": ""2.5.1"", ""pandas"": ""3.0.3"", ""statsmodels"": ""0.14.6"", ""scipy"": ""1.18.0""}"
shard2,386001,12,310,included_final_1000,"(386001, 12)",completed,True,,pooled (real draws),81e9437bee81301cf598ccadda508c9ac9305bf4,"{""finite_shot_end_to_end.parquet"": ""22b5e761f461c6bfde7a60a4efa7ac13bc59ae003488be84d2f0c1e57ddb7f39""}","{""python"": ""3.12.10"", ""numpy"": ""2.5.1"", ""pandas"": ""3.0.3"", ""statsmodels"": ""0.14.6"", ""scipy"": ""1.18.0""}"
shard2,386001,13,311,included_final_1000,"(386001, 13)",completed,True,,pooled (real draws),81e9437bee81301cf598ccadda508c9ac9305bf4,"{""finite_shot_end_to_end.parquet"": ""22b5e761f461c6bfde7a60a4efa7ac13bc59ae003488be84d2f0c1e57ddb7f39""}","{""python"": ""3.12.10"", ""numpy"": ""2.5.1"", ""pandas"": ""3.0.3"", ""statsmodels"": ""0.14.6"", ""scipy"": ""1.18.0""}"
shard2,386001,14,312,included_final_1000,"(386001, 14)",completed,True,,pooled (real draws),81e9437bee81301cf598ccadda508c9ac9305bf4,"{""finite_shot_end_to_end.parquet"": ""22b5e761f461c6bfde7a60a4efa7ac13bc59ae003488be84d2f0c1e57ddb7f39""}","{""python"": ""3.12.10"", ""numpy"": ""2.5.1"", ""pandas"": ""3.0.3"", ""statsmodels"": ""0.14.6"", ""scipy"": ""1.18.0""}"
shard2,386001,15,313,included_final_1000,"(386001, 15)",completed,True,,pooled (real draws),81e9437bee81301cf598ccadda508c9ac9305bf4,"{""finite_shot_end_to_end.parquet"": ""22b5e761f461c6bfde7a60a4efa7ac13bc59ae003488be84d2f0c1e57ddb7f39""}","{""python"": ""3.12.10"", ""numpy"": ""2.5.1"", ""pandas"": ""3.0.3"", ""statsmodels"": ""0.14.6"", ""scipy"": ""1.18.0""}"
shard2,386001,16,314,included_final_1000,"(386001, 16)",completed,True,,pooled (real draws),81e9437bee81301cf598ccadda508c9ac9305bf4,"{""finite_shot_end_to_end.parquet"": ""22b5e761f461c6bfde7a60a4efa7ac13bc59ae003488be84d2f0c1e57ddb7f39""}","{""python"": ""3.12.10"", ""numpy"": ""2.5.1"", ""pandas"": ""3.0.3"", ""statsmodels"": ""0.14.6"", ""scipy"": ""1.18.0""}"
shard2,386001,17,315,included_final_1000,"(386001, 17)",completed,True,,pooled (real draws),81e9437bee81301cf598ccadda508c9ac9305bf4,"{""finite_shot_end_to_end.parquet"": ""22b5e761f461c6bfde7a60a4efa7ac13bc59ae003488be84d2f0c1e57ddb7f39""}","{""python"": ""3.12.10"", ""numpy"": ""2.5.1"", ""pandas"": ""3.0.3"", ""statsmodels"": ""0.14.6"", ""scipy"": ""1.18.0""}"
shard2,386001,18,316,included_final_1000,"(386001, 18)",completed,True,,pooled (real draws),81e9437bee81301cf598ccadda508c9ac9305bf4,"{""finite_shot_end_to_end.parquet"": ""22b5e761f461c6bfde7a60a4efa7ac13bc59ae003488be84d2f0c1e57ddb7f39""}","{""python"": ""3.12.10"", ""numpy"": ""2.5.1"", ""pandas"": ""3.0.3"", ""statsmodels"": ""0.14.6"", ""scipy"": ""1.18.0""}"
shard2,386001,19,317,included_final_1000,"(386001, 19)",completed,True,,pooled (real draws),81e9437bee81301cf598ccadda508c9ac9305bf4,"{""finite_shot_end_to_end.parquet"": ""22b5e761f461c6bfde7a60a4efa7ac13bc59ae003488be84d2f0c1e57ddb7f39""}","{""python"": ""3.12.10"", ""numpy"": ""2.5.1"", ""pandas"": ""3.0.3"", ""statsmodels"": ""0.14.6"", ""scipy"": ""1.18.0""}"
shard2,386001,20,318,included_final_1000,"(386001, 20)",completed,True,,pooled (real draws),81e9437bee81301cf598ccadda508c9ac9305bf4,"{""finite_shot_end_to_end.parquet"": ""22b5e761f461c6bfde7a60a4efa7ac13bc59ae003488be84d2f0c1e57ddb7f39""}","{""python"": ""3.12.10"", ""numpy"": ""2.5.1"", ""pandas"": ""3.0.3"", ""statsmodels"": ""0.14.6"", ""scipy"": ""1.18.0""}"
shard2,386001,21,319,included_final_1000,"(386001, 21)",completed,True,,pooled (real draws),81e9437bee81301cf598ccadda508c9ac9305bf4,"{""finite_shot_end_to_end.parquet"": ""22b5e761f461c6bfde7a60a4efa7ac13bc59ae003488be84d2f0c1e57ddb7f39""}","{""python"": ""3.12.10"", ""numpy"": ""2.5.1"", ""pandas"": ""3.0.3"", ""statsmodels"": ""0.14.6"", ""scipy"": ""1.18.0""}"
shard2,386001,22,320,included_final_1000,"(386001, 22)",completed,True,,pooled (real draws),81e9437bee81301cf598ccadda508c9ac9305bf4,"{""finite_shot_end_to_end.parquet"": ""22b5e761f461c6bfde7a60a4efa7ac13bc59ae003488be84d2f0c1e57ddb7f39""}","{""python"": ""3.12.10"", ""numpy"": ""2.5.1"", ""pandas"": ""3.0.3"", ""statsmodels"": ""0.14.6"", ""scipy"": ""1.18.0""}"
shard2,386001,23,321,included_final_1000,"(386001, 23)",completed,True,,pooled (real draws),81e9437bee81301cf598ccadda508c9ac9305bf4,"{""finite_shot_end_to_end.parquet"": ""22b5e761f461c6bfde7a60a4efa7ac13bc59ae003488be84d2f0c1e57ddb7f39""}","{""python"": ""3.12.10"", ""numpy"": ""2.5.1"", ""pandas"": ""3.0.3"", ""statsmodels"": ""0.14.6"", ""scipy"": ""1.18.0""}"
shard2,386001,24,322,included_final_1000,"(386001, 24)",completed,True,,pooled (real draws),81e9437bee81301cf598ccadda508c9ac9305bf4,"{""finite_shot_end_to_end.parquet"": ""22b5e761f461c6bfde7a60a4efa7ac13bc59ae003488be84d2f0c1e57ddb7f39""}","{""python"": ""3.12.10"", ""numpy"": ""2.5.1"", ""pandas"": ""3.0.3"", ""statsmodels"": ""0.14.6"", ""scipy"": ""1.18.0""}"
shard2,386001,25,323,included_final_1000,"(386001, 25)",completed,True,,pooled (real draws),81e9437bee81301cf598ccadda508c9ac9305bf4,"{""finite_shot_end_to_end.parquet"": ""22b5e761f461c6bfde7a60a4efa7ac13bc59ae003488be84d2f0c1e57ddb7f39""}","{""python"": ""3.12.10"", ""numpy"": ""2.5.1"", ""pandas"": ""3.0.3"", ""statsmodels"": ""0.14.6"", ""scipy"": ""1.18.0""}"
shard2,386001,26,324,included_final_1000,"(386001, 26)",completed,True,,pooled (real draws),81e9437bee81301cf598ccadda508c9ac9305bf4,"{""finite_shot_end_to_end.parquet"": ""22b5e761f461c6bfde7a60a4efa7ac13bc59ae003488be84d2f0c1e57ddb7f39""}","{""python"": ""3.12.10"", ""numpy"": ""2.5.1"", ""pandas"": ""3.0.3"", ""statsmodels"": ""0.14.6"", ""scipy"": ""1.18.0""}"
shard2,386001,27,325,included_final_1000,"(386001, 27)",completed,True,,pooled (real draws),81e9437bee81301cf598ccadda508c9ac9305bf4,"{""finite_shot_end_to_end.parquet"": ""22b5e761f461c6bfde7a60a4efa7ac13bc59ae003488be84d2f0c1e57ddb7f39""}","{""python"": ""3.12.10"", ""numpy"": ""2.5.1"", ""pandas"": ""3.0.3"", ""statsmodels"": ""0.14.6"", ""scipy"": ""1.18.0""}"
shard2,386001,28,326,included_final_1000,"(386001, 28)",completed,True,,pooled (real draws),81e9437bee81301cf598ccadda508c9ac9305bf4,"{""finite_shot_end_to_end.parquet"": ""22b5e761f461c6bfde7a60a4efa7ac13bc59ae003488be84d2f0c1e57ddb7f39""}","{""python"": ""3.12.10"", ""numpy"": ""2.5.1"", ""pandas"": ""3.0.3"", ""statsmodels"": ""0.14.6"", ""scipy"": ""1.18.0""}"
shard2,386001,29,327,included_final_1000,"(386001, 29)",completed,True,,pooled (real draws),81e9437bee81301cf598ccadda508c9ac9305bf4,"{""finite_shot_end_to_end.parquet"": ""22b5e761f461c6bfde7a60a4efa7ac13bc59ae003488be84d2f0c1e57ddb7f39""}","{""python"": ""3.12.10"", ""numpy"": ""2.5.1"", ""pandas"": ""3.0.3"", ""statsmodels"": ""0.14.6"", ""scipy"": ""1.18.0""}"
shard2,386001,30,328,included_final_1000,"(386001, 30)",completed,True,,pooled (real draws),81e9437bee81301cf598ccadda508c9ac9305bf4,"{""finite_shot_end_to_end.parquet"": ""22b5e761f461c6bfde7a60a4efa7ac13bc59ae003488be84d2f0c1e57ddb7f39""}","{""python"": ""3.12.10"", ""numpy"": ""2.5.1"", ""pandas"": ""3.0.3"", ""statsmodels"": ""0.14.6"", ""scipy"": ""1.18.0""}"
shard2,386001,31,329,included_final_1000,"(386001, 31)",completed,True,,pooled (real draws),81e9437bee81301cf598ccadda508c9ac9305bf4,"{""finite_shot_end_to_end.parquet"": ""22b5e761f461c6bfde7a60a4efa7ac13bc59ae003488be84d2f0c1e57ddb7f39""}","{""python"": ""3.12.10"", ""numpy"": ""2.5.1"", ""pandas"": ""3.0.3"", ""statsmodels"": ""0.14.6"", ""scipy"": ""1.18.0""}"
shard2,386001,32,330,included_final_1000,"(386001, 32)",completed,True,,pooled (real draws),81e9437bee81301cf598ccadda508c9ac9305bf4,"{""finite_shot_end_to_end.parquet"": ""22b5e761f461c6bfde7a60a4efa7ac13bc59ae003488be84d2f0c1e57ddb7f39""}","{""python"": ""3.12.10"", ""numpy"": ""2.5.1"", ""pandas"": ""3.0.3"", ""statsmodels"": ""0.14.6"", ""scipy"": ""1.18.0""}"
shard2,386001,33,331,included_final_1000,"(386001, 33)",completed,True,,pooled (real draws),81e9437bee81301cf598ccadda508c9ac9305bf4,"{""finite_shot_end_to_end.parquet"": ""22b5e761f461c6bfde7a60a4efa7ac13bc59ae003488be84d2f0c1e57ddb7f39""}","{""python"": ""3.12.10"", ""numpy"": ""2.5.1"", ""pandas"": ""3.0.3"", ""statsmodels"": ""0.14.6"", ""scipy"": ""1.18.0""}"
shard2,386001,34,332,included_final_1000,"(386001, 34)",completed,True,,pooled (real draws),81e9437bee81301cf598ccadda508c9ac9305bf4,"{""finite_shot_end_to_end.parquet"": ""22b5e761f461c6bfde7a60a4efa7ac13bc59ae003488be84d2f0c1e57ddb7f39""}","{""python"": ""3.12.10"", ""numpy"": ""2.5.1"", ""pandas"": ""3.0.3"", ""statsmodels"": ""0.14.6"", ""scipy"": ""1.18.0""}"
shard2,386001,35,333,included_final_1000,"(386001, 35)",completed,True,,pooled (real draws),81e9437bee81301cf598ccadda508c9ac9305bf4,"{""finite_shot_end_to_end.parquet"": ""22b5e761f461c6bfde7a60a4efa7ac13bc59ae003488be84d2f0c1e57ddb7f39""}","{""python"": ""3.12.10"", ""numpy"": ""2.5.1"", ""pandas"": ""3.0.3"", ""statsmodels"": ""0.14.6"", ""scipy"": ""1.18.0""}"
shard2,386001,36,334,included_final_1000,"(386001, 36)",completed,True,,pooled (real draws),81e9437bee81301cf598ccadda508c9ac9305bf4,"{""finite_shot_end_to_end.parquet"": ""22b5e761f461c6bfde7a60a4efa7ac13bc59ae003488be84d2f0c1e57ddb7f39""}","{""python"": ""3.12.10"", ""numpy"": ""2.5.1"", ""pandas"": ""3.0.3"", ""statsmodels"": ""0.14.6"", ""scipy"": ""1.18.0""}"
shard2,386001,37,335,included_final_1000,"(386001, 37)",completed,True,,pooled (real draws),81e9437bee81301cf598ccadda508c9ac9305bf4,"{""finite_shot_end_to_end.parquet"": ""22b5e761f461c6bfde7a60a4efa7ac13bc59ae003488be84d2f0c1e57ddb7f39""}","{""python"": ""3.12.10"", ""numpy"": ""2.5.1"", ""pandas"": ""3.0.3"", ""statsmodels"": ""0.14.6"", ""scipy"": ""1.18.0""}"
shard2,386001,38,336,included_final_1000,"(386001, 38)",completed,True,,pooled (real draws),81e9437bee81301cf598ccadda508c9ac9305bf4,"{""finite_shot_end_to_end.parquet"": ""22b5e761f461c6bfde7a60a4efa7ac13bc59ae003488be84d2f0c1e57ddb7f39""}","{""python"": ""3.12.10"", ""numpy"": ""2.5.1"", ""pandas"": ""3.0.3"", ""statsmodels"": ""0.14.6"", ""scipy"": ""1.18.0""}"
shard2,386001,39,337,included_final_1000,"(386001, 39)",completed,True,,pooled (real draws),81e9437bee81301cf598ccadda508c9ac9305bf4,"{""finite_shot_end_to_end.parquet"": ""22b5e761f461c6bfde7a60a4efa7ac13bc59ae003488be84d2f0c1e57ddb7f39""}","{""python"": ""3.12.10"", ""numpy"": ""2.5.1"", ""pandas"": ""3.0.3"", ""statsmodels"": ""0.14.6"", ""scipy"": ""1.18.0""}"
shard2,386001,40,338,included_final_1000,"(386001, 40)",completed,True,,pooled (real draws),81e9437bee81301cf598ccadda508c9ac9305bf4,"{""finite_shot_end_to_end.parquet"": ""22b5e761f461c6bfde7a60a4efa7ac13bc59ae003488be84d2f0c1e57ddb7f39""}","{""python"": ""3.12.10"", ""numpy"": ""2.5.1"", ""pandas"": ""3.0.3"", ""statsmodels"": ""0.14.6"", ""scipy"": ""1.18.0""}"
shard2,386001,41,339,included_final_1000,"(386001, 41)",completed,True,,pooled (real draws),81e9437bee81301cf598ccadda508c9ac9305bf4,"{""finite_shot_end_to_end.parquet"": ""22b5e761f461c6bfde7a60a4efa7ac13bc59ae003488be84d2f0c1e57ddb7f39""}","{""python"": ""3.12.10"", ""numpy"": ""2.5.1"", ""pandas"": ""3.0.3"", ""statsmodels"": ""0.14.6"", ""scipy"": ""1.18.0""}"
shard2,386001,42,340,included_final_1000,"(386001, 42)",completed,True,,pooled (real draws),81e9437bee81301cf598ccadda508c9ac9305bf4,"{""finite_shot_end_to_end.parquet"": ""22b5e761f461c6bfde7a60a4efa7ac13bc59ae003488be84d2f0c1e57ddb7f39""}","{""python"": ""3.12.10"", ""numpy"": ""2.5.1"", ""pandas"": ""3.0.3"", ""statsmodels"": ""0.14.6"", ""scipy"": ""1.18.0""}"
shard2,386001,43,341,included_final_1000,"(386001, 43)",completed,True,,pooled (real draws),81e9437bee81301cf598ccadda508c9ac9305bf4,"{""finite_shot_end_to_end.parquet"": ""22b5e761f461c6bfde7a60a4efa7ac13bc59ae003488be84d2f0c1e57ddb7f39""}","{""python"": ""3.12.10"", ""numpy"": ""2.5.1"", ""pandas"": ""3.0.3"", ""statsmodels"": ""0.14.6"", ""scipy"": ""1.18.0""}"
shard2,386001,44,342,included_final_1000,"(386001, 44)",completed,True,,pooled (real draws),81e9437bee81301cf598ccadda508c9ac9305bf4,"{""finite_shot_end_to_end.parquet"": ""22b5e761f461c6bfde7a60a4efa7ac13bc59ae003488be84d2f0c1e57ddb7f39""}","{""python"": ""3.12.10"", ""numpy"": ""2.5.1"", ""pandas"": ""3.0.3"", ""statsmodels"": ""0.14.6"", ""scipy"": ""1.18.0""}"
shard2,386001,45,343,included_final_1000,"(386001, 45)",completed,True,,pooled (real draws),81e9437bee81301cf598ccadda508c9ac9305bf4,"{""finite_shot_end_to_end.parquet"": ""22b5e761f461c6bfde7a60a4efa7ac13bc59ae003488be84d2f0c1e57ddb7f39""}","{""python"": ""3.12.10"", ""numpy"": ""2.5.1"", ""pandas"": ""3.0.3"", ""statsmodels"": ""0.14.6"", ""scipy"": ""1.18.0""}"
shard2,386001,46,344,included_final_1000,"(386001, 46)",completed,True,,pooled (real draws),81e9437bee81301cf598ccadda508c9ac9305bf4,"{""finite_shot_end_to_end.parquet"": ""22b5e761f461c6bfde7a60a4efa7ac13bc59ae003488be84d2f0c1e57ddb7f39""}","{""python"": ""3.12.10"", ""numpy"": ""2.5.1"", ""pandas"": ""3.0.3"", ""statsmodels"": ""0.14.6"", ""scipy"": ""1.18.0""}"
shard2,386001,47,345,included_final_1000,"(386001, 47)",completed,True,,pooled (real draws),81e9437bee81301cf598ccadda508c9ac9305bf4,"{""finite_shot_end_to_end.parquet"": ""22b5e761f461c6bfde7a60a4efa7ac13bc59ae003488be84d2f0c1e57ddb7f39""}","{""python"": ""3.12.10"", ""numpy"": ""2.5.1"", ""pandas"": ""3.0.3"", ""statsmodels"": ""0.14.6"", ""scipy"": ""1.18.0""}"
shard2,386001,48,346,included_final_1000,"(386001, 48)",completed,True,,pooled (real draws),81e9437bee81301cf598ccadda508c9ac9305bf4,"{""finite_shot_end_to_end.parquet"": ""22b5e761f461c6bfde7a60a4efa7ac13bc59ae003488be84d2f0c1e57ddb7f39""}","{""python"": ""3.12.10"", ""numpy"": ""2.5.1"", ""pandas"": ""3.0.3"", ""statsmodels"": ""0.14.6"", ""scipy"": ""1.18.0""}"
shard2,386001,49,347,included_final_1000,"(386001, 49)",completed,True,,pooled (real draws),81e9437bee81301cf598ccadda508c9ac9305bf4,"{""finite_shot_end_to_end.parquet"": ""22b5e761f461c6bfde7a60a4efa7ac13bc59ae003488be84d2f0c1e57ddb7f39""}","{""python"": ""3.12.10"", ""numpy"": ""2.5.1"", ""pandas"": ""3.0.3"", ""statsmodels"": ""0.14.6"", ""scipy"": ""1.18.0""}"
shard2,386001,50,348,included_final_1000,"(386001, 50)",completed,True,,pooled (real draws),81e9437bee81301cf598ccadda508c9ac9305bf4,"{""finite_shot_end_to_end.parquet"": ""22b5e761f461c6bfde7a60a4efa7ac13bc59ae003488be84d2f0c1e57ddb7f39""}","{""python"": ""3.12.10"", ""numpy"": ""2.5.1"", ""pandas"": ""3.0.3"", ""statsmodels"": ""0.14.6"", ""scipy"": ""1.18.0""}"
shard2,386001,51,349,included_final_1000,"(386001, 51)",completed,True,,pooled (real draws),81e9437bee81301cf598ccadda508c9ac9305bf4,"{""finite_shot_end_to_end.parquet"": ""22b5e761f461c6bfde7a60a4efa7ac13bc59ae003488be84d2f0c1e57ddb7f39""}","{""python"": ""3.12.10"", ""numpy"": ""2.5.1"", ""pandas"": ""3.0.3"", ""statsmodels"": ""0.14.6"", ""scipy"": ""1.18.0""}"
shard2,386001,52,350,included_final_1000,"(386001, 52)",completed,True,,pooled (real draws),81e9437bee81301cf598ccadda508c9ac9305bf4,"{""finite_shot_end_to_end.parquet"": ""22b5e761f461c6bfde7a60a4efa7ac13bc59ae003488be84d2f0c1e57ddb7f39""}","{""python"": ""3.12.10"", ""numpy"": ""2.5.1"", ""pandas"": ""3.0.3"", ""statsmodels"": ""0.14.6"", ""scipy"": ""1.18.0""}"
shard2,386001,53,351,included_final_1000,"(386001, 53)",completed,True,,pooled (real draws),81e9437bee81301cf598ccadda508c9ac9305bf4,"{""finite_shot_end_to_end.parquet"": ""22b5e761f461c6bfde7a60a4efa7ac13bc59ae003488be84d2f0c1e57ddb7f39""}","{""python"": ""3.12.10"", ""numpy"": ""2.5.1"", ""pandas"": ""3.0.3"", ""statsmodels"": ""0.14.6"", ""scipy"": ""1.18.0""}"
shard2,386001,54,352,included_final_1000,"(386001, 54)",completed,True,,pooled (real draws),81e9437bee81301cf598ccadda508c9ac9305bf4,"{""finite_shot_end_to_end.parquet"": ""22b5e761f461c6bfde7a60a4efa7ac13bc59ae003488be84d2f0c1e57ddb7f39""}","{""python"": ""3.12.10"", ""numpy"": ""2.5.1"", ""pandas"": ""3.0.3"", ""statsmodels"": ""0.14.6"", ""scipy"": ""1.18.0""}"
shard2,386001,55,353,included_final_1000,"(386001, 55)",completed,True,,pooled (real draws),81e9437bee81301cf598ccadda508c9ac9305bf4,"{""finite_shot_end_to_end.parquet"": ""22b5e761f461c6bfde7a60a4efa7ac13bc59ae003488be84d2f0c1e57ddb7f39""}","{""python"": ""3.12.10"", ""numpy"": ""2.5.1"", ""pandas"": ""3.0.3"", ""statsmodels"": ""0.14.6"", ""scipy"": ""1.18.0""}"
shard2,386001,56,354,included_final_1000,"(386001, 56)",completed,True,,pooled (real draws),81e9437bee81301cf598ccadda508c9ac9305bf4,"{""finite_shot_end_to_end.parquet"": ""22b5e761f461c6bfde7a60a4efa7ac13bc59ae003488be84d2f0c1e57ddb7f39""}","{""python"": ""3.12.10"", ""numpy"": ""2.5.1"", ""pandas"": ""3.0.3"", ""statsmodels"": ""0.14.6"", ""scipy"": ""1.18.0""}"
shard2,386001,57,355,included_final_1000,"(386001, 57)",completed,True,,pooled (real draws),81e9437bee81301cf598ccadda508c9ac9305bf4,"{""finite_shot_end_to_end.parquet"": ""22b5e761f461c6bfde7a60a4efa7ac13bc59ae003488be84d2f0c1e57ddb7f39""}","{""python"": ""3.12.10"", ""numpy"": ""2.5.1"", ""pandas"": ""3.0.3"", ""statsmodels"": ""0.14.6"", ""scipy"": ""1.18.0""}"
shard2,386001,58,356,included_final_1000,"(386001, 58)",completed,True,,pooled (real draws),81e9437bee81301cf598ccadda508c9ac9305bf4,"{""finite_shot_end_to_end.parquet"": ""22b5e761f461c6bfde7a60a4efa7ac13bc59ae003488be84d2f0c1e57ddb7f39""}","{""python"": ""3.12.10"", ""numpy"": ""2.5.1"", ""pandas"": ""3.0.3"", ""statsmodels"": ""0.14.6"", ""scipy"": ""1.18.0""}"
shard2,386001,59,357,included_final_1000,"(386001, 59)",completed,True,,pooled (real draws),81e9437bee81301cf598ccadda508c9ac9305bf4,"{""finite_shot_end_to_end.parquet"": ""22b5e761f461c6bfde7a60a4efa7ac13bc59ae003488be84d2f0c1e57ddb7f39""}","{""python"": ""3.12.10"", ""numpy"": ""2.5.1"", ""pandas"": ""3.0.3"", ""statsmodels"": ""0.14.6"", ""scipy"": ""1.18.0""}"
shard2,386001,60,358,included_final_1000,"(386001, 60)",completed,True,,pooled (real draws),81e9437bee81301cf598ccadda508c9ac9305bf4,"{""finite_shot_end_to_end.parquet"": ""22b5e761f461c6bfde7a60a4efa7ac13bc59ae003488be84d2f0c1e57ddb7f39""}","{""python"": ""3.12.10"", ""numpy"": ""2.5.1"", ""pandas"": ""3.0.3"", ""statsmodels"": ""0.14.6"", ""scipy"": ""1.18.0""}"
shard2,386001,61,359,included_final_1000,"(386001, 61)",completed,True,,pooled (real draws),81e9437bee81301cf598ccadda508c9ac9305bf4,"{""finite_shot_end_to_end.parquet"": ""22b5e761f461c6bfde7a60a4efa7ac13bc59ae003488be84d2f0c1e57ddb7f39""}","{""python"": ""3.12.10"", ""numpy"": ""2.5.1"", ""pandas"": ""3.0.3"", ""statsmodels"": ""0.14.6"", ""scipy"": ""1.18.0""}"
shard2,386001,62,360,included_final_1000,"(386001, 62)",completed,True,,pooled (real draws),81e9437bee81301cf598ccadda508c9ac9305bf4,"{""finite_shot_end_to_end.parquet"": ""22b5e761f461c6bfde7a60a4efa7ac13bc59ae003488be84d2f0c1e57ddb7f39""}","{""python"": ""3.12.10"", ""numpy"": ""2.5.1"", ""pandas"": ""3.0.3"", ""statsmodels"": ""0.14.6"", ""scipy"": ""1.18.0""}"
shard2,386001,63,361,included_final_1000,"(386001, 63)",completed,True,,pooled (real draws),81e9437bee81301cf598ccadda508c9ac9305bf4,"{""finite_shot_end_to_end.parquet"": ""22b5e761f461c6bfde7a60a4efa7ac13bc59ae003488be84d2f0c1e57ddb7f39""}","{""python"": ""3.12.10"", ""numpy"": ""2.5.1"", ""pandas"": ""3.0.3"", ""statsmodels"": ""0.14.6"", ""scipy"": ""1.18.0""}"
shard2,386001,64,362,included_final_1000,"(386001, 64)",completed,True,,pooled (real draws),81e9437bee81301cf598ccadda508c9ac9305bf4,"{""finite_shot_end_to_end.parquet"": ""22b5e761f461c6bfde7a60a4efa7ac13bc59ae003488be84d2f0c1e57ddb7f39""}","{""python"": ""3.12.10"", ""numpy"": ""2.5.1"", ""pandas"": ""3.0.3"", ""statsmodels"": ""0.14.6"", ""scipy"": ""1.18.0""}"
shard2,386001,65,363,included_final_1000,"(386001, 65)",completed,True,,pooled (real draws),81e9437bee81301cf598ccadda508c9ac9305bf4,"{""finite_shot_end_to_end.parquet"": ""22b5e761f461c6bfde7a60a4efa7ac13bc59ae003488be84d2f0c1e57ddb7f39""}","{""python"": ""3.12.10"", ""numpy"": ""2.5.1"", ""pandas"": ""3.0.3"", ""statsmodels"": ""0.14.6"", ""scipy"": ""1.18.0""}"
shard2,386001,66,364,included_final_1000,"(386001, 66)",completed,True,,pooled (real draws),81e9437bee81301cf598ccadda508c9ac9305bf4,"{""finite_shot_end_to_end.parquet"": ""22b5e761f461c6bfde7a60a4efa7ac13bc59ae003488be84d2f0c1e57ddb7f39""}","{""python"": ""3.12.10"", ""numpy"": ""2.5.1"", ""pandas"": ""3.0.3"", ""statsmodels"": ""0.14.6"", ""scipy"": ""1.18.0""}"
shard2,386001,67,365,included_final_1000,"(386001, 67)",completed,True,,pooled (real draws),81e9437bee81301cf598ccadda508c9ac9305bf4,"{""finite_shot_end_to_end.parquet"": ""22b5e761f461c6bfde7a60a4efa7ac13bc59ae003488be84d2f0c1e57ddb7f39""}","{""python"": ""3.12.10"", ""numpy"": ""2.5.1"", ""pandas"": ""3.0.3"", ""statsmodels"": ""0.14.6"", ""scipy"": ""1.18.0""}"
shard2,386001,68,366,included_final_1000,"(386001, 68)",completed,True,,pooled (real draws),81e9437bee81301cf598ccadda508c9ac9305bf4,"{""finite_shot_end_to_end.parquet"": ""22b5e761f461c6bfde7a60a4efa7ac13bc59ae003488be84d2f0c1e57ddb7f39""}","{""python"": ""3.12.10"", ""numpy"": ""2.5.1"", ""pandas"": ""3.0.3"", ""statsmodels"": ""0.14.6"", ""scipy"": ""1.18.0""}"
shard2,386001,69,367,included_final_1000,"(386001, 69)",completed,True,,pooled (real draws),81e9437bee81301cf598ccadda508c9ac9305bf4,"{""finite_shot_end_to_end.parquet"": ""22b5e761f461c6bfde7a60a4efa7ac13bc59ae003488be84d2f0c1e57ddb7f39""}","{""python"": ""3.12.10"", ""numpy"": ""2.5.1"", ""pandas"": ""3.0.3"", ""statsmodels"": ""0.14.6"", ""scipy"": ""1.18.0""}"
shard2,386001,70,368,included_final_1000,"(386001, 70)",completed,True,,pooled (real draws),81e9437bee81301cf598ccadda508c9ac9305bf4,"{""finite_shot_end_to_end.parquet"": ""22b5e761f461c6bfde7a60a4efa7ac13bc59ae003488be84d2f0c1e57ddb7f39""}","{""python"": ""3.12.10"", ""numpy"": ""2.5.1"", ""pandas"": ""3.0.3"", ""statsmodels"": ""0.14.6"", ""scipy"": ""1.18.0""}"
shard2,386001,71,369,included_final_1000,"(386001, 71)",completed,True,,pooled (real draws),81e9437bee81301cf598ccadda508c9ac9305bf4,"{""finite_shot_end_to_end.parquet"": ""22b5e761f461c6bfde7a60a4efa7ac13bc59ae003488be84d2f0c1e57ddb7f39""}","{""python"": ""3.12.10"", ""numpy"": ""2.5.1"", ""pandas"": ""3.0.3"", ""statsmodels"": ""0.14.6"", ""scipy"": ""1.18.0""}"
shard2,386001,72,370,included_final_1000,"(386001, 72)",completed,True,,pooled (real draws),81e9437bee81301cf598ccadda508c9ac9305bf4,"{""finite_shot_end_to_end.parquet"": ""22b5e761f461c6bfde7a60a4efa7ac13bc59ae003488be84d2f0c1e57ddb7f39""}","{""python"": ""3.12.10"", ""numpy"": ""2.5.1"", ""pandas"": ""3.0.3"", ""statsmodels"": ""0.14.6"", ""scipy"": ""1.18.0""}"
shard2,386001,73,371,included_final_1000,"(386001, 73)",completed,True,,pooled (real draws),81e9437bee81301cf598ccadda508c9ac9305bf4,"{""finite_shot_end_to_end.parquet"": ""22b5e761f461c6bfde7a60a4efa7ac13bc59ae003488be84d2f0c1e57ddb7f39""}","{""python"": ""3.12.10"", ""numpy"": ""2.5.1"", ""pandas"": ""3.0.3"", ""statsmodels"": ""0.14.6"", ""scipy"": ""1.18.0""}"
shard2,386001,74,372,included_final_1000,"(386001, 74)",completed,True,,pooled (real draws),81e9437bee81301cf598ccadda508c9ac9305bf4,"{""finite_shot_end_to_end.parquet"": ""22b5e761f461c6bfde7a60a4efa7ac13bc59ae003488be84d2f0c1e57ddb7f39""}","{""python"": ""3.12.10"", ""numpy"": ""2.5.1"", ""pandas"": ""3.0.3"", ""statsmodels"": ""0.14.6"", ""scipy"": ""1.18.0""}"
shard2,386001,75,373,included_final_1000,"(386001, 75)",completed,True,,pooled (real draws),81e9437bee81301cf598ccadda508c9ac9305bf4,"{""finite_shot_end_to_end.parquet"": ""22b5e761f461c6bfde7a60a4efa7ac13bc59ae003488be84d2f0c1e57ddb7f39""}","{""python"": ""3.12.10"", ""numpy"": ""2.5.1"", ""pandas"": ""3.0.3"", ""statsmodels"": ""0.14.6"", ""scipy"": ""1.18.0""}"
shard2,386001,76,374,included_final_1000,"(386001, 76)",completed,True,,pooled (real draws),81e9437bee81301cf598ccadda508c9ac9305bf4,"{""finite_shot_end_to_end.parquet"": ""22b5e761f461c6bfde7a60a4efa7ac13bc59ae003488be84d2f0c1e57ddb7f39""}","{""python"": ""3.12.10"", ""numpy"": ""2.5.1"", ""pandas"": ""3.0.3"", ""statsmodels"": ""0.14.6"", ""scipy"": ""1.18.0""}"
shard2,386001,77,375,included_final_1000,"(386001, 77)",completed,True,,pooled (real draws),81e9437bee81301cf598ccadda508c9ac9305bf4,"{""finite_shot_end_to_end.parquet"": ""22b5e761f461c6bfde7a60a4efa7ac13bc59ae003488be84d2f0c1e57ddb7f39""}","{""python"": ""3.12.10"", ""numpy"": ""2.5.1"", ""pandas"": ""3.0.3"", ""statsmodels"": ""0.14.6"", ""scipy"": ""1.18.0""}"
shard2,386001,78,376,included_final_1000,"(386001, 78)",completed,True,,pooled (real draws),81e9437bee81301cf598ccadda508c9ac9305bf4,"{""finite_shot_end_to_end.parquet"": ""22b5e761f461c6bfde7a60a4efa7ac13bc59ae003488be84d2f0c1e57ddb7f39""}","{""python"": ""3.12.10"", ""numpy"": ""2.5.1"", ""pandas"": ""3.0.3"", ""statsmodels"": ""0.14.6"", ""scipy"": ""1.18.0""}"
shard2,386001,79,377,included_final_1000,"(386001, 79)",completed,True,,pooled (real draws),81e9437bee81301cf598ccadda508c9ac9305bf4,"{""finite_shot_end_to_end.parquet"": ""22b5e761f461c6bfde7a60a4efa7ac13bc59ae003488be84d2f0c1e57ddb7f39""}","{""python"": ""3.12.10"", ""numpy"": ""2.5.1"", ""pandas"": ""3.0.3"", ""statsmodels"": ""0.14.6"", ""scipy"": ""1.18.0""}"
shard2,386001,80,378,included_final_1000,"(386001, 80)",completed,True,,pooled (real draws),81e9437bee81301cf598ccadda508c9ac9305bf4,"{""finite_shot_end_to_end.parquet"": ""22b5e761f461c6bfde7a60a4efa7ac13bc59ae003488be84d2f0c1e57ddb7f39""}","{""python"": ""3.12.10"", ""numpy"": ""2.5.1"", ""pandas"": ""3.0.3"", ""statsmodels"": ""0.14.6"", ""scipy"": ""1.18.0""}"
shard2,386001,81,379,included_final_1000,"(386001, 81)",completed,True,,pooled (real draws),81e9437bee81301cf598ccadda508c9ac9305bf4,"{""finite_shot_end_to_end.parquet"": ""22b5e761f461c6bfde7a60a4efa7ac13bc59ae003488be84d2f0c1e57ddb7f39""}","{""python"": ""3.12.10"", ""numpy"": ""2.5.1"", ""pandas"": ""3.0.3"", ""statsmodels"": ""0.14.6"", ""scipy"": ""1.18.0""}"
shard2,386001,82,380,included_final_1000,"(386001, 82)",completed,True,,pooled (real draws),81e9437bee81301cf598ccadda508c9ac9305bf4,"{""finite_shot_end_to_end.parquet"": ""22b5e761f461c6bfde7a60a4efa7ac13bc59ae003488be84d2f0c1e57ddb7f39""}","{""python"": ""3.12.10"", ""numpy"": ""2.5.1"", ""pandas"": ""3.0.3"", ""statsmodels"": ""0.14.6"", ""scipy"": ""1.18.0""}"
shard2,386001,83,381,included_final_1000,"(386001, 83)",completed,True,,pooled (real draws),81e9437bee81301cf598ccadda508c9ac9305bf4,"{""finite_shot_end_to_end.parquet"": ""22b5e761f461c6bfde7a60a4efa7ac13bc59ae003488be84d2f0c1e57ddb7f39""}","{""python"": ""3.12.10"", ""numpy"": ""2.5.1"", ""pandas"": ""3.0.3"", ""statsmodels"": ""0.14.6"", ""scipy"": ""1.18.0""}"
shard2,386001,84,382,included_final_1000,"(386001, 84)",completed,True,,pooled (real draws),81e9437bee81301cf598ccadda508c9ac9305bf4,"{""finite_shot_end_to_end.parquet"": ""22b5e761f461c6bfde7a60a4efa7ac13bc59ae003488be84d2f0c1e57ddb7f39""}","{""python"": ""3.12.10"", ""numpy"": ""2.5.1"", ""pandas"": ""3.0.3"", ""statsmodels"": ""0.14.6"", ""scipy"": ""1.18.0""}"
shard2,386001,85,383,included_final_1000,"(386001, 85)",completed,True,,pooled (real draws),81e9437bee81301cf598ccadda508c9ac9305bf4,"{""finite_shot_end_to_end.parquet"": ""22b5e761f461c6bfde7a60a4efa7ac13bc59ae003488be84d2f0c1e57ddb7f39""}","{""python"": ""3.12.10"", ""numpy"": ""2.5.1"", ""pandas"": ""3.0.3"", ""statsmodels"": ""0.14.6"", ""scipy"": ""1.18.0""}"
shard2,386001,86,384,included_final_1000,"(386001, 86)",completed,True,,pooled (real draws),81e9437bee81301cf598ccadda508c9ac9305bf4,"{""finite_shot_end_to_end.parquet"": ""22b5e761f461c6bfde7a60a4efa7ac13bc59ae003488be84d2f0c1e57ddb7f39""}","{""python"": ""3.12.10"", ""numpy"": ""2.5.1"", ""pandas"": ""3.0.3"", ""statsmodels"": ""0.14.6"", ""scipy"": ""1.18.0""}"
shard2,386001,87,385,included_final_1000,"(386001, 87)",completed,True,,pooled (real draws),81e9437bee81301cf598ccadda508c9ac9305bf4,"{""finite_shot_end_to_end.parquet"": ""22b5e761f461c6bfde7a60a4efa7ac13bc59ae003488be84d2f0c1e57ddb7f39""}","{""python"": ""3.12.10"", ""numpy"": ""2.5.1"", ""pandas"": ""3.0.3"", ""statsmodels"": ""0.14.6"", ""scipy"": ""1.18.0""}"
shard2,386001,88,386,included_final_1000,"(386001, 88)",completed,True,,pooled (real draws),81e9437bee81301cf598ccadda508c9ac9305bf4,"{""finite_shot_end_to_end.parquet"": ""22b5e761f461c6bfde7a60a4efa7ac13bc59ae003488be84d2f0c1e57ddb7f39""}","{""python"": ""3.12.10"", ""numpy"": ""2.5.1"", ""pandas"": ""3.0.3"", ""statsmodels"": ""0.14.6"", ""scipy"": ""1.18.0""}"
shard2,386001,89,387,included_final_1000,"(386001, 89)",completed,True,,pooled (real draws),81e9437bee81301cf598ccadda508c9ac9305bf4,"{""finite_shot_end_to_end.parquet"": ""22b5e761f461c6bfde7a60a4efa7ac13bc59ae003488be84d2f0c1e57ddb7f39""}","{""python"": ""3.12.10"", ""numpy"": ""2.5.1"", ""pandas"": ""3.0.3"", ""statsmodels"": ""0.14.6"", ""scipy"": ""1.18.0""}"
shard2,386001,90,388,included_final_1000,"(386001, 90)",completed,True,,pooled (real draws),81e9437bee81301cf598ccadda508c9ac9305bf4,"{""finite_shot_end_to_end.parquet"": ""22b5e761f461c6bfde7a60a4efa7ac13bc59ae003488be84d2f0c1e57ddb7f39""}","{""python"": ""3.12.10"", ""numpy"": ""2.5.1"", ""pandas"": ""3.0.3"", ""statsmodels"": ""0.14.6"", ""scipy"": ""1.18.0""}"
shard2,386001,91,389,included_final_1000,"(386001, 91)",completed,True,,pooled (real draws),81e9437bee81301cf598ccadda508c9ac9305bf4,"{""finite_shot_end_to_end.parquet"": ""22b5e761f461c6bfde7a60a4efa7ac13bc59ae003488be84d2f0c1e57ddb7f39""}","{""python"": ""3.12.10"", ""numpy"": ""2.5.1"", ""pandas"": ""3.0.3"", ""statsmodels"": ""0.14.6"", ""scipy"": ""1.18.0""}"
shard2,386001,92,390,included_final_1000,"(386001, 92)",completed,True,,pooled (real draws),81e9437bee81301cf598ccadda508c9ac9305bf4,"{""finite_shot_end_to_end.parquet"": ""22b5e761f461c6bfde7a60a4efa7ac13bc59ae003488be84d2f0c1e57ddb7f39""}","{""python"": ""3.12.10"", ""numpy"": ""2.5.1"", ""pandas"": ""3.0.3"", ""statsmodels"": ""0.14.6"", ""scipy"": ""1.18.0""}"
shard2,386001,93,391,included_final_1000,"(386001, 93)",completed,True,,pooled (real draws),81e9437bee81301cf598ccadda508c9ac9305bf4,"{""finite_shot_end_to_end.parquet"": ""22b5e761f461c6bfde7a60a4efa7ac13bc59ae003488be84d2f0c1e57ddb7f39""}","{""python"": ""3.12.10"", ""numpy"": ""2.5.1"", ""pandas"": ""3.0.3"", ""statsmodels"": ""0.14.6"", ""scipy"": ""1.18.0""}"
shard2,386001,94,392,included_final_1000,"(386001, 94)",completed,True,,pooled (real draws),81e9437bee81301cf598ccadda508c9ac9305bf4,"{""finite_shot_end_to_end.parquet"": ""22b5e761f461c6bfde7a60a4efa7ac13bc59ae003488be84d2f0c1e57ddb7f39""}","{""python"": ""3.12.10"", ""numpy"": ""2.5.1"", ""pandas"": ""3.0.3"", ""statsmodels"": ""0.14.6"", ""scipy"": ""1.18.0""}"
shard2,386001,95,393,included_final_1000,"(386001, 95)",completed,True,,pooled (real draws),81e9437bee81301cf598ccadda508c9ac9305bf4,"{""finite_shot_end_to_end.parquet"": ""22b5e761f461c6bfde7a60a4efa7ac13bc59ae003488be84d2f0c1e57ddb7f39""}","{""python"": ""3.12.10"", ""numpy"": ""2.5.1"", ""pandas"": ""3.0.3"", ""statsmodels"": ""0.14.6"", ""scipy"": ""1.18.0""}"
shard2,386001,96,394,included_final_1000,"(386001, 96)",completed,True,,pooled (real draws),81e9437bee81301cf598ccadda508c9ac9305bf4,"{""finite_shot_end_to_end.parquet"": ""22b5e761f461c6bfde7a60a4efa7ac13bc59ae003488be84d2f0c1e57ddb7f39""}","{""python"": ""3.12.10"", ""numpy"": ""2.5.1"", ""pandas"": ""3.0.3"", ""statsmodels"": ""0.14.6"", ""scipy"": ""1.18.0""}"
shard2,386001,97,395,included_final_1000,"(386001, 97)",completed,True,,pooled (real draws),81e9437bee81301cf598ccadda508c9ac9305bf4,"{""finite_shot_end_to_end.parquet"": ""22b5e761f461c6bfde7a60a4efa7ac13bc59ae003488be84d2f0c1e57ddb7f39""}","{""python"": ""3.12.10"", ""numpy"": ""2.5.1"", ""pandas"": ""3.0.3"", ""statsmodels"": ""0.14.6"", ""scipy"": ""1.18.0""}"
shard2,386001,98,396,included_final_1000,"(386001, 98)",completed,True,,pooled (real draws),81e9437bee81301cf598ccadda508c9ac9305bf4,"{""finite_shot_end_to_end.parquet"": ""22b5e761f461c6bfde7a60a4efa7ac13bc59ae003488be84d2f0c1e57ddb7f39""}","{""python"": ""3.12.10"", ""numpy"": ""2.5.1"", ""pandas"": ""3.0.3"", ""statsmodels"": ""0.14.6"", ""scipy"": ""1.18.0""}"
shard2,386001,99,397,included_final_1000,"(386001, 99)",completed,True,,pooled (real draws),81e9437bee81301cf598ccadda508c9ac9305bf4,"{""finite_shot_end_to_end.parquet"": ""22b5e761f461c6bfde7a60a4efa7ac13bc59ae003488be84d2f0c1e57ddb7f39""}","{""python"": ""3.12.10"", ""numpy"": ""2.5.1"", ""pandas"": ""3.0.3"", ""statsmodels"": ""0.14.6"", ""scipy"": ""1.18.0""}"
shard2,386001,100,398,included_final_1000,"(386001, 100)",completed,True,,pooled (real draws),81e9437bee81301cf598ccadda508c9ac9305bf4,"{""finite_shot_end_to_end.parquet"": ""22b5e761f461c6bfde7a60a4efa7ac13bc59ae003488be84d2f0c1e57ddb7f39""}","{""python"": ""3.12.10"", ""numpy"": ""2.5.1"", ""pandas"": ""3.0.3"", ""statsmodels"": ""0.14.6"", ""scipy"": ""1.18.0""}"
shard2,386001,101,399,included_final_1000,"(386001, 101)",completed,True,,pooled (real draws),81e9437bee81301cf598ccadda508c9ac9305bf4,"{""finite_shot_end_to_end.parquet"": ""22b5e761f461c6bfde7a60a4efa7ac13bc59ae003488be84d2f0c1e57ddb7f39""}","{""python"": ""3.12.10"", ""numpy"": ""2.5.1"", ""pandas"": ""3.0.3"", ""statsmodels"": ""0.14.6"", ""scipy"": ""1.18.0""}"
shard2,386001,102,400,included_final_1000,"(386001, 102)",completed,True,,pooled (real draws),81e9437bee81301cf598ccadda508c9ac9305bf4,"{""finite_shot_end_to_end.parquet"": ""22b5e761f461c6bfde7a60a4efa7ac13bc59ae003488be84d2f0c1e57ddb7f39""}","{""python"": ""3.12.10"", ""numpy"": ""2.5.1"", ""pandas"": ""3.0.3"", ""statsmodels"": ""0.14.6"", ""scipy"": ""1.18.0""}"
shard2,386001,103,401,included_final_1000,"(386001, 103)",completed,True,,pooled (real draws),81e9437bee81301cf598ccadda508c9ac9305bf4,"{""finite_shot_end_to_end.parquet"": ""22b5e761f461c6bfde7a60a4efa7ac13bc59ae003488be84d2f0c1e57ddb7f39""}","{""python"": ""3.12.10"", ""numpy"": ""2.5.1"", ""pandas"": ""3.0.3"", ""statsmodels"": ""0.14.6"", ""scipy"": ""1.18.0""}"
shard2,386001,104,402,included_final_1000,"(386001, 104)",completed,True,,pooled (real draws),81e9437bee81301cf598ccadda508c9ac9305bf4,"{""finite_shot_end_to_end.parquet"": ""22b5e761f461c6bfde7a60a4efa7ac13bc59ae003488be84d2f0c1e57ddb7f39""}","{""python"": ""3.12.10"", ""numpy"": ""2.5.1"", ""pandas"": ""3.0.3"", ""statsmodels"": ""0.14.6"", ""scipy"": ""1.18.0""}"
shard2,386001,105,403,included_final_1000,"(386001, 105)",completed,True,,pooled (real draws),81e9437bee81301cf598ccadda508c9ac9305bf4,"{""finite_shot_end_to_end.parquet"": ""22b5e761f461c6bfde7a60a4efa7ac13bc59ae003488be84d2f0c1e57ddb7f39""}","{""python"": ""3.12.10"", ""numpy"": ""2.5.1"", ""pandas"": ""3.0.3"", ""statsmodels"": ""0.14.6"", ""scipy"": ""1.18.0""}"
shard2,386001,106,404,included_final_1000,"(386001, 106)",completed,True,,pooled (real draws),81e9437bee81301cf598ccadda508c9ac9305bf4,"{""finite_shot_end_to_end.parquet"": ""22b5e761f461c6bfde7a60a4efa7ac13bc59ae003488be84d2f0c1e57ddb7f39""}","{""python"": ""3.12.10"", ""numpy"": ""2.5.1"", ""pandas"": ""3.0.3"", ""statsmodels"": ""0.14.6"", ""scipy"": ""1.18.0""}"
shard2,386001,107,405,included_final_1000,"(386001, 107)",completed,True,,pooled (real draws),81e9437bee81301cf598ccadda508c9ac9305bf4,"{""finite_shot_end_to_end.parquet"": ""22b5e761f461c6bfde7a60a4efa7ac13bc59ae003488be84d2f0c1e57ddb7f39""}","{""python"": ""3.12.10"", ""numpy"": ""2.5.1"", ""pandas"": ""3.0.3"", ""statsmodels"": ""0.14.6"", ""scipy"": ""1.18.0""}"
shard2,386001,108,406,included_final_1000,"(386001, 108)",completed,True,,pooled (real draws),81e9437bee81301cf598ccadda508c9ac9305bf4,"{""finite_shot_end_to_end.parquet"": ""22b5e761f461c6bfde7a60a4efa7ac13bc59ae003488be84d2f0c1e57ddb7f39""}","{""python"": ""3.12.10"", ""numpy"": ""2.5.1"", ""pandas"": ""3.0.3"", ""statsmodels"": ""0.14.6"", ""scipy"": ""1.18.0""}"
shard2,386001,109,407,included_final_1000,"(386001, 109)",completed,True,,pooled (real draws),81e9437bee81301cf598ccadda508c9ac9305bf4,"{""finite_shot_end_to_end.parquet"": ""22b5e761f461c6bfde7a60a4efa7ac13bc59ae003488be84d2f0c1e57ddb7f39""}","{""python"": ""3.12.10"", ""numpy"": ""2.5.1"", ""pandas"": ""3.0.3"", ""statsmodels"": ""0.14.6"", ""scipy"": ""1.18.0""}"
shard2,386001,110,408,included_final_1000,"(386001, 110)",completed,True,,pooled (real draws),81e9437bee81301cf598ccadda508c9ac9305bf4,"{""finite_shot_end_to_end.parquet"": ""22b5e761f461c6bfde7a60a4efa7ac13bc59ae003488be84d2f0c1e57ddb7f39""}","{""python"": ""3.12.10"", ""numpy"": ""2.5.1"", ""pandas"": ""3.0.3"", ""statsmodels"": ""0.14.6"", ""scipy"": ""1.18.0""}"
shard2,386001,111,409,included_final_1000,"(386001, 111)",completed,True,,pooled (real draws),81e9437bee81301cf598ccadda508c9ac9305bf4,"{""finite_shot_end_to_end.parquet"": ""22b5e761f461c6bfde7a60a4efa7ac13bc59ae003488be84d2f0c1e57ddb7f39""}","{""python"": ""3.12.10"", ""numpy"": ""2.5.1"", ""pandas"": ""3.0.3"", ""statsmodels"": ""0.14.6"", ""scipy"": ""1.18.0""}"
shard2,386001,112,410,included_final_1000,"(386001, 112)",completed,True,,pooled (real draws),81e9437bee81301cf598ccadda508c9ac9305bf4,"{""finite_shot_end_to_end.parquet"": ""22b5e761f461c6bfde7a60a4efa7ac13bc59ae003488be84d2f0c1e57ddb7f39""}","{""python"": ""3.12.10"", ""numpy"": ""2.5.1"", ""pandas"": ""3.0.3"", ""statsmodels"": ""0.14.6"", ""scipy"": ""1.18.0""}"
shard2,386001,113,411,included_final_1000,"(386001, 113)",completed,True,,pooled (real draws),81e9437bee81301cf598ccadda508c9ac9305bf4,"{""finite_shot_end_to_end.parquet"": ""22b5e761f461c6bfde7a60a4efa7ac13bc59ae003488be84d2f0c1e57ddb7f39""}","{""python"": ""3.12.10"", ""numpy"": ""2.5.1"", ""pandas"": ""3.0.3"", ""statsmodels"": ""0.14.6"", ""scipy"": ""1.18.0""}"
shard2,386001,114,412,included_final_1000,"(386001, 114)",completed,True,,pooled (real draws),81e9437bee81301cf598ccadda508c9ac9305bf4,"{""finite_shot_end_to_end.parquet"": ""22b5e761f461c6bfde7a60a4efa7ac13bc59ae003488be84d2f0c1e57ddb7f39""}","{""python"": ""3.12.10"", ""numpy"": ""2.5.1"", ""pandas"": ""3.0.3"", ""statsmodels"": ""0.14.6"", ""scipy"": ""1.18.0""}"
shard2,386001,115,413,included_final_1000,"(386001, 115)",completed,True,,pooled (real draws),81e9437bee81301cf598ccadda508c9ac9305bf4,"{""finite_shot_end_to_end.parquet"": ""22b5e761f461c6bfde7a60a4efa7ac13bc59ae003488be84d2f0c1e57ddb7f39""}","{""python"": ""3.12.10"", ""numpy"": ""2.5.1"", ""pandas"": ""3.0.3"", ""statsmodels"": ""0.14.6"", ""scipy"": ""1.18.0""}"
shard2,386001,116,414,included_final_1000,"(386001, 116)",completed,True,,pooled (real draws),81e9437bee81301cf598ccadda508c9ac9305bf4,"{""finite_shot_end_to_end.parquet"": ""22b5e761f461c6bfde7a60a4efa7ac13bc59ae003488be84d2f0c1e57ddb7f39""}","{""python"": ""3.12.10"", ""numpy"": ""2.5.1"", ""pandas"": ""3.0.3"", ""statsmodels"": ""0.14.6"", ""scipy"": ""1.18.0""}"
shard2,386001,117,415,included_final_1000,"(386001, 117)",completed,True,,pooled (real draws),81e9437bee81301cf598ccadda508c9ac9305bf4,"{""finite_shot_end_to_end.parquet"": ""22b5e761f461c6bfde7a60a4efa7ac13bc59ae003488be84d2f0c1e57ddb7f39""}","{""python"": ""3.12.10"", ""numpy"": ""2.5.1"", ""pandas"": ""3.0.3"", ""statsmodels"": ""0.14.6"", ""scipy"": ""1.18.0""}"
shard2,386001,118,416,included_final_1000,"(386001, 118)",completed,True,,pooled (real draws),81e9437bee81301cf598ccadda508c9ac9305bf4,"{""finite_shot_end_to_end.parquet"": ""22b5e761f461c6bfde7a60a4efa7ac13bc59ae003488be84d2f0c1e57ddb7f39""}","{""python"": ""3.12.10"", ""numpy"": ""2.5.1"", ""pandas"": ""3.0.3"", ""statsmodels"": ""0.14.6"", ""scipy"": ""1.18.0""}"
shard2,386001,119,417,included_final_1000,"(386001, 119)",completed,True,,pooled (real draws),81e9437bee81301cf598ccadda508c9ac9305bf4,"{""finite_shot_end_to_end.parquet"": ""22b5e761f461c6bfde7a60a4efa7ac13bc59ae003488be84d2f0c1e57ddb7f39""}","{""python"": ""3.12.10"", ""numpy"": ""2.5.1"", ""pandas"": ""3.0.3"", ""statsmodels"": ""0.14.6"", ""scipy"": ""1.18.0""}"
shard2,386001,120,418,included_final_1000,"(386001, 120)",completed,True,,pooled (real draws),81e9437bee81301cf598ccadda508c9ac9305bf4,"{""finite_shot_end_to_end.parquet"": ""22b5e761f461c6bfde7a60a4efa7ac13bc59ae003488be84d2f0c1e57ddb7f39""}","{""python"": ""3.12.10"", ""numpy"": ""2.5.1"", ""pandas"": ""3.0.3"", ""statsmodels"": ""0.14.6"", ""scipy"": ""1.18.0""}"
shard2,386001,121,419,included_final_1000,"(386001, 121)",completed,True,,pooled (real draws),81e9437bee81301cf598ccadda508c9ac9305bf4,"{""finite_shot_end_to_end.parquet"": ""22b5e761f461c6bfde7a60a4efa7ac13bc59ae003488be84d2f0c1e57ddb7f39""}","{""python"": ""3.12.10"", ""numpy"": ""2.5.1"", ""pandas"": ""3.0.3"", ""statsmodels"": ""0.14.6"", ""scipy"": ""1.18.0""}"
shard2,386001,122,420,included_final_1000,"(386001, 122)",completed,True,,pooled (real draws),81e9437bee81301cf598ccadda508c9ac9305bf4,"{""finite_shot_end_to_end.parquet"": ""22b5e761f461c6bfde7a60a4efa7ac13bc59ae003488be84d2f0c1e57ddb7f39""}","{""python"": ""3.12.10"", ""numpy"": ""2.5.1"", ""pandas"": ""3.0.3"", ""statsmodels"": ""0.14.6"", ""scipy"": ""1.18.0""}"
shard2,386001,123,421,included_final_1000,"(386001, 123)",completed,True,,pooled (real draws),81e9437bee81301cf598ccadda508c9ac9305bf4,"{""finite_shot_end_to_end.parquet"": ""22b5e761f461c6bfde7a60a4efa7ac13bc59ae003488be84d2f0c1e57ddb7f39""}","{""python"": ""3.12.10"", ""numpy"": ""2.5.1"", ""pandas"": ""3.0.3"", ""statsmodels"": ""0.14.6"", ""scipy"": ""1.18.0""}"
shard2,386001,124,422,included_final_1000,"(386001, 124)",completed,True,,pooled (real draws),81e9437bee81301cf598ccadda508c9ac9305bf4,"{""finite_shot_end_to_end.parquet"": ""22b5e761f461c6bfde7a60a4efa7ac13bc59ae003488be84d2f0c1e57ddb7f39""}","{""python"": ""3.12.10"", ""numpy"": ""2.5.1"", ""pandas"": ""3.0.3"", ""statsmodels"": ""0.14.6"", ""scipy"": ""1.18.0""}"
shard2,386001,125,423,included_final_1000,"(386001, 125)",completed,True,,pooled (real draws),81e9437bee81301cf598ccadda508c9ac9305bf4,"{""finite_shot_end_to_end.parquet"": ""22b5e761f461c6bfde7a60a4efa7ac13bc59ae003488be84d2f0c1e57ddb7f39""}","{""python"": ""3.12.10"", ""numpy"": ""2.5.1"", ""pandas"": ""3.0.3"", ""statsmodels"": ""0.14.6"", ""scipy"": ""1.18.0""}"
shard2,386001,126,424,included_final_1000,"(386001, 126)",completed,True,,pooled (real draws),81e9437bee81301cf598ccadda508c9ac9305bf4,"{""finite_shot_end_to_end.parquet"": ""22b5e761f461c6bfde7a60a4efa7ac13bc59ae003488be84d2f0c1e57ddb7f39""}","{""python"": ""3.12.10"", ""numpy"": ""2.5.1"", ""pandas"": ""3.0.3"", ""statsmodels"": ""0.14.6"", ""scipy"": ""1.18.0""}"
shard2,386001,127,425,included_final_1000,"(386001, 127)",completed,True,,pooled (real draws),81e9437bee81301cf598ccadda508c9ac9305bf4,"{""finite_shot_end_to_end.parquet"": ""22b5e761f461c6bfde7a60a4efa7ac13bc59ae003488be84d2f0c1e57ddb7f39""}","{""python"": ""3.12.10"", ""numpy"": ""2.5.1"", ""pandas"": ""3.0.3"", ""statsmodels"": ""0.14.6"", ""scipy"": ""1.18.0""}"
shard2,386001,128,426,included_final_1000,"(386001, 128)",completed,True,,pooled (real draws),81e9437bee81301cf598ccadda508c9ac9305bf4,"{""finite_shot_end_to_end.parquet"": ""22b5e761f461c6bfde7a60a4efa7ac13bc59ae003488be84d2f0c1e57ddb7f39""}","{""python"": ""3.12.10"", ""numpy"": ""2.5.1"", ""pandas"": ""3.0.3"", ""statsmodels"": ""0.14.6"", ""scipy"": ""1.18.0""}"
shard2,386001,129,427,included_final_1000,"(386001, 129)",completed,True,,pooled (real draws),81e9437bee81301cf598ccadda508c9ac9305bf4,"{""finite_shot_end_to_end.parquet"": ""22b5e761f461c6bfde7a60a4efa7ac13bc59ae003488be84d2f0c1e57ddb7f39""}","{""python"": ""3.12.10"", ""numpy"": ""2.5.1"", ""pandas"": ""3.0.3"", ""statsmodels"": ""0.14.6"", ""scipy"": ""1.18.0""}"
shard2,386001,130,428,included_final_1000,"(386001, 130)",completed,True,,pooled (real draws),81e9437bee81301cf598ccadda508c9ac9305bf4,"{""finite_shot_end_to_end.parquet"": ""22b5e761f461c6bfde7a60a4efa7ac13bc59ae003488be84d2f0c1e57ddb7f39""}","{""python"": ""3.12.10"", ""numpy"": ""2.5.1"", ""pandas"": ""3.0.3"", ""statsmodels"": ""0.14.6"", ""scipy"": ""1.18.0""}"
shard2,386001,131,429,included_final_1000,"(386001, 131)",completed,True,,pooled (real draws),81e9437bee81301cf598ccadda508c9ac9305bf4,"{""finite_shot_end_to_end.parquet"": ""22b5e761f461c6bfde7a60a4efa7ac13bc59ae003488be84d2f0c1e57ddb7f39""}","{""python"": ""3.12.10"", ""numpy"": ""2.5.1"", ""pandas"": ""3.0.3"", ""statsmodels"": ""0.14.6"", ""scipy"": ""1.18.0""}"
shard2,386001,132,430,included_final_1000,"(386001, 132)",completed,True,,pooled (real draws),81e9437bee81301cf598ccadda508c9ac9305bf4,"{""finite_shot_end_to_end.parquet"": ""22b5e761f461c6bfde7a60a4efa7ac13bc59ae003488be84d2f0c1e57ddb7f39""}","{""python"": ""3.12.10"", ""numpy"": ""2.5.1"", ""pandas"": ""3.0.3"", ""statsmodels"": ""0.14.6"", ""scipy"": ""1.18.0""}"
shard2,386001,133,431,included_final_1000,"(386001, 133)",completed,True,,pooled (real draws),81e9437bee81301cf598ccadda508c9ac9305bf4,"{""finite_shot_end_to_end.parquet"": ""22b5e761f461c6bfde7a60a4efa7ac13bc59ae003488be84d2f0c1e57ddb7f39""}","{""python"": ""3.12.10"", ""numpy"": ""2.5.1"", ""pandas"": ""3.0.3"", ""statsmodels"": ""0.14.6"", ""scipy"": ""1.18.0""}"
shard2,386001,134,432,included_final_1000,"(386001, 134)",completed,True,,pooled (real draws),81e9437bee81301cf598ccadda508c9ac9305bf4,"{""finite_shot_end_to_end.parquet"": ""22b5e761f461c6bfde7a60a4efa7ac13bc59ae003488be84d2f0c1e57ddb7f39""}","{""python"": ""3.12.10"", ""numpy"": ""2.5.1"", ""pandas"": ""3.0.3"", ""statsmodels"": ""0.14.6"", ""scipy"": ""1.18.0""}"
shard2,386001,135,433,included_final_1000,"(386001, 135)",completed,True,,pooled (real draws),81e9437bee81301cf598ccadda508c9ac9305bf4,"{""finite_shot_end_to_end.parquet"": ""22b5e761f461c6bfde7a60a4efa7ac13bc59ae003488be84d2f0c1e57ddb7f39""}","{""python"": ""3.12.10"", ""numpy"": ""2.5.1"", ""pandas"": ""3.0.3"", ""statsmodels"": ""0.14.6"", ""scipy"": ""1.18.0""}"
shard2,386001,136,434,included_final_1000,"(386001, 136)",completed,True,,pooled (real draws),81e9437bee81301cf598ccadda508c9ac9305bf4,"{""finite_shot_end_to_end.parquet"": ""22b5e761f461c6bfde7a60a4efa7ac13bc59ae003488be84d2f0c1e57ddb7f39""}","{""python"": ""3.12.10"", ""numpy"": ""2.5.1"", ""pandas"": ""3.0.3"", ""statsmodels"": ""0.14.6"", ""scipy"": ""1.18.0""}"
shard2,386001,137,435,included_final_1000,"(386001, 137)",completed,True,,pooled (real draws),81e9437bee81301cf598ccadda508c9ac9305bf4,"{""finite_shot_end_to_end.parquet"": ""22b5e761f461c6bfde7a60a4efa7ac13bc59ae003488be84d2f0c1e57ddb7f39""}","{""python"": ""3.12.10"", ""numpy"": ""2.5.1"", ""pandas"": ""3.0.3"", ""statsmodels"": ""0.14.6"", ""scipy"": ""1.18.0""}"
shard2,386001,138,436,included_final_1000,"(386001, 138)",completed,True,,pooled (real draws),81e9437bee81301cf598ccadda508c9ac9305bf4,"{""finite_shot_end_to_end.parquet"": ""22b5e761f461c6bfde7a60a4efa7ac13bc59ae003488be84d2f0c1e57ddb7f39""}","{""python"": ""3.12.10"", ""numpy"": ""2.5.1"", ""pandas"": ""3.0.3"", ""statsmodels"": ""0.14.6"", ""scipy"": ""1.18.0""}"
shard2,386001,139,437,included_final_1000,"(386001, 139)",completed,True,,pooled (real draws),81e9437bee81301cf598ccadda508c9ac9305bf4,"{""finite_shot_end_to_end.parquet"": ""22b5e761f461c6bfde7a60a4efa7ac13bc59ae003488be84d2f0c1e57ddb7f39""}","{""python"": ""3.12.10"", ""numpy"": ""2.5.1"", ""pandas"": ""3.0.3"", ""statsmodels"": ""0.14.6"", ""scipy"": ""1.18.0""}"
shard2,386001,140,438,included_final_1000,"(386001, 140)",completed,True,,pooled (real draws),81e9437bee81301cf598ccadda508c9ac9305bf4,"{""finite_shot_end_to_end.parquet"": ""22b5e761f461c6bfde7a60a4efa7ac13bc59ae003488be84d2f0c1e57ddb7f39""}","{""python"": ""3.12.10"", ""numpy"": ""2.5.1"", ""pandas"": ""3.0.3"", ""statsmodels"": ""0.14.6"", ""scipy"": ""1.18.0""}"
shard2,386001,141,439,included_final_1000,"(386001, 141)",completed,True,,pooled (real draws),81e9437bee81301cf598ccadda508c9ac9305bf4,"{""finite_shot_end_to_end.parquet"": ""22b5e761f461c6bfde7a60a4efa7ac13bc59ae003488be84d2f0c1e57ddb7f39""}","{""python"": ""3.12.10"", ""numpy"": ""2.5.1"", ""pandas"": ""3.0.3"", ""statsmodels"": ""0.14.6"", ""scipy"": ""1.18.0""}"
shard2,386001,142,440,included_final_1000,"(386001, 142)",completed,True,,pooled (real draws),81e9437bee81301cf598ccadda508c9ac9305bf4,"{""finite_shot_end_to_end.parquet"": ""22b5e761f461c6bfde7a60a4efa7ac13bc59ae003488be84d2f0c1e57ddb7f39""}","{""python"": ""3.12.10"", ""numpy"": ""2.5.1"", ""pandas"": ""3.0.3"", ""statsmodels"": ""0.14.6"", ""scipy"": ""1.18.0""}"
shard2,386001,143,441,included_final_1000,"(386001, 143)",completed,True,,pooled (real draws),81e9437bee81301cf598ccadda508c9ac9305bf4,"{""finite_shot_end_to_end.parquet"": ""22b5e761f461c6bfde7a60a4efa7ac13bc59ae003488be84d2f0c1e57ddb7f39""}","{""python"": ""3.12.10"", ""numpy"": ""2.5.1"", ""pandas"": ""3.0.3"", ""statsmodels"": ""0.14.6"", ""scipy"": ""1.18.0""}"
shard2,386001,144,442,included_final_1000,"(386001, 144)",completed,True,,pooled (real draws),81e9437bee81301cf598ccadda508c9ac9305bf4,"{""finite_shot_end_to_end.parquet"": ""22b5e761f461c6bfde7a60a4efa7ac13bc59ae003488be84d2f0c1e57ddb7f39""}","{""python"": ""3.12.10"", ""numpy"": ""2.5.1"", ""pandas"": ""3.0.3"", ""statsmodels"": ""0.14.6"", ""scipy"": ""1.18.0""}"
shard3,396001,0,443,included_final_1000,"(396001, 0)",completed,True,,pooled (real draws),81e9437bee81301cf598ccadda508c9ac9305bf4,"{""finite_shot_end_to_end.parquet"": ""22b5e761f461c6bfde7a60a4efa7ac13bc59ae003488be84d2f0c1e57ddb7f39""}","{""python"": ""3.12.10"", ""numpy"": ""2.5.1"", ""pandas"": ""3.0.3"", ""statsmodels"": ""0.14.6"", ""scipy"": ""1.18.0""}"
shard3,396001,1,444,included_final_1000,"(396001, 1)",completed,True,,pooled (real draws),81e9437bee81301cf598ccadda508c9ac9305bf4,"{""finite_shot_end_to_end.parquet"": ""22b5e761f461c6bfde7a60a4efa7ac13bc59ae003488be84d2f0c1e57ddb7f39""}","{""python"": ""3.12.10"", ""numpy"": ""2.5.1"", ""pandas"": ""3.0.3"", ""statsmodels"": ""0.14.6"", ""scipy"": ""1.18.0""}"
shard3,396001,2,445,included_final_1000,"(396001, 2)",completed,True,,pooled (real draws),81e9437bee81301cf598ccadda508c9ac9305bf4,"{""finite_shot_end_to_end.parquet"": ""22b5e761f461c6bfde7a60a4efa7ac13bc59ae003488be84d2f0c1e57ddb7f39""}","{""python"": ""3.12.10"", ""numpy"": ""2.5.1"", ""pandas"": ""3.0.3"", ""statsmodels"": ""0.14.6"", ""scipy"": ""1.18.0""}"
shard3,396001,3,446,included_final_1000,"(396001, 3)",completed,True,,pooled (real draws),81e9437bee81301cf598ccadda508c9ac9305bf4,"{""finite_shot_end_to_end.parquet"": ""22b5e761f461c6bfde7a60a4efa7ac13bc59ae003488be84d2f0c1e57ddb7f39""}","{""python"": ""3.12.10"", ""numpy"": ""2.5.1"", ""pandas"": ""3.0.3"", ""statsmodels"": ""0.14.6"", ""scipy"": ""1.18.0""}"
shard3,396001,4,447,included_final_1000,"(396001, 4)",completed,True,,pooled (real draws),81e9437bee81301cf598ccadda508c9ac9305bf4,"{""finite_shot_end_to_end.parquet"": ""22b5e761f461c6bfde7a60a4efa7ac13bc59ae003488be84d2f0c1e57ddb7f39""}","{""python"": ""3.12.10"", ""numpy"": ""2.5.1"", ""pandas"": ""3.0.3"", ""statsmodels"": ""0.14.6"", ""scipy"": ""1.18.0""}"
shard3,396001,5,448,included_final_1000,"(396001, 5)",completed,True,,pooled (real draws),81e9437bee81301cf598ccadda508c9ac9305bf4,"{""finite_shot_end_to_end.parquet"": ""22b5e761f461c6bfde7a60a4efa7ac13bc59ae003488be84d2f0c1e57ddb7f39""}","{""python"": ""3.12.10"", ""numpy"": ""2.5.1"", ""pandas"": ""3.0.3"", ""statsmodels"": ""0.14.6"", ""scipy"": ""1.18.0""}"
shard3,396001,6,449,included_final_1000,"(396001, 6)",completed,True,,pooled (real draws),81e9437bee81301cf598ccadda508c9ac9305bf4,"{""finite_shot_end_to_end.parquet"": ""22b5e761f461c6bfde7a60a4efa7ac13bc59ae003488be84d2f0c1e57ddb7f39""}","{""python"": ""3.12.10"", ""numpy"": ""2.5.1"", ""pandas"": ""3.0.3"", ""statsmodels"": ""0.14.6"", ""scipy"": ""1.18.0""}"
shard3,396001,7,450,included_final_1000,"(396001, 7)",completed,True,,pooled (real draws),81e9437bee81301cf598ccadda508c9ac9305bf4,"{""finite_shot_end_to_end.parquet"": ""22b5e761f461c6bfde7a60a4efa7ac13bc59ae003488be84d2f0c1e57ddb7f39""}","{""python"": ""3.12.10"", ""numpy"": ""2.5.1"", ""pandas"": ""3.0.3"", ""statsmodels"": ""0.14.6"", ""scipy"": ""1.18.0""}"
shard3,396001,8,451,included_final_1000,"(396001, 8)",completed,True,,pooled (real draws),81e9437bee81301cf598ccadda508c9ac9305bf4,"{""finite_shot_end_to_end.parquet"": ""22b5e761f461c6bfde7a60a4efa7ac13bc59ae003488be84d2f0c1e57ddb7f39""}","{""python"": ""3.12.10"", ""numpy"": ""2.5.1"", ""pandas"": ""3.0.3"", ""statsmodels"": ""0.14.6"", ""scipy"": ""1.18.0""}"
shard3,396001,9,452,included_final_1000,"(396001, 9)",completed,True,,pooled (real draws),81e9437bee81301cf598ccadda508c9ac9305bf4,"{""finite_shot_end_to_end.parquet"": ""22b5e761f461c6bfde7a60a4efa7ac13bc59ae003488be84d2f0c1e57ddb7f39""}","{""python"": ""3.12.10"", ""numpy"": ""2.5.1"", ""pandas"": ""3.0.3"", ""statsmodels"": ""0.14.6"", ""scipy"": ""1.18.0""}"
shard3,396001,10,453,included_final_1000,"(396001, 10)",completed,True,,pooled (real draws),81e9437bee81301cf598ccadda508c9ac9305bf4,"{""finite_shot_end_to_end.parquet"": ""22b5e761f461c6bfde7a60a4efa7ac13bc59ae003488be84d2f0c1e57ddb7f39""}","{""python"": ""3.12.10"", ""numpy"": ""2.5.1"", ""pandas"": ""3.0.3"", ""statsmodels"": ""0.14.6"", ""scipy"": ""1.18.0""}"
shard3,396001,11,454,included_final_1000,"(396001, 11)",completed,True,,pooled (real draws),81e9437bee81301cf598ccadda508c9ac9305bf4,"{""finite_shot_end_to_end.parquet"": ""22b5e761f461c6bfde7a60a4efa7ac13bc59ae003488be84d2f0c1e57ddb7f39""}","{""python"": ""3.12.10"", ""numpy"": ""2.5.1"", ""pandas"": ""3.0.3"", ""statsmodels"": ""0.14.6"", ""scipy"": ""1.18.0""}"
shard3,396001,12,455,included_final_1000,"(396001, 12)",completed,True,,pooled (real draws),81e9437bee81301cf598ccadda508c9ac9305bf4,"{""finite_shot_end_to_end.parquet"": ""22b5e761f461c6bfde7a60a4efa7ac13bc59ae003488be84d2f0c1e57ddb7f39""}","{""python"": ""3.12.10"", ""numpy"": ""2.5.1"", ""pandas"": ""3.0.3"", ""statsmodels"": ""0.14.6"", ""scipy"": ""1.18.0""}"
shard3,396001,13,456,included_final_1000,"(396001, 13)",completed,True,,pooled (real draws),81e9437bee81301cf598ccadda508c9ac9305bf4,"{""finite_shot_end_to_end.parquet"": ""22b5e761f461c6bfde7a60a4efa7ac13bc59ae003488be84d2f0c1e57ddb7f39""}","{""python"": ""3.12.10"", ""numpy"": ""2.5.1"", ""pandas"": ""3.0.3"", ""statsmodels"": ""0.14.6"", ""scipy"": ""1.18.0""}"
shard3,396001,14,457,included_final_1000,"(396001, 14)",completed,True,,pooled (real draws),81e9437bee81301cf598ccadda508c9ac9305bf4,"{""finite_shot_end_to_end.parquet"": ""22b5e761f461c6bfde7a60a4efa7ac13bc59ae003488be84d2f0c1e57ddb7f39""}","{""python"": ""3.12.10"", ""numpy"": ""2.5.1"", ""pandas"": ""3.0.3"", ""statsmodels"": ""0.14.6"", ""scipy"": ""1.18.0""}"
shard3,396001,15,458,included_final_1000,"(396001, 15)",completed,True,,pooled (real draws),81e9437bee81301cf598ccadda508c9ac9305bf4,"{""finite_shot_end_to_end.parquet"": ""22b5e761f461c6bfde7a60a4efa7ac13bc59ae003488be84d2f0c1e57ddb7f39""}","{""python"": ""3.12.10"", ""numpy"": ""2.5.1"", ""pandas"": ""3.0.3"", ""statsmodels"": ""0.14.6"", ""scipy"": ""1.18.0""}"
shard3,396001,16,459,included_final_1000,"(396001, 16)",completed,True,,pooled (real draws),81e9437bee81301cf598ccadda508c9ac9305bf4,"{""finite_shot_end_to_end.parquet"": ""22b5e761f461c6bfde7a60a4efa7ac13bc59ae003488be84d2f0c1e57ddb7f39""}","{""python"": ""3.12.10"", ""numpy"": ""2.5.1"", ""pandas"": ""3.0.3"", ""statsmodels"": ""0.14.6"", ""scipy"": ""1.18.0""}"
shard3,396001,17,460,included_final_1000,"(396001, 17)",completed,True,,pooled (real draws),81e9437bee81301cf598ccadda508c9ac9305bf4,"{""finite_shot_end_to_end.parquet"": ""22b5e761f461c6bfde7a60a4efa7ac13bc59ae003488be84d2f0c1e57ddb7f39""}","{""python"": ""3.12.10"", ""numpy"": ""2.5.1"", ""pandas"": ""3.0.3"", ""statsmodels"": ""0.14.6"", ""scipy"": ""1.18.0""}"
shard3,396001,18,461,included_final_1000,"(396001, 18)",completed,True,,pooled (real draws),81e9437bee81301cf598ccadda508c9ac9305bf4,"{""finite_shot_end_to_end.parquet"": ""22b5e761f461c6bfde7a60a4efa7ac13bc59ae003488be84d2f0c1e57ddb7f39""}","{""python"": ""3.12.10"", ""numpy"": ""2.5.1"", ""pandas"": ""3.0.3"", ""statsmodels"": ""0.14.6"", ""scipy"": ""1.18.0""}"
shard3,396001,19,462,included_final_1000,"(396001, 19)",completed,True,,pooled (real draws),81e9437bee81301cf598ccadda508c9ac9305bf4,"{""finite_shot_end_to_end.parquet"": ""22b5e761f461c6bfde7a60a4efa7ac13bc59ae003488be84d2f0c1e57ddb7f39""}","{""python"": ""3.12.10"", ""numpy"": ""2.5.1"", ""pandas"": ""3.0.3"", ""statsmodels"": ""0.14.6"", ""scipy"": ""1.18.0""}"
shard3,396001,20,463,included_final_1000,"(396001, 20)",completed,True,,pooled (real draws),81e9437bee81301cf598ccadda508c9ac9305bf4,"{""finite_shot_end_to_end.parquet"": ""22b5e761f461c6bfde7a60a4efa7ac13bc59ae003488be84d2f0c1e57ddb7f39""}","{""python"": ""3.12.10"", ""numpy"": ""2.5.1"", ""pandas"": ""3.0.3"", ""statsmodels"": ""0.14.6"", ""scipy"": ""1.18.0""}"
shard3,396001,21,464,included_final_1000,"(396001, 21)",completed,True,,pooled (real draws),81e9437bee81301cf598ccadda508c9ac9305bf4,"{""finite_shot_end_to_end.parquet"": ""22b5e761f461c6bfde7a60a4efa7ac13bc59ae003488be84d2f0c1e57ddb7f39""}","{""python"": ""3.12.10"", ""numpy"": ""2.5.1"", ""pandas"": ""3.0.3"", ""statsmodels"": ""0.14.6"", ""scipy"": ""1.18.0""}"
shard3,396001,22,465,included_final_1000,"(396001, 22)",completed,True,,pooled (real draws),81e9437bee81301cf598ccadda508c9ac9305bf4,"{""finite_shot_end_to_end.parquet"": ""22b5e761f461c6bfde7a60a4efa7ac13bc59ae003488be84d2f0c1e57ddb7f39""}","{""python"": ""3.12.10"", ""numpy"": ""2.5.1"", ""pandas"": ""3.0.3"", ""statsmodels"": ""0.14.6"", ""scipy"": ""1.18.0""}"
shard3,396001,23,466,included_final_1000,"(396001, 23)",completed,True,,pooled (real draws),81e9437bee81301cf598ccadda508c9ac9305bf4,"{""finite_shot_end_to_end.parquet"": ""22b5e761f461c6bfde7a60a4efa7ac13bc59ae003488be84d2f0c1e57ddb7f39""}","{""python"": ""3.12.10"", ""numpy"": ""2.5.1"", ""pandas"": ""3.0.3"", ""statsmodels"": ""0.14.6"", ""scipy"": ""1.18.0""}"
shard3,396001,24,467,included_final_1000,"(396001, 24)",completed,True,,pooled (real draws),81e9437bee81301cf598ccadda508c9ac9305bf4,"{""finite_shot_end_to_end.parquet"": ""22b5e761f461c6bfde7a60a4efa7ac13bc59ae003488be84d2f0c1e57ddb7f39""}","{""python"": ""3.12.10"", ""numpy"": ""2.5.1"", ""pandas"": ""3.0.3"", ""statsmodels"": ""0.14.6"", ""scipy"": ""1.18.0""}"
shard3,396001,25,468,included_final_1000,"(396001, 25)",completed,True,,pooled (real draws),81e9437bee81301cf598ccadda508c9ac9305bf4,"{""finite_shot_end_to_end.parquet"": ""22b5e761f461c6bfde7a60a4efa7ac13bc59ae003488be84d2f0c1e57ddb7f39""}","{""python"": ""3.12.10"", ""numpy"": ""2.5.1"", ""pandas"": ""3.0.3"", ""statsmodels"": ""0.14.6"", ""scipy"": ""1.18.0""}"
shard3,396001,26,469,included_final_1000,"(396001, 26)",completed,True,,pooled (real draws),81e9437bee81301cf598ccadda508c9ac9305bf4,"{""finite_shot_end_to_end.parquet"": ""22b5e761f461c6bfde7a60a4efa7ac13bc59ae003488be84d2f0c1e57ddb7f39""}","{""python"": ""3.12.10"", ""numpy"": ""2.5.1"", ""pandas"": ""3.0.3"", ""statsmodels"": ""0.14.6"", ""scipy"": ""1.18.0""}"
shard3,396001,27,470,included_final_1000,"(396001, 27)",completed,True,,pooled (real draws),81e9437bee81301cf598ccadda508c9ac9305bf4,"{""finite_shot_end_to_end.parquet"": ""22b5e761f461c6bfde7a60a4efa7ac13bc59ae003488be84d2f0c1e57ddb7f39""}","{""python"": ""3.12.10"", ""numpy"": ""2.5.1"", ""pandas"": ""3.0.3"", ""statsmodels"": ""0.14.6"", ""scipy"": ""1.18.0""}"
shard3,396001,28,471,included_final_1000,"(396001, 28)",completed,True,,pooled (real draws),81e9437bee81301cf598ccadda508c9ac9305bf4,"{""finite_shot_end_to_end.parquet"": ""22b5e761f461c6bfde7a60a4efa7ac13bc59ae003488be84d2f0c1e57ddb7f39""}","{""python"": ""3.12.10"", ""numpy"": ""2.5.1"", ""pandas"": ""3.0.3"", ""statsmodels"": ""0.14.6"", ""scipy"": ""1.18.0""}"
shard3,396001,29,472,included_final_1000,"(396001, 29)",completed,True,,pooled (real draws),81e9437bee81301cf598ccadda508c9ac9305bf4,"{""finite_shot_end_to_end.parquet"": ""22b5e761f461c6bfde7a60a4efa7ac13bc59ae003488be84d2f0c1e57ddb7f39""}","{""python"": ""3.12.10"", ""numpy"": ""2.5.1"", ""pandas"": ""3.0.3"", ""statsmodels"": ""0.14.6"", ""scipy"": ""1.18.0""}"
shard3,396001,30,473,included_final_1000,"(396001, 30)",completed,True,,pooled (real draws),81e9437bee81301cf598ccadda508c9ac9305bf4,"{""finite_shot_end_to_end.parquet"": ""22b5e761f461c6bfde7a60a4efa7ac13bc59ae003488be84d2f0c1e57ddb7f39""}","{""python"": ""3.12.10"", ""numpy"": ""2.5.1"", ""pandas"": ""3.0.3"", ""statsmodels"": ""0.14.6"", ""scipy"": ""1.18.0""}"
shard3,396001,31,474,included_final_1000,"(396001, 31)",completed,True,,pooled (real draws),81e9437bee81301cf598ccadda508c9ac9305bf4,"{""finite_shot_end_to_end.parquet"": ""22b5e761f461c6bfde7a60a4efa7ac13bc59ae003488be84d2f0c1e57ddb7f39""}","{""python"": ""3.12.10"", ""numpy"": ""2.5.1"", ""pandas"": ""3.0.3"", ""statsmodels"": ""0.14.6"", ""scipy"": ""1.18.0""}"
shard3,396001,32,475,included_final_1000,"(396001, 32)",completed,True,,pooled (real draws),81e9437bee81301cf598ccadda508c9ac9305bf4,"{""finite_shot_end_to_end.parquet"": ""22b5e761f461c6bfde7a60a4efa7ac13bc59ae003488be84d2f0c1e57ddb7f39""}","{""python"": ""3.12.10"", ""numpy"": ""2.5.1"", ""pandas"": ""3.0.3"", ""statsmodels"": ""0.14.6"", ""scipy"": ""1.18.0""}"
shard3,396001,33,476,included_final_1000,"(396001, 33)",completed,True,,pooled (real draws),81e9437bee81301cf598ccadda508c9ac9305bf4,"{""finite_shot_end_to_end.parquet"": ""22b5e761f461c6bfde7a60a4efa7ac13bc59ae003488be84d2f0c1e57ddb7f39""}","{""python"": ""3.12.10"", ""numpy"": ""2.5.1"", ""pandas"": ""3.0.3"", ""statsmodels"": ""0.14.6"", ""scipy"": ""1.18.0""}"
shard3,396001,34,477,included_final_1000,"(396001, 34)",completed,True,,pooled (real draws),81e9437bee81301cf598ccadda508c9ac9305bf4,"{""finite_shot_end_to_end.parquet"": ""22b5e761f461c6bfde7a60a4efa7ac13bc59ae003488be84d2f0c1e57ddb7f39""}","{""python"": ""3.12.10"", ""numpy"": ""2.5.1"", ""pandas"": ""3.0.3"", ""statsmodels"": ""0.14.6"", ""scipy"": ""1.18.0""}"
shard3,396001,35,478,included_final_1000,"(396001, 35)",completed,True,,pooled (real draws),81e9437bee81301cf598ccadda508c9ac9305bf4,"{""finite_shot_end_to_end.parquet"": ""22b5e761f461c6bfde7a60a4efa7ac13bc59ae003488be84d2f0c1e57ddb7f39""}","{""python"": ""3.12.10"", ""numpy"": ""2.5.1"", ""pandas"": ""3.0.3"", ""statsmodels"": ""0.14.6"", ""scipy"": ""1.18.0""}"
shard3,396001,36,479,included_final_1000,"(396001, 36)",completed,True,,pooled (real draws),81e9437bee81301cf598ccadda508c9ac9305bf4,"{""finite_shot_end_to_end.parquet"": ""22b5e761f461c6bfde7a60a4efa7ac13bc59ae003488be84d2f0c1e57ddb7f39""}","{""python"": ""3.12.10"", ""numpy"": ""2.5.1"", ""pandas"": ""3.0.3"", ""statsmodels"": ""0.14.6"", ""scipy"": ""1.18.0""}"
shard3,396001,37,480,included_final_1000,"(396001, 37)",completed,True,,pooled (real draws),81e9437bee81301cf598ccadda508c9ac9305bf4,"{""finite_shot_end_to_end.parquet"": ""22b5e761f461c6bfde7a60a4efa7ac13bc59ae003488be84d2f0c1e57ddb7f39""}","{""python"": ""3.12.10"", ""numpy"": ""2.5.1"", ""pandas"": ""3.0.3"", ""statsmodels"": ""0.14.6"", ""scipy"": ""1.18.0""}"
shard3,396001,38,481,included_final_1000,"(396001, 38)",completed,True,,pooled (real draws),81e9437bee81301cf598ccadda508c9ac9305bf4,"{""finite_shot_end_to_end.parquet"": ""22b5e761f461c6bfde7a60a4efa7ac13bc59ae003488be84d2f0c1e57ddb7f39""}","{""python"": ""3.12.10"", ""numpy"": ""2.5.1"", ""pandas"": ""3.0.3"", ""statsmodels"": ""0.14.6"", ""scipy"": ""1.18.0""}"
shard3,396001,39,482,included_final_1000,"(396001, 39)",completed,True,,pooled (real draws),81e9437bee81301cf598ccadda508c9ac9305bf4,"{""finite_shot_end_to_end.parquet"": ""22b5e761f461c6bfde7a60a4efa7ac13bc59ae003488be84d2f0c1e57ddb7f39""}","{""python"": ""3.12.10"", ""numpy"": ""2.5.1"", ""pandas"": ""3.0.3"", ""statsmodels"": ""0.14.6"", ""scipy"": ""1.18.0""}"
shard3,396001,40,483,included_final_1000,"(396001, 40)",completed,True,,pooled (real draws),81e9437bee81301cf598ccadda508c9ac9305bf4,"{""finite_shot_end_to_end.parquet"": ""22b5e761f461c6bfde7a60a4efa7ac13bc59ae003488be84d2f0c1e57ddb7f39""}","{""python"": ""3.12.10"", ""numpy"": ""2.5.1"", ""pandas"": ""3.0.3"", ""statsmodels"": ""0.14.6"", ""scipy"": ""1.18.0""}"
shard3,396001,41,484,included_final_1000,"(396001, 41)",completed,True,,pooled (real draws),81e9437bee81301cf598ccadda508c9ac9305bf4,"{""finite_shot_end_to_end.parquet"": ""22b5e761f461c6bfde7a60a4efa7ac13bc59ae003488be84d2f0c1e57ddb7f39""}","{""python"": ""3.12.10"", ""numpy"": ""2.5.1"", ""pandas"": ""3.0.3"", ""statsmodels"": ""0.14.6"", ""scipy"": ""1.18.0""}"
shard3,396001,42,485,included_final_1000,"(396001, 42)",completed,True,,pooled (real draws),81e9437bee81301cf598ccadda508c9ac9305bf4,"{""finite_shot_end_to_end.parquet"": ""22b5e761f461c6bfde7a60a4efa7ac13bc59ae003488be84d2f0c1e57ddb7f39""}","{""python"": ""3.12.10"", ""numpy"": ""2.5.1"", ""pandas"": ""3.0.3"", ""statsmodels"": ""0.14.6"", ""scipy"": ""1.18.0""}"
shard3,396001,43,486,included_final_1000,"(396001, 43)",completed,True,,pooled (real draws),81e9437bee81301cf598ccadda508c9ac9305bf4,"{""finite_shot_end_to_end.parquet"": ""22b5e761f461c6bfde7a60a4efa7ac13bc59ae003488be84d2f0c1e57ddb7f39""}","{""python"": ""3.12.10"", ""numpy"": ""2.5.1"", ""pandas"": ""3.0.3"", ""statsmodels"": ""0.14.6"", ""scipy"": ""1.18.0""}"
shard3,396001,44,487,included_final_1000,"(396001, 44)",completed,True,,pooled (real draws),81e9437bee81301cf598ccadda508c9ac9305bf4,"{""finite_shot_end_to_end.parquet"": ""22b5e761f461c6bfde7a60a4efa7ac13bc59ae003488be84d2f0c1e57ddb7f39""}","{""python"": ""3.12.10"", ""numpy"": ""2.5.1"", ""pandas"": ""3.0.3"", ""statsmodels"": ""0.14.6"", ""scipy"": ""1.18.0""}"
shard3,396001,45,488,included_final_1000,"(396001, 45)",completed,True,,pooled (real draws),81e9437bee81301cf598ccadda508c9ac9305bf4,"{""finite_shot_end_to_end.parquet"": ""22b5e761f461c6bfde7a60a4efa7ac13bc59ae003488be84d2f0c1e57ddb7f39""}","{""python"": ""3.12.10"", ""numpy"": ""2.5.1"", ""pandas"": ""3.0.3"", ""statsmodels"": ""0.14.6"", ""scipy"": ""1.18.0""}"
shard3,396001,46,489,included_final_1000,"(396001, 46)",completed,True,,pooled (real draws),81e9437bee81301cf598ccadda508c9ac9305bf4,"{""finite_shot_end_to_end.parquet"": ""22b5e761f461c6bfde7a60a4efa7ac13bc59ae003488be84d2f0c1e57ddb7f39""}","{""python"": ""3.12.10"", ""numpy"": ""2.5.1"", ""pandas"": ""3.0.3"", ""statsmodels"": ""0.14.6"", ""scipy"": ""1.18.0""}"
shard3,396001,47,490,included_final_1000,"(396001, 47)",completed,True,,pooled (real draws),81e9437bee81301cf598ccadda508c9ac9305bf4,"{""finite_shot_end_to_end.parquet"": ""22b5e761f461c6bfde7a60a4efa7ac13bc59ae003488be84d2f0c1e57ddb7f39""}","{""python"": ""3.12.10"", ""numpy"": ""2.5.1"", ""pandas"": ""3.0.3"", ""statsmodels"": ""0.14.6"", ""scipy"": ""1.18.0""}"
shard3,396001,48,491,included_final_1000,"(396001, 48)",completed,True,,pooled (real draws),81e9437bee81301cf598ccadda508c9ac9305bf4,"{""finite_shot_end_to_end.parquet"": ""22b5e761f461c6bfde7a60a4efa7ac13bc59ae003488be84d2f0c1e57ddb7f39""}","{""python"": ""3.12.10"", ""numpy"": ""2.5.1"", ""pandas"": ""3.0.3"", ""statsmodels"": ""0.14.6"", ""scipy"": ""1.18.0""}"
shard3,396001,49,492,included_final_1000,"(396001, 49)",completed,True,,pooled (real draws),81e9437bee81301cf598ccadda508c9ac9305bf4,"{""finite_shot_end_to_end.parquet"": ""22b5e761f461c6bfde7a60a4efa7ac13bc59ae003488be84d2f0c1e57ddb7f39""}","{""python"": ""3.12.10"", ""numpy"": ""2.5.1"", ""pandas"": ""3.0.3"", ""statsmodels"": ""0.14.6"", ""scipy"": ""1.18.0""}"
shard3,396001,50,493,included_final_1000,"(396001, 50)",completed,True,,pooled (real draws),81e9437bee81301cf598ccadda508c9ac9305bf4,"{""finite_shot_end_to_end.parquet"": ""22b5e761f461c6bfde7a60a4efa7ac13bc59ae003488be84d2f0c1e57ddb7f39""}","{""python"": ""3.12.10"", ""numpy"": ""2.5.1"", ""pandas"": ""3.0.3"", ""statsmodels"": ""0.14.6"", ""scipy"": ""1.18.0""}"
shard3,396001,51,494,included_final_1000,"(396001, 51)",completed,True,,pooled (real draws),81e9437bee81301cf598ccadda508c9ac9305bf4,"{""finite_shot_end_to_end.parquet"": ""22b5e761f461c6bfde7a60a4efa7ac13bc59ae003488be84d2f0c1e57ddb7f39""}","{""python"": ""3.12.10"", ""numpy"": ""2.5.1"", ""pandas"": ""3.0.3"", ""statsmodels"": ""0.14.6"", ""scipy"": ""1.18.0""}"
shard3,396001,52,495,included_final_1000,"(396001, 52)",completed,True,,pooled (real draws),81e9437bee81301cf598ccadda508c9ac9305bf4,"{""finite_shot_end_to_end.parquet"": ""22b5e761f461c6bfde7a60a4efa7ac13bc59ae003488be84d2f0c1e57ddb7f39""}","{""python"": ""3.12.10"", ""numpy"": ""2.5.1"", ""pandas"": ""3.0.3"", ""statsmodels"": ""0.14.6"", ""scipy"": ""1.18.0""}"
shard3,396001,53,496,included_final_1000,"(396001, 53)",completed,True,,pooled (real draws),81e9437bee81301cf598ccadda508c9ac9305bf4,"{""finite_shot_end_to_end.parquet"": ""22b5e761f461c6bfde7a60a4efa7ac13bc59ae003488be84d2f0c1e57ddb7f39""}","{""python"": ""3.12.10"", ""numpy"": ""2.5.1"", ""pandas"": ""3.0.3"", ""statsmodels"": ""0.14.6"", ""scipy"": ""1.18.0""}"
shard3,396001,54,497,included_final_1000,"(396001, 54)",completed,True,,pooled (real draws),81e9437bee81301cf598ccadda508c9ac9305bf4,"{""finite_shot_end_to_end.parquet"": ""22b5e761f461c6bfde7a60a4efa7ac13bc59ae003488be84d2f0c1e57ddb7f39""}","{""python"": ""3.12.10"", ""numpy"": ""2.5.1"", ""pandas"": ""3.0.3"", ""statsmodels"": ""0.14.6"", ""scipy"": ""1.18.0""}"
shard3,396001,55,498,included_final_1000,"(396001, 55)",completed,True,,pooled (real draws),81e9437bee81301cf598ccadda508c9ac9305bf4,"{""finite_shot_end_to_end.parquet"": ""22b5e761f461c6bfde7a60a4efa7ac13bc59ae003488be84d2f0c1e57ddb7f39""}","{""python"": ""3.12.10"", ""numpy"": ""2.5.1"", ""pandas"": ""3.0.3"", ""statsmodels"": ""0.14.6"", ""scipy"": ""1.18.0""}"
shard3,396001,56,499,included_final_1000,"(396001, 56)",completed,True,,pooled (real draws),81e9437bee81301cf598ccadda508c9ac9305bf4,"{""finite_shot_end_to_end.parquet"": ""22b5e761f461c6bfde7a60a4efa7ac13bc59ae003488be84d2f0c1e57ddb7f39""}","{""python"": ""3.12.10"", ""numpy"": ""2.5.1"", ""pandas"": ""3.0.3"", ""statsmodels"": ""0.14.6"", ""scipy"": ""1.18.0""}"
shard3,396001,57,500,included_final_1000,"(396001, 57)",completed,True,,pooled (real draws),81e9437bee81301cf598ccadda508c9ac9305bf4,"{""finite_shot_end_to_end.parquet"": ""22b5e761f461c6bfde7a60a4efa7ac13bc59ae003488be84d2f0c1e57ddb7f39""}","{""python"": ""3.12.10"", ""numpy"": ""2.5.1"", ""pandas"": ""3.0.3"", ""statsmodels"": ""0.14.6"", ""scipy"": ""1.18.0""}"
shard3,396001,58,501,included_final_1000,"(396001, 58)",completed,True,,pooled (real draws),81e9437bee81301cf598ccadda508c9ac9305bf4,"{""finite_shot_end_to_end.parquet"": ""22b5e761f461c6bfde7a60a4efa7ac13bc59ae003488be84d2f0c1e57ddb7f39""}","{""python"": ""3.12.10"", ""numpy"": ""2.5.1"", ""pandas"": ""3.0.3"", ""statsmodels"": ""0.14.6"", ""scipy"": ""1.18.0""}"
shard3,396001,59,502,included_final_1000,"(396001, 59)",completed,True,,pooled (real draws),81e9437bee81301cf598ccadda508c9ac9305bf4,"{""finite_shot_end_to_end.parquet"": ""22b5e761f461c6bfde7a60a4efa7ac13bc59ae003488be84d2f0c1e57ddb7f39""}","{""python"": ""3.12.10"", ""numpy"": ""2.5.1"", ""pandas"": ""3.0.3"", ""statsmodels"": ""0.14.6"", ""scipy"": ""1.18.0""}"
shard3,396001,60,503,included_final_1000,"(396001, 60)",completed,True,,pooled (real draws),81e9437bee81301cf598ccadda508c9ac9305bf4,"{""finite_shot_end_to_end.parquet"": ""22b5e761f461c6bfde7a60a4efa7ac13bc59ae003488be84d2f0c1e57ddb7f39""}","{""python"": ""3.12.10"", ""numpy"": ""2.5.1"", ""pandas"": ""3.0.3"", ""statsmodels"": ""0.14.6"", ""scipy"": ""1.18.0""}"
shard3,396001,61,504,included_final_1000,"(396001, 61)",completed,True,,pooled (real draws),81e9437bee81301cf598ccadda508c9ac9305bf4,"{""finite_shot_end_to_end.parquet"": ""22b5e761f461c6bfde7a60a4efa7ac13bc59ae003488be84d2f0c1e57ddb7f39""}","{""python"": ""3.12.10"", ""numpy"": ""2.5.1"", ""pandas"": ""3.0.3"", ""statsmodels"": ""0.14.6"", ""scipy"": ""1.18.0""}"
shard3,396001,62,505,included_final_1000,"(396001, 62)",completed,True,,pooled (real draws),81e9437bee81301cf598ccadda508c9ac9305bf4,"{""finite_shot_end_to_end.parquet"": ""22b5e761f461c6bfde7a60a4efa7ac13bc59ae003488be84d2f0c1e57ddb7f39""}","{""python"": ""3.12.10"", ""numpy"": ""2.5.1"", ""pandas"": ""3.0.3"", ""statsmodels"": ""0.14.6"", ""scipy"": ""1.18.0""}"
shard3,396001,63,506,included_final_1000,"(396001, 63)",completed,True,,pooled (real draws),81e9437bee81301cf598ccadda508c9ac9305bf4,"{""finite_shot_end_to_end.parquet"": ""22b5e761f461c6bfde7a60a4efa7ac13bc59ae003488be84d2f0c1e57ddb7f39""}","{""python"": ""3.12.10"", ""numpy"": ""2.5.1"", ""pandas"": ""3.0.3"", ""statsmodels"": ""0.14.6"", ""scipy"": ""1.18.0""}"
shard3,396001,64,507,included_final_1000,"(396001, 64)",completed,True,,pooled (real draws),81e9437bee81301cf598ccadda508c9ac9305bf4,"{""finite_shot_end_to_end.parquet"": ""22b5e761f461c6bfde7a60a4efa7ac13bc59ae003488be84d2f0c1e57ddb7f39""}","{""python"": ""3.12.10"", ""numpy"": ""2.5.1"", ""pandas"": ""3.0.3"", ""statsmodels"": ""0.14.6"", ""scipy"": ""1.18.0""}"
shard3,396001,65,508,included_final_1000,"(396001, 65)",completed,True,,pooled (real draws),81e9437bee81301cf598ccadda508c9ac9305bf4,"{""finite_shot_end_to_end.parquet"": ""22b5e761f461c6bfde7a60a4efa7ac13bc59ae003488be84d2f0c1e57ddb7f39""}","{""python"": ""3.12.10"", ""numpy"": ""2.5.1"", ""pandas"": ""3.0.3"", ""statsmodels"": ""0.14.6"", ""scipy"": ""1.18.0""}"
shard3,396001,66,509,included_final_1000,"(396001, 66)",completed,True,,pooled (real draws),81e9437bee81301cf598ccadda508c9ac9305bf4,"{""finite_shot_end_to_end.parquet"": ""22b5e761f461c6bfde7a60a4efa7ac13bc59ae003488be84d2f0c1e57ddb7f39""}","{""python"": ""3.12.10"", ""numpy"": ""2.5.1"", ""pandas"": ""3.0.3"", ""statsmodels"": ""0.14.6"", ""scipy"": ""1.18.0""}"
shard3,396001,67,510,included_final_1000,"(396001, 67)",completed,True,,pooled (real draws),81e9437bee81301cf598ccadda508c9ac9305bf4,"{""finite_shot_end_to_end.parquet"": ""22b5e761f461c6bfde7a60a4efa7ac13bc59ae003488be84d2f0c1e57ddb7f39""}","{""python"": ""3.12.10"", ""numpy"": ""2.5.1"", ""pandas"": ""3.0.3"", ""statsmodels"": ""0.14.6"", ""scipy"": ""1.18.0""}"
shard3,396001,68,511,included_final_1000,"(396001, 68)",completed,True,,pooled (real draws),81e9437bee81301cf598ccadda508c9ac9305bf4,"{""finite_shot_end_to_end.parquet"": ""22b5e761f461c6bfde7a60a4efa7ac13bc59ae003488be84d2f0c1e57ddb7f39""}","{""python"": ""3.12.10"", ""numpy"": ""2.5.1"", ""pandas"": ""3.0.3"", ""statsmodels"": ""0.14.6"", ""scipy"": ""1.18.0""}"
shard3,396001,69,512,included_final_1000,"(396001, 69)",completed,True,,pooled (real draws),81e9437bee81301cf598ccadda508c9ac9305bf4,"{""finite_shot_end_to_end.parquet"": ""22b5e761f461c6bfde7a60a4efa7ac13bc59ae003488be84d2f0c1e57ddb7f39""}","{""python"": ""3.12.10"", ""numpy"": ""2.5.1"", ""pandas"": ""3.0.3"", ""statsmodels"": ""0.14.6"", ""scipy"": ""1.18.0""}"
shard3,396001,70,513,included_final_1000,"(396001, 70)",completed,True,,pooled (real draws),81e9437bee81301cf598ccadda508c9ac9305bf4,"{""finite_shot_end_to_end.parquet"": ""22b5e761f461c6bfde7a60a4efa7ac13bc59ae003488be84d2f0c1e57ddb7f39""}","{""python"": ""3.12.10"", ""numpy"": ""2.5.1"", ""pandas"": ""3.0.3"", ""statsmodels"": ""0.14.6"", ""scipy"": ""1.18.0""}"
shard3,396001,71,514,included_final_1000,"(396001, 71)",completed,True,,pooled (real draws),81e9437bee81301cf598ccadda508c9ac9305bf4,"{""finite_shot_end_to_end.parquet"": ""22b5e761f461c6bfde7a60a4efa7ac13bc59ae003488be84d2f0c1e57ddb7f39""}","{""python"": ""3.12.10"", ""numpy"": ""2.5.1"", ""pandas"": ""3.0.3"", ""statsmodels"": ""0.14.6"", ""scipy"": ""1.18.0""}"
shard3,396001,72,515,included_final_1000,"(396001, 72)",completed,True,,pooled (real draws),81e9437bee81301cf598ccadda508c9ac9305bf4,"{""finite_shot_end_to_end.parquet"": ""22b5e761f461c6bfde7a60a4efa7ac13bc59ae003488be84d2f0c1e57ddb7f39""}","{""python"": ""3.12.10"", ""numpy"": ""2.5.1"", ""pandas"": ""3.0.3"", ""statsmodels"": ""0.14.6"", ""scipy"": ""1.18.0""}"
shard3,396001,73,516,included_final_1000,"(396001, 73)",completed,True,,pooled (real draws),81e9437bee81301cf598ccadda508c9ac9305bf4,"{""finite_shot_end_to_end.parquet"": ""22b5e761f461c6bfde7a60a4efa7ac13bc59ae003488be84d2f0c1e57ddb7f39""}","{""python"": ""3.12.10"", ""numpy"": ""2.5.1"", ""pandas"": ""3.0.3"", ""statsmodels"": ""0.14.6"", ""scipy"": ""1.18.0""}"
shard3,396001,74,517,included_final_1000,"(396001, 74)",completed,True,,pooled (real draws),81e9437bee81301cf598ccadda508c9ac9305bf4,"{""finite_shot_end_to_end.parquet"": ""22b5e761f461c6bfde7a60a4efa7ac13bc59ae003488be84d2f0c1e57ddb7f39""}","{""python"": ""3.12.10"", ""numpy"": ""2.5.1"", ""pandas"": ""3.0.3"", ""statsmodels"": ""0.14.6"", ""scipy"": ""1.18.0""}"
shard3,396001,75,518,included_final_1000,"(396001, 75)",completed,True,,pooled (real draws),81e9437bee81301cf598ccadda508c9ac9305bf4,"{""finite_shot_end_to_end.parquet"": ""22b5e761f461c6bfde7a60a4efa7ac13bc59ae003488be84d2f0c1e57ddb7f39""}","{""python"": ""3.12.10"", ""numpy"": ""2.5.1"", ""pandas"": ""3.0.3"", ""statsmodels"": ""0.14.6"", ""scipy"": ""1.18.0""}"
shard3,396001,76,519,included_final_1000,"(396001, 76)",completed,True,,pooled (real draws),81e9437bee81301cf598ccadda508c9ac9305bf4,"{""finite_shot_end_to_end.parquet"": ""22b5e761f461c6bfde7a60a4efa7ac13bc59ae003488be84d2f0c1e57ddb7f39""}","{""python"": ""3.12.10"", ""numpy"": ""2.5.1"", ""pandas"": ""3.0.3"", ""statsmodels"": ""0.14.6"", ""scipy"": ""1.18.0""}"
shard3,396001,77,520,included_final_1000,"(396001, 77)",completed,True,,pooled (real draws),81e9437bee81301cf598ccadda508c9ac9305bf4,"{""finite_shot_end_to_end.parquet"": ""22b5e761f461c6bfde7a60a4efa7ac13bc59ae003488be84d2f0c1e57ddb7f39""}","{""python"": ""3.12.10"", ""numpy"": ""2.5.1"", ""pandas"": ""3.0.3"", ""statsmodels"": ""0.14.6"", ""scipy"": ""1.18.0""}"
shard3,396001,78,521,included_final_1000,"(396001, 78)",completed,True,,pooled (real draws),81e9437bee81301cf598ccadda508c9ac9305bf4,"{""finite_shot_end_to_end.parquet"": ""22b5e761f461c6bfde7a60a4efa7ac13bc59ae003488be84d2f0c1e57ddb7f39""}","{""python"": ""3.12.10"", ""numpy"": ""2.5.1"", ""pandas"": ""3.0.3"", ""statsmodels"": ""0.14.6"", ""scipy"": ""1.18.0""}"
shard3,396001,79,522,included_final_1000,"(396001, 79)",completed,True,,pooled (real draws),81e9437bee81301cf598ccadda508c9ac9305bf4,"{""finite_shot_end_to_end.parquet"": ""22b5e761f461c6bfde7a60a4efa7ac13bc59ae003488be84d2f0c1e57ddb7f39""}","{""python"": ""3.12.10"", ""numpy"": ""2.5.1"", ""pandas"": ""3.0.3"", ""statsmodels"": ""0.14.6"", ""scipy"": ""1.18.0""}"
shard3,396001,80,523,included_final_1000,"(396001, 80)",completed,True,,pooled (real draws),81e9437bee81301cf598ccadda508c9ac9305bf4,"{""finite_shot_end_to_end.parquet"": ""22b5e761f461c6bfde7a60a4efa7ac13bc59ae003488be84d2f0c1e57ddb7f39""}","{""python"": ""3.12.10"", ""numpy"": ""2.5.1"", ""pandas"": ""3.0.3"", ""statsmodels"": ""0.14.6"", ""scipy"": ""1.18.0""}"
shard3,396001,81,524,included_final_1000,"(396001, 81)",completed,True,,pooled (real draws),81e9437bee81301cf598ccadda508c9ac9305bf4,"{""finite_shot_end_to_end.parquet"": ""22b5e761f461c6bfde7a60a4efa7ac13bc59ae003488be84d2f0c1e57ddb7f39""}","{""python"": ""3.12.10"", ""numpy"": ""2.5.1"", ""pandas"": ""3.0.3"", ""statsmodels"": ""0.14.6"", ""scipy"": ""1.18.0""}"
shard3,396001,82,525,included_final_1000,"(396001, 82)",completed,True,,pooled (real draws),81e9437bee81301cf598ccadda508c9ac9305bf4,"{""finite_shot_end_to_end.parquet"": ""22b5e761f461c6bfde7a60a4efa7ac13bc59ae003488be84d2f0c1e57ddb7f39""}","{""python"": ""3.12.10"", ""numpy"": ""2.5.1"", ""pandas"": ""3.0.3"", ""statsmodels"": ""0.14.6"", ""scipy"": ""1.18.0""}"
shard3,396001,83,526,included_final_1000,"(396001, 83)",completed,True,,pooled (real draws),81e9437bee81301cf598ccadda508c9ac9305bf4,"{""finite_shot_end_to_end.parquet"": ""22b5e761f461c6bfde7a60a4efa7ac13bc59ae003488be84d2f0c1e57ddb7f39""}","{""python"": ""3.12.10"", ""numpy"": ""2.5.1"", ""pandas"": ""3.0.3"", ""statsmodels"": ""0.14.6"", ""scipy"": ""1.18.0""}"
shard3,396001,84,527,included_final_1000,"(396001, 84)",completed,True,,pooled (real draws),81e9437bee81301cf598ccadda508c9ac9305bf4,"{""finite_shot_end_to_end.parquet"": ""22b5e761f461c6bfde7a60a4efa7ac13bc59ae003488be84d2f0c1e57ddb7f39""}","{""python"": ""3.12.10"", ""numpy"": ""2.5.1"", ""pandas"": ""3.0.3"", ""statsmodels"": ""0.14.6"", ""scipy"": ""1.18.0""}"
shard3,396001,85,528,included_final_1000,"(396001, 85)",completed,True,,pooled (real draws),81e9437bee81301cf598ccadda508c9ac9305bf4,"{""finite_shot_end_to_end.parquet"": ""22b5e761f461c6bfde7a60a4efa7ac13bc59ae003488be84d2f0c1e57ddb7f39""}","{""python"": ""3.12.10"", ""numpy"": ""2.5.1"", ""pandas"": ""3.0.3"", ""statsmodels"": ""0.14.6"", ""scipy"": ""1.18.0""}"
shard3,396001,86,529,included_final_1000,"(396001, 86)",completed,True,,pooled (real draws),81e9437bee81301cf598ccadda508c9ac9305bf4,"{""finite_shot_end_to_end.parquet"": ""22b5e761f461c6bfde7a60a4efa7ac13bc59ae003488be84d2f0c1e57ddb7f39""}","{""python"": ""3.12.10"", ""numpy"": ""2.5.1"", ""pandas"": ""3.0.3"", ""statsmodels"": ""0.14.6"", ""scipy"": ""1.18.0""}"
shard3,396001,87,530,included_final_1000,"(396001, 87)",completed,True,,pooled (real draws),81e9437bee81301cf598ccadda508c9ac9305bf4,"{""finite_shot_end_to_end.parquet"": ""22b5e761f461c6bfde7a60a4efa7ac13bc59ae003488be84d2f0c1e57ddb7f39""}","{""python"": ""3.12.10"", ""numpy"": ""2.5.1"", ""pandas"": ""3.0.3"", ""statsmodels"": ""0.14.6"", ""scipy"": ""1.18.0""}"
shard3,396001,88,531,included_final_1000,"(396001, 88)",completed,True,,pooled (real draws),81e9437bee81301cf598ccadda508c9ac9305bf4,"{""finite_shot_end_to_end.parquet"": ""22b5e761f461c6bfde7a60a4efa7ac13bc59ae003488be84d2f0c1e57ddb7f39""}","{""python"": ""3.12.10"", ""numpy"": ""2.5.1"", ""pandas"": ""3.0.3"", ""statsmodels"": ""0.14.6"", ""scipy"": ""1.18.0""}"
shard3,396001,89,532,included_final_1000,"(396001, 89)",completed,True,,pooled (real draws),81e9437bee81301cf598ccadda508c9ac9305bf4,"{""finite_shot_end_to_end.parquet"": ""22b5e761f461c6bfde7a60a4efa7ac13bc59ae003488be84d2f0c1e57ddb7f39""}","{""python"": ""3.12.10"", ""numpy"": ""2.5.1"", ""pandas"": ""3.0.3"", ""statsmodels"": ""0.14.6"", ""scipy"": ""1.18.0""}"
shard3,396001,90,533,included_final_1000,"(396001, 90)",completed,True,,pooled (real draws),81e9437bee81301cf598ccadda508c9ac9305bf4,"{""finite_shot_end_to_end.parquet"": ""22b5e761f461c6bfde7a60a4efa7ac13bc59ae003488be84d2f0c1e57ddb7f39""}","{""python"": ""3.12.10"", ""numpy"": ""2.5.1"", ""pandas"": ""3.0.3"", ""statsmodels"": ""0.14.6"", ""scipy"": ""1.18.0""}"
shard3,396001,91,534,included_final_1000,"(396001, 91)",completed,True,,pooled (real draws),81e9437bee81301cf598ccadda508c9ac9305bf4,"{""finite_shot_end_to_end.parquet"": ""22b5e761f461c6bfde7a60a4efa7ac13bc59ae003488be84d2f0c1e57ddb7f39""}","{""python"": ""3.12.10"", ""numpy"": ""2.5.1"", ""pandas"": ""3.0.3"", ""statsmodels"": ""0.14.6"", ""scipy"": ""1.18.0""}"
shard3,396001,92,535,included_final_1000,"(396001, 92)",completed,True,,pooled (real draws),81e9437bee81301cf598ccadda508c9ac9305bf4,"{""finite_shot_end_to_end.parquet"": ""22b5e761f461c6bfde7a60a4efa7ac13bc59ae003488be84d2f0c1e57ddb7f39""}","{""python"": ""3.12.10"", ""numpy"": ""2.5.1"", ""pandas"": ""3.0.3"", ""statsmodels"": ""0.14.6"", ""scipy"": ""1.18.0""}"
shard3,396001,93,536,included_final_1000,"(396001, 93)",completed,True,,pooled (real draws),81e9437bee81301cf598ccadda508c9ac9305bf4,"{""finite_shot_end_to_end.parquet"": ""22b5e761f461c6bfde7a60a4efa7ac13bc59ae003488be84d2f0c1e57ddb7f39""}","{""python"": ""3.12.10"", ""numpy"": ""2.5.1"", ""pandas"": ""3.0.3"", ""statsmodels"": ""0.14.6"", ""scipy"": ""1.18.0""}"
shard3,396001,94,537,included_final_1000,"(396001, 94)",completed,True,,pooled (real draws),81e9437bee81301cf598ccadda508c9ac9305bf4,"{""finite_shot_end_to_end.parquet"": ""22b5e761f461c6bfde7a60a4efa7ac13bc59ae003488be84d2f0c1e57ddb7f39""}","{""python"": ""3.12.10"", ""numpy"": ""2.5.1"", ""pandas"": ""3.0.3"", ""statsmodels"": ""0.14.6"", ""scipy"": ""1.18.0""}"
shard3,396001,95,538,included_final_1000,"(396001, 95)",completed,True,,pooled (real draws),81e9437bee81301cf598ccadda508c9ac9305bf4,"{""finite_shot_end_to_end.parquet"": ""22b5e761f461c6bfde7a60a4efa7ac13bc59ae003488be84d2f0c1e57ddb7f39""}","{""python"": ""3.12.10"", ""numpy"": ""2.5.1"", ""pandas"": ""3.0.3"", ""statsmodels"": ""0.14.6"", ""scipy"": ""1.18.0""}"
shard3,396001,96,539,included_final_1000,"(396001, 96)",completed,True,,pooled (real draws),81e9437bee81301cf598ccadda508c9ac9305bf4,"{""finite_shot_end_to_end.parquet"": ""22b5e761f461c6bfde7a60a4efa7ac13bc59ae003488be84d2f0c1e57ddb7f39""}","{""python"": ""3.12.10"", ""numpy"": ""2.5.1"", ""pandas"": ""3.0.3"", ""statsmodels"": ""0.14.6"", ""scipy"": ""1.18.0""}"
shard3,396001,97,540,included_final_1000,"(396001, 97)",completed,True,,pooled (real draws),81e9437bee81301cf598ccadda508c9ac9305bf4,"{""finite_shot_end_to_end.parquet"": ""22b5e761f461c6bfde7a60a4efa7ac13bc59ae003488be84d2f0c1e57ddb7f39""}","{""python"": ""3.12.10"", ""numpy"": ""2.5.1"", ""pandas"": ""3.0.3"", ""statsmodels"": ""0.14.6"", ""scipy"": ""1.18.0""}"
shard3,396001,98,541,included_final_1000,"(396001, 98)",completed,True,,pooled (real draws),81e9437bee81301cf598ccadda508c9ac9305bf4,"{""finite_shot_end_to_end.parquet"": ""22b5e761f461c6bfde7a60a4efa7ac13bc59ae003488be84d2f0c1e57ddb7f39""}","{""python"": ""3.12.10"", ""numpy"": ""2.5.1"", ""pandas"": ""3.0.3"", ""statsmodels"": ""0.14.6"", ""scipy"": ""1.18.0""}"
shard3,396001,99,542,included_final_1000,"(396001, 99)",completed,True,,pooled (real draws),81e9437bee81301cf598ccadda508c9ac9305bf4,"{""finite_shot_end_to_end.parquet"": ""22b5e761f461c6bfde7a60a4efa7ac13bc59ae003488be84d2f0c1e57ddb7f39""}","{""python"": ""3.12.10"", ""numpy"": ""2.5.1"", ""pandas"": ""3.0.3"", ""statsmodels"": ""0.14.6"", ""scipy"": ""1.18.0""}"
shard3,396001,100,543,included_final_1000,"(396001, 100)",completed,True,,pooled (real draws),81e9437bee81301cf598ccadda508c9ac9305bf4,"{""finite_shot_end_to_end.parquet"": ""22b5e761f461c6bfde7a60a4efa7ac13bc59ae003488be84d2f0c1e57ddb7f39""}","{""python"": ""3.12.10"", ""numpy"": ""2.5.1"", ""pandas"": ""3.0.3"", ""statsmodels"": ""0.14.6"", ""scipy"": ""1.18.0""}"
shard3,396001,101,544,included_final_1000,"(396001, 101)",completed,True,,pooled (real draws),81e9437bee81301cf598ccadda508c9ac9305bf4,"{""finite_shot_end_to_end.parquet"": ""22b5e761f461c6bfde7a60a4efa7ac13bc59ae003488be84d2f0c1e57ddb7f39""}","{""python"": ""3.12.10"", ""numpy"": ""2.5.1"", ""pandas"": ""3.0.3"", ""statsmodels"": ""0.14.6"", ""scipy"": ""1.18.0""}"
shard3,396001,102,545,included_final_1000,"(396001, 102)",completed,True,,pooled (real draws),81e9437bee81301cf598ccadda508c9ac9305bf4,"{""finite_shot_end_to_end.parquet"": ""22b5e761f461c6bfde7a60a4efa7ac13bc59ae003488be84d2f0c1e57ddb7f39""}","{""python"": ""3.12.10"", ""numpy"": ""2.5.1"", ""pandas"": ""3.0.3"", ""statsmodels"": ""0.14.6"", ""scipy"": ""1.18.0""}"
shard3,396001,103,546,included_final_1000,"(396001, 103)",completed,True,,pooled (real draws),81e9437bee81301cf598ccadda508c9ac9305bf4,"{""finite_shot_end_to_end.parquet"": ""22b5e761f461c6bfde7a60a4efa7ac13bc59ae003488be84d2f0c1e57ddb7f39""}","{""python"": ""3.12.10"", ""numpy"": ""2.5.1"", ""pandas"": ""3.0.3"", ""statsmodels"": ""0.14.6"", ""scipy"": ""1.18.0""}"
shard3,396001,104,547,included_final_1000,"(396001, 104)",completed,True,,pooled (real draws),81e9437bee81301cf598ccadda508c9ac9305bf4,"{""finite_shot_end_to_end.parquet"": ""22b5e761f461c6bfde7a60a4efa7ac13bc59ae003488be84d2f0c1e57ddb7f39""}","{""python"": ""3.12.10"", ""numpy"": ""2.5.1"", ""pandas"": ""3.0.3"", ""statsmodels"": ""0.14.6"", ""scipy"": ""1.18.0""}"
shard3,396001,105,548,included_final_1000,"(396001, 105)",completed,True,,pooled (real draws),81e9437bee81301cf598ccadda508c9ac9305bf4,"{""finite_shot_end_to_end.parquet"": ""22b5e761f461c6bfde7a60a4efa7ac13bc59ae003488be84d2f0c1e57ddb7f39""}","{""python"": ""3.12.10"", ""numpy"": ""2.5.1"", ""pandas"": ""3.0.3"", ""statsmodels"": ""0.14.6"", ""scipy"": ""1.18.0""}"
shard3,396001,106,549,included_final_1000,"(396001, 106)",completed,True,,pooled (real draws),81e9437bee81301cf598ccadda508c9ac9305bf4,"{""finite_shot_end_to_end.parquet"": ""22b5e761f461c6bfde7a60a4efa7ac13bc59ae003488be84d2f0c1e57ddb7f39""}","{""python"": ""3.12.10"", ""numpy"": ""2.5.1"", ""pandas"": ""3.0.3"", ""statsmodels"": ""0.14.6"", ""scipy"": ""1.18.0""}"
shard3,396001,107,550,included_final_1000,"(396001, 107)",completed,True,,pooled (real draws),81e9437bee81301cf598ccadda508c9ac9305bf4,"{""finite_shot_end_to_end.parquet"": ""22b5e761f461c6bfde7a60a4efa7ac13bc59ae003488be84d2f0c1e57ddb7f39""}","{""python"": ""3.12.10"", ""numpy"": ""2.5.1"", ""pandas"": ""3.0.3"", ""statsmodels"": ""0.14.6"", ""scipy"": ""1.18.0""}"
shard3,396001,108,551,included_final_1000,"(396001, 108)",completed,True,,pooled (real draws),81e9437bee81301cf598ccadda508c9ac9305bf4,"{""finite_shot_end_to_end.parquet"": ""22b5e761f461c6bfde7a60a4efa7ac13bc59ae003488be84d2f0c1e57ddb7f39""}","{""python"": ""3.12.10"", ""numpy"": ""2.5.1"", ""pandas"": ""3.0.3"", ""statsmodels"": ""0.14.6"", ""scipy"": ""1.18.0""}"
shard3,396001,109,552,included_final_1000,"(396001, 109)",completed,True,,pooled (real draws),81e9437bee81301cf598ccadda508c9ac9305bf4,"{""finite_shot_end_to_end.parquet"": ""22b5e761f461c6bfde7a60a4efa7ac13bc59ae003488be84d2f0c1e57ddb7f39""}","{""python"": ""3.12.10"", ""numpy"": ""2.5.1"", ""pandas"": ""3.0.3"", ""statsmodels"": ""0.14.6"", ""scipy"": ""1.18.0""}"
shard3,396001,110,553,included_final_1000,"(396001, 110)",completed,True,,pooled (real draws),81e9437bee81301cf598ccadda508c9ac9305bf4,"{""finite_shot_end_to_end.parquet"": ""22b5e761f461c6bfde7a60a4efa7ac13bc59ae003488be84d2f0c1e57ddb7f39""}","{""python"": ""3.12.10"", ""numpy"": ""2.5.1"", ""pandas"": ""3.0.3"", ""statsmodels"": ""0.14.6"", ""scipy"": ""1.18.0""}"
shard3,396001,111,554,included_final_1000,"(396001, 111)",completed,True,,pooled (real draws),81e9437bee81301cf598ccadda508c9ac9305bf4,"{""finite_shot_end_to_end.parquet"": ""22b5e761f461c6bfde7a60a4efa7ac13bc59ae003488be84d2f0c1e57ddb7f39""}","{""python"": ""3.12.10"", ""numpy"": ""2.5.1"", ""pandas"": ""3.0.3"", ""statsmodels"": ""0.14.6"", ""scipy"": ""1.18.0""}"
shard3,396001,112,555,included_final_1000,"(396001, 112)",completed,True,,pooled (real draws),81e9437bee81301cf598ccadda508c9ac9305bf4,"{""finite_shot_end_to_end.parquet"": ""22b5e761f461c6bfde7a60a4efa7ac13bc59ae003488be84d2f0c1e57ddb7f39""}","{""python"": ""3.12.10"", ""numpy"": ""2.5.1"", ""pandas"": ""3.0.3"", ""statsmodels"": ""0.14.6"", ""scipy"": ""1.18.0""}"
shard3,396001,113,556,included_final_1000,"(396001, 113)",completed,True,,pooled (real draws),81e9437bee81301cf598ccadda508c9ac9305bf4,"{""finite_shot_end_to_end.parquet"": ""22b5e761f461c6bfde7a60a4efa7ac13bc59ae003488be84d2f0c1e57ddb7f39""}","{""python"": ""3.12.10"", ""numpy"": ""2.5.1"", ""pandas"": ""3.0.3"", ""statsmodels"": ""0.14.6"", ""scipy"": ""1.18.0""}"
shard3,396001,114,557,included_final_1000,"(396001, 114)",completed,True,,pooled (real draws),81e9437bee81301cf598ccadda508c9ac9305bf4,"{""finite_shot_end_to_end.parquet"": ""22b5e761f461c6bfde7a60a4efa7ac13bc59ae003488be84d2f0c1e57ddb7f39""}","{""python"": ""3.12.10"", ""numpy"": ""2.5.1"", ""pandas"": ""3.0.3"", ""statsmodels"": ""0.14.6"", ""scipy"": ""1.18.0""}"
shard3,396001,115,558,included_final_1000,"(396001, 115)",completed,True,,pooled (real draws),81e9437bee81301cf598ccadda508c9ac9305bf4,"{""finite_shot_end_to_end.parquet"": ""22b5e761f461c6bfde7a60a4efa7ac13bc59ae003488be84d2f0c1e57ddb7f39""}","{""python"": ""3.12.10"", ""numpy"": ""2.5.1"", ""pandas"": ""3.0.3"", ""statsmodels"": ""0.14.6"", ""scipy"": ""1.18.0""}"
shard3,396001,116,559,included_final_1000,"(396001, 116)",completed,True,,pooled (real draws),81e9437bee81301cf598ccadda508c9ac9305bf4,"{""finite_shot_end_to_end.parquet"": ""22b5e761f461c6bfde7a60a4efa7ac13bc59ae003488be84d2f0c1e57ddb7f39""}","{""python"": ""3.12.10"", ""numpy"": ""2.5.1"", ""pandas"": ""3.0.3"", ""statsmodels"": ""0.14.6"", ""scipy"": ""1.18.0""}"
shard3,396001,117,560,included_final_1000,"(396001, 117)",completed,True,,pooled (real draws),81e9437bee81301cf598ccadda508c9ac9305bf4,"{""finite_shot_end_to_end.parquet"": ""22b5e761f461c6bfde7a60a4efa7ac13bc59ae003488be84d2f0c1e57ddb7f39""}","{""python"": ""3.12.10"", ""numpy"": ""2.5.1"", ""pandas"": ""3.0.3"", ""statsmodels"": ""0.14.6"", ""scipy"": ""1.18.0""}"
shard3,396001,118,561,included_final_1000,"(396001, 118)",completed,True,,pooled (real draws),81e9437bee81301cf598ccadda508c9ac9305bf4,"{""finite_shot_end_to_end.parquet"": ""22b5e761f461c6bfde7a60a4efa7ac13bc59ae003488be84d2f0c1e57ddb7f39""}","{""python"": ""3.12.10"", ""numpy"": ""2.5.1"", ""pandas"": ""3.0.3"", ""statsmodels"": ""0.14.6"", ""scipy"": ""1.18.0""}"
shard3,396001,119,562,included_final_1000,"(396001, 119)",completed,True,,pooled (real draws),81e9437bee81301cf598ccadda508c9ac9305bf4,"{""finite_shot_end_to_end.parquet"": ""22b5e761f461c6bfde7a60a4efa7ac13bc59ae003488be84d2f0c1e57ddb7f39""}","{""python"": ""3.12.10"", ""numpy"": ""2.5.1"", ""pandas"": ""3.0.3"", ""statsmodels"": ""0.14.6"", ""scipy"": ""1.18.0""}"
shard3,396001,120,563,included_final_1000,"(396001, 120)",completed,True,,pooled (real draws),81e9437bee81301cf598ccadda508c9ac9305bf4,"{""finite_shot_end_to_end.parquet"": ""22b5e761f461c6bfde7a60a4efa7ac13bc59ae003488be84d2f0c1e57ddb7f39""}","{""python"": ""3.12.10"", ""numpy"": ""2.5.1"", ""pandas"": ""3.0.3"", ""statsmodels"": ""0.14.6"", ""scipy"": ""1.18.0""}"
shard3,396001,121,564,included_final_1000,"(396001, 121)",completed,True,,pooled (real draws),81e9437bee81301cf598ccadda508c9ac9305bf4,"{""finite_shot_end_to_end.parquet"": ""22b5e761f461c6bfde7a60a4efa7ac13bc59ae003488be84d2f0c1e57ddb7f39""}","{""python"": ""3.12.10"", ""numpy"": ""2.5.1"", ""pandas"": ""3.0.3"", ""statsmodels"": ""0.14.6"", ""scipy"": ""1.18.0""}"
shard3,396001,122,565,included_final_1000,"(396001, 122)",completed,True,,pooled (real draws),81e9437bee81301cf598ccadda508c9ac9305bf4,"{""finite_shot_end_to_end.parquet"": ""22b5e761f461c6bfde7a60a4efa7ac13bc59ae003488be84d2f0c1e57ddb7f39""}","{""python"": ""3.12.10"", ""numpy"": ""2.5.1"", ""pandas"": ""3.0.3"", ""statsmodels"": ""0.14.6"", ""scipy"": ""1.18.0""}"
shard3,396001,123,566,included_final_1000,"(396001, 123)",completed,True,,pooled (real draws),81e9437bee81301cf598ccadda508c9ac9305bf4,"{""finite_shot_end_to_end.parquet"": ""22b5e761f461c6bfde7a60a4efa7ac13bc59ae003488be84d2f0c1e57ddb7f39""}","{""python"": ""3.12.10"", ""numpy"": ""2.5.1"", ""pandas"": ""3.0.3"", ""statsmodels"": ""0.14.6"", ""scipy"": ""1.18.0""}"
shard3,396001,124,567,included_final_1000,"(396001, 124)",completed,True,,pooled (real draws),81e9437bee81301cf598ccadda508c9ac9305bf4,"{""finite_shot_end_to_end.parquet"": ""22b5e761f461c6bfde7a60a4efa7ac13bc59ae003488be84d2f0c1e57ddb7f39""}","{""python"": ""3.12.10"", ""numpy"": ""2.5.1"", ""pandas"": ""3.0.3"", ""statsmodels"": ""0.14.6"", ""scipy"": ""1.18.0""}"
shard3,396001,125,568,included_final_1000,"(396001, 125)",completed,True,,pooled (real draws),81e9437bee81301cf598ccadda508c9ac9305bf4,"{""finite_shot_end_to_end.parquet"": ""22b5e761f461c6bfde7a60a4efa7ac13bc59ae003488be84d2f0c1e57ddb7f39""}","{""python"": ""3.12.10"", ""numpy"": ""2.5.1"", ""pandas"": ""3.0.3"", ""statsmodels"": ""0.14.6"", ""scipy"": ""1.18.0""}"
shard3,396001,126,569,included_final_1000,"(396001, 126)",completed,True,,pooled (real draws),81e9437bee81301cf598ccadda508c9ac9305bf4,"{""finite_shot_end_to_end.parquet"": ""22b5e761f461c6bfde7a60a4efa7ac13bc59ae003488be84d2f0c1e57ddb7f39""}","{""python"": ""3.12.10"", ""numpy"": ""2.5.1"", ""pandas"": ""3.0.3"", ""statsmodels"": ""0.14.6"", ""scipy"": ""1.18.0""}"
shard4,406001,0,570,included_final_1000,"(406001, 0)",completed,True,,pooled (real draws),81e9437bee81301cf598ccadda508c9ac9305bf4,"{""finite_shot_end_to_end.parquet"": ""22b5e761f461c6bfde7a60a4efa7ac13bc59ae003488be84d2f0c1e57ddb7f39""}","{""python"": ""3.12.10"", ""numpy"": ""2.5.1"", ""pandas"": ""3.0.3"", ""statsmodels"": ""0.14.6"", ""scipy"": ""1.18.0""}"
shard4,406001,1,571,included_final_1000,"(406001, 1)",completed,True,,pooled (real draws),81e9437bee81301cf598ccadda508c9ac9305bf4,"{""finite_shot_end_to_end.parquet"": ""22b5e761f461c6bfde7a60a4efa7ac13bc59ae003488be84d2f0c1e57ddb7f39""}","{""python"": ""3.12.10"", ""numpy"": ""2.5.1"", ""pandas"": ""3.0.3"", ""statsmodels"": ""0.14.6"", ""scipy"": ""1.18.0""}"
shard4,406001,2,572,included_final_1000,"(406001, 2)",completed,True,,pooled (real draws),81e9437bee81301cf598ccadda508c9ac9305bf4,"{""finite_shot_end_to_end.parquet"": ""22b5e761f461c6bfde7a60a4efa7ac13bc59ae003488be84d2f0c1e57ddb7f39""}","{""python"": ""3.12.10"", ""numpy"": ""2.5.1"", ""pandas"": ""3.0.3"", ""statsmodels"": ""0.14.6"", ""scipy"": ""1.18.0""}"
shard4,406001,3,573,included_final_1000,"(406001, 3)",completed,True,,pooled (real draws),81e9437bee81301cf598ccadda508c9ac9305bf4,"{""finite_shot_end_to_end.parquet"": ""22b5e761f461c6bfde7a60a4efa7ac13bc59ae003488be84d2f0c1e57ddb7f39""}","{""python"": ""3.12.10"", ""numpy"": ""2.5.1"", ""pandas"": ""3.0.3"", ""statsmodels"": ""0.14.6"", ""scipy"": ""1.18.0""}"
shard4,406001,4,574,included_final_1000,"(406001, 4)",completed,True,,pooled (real draws),81e9437bee81301cf598ccadda508c9ac9305bf4,"{""finite_shot_end_to_end.parquet"": ""22b5e761f461c6bfde7a60a4efa7ac13bc59ae003488be84d2f0c1e57ddb7f39""}","{""python"": ""3.12.10"", ""numpy"": ""2.5.1"", ""pandas"": ""3.0.3"", ""statsmodels"": ""0.14.6"", ""scipy"": ""1.18.0""}"
shard4,406001,5,575,included_final_1000,"(406001, 5)",completed,True,,pooled (real draws),81e9437bee81301cf598ccadda508c9ac9305bf4,"{""finite_shot_end_to_end.parquet"": ""22b5e761f461c6bfde7a60a4efa7ac13bc59ae003488be84d2f0c1e57ddb7f39""}","{""python"": ""3.12.10"", ""numpy"": ""2.5.1"", ""pandas"": ""3.0.3"", ""statsmodels"": ""0.14.6"", ""scipy"": ""1.18.0""}"
shard4,406001,6,576,included_final_1000,"(406001, 6)",completed,True,,pooled (real draws),81e9437bee81301cf598ccadda508c9ac9305bf4,"{""finite_shot_end_to_end.parquet"": ""22b5e761f461c6bfde7a60a4efa7ac13bc59ae003488be84d2f0c1e57ddb7f39""}","{""python"": ""3.12.10"", ""numpy"": ""2.5.1"", ""pandas"": ""3.0.3"", ""statsmodels"": ""0.14.6"", ""scipy"": ""1.18.0""}"
shard4,406001,7,577,included_final_1000,"(406001, 7)",completed,True,,pooled (real draws),81e9437bee81301cf598ccadda508c9ac9305bf4,"{""finite_shot_end_to_end.parquet"": ""22b5e761f461c6bfde7a60a4efa7ac13bc59ae003488be84d2f0c1e57ddb7f39""}","{""python"": ""3.12.10"", ""numpy"": ""2.5.1"", ""pandas"": ""3.0.3"", ""statsmodels"": ""0.14.6"", ""scipy"": ""1.18.0""}"
shard4,406001,8,578,included_final_1000,"(406001, 8)",completed,True,,pooled (real draws),81e9437bee81301cf598ccadda508c9ac9305bf4,"{""finite_shot_end_to_end.parquet"": ""22b5e761f461c6bfde7a60a4efa7ac13bc59ae003488be84d2f0c1e57ddb7f39""}","{""python"": ""3.12.10"", ""numpy"": ""2.5.1"", ""pandas"": ""3.0.3"", ""statsmodels"": ""0.14.6"", ""scipy"": ""1.18.0""}"
shard4,406001,9,579,included_final_1000,"(406001, 9)",completed,True,,pooled (real draws),81e9437bee81301cf598ccadda508c9ac9305bf4,"{""finite_shot_end_to_end.parquet"": ""22b5e761f461c6bfde7a60a4efa7ac13bc59ae003488be84d2f0c1e57ddb7f39""}","{""python"": ""3.12.10"", ""numpy"": ""2.5.1"", ""pandas"": ""3.0.3"", ""statsmodels"": ""0.14.6"", ""scipy"": ""1.18.0""}"
shard4,406001,10,580,included_final_1000,"(406001, 10)",completed,True,,pooled (real draws),81e9437bee81301cf598ccadda508c9ac9305bf4,"{""finite_shot_end_to_end.parquet"": ""22b5e761f461c6bfde7a60a4efa7ac13bc59ae003488be84d2f0c1e57ddb7f39""}","{""python"": ""3.12.10"", ""numpy"": ""2.5.1"", ""pandas"": ""3.0.3"", ""statsmodels"": ""0.14.6"", ""scipy"": ""1.18.0""}"
shard4,406001,11,581,included_final_1000,"(406001, 11)",completed,True,,pooled (real draws),81e9437bee81301cf598ccadda508c9ac9305bf4,"{""finite_shot_end_to_end.parquet"": ""22b5e761f461c6bfde7a60a4efa7ac13bc59ae003488be84d2f0c1e57ddb7f39""}","{""python"": ""3.12.10"", ""numpy"": ""2.5.1"", ""pandas"": ""3.0.3"", ""statsmodels"": ""0.14.6"", ""scipy"": ""1.18.0""}"
shard4,406001,12,582,included_final_1000,"(406001, 12)",completed,True,,pooled (real draws),81e9437bee81301cf598ccadda508c9ac9305bf4,"{""finite_shot_end_to_end.parquet"": ""22b5e761f461c6bfde7a60a4efa7ac13bc59ae003488be84d2f0c1e57ddb7f39""}","{""python"": ""3.12.10"", ""numpy"": ""2.5.1"", ""pandas"": ""3.0.3"", ""statsmodels"": ""0.14.6"", ""scipy"": ""1.18.0""}"
shard4,406001,13,583,included_final_1000,"(406001, 13)",completed,True,,pooled (real draws),81e9437bee81301cf598ccadda508c9ac9305bf4,"{""finite_shot_end_to_end.parquet"": ""22b5e761f461c6bfde7a60a4efa7ac13bc59ae003488be84d2f0c1e57ddb7f39""}","{""python"": ""3.12.10"", ""numpy"": ""2.5.1"", ""pandas"": ""3.0.3"", ""statsmodels"": ""0.14.6"", ""scipy"": ""1.18.0""}"
shard4,406001,14,584,included_final_1000,"(406001, 14)",completed,True,,pooled (real draws),81e9437bee81301cf598ccadda508c9ac9305bf4,"{""finite_shot_end_to_end.parquet"": ""22b5e761f461c6bfde7a60a4efa7ac13bc59ae003488be84d2f0c1e57ddb7f39""}","{""python"": ""3.12.10"", ""numpy"": ""2.5.1"", ""pandas"": ""3.0.3"", ""statsmodels"": ""0.14.6"", ""scipy"": ""1.18.0""}"
shard4,406001,15,585,included_final_1000,"(406001, 15)",completed,True,,pooled (real draws),81e9437bee81301cf598ccadda508c9ac9305bf4,"{""finite_shot_end_to_end.parquet"": ""22b5e761f461c6bfde7a60a4efa7ac13bc59ae003488be84d2f0c1e57ddb7f39""}","{""python"": ""3.12.10"", ""numpy"": ""2.5.1"", ""pandas"": ""3.0.3"", ""statsmodels"": ""0.14.6"", ""scipy"": ""1.18.0""}"
shard4,406001,16,586,included_final_1000,"(406001, 16)",completed,True,,pooled (real draws),81e9437bee81301cf598ccadda508c9ac9305bf4,"{""finite_shot_end_to_end.parquet"": ""22b5e761f461c6bfde7a60a4efa7ac13bc59ae003488be84d2f0c1e57ddb7f39""}","{""python"": ""3.12.10"", ""numpy"": ""2.5.1"", ""pandas"": ""3.0.3"", ""statsmodels"": ""0.14.6"", ""scipy"": ""1.18.0""}"
shard4,406001,17,587,included_final_1000,"(406001, 17)",completed,True,,pooled (real draws),81e9437bee81301cf598ccadda508c9ac9305bf4,"{""finite_shot_end_to_end.parquet"": ""22b5e761f461c6bfde7a60a4efa7ac13bc59ae003488be84d2f0c1e57ddb7f39""}","{""python"": ""3.12.10"", ""numpy"": ""2.5.1"", ""pandas"": ""3.0.3"", ""statsmodels"": ""0.14.6"", ""scipy"": ""1.18.0""}"
shard4,406001,18,588,included_final_1000,"(406001, 18)",completed,True,,pooled (real draws),81e9437bee81301cf598ccadda508c9ac9305bf4,"{""finite_shot_end_to_end.parquet"": ""22b5e761f461c6bfde7a60a4efa7ac13bc59ae003488be84d2f0c1e57ddb7f39""}","{""python"": ""3.12.10"", ""numpy"": ""2.5.1"", ""pandas"": ""3.0.3"", ""statsmodels"": ""0.14.6"", ""scipy"": ""1.18.0""}"
shard4,406001,19,589,included_final_1000,"(406001, 19)",completed,True,,pooled (real draws),81e9437bee81301cf598ccadda508c9ac9305bf4,"{""finite_shot_end_to_end.parquet"": ""22b5e761f461c6bfde7a60a4efa7ac13bc59ae003488be84d2f0c1e57ddb7f39""}","{""python"": ""3.12.10"", ""numpy"": ""2.5.1"", ""pandas"": ""3.0.3"", ""statsmodels"": ""0.14.6"", ""scipy"": ""1.18.0""}"
shard4,406001,20,590,included_final_1000,"(406001, 20)",completed,True,,pooled (real draws),81e9437bee81301cf598ccadda508c9ac9305bf4,"{""finite_shot_end_to_end.parquet"": ""22b5e761f461c6bfde7a60a4efa7ac13bc59ae003488be84d2f0c1e57ddb7f39""}","{""python"": ""3.12.10"", ""numpy"": ""2.5.1"", ""pandas"": ""3.0.3"", ""statsmodels"": ""0.14.6"", ""scipy"": ""1.18.0""}"
shard4,406001,21,591,included_final_1000,"(406001, 21)",completed,True,,pooled (real draws),81e9437bee81301cf598ccadda508c9ac9305bf4,"{""finite_shot_end_to_end.parquet"": ""22b5e761f461c6bfde7a60a4efa7ac13bc59ae003488be84d2f0c1e57ddb7f39""}","{""python"": ""3.12.10"", ""numpy"": ""2.5.1"", ""pandas"": ""3.0.3"", ""statsmodels"": ""0.14.6"", ""scipy"": ""1.18.0""}"
shard4,406001,22,592,included_final_1000,"(406001, 22)",completed,True,,pooled (real draws),81e9437bee81301cf598ccadda508c9ac9305bf4,"{""finite_shot_end_to_end.parquet"": ""22b5e761f461c6bfde7a60a4efa7ac13bc59ae003488be84d2f0c1e57ddb7f39""}","{""python"": ""3.12.10"", ""numpy"": ""2.5.1"", ""pandas"": ""3.0.3"", ""statsmodels"": ""0.14.6"", ""scipy"": ""1.18.0""}"
shard4,406001,23,593,included_final_1000,"(406001, 23)",completed,True,,pooled (real draws),81e9437bee81301cf598ccadda508c9ac9305bf4,"{""finite_shot_end_to_end.parquet"": ""22b5e761f461c6bfde7a60a4efa7ac13bc59ae003488be84d2f0c1e57ddb7f39""}","{""python"": ""3.12.10"", ""numpy"": ""2.5.1"", ""pandas"": ""3.0.3"", ""statsmodels"": ""0.14.6"", ""scipy"": ""1.18.0""}"
shard4,406001,24,594,included_final_1000,"(406001, 24)",completed,True,,pooled (real draws),81e9437bee81301cf598ccadda508c9ac9305bf4,"{""finite_shot_end_to_end.parquet"": ""22b5e761f461c6bfde7a60a4efa7ac13bc59ae003488be84d2f0c1e57ddb7f39""}","{""python"": ""3.12.10"", ""numpy"": ""2.5.1"", ""pandas"": ""3.0.3"", ""statsmodels"": ""0.14.6"", ""scipy"": ""1.18.0""}"
shard4,406001,25,595,included_final_1000,"(406001, 25)",completed,True,,pooled (real draws),81e9437bee81301cf598ccadda508c9ac9305bf4,"{""finite_shot_end_to_end.parquet"": ""22b5e761f461c6bfde7a60a4efa7ac13bc59ae003488be84d2f0c1e57ddb7f39""}","{""python"": ""3.12.10"", ""numpy"": ""2.5.1"", ""pandas"": ""3.0.3"", ""statsmodels"": ""0.14.6"", ""scipy"": ""1.18.0""}"
shard4,406001,26,596,included_final_1000,"(406001, 26)",completed,True,,pooled (real draws),81e9437bee81301cf598ccadda508c9ac9305bf4,"{""finite_shot_end_to_end.parquet"": ""22b5e761f461c6bfde7a60a4efa7ac13bc59ae003488be84d2f0c1e57ddb7f39""}","{""python"": ""3.12.10"", ""numpy"": ""2.5.1"", ""pandas"": ""3.0.3"", ""statsmodels"": ""0.14.6"", ""scipy"": ""1.18.0""}"
shard4,406001,27,597,included_final_1000,"(406001, 27)",completed,True,,pooled (real draws),81e9437bee81301cf598ccadda508c9ac9305bf4,"{""finite_shot_end_to_end.parquet"": ""22b5e761f461c6bfde7a60a4efa7ac13bc59ae003488be84d2f0c1e57ddb7f39""}","{""python"": ""3.12.10"", ""numpy"": ""2.5.1"", ""pandas"": ""3.0.3"", ""statsmodels"": ""0.14.6"", ""scipy"": ""1.18.0""}"
shard4,406001,28,598,included_final_1000,"(406001, 28)",completed,True,,pooled (real draws),81e9437bee81301cf598ccadda508c9ac9305bf4,"{""finite_shot_end_to_end.parquet"": ""22b5e761f461c6bfde7a60a4efa7ac13bc59ae003488be84d2f0c1e57ddb7f39""}","{""python"": ""3.12.10"", ""numpy"": ""2.5.1"", ""pandas"": ""3.0.3"", ""statsmodels"": ""0.14.6"", ""scipy"": ""1.18.0""}"
shard4,406001,29,599,included_final_1000,"(406001, 29)",completed,True,,pooled (real draws),81e9437bee81301cf598ccadda508c9ac9305bf4,"{""finite_shot_end_to_end.parquet"": ""22b5e761f461c6bfde7a60a4efa7ac13bc59ae003488be84d2f0c1e57ddb7f39""}","{""python"": ""3.12.10"", ""numpy"": ""2.5.1"", ""pandas"": ""3.0.3"", ""statsmodels"": ""0.14.6"", ""scipy"": ""1.18.0""}"
shard4,406001,30,600,included_final_1000,"(406001, 30)",completed,True,,pooled (real draws),81e9437bee81301cf598ccadda508c9ac9305bf4,"{""finite_shot_end_to_end.parquet"": ""22b5e761f461c6bfde7a60a4efa7ac13bc59ae003488be84d2f0c1e57ddb7f39""}","{""python"": ""3.12.10"", ""numpy"": ""2.5.1"", ""pandas"": ""3.0.3"", ""statsmodels"": ""0.14.6"", ""scipy"": ""1.18.0""}"
shard4,406001,31,601,included_final_1000,"(406001, 31)",completed,True,,pooled (real draws),81e9437bee81301cf598ccadda508c9ac9305bf4,"{""finite_shot_end_to_end.parquet"": ""22b5e761f461c6bfde7a60a4efa7ac13bc59ae003488be84d2f0c1e57ddb7f39""}","{""python"": ""3.12.10"", ""numpy"": ""2.5.1"", ""pandas"": ""3.0.3"", ""statsmodels"": ""0.14.6"", ""scipy"": ""1.18.0""}"
shard4,406001,32,602,included_final_1000,"(406001, 32)",completed,True,,pooled (real draws),81e9437bee81301cf598ccadda508c9ac9305bf4,"{""finite_shot_end_to_end.parquet"": ""22b5e761f461c6bfde7a60a4efa7ac13bc59ae003488be84d2f0c1e57ddb7f39""}","{""python"": ""3.12.10"", ""numpy"": ""2.5.1"", ""pandas"": ""3.0.3"", ""statsmodels"": ""0.14.6"", ""scipy"": ""1.18.0""}"
shard4,406001,33,603,included_final_1000,"(406001, 33)",completed,True,,pooled (real draws),81e9437bee81301cf598ccadda508c9ac9305bf4,"{""finite_shot_end_to_end.parquet"": ""22b5e761f461c6bfde7a60a4efa7ac13bc59ae003488be84d2f0c1e57ddb7f39""}","{""python"": ""3.12.10"", ""numpy"": ""2.5.1"", ""pandas"": ""3.0.3"", ""statsmodels"": ""0.14.6"", ""scipy"": ""1.18.0""}"
shard4,406001,34,604,included_final_1000,"(406001, 34)",completed,True,,pooled (real draws),81e9437bee81301cf598ccadda508c9ac9305bf4,"{""finite_shot_end_to_end.parquet"": ""22b5e761f461c6bfde7a60a4efa7ac13bc59ae003488be84d2f0c1e57ddb7f39""}","{""python"": ""3.12.10"", ""numpy"": ""2.5.1"", ""pandas"": ""3.0.3"", ""statsmodels"": ""0.14.6"", ""scipy"": ""1.18.0""}"
shard4,406001,35,605,included_final_1000,"(406001, 35)",completed,True,,pooled (real draws),81e9437bee81301cf598ccadda508c9ac9305bf4,"{""finite_shot_end_to_end.parquet"": ""22b5e761f461c6bfde7a60a4efa7ac13bc59ae003488be84d2f0c1e57ddb7f39""}","{""python"": ""3.12.10"", ""numpy"": ""2.5.1"", ""pandas"": ""3.0.3"", ""statsmodels"": ""0.14.6"", ""scipy"": ""1.18.0""}"
shard4,406001,36,606,included_final_1000,"(406001, 36)",completed,True,,pooled (real draws),81e9437bee81301cf598ccadda508c9ac9305bf4,"{""finite_shot_end_to_end.parquet"": ""22b5e761f461c6bfde7a60a4efa7ac13bc59ae003488be84d2f0c1e57ddb7f39""}","{""python"": ""3.12.10"", ""numpy"": ""2.5.1"", ""pandas"": ""3.0.3"", ""statsmodels"": ""0.14.6"", ""scipy"": ""1.18.0""}"
shard4,406001,37,607,included_final_1000,"(406001, 37)",completed,True,,pooled (real draws),81e9437bee81301cf598ccadda508c9ac9305bf4,"{""finite_shot_end_to_end.parquet"": ""22b5e761f461c6bfde7a60a4efa7ac13bc59ae003488be84d2f0c1e57ddb7f39""}","{""python"": ""3.12.10"", ""numpy"": ""2.5.1"", ""pandas"": ""3.0.3"", ""statsmodels"": ""0.14.6"", ""scipy"": ""1.18.0""}"
shard4,406001,38,608,included_final_1000,"(406001, 38)",completed,True,,pooled (real draws),81e9437bee81301cf598ccadda508c9ac9305bf4,"{""finite_shot_end_to_end.parquet"": ""22b5e761f461c6bfde7a60a4efa7ac13bc59ae003488be84d2f0c1e57ddb7f39""}","{""python"": ""3.12.10"", ""numpy"": ""2.5.1"", ""pandas"": ""3.0.3"", ""statsmodels"": ""0.14.6"", ""scipy"": ""1.18.0""}"
shard4,406001,39,609,included_final_1000,"(406001, 39)",completed,True,,pooled (real draws),81e9437bee81301cf598ccadda508c9ac9305bf4,"{""finite_shot_end_to_end.parquet"": ""22b5e761f461c6bfde7a60a4efa7ac13bc59ae003488be84d2f0c1e57ddb7f39""}","{""python"": ""3.12.10"", ""numpy"": ""2.5.1"", ""pandas"": ""3.0.3"", ""statsmodels"": ""0.14.6"", ""scipy"": ""1.18.0""}"
shard4,406001,40,610,included_final_1000,"(406001, 40)",completed,True,,pooled (real draws),81e9437bee81301cf598ccadda508c9ac9305bf4,"{""finite_shot_end_to_end.parquet"": ""22b5e761f461c6bfde7a60a4efa7ac13bc59ae003488be84d2f0c1e57ddb7f39""}","{""python"": ""3.12.10"", ""numpy"": ""2.5.1"", ""pandas"": ""3.0.3"", ""statsmodels"": ""0.14.6"", ""scipy"": ""1.18.0""}"
shard4,406001,41,611,included_final_1000,"(406001, 41)",completed,True,,pooled (real draws),81e9437bee81301cf598ccadda508c9ac9305bf4,"{""finite_shot_end_to_end.parquet"": ""22b5e761f461c6bfde7a60a4efa7ac13bc59ae003488be84d2f0c1e57ddb7f39""}","{""python"": ""3.12.10"", ""numpy"": ""2.5.1"", ""pandas"": ""3.0.3"", ""statsmodels"": ""0.14.6"", ""scipy"": ""1.18.0""}"
shard4,406001,42,612,included_final_1000,"(406001, 42)",completed,True,,pooled (real draws),81e9437bee81301cf598ccadda508c9ac9305bf4,"{""finite_shot_end_to_end.parquet"": ""22b5e761f461c6bfde7a60a4efa7ac13bc59ae003488be84d2f0c1e57ddb7f39""}","{""python"": ""3.12.10"", ""numpy"": ""2.5.1"", ""pandas"": ""3.0.3"", ""statsmodels"": ""0.14.6"", ""scipy"": ""1.18.0""}"
shard4,406001,43,613,included_final_1000,"(406001, 43)",completed,True,,pooled (real draws),81e9437bee81301cf598ccadda508c9ac9305bf4,"{""finite_shot_end_to_end.parquet"": ""22b5e761f461c6bfde7a60a4efa7ac13bc59ae003488be84d2f0c1e57ddb7f39""}","{""python"": ""3.12.10"", ""numpy"": ""2.5.1"", ""pandas"": ""3.0.3"", ""statsmodels"": ""0.14.6"", ""scipy"": ""1.18.0""}"
shard4,406001,44,614,included_final_1000,"(406001, 44)",completed,True,,pooled (real draws),81e9437bee81301cf598ccadda508c9ac9305bf4,"{""finite_shot_end_to_end.parquet"": ""22b5e761f461c6bfde7a60a4efa7ac13bc59ae003488be84d2f0c1e57ddb7f39""}","{""python"": ""3.12.10"", ""numpy"": ""2.5.1"", ""pandas"": ""3.0.3"", ""statsmodels"": ""0.14.6"", ""scipy"": ""1.18.0""}"
shard4,406001,45,615,included_final_1000,"(406001, 45)",completed,True,,pooled (real draws),81e9437bee81301cf598ccadda508c9ac9305bf4,"{""finite_shot_end_to_end.parquet"": ""22b5e761f461c6bfde7a60a4efa7ac13bc59ae003488be84d2f0c1e57ddb7f39""}","{""python"": ""3.12.10"", ""numpy"": ""2.5.1"", ""pandas"": ""3.0.3"", ""statsmodels"": ""0.14.6"", ""scipy"": ""1.18.0""}"
shard4,406001,46,616,included_final_1000,"(406001, 46)",completed,True,,pooled (real draws),81e9437bee81301cf598ccadda508c9ac9305bf4,"{""finite_shot_end_to_end.parquet"": ""22b5e761f461c6bfde7a60a4efa7ac13bc59ae003488be84d2f0c1e57ddb7f39""}","{""python"": ""3.12.10"", ""numpy"": ""2.5.1"", ""pandas"": ""3.0.3"", ""statsmodels"": ""0.14.6"", ""scipy"": ""1.18.0""}"
shard4,406001,47,617,included_final_1000,"(406001, 47)",completed,True,,pooled (real draws),81e9437bee81301cf598ccadda508c9ac9305bf4,"{""finite_shot_end_to_end.parquet"": ""22b5e761f461c6bfde7a60a4efa7ac13bc59ae003488be84d2f0c1e57ddb7f39""}","{""python"": ""3.12.10"", ""numpy"": ""2.5.1"", ""pandas"": ""3.0.3"", ""statsmodels"": ""0.14.6"", ""scipy"": ""1.18.0""}"
shard4,406001,48,618,included_final_1000,"(406001, 48)",completed,True,,pooled (real draws),81e9437bee81301cf598ccadda508c9ac9305bf4,"{""finite_shot_end_to_end.parquet"": ""22b5e761f461c6bfde7a60a4efa7ac13bc59ae003488be84d2f0c1e57ddb7f39""}","{""python"": ""3.12.10"", ""numpy"": ""2.5.1"", ""pandas"": ""3.0.3"", ""statsmodels"": ""0.14.6"", ""scipy"": ""1.18.0""}"
shard4,406001,49,619,included_final_1000,"(406001, 49)",completed,True,,pooled (real draws),81e9437bee81301cf598ccadda508c9ac9305bf4,"{""finite_shot_end_to_end.parquet"": ""22b5e761f461c6bfde7a60a4efa7ac13bc59ae003488be84d2f0c1e57ddb7f39""}","{""python"": ""3.12.10"", ""numpy"": ""2.5.1"", ""pandas"": ""3.0.3"", ""statsmodels"": ""0.14.6"", ""scipy"": ""1.18.0""}"
shard4,406001,50,620,included_final_1000,"(406001, 50)",completed,True,,pooled (real draws),81e9437bee81301cf598ccadda508c9ac9305bf4,"{""finite_shot_end_to_end.parquet"": ""22b5e761f461c6bfde7a60a4efa7ac13bc59ae003488be84d2f0c1e57ddb7f39""}","{""python"": ""3.12.10"", ""numpy"": ""2.5.1"", ""pandas"": ""3.0.3"", ""statsmodels"": ""0.14.6"", ""scipy"": ""1.18.0""}"
shard4,406001,51,621,included_final_1000,"(406001, 51)",completed,True,,pooled (real draws),81e9437bee81301cf598ccadda508c9ac9305bf4,"{""finite_shot_end_to_end.parquet"": ""22b5e761f461c6bfde7a60a4efa7ac13bc59ae003488be84d2f0c1e57ddb7f39""}","{""python"": ""3.12.10"", ""numpy"": ""2.5.1"", ""pandas"": ""3.0.3"", ""statsmodels"": ""0.14.6"", ""scipy"": ""1.18.0""}"
shard4,406001,52,622,included_final_1000,"(406001, 52)",completed,True,,pooled (real draws),81e9437bee81301cf598ccadda508c9ac9305bf4,"{""finite_shot_end_to_end.parquet"": ""22b5e761f461c6bfde7a60a4efa7ac13bc59ae003488be84d2f0c1e57ddb7f39""}","{""python"": ""3.12.10"", ""numpy"": ""2.5.1"", ""pandas"": ""3.0.3"", ""statsmodels"": ""0.14.6"", ""scipy"": ""1.18.0""}"
shard4,406001,53,623,included_final_1000,"(406001, 53)",completed,True,,pooled (real draws),81e9437bee81301cf598ccadda508c9ac9305bf4,"{""finite_shot_end_to_end.parquet"": ""22b5e761f461c6bfde7a60a4efa7ac13bc59ae003488be84d2f0c1e57ddb7f39""}","{""python"": ""3.12.10"", ""numpy"": ""2.5.1"", ""pandas"": ""3.0.3"", ""statsmodels"": ""0.14.6"", ""scipy"": ""1.18.0""}"
shard4,406001,54,624,included_final_1000,"(406001, 54)",completed,True,,pooled (real draws),81e9437bee81301cf598ccadda508c9ac9305bf4,"{""finite_shot_end_to_end.parquet"": ""22b5e761f461c6bfde7a60a4efa7ac13bc59ae003488be84d2f0c1e57ddb7f39""}","{""python"": ""3.12.10"", ""numpy"": ""2.5.1"", ""pandas"": ""3.0.3"", ""statsmodels"": ""0.14.6"", ""scipy"": ""1.18.0""}"
shard4,406001,55,625,included_final_1000,"(406001, 55)",completed,True,,pooled (real draws),81e9437bee81301cf598ccadda508c9ac9305bf4,"{""finite_shot_end_to_end.parquet"": ""22b5e761f461c6bfde7a60a4efa7ac13bc59ae003488be84d2f0c1e57ddb7f39""}","{""python"": ""3.12.10"", ""numpy"": ""2.5.1"", ""pandas"": ""3.0.3"", ""statsmodels"": ""0.14.6"", ""scipy"": ""1.18.0""}"
shard4,406001,56,626,included_final_1000,"(406001, 56)",completed,True,,pooled (real draws),81e9437bee81301cf598ccadda508c9ac9305bf4,"{""finite_shot_end_to_end.parquet"": ""22b5e761f461c6bfde7a60a4efa7ac13bc59ae003488be84d2f0c1e57ddb7f39""}","{""python"": ""3.12.10"", ""numpy"": ""2.5.1"", ""pandas"": ""3.0.3"", ""statsmodels"": ""0.14.6"", ""scipy"": ""1.18.0""}"
shard4,406001,57,627,included_final_1000,"(406001, 57)",completed,True,,pooled (real draws),81e9437bee81301cf598ccadda508c9ac9305bf4,"{""finite_shot_end_to_end.parquet"": ""22b5e761f461c6bfde7a60a4efa7ac13bc59ae003488be84d2f0c1e57ddb7f39""}","{""python"": ""3.12.10"", ""numpy"": ""2.5.1"", ""pandas"": ""3.0.3"", ""statsmodels"": ""0.14.6"", ""scipy"": ""1.18.0""}"
shard4,406001,58,628,included_final_1000,"(406001, 58)",completed,True,,pooled (real draws),81e9437bee81301cf598ccadda508c9ac9305bf4,"{""finite_shot_end_to_end.parquet"": ""22b5e761f461c6bfde7a60a4efa7ac13bc59ae003488be84d2f0c1e57ddb7f39""}","{""python"": ""3.12.10"", ""numpy"": ""2.5.1"", ""pandas"": ""3.0.3"", ""statsmodels"": ""0.14.6"", ""scipy"": ""1.18.0""}"
shard4,406001,59,629,included_final_1000,"(406001, 59)",completed,True,,pooled (real draws),81e9437bee81301cf598ccadda508c9ac9305bf4,"{""finite_shot_end_to_end.parquet"": ""22b5e761f461c6bfde7a60a4efa7ac13bc59ae003488be84d2f0c1e57ddb7f39""}","{""python"": ""3.12.10"", ""numpy"": ""2.5.1"", ""pandas"": ""3.0.3"", ""statsmodels"": ""0.14.6"", ""scipy"": ""1.18.0""}"
shard4,406001,60,630,included_final_1000,"(406001, 60)",completed,True,,pooled (real draws),81e9437bee81301cf598ccadda508c9ac9305bf4,"{""finite_shot_end_to_end.parquet"": ""22b5e761f461c6bfde7a60a4efa7ac13bc59ae003488be84d2f0c1e57ddb7f39""}","{""python"": ""3.12.10"", ""numpy"": ""2.5.1"", ""pandas"": ""3.0.3"", ""statsmodels"": ""0.14.6"", ""scipy"": ""1.18.0""}"
shard4,406001,61,631,included_final_1000,"(406001, 61)",completed,True,,pooled (real draws),81e9437bee81301cf598ccadda508c9ac9305bf4,"{""finite_shot_end_to_end.parquet"": ""22b5e761f461c6bfde7a60a4efa7ac13bc59ae003488be84d2f0c1e57ddb7f39""}","{""python"": ""3.12.10"", ""numpy"": ""2.5.1"", ""pandas"": ""3.0.3"", ""statsmodels"": ""0.14.6"", ""scipy"": ""1.18.0""}"
shard4,406001,62,632,included_final_1000,"(406001, 62)",completed,True,,pooled (real draws),81e9437bee81301cf598ccadda508c9ac9305bf4,"{""finite_shot_end_to_end.parquet"": ""22b5e761f461c6bfde7a60a4efa7ac13bc59ae003488be84d2f0c1e57ddb7f39""}","{""python"": ""3.12.10"", ""numpy"": ""2.5.1"", ""pandas"": ""3.0.3"", ""statsmodels"": ""0.14.6"", ""scipy"": ""1.18.0""}"
shard4,406001,63,633,included_final_1000,"(406001, 63)",completed,True,,pooled (real draws),81e9437bee81301cf598ccadda508c9ac9305bf4,"{""finite_shot_end_to_end.parquet"": ""22b5e761f461c6bfde7a60a4efa7ac13bc59ae003488be84d2f0c1e57ddb7f39""}","{""python"": ""3.12.10"", ""numpy"": ""2.5.1"", ""pandas"": ""3.0.3"", ""statsmodels"": ""0.14.6"", ""scipy"": ""1.18.0""}"
shard4,406001,64,634,included_final_1000,"(406001, 64)",completed,True,,pooled (real draws),81e9437bee81301cf598ccadda508c9ac9305bf4,"{""finite_shot_end_to_end.parquet"": ""22b5e761f461c6bfde7a60a4efa7ac13bc59ae003488be84d2f0c1e57ddb7f39""}","{""python"": ""3.12.10"", ""numpy"": ""2.5.1"", ""pandas"": ""3.0.3"", ""statsmodels"": ""0.14.6"", ""scipy"": ""1.18.0""}"
shard4,406001,65,635,included_final_1000,"(406001, 65)",completed,True,,pooled (real draws),81e9437bee81301cf598ccadda508c9ac9305bf4,"{""finite_shot_end_to_end.parquet"": ""22b5e761f461c6bfde7a60a4efa7ac13bc59ae003488be84d2f0c1e57ddb7f39""}","{""python"": ""3.12.10"", ""numpy"": ""2.5.1"", ""pandas"": ""3.0.3"", ""statsmodels"": ""0.14.6"", ""scipy"": ""1.18.0""}"
shard4,406001,66,636,included_final_1000,"(406001, 66)",completed,True,,pooled (real draws),81e9437bee81301cf598ccadda508c9ac9305bf4,"{""finite_shot_end_to_end.parquet"": ""22b5e761f461c6bfde7a60a4efa7ac13bc59ae003488be84d2f0c1e57ddb7f39""}","{""python"": ""3.12.10"", ""numpy"": ""2.5.1"", ""pandas"": ""3.0.3"", ""statsmodels"": ""0.14.6"", ""scipy"": ""1.18.0""}"
shard4,406001,67,637,included_final_1000,"(406001, 67)",completed,True,,pooled (real draws),81e9437bee81301cf598ccadda508c9ac9305bf4,"{""finite_shot_end_to_end.parquet"": ""22b5e761f461c6bfde7a60a4efa7ac13bc59ae003488be84d2f0c1e57ddb7f39""}","{""python"": ""3.12.10"", ""numpy"": ""2.5.1"", ""pandas"": ""3.0.3"", ""statsmodels"": ""0.14.6"", ""scipy"": ""1.18.0""}"
shard4,406001,68,638,included_final_1000,"(406001, 68)",completed,True,,pooled (real draws),81e9437bee81301cf598ccadda508c9ac9305bf4,"{""finite_shot_end_to_end.parquet"": ""22b5e761f461c6bfde7a60a4efa7ac13bc59ae003488be84d2f0c1e57ddb7f39""}","{""python"": ""3.12.10"", ""numpy"": ""2.5.1"", ""pandas"": ""3.0.3"", ""statsmodels"": ""0.14.6"", ""scipy"": ""1.18.0""}"
shard4,406001,69,639,included_final_1000,"(406001, 69)",completed,True,,pooled (real draws),81e9437bee81301cf598ccadda508c9ac9305bf4,"{""finite_shot_end_to_end.parquet"": ""22b5e761f461c6bfde7a60a4efa7ac13bc59ae003488be84d2f0c1e57ddb7f39""}","{""python"": ""3.12.10"", ""numpy"": ""2.5.1"", ""pandas"": ""3.0.3"", ""statsmodels"": ""0.14.6"", ""scipy"": ""1.18.0""}"
shard4,406001,70,640,included_final_1000,"(406001, 70)",completed,True,,pooled (real draws),81e9437bee81301cf598ccadda508c9ac9305bf4,"{""finite_shot_end_to_end.parquet"": ""22b5e761f461c6bfde7a60a4efa7ac13bc59ae003488be84d2f0c1e57ddb7f39""}","{""python"": ""3.12.10"", ""numpy"": ""2.5.1"", ""pandas"": ""3.0.3"", ""statsmodels"": ""0.14.6"", ""scipy"": ""1.18.0""}"
shard4,406001,71,641,included_final_1000,"(406001, 71)",completed,True,,pooled (real draws),81e9437bee81301cf598ccadda508c9ac9305bf4,"{""finite_shot_end_to_end.parquet"": ""22b5e761f461c6bfde7a60a4efa7ac13bc59ae003488be84d2f0c1e57ddb7f39""}","{""python"": ""3.12.10"", ""numpy"": ""2.5.1"", ""pandas"": ""3.0.3"", ""statsmodels"": ""0.14.6"", ""scipy"": ""1.18.0""}"
shard4,406001,72,642,included_final_1000,"(406001, 72)",completed,True,,pooled (real draws),81e9437bee81301cf598ccadda508c9ac9305bf4,"{""finite_shot_end_to_end.parquet"": ""22b5e761f461c6bfde7a60a4efa7ac13bc59ae003488be84d2f0c1e57ddb7f39""}","{""python"": ""3.12.10"", ""numpy"": ""2.5.1"", ""pandas"": ""3.0.3"", ""statsmodels"": ""0.14.6"", ""scipy"": ""1.18.0""}"
shard4,406001,73,643,included_final_1000,"(406001, 73)",completed,True,,pooled (real draws),81e9437bee81301cf598ccadda508c9ac9305bf4,"{""finite_shot_end_to_end.parquet"": ""22b5e761f461c6bfde7a60a4efa7ac13bc59ae003488be84d2f0c1e57ddb7f39""}","{""python"": ""3.12.10"", ""numpy"": ""2.5.1"", ""pandas"": ""3.0.3"", ""statsmodels"": ""0.14.6"", ""scipy"": ""1.18.0""}"
shard4,406001,74,644,included_final_1000,"(406001, 74)",completed,True,,pooled (real draws),81e9437bee81301cf598ccadda508c9ac9305bf4,"{""finite_shot_end_to_end.parquet"": ""22b5e761f461c6bfde7a60a4efa7ac13bc59ae003488be84d2f0c1e57ddb7f39""}","{""python"": ""3.12.10"", ""numpy"": ""2.5.1"", ""pandas"": ""3.0.3"", ""statsmodels"": ""0.14.6"", ""scipy"": ""1.18.0""}"
shard4,406001,75,645,included_final_1000,"(406001, 75)",completed,True,,pooled (real draws),81e9437bee81301cf598ccadda508c9ac9305bf4,"{""finite_shot_end_to_end.parquet"": ""22b5e761f461c6bfde7a60a4efa7ac13bc59ae003488be84d2f0c1e57ddb7f39""}","{""python"": ""3.12.10"", ""numpy"": ""2.5.1"", ""pandas"": ""3.0.3"", ""statsmodels"": ""0.14.6"", ""scipy"": ""1.18.0""}"
shard4,406001,76,646,included_final_1000,"(406001, 76)",completed,True,,pooled (real draws),81e9437bee81301cf598ccadda508c9ac9305bf4,"{""finite_shot_end_to_end.parquet"": ""22b5e761f461c6bfde7a60a4efa7ac13bc59ae003488be84d2f0c1e57ddb7f39""}","{""python"": ""3.12.10"", ""numpy"": ""2.5.1"", ""pandas"": ""3.0.3"", ""statsmodels"": ""0.14.6"", ""scipy"": ""1.18.0""}"
shard4,406001,77,647,included_final_1000,"(406001, 77)",completed,True,,pooled (real draws),81e9437bee81301cf598ccadda508c9ac9305bf4,"{""finite_shot_end_to_end.parquet"": ""22b5e761f461c6bfde7a60a4efa7ac13bc59ae003488be84d2f0c1e57ddb7f39""}","{""python"": ""3.12.10"", ""numpy"": ""2.5.1"", ""pandas"": ""3.0.3"", ""statsmodels"": ""0.14.6"", ""scipy"": ""1.18.0""}"
shard4,406001,78,648,included_final_1000,"(406001, 78)",completed,True,,pooled (real draws),81e9437bee81301cf598ccadda508c9ac9305bf4,"{""finite_shot_end_to_end.parquet"": ""22b5e761f461c6bfde7a60a4efa7ac13bc59ae003488be84d2f0c1e57ddb7f39""}","{""python"": ""3.12.10"", ""numpy"": ""2.5.1"", ""pandas"": ""3.0.3"", ""statsmodels"": ""0.14.6"", ""scipy"": ""1.18.0""}"
shard4,406001,79,649,included_final_1000,"(406001, 79)",completed,True,,pooled (real draws),81e9437bee81301cf598ccadda508c9ac9305bf4,"{""finite_shot_end_to_end.parquet"": ""22b5e761f461c6bfde7a60a4efa7ac13bc59ae003488be84d2f0c1e57ddb7f39""}","{""python"": ""3.12.10"", ""numpy"": ""2.5.1"", ""pandas"": ""3.0.3"", ""statsmodels"": ""0.14.6"", ""scipy"": ""1.18.0""}"
shard4,406001,80,650,included_final_1000,"(406001, 80)",completed,True,,pooled (real draws),81e9437bee81301cf598ccadda508c9ac9305bf4,"{""finite_shot_end_to_end.parquet"": ""22b5e761f461c6bfde7a60a4efa7ac13bc59ae003488be84d2f0c1e57ddb7f39""}","{""python"": ""3.12.10"", ""numpy"": ""2.5.1"", ""pandas"": ""3.0.3"", ""statsmodels"": ""0.14.6"", ""scipy"": ""1.18.0""}"
shard4,406001,81,651,included_final_1000,"(406001, 81)",completed,True,,pooled (real draws),81e9437bee81301cf598ccadda508c9ac9305bf4,"{""finite_shot_end_to_end.parquet"": ""22b5e761f461c6bfde7a60a4efa7ac13bc59ae003488be84d2f0c1e57ddb7f39""}","{""python"": ""3.12.10"", ""numpy"": ""2.5.1"", ""pandas"": ""3.0.3"", ""statsmodels"": ""0.14.6"", ""scipy"": ""1.18.0""}"
shard4,406001,82,652,included_final_1000,"(406001, 82)",completed,True,,pooled (real draws),81e9437bee81301cf598ccadda508c9ac9305bf4,"{""finite_shot_end_to_end.parquet"": ""22b5e761f461c6bfde7a60a4efa7ac13bc59ae003488be84d2f0c1e57ddb7f39""}","{""python"": ""3.12.10"", ""numpy"": ""2.5.1"", ""pandas"": ""3.0.3"", ""statsmodels"": ""0.14.6"", ""scipy"": ""1.18.0""}"
shard4,406001,83,653,included_final_1000,"(406001, 83)",completed,True,,pooled (real draws),81e9437bee81301cf598ccadda508c9ac9305bf4,"{""finite_shot_end_to_end.parquet"": ""22b5e761f461c6bfde7a60a4efa7ac13bc59ae003488be84d2f0c1e57ddb7f39""}","{""python"": ""3.12.10"", ""numpy"": ""2.5.1"", ""pandas"": ""3.0.3"", ""statsmodels"": ""0.14.6"", ""scipy"": ""1.18.0""}"
shard4,406001,84,654,included_final_1000,"(406001, 84)",completed,True,,pooled (real draws),81e9437bee81301cf598ccadda508c9ac9305bf4,"{""finite_shot_end_to_end.parquet"": ""22b5e761f461c6bfde7a60a4efa7ac13bc59ae003488be84d2f0c1e57ddb7f39""}","{""python"": ""3.12.10"", ""numpy"": ""2.5.1"", ""pandas"": ""3.0.3"", ""statsmodels"": ""0.14.6"", ""scipy"": ""1.18.0""}"
shard4,406001,85,655,included_final_1000,"(406001, 85)",completed,True,,pooled (real draws),81e9437bee81301cf598ccadda508c9ac9305bf4,"{""finite_shot_end_to_end.parquet"": ""22b5e761f461c6bfde7a60a4efa7ac13bc59ae003488be84d2f0c1e57ddb7f39""}","{""python"": ""3.12.10"", ""numpy"": ""2.5.1"", ""pandas"": ""3.0.3"", ""statsmodels"": ""0.14.6"", ""scipy"": ""1.18.0""}"
shard4,406001,86,656,included_final_1000,"(406001, 86)",completed,True,,pooled (real draws),81e9437bee81301cf598ccadda508c9ac9305bf4,"{""finite_shot_end_to_end.parquet"": ""22b5e761f461c6bfde7a60a4efa7ac13bc59ae003488be84d2f0c1e57ddb7f39""}","{""python"": ""3.12.10"", ""numpy"": ""2.5.1"", ""pandas"": ""3.0.3"", ""statsmodels"": ""0.14.6"", ""scipy"": ""1.18.0""}"
shard4,406001,87,657,included_final_1000,"(406001, 87)",completed,True,,pooled (real draws),81e9437bee81301cf598ccadda508c9ac9305bf4,"{""finite_shot_end_to_end.parquet"": ""22b5e761f461c6bfde7a60a4efa7ac13bc59ae003488be84d2f0c1e57ddb7f39""}","{""python"": ""3.12.10"", ""numpy"": ""2.5.1"", ""pandas"": ""3.0.3"", ""statsmodels"": ""0.14.6"", ""scipy"": ""1.18.0""}"
shard4,406001,88,658,included_final_1000,"(406001, 88)",completed,True,,pooled (real draws),81e9437bee81301cf598ccadda508c9ac9305bf4,"{""finite_shot_end_to_end.parquet"": ""22b5e761f461c6bfde7a60a4efa7ac13bc59ae003488be84d2f0c1e57ddb7f39""}","{""python"": ""3.12.10"", ""numpy"": ""2.5.1"", ""pandas"": ""3.0.3"", ""statsmodels"": ""0.14.6"", ""scipy"": ""1.18.0""}"
shard4,406001,89,659,included_final_1000,"(406001, 89)",completed,True,,pooled (real draws),81e9437bee81301cf598ccadda508c9ac9305bf4,"{""finite_shot_end_to_end.parquet"": ""22b5e761f461c6bfde7a60a4efa7ac13bc59ae003488be84d2f0c1e57ddb7f39""}","{""python"": ""3.12.10"", ""numpy"": ""2.5.1"", ""pandas"": ""3.0.3"", ""statsmodels"": ""0.14.6"", ""scipy"": ""1.18.0""}"
shard4,406001,90,660,included_final_1000,"(406001, 90)",completed,True,,pooled (real draws),81e9437bee81301cf598ccadda508c9ac9305bf4,"{""finite_shot_end_to_end.parquet"": ""22b5e761f461c6bfde7a60a4efa7ac13bc59ae003488be84d2f0c1e57ddb7f39""}","{""python"": ""3.12.10"", ""numpy"": ""2.5.1"", ""pandas"": ""3.0.3"", ""statsmodels"": ""0.14.6"", ""scipy"": ""1.18.0""}"
shard4,406001,91,661,included_final_1000,"(406001, 91)",completed,True,,pooled (real draws),81e9437bee81301cf598ccadda508c9ac9305bf4,"{""finite_shot_end_to_end.parquet"": ""22b5e761f461c6bfde7a60a4efa7ac13bc59ae003488be84d2f0c1e57ddb7f39""}","{""python"": ""3.12.10"", ""numpy"": ""2.5.1"", ""pandas"": ""3.0.3"", ""statsmodels"": ""0.14.6"", ""scipy"": ""1.18.0""}"
shard4,406001,92,662,included_final_1000,"(406001, 92)",completed,True,,pooled (real draws),81e9437bee81301cf598ccadda508c9ac9305bf4,"{""finite_shot_end_to_end.parquet"": ""22b5e761f461c6bfde7a60a4efa7ac13bc59ae003488be84d2f0c1e57ddb7f39""}","{""python"": ""3.12.10"", ""numpy"": ""2.5.1"", ""pandas"": ""3.0.3"", ""statsmodels"": ""0.14.6"", ""scipy"": ""1.18.0""}"
shard4,406001,93,663,included_final_1000,"(406001, 93)",completed,True,,pooled (real draws),81e9437bee81301cf598ccadda508c9ac9305bf4,"{""finite_shot_end_to_end.parquet"": ""22b5e761f461c6bfde7a60a4efa7ac13bc59ae003488be84d2f0c1e57ddb7f39""}","{""python"": ""3.12.10"", ""numpy"": ""2.5.1"", ""pandas"": ""3.0.3"", ""statsmodels"": ""0.14.6"", ""scipy"": ""1.18.0""}"
shard4,406001,94,664,included_final_1000,"(406001, 94)",completed,True,,pooled (real draws),81e9437bee81301cf598ccadda508c9ac9305bf4,"{""finite_shot_end_to_end.parquet"": ""22b5e761f461c6bfde7a60a4efa7ac13bc59ae003488be84d2f0c1e57ddb7f39""}","{""python"": ""3.12.10"", ""numpy"": ""2.5.1"", ""pandas"": ""3.0.3"", ""statsmodels"": ""0.14.6"", ""scipy"": ""1.18.0""}"
shard4,406001,95,665,included_final_1000,"(406001, 95)",completed,True,,pooled (real draws),81e9437bee81301cf598ccadda508c9ac9305bf4,"{""finite_shot_end_to_end.parquet"": ""22b5e761f461c6bfde7a60a4efa7ac13bc59ae003488be84d2f0c1e57ddb7f39""}","{""python"": ""3.12.10"", ""numpy"": ""2.5.1"", ""pandas"": ""3.0.3"", ""statsmodels"": ""0.14.6"", ""scipy"": ""1.18.0""}"
shard4,406001,96,666,included_final_1000,"(406001, 96)",completed,True,,pooled (real draws),81e9437bee81301cf598ccadda508c9ac9305bf4,"{""finite_shot_end_to_end.parquet"": ""22b5e761f461c6bfde7a60a4efa7ac13bc59ae003488be84d2f0c1e57ddb7f39""}","{""python"": ""3.12.10"", ""numpy"": ""2.5.1"", ""pandas"": ""3.0.3"", ""statsmodels"": ""0.14.6"", ""scipy"": ""1.18.0""}"
shard4,406001,97,667,included_final_1000,"(406001, 97)",completed,True,,pooled (real draws),81e9437bee81301cf598ccadda508c9ac9305bf4,"{""finite_shot_end_to_end.parquet"": ""22b5e761f461c6bfde7a60a4efa7ac13bc59ae003488be84d2f0c1e57ddb7f39""}","{""python"": ""3.12.10"", ""numpy"": ""2.5.1"", ""pandas"": ""3.0.3"", ""statsmodels"": ""0.14.6"", ""scipy"": ""1.18.0""}"
shard4,406001,98,668,included_final_1000,"(406001, 98)",completed,True,,pooled (real draws),81e9437bee81301cf598ccadda508c9ac9305bf4,"{""finite_shot_end_to_end.parquet"": ""22b5e761f461c6bfde7a60a4efa7ac13bc59ae003488be84d2f0c1e57ddb7f39""}","{""python"": ""3.12.10"", ""numpy"": ""2.5.1"", ""pandas"": ""3.0.3"", ""statsmodels"": ""0.14.6"", ""scipy"": ""1.18.0""}"
shard4,406001,99,669,included_final_1000,"(406001, 99)",completed,True,,pooled (real draws),81e9437bee81301cf598ccadda508c9ac9305bf4,"{""finite_shot_end_to_end.parquet"": ""22b5e761f461c6bfde7a60a4efa7ac13bc59ae003488be84d2f0c1e57ddb7f39""}","{""python"": ""3.12.10"", ""numpy"": ""2.5.1"", ""pandas"": ""3.0.3"", ""statsmodels"": ""0.14.6"", ""scipy"": ""1.18.0""}"
shard4,406001,100,670,included_final_1000,"(406001, 100)",completed,True,,pooled (real draws),81e9437bee81301cf598ccadda508c9ac9305bf4,"{""finite_shot_end_to_end.parquet"": ""22b5e761f461c6bfde7a60a4efa7ac13bc59ae003488be84d2f0c1e57ddb7f39""}","{""python"": ""3.12.10"", ""numpy"": ""2.5.1"", ""pandas"": ""3.0.3"", ""statsmodels"": ""0.14.6"", ""scipy"": ""1.18.0""}"
shard4,406001,101,671,included_final_1000,"(406001, 101)",completed,True,,pooled (real draws),81e9437bee81301cf598ccadda508c9ac9305bf4,"{""finite_shot_end_to_end.parquet"": ""22b5e761f461c6bfde7a60a4efa7ac13bc59ae003488be84d2f0c1e57ddb7f39""}","{""python"": ""3.12.10"", ""numpy"": ""2.5.1"", ""pandas"": ""3.0.3"", ""statsmodels"": ""0.14.6"", ""scipy"": ""1.18.0""}"
shard4,406001,102,672,included_final_1000,"(406001, 102)",completed,True,,pooled (real draws),81e9437bee81301cf598ccadda508c9ac9305bf4,"{""finite_shot_end_to_end.parquet"": ""22b5e761f461c6bfde7a60a4efa7ac13bc59ae003488be84d2f0c1e57ddb7f39""}","{""python"": ""3.12.10"", ""numpy"": ""2.5.1"", ""pandas"": ""3.0.3"", ""statsmodels"": ""0.14.6"", ""scipy"": ""1.18.0""}"
shard4,406001,103,673,included_final_1000,"(406001, 103)",completed,True,,pooled (real draws),81e9437bee81301cf598ccadda508c9ac9305bf4,"{""finite_shot_end_to_end.parquet"": ""22b5e761f461c6bfde7a60a4efa7ac13bc59ae003488be84d2f0c1e57ddb7f39""}","{""python"": ""3.12.10"", ""numpy"": ""2.5.1"", ""pandas"": ""3.0.3"", ""statsmodels"": ""0.14.6"", ""scipy"": ""1.18.0""}"
shard4,406001,104,674,included_final_1000,"(406001, 104)",completed,True,,pooled (real draws),81e9437bee81301cf598ccadda508c9ac9305bf4,"{""finite_shot_end_to_end.parquet"": ""22b5e761f461c6bfde7a60a4efa7ac13bc59ae003488be84d2f0c1e57ddb7f39""}","{""python"": ""3.12.10"", ""numpy"": ""2.5.1"", ""pandas"": ""3.0.3"", ""statsmodels"": ""0.14.6"", ""scipy"": ""1.18.0""}"
shard4,406001,105,675,included_final_1000,"(406001, 105)",completed,True,,pooled (real draws),81e9437bee81301cf598ccadda508c9ac9305bf4,"{""finite_shot_end_to_end.parquet"": ""22b5e761f461c6bfde7a60a4efa7ac13bc59ae003488be84d2f0c1e57ddb7f39""}","{""python"": ""3.12.10"", ""numpy"": ""2.5.1"", ""pandas"": ""3.0.3"", ""statsmodels"": ""0.14.6"", ""scipy"": ""1.18.0""}"
shard4,406001,106,676,included_final_1000,"(406001, 106)",completed,True,,pooled (real draws),81e9437bee81301cf598ccadda508c9ac9305bf4,"{""finite_shot_end_to_end.parquet"": ""22b5e761f461c6bfde7a60a4efa7ac13bc59ae003488be84d2f0c1e57ddb7f39""}","{""python"": ""3.12.10"", ""numpy"": ""2.5.1"", ""pandas"": ""3.0.3"", ""statsmodels"": ""0.14.6"", ""scipy"": ""1.18.0""}"
shard4,406001,107,677,included_final_1000,"(406001, 107)",completed,True,,pooled (real draws),81e9437bee81301cf598ccadda508c9ac9305bf4,"{""finite_shot_end_to_end.parquet"": ""22b5e761f461c6bfde7a60a4efa7ac13bc59ae003488be84d2f0c1e57ddb7f39""}","{""python"": ""3.12.10"", ""numpy"": ""2.5.1"", ""pandas"": ""3.0.3"", ""statsmodels"": ""0.14.6"", ""scipy"": ""1.18.0""}"
shard4,406001,108,678,included_final_1000,"(406001, 108)",completed,True,,pooled (real draws),81e9437bee81301cf598ccadda508c9ac9305bf4,"{""finite_shot_end_to_end.parquet"": ""22b5e761f461c6bfde7a60a4efa7ac13bc59ae003488be84d2f0c1e57ddb7f39""}","{""python"": ""3.12.10"", ""numpy"": ""2.5.1"", ""pandas"": ""3.0.3"", ""statsmodels"": ""0.14.6"", ""scipy"": ""1.18.0""}"
shard4,406001,109,679,included_final_1000,"(406001, 109)",completed,True,,pooled (real draws),81e9437bee81301cf598ccadda508c9ac9305bf4,"{""finite_shot_end_to_end.parquet"": ""22b5e761f461c6bfde7a60a4efa7ac13bc59ae003488be84d2f0c1e57ddb7f39""}","{""python"": ""3.12.10"", ""numpy"": ""2.5.1"", ""pandas"": ""3.0.3"", ""statsmodels"": ""0.14.6"", ""scipy"": ""1.18.0""}"
shard4,406001,110,680,included_final_1000,"(406001, 110)",completed,True,,pooled (real draws),81e9437bee81301cf598ccadda508c9ac9305bf4,"{""finite_shot_end_to_end.parquet"": ""22b5e761f461c6bfde7a60a4efa7ac13bc59ae003488be84d2f0c1e57ddb7f39""}","{""python"": ""3.12.10"", ""numpy"": ""2.5.1"", ""pandas"": ""3.0.3"", ""statsmodels"": ""0.14.6"", ""scipy"": ""1.18.0""}"
shard4,406001,111,681,included_final_1000,"(406001, 111)",completed,True,,pooled (real draws),81e9437bee81301cf598ccadda508c9ac9305bf4,"{""finite_shot_end_to_end.parquet"": ""22b5e761f461c6bfde7a60a4efa7ac13bc59ae003488be84d2f0c1e57ddb7f39""}","{""python"": ""3.12.10"", ""numpy"": ""2.5.1"", ""pandas"": ""3.0.3"", ""statsmodels"": ""0.14.6"", ""scipy"": ""1.18.0""}"
shard4,406001,112,682,included_final_1000,"(406001, 112)",completed,True,,pooled (real draws),81e9437bee81301cf598ccadda508c9ac9305bf4,"{""finite_shot_end_to_end.parquet"": ""22b5e761f461c6bfde7a60a4efa7ac13bc59ae003488be84d2f0c1e57ddb7f39""}","{""python"": ""3.12.10"", ""numpy"": ""2.5.1"", ""pandas"": ""3.0.3"", ""statsmodels"": ""0.14.6"", ""scipy"": ""1.18.0""}"
shard4,406001,113,683,included_final_1000,"(406001, 113)",completed,True,,pooled (real draws),81e9437bee81301cf598ccadda508c9ac9305bf4,"{""finite_shot_end_to_end.parquet"": ""22b5e761f461c6bfde7a60a4efa7ac13bc59ae003488be84d2f0c1e57ddb7f39""}","{""python"": ""3.12.10"", ""numpy"": ""2.5.1"", ""pandas"": ""3.0.3"", ""statsmodels"": ""0.14.6"", ""scipy"": ""1.18.0""}"
shard4,406001,114,684,included_final_1000,"(406001, 114)",completed,True,,pooled (real draws),81e9437bee81301cf598ccadda508c9ac9305bf4,"{""finite_shot_end_to_end.parquet"": ""22b5e761f461c6bfde7a60a4efa7ac13bc59ae003488be84d2f0c1e57ddb7f39""}","{""python"": ""3.12.10"", ""numpy"": ""2.5.1"", ""pandas"": ""3.0.3"", ""statsmodels"": ""0.14.6"", ""scipy"": ""1.18.0""}"
shard4,406001,115,685,included_final_1000,"(406001, 115)",completed,True,,pooled (real draws),81e9437bee81301cf598ccadda508c9ac9305bf4,"{""finite_shot_end_to_end.parquet"": ""22b5e761f461c6bfde7a60a4efa7ac13bc59ae003488be84d2f0c1e57ddb7f39""}","{""python"": ""3.12.10"", ""numpy"": ""2.5.1"", ""pandas"": ""3.0.3"", ""statsmodels"": ""0.14.6"", ""scipy"": ""1.18.0""}"
shard4,406001,116,686,included_final_1000,"(406001, 116)",completed,True,,pooled (real draws),81e9437bee81301cf598ccadda508c9ac9305bf4,"{""finite_shot_end_to_end.parquet"": ""22b5e761f461c6bfde7a60a4efa7ac13bc59ae003488be84d2f0c1e57ddb7f39""}","{""python"": ""3.12.10"", ""numpy"": ""2.5.1"", ""pandas"": ""3.0.3"", ""statsmodels"": ""0.14.6"", ""scipy"": ""1.18.0""}"
shard4,406001,117,687,included_final_1000,"(406001, 117)",completed,True,,pooled (real draws),81e9437bee81301cf598ccadda508c9ac9305bf4,"{""finite_shot_end_to_end.parquet"": ""22b5e761f461c6bfde7a60a4efa7ac13bc59ae003488be84d2f0c1e57ddb7f39""}","{""python"": ""3.12.10"", ""numpy"": ""2.5.1"", ""pandas"": ""3.0.3"", ""statsmodels"": ""0.14.6"", ""scipy"": ""1.18.0""}"
shard4,406001,118,688,included_final_1000,"(406001, 118)",completed,True,,pooled (real draws),81e9437bee81301cf598ccadda508c9ac9305bf4,"{""finite_shot_end_to_end.parquet"": ""22b5e761f461c6bfde7a60a4efa7ac13bc59ae003488be84d2f0c1e57ddb7f39""}","{""python"": ""3.12.10"", ""numpy"": ""2.5.1"", ""pandas"": ""3.0.3"", ""statsmodels"": ""0.14.6"", ""scipy"": ""1.18.0""}"
shard4,406001,119,689,included_final_1000,"(406001, 119)",completed,True,,pooled (real draws),81e9437bee81301cf598ccadda508c9ac9305bf4,"{""finite_shot_end_to_end.parquet"": ""22b5e761f461c6bfde7a60a4efa7ac13bc59ae003488be84d2f0c1e57ddb7f39""}","{""python"": ""3.12.10"", ""numpy"": ""2.5.1"", ""pandas"": ""3.0.3"", ""statsmodels"": ""0.14.6"", ""scipy"": ""1.18.0""}"
shard4,406001,120,690,included_final_1000,"(406001, 120)",completed,True,,pooled (real draws),81e9437bee81301cf598ccadda508c9ac9305bf4,"{""finite_shot_end_to_end.parquet"": ""22b5e761f461c6bfde7a60a4efa7ac13bc59ae003488be84d2f0c1e57ddb7f39""}","{""python"": ""3.12.10"", ""numpy"": ""2.5.1"", ""pandas"": ""3.0.3"", ""statsmodels"": ""0.14.6"", ""scipy"": ""1.18.0""}"
shard4,406001,121,691,included_final_1000,"(406001, 121)",completed,True,,pooled (real draws),81e9437bee81301cf598ccadda508c9ac9305bf4,"{""finite_shot_end_to_end.parquet"": ""22b5e761f461c6bfde7a60a4efa7ac13bc59ae003488be84d2f0c1e57ddb7f39""}","{""python"": ""3.12.10"", ""numpy"": ""2.5.1"", ""pandas"": ""3.0.3"", ""statsmodels"": ""0.14.6"", ""scipy"": ""1.18.0""}"
shard4,406001,122,692,included_final_1000,"(406001, 122)",completed,True,,pooled (real draws),81e9437bee81301cf598ccadda508c9ac9305bf4,"{""finite_shot_end_to_end.parquet"": ""22b5e761f461c6bfde7a60a4efa7ac13bc59ae003488be84d2f0c1e57ddb7f39""}","{""python"": ""3.12.10"", ""numpy"": ""2.5.1"", ""pandas"": ""3.0.3"", ""statsmodels"": ""0.14.6"", ""scipy"": ""1.18.0""}"
shard4,406001,123,693,included_final_1000,"(406001, 123)",completed,True,,pooled (real draws),81e9437bee81301cf598ccadda508c9ac9305bf4,"{""finite_shot_end_to_end.parquet"": ""22b5e761f461c6bfde7a60a4efa7ac13bc59ae003488be84d2f0c1e57ddb7f39""}","{""python"": ""3.12.10"", ""numpy"": ""2.5.1"", ""pandas"": ""3.0.3"", ""statsmodels"": ""0.14.6"", ""scipy"": ""1.18.0""}"
shard4,406001,124,694,included_final_1000,"(406001, 124)",completed,True,,pooled (real draws),81e9437bee81301cf598ccadda508c9ac9305bf4,"{""finite_shot_end_to_end.parquet"": ""22b5e761f461c6bfde7a60a4efa7ac13bc59ae003488be84d2f0c1e57ddb7f39""}","{""python"": ""3.12.10"", ""numpy"": ""2.5.1"", ""pandas"": ""3.0.3"", ""statsmodels"": ""0.14.6"", ""scipy"": ""1.18.0""}"
shard4,406001,125,695,included_final_1000,"(406001, 125)",completed,True,,pooled (real draws),81e9437bee81301cf598ccadda508c9ac9305bf4,"{""finite_shot_end_to_end.parquet"": ""22b5e761f461c6bfde7a60a4efa7ac13bc59ae003488be84d2f0c1e57ddb7f39""}","{""python"": ""3.12.10"", ""numpy"": ""2.5.1"", ""pandas"": ""3.0.3"", ""statsmodels"": ""0.14.6"", ""scipy"": ""1.18.0""}"
shard4,406001,126,696,included_final_1000,"(406001, 126)",completed,True,,pooled (real draws),81e9437bee81301cf598ccadda508c9ac9305bf4,"{""finite_shot_end_to_end.parquet"": ""22b5e761f461c6bfde7a60a4efa7ac13bc59ae003488be84d2f0c1e57ddb7f39""}","{""python"": ""3.12.10"", ""numpy"": ""2.5.1"", ""pandas"": ""3.0.3"", ""statsmodels"": ""0.14.6"", ""scipy"": ""1.18.0""}"
shard4,406001,127,697,included_final_1000,"(406001, 127)",completed,True,,pooled (real draws),81e9437bee81301cf598ccadda508c9ac9305bf4,"{""finite_shot_end_to_end.parquet"": ""22b5e761f461c6bfde7a60a4efa7ac13bc59ae003488be84d2f0c1e57ddb7f39""}","{""python"": ""3.12.10"", ""numpy"": ""2.5.1"", ""pandas"": ""3.0.3"", ""statsmodels"": ""0.14.6"", ""scipy"": ""1.18.0""}"
shard4,406001,128,698,included_final_1000,"(406001, 128)",completed,True,,pooled (real draws),81e9437bee81301cf598ccadda508c9ac9305bf4,"{""finite_shot_end_to_end.parquet"": ""22b5e761f461c6bfde7a60a4efa7ac13bc59ae003488be84d2f0c1e57ddb7f39""}","{""python"": ""3.12.10"", ""numpy"": ""2.5.1"", ""pandas"": ""3.0.3"", ""statsmodels"": ""0.14.6"", ""scipy"": ""1.18.0""}"
shard4,406001,129,699,included_final_1000,"(406001, 129)",completed,True,,pooled (real draws),81e9437bee81301cf598ccadda508c9ac9305bf4,"{""finite_shot_end_to_end.parquet"": ""22b5e761f461c6bfde7a60a4efa7ac13bc59ae003488be84d2f0c1e57ddb7f39""}","{""python"": ""3.12.10"", ""numpy"": ""2.5.1"", ""pandas"": ""3.0.3"", ""statsmodels"": ""0.14.6"", ""scipy"": ""1.18.0""}"
shard5,416001,0,700,included_final_1000,"(416001, 0)",completed,True,,pooled (real draws),81e9437bee81301cf598ccadda508c9ac9305bf4,"{""finite_shot_end_to_end.parquet"": ""22b5e761f461c6bfde7a60a4efa7ac13bc59ae003488be84d2f0c1e57ddb7f39""}","{""python"": ""3.12.10"", ""numpy"": ""2.5.1"", ""pandas"": ""3.0.3"", ""statsmodels"": ""0.14.6"", ""scipy"": ""1.18.0""}"
shard5,416001,1,701,included_final_1000,"(416001, 1)",completed,True,,pooled (real draws),81e9437bee81301cf598ccadda508c9ac9305bf4,"{""finite_shot_end_to_end.parquet"": ""22b5e761f461c6bfde7a60a4efa7ac13bc59ae003488be84d2f0c1e57ddb7f39""}","{""python"": ""3.12.10"", ""numpy"": ""2.5.1"", ""pandas"": ""3.0.3"", ""statsmodels"": ""0.14.6"", ""scipy"": ""1.18.0""}"
shard5,416001,2,702,included_final_1000,"(416001, 2)",completed,True,,pooled (real draws),81e9437bee81301cf598ccadda508c9ac9305bf4,"{""finite_shot_end_to_end.parquet"": ""22b5e761f461c6bfde7a60a4efa7ac13bc59ae003488be84d2f0c1e57ddb7f39""}","{""python"": ""3.12.10"", ""numpy"": ""2.5.1"", ""pandas"": ""3.0.3"", ""statsmodels"": ""0.14.6"", ""scipy"": ""1.18.0""}"
shard5,416001,3,703,included_final_1000,"(416001, 3)",completed,True,,pooled (real draws),81e9437bee81301cf598ccadda508c9ac9305bf4,"{""finite_shot_end_to_end.parquet"": ""22b5e761f461c6bfde7a60a4efa7ac13bc59ae003488be84d2f0c1e57ddb7f39""}","{""python"": ""3.12.10"", ""numpy"": ""2.5.1"", ""pandas"": ""3.0.3"", ""statsmodels"": ""0.14.6"", ""scipy"": ""1.18.0""}"
shard5,416001,4,704,included_final_1000,"(416001, 4)",completed,True,,pooled (real draws),81e9437bee81301cf598ccadda508c9ac9305bf4,"{""finite_shot_end_to_end.parquet"": ""22b5e761f461c6bfde7a60a4efa7ac13bc59ae003488be84d2f0c1e57ddb7f39""}","{""python"": ""3.12.10"", ""numpy"": ""2.5.1"", ""pandas"": ""3.0.3"", ""statsmodels"": ""0.14.6"", ""scipy"": ""1.18.0""}"
shard5,416001,5,705,included_final_1000,"(416001, 5)",completed,True,,pooled (real draws),81e9437bee81301cf598ccadda508c9ac9305bf4,"{""finite_shot_end_to_end.parquet"": ""22b5e761f461c6bfde7a60a4efa7ac13bc59ae003488be84d2f0c1e57ddb7f39""}","{""python"": ""3.12.10"", ""numpy"": ""2.5.1"", ""pandas"": ""3.0.3"", ""statsmodels"": ""0.14.6"", ""scipy"": ""1.18.0""}"
shard5,416001,6,706,included_final_1000,"(416001, 6)",completed,True,,pooled (real draws),81e9437bee81301cf598ccadda508c9ac9305bf4,"{""finite_shot_end_to_end.parquet"": ""22b5e761f461c6bfde7a60a4efa7ac13bc59ae003488be84d2f0c1e57ddb7f39""}","{""python"": ""3.12.10"", ""numpy"": ""2.5.1"", ""pandas"": ""3.0.3"", ""statsmodels"": ""0.14.6"", ""scipy"": ""1.18.0""}"
shard5,416001,7,707,included_final_1000,"(416001, 7)",completed,True,,pooled (real draws),81e9437bee81301cf598ccadda508c9ac9305bf4,"{""finite_shot_end_to_end.parquet"": ""22b5e761f461c6bfde7a60a4efa7ac13bc59ae003488be84d2f0c1e57ddb7f39""}","{""python"": ""3.12.10"", ""numpy"": ""2.5.1"", ""pandas"": ""3.0.3"", ""statsmodels"": ""0.14.6"", ""scipy"": ""1.18.0""}"
shard5,416001,8,708,included_final_1000,"(416001, 8)",completed,True,,pooled (real draws),81e9437bee81301cf598ccadda508c9ac9305bf4,"{""finite_shot_end_to_end.parquet"": ""22b5e761f461c6bfde7a60a4efa7ac13bc59ae003488be84d2f0c1e57ddb7f39""}","{""python"": ""3.12.10"", ""numpy"": ""2.5.1"", ""pandas"": ""3.0.3"", ""statsmodels"": ""0.14.6"", ""scipy"": ""1.18.0""}"
shard5,416001,9,709,included_final_1000,"(416001, 9)",completed,True,,pooled (real draws),81e9437bee81301cf598ccadda508c9ac9305bf4,"{""finite_shot_end_to_end.parquet"": ""22b5e761f461c6bfde7a60a4efa7ac13bc59ae003488be84d2f0c1e57ddb7f39""}","{""python"": ""3.12.10"", ""numpy"": ""2.5.1"", ""pandas"": ""3.0.3"", ""statsmodels"": ""0.14.6"", ""scipy"": ""1.18.0""}"
shard5,416001,10,710,included_final_1000,"(416001, 10)",completed,True,,pooled (real draws),81e9437bee81301cf598ccadda508c9ac9305bf4,"{""finite_shot_end_to_end.parquet"": ""22b5e761f461c6bfde7a60a4efa7ac13bc59ae003488be84d2f0c1e57ddb7f39""}","{""python"": ""3.12.10"", ""numpy"": ""2.5.1"", ""pandas"": ""3.0.3"", ""statsmodels"": ""0.14.6"", ""scipy"": ""1.18.0""}"
shard5,416001,11,711,included_final_1000,"(416001, 11)",completed,True,,pooled (real draws),81e9437bee81301cf598ccadda508c9ac9305bf4,"{""finite_shot_end_to_end.parquet"": ""22b5e761f461c6bfde7a60a4efa7ac13bc59ae003488be84d2f0c1e57ddb7f39""}","{""python"": ""3.12.10"", ""numpy"": ""2.5.1"", ""pandas"": ""3.0.3"", ""statsmodels"": ""0.14.6"", ""scipy"": ""1.18.0""}"
shard5,416001,12,712,included_final_1000,"(416001, 12)",completed,True,,pooled (real draws),81e9437bee81301cf598ccadda508c9ac9305bf4,"{""finite_shot_end_to_end.parquet"": ""22b5e761f461c6bfde7a60a4efa7ac13bc59ae003488be84d2f0c1e57ddb7f39""}","{""python"": ""3.12.10"", ""numpy"": ""2.5.1"", ""pandas"": ""3.0.3"", ""statsmodels"": ""0.14.6"", ""scipy"": ""1.18.0""}"
shard5,416001,13,713,included_final_1000,"(416001, 13)",completed,True,,pooled (real draws),81e9437bee81301cf598ccadda508c9ac9305bf4,"{""finite_shot_end_to_end.parquet"": ""22b5e761f461c6bfde7a60a4efa7ac13bc59ae003488be84d2f0c1e57ddb7f39""}","{""python"": ""3.12.10"", ""numpy"": ""2.5.1"", ""pandas"": ""3.0.3"", ""statsmodels"": ""0.14.6"", ""scipy"": ""1.18.0""}"
shard5,416001,14,714,included_final_1000,"(416001, 14)",completed,True,,pooled (real draws),81e9437bee81301cf598ccadda508c9ac9305bf4,"{""finite_shot_end_to_end.parquet"": ""22b5e761f461c6bfde7a60a4efa7ac13bc59ae003488be84d2f0c1e57ddb7f39""}","{""python"": ""3.12.10"", ""numpy"": ""2.5.1"", ""pandas"": ""3.0.3"", ""statsmodels"": ""0.14.6"", ""scipy"": ""1.18.0""}"
shard5,416001,15,715,included_final_1000,"(416001, 15)",completed,True,,pooled (real draws),81e9437bee81301cf598ccadda508c9ac9305bf4,"{""finite_shot_end_to_end.parquet"": ""22b5e761f461c6bfde7a60a4efa7ac13bc59ae003488be84d2f0c1e57ddb7f39""}","{""python"": ""3.12.10"", ""numpy"": ""2.5.1"", ""pandas"": ""3.0.3"", ""statsmodels"": ""0.14.6"", ""scipy"": ""1.18.0""}"
shard5,416001,16,716,included_final_1000,"(416001, 16)",completed,True,,pooled (real draws),81e9437bee81301cf598ccadda508c9ac9305bf4,"{""finite_shot_end_to_end.parquet"": ""22b5e761f461c6bfde7a60a4efa7ac13bc59ae003488be84d2f0c1e57ddb7f39""}","{""python"": ""3.12.10"", ""numpy"": ""2.5.1"", ""pandas"": ""3.0.3"", ""statsmodels"": ""0.14.6"", ""scipy"": ""1.18.0""}"
shard5,416001,17,717,included_final_1000,"(416001, 17)",completed,True,,pooled (real draws),81e9437bee81301cf598ccadda508c9ac9305bf4,"{""finite_shot_end_to_end.parquet"": ""22b5e761f461c6bfde7a60a4efa7ac13bc59ae003488be84d2f0c1e57ddb7f39""}","{""python"": ""3.12.10"", ""numpy"": ""2.5.1"", ""pandas"": ""3.0.3"", ""statsmodels"": ""0.14.6"", ""scipy"": ""1.18.0""}"
shard5,416001,18,718,included_final_1000,"(416001, 18)",completed,True,,pooled (real draws),81e9437bee81301cf598ccadda508c9ac9305bf4,"{""finite_shot_end_to_end.parquet"": ""22b5e761f461c6bfde7a60a4efa7ac13bc59ae003488be84d2f0c1e57ddb7f39""}","{""python"": ""3.12.10"", ""numpy"": ""2.5.1"", ""pandas"": ""3.0.3"", ""statsmodels"": ""0.14.6"", ""scipy"": ""1.18.0""}"
shard5,416001,19,719,included_final_1000,"(416001, 19)",completed,True,,pooled (real draws),81e9437bee81301cf598ccadda508c9ac9305bf4,"{""finite_shot_end_to_end.parquet"": ""22b5e761f461c6bfde7a60a4efa7ac13bc59ae003488be84d2f0c1e57ddb7f39""}","{""python"": ""3.12.10"", ""numpy"": ""2.5.1"", ""pandas"": ""3.0.3"", ""statsmodels"": ""0.14.6"", ""scipy"": ""1.18.0""}"
shard5,416001,20,720,included_final_1000,"(416001, 20)",completed,True,,pooled (real draws),81e9437bee81301cf598ccadda508c9ac9305bf4,"{""finite_shot_end_to_end.parquet"": ""22b5e761f461c6bfde7a60a4efa7ac13bc59ae003488be84d2f0c1e57ddb7f39""}","{""python"": ""3.12.10"", ""numpy"": ""2.5.1"", ""pandas"": ""3.0.3"", ""statsmodels"": ""0.14.6"", ""scipy"": ""1.18.0""}"
shard5,416001,21,721,included_final_1000,"(416001, 21)",completed,True,,pooled (real draws),81e9437bee81301cf598ccadda508c9ac9305bf4,"{""finite_shot_end_to_end.parquet"": ""22b5e761f461c6bfde7a60a4efa7ac13bc59ae003488be84d2f0c1e57ddb7f39""}","{""python"": ""3.12.10"", ""numpy"": ""2.5.1"", ""pandas"": ""3.0.3"", ""statsmodels"": ""0.14.6"", ""scipy"": ""1.18.0""}"
shard5,416001,22,722,included_final_1000,"(416001, 22)",completed,True,,pooled (real draws),81e9437bee81301cf598ccadda508c9ac9305bf4,"{""finite_shot_end_to_end.parquet"": ""22b5e761f461c6bfde7a60a4efa7ac13bc59ae003488be84d2f0c1e57ddb7f39""}","{""python"": ""3.12.10"", ""numpy"": ""2.5.1"", ""pandas"": ""3.0.3"", ""statsmodels"": ""0.14.6"", ""scipy"": ""1.18.0""}"
shard5,416001,23,723,included_final_1000,"(416001, 23)",completed,True,,pooled (real draws),81e9437bee81301cf598ccadda508c9ac9305bf4,"{""finite_shot_end_to_end.parquet"": ""22b5e761f461c6bfde7a60a4efa7ac13bc59ae003488be84d2f0c1e57ddb7f39""}","{""python"": ""3.12.10"", ""numpy"": ""2.5.1"", ""pandas"": ""3.0.3"", ""statsmodels"": ""0.14.6"", ""scipy"": ""1.18.0""}"
shard5,416001,24,724,included_final_1000,"(416001, 24)",completed,True,,pooled (real draws),81e9437bee81301cf598ccadda508c9ac9305bf4,"{""finite_shot_end_to_end.parquet"": ""22b5e761f461c6bfde7a60a4efa7ac13bc59ae003488be84d2f0c1e57ddb7f39""}","{""python"": ""3.12.10"", ""numpy"": ""2.5.1"", ""pandas"": ""3.0.3"", ""statsmodels"": ""0.14.6"", ""scipy"": ""1.18.0""}"
shard5,416001,25,725,included_final_1000,"(416001, 25)",completed,True,,pooled (real draws),81e9437bee81301cf598ccadda508c9ac9305bf4,"{""finite_shot_end_to_end.parquet"": ""22b5e761f461c6bfde7a60a4efa7ac13bc59ae003488be84d2f0c1e57ddb7f39""}","{""python"": ""3.12.10"", ""numpy"": ""2.5.1"", ""pandas"": ""3.0.3"", ""statsmodels"": ""0.14.6"", ""scipy"": ""1.18.0""}"
shard5,416001,26,726,included_final_1000,"(416001, 26)",completed,True,,pooled (real draws),81e9437bee81301cf598ccadda508c9ac9305bf4,"{""finite_shot_end_to_end.parquet"": ""22b5e761f461c6bfde7a60a4efa7ac13bc59ae003488be84d2f0c1e57ddb7f39""}","{""python"": ""3.12.10"", ""numpy"": ""2.5.1"", ""pandas"": ""3.0.3"", ""statsmodels"": ""0.14.6"", ""scipy"": ""1.18.0""}"
shard5,416001,27,727,included_final_1000,"(416001, 27)",completed,True,,pooled (real draws),81e9437bee81301cf598ccadda508c9ac9305bf4,"{""finite_shot_end_to_end.parquet"": ""22b5e761f461c6bfde7a60a4efa7ac13bc59ae003488be84d2f0c1e57ddb7f39""}","{""python"": ""3.12.10"", ""numpy"": ""2.5.1"", ""pandas"": ""3.0.3"", ""statsmodels"": ""0.14.6"", ""scipy"": ""1.18.0""}"
shard5,416001,28,728,included_final_1000,"(416001, 28)",completed,True,,pooled (real draws),81e9437bee81301cf598ccadda508c9ac9305bf4,"{""finite_shot_end_to_end.parquet"": ""22b5e761f461c6bfde7a60a4efa7ac13bc59ae003488be84d2f0c1e57ddb7f39""}","{""python"": ""3.12.10"", ""numpy"": ""2.5.1"", ""pandas"": ""3.0.3"", ""statsmodels"": ""0.14.6"", ""scipy"": ""1.18.0""}"
shard5,416001,29,729,included_final_1000,"(416001, 29)",completed,True,,pooled (real draws),81e9437bee81301cf598ccadda508c9ac9305bf4,"{""finite_shot_end_to_end.parquet"": ""22b5e761f461c6bfde7a60a4efa7ac13bc59ae003488be84d2f0c1e57ddb7f39""}","{""python"": ""3.12.10"", ""numpy"": ""2.5.1"", ""pandas"": ""3.0.3"", ""statsmodels"": ""0.14.6"", ""scipy"": ""1.18.0""}"
shard5,416001,30,730,included_final_1000,"(416001, 30)",completed,True,,pooled (real draws),81e9437bee81301cf598ccadda508c9ac9305bf4,"{""finite_shot_end_to_end.parquet"": ""22b5e761f461c6bfde7a60a4efa7ac13bc59ae003488be84d2f0c1e57ddb7f39""}","{""python"": ""3.12.10"", ""numpy"": ""2.5.1"", ""pandas"": ""3.0.3"", ""statsmodels"": ""0.14.6"", ""scipy"": ""1.18.0""}"
shard5,416001,31,731,included_final_1000,"(416001, 31)",completed,True,,pooled (real draws),81e9437bee81301cf598ccadda508c9ac9305bf4,"{""finite_shot_end_to_end.parquet"": ""22b5e761f461c6bfde7a60a4efa7ac13bc59ae003488be84d2f0c1e57ddb7f39""}","{""python"": ""3.12.10"", ""numpy"": ""2.5.1"", ""pandas"": ""3.0.3"", ""statsmodels"": ""0.14.6"", ""scipy"": ""1.18.0""}"
shard5,416001,32,732,included_final_1000,"(416001, 32)",completed,True,,pooled (real draws),81e9437bee81301cf598ccadda508c9ac9305bf4,"{""finite_shot_end_to_end.parquet"": ""22b5e761f461c6bfde7a60a4efa7ac13bc59ae003488be84d2f0c1e57ddb7f39""}","{""python"": ""3.12.10"", ""numpy"": ""2.5.1"", ""pandas"": ""3.0.3"", ""statsmodels"": ""0.14.6"", ""scipy"": ""1.18.0""}"
shard5,416001,33,733,included_final_1000,"(416001, 33)",completed,True,,pooled (real draws),81e9437bee81301cf598ccadda508c9ac9305bf4,"{""finite_shot_end_to_end.parquet"": ""22b5e761f461c6bfde7a60a4efa7ac13bc59ae003488be84d2f0c1e57ddb7f39""}","{""python"": ""3.12.10"", ""numpy"": ""2.5.1"", ""pandas"": ""3.0.3"", ""statsmodels"": ""0.14.6"", ""scipy"": ""1.18.0""}"
shard5,416001,34,734,included_final_1000,"(416001, 34)",completed,True,,pooled (real draws),81e9437bee81301cf598ccadda508c9ac9305bf4,"{""finite_shot_end_to_end.parquet"": ""22b5e761f461c6bfde7a60a4efa7ac13bc59ae003488be84d2f0c1e57ddb7f39""}","{""python"": ""3.12.10"", ""numpy"": ""2.5.1"", ""pandas"": ""3.0.3"", ""statsmodels"": ""0.14.6"", ""scipy"": ""1.18.0""}"
shard5,416001,35,735,included_final_1000,"(416001, 35)",completed,True,,pooled (real draws),81e9437bee81301cf598ccadda508c9ac9305bf4,"{""finite_shot_end_to_end.parquet"": ""22b5e761f461c6bfde7a60a4efa7ac13bc59ae003488be84d2f0c1e57ddb7f39""}","{""python"": ""3.12.10"", ""numpy"": ""2.5.1"", ""pandas"": ""3.0.3"", ""statsmodels"": ""0.14.6"", ""scipy"": ""1.18.0""}"
shard5,416001,36,736,included_final_1000,"(416001, 36)",completed,True,,pooled (real draws),81e9437bee81301cf598ccadda508c9ac9305bf4,"{""finite_shot_end_to_end.parquet"": ""22b5e761f461c6bfde7a60a4efa7ac13bc59ae003488be84d2f0c1e57ddb7f39""}","{""python"": ""3.12.10"", ""numpy"": ""2.5.1"", ""pandas"": ""3.0.3"", ""statsmodels"": ""0.14.6"", ""scipy"": ""1.18.0""}"
shard5,416001,37,737,included_final_1000,"(416001, 37)",completed,True,,pooled (real draws),81e9437bee81301cf598ccadda508c9ac9305bf4,"{""finite_shot_end_to_end.parquet"": ""22b5e761f461c6bfde7a60a4efa7ac13bc59ae003488be84d2f0c1e57ddb7f39""}","{""python"": ""3.12.10"", ""numpy"": ""2.5.1"", ""pandas"": ""3.0.3"", ""statsmodels"": ""0.14.6"", ""scipy"": ""1.18.0""}"
shard5,416001,38,738,included_final_1000,"(416001, 38)",completed,True,,pooled (real draws),81e9437bee81301cf598ccadda508c9ac9305bf4,"{""finite_shot_end_to_end.parquet"": ""22b5e761f461c6bfde7a60a4efa7ac13bc59ae003488be84d2f0c1e57ddb7f39""}","{""python"": ""3.12.10"", ""numpy"": ""2.5.1"", ""pandas"": ""3.0.3"", ""statsmodels"": ""0.14.6"", ""scipy"": ""1.18.0""}"
shard5,416001,39,739,included_final_1000,"(416001, 39)",completed,True,,pooled (real draws),81e9437bee81301cf598ccadda508c9ac9305bf4,"{""finite_shot_end_to_end.parquet"": ""22b5e761f461c6bfde7a60a4efa7ac13bc59ae003488be84d2f0c1e57ddb7f39""}","{""python"": ""3.12.10"", ""numpy"": ""2.5.1"", ""pandas"": ""3.0.3"", ""statsmodels"": ""0.14.6"", ""scipy"": ""1.18.0""}"
shard5,416001,40,740,included_final_1000,"(416001, 40)",completed,True,,pooled (real draws),81e9437bee81301cf598ccadda508c9ac9305bf4,"{""finite_shot_end_to_end.parquet"": ""22b5e761f461c6bfde7a60a4efa7ac13bc59ae003488be84d2f0c1e57ddb7f39""}","{""python"": ""3.12.10"", ""numpy"": ""2.5.1"", ""pandas"": ""3.0.3"", ""statsmodels"": ""0.14.6"", ""scipy"": ""1.18.0""}"
shard5,416001,41,741,included_final_1000,"(416001, 41)",completed,True,,pooled (real draws),81e9437bee81301cf598ccadda508c9ac9305bf4,"{""finite_shot_end_to_end.parquet"": ""22b5e761f461c6bfde7a60a4efa7ac13bc59ae003488be84d2f0c1e57ddb7f39""}","{""python"": ""3.12.10"", ""numpy"": ""2.5.1"", ""pandas"": ""3.0.3"", ""statsmodels"": ""0.14.6"", ""scipy"": ""1.18.0""}"
shard5,416001,42,742,included_final_1000,"(416001, 42)",completed,True,,pooled (real draws),81e9437bee81301cf598ccadda508c9ac9305bf4,"{""finite_shot_end_to_end.parquet"": ""22b5e761f461c6bfde7a60a4efa7ac13bc59ae003488be84d2f0c1e57ddb7f39""}","{""python"": ""3.12.10"", ""numpy"": ""2.5.1"", ""pandas"": ""3.0.3"", ""statsmodels"": ""0.14.6"", ""scipy"": ""1.18.0""}"
shard5,416001,43,743,included_final_1000,"(416001, 43)",completed,True,,pooled (real draws),81e9437bee81301cf598ccadda508c9ac9305bf4,"{""finite_shot_end_to_end.parquet"": ""22b5e761f461c6bfde7a60a4efa7ac13bc59ae003488be84d2f0c1e57ddb7f39""}","{""python"": ""3.12.10"", ""numpy"": ""2.5.1"", ""pandas"": ""3.0.3"", ""statsmodels"": ""0.14.6"", ""scipy"": ""1.18.0""}"
shard5,416001,44,744,included_final_1000,"(416001, 44)",completed,True,,pooled (real draws),81e9437bee81301cf598ccadda508c9ac9305bf4,"{""finite_shot_end_to_end.parquet"": ""22b5e761f461c6bfde7a60a4efa7ac13bc59ae003488be84d2f0c1e57ddb7f39""}","{""python"": ""3.12.10"", ""numpy"": ""2.5.1"", ""pandas"": ""3.0.3"", ""statsmodels"": ""0.14.6"", ""scipy"": ""1.18.0""}"
shard5,416001,45,745,included_final_1000,"(416001, 45)",completed,True,,pooled (real draws),81e9437bee81301cf598ccadda508c9ac9305bf4,"{""finite_shot_end_to_end.parquet"": ""22b5e761f461c6bfde7a60a4efa7ac13bc59ae003488be84d2f0c1e57ddb7f39""}","{""python"": ""3.12.10"", ""numpy"": ""2.5.1"", ""pandas"": ""3.0.3"", ""statsmodels"": ""0.14.6"", ""scipy"": ""1.18.0""}"
shard5,416001,46,746,included_final_1000,"(416001, 46)",completed,True,,pooled (real draws),81e9437bee81301cf598ccadda508c9ac9305bf4,"{""finite_shot_end_to_end.parquet"": ""22b5e761f461c6bfde7a60a4efa7ac13bc59ae003488be84d2f0c1e57ddb7f39""}","{""python"": ""3.12.10"", ""numpy"": ""2.5.1"", ""pandas"": ""3.0.3"", ""statsmodels"": ""0.14.6"", ""scipy"": ""1.18.0""}"
shard5,416001,47,747,included_final_1000,"(416001, 47)",completed,True,,pooled (real draws),81e9437bee81301cf598ccadda508c9ac9305bf4,"{""finite_shot_end_to_end.parquet"": ""22b5e761f461c6bfde7a60a4efa7ac13bc59ae003488be84d2f0c1e57ddb7f39""}","{""python"": ""3.12.10"", ""numpy"": ""2.5.1"", ""pandas"": ""3.0.3"", ""statsmodels"": ""0.14.6"", ""scipy"": ""1.18.0""}"
shard5,416001,48,748,included_final_1000,"(416001, 48)",completed,True,,pooled (real draws),81e9437bee81301cf598ccadda508c9ac9305bf4,"{""finite_shot_end_to_end.parquet"": ""22b5e761f461c6bfde7a60a4efa7ac13bc59ae003488be84d2f0c1e57ddb7f39""}","{""python"": ""3.12.10"", ""numpy"": ""2.5.1"", ""pandas"": ""3.0.3"", ""statsmodels"": ""0.14.6"", ""scipy"": ""1.18.0""}"
shard5,416001,49,749,included_final_1000,"(416001, 49)",completed,True,,pooled (real draws),81e9437bee81301cf598ccadda508c9ac9305bf4,"{""finite_shot_end_to_end.parquet"": ""22b5e761f461c6bfde7a60a4efa7ac13bc59ae003488be84d2f0c1e57ddb7f39""}","{""python"": ""3.12.10"", ""numpy"": ""2.5.1"", ""pandas"": ""3.0.3"", ""statsmodels"": ""0.14.6"", ""scipy"": ""1.18.0""}"
shard5,416001,50,750,included_final_1000,"(416001, 50)",completed,True,,pooled (real draws),81e9437bee81301cf598ccadda508c9ac9305bf4,"{""finite_shot_end_to_end.parquet"": ""22b5e761f461c6bfde7a60a4efa7ac13bc59ae003488be84d2f0c1e57ddb7f39""}","{""python"": ""3.12.10"", ""numpy"": ""2.5.1"", ""pandas"": ""3.0.3"", ""statsmodels"": ""0.14.6"", ""scipy"": ""1.18.0""}"
shard5,416001,51,751,included_final_1000,"(416001, 51)",completed,True,,pooled (real draws),81e9437bee81301cf598ccadda508c9ac9305bf4,"{""finite_shot_end_to_end.parquet"": ""22b5e761f461c6bfde7a60a4efa7ac13bc59ae003488be84d2f0c1e57ddb7f39""}","{""python"": ""3.12.10"", ""numpy"": ""2.5.1"", ""pandas"": ""3.0.3"", ""statsmodels"": ""0.14.6"", ""scipy"": ""1.18.0""}"
shard5,416001,52,752,included_final_1000,"(416001, 52)",completed,True,,pooled (real draws),81e9437bee81301cf598ccadda508c9ac9305bf4,"{""finite_shot_end_to_end.parquet"": ""22b5e761f461c6bfde7a60a4efa7ac13bc59ae003488be84d2f0c1e57ddb7f39""}","{""python"": ""3.12.10"", ""numpy"": ""2.5.1"", ""pandas"": ""3.0.3"", ""statsmodels"": ""0.14.6"", ""scipy"": ""1.18.0""}"
shard5,416001,53,753,included_final_1000,"(416001, 53)",completed,True,,pooled (real draws),81e9437bee81301cf598ccadda508c9ac9305bf4,"{""finite_shot_end_to_end.parquet"": ""22b5e761f461c6bfde7a60a4efa7ac13bc59ae003488be84d2f0c1e57ddb7f39""}","{""python"": ""3.12.10"", ""numpy"": ""2.5.1"", ""pandas"": ""3.0.3"", ""statsmodels"": ""0.14.6"", ""scipy"": ""1.18.0""}"
shard5,416001,54,754,included_final_1000,"(416001, 54)",completed,True,,pooled (real draws),81e9437bee81301cf598ccadda508c9ac9305bf4,"{""finite_shot_end_to_end.parquet"": ""22b5e761f461c6bfde7a60a4efa7ac13bc59ae003488be84d2f0c1e57ddb7f39""}","{""python"": ""3.12.10"", ""numpy"": ""2.5.1"", ""pandas"": ""3.0.3"", ""statsmodels"": ""0.14.6"", ""scipy"": ""1.18.0""}"
shard5,416001,55,755,included_final_1000,"(416001, 55)",completed,True,,pooled (real draws),81e9437bee81301cf598ccadda508c9ac9305bf4,"{""finite_shot_end_to_end.parquet"": ""22b5e761f461c6bfde7a60a4efa7ac13bc59ae003488be84d2f0c1e57ddb7f39""}","{""python"": ""3.12.10"", ""numpy"": ""2.5.1"", ""pandas"": ""3.0.3"", ""statsmodels"": ""0.14.6"", ""scipy"": ""1.18.0""}"
shard5,416001,56,756,included_final_1000,"(416001, 56)",completed,True,,pooled (real draws),81e9437bee81301cf598ccadda508c9ac9305bf4,"{""finite_shot_end_to_end.parquet"": ""22b5e761f461c6bfde7a60a4efa7ac13bc59ae003488be84d2f0c1e57ddb7f39""}","{""python"": ""3.12.10"", ""numpy"": ""2.5.1"", ""pandas"": ""3.0.3"", ""statsmodels"": ""0.14.6"", ""scipy"": ""1.18.0""}"
shard5,416001,57,757,included_final_1000,"(416001, 57)",completed,True,,pooled (real draws),81e9437bee81301cf598ccadda508c9ac9305bf4,"{""finite_shot_end_to_end.parquet"": ""22b5e761f461c6bfde7a60a4efa7ac13bc59ae003488be84d2f0c1e57ddb7f39""}","{""python"": ""3.12.10"", ""numpy"": ""2.5.1"", ""pandas"": ""3.0.3"", ""statsmodels"": ""0.14.6"", ""scipy"": ""1.18.0""}"
shard5,416001,58,758,included_final_1000,"(416001, 58)",completed,True,,pooled (real draws),81e9437bee81301cf598ccadda508c9ac9305bf4,"{""finite_shot_end_to_end.parquet"": ""22b5e761f461c6bfde7a60a4efa7ac13bc59ae003488be84d2f0c1e57ddb7f39""}","{""python"": ""3.12.10"", ""numpy"": ""2.5.1"", ""pandas"": ""3.0.3"", ""statsmodels"": ""0.14.6"", ""scipy"": ""1.18.0""}"
shard5,416001,59,759,included_final_1000,"(416001, 59)",completed,True,,pooled (real draws),81e9437bee81301cf598ccadda508c9ac9305bf4,"{""finite_shot_end_to_end.parquet"": ""22b5e761f461c6bfde7a60a4efa7ac13bc59ae003488be84d2f0c1e57ddb7f39""}","{""python"": ""3.12.10"", ""numpy"": ""2.5.1"", ""pandas"": ""3.0.3"", ""statsmodels"": ""0.14.6"", ""scipy"": ""1.18.0""}"
shard5,416001,60,760,included_final_1000,"(416001, 60)",completed,True,,pooled (real draws),81e9437bee81301cf598ccadda508c9ac9305bf4,"{""finite_shot_end_to_end.parquet"": ""22b5e761f461c6bfde7a60a4efa7ac13bc59ae003488be84d2f0c1e57ddb7f39""}","{""python"": ""3.12.10"", ""numpy"": ""2.5.1"", ""pandas"": ""3.0.3"", ""statsmodels"": ""0.14.6"", ""scipy"": ""1.18.0""}"
shard5,416001,61,761,included_final_1000,"(416001, 61)",completed,True,,pooled (real draws),81e9437bee81301cf598ccadda508c9ac9305bf4,"{""finite_shot_end_to_end.parquet"": ""22b5e761f461c6bfde7a60a4efa7ac13bc59ae003488be84d2f0c1e57ddb7f39""}","{""python"": ""3.12.10"", ""numpy"": ""2.5.1"", ""pandas"": ""3.0.3"", ""statsmodels"": ""0.14.6"", ""scipy"": ""1.18.0""}"
shard5,416001,62,762,included_final_1000,"(416001, 62)",completed,True,,pooled (real draws),81e9437bee81301cf598ccadda508c9ac9305bf4,"{""finite_shot_end_to_end.parquet"": ""22b5e761f461c6bfde7a60a4efa7ac13bc59ae003488be84d2f0c1e57ddb7f39""}","{""python"": ""3.12.10"", ""numpy"": ""2.5.1"", ""pandas"": ""3.0.3"", ""statsmodels"": ""0.14.6"", ""scipy"": ""1.18.0""}"
shard5,416001,63,763,included_final_1000,"(416001, 63)",completed,True,,pooled (real draws),81e9437bee81301cf598ccadda508c9ac9305bf4,"{""finite_shot_end_to_end.parquet"": ""22b5e761f461c6bfde7a60a4efa7ac13bc59ae003488be84d2f0c1e57ddb7f39""}","{""python"": ""3.12.10"", ""numpy"": ""2.5.1"", ""pandas"": ""3.0.3"", ""statsmodels"": ""0.14.6"", ""scipy"": ""1.18.0""}"
shard5,416001,64,764,included_final_1000,"(416001, 64)",completed,True,,pooled (real draws),81e9437bee81301cf598ccadda508c9ac9305bf4,"{""finite_shot_end_to_end.parquet"": ""22b5e761f461c6bfde7a60a4efa7ac13bc59ae003488be84d2f0c1e57ddb7f39""}","{""python"": ""3.12.10"", ""numpy"": ""2.5.1"", ""pandas"": ""3.0.3"", ""statsmodels"": ""0.14.6"", ""scipy"": ""1.18.0""}"
shard5,416001,65,765,included_final_1000,"(416001, 65)",completed,True,,pooled (real draws),81e9437bee81301cf598ccadda508c9ac9305bf4,"{""finite_shot_end_to_end.parquet"": ""22b5e761f461c6bfde7a60a4efa7ac13bc59ae003488be84d2f0c1e57ddb7f39""}","{""python"": ""3.12.10"", ""numpy"": ""2.5.1"", ""pandas"": ""3.0.3"", ""statsmodels"": ""0.14.6"", ""scipy"": ""1.18.0""}"
shard5,416001,66,766,included_final_1000,"(416001, 66)",completed,True,,pooled (real draws),81e9437bee81301cf598ccadda508c9ac9305bf4,"{""finite_shot_end_to_end.parquet"": ""22b5e761f461c6bfde7a60a4efa7ac13bc59ae003488be84d2f0c1e57ddb7f39""}","{""python"": ""3.12.10"", ""numpy"": ""2.5.1"", ""pandas"": ""3.0.3"", ""statsmodels"": ""0.14.6"", ""scipy"": ""1.18.0""}"
shard5,416001,67,767,included_final_1000,"(416001, 67)",completed,True,,pooled (real draws),81e9437bee81301cf598ccadda508c9ac9305bf4,"{""finite_shot_end_to_end.parquet"": ""22b5e761f461c6bfde7a60a4efa7ac13bc59ae003488be84d2f0c1e57ddb7f39""}","{""python"": ""3.12.10"", ""numpy"": ""2.5.1"", ""pandas"": ""3.0.3"", ""statsmodels"": ""0.14.6"", ""scipy"": ""1.18.0""}"
shard5,416001,68,768,included_final_1000,"(416001, 68)",completed,True,,pooled (real draws),81e9437bee81301cf598ccadda508c9ac9305bf4,"{""finite_shot_end_to_end.parquet"": ""22b5e761f461c6bfde7a60a4efa7ac13bc59ae003488be84d2f0c1e57ddb7f39""}","{""python"": ""3.12.10"", ""numpy"": ""2.5.1"", ""pandas"": ""3.0.3"", ""statsmodels"": ""0.14.6"", ""scipy"": ""1.18.0""}"
shard5,416001,69,769,included_final_1000,"(416001, 69)",completed,True,,pooled (real draws),81e9437bee81301cf598ccadda508c9ac9305bf4,"{""finite_shot_end_to_end.parquet"": ""22b5e761f461c6bfde7a60a4efa7ac13bc59ae003488be84d2f0c1e57ddb7f39""}","{""python"": ""3.12.10"", ""numpy"": ""2.5.1"", ""pandas"": ""3.0.3"", ""statsmodels"": ""0.14.6"", ""scipy"": ""1.18.0""}"
shard5,416001,70,770,included_final_1000,"(416001, 70)",completed,True,,pooled (real draws),81e9437bee81301cf598ccadda508c9ac9305bf4,"{""finite_shot_end_to_end.parquet"": ""22b5e761f461c6bfde7a60a4efa7ac13bc59ae003488be84d2f0c1e57ddb7f39""}","{""python"": ""3.12.10"", ""numpy"": ""2.5.1"", ""pandas"": ""3.0.3"", ""statsmodels"": ""0.14.6"", ""scipy"": ""1.18.0""}"
shard5,416001,71,771,included_final_1000,"(416001, 71)",completed,True,,pooled (real draws),81e9437bee81301cf598ccadda508c9ac9305bf4,"{""finite_shot_end_to_end.parquet"": ""22b5e761f461c6bfde7a60a4efa7ac13bc59ae003488be84d2f0c1e57ddb7f39""}","{""python"": ""3.12.10"", ""numpy"": ""2.5.1"", ""pandas"": ""3.0.3"", ""statsmodels"": ""0.14.6"", ""scipy"": ""1.18.0""}"
shard5,416001,72,772,included_final_1000,"(416001, 72)",completed,True,,pooled (real draws),81e9437bee81301cf598ccadda508c9ac9305bf4,"{""finite_shot_end_to_end.parquet"": ""22b5e761f461c6bfde7a60a4efa7ac13bc59ae003488be84d2f0c1e57ddb7f39""}","{""python"": ""3.12.10"", ""numpy"": ""2.5.1"", ""pandas"": ""3.0.3"", ""statsmodels"": ""0.14.6"", ""scipy"": ""1.18.0""}"
shard5,416001,73,773,included_final_1000,"(416001, 73)",completed,True,,pooled (real draws),81e9437bee81301cf598ccadda508c9ac9305bf4,"{""finite_shot_end_to_end.parquet"": ""22b5e761f461c6bfde7a60a4efa7ac13bc59ae003488be84d2f0c1e57ddb7f39""}","{""python"": ""3.12.10"", ""numpy"": ""2.5.1"", ""pandas"": ""3.0.3"", ""statsmodels"": ""0.14.6"", ""scipy"": ""1.18.0""}"
shard5,416001,74,774,included_final_1000,"(416001, 74)",completed,True,,pooled (real draws),81e9437bee81301cf598ccadda508c9ac9305bf4,"{""finite_shot_end_to_end.parquet"": ""22b5e761f461c6bfde7a60a4efa7ac13bc59ae003488be84d2f0c1e57ddb7f39""}","{""python"": ""3.12.10"", ""numpy"": ""2.5.1"", ""pandas"": ""3.0.3"", ""statsmodels"": ""0.14.6"", ""scipy"": ""1.18.0""}"
shard5,416001,75,775,included_final_1000,"(416001, 75)",completed,True,,pooled (real draws),81e9437bee81301cf598ccadda508c9ac9305bf4,"{""finite_shot_end_to_end.parquet"": ""22b5e761f461c6bfde7a60a4efa7ac13bc59ae003488be84d2f0c1e57ddb7f39""}","{""python"": ""3.12.10"", ""numpy"": ""2.5.1"", ""pandas"": ""3.0.3"", ""statsmodels"": ""0.14.6"", ""scipy"": ""1.18.0""}"
shard5,416001,76,776,included_final_1000,"(416001, 76)",completed,True,,pooled (real draws),81e9437bee81301cf598ccadda508c9ac9305bf4,"{""finite_shot_end_to_end.parquet"": ""22b5e761f461c6bfde7a60a4efa7ac13bc59ae003488be84d2f0c1e57ddb7f39""}","{""python"": ""3.12.10"", ""numpy"": ""2.5.1"", ""pandas"": ""3.0.3"", ""statsmodels"": ""0.14.6"", ""scipy"": ""1.18.0""}"
shard5,416001,77,777,included_final_1000,"(416001, 77)",completed,True,,pooled (real draws),81e9437bee81301cf598ccadda508c9ac9305bf4,"{""finite_shot_end_to_end.parquet"": ""22b5e761f461c6bfde7a60a4efa7ac13bc59ae003488be84d2f0c1e57ddb7f39""}","{""python"": ""3.12.10"", ""numpy"": ""2.5.1"", ""pandas"": ""3.0.3"", ""statsmodels"": ""0.14.6"", ""scipy"": ""1.18.0""}"
shard5,416001,78,778,included_final_1000,"(416001, 78)",completed,True,,pooled (real draws),81e9437bee81301cf598ccadda508c9ac9305bf4,"{""finite_shot_end_to_end.parquet"": ""22b5e761f461c6bfde7a60a4efa7ac13bc59ae003488be84d2f0c1e57ddb7f39""}","{""python"": ""3.12.10"", ""numpy"": ""2.5.1"", ""pandas"": ""3.0.3"", ""statsmodels"": ""0.14.6"", ""scipy"": ""1.18.0""}"
shard5,416001,79,779,included_final_1000,"(416001, 79)",completed,True,,pooled (real draws),81e9437bee81301cf598ccadda508c9ac9305bf4,"{""finite_shot_end_to_end.parquet"": ""22b5e761f461c6bfde7a60a4efa7ac13bc59ae003488be84d2f0c1e57ddb7f39""}","{""python"": ""3.12.10"", ""numpy"": ""2.5.1"", ""pandas"": ""3.0.3"", ""statsmodels"": ""0.14.6"", ""scipy"": ""1.18.0""}"
shard5,416001,80,780,included_final_1000,"(416001, 80)",completed,True,,pooled (real draws),81e9437bee81301cf598ccadda508c9ac9305bf4,"{""finite_shot_end_to_end.parquet"": ""22b5e761f461c6bfde7a60a4efa7ac13bc59ae003488be84d2f0c1e57ddb7f39""}","{""python"": ""3.12.10"", ""numpy"": ""2.5.1"", ""pandas"": ""3.0.3"", ""statsmodels"": ""0.14.6"", ""scipy"": ""1.18.0""}"
shard5,416001,81,781,included_final_1000,"(416001, 81)",completed,True,,pooled (real draws),81e9437bee81301cf598ccadda508c9ac9305bf4,"{""finite_shot_end_to_end.parquet"": ""22b5e761f461c6bfde7a60a4efa7ac13bc59ae003488be84d2f0c1e57ddb7f39""}","{""python"": ""3.12.10"", ""numpy"": ""2.5.1"", ""pandas"": ""3.0.3"", ""statsmodels"": ""0.14.6"", ""scipy"": ""1.18.0""}"
shard5,416001,82,782,included_final_1000,"(416001, 82)",completed,True,,pooled (real draws),81e9437bee81301cf598ccadda508c9ac9305bf4,"{""finite_shot_end_to_end.parquet"": ""22b5e761f461c6bfde7a60a4efa7ac13bc59ae003488be84d2f0c1e57ddb7f39""}","{""python"": ""3.12.10"", ""numpy"": ""2.5.1"", ""pandas"": ""3.0.3"", ""statsmodels"": ""0.14.6"", ""scipy"": ""1.18.0""}"
shard5,416001,83,783,included_final_1000,"(416001, 83)",completed,True,,pooled (real draws),81e9437bee81301cf598ccadda508c9ac9305bf4,"{""finite_shot_end_to_end.parquet"": ""22b5e761f461c6bfde7a60a4efa7ac13bc59ae003488be84d2f0c1e57ddb7f39""}","{""python"": ""3.12.10"", ""numpy"": ""2.5.1"", ""pandas"": ""3.0.3"", ""statsmodels"": ""0.14.6"", ""scipy"": ""1.18.0""}"
shard5,416001,84,784,included_final_1000,"(416001, 84)",completed,True,,pooled (real draws),81e9437bee81301cf598ccadda508c9ac9305bf4,"{""finite_shot_end_to_end.parquet"": ""22b5e761f461c6bfde7a60a4efa7ac13bc59ae003488be84d2f0c1e57ddb7f39""}","{""python"": ""3.12.10"", ""numpy"": ""2.5.1"", ""pandas"": ""3.0.3"", ""statsmodels"": ""0.14.6"", ""scipy"": ""1.18.0""}"
shard5,416001,85,785,included_final_1000,"(416001, 85)",completed,True,,pooled (real draws),81e9437bee81301cf598ccadda508c9ac9305bf4,"{""finite_shot_end_to_end.parquet"": ""22b5e761f461c6bfde7a60a4efa7ac13bc59ae003488be84d2f0c1e57ddb7f39""}","{""python"": ""3.12.10"", ""numpy"": ""2.5.1"", ""pandas"": ""3.0.3"", ""statsmodels"": ""0.14.6"", ""scipy"": ""1.18.0""}"
shard5,416001,86,786,included_final_1000,"(416001, 86)",completed,True,,pooled (real draws),81e9437bee81301cf598ccadda508c9ac9305bf4,"{""finite_shot_end_to_end.parquet"": ""22b5e761f461c6bfde7a60a4efa7ac13bc59ae003488be84d2f0c1e57ddb7f39""}","{""python"": ""3.12.10"", ""numpy"": ""2.5.1"", ""pandas"": ""3.0.3"", ""statsmodels"": ""0.14.6"", ""scipy"": ""1.18.0""}"
shard5,416001,87,787,included_final_1000,"(416001, 87)",completed,True,,pooled (real draws),81e9437bee81301cf598ccadda508c9ac9305bf4,"{""finite_shot_end_to_end.parquet"": ""22b5e761f461c6bfde7a60a4efa7ac13bc59ae003488be84d2f0c1e57ddb7f39""}","{""python"": ""3.12.10"", ""numpy"": ""2.5.1"", ""pandas"": ""3.0.3"", ""statsmodels"": ""0.14.6"", ""scipy"": ""1.18.0""}"
shard5,416001,88,788,included_final_1000,"(416001, 88)",completed,True,,pooled (real draws),81e9437bee81301cf598ccadda508c9ac9305bf4,"{""finite_shot_end_to_end.parquet"": ""22b5e761f461c6bfde7a60a4efa7ac13bc59ae003488be84d2f0c1e57ddb7f39""}","{""python"": ""3.12.10"", ""numpy"": ""2.5.1"", ""pandas"": ""3.0.3"", ""statsmodels"": ""0.14.6"", ""scipy"": ""1.18.0""}"
shard5,416001,89,789,included_final_1000,"(416001, 89)",completed,True,,pooled (real draws),81e9437bee81301cf598ccadda508c9ac9305bf4,"{""finite_shot_end_to_end.parquet"": ""22b5e761f461c6bfde7a60a4efa7ac13bc59ae003488be84d2f0c1e57ddb7f39""}","{""python"": ""3.12.10"", ""numpy"": ""2.5.1"", ""pandas"": ""3.0.3"", ""statsmodels"": ""0.14.6"", ""scipy"": ""1.18.0""}"
shard5,416001,90,790,included_final_1000,"(416001, 90)",completed,True,,pooled (real draws),81e9437bee81301cf598ccadda508c9ac9305bf4,"{""finite_shot_end_to_end.parquet"": ""22b5e761f461c6bfde7a60a4efa7ac13bc59ae003488be84d2f0c1e57ddb7f39""}","{""python"": ""3.12.10"", ""numpy"": ""2.5.1"", ""pandas"": ""3.0.3"", ""statsmodels"": ""0.14.6"", ""scipy"": ""1.18.0""}"
shard5,416001,91,791,included_final_1000,"(416001, 91)",completed,True,,pooled (real draws),81e9437bee81301cf598ccadda508c9ac9305bf4,"{""finite_shot_end_to_end.parquet"": ""22b5e761f461c6bfde7a60a4efa7ac13bc59ae003488be84d2f0c1e57ddb7f39""}","{""python"": ""3.12.10"", ""numpy"": ""2.5.1"", ""pandas"": ""3.0.3"", ""statsmodels"": ""0.14.6"", ""scipy"": ""1.18.0""}"
shard5,416001,92,792,included_final_1000,"(416001, 92)",completed,True,,pooled (real draws),81e9437bee81301cf598ccadda508c9ac9305bf4,"{""finite_shot_end_to_end.parquet"": ""22b5e761f461c6bfde7a60a4efa7ac13bc59ae003488be84d2f0c1e57ddb7f39""}","{""python"": ""3.12.10"", ""numpy"": ""2.5.1"", ""pandas"": ""3.0.3"", ""statsmodels"": ""0.14.6"", ""scipy"": ""1.18.0""}"
shard5,416001,93,793,included_final_1000,"(416001, 93)",completed,True,,pooled (real draws),81e9437bee81301cf598ccadda508c9ac9305bf4,"{""finite_shot_end_to_end.parquet"": ""22b5e761f461c6bfde7a60a4efa7ac13bc59ae003488be84d2f0c1e57ddb7f39""}","{""python"": ""3.12.10"", ""numpy"": ""2.5.1"", ""pandas"": ""3.0.3"", ""statsmodels"": ""0.14.6"", ""scipy"": ""1.18.0""}"
shard5,416001,94,794,included_final_1000,"(416001, 94)",completed,True,,pooled (real draws),81e9437bee81301cf598ccadda508c9ac9305bf4,"{""finite_shot_end_to_end.parquet"": ""22b5e761f461c6bfde7a60a4efa7ac13bc59ae003488be84d2f0c1e57ddb7f39""}","{""python"": ""3.12.10"", ""numpy"": ""2.5.1"", ""pandas"": ""3.0.3"", ""statsmodels"": ""0.14.6"", ""scipy"": ""1.18.0""}"
shard5,416001,95,795,included_final_1000,"(416001, 95)",completed,True,,pooled (real draws),81e9437bee81301cf598ccadda508c9ac9305bf4,"{""finite_shot_end_to_end.parquet"": ""22b5e761f461c6bfde7a60a4efa7ac13bc59ae003488be84d2f0c1e57ddb7f39""}","{""python"": ""3.12.10"", ""numpy"": ""2.5.1"", ""pandas"": ""3.0.3"", ""statsmodels"": ""0.14.6"", ""scipy"": ""1.18.0""}"
shard5,416001,96,796,included_final_1000,"(416001, 96)",completed,True,,pooled (real draws),81e9437bee81301cf598ccadda508c9ac9305bf4,"{""finite_shot_end_to_end.parquet"": ""22b5e761f461c6bfde7a60a4efa7ac13bc59ae003488be84d2f0c1e57ddb7f39""}","{""python"": ""3.12.10"", ""numpy"": ""2.5.1"", ""pandas"": ""3.0.3"", ""statsmodels"": ""0.14.6"", ""scipy"": ""1.18.0""}"
shard5,416001,97,797,included_final_1000,"(416001, 97)",completed,True,,pooled (real draws),81e9437bee81301cf598ccadda508c9ac9305bf4,"{""finite_shot_end_to_end.parquet"": ""22b5e761f461c6bfde7a60a4efa7ac13bc59ae003488be84d2f0c1e57ddb7f39""}","{""python"": ""3.12.10"", ""numpy"": ""2.5.1"", ""pandas"": ""3.0.3"", ""statsmodels"": ""0.14.6"", ""scipy"": ""1.18.0""}"
shard5,416001,98,798,included_final_1000,"(416001, 98)",completed,True,,pooled (real draws),81e9437bee81301cf598ccadda508c9ac9305bf4,"{""finite_shot_end_to_end.parquet"": ""22b5e761f461c6bfde7a60a4efa7ac13bc59ae003488be84d2f0c1e57ddb7f39""}","{""python"": ""3.12.10"", ""numpy"": ""2.5.1"", ""pandas"": ""3.0.3"", ""statsmodels"": ""0.14.6"", ""scipy"": ""1.18.0""}"
shard5,416001,99,799,included_final_1000,"(416001, 99)",completed,True,,pooled (real draws),81e9437bee81301cf598ccadda508c9ac9305bf4,"{""finite_shot_end_to_end.parquet"": ""22b5e761f461c6bfde7a60a4efa7ac13bc59ae003488be84d2f0c1e57ddb7f39""}","{""python"": ""3.12.10"", ""numpy"": ""2.5.1"", ""pandas"": ""3.0.3"", ""statsmodels"": ""0.14.6"", ""scipy"": ""1.18.0""}"
shard5,416001,100,800,included_final_1000,"(416001, 100)",completed,True,,pooled (real draws),81e9437bee81301cf598ccadda508c9ac9305bf4,"{""finite_shot_end_to_end.parquet"": ""22b5e761f461c6bfde7a60a4efa7ac13bc59ae003488be84d2f0c1e57ddb7f39""}","{""python"": ""3.12.10"", ""numpy"": ""2.5.1"", ""pandas"": ""3.0.3"", ""statsmodels"": ""0.14.6"", ""scipy"": ""1.18.0""}"
shard5,416001,101,801,included_final_1000,"(416001, 101)",completed,True,,pooled (real draws),81e9437bee81301cf598ccadda508c9ac9305bf4,"{""finite_shot_end_to_end.parquet"": ""22b5e761f461c6bfde7a60a4efa7ac13bc59ae003488be84d2f0c1e57ddb7f39""}","{""python"": ""3.12.10"", ""numpy"": ""2.5.1"", ""pandas"": ""3.0.3"", ""statsmodels"": ""0.14.6"", ""scipy"": ""1.18.0""}"
shard5,416001,102,802,included_final_1000,"(416001, 102)",completed,True,,pooled (real draws),81e9437bee81301cf598ccadda508c9ac9305bf4,"{""finite_shot_end_to_end.parquet"": ""22b5e761f461c6bfde7a60a4efa7ac13bc59ae003488be84d2f0c1e57ddb7f39""}","{""python"": ""3.12.10"", ""numpy"": ""2.5.1"", ""pandas"": ""3.0.3"", ""statsmodels"": ""0.14.6"", ""scipy"": ""1.18.0""}"
shard5,416001,103,803,included_final_1000,"(416001, 103)",completed,True,,pooled (real draws),81e9437bee81301cf598ccadda508c9ac9305bf4,"{""finite_shot_end_to_end.parquet"": ""22b5e761f461c6bfde7a60a4efa7ac13bc59ae003488be84d2f0c1e57ddb7f39""}","{""python"": ""3.12.10"", ""numpy"": ""2.5.1"", ""pandas"": ""3.0.3"", ""statsmodels"": ""0.14.6"", ""scipy"": ""1.18.0""}"
shard5,416001,104,804,included_final_1000,"(416001, 104)",completed,True,,pooled (real draws),81e9437bee81301cf598ccadda508c9ac9305bf4,"{""finite_shot_end_to_end.parquet"": ""22b5e761f461c6bfde7a60a4efa7ac13bc59ae003488be84d2f0c1e57ddb7f39""}","{""python"": ""3.12.10"", ""numpy"": ""2.5.1"", ""pandas"": ""3.0.3"", ""statsmodels"": ""0.14.6"", ""scipy"": ""1.18.0""}"
shard5,416001,105,805,included_final_1000,"(416001, 105)",completed,True,,pooled (real draws),81e9437bee81301cf598ccadda508c9ac9305bf4,"{""finite_shot_end_to_end.parquet"": ""22b5e761f461c6bfde7a60a4efa7ac13bc59ae003488be84d2f0c1e57ddb7f39""}","{""python"": ""3.12.10"", ""numpy"": ""2.5.1"", ""pandas"": ""3.0.3"", ""statsmodels"": ""0.14.6"", ""scipy"": ""1.18.0""}"
shard5,416001,106,806,included_final_1000,"(416001, 106)",completed,True,,pooled (real draws),81e9437bee81301cf598ccadda508c9ac9305bf4,"{""finite_shot_end_to_end.parquet"": ""22b5e761f461c6bfde7a60a4efa7ac13bc59ae003488be84d2f0c1e57ddb7f39""}","{""python"": ""3.12.10"", ""numpy"": ""2.5.1"", ""pandas"": ""3.0.3"", ""statsmodels"": ""0.14.6"", ""scipy"": ""1.18.0""}"
shard5,416001,107,807,included_final_1000,"(416001, 107)",completed,True,,pooled (real draws),81e9437bee81301cf598ccadda508c9ac9305bf4,"{""finite_shot_end_to_end.parquet"": ""22b5e761f461c6bfde7a60a4efa7ac13bc59ae003488be84d2f0c1e57ddb7f39""}","{""python"": ""3.12.10"", ""numpy"": ""2.5.1"", ""pandas"": ""3.0.3"", ""statsmodels"": ""0.14.6"", ""scipy"": ""1.18.0""}"
shard5,416001,108,808,included_final_1000,"(416001, 108)",completed,True,,pooled (real draws),81e9437bee81301cf598ccadda508c9ac9305bf4,"{""finite_shot_end_to_end.parquet"": ""22b5e761f461c6bfde7a60a4efa7ac13bc59ae003488be84d2f0c1e57ddb7f39""}","{""python"": ""3.12.10"", ""numpy"": ""2.5.1"", ""pandas"": ""3.0.3"", ""statsmodels"": ""0.14.6"", ""scipy"": ""1.18.0""}"
shard5,416001,109,809,included_final_1000,"(416001, 109)",completed,True,,pooled (real draws),81e9437bee81301cf598ccadda508c9ac9305bf4,"{""finite_shot_end_to_end.parquet"": ""22b5e761f461c6bfde7a60a4efa7ac13bc59ae003488be84d2f0c1e57ddb7f39""}","{""python"": ""3.12.10"", ""numpy"": ""2.5.1"", ""pandas"": ""3.0.3"", ""statsmodels"": ""0.14.6"", ""scipy"": ""1.18.0""}"
shard5,416001,110,810,included_final_1000,"(416001, 110)",completed,True,,pooled (real draws),81e9437bee81301cf598ccadda508c9ac9305bf4,"{""finite_shot_end_to_end.parquet"": ""22b5e761f461c6bfde7a60a4efa7ac13bc59ae003488be84d2f0c1e57ddb7f39""}","{""python"": ""3.12.10"", ""numpy"": ""2.5.1"", ""pandas"": ""3.0.3"", ""statsmodels"": ""0.14.6"", ""scipy"": ""1.18.0""}"
shard5,416001,111,811,included_final_1000,"(416001, 111)",completed,True,,pooled (real draws),81e9437bee81301cf598ccadda508c9ac9305bf4,"{""finite_shot_end_to_end.parquet"": ""22b5e761f461c6bfde7a60a4efa7ac13bc59ae003488be84d2f0c1e57ddb7f39""}","{""python"": ""3.12.10"", ""numpy"": ""2.5.1"", ""pandas"": ""3.0.3"", ""statsmodels"": ""0.14.6"", ""scipy"": ""1.18.0""}"
shard5,416001,112,812,included_final_1000,"(416001, 112)",completed,True,,pooled (real draws),81e9437bee81301cf598ccadda508c9ac9305bf4,"{""finite_shot_end_to_end.parquet"": ""22b5e761f461c6bfde7a60a4efa7ac13bc59ae003488be84d2f0c1e57ddb7f39""}","{""python"": ""3.12.10"", ""numpy"": ""2.5.1"", ""pandas"": ""3.0.3"", ""statsmodels"": ""0.14.6"", ""scipy"": ""1.18.0""}"
shard5,416001,113,813,included_final_1000,"(416001, 113)",completed,True,,pooled (real draws),81e9437bee81301cf598ccadda508c9ac9305bf4,"{""finite_shot_end_to_end.parquet"": ""22b5e761f461c6bfde7a60a4efa7ac13bc59ae003488be84d2f0c1e57ddb7f39""}","{""python"": ""3.12.10"", ""numpy"": ""2.5.1"", ""pandas"": ""3.0.3"", ""statsmodels"": ""0.14.6"", ""scipy"": ""1.18.0""}"
shard5,416001,114,814,included_final_1000,"(416001, 114)",completed,True,,pooled (real draws),81e9437bee81301cf598ccadda508c9ac9305bf4,"{""finite_shot_end_to_end.parquet"": ""22b5e761f461c6bfde7a60a4efa7ac13bc59ae003488be84d2f0c1e57ddb7f39""}","{""python"": ""3.12.10"", ""numpy"": ""2.5.1"", ""pandas"": ""3.0.3"", ""statsmodels"": ""0.14.6"", ""scipy"": ""1.18.0""}"
shard5,416001,115,815,included_final_1000,"(416001, 115)",completed,True,,pooled (real draws),81e9437bee81301cf598ccadda508c9ac9305bf4,"{""finite_shot_end_to_end.parquet"": ""22b5e761f461c6bfde7a60a4efa7ac13bc59ae003488be84d2f0c1e57ddb7f39""}","{""python"": ""3.12.10"", ""numpy"": ""2.5.1"", ""pandas"": ""3.0.3"", ""statsmodels"": ""0.14.6"", ""scipy"": ""1.18.0""}"
shard5,416001,116,816,included_final_1000,"(416001, 116)",completed,True,,pooled (real draws),81e9437bee81301cf598ccadda508c9ac9305bf4,"{""finite_shot_end_to_end.parquet"": ""22b5e761f461c6bfde7a60a4efa7ac13bc59ae003488be84d2f0c1e57ddb7f39""}","{""python"": ""3.12.10"", ""numpy"": ""2.5.1"", ""pandas"": ""3.0.3"", ""statsmodels"": ""0.14.6"", ""scipy"": ""1.18.0""}"
shard5,416001,117,817,included_final_1000,"(416001, 117)",completed,True,,pooled (real draws),81e9437bee81301cf598ccadda508c9ac9305bf4,"{""finite_shot_end_to_end.parquet"": ""22b5e761f461c6bfde7a60a4efa7ac13bc59ae003488be84d2f0c1e57ddb7f39""}","{""python"": ""3.12.10"", ""numpy"": ""2.5.1"", ""pandas"": ""3.0.3"", ""statsmodels"": ""0.14.6"", ""scipy"": ""1.18.0""}"
shard5,416001,118,818,included_final_1000,"(416001, 118)",completed,True,,pooled (real draws),81e9437bee81301cf598ccadda508c9ac9305bf4,"{""finite_shot_end_to_end.parquet"": ""22b5e761f461c6bfde7a60a4efa7ac13bc59ae003488be84d2f0c1e57ddb7f39""}","{""python"": ""3.12.10"", ""numpy"": ""2.5.1"", ""pandas"": ""3.0.3"", ""statsmodels"": ""0.14.6"", ""scipy"": ""1.18.0""}"
shard5,416001,119,819,included_final_1000,"(416001, 119)",completed,True,,pooled (real draws),81e9437bee81301cf598ccadda508c9ac9305bf4,"{""finite_shot_end_to_end.parquet"": ""22b5e761f461c6bfde7a60a4efa7ac13bc59ae003488be84d2f0c1e57ddb7f39""}","{""python"": ""3.12.10"", ""numpy"": ""2.5.1"", ""pandas"": ""3.0.3"", ""statsmodels"": ""0.14.6"", ""scipy"": ""1.18.0""}"
shard5,416001,120,820,included_final_1000,"(416001, 120)",completed,True,,pooled (real draws),81e9437bee81301cf598ccadda508c9ac9305bf4,"{""finite_shot_end_to_end.parquet"": ""22b5e761f461c6bfde7a60a4efa7ac13bc59ae003488be84d2f0c1e57ddb7f39""}","{""python"": ""3.12.10"", ""numpy"": ""2.5.1"", ""pandas"": ""3.0.3"", ""statsmodels"": ""0.14.6"", ""scipy"": ""1.18.0""}"
shard5,416001,121,821,included_final_1000,"(416001, 121)",completed,True,,pooled (real draws),81e9437bee81301cf598ccadda508c9ac9305bf4,"{""finite_shot_end_to_end.parquet"": ""22b5e761f461c6bfde7a60a4efa7ac13bc59ae003488be84d2f0c1e57ddb7f39""}","{""python"": ""3.12.10"", ""numpy"": ""2.5.1"", ""pandas"": ""3.0.3"", ""statsmodels"": ""0.14.6"", ""scipy"": ""1.18.0""}"
shard5,416001,122,822,included_final_1000,"(416001, 122)",completed,True,,pooled (real draws),81e9437bee81301cf598ccadda508c9ac9305bf4,"{""finite_shot_end_to_end.parquet"": ""22b5e761f461c6bfde7a60a4efa7ac13bc59ae003488be84d2f0c1e57ddb7f39""}","{""python"": ""3.12.10"", ""numpy"": ""2.5.1"", ""pandas"": ""3.0.3"", ""statsmodels"": ""0.14.6"", ""scipy"": ""1.18.0""}"
shard5,416001,123,823,included_final_1000,"(416001, 123)",completed,True,,pooled (real draws),81e9437bee81301cf598ccadda508c9ac9305bf4,"{""finite_shot_end_to_end.parquet"": ""22b5e761f461c6bfde7a60a4efa7ac13bc59ae003488be84d2f0c1e57ddb7f39""}","{""python"": ""3.12.10"", ""numpy"": ""2.5.1"", ""pandas"": ""3.0.3"", ""statsmodels"": ""0.14.6"", ""scipy"": ""1.18.0""}"
shard5,416001,124,824,included_final_1000,"(416001, 124)",completed,True,,pooled (real draws),81e9437bee81301cf598ccadda508c9ac9305bf4,"{""finite_shot_end_to_end.parquet"": ""22b5e761f461c6bfde7a60a4efa7ac13bc59ae003488be84d2f0c1e57ddb7f39""}","{""python"": ""3.12.10"", ""numpy"": ""2.5.1"", ""pandas"": ""3.0.3"", ""statsmodels"": ""0.14.6"", ""scipy"": ""1.18.0""}"
shard5,416001,125,825,included_final_1000,"(416001, 125)",completed,True,,pooled (real draws),81e9437bee81301cf598ccadda508c9ac9305bf4,"{""finite_shot_end_to_end.parquet"": ""22b5e761f461c6bfde7a60a4efa7ac13bc59ae003488be84d2f0c1e57ddb7f39""}","{""python"": ""3.12.10"", ""numpy"": ""2.5.1"", ""pandas"": ""3.0.3"", ""statsmodels"": ""0.14.6"", ""scipy"": ""1.18.0""}"
shard5,416001,126,826,included_final_1000,"(416001, 126)",completed,True,,pooled (real draws),81e9437bee81301cf598ccadda508c9ac9305bf4,"{""finite_shot_end_to_end.parquet"": ""22b5e761f461c6bfde7a60a4efa7ac13bc59ae003488be84d2f0c1e57ddb7f39""}","{""python"": ""3.12.10"", ""numpy"": ""2.5.1"", ""pandas"": ""3.0.3"", ""statsmodels"": ""0.14.6"", ""scipy"": ""1.18.0""}"
shard5,416001,127,827,included_final_1000,"(416001, 127)",completed,True,,pooled (real draws),81e9437bee81301cf598ccadda508c9ac9305bf4,"{""finite_shot_end_to_end.parquet"": ""22b5e761f461c6bfde7a60a4efa7ac13bc59ae003488be84d2f0c1e57ddb7f39""}","{""python"": ""3.12.10"", ""numpy"": ""2.5.1"", ""pandas"": ""3.0.3"", ""statsmodels"": ""0.14.6"", ""scipy"": ""1.18.0""}"
shard5,416001,128,828,included_final_1000,"(416001, 128)",completed,True,,pooled (real draws),81e9437bee81301cf598ccadda508c9ac9305bf4,"{""finite_shot_end_to_end.parquet"": ""22b5e761f461c6bfde7a60a4efa7ac13bc59ae003488be84d2f0c1e57ddb7f39""}","{""python"": ""3.12.10"", ""numpy"": ""2.5.1"", ""pandas"": ""3.0.3"", ""statsmodels"": ""0.14.6"", ""scipy"": ""1.18.0""}"
shard5,416001,129,829,included_final_1000,"(416001, 129)",completed,True,,pooled (real draws),81e9437bee81301cf598ccadda508c9ac9305bf4,"{""finite_shot_end_to_end.parquet"": ""22b5e761f461c6bfde7a60a4efa7ac13bc59ae003488be84d2f0c1e57ddb7f39""}","{""python"": ""3.12.10"", ""numpy"": ""2.5.1"", ""pandas"": ""3.0.3"", ""statsmodels"": ""0.14.6"", ""scipy"": ""1.18.0""}"
shard6,426001,0,830,included_final_1000,"(426001, 0)",completed,True,,pooled (real draws),81e9437bee81301cf598ccadda508c9ac9305bf4,"{""finite_shot_end_to_end.parquet"": ""22b5e761f461c6bfde7a60a4efa7ac13bc59ae003488be84d2f0c1e57ddb7f39""}","{""python"": ""3.12.10"", ""numpy"": ""2.5.1"", ""pandas"": ""3.0.3"", ""statsmodels"": ""0.14.6"", ""scipy"": ""1.18.0""}"
shard6,426001,1,831,included_final_1000,"(426001, 1)",completed,True,,pooled (real draws),81e9437bee81301cf598ccadda508c9ac9305bf4,"{""finite_shot_end_to_end.parquet"": ""22b5e761f461c6bfde7a60a4efa7ac13bc59ae003488be84d2f0c1e57ddb7f39""}","{""python"": ""3.12.10"", ""numpy"": ""2.5.1"", ""pandas"": ""3.0.3"", ""statsmodels"": ""0.14.6"", ""scipy"": ""1.18.0""}"
shard6,426001,2,832,included_final_1000,"(426001, 2)",completed,True,,pooled (real draws),81e9437bee81301cf598ccadda508c9ac9305bf4,"{""finite_shot_end_to_end.parquet"": ""22b5e761f461c6bfde7a60a4efa7ac13bc59ae003488be84d2f0c1e57ddb7f39""}","{""python"": ""3.12.10"", ""numpy"": ""2.5.1"", ""pandas"": ""3.0.3"", ""statsmodels"": ""0.14.6"", ""scipy"": ""1.18.0""}"
shard6,426001,3,833,included_final_1000,"(426001, 3)",completed,True,,pooled (real draws),81e9437bee81301cf598ccadda508c9ac9305bf4,"{""finite_shot_end_to_end.parquet"": ""22b5e761f461c6bfde7a60a4efa7ac13bc59ae003488be84d2f0c1e57ddb7f39""}","{""python"": ""3.12.10"", ""numpy"": ""2.5.1"", ""pandas"": ""3.0.3"", ""statsmodels"": ""0.14.6"", ""scipy"": ""1.18.0""}"
shard6,426001,4,834,included_final_1000,"(426001, 4)",completed,True,,pooled (real draws),81e9437bee81301cf598ccadda508c9ac9305bf4,"{""finite_shot_end_to_end.parquet"": ""22b5e761f461c6bfde7a60a4efa7ac13bc59ae003488be84d2f0c1e57ddb7f39""}","{""python"": ""3.12.10"", ""numpy"": ""2.5.1"", ""pandas"": ""3.0.3"", ""statsmodels"": ""0.14.6"", ""scipy"": ""1.18.0""}"
shard6,426001,5,835,included_final_1000,"(426001, 5)",completed,True,,pooled (real draws),81e9437bee81301cf598ccadda508c9ac9305bf4,"{""finite_shot_end_to_end.parquet"": ""22b5e761f461c6bfde7a60a4efa7ac13bc59ae003488be84d2f0c1e57ddb7f39""}","{""python"": ""3.12.10"", ""numpy"": ""2.5.1"", ""pandas"": ""3.0.3"", ""statsmodels"": ""0.14.6"", ""scipy"": ""1.18.0""}"
shard7,436001,0,836,included_final_1000,"(436001, 0)",completed,True,,pooled (real draws),81e9437bee81301cf598ccadda508c9ac9305bf4,"{""finite_shot_end_to_end.parquet"": ""22b5e761f461c6bfde7a60a4efa7ac13bc59ae003488be84d2f0c1e57ddb7f39""}","{""python"": ""3.12.10"", ""numpy"": ""2.5.1"", ""pandas"": ""3.0.3"", ""statsmodels"": ""0.14.6"", ""scipy"": ""1.18.0""}"
shard7,436001,1,837,included_final_1000,"(436001, 1)",completed,True,,pooled (real draws),81e9437bee81301cf598ccadda508c9ac9305bf4,"{""finite_shot_end_to_end.parquet"": ""22b5e761f461c6bfde7a60a4efa7ac13bc59ae003488be84d2f0c1e57ddb7f39""}","{""python"": ""3.12.10"", ""numpy"": ""2.5.1"", ""pandas"": ""3.0.3"", ""statsmodels"": ""0.14.6"", ""scipy"": ""1.18.0""}"
shard7,436001,2,838,included_final_1000,"(436001, 2)",completed,True,,pooled (real draws),81e9437bee81301cf598ccadda508c9ac9305bf4,"{""finite_shot_end_to_end.parquet"": ""22b5e761f461c6bfde7a60a4efa7ac13bc59ae003488be84d2f0c1e57ddb7f39""}","{""python"": ""3.12.10"", ""numpy"": ""2.5.1"", ""pandas"": ""3.0.3"", ""statsmodels"": ""0.14.6"", ""scipy"": ""1.18.0""}"
shard7,436001,3,839,included_final_1000,"(436001, 3)",completed,True,,pooled (real draws),81e9437bee81301cf598ccadda508c9ac9305bf4,"{""finite_shot_end_to_end.parquet"": ""22b5e761f461c6bfde7a60a4efa7ac13bc59ae003488be84d2f0c1e57ddb7f39""}","{""python"": ""3.12.10"", ""numpy"": ""2.5.1"", ""pandas"": ""3.0.3"", ""statsmodels"": ""0.14.6"", ""scipy"": ""1.18.0""}"
shard7,436001,4,840,included_final_1000,"(436001, 4)",completed,True,,pooled (real draws),81e9437bee81301cf598ccadda508c9ac9305bf4,"{""finite_shot_end_to_end.parquet"": ""22b5e761f461c6bfde7a60a4efa7ac13bc59ae003488be84d2f0c1e57ddb7f39""}","{""python"": ""3.12.10"", ""numpy"": ""2.5.1"", ""pandas"": ""3.0.3"", ""statsmodels"": ""0.14.6"", ""scipy"": ""1.18.0""}"
shard7,436001,5,841,included_final_1000,"(436001, 5)",completed,True,,pooled (real draws),81e9437bee81301cf598ccadda508c9ac9305bf4,"{""finite_shot_end_to_end.parquet"": ""22b5e761f461c6bfde7a60a4efa7ac13bc59ae003488be84d2f0c1e57ddb7f39""}","{""python"": ""3.12.10"", ""numpy"": ""2.5.1"", ""pandas"": ""3.0.3"", ""statsmodels"": ""0.14.6"", ""scipy"": ""1.18.0""}"
shard7,436001,6,842,included_final_1000,"(436001, 6)",completed,True,,pooled (real draws),81e9437bee81301cf598ccadda508c9ac9305bf4,"{""finite_shot_end_to_end.parquet"": ""22b5e761f461c6bfde7a60a4efa7ac13bc59ae003488be84d2f0c1e57ddb7f39""}","{""python"": ""3.12.10"", ""numpy"": ""2.5.1"", ""pandas"": ""3.0.3"", ""statsmodels"": ""0.14.6"", ""scipy"": ""1.18.0""}"
shard7,436001,7,843,included_final_1000,"(436001, 7)",completed,True,,pooled (real draws),81e9437bee81301cf598ccadda508c9ac9305bf4,"{""finite_shot_end_to_end.parquet"": ""22b5e761f461c6bfde7a60a4efa7ac13bc59ae003488be84d2f0c1e57ddb7f39""}","{""python"": ""3.12.10"", ""numpy"": ""2.5.1"", ""pandas"": ""3.0.3"", ""statsmodels"": ""0.14.6"", ""scipy"": ""1.18.0""}"
shard7,436001,8,844,included_final_1000,"(436001, 8)",completed,True,,pooled (real draws),81e9437bee81301cf598ccadda508c9ac9305bf4,"{""finite_shot_end_to_end.parquet"": ""22b5e761f461c6bfde7a60a4efa7ac13bc59ae003488be84d2f0c1e57ddb7f39""}","{""python"": ""3.12.10"", ""numpy"": ""2.5.1"", ""pandas"": ""3.0.3"", ""statsmodels"": ""0.14.6"", ""scipy"": ""1.18.0""}"
shard7,436001,9,845,included_final_1000,"(436001, 9)",completed,True,,pooled (real draws),81e9437bee81301cf598ccadda508c9ac9305bf4,"{""finite_shot_end_to_end.parquet"": ""22b5e761f461c6bfde7a60a4efa7ac13bc59ae003488be84d2f0c1e57ddb7f39""}","{""python"": ""3.12.10"", ""numpy"": ""2.5.1"", ""pandas"": ""3.0.3"", ""statsmodels"": ""0.14.6"", ""scipy"": ""1.18.0""}"
shard7,436001,10,846,included_final_1000,"(436001, 10)",completed,True,,pooled (real draws),81e9437bee81301cf598ccadda508c9ac9305bf4,"{""finite_shot_end_to_end.parquet"": ""22b5e761f461c6bfde7a60a4efa7ac13bc59ae003488be84d2f0c1e57ddb7f39""}","{""python"": ""3.12.10"", ""numpy"": ""2.5.1"", ""pandas"": ""3.0.3"", ""statsmodels"": ""0.14.6"", ""scipy"": ""1.18.0""}"
shard7,436001,11,847,included_final_1000,"(436001, 11)",completed,True,,pooled (real draws),81e9437bee81301cf598ccadda508c9ac9305bf4,"{""finite_shot_end_to_end.parquet"": ""22b5e761f461c6bfde7a60a4efa7ac13bc59ae003488be84d2f0c1e57ddb7f39""}","{""python"": ""3.12.10"", ""numpy"": ""2.5.1"", ""pandas"": ""3.0.3"", ""statsmodels"": ""0.14.6"", ""scipy"": ""1.18.0""}"
shard7,436001,12,848,included_final_1000,"(436001, 12)",completed,True,,pooled (real draws),81e9437bee81301cf598ccadda508c9ac9305bf4,"{""finite_shot_end_to_end.parquet"": ""22b5e761f461c6bfde7a60a4efa7ac13bc59ae003488be84d2f0c1e57ddb7f39""}","{""python"": ""3.12.10"", ""numpy"": ""2.5.1"", ""pandas"": ""3.0.3"", ""statsmodels"": ""0.14.6"", ""scipy"": ""1.18.0""}"
shard7,436001,13,849,included_final_1000,"(436001, 13)",completed,True,,pooled (real draws),81e9437bee81301cf598ccadda508c9ac9305bf4,"{""finite_shot_end_to_end.parquet"": ""22b5e761f461c6bfde7a60a4efa7ac13bc59ae003488be84d2f0c1e57ddb7f39""}","{""python"": ""3.12.10"", ""numpy"": ""2.5.1"", ""pandas"": ""3.0.3"", ""statsmodels"": ""0.14.6"", ""scipy"": ""1.18.0""}"
shard7,436001,14,850,included_final_1000,"(436001, 14)",completed,True,,pooled (real draws),81e9437bee81301cf598ccadda508c9ac9305bf4,"{""finite_shot_end_to_end.parquet"": ""22b5e761f461c6bfde7a60a4efa7ac13bc59ae003488be84d2f0c1e57ddb7f39""}","{""python"": ""3.12.10"", ""numpy"": ""2.5.1"", ""pandas"": ""3.0.3"", ""statsmodels"": ""0.14.6"", ""scipy"": ""1.18.0""}"
shard7,436001,15,851,included_final_1000,"(436001, 15)",completed,True,,pooled (real draws),81e9437bee81301cf598ccadda508c9ac9305bf4,"{""finite_shot_end_to_end.parquet"": ""22b5e761f461c6bfde7a60a4efa7ac13bc59ae003488be84d2f0c1e57ddb7f39""}","{""python"": ""3.12.10"", ""numpy"": ""2.5.1"", ""pandas"": ""3.0.3"", ""statsmodels"": ""0.14.6"", ""scipy"": ""1.18.0""}"
shard7,436001,16,852,included_final_1000,"(436001, 16)",completed,True,,pooled (real draws),81e9437bee81301cf598ccadda508c9ac9305bf4,"{""finite_shot_end_to_end.parquet"": ""22b5e761f461c6bfde7a60a4efa7ac13bc59ae003488be84d2f0c1e57ddb7f39""}","{""python"": ""3.12.10"", ""numpy"": ""2.5.1"", ""pandas"": ""3.0.3"", ""statsmodels"": ""0.14.6"", ""scipy"": ""1.18.0""}"
shard8,446001,0,853,included_final_1000,"(446001, 0)",completed,True,,pooled (real draws),81e9437bee81301cf598ccadda508c9ac9305bf4,"{""finite_shot_end_to_end.parquet"": ""22b5e761f461c6bfde7a60a4efa7ac13bc59ae003488be84d2f0c1e57ddb7f39""}","{""python"": ""3.12.10"", ""numpy"": ""2.5.1"", ""pandas"": ""3.0.3"", ""statsmodels"": ""0.14.6"", ""scipy"": ""1.18.0""}"
shard8,446001,1,854,included_final_1000,"(446001, 1)",completed,True,,pooled (real draws),81e9437bee81301cf598ccadda508c9ac9305bf4,"{""finite_shot_end_to_end.parquet"": ""22b5e761f461c6bfde7a60a4efa7ac13bc59ae003488be84d2f0c1e57ddb7f39""}","{""python"": ""3.12.10"", ""numpy"": ""2.5.1"", ""pandas"": ""3.0.3"", ""statsmodels"": ""0.14.6"", ""scipy"": ""1.18.0""}"
shard8,446001,2,855,included_final_1000,"(446001, 2)",completed,True,,pooled (real draws),81e9437bee81301cf598ccadda508c9ac9305bf4,"{""finite_shot_end_to_end.parquet"": ""22b5e761f461c6bfde7a60a4efa7ac13bc59ae003488be84d2f0c1e57ddb7f39""}","{""python"": ""3.12.10"", ""numpy"": ""2.5.1"", ""pandas"": ""3.0.3"", ""statsmodels"": ""0.14.6"", ""scipy"": ""1.18.0""}"
shard9,456001,0,856,included_final_1000,"(456001, 0)",completed,True,,pooled (real draws),81e9437bee81301cf598ccadda508c9ac9305bf4,"{""finite_shot_end_to_end.parquet"": ""22b5e761f461c6bfde7a60a4efa7ac13bc59ae003488be84d2f0c1e57ddb7f39""}","{""python"": ""3.12.10"", ""numpy"": ""2.5.1"", ""pandas"": ""3.0.3"", ""statsmodels"": ""0.14.6"", ""scipy"": ""1.18.0""}"
shard9,456001,1,857,included_final_1000,"(456001, 1)",completed,True,,pooled (real draws),81e9437bee81301cf598ccadda508c9ac9305bf4,"{""finite_shot_end_to_end.parquet"": ""22b5e761f461c6bfde7a60a4efa7ac13bc59ae003488be84d2f0c1e57ddb7f39""}","{""python"": ""3.12.10"", ""numpy"": ""2.5.1"", ""pandas"": ""3.0.3"", ""statsmodels"": ""0.14.6"", ""scipy"": ""1.18.0""}"
shard9,456001,2,858,included_final_1000,"(456001, 2)",completed,True,,pooled (real draws),81e9437bee81301cf598ccadda508c9ac9305bf4,"{""finite_shot_end_to_end.parquet"": ""22b5e761f461c6bfde7a60a4efa7ac13bc59ae003488be84d2f0c1e57ddb7f39""}","{""python"": ""3.12.10"", ""numpy"": ""2.5.1"", ""pandas"": ""3.0.3"", ""statsmodels"": ""0.14.6"", ""scipy"": ""1.18.0""}"
shard9,456001,3,859,included_final_1000,"(456001, 3)",completed,True,,pooled (real draws),81e9437bee81301cf598ccadda508c9ac9305bf4,"{""finite_shot_end_to_end.parquet"": ""22b5e761f461c6bfde7a60a4efa7ac13bc59ae003488be84d2f0c1e57ddb7f39""}","{""python"": ""3.12.10"", ""numpy"": ""2.5.1"", ""pandas"": ""3.0.3"", ""statsmodels"": ""0.14.6"", ""scipy"": ""1.18.0""}"
shard9,456001,4,860,included_final_1000,"(456001, 4)",completed,True,,pooled (real draws),81e9437bee81301cf598ccadda508c9ac9305bf4,"{""finite_shot_end_to_end.parquet"": ""22b5e761f461c6bfde7a60a4efa7ac13bc59ae003488be84d2f0c1e57ddb7f39""}","{""python"": ""3.12.10"", ""numpy"": ""2.5.1"", ""pandas"": ""3.0.3"", ""statsmodels"": ""0.14.6"", ""scipy"": ""1.18.0""}"
shard9,456001,5,861,included_final_1000,"(456001, 5)",completed,True,,pooled (real draws),81e9437bee81301cf598ccadda508c9ac9305bf4,"{""finite_shot_end_to_end.parquet"": ""22b5e761f461c6bfde7a60a4efa7ac13bc59ae003488be84d2f0c1e57ddb7f39""}","{""python"": ""3.12.10"", ""numpy"": ""2.5.1"", ""pandas"": ""3.0.3"", ""statsmodels"": ""0.14.6"", ""scipy"": ""1.18.0""}"
shard9,456001,6,862,included_final_1000,"(456001, 6)",completed,True,,pooled (real draws),81e9437bee81301cf598ccadda508c9ac9305bf4,"{""finite_shot_end_to_end.parquet"": ""22b5e761f461c6bfde7a60a4efa7ac13bc59ae003488be84d2f0c1e57ddb7f39""}","{""python"": ""3.12.10"", ""numpy"": ""2.5.1"", ""pandas"": ""3.0.3"", ""statsmodels"": ""0.14.6"", ""scipy"": ""1.18.0""}"
shard9,456001,7,863,included_final_1000,"(456001, 7)",completed,True,,pooled (real draws),81e9437bee81301cf598ccadda508c9ac9305bf4,"{""finite_shot_end_to_end.parquet"": ""22b5e761f461c6bfde7a60a4efa7ac13bc59ae003488be84d2f0c1e57ddb7f39""}","{""python"": ""3.12.10"", ""numpy"": ""2.5.1"", ""pandas"": ""3.0.3"", ""statsmodels"": ""0.14.6"", ""scipy"": ""1.18.0""}"
shard9,456001,8,864,included_final_1000,"(456001, 8)",completed,True,,pooled (real draws),81e9437bee81301cf598ccadda508c9ac9305bf4,"{""finite_shot_end_to_end.parquet"": ""22b5e761f461c6bfde7a60a4efa7ac13bc59ae003488be84d2f0c1e57ddb7f39""}","{""python"": ""3.12.10"", ""numpy"": ""2.5.1"", ""pandas"": ""3.0.3"", ""statsmodels"": ""0.14.6"", ""scipy"": ""1.18.0""}"
shard9,456001,9,865,included_final_1000,"(456001, 9)",completed,True,,pooled (real draws),81e9437bee81301cf598ccadda508c9ac9305bf4,"{""finite_shot_end_to_end.parquet"": ""22b5e761f461c6bfde7a60a4efa7ac13bc59ae003488be84d2f0c1e57ddb7f39""}","{""python"": ""3.12.10"", ""numpy"": ""2.5.1"", ""pandas"": ""3.0.3"", ""statsmodels"": ""0.14.6"", ""scipy"": ""1.18.0""}"
shard9,456001,10,866,included_final_1000,"(456001, 10)",completed,True,,pooled (real draws),81e9437bee81301cf598ccadda508c9ac9305bf4,"{""finite_shot_end_to_end.parquet"": ""22b5e761f461c6bfde7a60a4efa7ac13bc59ae003488be84d2f0c1e57ddb7f39""}","{""python"": ""3.12.10"", ""numpy"": ""2.5.1"", ""pandas"": ""3.0.3"", ""statsmodels"": ""0.14.6"", ""scipy"": ""1.18.0""}"
shard9,456001,11,867,included_final_1000,"(456001, 11)",completed,True,,pooled (real draws),81e9437bee81301cf598ccadda508c9ac9305bf4,"{""finite_shot_end_to_end.parquet"": ""22b5e761f461c6bfde7a60a4efa7ac13bc59ae003488be84d2f0c1e57ddb7f39""}","{""python"": ""3.12.10"", ""numpy"": ""2.5.1"", ""pandas"": ""3.0.3"", ""statsmodels"": ""0.14.6"", ""scipy"": ""1.18.0""}"
shard9,456001,12,868,included_final_1000,"(456001, 12)",completed,True,,pooled (real draws),81e9437bee81301cf598ccadda508c9ac9305bf4,"{""finite_shot_end_to_end.parquet"": ""22b5e761f461c6bfde7a60a4efa7ac13bc59ae003488be84d2f0c1e57ddb7f39""}","{""python"": ""3.12.10"", ""numpy"": ""2.5.1"", ""pandas"": ""3.0.3"", ""statsmodels"": ""0.14.6"", ""scipy"": ""1.18.0""}"
shard9,456001,13,869,included_final_1000,"(456001, 13)",completed,True,,pooled (real draws),81e9437bee81301cf598ccadda508c9ac9305bf4,"{""finite_shot_end_to_end.parquet"": ""22b5e761f461c6bfde7a60a4efa7ac13bc59ae003488be84d2f0c1e57ddb7f39""}","{""python"": ""3.12.10"", ""numpy"": ""2.5.1"", ""pandas"": ""3.0.3"", ""statsmodels"": ""0.14.6"", ""scipy"": ""1.18.0""}"
shard9,456001,14,870,included_final_1000,"(456001, 14)",completed,True,,pooled (real draws),81e9437bee81301cf598ccadda508c9ac9305bf4,"{""finite_shot_end_to_end.parquet"": ""22b5e761f461c6bfde7a60a4efa7ac13bc59ae003488be84d2f0c1e57ddb7f39""}","{""python"": ""3.12.10"", ""numpy"": ""2.5.1"", ""pandas"": ""3.0.3"", ""statsmodels"": ""0.14.6"", ""scipy"": ""1.18.0""}"
shard9,456001,15,871,included_final_1000,"(456001, 15)",completed,True,,pooled (real draws),81e9437bee81301cf598ccadda508c9ac9305bf4,"{""finite_shot_end_to_end.parquet"": ""22b5e761f461c6bfde7a60a4efa7ac13bc59ae003488be84d2f0c1e57ddb7f39""}","{""python"": ""3.12.10"", ""numpy"": ""2.5.1"", ""pandas"": ""3.0.3"", ""statsmodels"": ""0.14.6"", ""scipy"": ""1.18.0""}"
shard9,456001,16,872,included_final_1000,"(456001, 16)",completed,True,,pooled (real draws),81e9437bee81301cf598ccadda508c9ac9305bf4,"{""finite_shot_end_to_end.parquet"": ""22b5e761f461c6bfde7a60a4efa7ac13bc59ae003488be84d2f0c1e57ddb7f39""}","{""python"": ""3.12.10"", ""numpy"": ""2.5.1"", ""pandas"": ""3.0.3"", ""statsmodels"": ""0.14.6"", ""scipy"": ""1.18.0""}"
shard9,456001,17,873,included_final_1000,"(456001, 17)",completed,True,,pooled (real draws),81e9437bee81301cf598ccadda508c9ac9305bf4,"{""finite_shot_end_to_end.parquet"": ""22b5e761f461c6bfde7a60a4efa7ac13bc59ae003488be84d2f0c1e57ddb7f39""}","{""python"": ""3.12.10"", ""numpy"": ""2.5.1"", ""pandas"": ""3.0.3"", ""statsmodels"": ""0.14.6"", ""scipy"": ""1.18.0""}"
shard9,456001,18,874,included_final_1000,"(456001, 18)",completed,True,,pooled (real draws),81e9437bee81301cf598ccadda508c9ac9305bf4,"{""finite_shot_end_to_end.parquet"": ""22b5e761f461c6bfde7a60a4efa7ac13bc59ae003488be84d2f0c1e57ddb7f39""}","{""python"": ""3.12.10"", ""numpy"": ""2.5.1"", ""pandas"": ""3.0.3"", ""statsmodels"": ""0.14.6"", ""scipy"": ""1.18.0""}"
shard9,456001,19,875,included_final_1000,"(456001, 19)",completed,True,,pooled (real draws),81e9437bee81301cf598ccadda508c9ac9305bf4,"{""finite_shot_end_to_end.parquet"": ""22b5e761f461c6bfde7a60a4efa7ac13bc59ae003488be84d2f0c1e57ddb7f39""}","{""python"": ""3.12.10"", ""numpy"": ""2.5.1"", ""pandas"": ""3.0.3"", ""statsmodels"": ""0.14.6"", ""scipy"": ""1.18.0""}"
shard9,456001,20,876,included_final_1000,"(456001, 20)",completed,True,,pooled (real draws),81e9437bee81301cf598ccadda508c9ac9305bf4,"{""finite_shot_end_to_end.parquet"": ""22b5e761f461c6bfde7a60a4efa7ac13bc59ae003488be84d2f0c1e57ddb7f39""}","{""python"": ""3.12.10"", ""numpy"": ""2.5.1"", ""pandas"": ""3.0.3"", ""statsmodels"": ""0.14.6"", ""scipy"": ""1.18.0""}"
shard9,456001,21,877,included_final_1000,"(456001, 21)",completed,True,,pooled (real draws),81e9437bee81301cf598ccadda508c9ac9305bf4,"{""finite_shot_end_to_end.parquet"": ""22b5e761f461c6bfde7a60a4efa7ac13bc59ae003488be84d2f0c1e57ddb7f39""}","{""python"": ""3.12.10"", ""numpy"": ""2.5.1"", ""pandas"": ""3.0.3"", ""statsmodels"": ""0.14.6"", ""scipy"": ""1.18.0""}"
shard9,456001,22,878,included_final_1000,"(456001, 22)",completed,True,,pooled (real draws),81e9437bee81301cf598ccadda508c9ac9305bf4,"{""finite_shot_end_to_end.parquet"": ""22b5e761f461c6bfde7a60a4efa7ac13bc59ae003488be84d2f0c1e57ddb7f39""}","{""python"": ""3.12.10"", ""numpy"": ""2.5.1"", ""pandas"": ""3.0.3"", ""statsmodels"": ""0.14.6"", ""scipy"": ""1.18.0""}"
shard9,456001,23,879,included_final_1000,"(456001, 23)",completed,True,,pooled (real draws),81e9437bee81301cf598ccadda508c9ac9305bf4,"{""finite_shot_end_to_end.parquet"": ""22b5e761f461c6bfde7a60a4efa7ac13bc59ae003488be84d2f0c1e57ddb7f39""}","{""python"": ""3.12.10"", ""numpy"": ""2.5.1"", ""pandas"": ""3.0.3"", ""statsmodels"": ""0.14.6"", ""scipy"": ""1.18.0""}"
shard9,456001,24,880,included_final_1000,"(456001, 24)",completed,True,,pooled (real draws),81e9437bee81301cf598ccadda508c9ac9305bf4,"{""finite_shot_end_to_end.parquet"": ""22b5e761f461c6bfde7a60a4efa7ac13bc59ae003488be84d2f0c1e57ddb7f39""}","{""python"": ""3.12.10"", ""numpy"": ""2.5.1"", ""pandas"": ""3.0.3"", ""statsmodels"": ""0.14.6"", ""scipy"": ""1.18.0""}"
shard9,456001,25,881,included_final_1000,"(456001, 25)",completed,True,,pooled (real draws),81e9437bee81301cf598ccadda508c9ac9305bf4,"{""finite_shot_end_to_end.parquet"": ""22b5e761f461c6bfde7a60a4efa7ac13bc59ae003488be84d2f0c1e57ddb7f39""}","{""python"": ""3.12.10"", ""numpy"": ""2.5.1"", ""pandas"": ""3.0.3"", ""statsmodels"": ""0.14.6"", ""scipy"": ""1.18.0""}"
shard9,456001,26,882,included_final_1000,"(456001, 26)",completed,True,,pooled (real draws),81e9437bee81301cf598ccadda508c9ac9305bf4,"{""finite_shot_end_to_end.parquet"": ""22b5e761f461c6bfde7a60a4efa7ac13bc59ae003488be84d2f0c1e57ddb7f39""}","{""python"": ""3.12.10"", ""numpy"": ""2.5.1"", ""pandas"": ""3.0.3"", ""statsmodels"": ""0.14.6"", ""scipy"": ""1.18.0""}"
shard9,456001,27,883,included_final_1000,"(456001, 27)",completed,True,,pooled (real draws),81e9437bee81301cf598ccadda508c9ac9305bf4,"{""finite_shot_end_to_end.parquet"": ""22b5e761f461c6bfde7a60a4efa7ac13bc59ae003488be84d2f0c1e57ddb7f39""}","{""python"": ""3.12.10"", ""numpy"": ""2.5.1"", ""pandas"": ""3.0.3"", ""statsmodels"": ""0.14.6"", ""scipy"": ""1.18.0""}"
shard9,456001,28,884,included_final_1000,"(456001, 28)",completed,True,,pooled (real draws),81e9437bee81301cf598ccadda508c9ac9305bf4,"{""finite_shot_end_to_end.parquet"": ""22b5e761f461c6bfde7a60a4efa7ac13bc59ae003488be84d2f0c1e57ddb7f39""}","{""python"": ""3.12.10"", ""numpy"": ""2.5.1"", ""pandas"": ""3.0.3"", ""statsmodels"": ""0.14.6"", ""scipy"": ""1.18.0""}"
shard9,456001,29,885,included_final_1000,"(456001, 29)",completed,True,,pooled (real draws),81e9437bee81301cf598ccadda508c9ac9305bf4,"{""finite_shot_end_to_end.parquet"": ""22b5e761f461c6bfde7a60a4efa7ac13bc59ae003488be84d2f0c1e57ddb7f39""}","{""python"": ""3.12.10"", ""numpy"": ""2.5.1"", ""pandas"": ""3.0.3"", ""statsmodels"": ""0.14.6"", ""scipy"": ""1.18.0""}"
shard9,456001,30,886,included_final_1000,"(456001, 30)",completed,True,,pooled (real draws),81e9437bee81301cf598ccadda508c9ac9305bf4,"{""finite_shot_end_to_end.parquet"": ""22b5e761f461c6bfde7a60a4efa7ac13bc59ae003488be84d2f0c1e57ddb7f39""}","{""python"": ""3.12.10"", ""numpy"": ""2.5.1"", ""pandas"": ""3.0.3"", ""statsmodels"": ""0.14.6"", ""scipy"": ""1.18.0""}"
shard9,456001,31,887,included_final_1000,"(456001, 31)",completed,True,,pooled (real draws),81e9437bee81301cf598ccadda508c9ac9305bf4,"{""finite_shot_end_to_end.parquet"": ""22b5e761f461c6bfde7a60a4efa7ac13bc59ae003488be84d2f0c1e57ddb7f39""}","{""python"": ""3.12.10"", ""numpy"": ""2.5.1"", ""pandas"": ""3.0.3"", ""statsmodels"": ""0.14.6"", ""scipy"": ""1.18.0""}"
shard9,456001,32,888,included_final_1000,"(456001, 32)",completed,True,,pooled (real draws),81e9437bee81301cf598ccadda508c9ac9305bf4,"{""finite_shot_end_to_end.parquet"": ""22b5e761f461c6bfde7a60a4efa7ac13bc59ae003488be84d2f0c1e57ddb7f39""}","{""python"": ""3.12.10"", ""numpy"": ""2.5.1"", ""pandas"": ""3.0.3"", ""statsmodels"": ""0.14.6"", ""scipy"": ""1.18.0""}"
shard9,456001,33,889,included_final_1000,"(456001, 33)",completed,True,,pooled (real draws),81e9437bee81301cf598ccadda508c9ac9305bf4,"{""finite_shot_end_to_end.parquet"": ""22b5e761f461c6bfde7a60a4efa7ac13bc59ae003488be84d2f0c1e57ddb7f39""}","{""python"": ""3.12.10"", ""numpy"": ""2.5.1"", ""pandas"": ""3.0.3"", ""statsmodels"": ""0.14.6"", ""scipy"": ""1.18.0""}"
shard9,456001,34,890,included_final_1000,"(456001, 34)",completed,True,,pooled (real draws),81e9437bee81301cf598ccadda508c9ac9305bf4,"{""finite_shot_end_to_end.parquet"": ""22b5e761f461c6bfde7a60a4efa7ac13bc59ae003488be84d2f0c1e57ddb7f39""}","{""python"": ""3.12.10"", ""numpy"": ""2.5.1"", ""pandas"": ""3.0.3"", ""statsmodels"": ""0.14.6"", ""scipy"": ""1.18.0""}"
shard9,456001,35,891,included_final_1000,"(456001, 35)",completed,True,,pooled (real draws),81e9437bee81301cf598ccadda508c9ac9305bf4,"{""finite_shot_end_to_end.parquet"": ""22b5e761f461c6bfde7a60a4efa7ac13bc59ae003488be84d2f0c1e57ddb7f39""}","{""python"": ""3.12.10"", ""numpy"": ""2.5.1"", ""pandas"": ""3.0.3"", ""statsmodels"": ""0.14.6"", ""scipy"": ""1.18.0""}"
shard9,456001,36,892,included_final_1000,"(456001, 36)",completed,True,,pooled (real draws),81e9437bee81301cf598ccadda508c9ac9305bf4,"{""finite_shot_end_to_end.parquet"": ""22b5e761f461c6bfde7a60a4efa7ac13bc59ae003488be84d2f0c1e57ddb7f39""}","{""python"": ""3.12.10"", ""numpy"": ""2.5.1"", ""pandas"": ""3.0.3"", ""statsmodels"": ""0.14.6"", ""scipy"": ""1.18.0""}"
shard9,456001,37,893,included_final_1000,"(456001, 37)",completed,True,,pooled (real draws),81e9437bee81301cf598ccadda508c9ac9305bf4,"{""finite_shot_end_to_end.parquet"": ""22b5e761f461c6bfde7a60a4efa7ac13bc59ae003488be84d2f0c1e57ddb7f39""}","{""python"": ""3.12.10"", ""numpy"": ""2.5.1"", ""pandas"": ""3.0.3"", ""statsmodels"": ""0.14.6"", ""scipy"": ""1.18.0""}"
shard9,456001,38,894,included_final_1000,"(456001, 38)",completed,True,,pooled (real draws),81e9437bee81301cf598ccadda508c9ac9305bf4,"{""finite_shot_end_to_end.parquet"": ""22b5e761f461c6bfde7a60a4efa7ac13bc59ae003488be84d2f0c1e57ddb7f39""}","{""python"": ""3.12.10"", ""numpy"": ""2.5.1"", ""pandas"": ""3.0.3"", ""statsmodels"": ""0.14.6"", ""scipy"": ""1.18.0""}"
shard9,456001,39,895,included_final_1000,"(456001, 39)",completed,True,,pooled (real draws),81e9437bee81301cf598ccadda508c9ac9305bf4,"{""finite_shot_end_to_end.parquet"": ""22b5e761f461c6bfde7a60a4efa7ac13bc59ae003488be84d2f0c1e57ddb7f39""}","{""python"": ""3.12.10"", ""numpy"": ""2.5.1"", ""pandas"": ""3.0.3"", ""statsmodels"": ""0.14.6"", ""scipy"": ""1.18.0""}"
shard9,456001,40,896,included_final_1000,"(456001, 40)",completed,True,,pooled (real draws),81e9437bee81301cf598ccadda508c9ac9305bf4,"{""finite_shot_end_to_end.parquet"": ""22b5e761f461c6bfde7a60a4efa7ac13bc59ae003488be84d2f0c1e57ddb7f39""}","{""python"": ""3.12.10"", ""numpy"": ""2.5.1"", ""pandas"": ""3.0.3"", ""statsmodels"": ""0.14.6"", ""scipy"": ""1.18.0""}"
shard9,456001,41,897,included_final_1000,"(456001, 41)",completed,True,,pooled (real draws),81e9437bee81301cf598ccadda508c9ac9305bf4,"{""finite_shot_end_to_end.parquet"": ""22b5e761f461c6bfde7a60a4efa7ac13bc59ae003488be84d2f0c1e57ddb7f39""}","{""python"": ""3.12.10"", ""numpy"": ""2.5.1"", ""pandas"": ""3.0.3"", ""statsmodels"": ""0.14.6"", ""scipy"": ""1.18.0""}"
shard9,456001,42,898,included_final_1000,"(456001, 42)",completed,True,,pooled (real draws),81e9437bee81301cf598ccadda508c9ac9305bf4,"{""finite_shot_end_to_end.parquet"": ""22b5e761f461c6bfde7a60a4efa7ac13bc59ae003488be84d2f0c1e57ddb7f39""}","{""python"": ""3.12.10"", ""numpy"": ""2.5.1"", ""pandas"": ""3.0.3"", ""statsmodels"": ""0.14.6"", ""scipy"": ""1.18.0""}"
shard9,456001,43,899,included_final_1000,"(456001, 43)",completed,True,,pooled (real draws),81e9437bee81301cf598ccadda508c9ac9305bf4,"{""finite_shot_end_to_end.parquet"": ""22b5e761f461c6bfde7a60a4efa7ac13bc59ae003488be84d2f0c1e57ddb7f39""}","{""python"": ""3.12.10"", ""numpy"": ""2.5.1"", ""pandas"": ""3.0.3"", ""statsmodels"": ""0.14.6"", ""scipy"": ""1.18.0""}"
shard9,456001,44,900,included_final_1000,"(456001, 44)",completed,True,,pooled (real draws),81e9437bee81301cf598ccadda508c9ac9305bf4,"{""finite_shot_end_to_end.parquet"": ""22b5e761f461c6bfde7a60a4efa7ac13bc59ae003488be84d2f0c1e57ddb7f39""}","{""python"": ""3.12.10"", ""numpy"": ""2.5.1"", ""pandas"": ""3.0.3"", ""statsmodels"": ""0.14.6"", ""scipy"": ""1.18.0""}"
shard9,456001,45,901,included_final_1000,"(456001, 45)",completed,True,,pooled (real draws),81e9437bee81301cf598ccadda508c9ac9305bf4,"{""finite_shot_end_to_end.parquet"": ""22b5e761f461c6bfde7a60a4efa7ac13bc59ae003488be84d2f0c1e57ddb7f39""}","{""python"": ""3.12.10"", ""numpy"": ""2.5.1"", ""pandas"": ""3.0.3"", ""statsmodels"": ""0.14.6"", ""scipy"": ""1.18.0""}"
shard9,456001,46,902,included_final_1000,"(456001, 46)",completed,True,,pooled (real draws),81e9437bee81301cf598ccadda508c9ac9305bf4,"{""finite_shot_end_to_end.parquet"": ""22b5e761f461c6bfde7a60a4efa7ac13bc59ae003488be84d2f0c1e57ddb7f39""}","{""python"": ""3.12.10"", ""numpy"": ""2.5.1"", ""pandas"": ""3.0.3"", ""statsmodels"": ""0.14.6"", ""scipy"": ""1.18.0""}"
shard9,456001,47,903,included_final_1000,"(456001, 47)",completed,True,,pooled (real draws),81e9437bee81301cf598ccadda508c9ac9305bf4,"{""finite_shot_end_to_end.parquet"": ""22b5e761f461c6bfde7a60a4efa7ac13bc59ae003488be84d2f0c1e57ddb7f39""}","{""python"": ""3.12.10"", ""numpy"": ""2.5.1"", ""pandas"": ""3.0.3"", ""statsmodels"": ""0.14.6"", ""scipy"": ""1.18.0""}"
shard9,456001,48,904,included_final_1000,"(456001, 48)",completed,True,,pooled (real draws),81e9437bee81301cf598ccadda508c9ac9305bf4,"{""finite_shot_end_to_end.parquet"": ""22b5e761f461c6bfde7a60a4efa7ac13bc59ae003488be84d2f0c1e57ddb7f39""}","{""python"": ""3.12.10"", ""numpy"": ""2.5.1"", ""pandas"": ""3.0.3"", ""statsmodels"": ""0.14.6"", ""scipy"": ""1.18.0""}"
shard9,456001,49,905,included_final_1000,"(456001, 49)",completed,True,,pooled (real draws),81e9437bee81301cf598ccadda508c9ac9305bf4,"{""finite_shot_end_to_end.parquet"": ""22b5e761f461c6bfde7a60a4efa7ac13bc59ae003488be84d2f0c1e57ddb7f39""}","{""python"": ""3.12.10"", ""numpy"": ""2.5.1"", ""pandas"": ""3.0.3"", ""statsmodels"": ""0.14.6"", ""scipy"": ""1.18.0""}"
