stream,shard_seed,iteration,rng_key,status,failure_reason,pooling_status,git_commit,input_file_sha256,software_versions
regression_a,266001,0,"(266001, 0)",completed,,pooled (real draws),3f4c04e3b0cdcca44c63043566057eb9537182f5,"{""finite_shot_end_to_end.parquet"": ""22b5e761f461c6bfde7a60a4efa7ac13bc59ae003488be84d2f0c1e57ddb7f39""}","{""python"": ""3.12.10"", ""numpy"": ""2.5.1"", ""pandas"": ""3.0.3"", ""statsmodels"": ""0.14.6"", ""scipy"": ""1.18.0""}"
regression_a,266001,1,"(266001, 1)",completed,,pooled (real draws),3f4c04e3b0cdcca44c63043566057eb9537182f5,"{""finite_shot_end_to_end.parquet"": ""22b5e761f461c6bfde7a60a4efa7ac13bc59ae003488be84d2f0c1e57ddb7f39""}","{""python"": ""3.12.10"", ""numpy"": ""2.5.1"", ""pandas"": ""3.0.3"", ""statsmodels"": ""0.14.6"", ""scipy"": ""1.18.0""}"
regression_a,266001,2,"(266001, 2)",completed,,pooled (real draws),3f4c04e3b0cdcca44c63043566057eb9537182f5,"{""finite_shot_end_to_end.parquet"": ""22b5e761f461c6bfde7a60a4efa7ac13bc59ae003488be84d2f0c1e57ddb7f39""}","{""python"": ""3.12.10"", ""numpy"": ""2.5.1"", ""pandas"": ""3.0.3"", ""statsmodels"": ""0.14.6"", ""scipy"": ""1.18.0""}"
regression_a,266001,3,"(266001, 3)",completed,,pooled (real draws),3f4c04e3b0cdcca44c63043566057eb9537182f5,"{""finite_shot_end_to_end.parquet"": ""22b5e761f461c6bfde7a60a4efa7ac13bc59ae003488be84d2f0c1e57ddb7f39""}","{""python"": ""3.12.10"", ""numpy"": ""2.5.1"", ""pandas"": ""3.0.3"", ""statsmodels"": ""0.14.6"", ""scipy"": ""1.18.0""}"
regression_a,266001,4,"(266001, 4)",completed,,pooled (real draws),3f4c04e3b0cdcca44c63043566057eb9537182f5,"{""finite_shot_end_to_end.parquet"": ""22b5e761f461c6bfde7a60a4efa7ac13bc59ae003488be84d2f0c1e57ddb7f39""}","{""python"": ""3.12.10"", ""numpy"": ""2.5.1"", ""pandas"": ""3.0.3"", ""statsmodels"": ""0.14.6"", ""scipy"": ""1.18.0""}"
regression_a,266001,5,"(266001, 5)",completed,,pooled (real draws),3f4c04e3b0cdcca44c63043566057eb9537182f5,"{""finite_shot_end_to_end.parquet"": ""22b5e761f461c6bfde7a60a4efa7ac13bc59ae003488be84d2f0c1e57ddb7f39""}","{""python"": ""3.12.10"", ""numpy"": ""2.5.1"", ""pandas"": ""3.0.3"", ""statsmodels"": ""0.14.6"", ""scipy"": ""1.18.0""}"
regression_a,266001,6,"(266001, 6)",completed,,pooled (real draws),3f4c04e3b0cdcca44c63043566057eb9537182f5,"{""finite_shot_end_to_end.parquet"": ""22b5e761f461c6bfde7a60a4efa7ac13bc59ae003488be84d2f0c1e57ddb7f39""}","{""python"": ""3.12.10"", ""numpy"": ""2.5.1"", ""pandas"": ""3.0.3"", ""statsmodels"": ""0.14.6"", ""scipy"": ""1.18.0""}"
regression_a,266001,7,"(266001, 7)",completed,,pooled (real draws),3f4c04e3b0cdcca44c63043566057eb9537182f5,"{""finite_shot_end_to_end.parquet"": ""22b5e761f461c6bfde7a60a4efa7ac13bc59ae003488be84d2f0c1e57ddb7f39""}","{""python"": ""3.12.10"", ""numpy"": ""2.5.1"", ""pandas"": ""3.0.3"", ""statsmodels"": ""0.14.6"", ""scipy"": ""1.18.0""}"
regression_b,266001,0,"(266001, 0)",completed,,duplicate check ONLY -- excluded from pooled summary,3f4c04e3b0cdcca44c63043566057eb9537182f5,"{""finite_shot_end_to_end.parquet"": ""22b5e761f461c6bfde7a60a4efa7ac13bc59ae003488be84d2f0c1e57ddb7f39""}","{""python"": ""3.12.10"", ""numpy"": ""2.5.1"", ""pandas"": ""3.0.3"", ""statsmodels"": ""0.14.6"", ""scipy"": ""1.18.0""}"
regression_b,266001,1,"(266001, 1)",completed,,duplicate check ONLY -- excluded from pooled summary,3f4c04e3b0cdcca44c63043566057eb9537182f5,"{""finite_shot_end_to_end.parquet"": ""22b5e761f461c6bfde7a60a4efa7ac13bc59ae003488be84d2f0c1e57ddb7f39""}","{""python"": ""3.12.10"", ""numpy"": ""2.5.1"", ""pandas"": ""3.0.3"", ""statsmodels"": ""0.14.6"", ""scipy"": ""1.18.0""}"
regression_b,266001,2,"(266001, 2)",completed,,duplicate check ONLY -- excluded from pooled summary,3f4c04e3b0cdcca44c63043566057eb9537182f5,"{""finite_shot_end_to_end.parquet"": ""22b5e761f461c6bfde7a60a4efa7ac13bc59ae003488be84d2f0c1e57ddb7f39""}","{""python"": ""3.12.10"", ""numpy"": ""2.5.1"", ""pandas"": ""3.0.3"", ""statsmodels"": ""0.14.6"", ""scipy"": ""1.18.0""}"
regression_b,266001,3,"(266001, 3)",completed,,duplicate check ONLY -- excluded from pooled summary,3f4c04e3b0cdcca44c63043566057eb9537182f5,"{""finite_shot_end_to_end.parquet"": ""22b5e761f461c6bfde7a60a4efa7ac13bc59ae003488be84d2f0c1e57ddb7f39""}","{""python"": ""3.12.10"", ""numpy"": ""2.5.1"", ""pandas"": ""3.0.3"", ""statsmodels"": ""0.14.6"", ""scipy"": ""1.18.0""}"
regression_b,266001,4,"(266001, 4)",completed,,duplicate check ONLY -- excluded from pooled summary,3f4c04e3b0cdcca44c63043566057eb9537182f5,"{""finite_shot_end_to_end.parquet"": ""22b5e761f461c6bfde7a60a4efa7ac13bc59ae003488be84d2f0c1e57ddb7f39""}","{""python"": ""3.12.10"", ""numpy"": ""2.5.1"", ""pandas"": ""3.0.3"", ""statsmodels"": ""0.14.6"", ""scipy"": ""1.18.0""}"
regression_b,266001,5,"(266001, 5)",completed,,duplicate check ONLY -- excluded from pooled summary,3f4c04e3b0cdcca44c63043566057eb9537182f5,"{""finite_shot_end_to_end.parquet"": ""22b5e761f461c6bfde7a60a4efa7ac13bc59ae003488be84d2f0c1e57ddb7f39""}","{""python"": ""3.12.10"", ""numpy"": ""2.5.1"", ""pandas"": ""3.0.3"", ""statsmodels"": ""0.14.6"", ""scipy"": ""1.18.0""}"
regression_b,266001,6,"(266001, 6)",completed,,duplicate check ONLY -- excluded from pooled summary,3f4c04e3b0cdcca44c63043566057eb9537182f5,"{""finite_shot_end_to_end.parquet"": ""22b5e761f461c6bfde7a60a4efa7ac13bc59ae003488be84d2f0c1e57ddb7f39""}","{""python"": ""3.12.10"", ""numpy"": ""2.5.1"", ""pandas"": ""3.0.3"", ""statsmodels"": ""0.14.6"", ""scipy"": ""1.18.0""}"
regression_b,266001,7,"(266001, 7)",completed,,duplicate check ONLY -- excluded from pooled summary,3f4c04e3b0cdcca44c63043566057eb9537182f5,"{""finite_shot_end_to_end.parquet"": ""22b5e761f461c6bfde7a60a4efa7ac13bc59ae003488be84d2f0c1e57ddb7f39""}","{""python"": ""3.12.10"", ""numpy"": ""2.5.1"", ""pandas"": ""3.0.3"", ""statsmodels"": ""0.14.6"", ""scipy"": ""1.18.0""}"
shard0,366001,0,"(366001, 0)",completed,,pooled (real draws),3f4c04e3b0cdcca44c63043566057eb9537182f5,"{""finite_shot_end_to_end.parquet"": ""22b5e761f461c6bfde7a60a4efa7ac13bc59ae003488be84d2f0c1e57ddb7f39""}","{""python"": ""3.12.10"", ""numpy"": ""2.5.1"", ""pandas"": ""3.0.3"", ""statsmodels"": ""0.14.6"", ""scipy"": ""1.18.0""}"
shard0,366001,1,"(366001, 1)",completed,,pooled (real draws),3f4c04e3b0cdcca44c63043566057eb9537182f5,"{""finite_shot_end_to_end.parquet"": ""22b5e761f461c6bfde7a60a4efa7ac13bc59ae003488be84d2f0c1e57ddb7f39""}","{""python"": ""3.12.10"", ""numpy"": ""2.5.1"", ""pandas"": ""3.0.3"", ""statsmodels"": ""0.14.6"", ""scipy"": ""1.18.0""}"
shard0,366001,2,"(366001, 2)",completed,,pooled (real draws),3f4c04e3b0cdcca44c63043566057eb9537182f5,"{""finite_shot_end_to_end.parquet"": ""22b5e761f461c6bfde7a60a4efa7ac13bc59ae003488be84d2f0c1e57ddb7f39""}","{""python"": ""3.12.10"", ""numpy"": ""2.5.1"", ""pandas"": ""3.0.3"", ""statsmodels"": ""0.14.6"", ""scipy"": ""1.18.0""}"
shard0,366001,3,"(366001, 3)",completed,,pooled (real draws),3f4c04e3b0cdcca44c63043566057eb9537182f5,"{""finite_shot_end_to_end.parquet"": ""22b5e761f461c6bfde7a60a4efa7ac13bc59ae003488be84d2f0c1e57ddb7f39""}","{""python"": ""3.12.10"", ""numpy"": ""2.5.1"", ""pandas"": ""3.0.3"", ""statsmodels"": ""0.14.6"", ""scipy"": ""1.18.0""}"
shard0,366001,4,"(366001, 4)",completed,,pooled (real draws),3f4c04e3b0cdcca44c63043566057eb9537182f5,"{""finite_shot_end_to_end.parquet"": ""22b5e761f461c6bfde7a60a4efa7ac13bc59ae003488be84d2f0c1e57ddb7f39""}","{""python"": ""3.12.10"", ""numpy"": ""2.5.1"", ""pandas"": ""3.0.3"", ""statsmodels"": ""0.14.6"", ""scipy"": ""1.18.0""}"
shard0,366001,5,"(366001, 5)",completed,,pooled (real draws),3f4c04e3b0cdcca44c63043566057eb9537182f5,"{""finite_shot_end_to_end.parquet"": ""22b5e761f461c6bfde7a60a4efa7ac13bc59ae003488be84d2f0c1e57ddb7f39""}","{""python"": ""3.12.10"", ""numpy"": ""2.5.1"", ""pandas"": ""3.0.3"", ""statsmodels"": ""0.14.6"", ""scipy"": ""1.18.0""}"
shard0,366001,6,"(366001, 6)",completed,,pooled (real draws),3f4c04e3b0cdcca44c63043566057eb9537182f5,"{""finite_shot_end_to_end.parquet"": ""22b5e761f461c6bfde7a60a4efa7ac13bc59ae003488be84d2f0c1e57ddb7f39""}","{""python"": ""3.12.10"", ""numpy"": ""2.5.1"", ""pandas"": ""3.0.3"", ""statsmodels"": ""0.14.6"", ""scipy"": ""1.18.0""}"
shard0,366001,7,"(366001, 7)",completed,,pooled (real draws),3f4c04e3b0cdcca44c63043566057eb9537182f5,"{""finite_shot_end_to_end.parquet"": ""22b5e761f461c6bfde7a60a4efa7ac13bc59ae003488be84d2f0c1e57ddb7f39""}","{""python"": ""3.12.10"", ""numpy"": ""2.5.1"", ""pandas"": ""3.0.3"", ""statsmodels"": ""0.14.6"", ""scipy"": ""1.18.0""}"
shard0,366001,8,"(366001, 8)",completed,,pooled (real draws),3f4c04e3b0cdcca44c63043566057eb9537182f5,"{""finite_shot_end_to_end.parquet"": ""22b5e761f461c6bfde7a60a4efa7ac13bc59ae003488be84d2f0c1e57ddb7f39""}","{""python"": ""3.12.10"", ""numpy"": ""2.5.1"", ""pandas"": ""3.0.3"", ""statsmodels"": ""0.14.6"", ""scipy"": ""1.18.0""}"
shard0,366001,9,"(366001, 9)",completed,,pooled (real draws),3f4c04e3b0cdcca44c63043566057eb9537182f5,"{""finite_shot_end_to_end.parquet"": ""22b5e761f461c6bfde7a60a4efa7ac13bc59ae003488be84d2f0c1e57ddb7f39""}","{""python"": ""3.12.10"", ""numpy"": ""2.5.1"", ""pandas"": ""3.0.3"", ""statsmodels"": ""0.14.6"", ""scipy"": ""1.18.0""}"
shard0,366001,10,"(366001, 10)",completed,,pooled (real draws),3f4c04e3b0cdcca44c63043566057eb9537182f5,"{""finite_shot_end_to_end.parquet"": ""22b5e761f461c6bfde7a60a4efa7ac13bc59ae003488be84d2f0c1e57ddb7f39""}","{""python"": ""3.12.10"", ""numpy"": ""2.5.1"", ""pandas"": ""3.0.3"", ""statsmodels"": ""0.14.6"", ""scipy"": ""1.18.0""}"
shard0,366001,11,"(366001, 11)",completed,,pooled (real draws),3f4c04e3b0cdcca44c63043566057eb9537182f5,"{""finite_shot_end_to_end.parquet"": ""22b5e761f461c6bfde7a60a4efa7ac13bc59ae003488be84d2f0c1e57ddb7f39""}","{""python"": ""3.12.10"", ""numpy"": ""2.5.1"", ""pandas"": ""3.0.3"", ""statsmodels"": ""0.14.6"", ""scipy"": ""1.18.0""}"
shard0,366001,12,"(366001, 12)",completed,,pooled (real draws),3f4c04e3b0cdcca44c63043566057eb9537182f5,"{""finite_shot_end_to_end.parquet"": ""22b5e761f461c6bfde7a60a4efa7ac13bc59ae003488be84d2f0c1e57ddb7f39""}","{""python"": ""3.12.10"", ""numpy"": ""2.5.1"", ""pandas"": ""3.0.3"", ""statsmodels"": ""0.14.6"", ""scipy"": ""1.18.0""}"
shard0,366001,13,"(366001, 13)",completed,,pooled (real draws),3f4c04e3b0cdcca44c63043566057eb9537182f5,"{""finite_shot_end_to_end.parquet"": ""22b5e761f461c6bfde7a60a4efa7ac13bc59ae003488be84d2f0c1e57ddb7f39""}","{""python"": ""3.12.10"", ""numpy"": ""2.5.1"", ""pandas"": ""3.0.3"", ""statsmodels"": ""0.14.6"", ""scipy"": ""1.18.0""}"
shard0,366001,14,"(366001, 14)",completed,,pooled (real draws),3f4c04e3b0cdcca44c63043566057eb9537182f5,"{""finite_shot_end_to_end.parquet"": ""22b5e761f461c6bfde7a60a4efa7ac13bc59ae003488be84d2f0c1e57ddb7f39""}","{""python"": ""3.12.10"", ""numpy"": ""2.5.1"", ""pandas"": ""3.0.3"", ""statsmodels"": ""0.14.6"", ""scipy"": ""1.18.0""}"
shard0,366001,15,"(366001, 15)",completed,,pooled (real draws),3f4c04e3b0cdcca44c63043566057eb9537182f5,"{""finite_shot_end_to_end.parquet"": ""22b5e761f461c6bfde7a60a4efa7ac13bc59ae003488be84d2f0c1e57ddb7f39""}","{""python"": ""3.12.10"", ""numpy"": ""2.5.1"", ""pandas"": ""3.0.3"", ""statsmodels"": ""0.14.6"", ""scipy"": ""1.18.0""}"
shard0,366001,16,"(366001, 16)",completed,,pooled (real draws),3f4c04e3b0cdcca44c63043566057eb9537182f5,"{""finite_shot_end_to_end.parquet"": ""22b5e761f461c6bfde7a60a4efa7ac13bc59ae003488be84d2f0c1e57ddb7f39""}","{""python"": ""3.12.10"", ""numpy"": ""2.5.1"", ""pandas"": ""3.0.3"", ""statsmodels"": ""0.14.6"", ""scipy"": ""1.18.0""}"
shard0,366001,17,"(366001, 17)",completed,,pooled (real draws),3f4c04e3b0cdcca44c63043566057eb9537182f5,"{""finite_shot_end_to_end.parquet"": ""22b5e761f461c6bfde7a60a4efa7ac13bc59ae003488be84d2f0c1e57ddb7f39""}","{""python"": ""3.12.10"", ""numpy"": ""2.5.1"", ""pandas"": ""3.0.3"", ""statsmodels"": ""0.14.6"", ""scipy"": ""1.18.0""}"
shard0,366001,18,"(366001, 18)",completed,,pooled (real draws),3f4c04e3b0cdcca44c63043566057eb9537182f5,"{""finite_shot_end_to_end.parquet"": ""22b5e761f461c6bfde7a60a4efa7ac13bc59ae003488be84d2f0c1e57ddb7f39""}","{""python"": ""3.12.10"", ""numpy"": ""2.5.1"", ""pandas"": ""3.0.3"", ""statsmodels"": ""0.14.6"", ""scipy"": ""1.18.0""}"
shard0,366001,19,"(366001, 19)",completed,,pooled (real draws),3f4c04e3b0cdcca44c63043566057eb9537182f5,"{""finite_shot_end_to_end.parquet"": ""22b5e761f461c6bfde7a60a4efa7ac13bc59ae003488be84d2f0c1e57ddb7f39""}","{""python"": ""3.12.10"", ""numpy"": ""2.5.1"", ""pandas"": ""3.0.3"", ""statsmodels"": ""0.14.6"", ""scipy"": ""1.18.0""}"
shard0,366001,20,"(366001, 20)",completed,,pooled (real draws),3f4c04e3b0cdcca44c63043566057eb9537182f5,"{""finite_shot_end_to_end.parquet"": ""22b5e761f461c6bfde7a60a4efa7ac13bc59ae003488be84d2f0c1e57ddb7f39""}","{""python"": ""3.12.10"", ""numpy"": ""2.5.1"", ""pandas"": ""3.0.3"", ""statsmodels"": ""0.14.6"", ""scipy"": ""1.18.0""}"
shard0,366001,21,"(366001, 21)",completed,,pooled (real draws),3f4c04e3b0cdcca44c63043566057eb9537182f5,"{""finite_shot_end_to_end.parquet"": ""22b5e761f461c6bfde7a60a4efa7ac13bc59ae003488be84d2f0c1e57ddb7f39""}","{""python"": ""3.12.10"", ""numpy"": ""2.5.1"", ""pandas"": ""3.0.3"", ""statsmodels"": ""0.14.6"", ""scipy"": ""1.18.0""}"
shard0,366001,22,"(366001, 22)",completed,,pooled (real draws),3f4c04e3b0cdcca44c63043566057eb9537182f5,"{""finite_shot_end_to_end.parquet"": ""22b5e761f461c6bfde7a60a4efa7ac13bc59ae003488be84d2f0c1e57ddb7f39""}","{""python"": ""3.12.10"", ""numpy"": ""2.5.1"", ""pandas"": ""3.0.3"", ""statsmodels"": ""0.14.6"", ""scipy"": ""1.18.0""}"
shard0,366001,23,"(366001, 23)",completed,,pooled (real draws),3f4c04e3b0cdcca44c63043566057eb9537182f5,"{""finite_shot_end_to_end.parquet"": ""22b5e761f461c6bfde7a60a4efa7ac13bc59ae003488be84d2f0c1e57ddb7f39""}","{""python"": ""3.12.10"", ""numpy"": ""2.5.1"", ""pandas"": ""3.0.3"", ""statsmodels"": ""0.14.6"", ""scipy"": ""1.18.0""}"
shard0,366001,24,"(366001, 24)",completed,,pooled (real draws),3f4c04e3b0cdcca44c63043566057eb9537182f5,"{""finite_shot_end_to_end.parquet"": ""22b5e761f461c6bfde7a60a4efa7ac13bc59ae003488be84d2f0c1e57ddb7f39""}","{""python"": ""3.12.10"", ""numpy"": ""2.5.1"", ""pandas"": ""3.0.3"", ""statsmodels"": ""0.14.6"", ""scipy"": ""1.18.0""}"
shard0,366001,25,"(366001, 25)",completed,,pooled (real draws),3f4c04e3b0cdcca44c63043566057eb9537182f5,"{""finite_shot_end_to_end.parquet"": ""22b5e761f461c6bfde7a60a4efa7ac13bc59ae003488be84d2f0c1e57ddb7f39""}","{""python"": ""3.12.10"", ""numpy"": ""2.5.1"", ""pandas"": ""3.0.3"", ""statsmodels"": ""0.14.6"", ""scipy"": ""1.18.0""}"
shard0,366001,26,"(366001, 26)",completed,,pooled (real draws),3f4c04e3b0cdcca44c63043566057eb9537182f5,"{""finite_shot_end_to_end.parquet"": ""22b5e761f461c6bfde7a60a4efa7ac13bc59ae003488be84d2f0c1e57ddb7f39""}","{""python"": ""3.12.10"", ""numpy"": ""2.5.1"", ""pandas"": ""3.0.3"", ""statsmodels"": ""0.14.6"", ""scipy"": ""1.18.0""}"
shard0,366001,27,"(366001, 27)",completed,,pooled (real draws),3f4c04e3b0cdcca44c63043566057eb9537182f5,"{""finite_shot_end_to_end.parquet"": ""22b5e761f461c6bfde7a60a4efa7ac13bc59ae003488be84d2f0c1e57ddb7f39""}","{""python"": ""3.12.10"", ""numpy"": ""2.5.1"", ""pandas"": ""3.0.3"", ""statsmodels"": ""0.14.6"", ""scipy"": ""1.18.0""}"
shard0,366001,28,"(366001, 28)",completed,,pooled (real draws),3f4c04e3b0cdcca44c63043566057eb9537182f5,"{""finite_shot_end_to_end.parquet"": ""22b5e761f461c6bfde7a60a4efa7ac13bc59ae003488be84d2f0c1e57ddb7f39""}","{""python"": ""3.12.10"", ""numpy"": ""2.5.1"", ""pandas"": ""3.0.3"", ""statsmodels"": ""0.14.6"", ""scipy"": ""1.18.0""}"
shard0,366001,29,"(366001, 29)",completed,,pooled (real draws),3f4c04e3b0cdcca44c63043566057eb9537182f5,"{""finite_shot_end_to_end.parquet"": ""22b5e761f461c6bfde7a60a4efa7ac13bc59ae003488be84d2f0c1e57ddb7f39""}","{""python"": ""3.12.10"", ""numpy"": ""2.5.1"", ""pandas"": ""3.0.3"", ""statsmodels"": ""0.14.6"", ""scipy"": ""1.18.0""}"
shard0,366001,30,"(366001, 30)",completed,,pooled (real draws),3f4c04e3b0cdcca44c63043566057eb9537182f5,"{""finite_shot_end_to_end.parquet"": ""22b5e761f461c6bfde7a60a4efa7ac13bc59ae003488be84d2f0c1e57ddb7f39""}","{""python"": ""3.12.10"", ""numpy"": ""2.5.1"", ""pandas"": ""3.0.3"", ""statsmodels"": ""0.14.6"", ""scipy"": ""1.18.0""}"
shard0,366001,31,"(366001, 31)",completed,,pooled (real draws),3f4c04e3b0cdcca44c63043566057eb9537182f5,"{""finite_shot_end_to_end.parquet"": ""22b5e761f461c6bfde7a60a4efa7ac13bc59ae003488be84d2f0c1e57ddb7f39""}","{""python"": ""3.12.10"", ""numpy"": ""2.5.1"", ""pandas"": ""3.0.3"", ""statsmodels"": ""0.14.6"", ""scipy"": ""1.18.0""}"
shard0,366001,32,"(366001, 32)",completed,,pooled (real draws),3f4c04e3b0cdcca44c63043566057eb9537182f5,"{""finite_shot_end_to_end.parquet"": ""22b5e761f461c6bfde7a60a4efa7ac13bc59ae003488be84d2f0c1e57ddb7f39""}","{""python"": ""3.12.10"", ""numpy"": ""2.5.1"", ""pandas"": ""3.0.3"", ""statsmodels"": ""0.14.6"", ""scipy"": ""1.18.0""}"
shard0,366001,33,"(366001, 33)",completed,,pooled (real draws),3f4c04e3b0cdcca44c63043566057eb9537182f5,"{""finite_shot_end_to_end.parquet"": ""22b5e761f461c6bfde7a60a4efa7ac13bc59ae003488be84d2f0c1e57ddb7f39""}","{""python"": ""3.12.10"", ""numpy"": ""2.5.1"", ""pandas"": ""3.0.3"", ""statsmodels"": ""0.14.6"", ""scipy"": ""1.18.0""}"
shard0,366001,34,"(366001, 34)",completed,,pooled (real draws),3f4c04e3b0cdcca44c63043566057eb9537182f5,"{""finite_shot_end_to_end.parquet"": ""22b5e761f461c6bfde7a60a4efa7ac13bc59ae003488be84d2f0c1e57ddb7f39""}","{""python"": ""3.12.10"", ""numpy"": ""2.5.1"", ""pandas"": ""3.0.3"", ""statsmodels"": ""0.14.6"", ""scipy"": ""1.18.0""}"
shard0,366001,35,"(366001, 35)",completed,,pooled (real draws),3f4c04e3b0cdcca44c63043566057eb9537182f5,"{""finite_shot_end_to_end.parquet"": ""22b5e761f461c6bfde7a60a4efa7ac13bc59ae003488be84d2f0c1e57ddb7f39""}","{""python"": ""3.12.10"", ""numpy"": ""2.5.1"", ""pandas"": ""3.0.3"", ""statsmodels"": ""0.14.6"", ""scipy"": ""1.18.0""}"
shard0,366001,36,"(366001, 36)",completed,,pooled (real draws),3f4c04e3b0cdcca44c63043566057eb9537182f5,"{""finite_shot_end_to_end.parquet"": ""22b5e761f461c6bfde7a60a4efa7ac13bc59ae003488be84d2f0c1e57ddb7f39""}","{""python"": ""3.12.10"", ""numpy"": ""2.5.1"", ""pandas"": ""3.0.3"", ""statsmodels"": ""0.14.6"", ""scipy"": ""1.18.0""}"
shard0,366001,37,"(366001, 37)",completed,,pooled (real draws),3f4c04e3b0cdcca44c63043566057eb9537182f5,"{""finite_shot_end_to_end.parquet"": ""22b5e761f461c6bfde7a60a4efa7ac13bc59ae003488be84d2f0c1e57ddb7f39""}","{""python"": ""3.12.10"", ""numpy"": ""2.5.1"", ""pandas"": ""3.0.3"", ""statsmodels"": ""0.14.6"", ""scipy"": ""1.18.0""}"
shard0,366001,38,"(366001, 38)",completed,,pooled (real draws),3f4c04e3b0cdcca44c63043566057eb9537182f5,"{""finite_shot_end_to_end.parquet"": ""22b5e761f461c6bfde7a60a4efa7ac13bc59ae003488be84d2f0c1e57ddb7f39""}","{""python"": ""3.12.10"", ""numpy"": ""2.5.1"", ""pandas"": ""3.0.3"", ""statsmodels"": ""0.14.6"", ""scipy"": ""1.18.0""}"
shard0,366001,39,"(366001, 39)",completed,,pooled (real draws),3f4c04e3b0cdcca44c63043566057eb9537182f5,"{""finite_shot_end_to_end.parquet"": ""22b5e761f461c6bfde7a60a4efa7ac13bc59ae003488be84d2f0c1e57ddb7f39""}","{""python"": ""3.12.10"", ""numpy"": ""2.5.1"", ""pandas"": ""3.0.3"", ""statsmodels"": ""0.14.6"", ""scipy"": ""1.18.0""}"
shard0,366001,40,"(366001, 40)",completed,,pooled (real draws),3f4c04e3b0cdcca44c63043566057eb9537182f5,"{""finite_shot_end_to_end.parquet"": ""22b5e761f461c6bfde7a60a4efa7ac13bc59ae003488be84d2f0c1e57ddb7f39""}","{""python"": ""3.12.10"", ""numpy"": ""2.5.1"", ""pandas"": ""3.0.3"", ""statsmodels"": ""0.14.6"", ""scipy"": ""1.18.0""}"
shard0,366001,41,"(366001, 41)",completed,,pooled (real draws),3f4c04e3b0cdcca44c63043566057eb9537182f5,"{""finite_shot_end_to_end.parquet"": ""22b5e761f461c6bfde7a60a4efa7ac13bc59ae003488be84d2f0c1e57ddb7f39""}","{""python"": ""3.12.10"", ""numpy"": ""2.5.1"", ""pandas"": ""3.0.3"", ""statsmodels"": ""0.14.6"", ""scipy"": ""1.18.0""}"
shard0,366001,42,"(366001, 42)",completed,,pooled (real draws),3f4c04e3b0cdcca44c63043566057eb9537182f5,"{""finite_shot_end_to_end.parquet"": ""22b5e761f461c6bfde7a60a4efa7ac13bc59ae003488be84d2f0c1e57ddb7f39""}","{""python"": ""3.12.10"", ""numpy"": ""2.5.1"", ""pandas"": ""3.0.3"", ""statsmodels"": ""0.14.6"", ""scipy"": ""1.18.0""}"
shard0,366001,43,"(366001, 43)",completed,,pooled (real draws),3f4c04e3b0cdcca44c63043566057eb9537182f5,"{""finite_shot_end_to_end.parquet"": ""22b5e761f461c6bfde7a60a4efa7ac13bc59ae003488be84d2f0c1e57ddb7f39""}","{""python"": ""3.12.10"", ""numpy"": ""2.5.1"", ""pandas"": ""3.0.3"", ""statsmodels"": ""0.14.6"", ""scipy"": ""1.18.0""}"
shard0,366001,44,"(366001, 44)",completed,,pooled (real draws),3f4c04e3b0cdcca44c63043566057eb9537182f5,"{""finite_shot_end_to_end.parquet"": ""22b5e761f461c6bfde7a60a4efa7ac13bc59ae003488be84d2f0c1e57ddb7f39""}","{""python"": ""3.12.10"", ""numpy"": ""2.5.1"", ""pandas"": ""3.0.3"", ""statsmodels"": ""0.14.6"", ""scipy"": ""1.18.0""}"
shard0,366001,45,"(366001, 45)",completed,,pooled (real draws),3f4c04e3b0cdcca44c63043566057eb9537182f5,"{""finite_shot_end_to_end.parquet"": ""22b5e761f461c6bfde7a60a4efa7ac13bc59ae003488be84d2f0c1e57ddb7f39""}","{""python"": ""3.12.10"", ""numpy"": ""2.5.1"", ""pandas"": ""3.0.3"", ""statsmodels"": ""0.14.6"", ""scipy"": ""1.18.0""}"
shard0,366001,46,"(366001, 46)",completed,,pooled (real draws),3f4c04e3b0cdcca44c63043566057eb9537182f5,"{""finite_shot_end_to_end.parquet"": ""22b5e761f461c6bfde7a60a4efa7ac13bc59ae003488be84d2f0c1e57ddb7f39""}","{""python"": ""3.12.10"", ""numpy"": ""2.5.1"", ""pandas"": ""3.0.3"", ""statsmodels"": ""0.14.6"", ""scipy"": ""1.18.0""}"
shard0,366001,47,"(366001, 47)",completed,,pooled (real draws),3f4c04e3b0cdcca44c63043566057eb9537182f5,"{""finite_shot_end_to_end.parquet"": ""22b5e761f461c6bfde7a60a4efa7ac13bc59ae003488be84d2f0c1e57ddb7f39""}","{""python"": ""3.12.10"", ""numpy"": ""2.5.1"", ""pandas"": ""3.0.3"", ""statsmodels"": ""0.14.6"", ""scipy"": ""1.18.0""}"
shard0,366001,48,"(366001, 48)",completed,,pooled (real draws),3f4c04e3b0cdcca44c63043566057eb9537182f5,"{""finite_shot_end_to_end.parquet"": ""22b5e761f461c6bfde7a60a4efa7ac13bc59ae003488be84d2f0c1e57ddb7f39""}","{""python"": ""3.12.10"", ""numpy"": ""2.5.1"", ""pandas"": ""3.0.3"", ""statsmodels"": ""0.14.6"", ""scipy"": ""1.18.0""}"
shard0,366001,49,"(366001, 49)",completed,,pooled (real draws),3f4c04e3b0cdcca44c63043566057eb9537182f5,"{""finite_shot_end_to_end.parquet"": ""22b5e761f461c6bfde7a60a4efa7ac13bc59ae003488be84d2f0c1e57ddb7f39""}","{""python"": ""3.12.10"", ""numpy"": ""2.5.1"", ""pandas"": ""3.0.3"", ""statsmodels"": ""0.14.6"", ""scipy"": ""1.18.0""}"
shard0,366001,50,"(366001, 50)",completed,,pooled (real draws),3f4c04e3b0cdcca44c63043566057eb9537182f5,"{""finite_shot_end_to_end.parquet"": ""22b5e761f461c6bfde7a60a4efa7ac13bc59ae003488be84d2f0c1e57ddb7f39""}","{""python"": ""3.12.10"", ""numpy"": ""2.5.1"", ""pandas"": ""3.0.3"", ""statsmodels"": ""0.14.6"", ""scipy"": ""1.18.0""}"
shard0,366001,51,"(366001, 51)",completed,,pooled (real draws),3f4c04e3b0cdcca44c63043566057eb9537182f5,"{""finite_shot_end_to_end.parquet"": ""22b5e761f461c6bfde7a60a4efa7ac13bc59ae003488be84d2f0c1e57ddb7f39""}","{""python"": ""3.12.10"", ""numpy"": ""2.5.1"", ""pandas"": ""3.0.3"", ""statsmodels"": ""0.14.6"", ""scipy"": ""1.18.0""}"
shard0,366001,52,"(366001, 52)",completed,,pooled (real draws),3f4c04e3b0cdcca44c63043566057eb9537182f5,"{""finite_shot_end_to_end.parquet"": ""22b5e761f461c6bfde7a60a4efa7ac13bc59ae003488be84d2f0c1e57ddb7f39""}","{""python"": ""3.12.10"", ""numpy"": ""2.5.1"", ""pandas"": ""3.0.3"", ""statsmodels"": ""0.14.6"", ""scipy"": ""1.18.0""}"
shard0,366001,53,"(366001, 53)",completed,,pooled (real draws),3f4c04e3b0cdcca44c63043566057eb9537182f5,"{""finite_shot_end_to_end.parquet"": ""22b5e761f461c6bfde7a60a4efa7ac13bc59ae003488be84d2f0c1e57ddb7f39""}","{""python"": ""3.12.10"", ""numpy"": ""2.5.1"", ""pandas"": ""3.0.3"", ""statsmodels"": ""0.14.6"", ""scipy"": ""1.18.0""}"
shard0,366001,54,"(366001, 54)",completed,,pooled (real draws),3f4c04e3b0cdcca44c63043566057eb9537182f5,"{""finite_shot_end_to_end.parquet"": ""22b5e761f461c6bfde7a60a4efa7ac13bc59ae003488be84d2f0c1e57ddb7f39""}","{""python"": ""3.12.10"", ""numpy"": ""2.5.1"", ""pandas"": ""3.0.3"", ""statsmodels"": ""0.14.6"", ""scipy"": ""1.18.0""}"
shard0,366001,55,"(366001, 55)",completed,,pooled (real draws),3f4c04e3b0cdcca44c63043566057eb9537182f5,"{""finite_shot_end_to_end.parquet"": ""22b5e761f461c6bfde7a60a4efa7ac13bc59ae003488be84d2f0c1e57ddb7f39""}","{""python"": ""3.12.10"", ""numpy"": ""2.5.1"", ""pandas"": ""3.0.3"", ""statsmodels"": ""0.14.6"", ""scipy"": ""1.18.0""}"
shard0,366001,56,"(366001, 56)",completed,,pooled (real draws),3f4c04e3b0cdcca44c63043566057eb9537182f5,"{""finite_shot_end_to_end.parquet"": ""22b5e761f461c6bfde7a60a4efa7ac13bc59ae003488be84d2f0c1e57ddb7f39""}","{""python"": ""3.12.10"", ""numpy"": ""2.5.1"", ""pandas"": ""3.0.3"", ""statsmodels"": ""0.14.6"", ""scipy"": ""1.18.0""}"
shard0,366001,57,"(366001, 57)",completed,,pooled (real draws),3f4c04e3b0cdcca44c63043566057eb9537182f5,"{""finite_shot_end_to_end.parquet"": ""22b5e761f461c6bfde7a60a4efa7ac13bc59ae003488be84d2f0c1e57ddb7f39""}","{""python"": ""3.12.10"", ""numpy"": ""2.5.1"", ""pandas"": ""3.0.3"", ""statsmodels"": ""0.14.6"", ""scipy"": ""1.18.0""}"
shard0,366001,58,"(366001, 58)",completed,,pooled (real draws),3f4c04e3b0cdcca44c63043566057eb9537182f5,"{""finite_shot_end_to_end.parquet"": ""22b5e761f461c6bfde7a60a4efa7ac13bc59ae003488be84d2f0c1e57ddb7f39""}","{""python"": ""3.12.10"", ""numpy"": ""2.5.1"", ""pandas"": ""3.0.3"", ""statsmodels"": ""0.14.6"", ""scipy"": ""1.18.0""}"
shard0,366001,59,"(366001, 59)",completed,,pooled (real draws),3f4c04e3b0cdcca44c63043566057eb9537182f5,"{""finite_shot_end_to_end.parquet"": ""22b5e761f461c6bfde7a60a4efa7ac13bc59ae003488be84d2f0c1e57ddb7f39""}","{""python"": ""3.12.10"", ""numpy"": ""2.5.1"", ""pandas"": ""3.0.3"", ""statsmodels"": ""0.14.6"", ""scipy"": ""1.18.0""}"
shard0,366001,60,"(366001, 60)",completed,,pooled (real draws),3f4c04e3b0cdcca44c63043566057eb9537182f5,"{""finite_shot_end_to_end.parquet"": ""22b5e761f461c6bfde7a60a4efa7ac13bc59ae003488be84d2f0c1e57ddb7f39""}","{""python"": ""3.12.10"", ""numpy"": ""2.5.1"", ""pandas"": ""3.0.3"", ""statsmodels"": ""0.14.6"", ""scipy"": ""1.18.0""}"
shard0,366001,61,"(366001, 61)",completed,,pooled (real draws),3f4c04e3b0cdcca44c63043566057eb9537182f5,"{""finite_shot_end_to_end.parquet"": ""22b5e761f461c6bfde7a60a4efa7ac13bc59ae003488be84d2f0c1e57ddb7f39""}","{""python"": ""3.12.10"", ""numpy"": ""2.5.1"", ""pandas"": ""3.0.3"", ""statsmodels"": ""0.14.6"", ""scipy"": ""1.18.0""}"
shard0,366001,62,"(366001, 62)",completed,,pooled (real draws),3f4c04e3b0cdcca44c63043566057eb9537182f5,"{""finite_shot_end_to_end.parquet"": ""22b5e761f461c6bfde7a60a4efa7ac13bc59ae003488be84d2f0c1e57ddb7f39""}","{""python"": ""3.12.10"", ""numpy"": ""2.5.1"", ""pandas"": ""3.0.3"", ""statsmodels"": ""0.14.6"", ""scipy"": ""1.18.0""}"
shard0,366001,63,"(366001, 63)",completed,,pooled (real draws),3f4c04e3b0cdcca44c63043566057eb9537182f5,"{""finite_shot_end_to_end.parquet"": ""22b5e761f461c6bfde7a60a4efa7ac13bc59ae003488be84d2f0c1e57ddb7f39""}","{""python"": ""3.12.10"", ""numpy"": ""2.5.1"", ""pandas"": ""3.0.3"", ""statsmodels"": ""0.14.6"", ""scipy"": ""1.18.0""}"
shard0,366001,64,"(366001, 64)",completed,,pooled (real draws),3f4c04e3b0cdcca44c63043566057eb9537182f5,"{""finite_shot_end_to_end.parquet"": ""22b5e761f461c6bfde7a60a4efa7ac13bc59ae003488be84d2f0c1e57ddb7f39""}","{""python"": ""3.12.10"", ""numpy"": ""2.5.1"", ""pandas"": ""3.0.3"", ""statsmodels"": ""0.14.6"", ""scipy"": ""1.18.0""}"
shard0,366001,65,"(366001, 65)",completed,,pooled (real draws),3f4c04e3b0cdcca44c63043566057eb9537182f5,"{""finite_shot_end_to_end.parquet"": ""22b5e761f461c6bfde7a60a4efa7ac13bc59ae003488be84d2f0c1e57ddb7f39""}","{""python"": ""3.12.10"", ""numpy"": ""2.5.1"", ""pandas"": ""3.0.3"", ""statsmodels"": ""0.14.6"", ""scipy"": ""1.18.0""}"
shard0,366001,66,"(366001, 66)",completed,,pooled (real draws),3f4c04e3b0cdcca44c63043566057eb9537182f5,"{""finite_shot_end_to_end.parquet"": ""22b5e761f461c6bfde7a60a4efa7ac13bc59ae003488be84d2f0c1e57ddb7f39""}","{""python"": ""3.12.10"", ""numpy"": ""2.5.1"", ""pandas"": ""3.0.3"", ""statsmodels"": ""0.14.6"", ""scipy"": ""1.18.0""}"
shard0,366001,67,"(366001, 67)",completed,,pooled (real draws),3f4c04e3b0cdcca44c63043566057eb9537182f5,"{""finite_shot_end_to_end.parquet"": ""22b5e761f461c6bfde7a60a4efa7ac13bc59ae003488be84d2f0c1e57ddb7f39""}","{""python"": ""3.12.10"", ""numpy"": ""2.5.1"", ""pandas"": ""3.0.3"", ""statsmodels"": ""0.14.6"", ""scipy"": ""1.18.0""}"
shard0,366001,68,"(366001, 68)",completed,,pooled (real draws),3f4c04e3b0cdcca44c63043566057eb9537182f5,"{""finite_shot_end_to_end.parquet"": ""22b5e761f461c6bfde7a60a4efa7ac13bc59ae003488be84d2f0c1e57ddb7f39""}","{""python"": ""3.12.10"", ""numpy"": ""2.5.1"", ""pandas"": ""3.0.3"", ""statsmodels"": ""0.14.6"", ""scipy"": ""1.18.0""}"
shard0,366001,69,"(366001, 69)",completed,,pooled (real draws),3f4c04e3b0cdcca44c63043566057eb9537182f5,"{""finite_shot_end_to_end.parquet"": ""22b5e761f461c6bfde7a60a4efa7ac13bc59ae003488be84d2f0c1e57ddb7f39""}","{""python"": ""3.12.10"", ""numpy"": ""2.5.1"", ""pandas"": ""3.0.3"", ""statsmodels"": ""0.14.6"", ""scipy"": ""1.18.0""}"
shard0,366001,70,"(366001, 70)",completed,,pooled (real draws),3f4c04e3b0cdcca44c63043566057eb9537182f5,"{""finite_shot_end_to_end.parquet"": ""22b5e761f461c6bfde7a60a4efa7ac13bc59ae003488be84d2f0c1e57ddb7f39""}","{""python"": ""3.12.10"", ""numpy"": ""2.5.1"", ""pandas"": ""3.0.3"", ""statsmodels"": ""0.14.6"", ""scipy"": ""1.18.0""}"
shard0,366001,71,"(366001, 71)",completed,,pooled (real draws),3f4c04e3b0cdcca44c63043566057eb9537182f5,"{""finite_shot_end_to_end.parquet"": ""22b5e761f461c6bfde7a60a4efa7ac13bc59ae003488be84d2f0c1e57ddb7f39""}","{""python"": ""3.12.10"", ""numpy"": ""2.5.1"", ""pandas"": ""3.0.3"", ""statsmodels"": ""0.14.6"", ""scipy"": ""1.18.0""}"
shard0,366001,72,"(366001, 72)",completed,,pooled (real draws),3f4c04e3b0cdcca44c63043566057eb9537182f5,"{""finite_shot_end_to_end.parquet"": ""22b5e761f461c6bfde7a60a4efa7ac13bc59ae003488be84d2f0c1e57ddb7f39""}","{""python"": ""3.12.10"", ""numpy"": ""2.5.1"", ""pandas"": ""3.0.3"", ""statsmodels"": ""0.14.6"", ""scipy"": ""1.18.0""}"
shard0,366001,73,"(366001, 73)",completed,,pooled (real draws),3f4c04e3b0cdcca44c63043566057eb9537182f5,"{""finite_shot_end_to_end.parquet"": ""22b5e761f461c6bfde7a60a4efa7ac13bc59ae003488be84d2f0c1e57ddb7f39""}","{""python"": ""3.12.10"", ""numpy"": ""2.5.1"", ""pandas"": ""3.0.3"", ""statsmodels"": ""0.14.6"", ""scipy"": ""1.18.0""}"
shard0,366001,74,"(366001, 74)",completed,,pooled (real draws),3f4c04e3b0cdcca44c63043566057eb9537182f5,"{""finite_shot_end_to_end.parquet"": ""22b5e761f461c6bfde7a60a4efa7ac13bc59ae003488be84d2f0c1e57ddb7f39""}","{""python"": ""3.12.10"", ""numpy"": ""2.5.1"", ""pandas"": ""3.0.3"", ""statsmodels"": ""0.14.6"", ""scipy"": ""1.18.0""}"
shard0,366001,75,"(366001, 75)",completed,,pooled (real draws),3f4c04e3b0cdcca44c63043566057eb9537182f5,"{""finite_shot_end_to_end.parquet"": ""22b5e761f461c6bfde7a60a4efa7ac13bc59ae003488be84d2f0c1e57ddb7f39""}","{""python"": ""3.12.10"", ""numpy"": ""2.5.1"", ""pandas"": ""3.0.3"", ""statsmodels"": ""0.14.6"", ""scipy"": ""1.18.0""}"
shard0,366001,76,"(366001, 76)",completed,,pooled (real draws),3f4c04e3b0cdcca44c63043566057eb9537182f5,"{""finite_shot_end_to_end.parquet"": ""22b5e761f461c6bfde7a60a4efa7ac13bc59ae003488be84d2f0c1e57ddb7f39""}","{""python"": ""3.12.10"", ""numpy"": ""2.5.1"", ""pandas"": ""3.0.3"", ""statsmodels"": ""0.14.6"", ""scipy"": ""1.18.0""}"
shard0,366001,77,"(366001, 77)",completed,,pooled (real draws),3f4c04e3b0cdcca44c63043566057eb9537182f5,"{""finite_shot_end_to_end.parquet"": ""22b5e761f461c6bfde7a60a4efa7ac13bc59ae003488be84d2f0c1e57ddb7f39""}","{""python"": ""3.12.10"", ""numpy"": ""2.5.1"", ""pandas"": ""3.0.3"", ""statsmodels"": ""0.14.6"", ""scipy"": ""1.18.0""}"
shard0,366001,78,"(366001, 78)",completed,,pooled (real draws),3f4c04e3b0cdcca44c63043566057eb9537182f5,"{""finite_shot_end_to_end.parquet"": ""22b5e761f461c6bfde7a60a4efa7ac13bc59ae003488be84d2f0c1e57ddb7f39""}","{""python"": ""3.12.10"", ""numpy"": ""2.5.1"", ""pandas"": ""3.0.3"", ""statsmodels"": ""0.14.6"", ""scipy"": ""1.18.0""}"
shard0,366001,79,"(366001, 79)",completed,,pooled (real draws),3f4c04e3b0cdcca44c63043566057eb9537182f5,"{""finite_shot_end_to_end.parquet"": ""22b5e761f461c6bfde7a60a4efa7ac13bc59ae003488be84d2f0c1e57ddb7f39""}","{""python"": ""3.12.10"", ""numpy"": ""2.5.1"", ""pandas"": ""3.0.3"", ""statsmodels"": ""0.14.6"", ""scipy"": ""1.18.0""}"
shard0,366001,80,"(366001, 80)",completed,,pooled (real draws),3f4c04e3b0cdcca44c63043566057eb9537182f5,"{""finite_shot_end_to_end.parquet"": ""22b5e761f461c6bfde7a60a4efa7ac13bc59ae003488be84d2f0c1e57ddb7f39""}","{""python"": ""3.12.10"", ""numpy"": ""2.5.1"", ""pandas"": ""3.0.3"", ""statsmodels"": ""0.14.6"", ""scipy"": ""1.18.0""}"
shard0,366001,81,"(366001, 81)",completed,,pooled (real draws),3f4c04e3b0cdcca44c63043566057eb9537182f5,"{""finite_shot_end_to_end.parquet"": ""22b5e761f461c6bfde7a60a4efa7ac13bc59ae003488be84d2f0c1e57ddb7f39""}","{""python"": ""3.12.10"", ""numpy"": ""2.5.1"", ""pandas"": ""3.0.3"", ""statsmodels"": ""0.14.6"", ""scipy"": ""1.18.0""}"
shard0,366001,82,"(366001, 82)",completed,,pooled (real draws),3f4c04e3b0cdcca44c63043566057eb9537182f5,"{""finite_shot_end_to_end.parquet"": ""22b5e761f461c6bfde7a60a4efa7ac13bc59ae003488be84d2f0c1e57ddb7f39""}","{""python"": ""3.12.10"", ""numpy"": ""2.5.1"", ""pandas"": ""3.0.3"", ""statsmodels"": ""0.14.6"", ""scipy"": ""1.18.0""}"
shard0,366001,83,"(366001, 83)",completed,,pooled (real draws),3f4c04e3b0cdcca44c63043566057eb9537182f5,"{""finite_shot_end_to_end.parquet"": ""22b5e761f461c6bfde7a60a4efa7ac13bc59ae003488be84d2f0c1e57ddb7f39""}","{""python"": ""3.12.10"", ""numpy"": ""2.5.1"", ""pandas"": ""3.0.3"", ""statsmodels"": ""0.14.6"", ""scipy"": ""1.18.0""}"
shard0,366001,84,"(366001, 84)",completed,,pooled (real draws),3f4c04e3b0cdcca44c63043566057eb9537182f5,"{""finite_shot_end_to_end.parquet"": ""22b5e761f461c6bfde7a60a4efa7ac13bc59ae003488be84d2f0c1e57ddb7f39""}","{""python"": ""3.12.10"", ""numpy"": ""2.5.1"", ""pandas"": ""3.0.3"", ""statsmodels"": ""0.14.6"", ""scipy"": ""1.18.0""}"
shard0,366001,85,"(366001, 85)",completed,,pooled (real draws),3f4c04e3b0cdcca44c63043566057eb9537182f5,"{""finite_shot_end_to_end.parquet"": ""22b5e761f461c6bfde7a60a4efa7ac13bc59ae003488be84d2f0c1e57ddb7f39""}","{""python"": ""3.12.10"", ""numpy"": ""2.5.1"", ""pandas"": ""3.0.3"", ""statsmodels"": ""0.14.6"", ""scipy"": ""1.18.0""}"
shard0,366001,86,"(366001, 86)",completed,,pooled (real draws),3f4c04e3b0cdcca44c63043566057eb9537182f5,"{""finite_shot_end_to_end.parquet"": ""22b5e761f461c6bfde7a60a4efa7ac13bc59ae003488be84d2f0c1e57ddb7f39""}","{""python"": ""3.12.10"", ""numpy"": ""2.5.1"", ""pandas"": ""3.0.3"", ""statsmodels"": ""0.14.6"", ""scipy"": ""1.18.0""}"
shard0,366001,87,"(366001, 87)",completed,,pooled (real draws),3f4c04e3b0cdcca44c63043566057eb9537182f5,"{""finite_shot_end_to_end.parquet"": ""22b5e761f461c6bfde7a60a4efa7ac13bc59ae003488be84d2f0c1e57ddb7f39""}","{""python"": ""3.12.10"", ""numpy"": ""2.5.1"", ""pandas"": ""3.0.3"", ""statsmodels"": ""0.14.6"", ""scipy"": ""1.18.0""}"
shard0,366001,88,"(366001, 88)",completed,,pooled (real draws),3f4c04e3b0cdcca44c63043566057eb9537182f5,"{""finite_shot_end_to_end.parquet"": ""22b5e761f461c6bfde7a60a4efa7ac13bc59ae003488be84d2f0c1e57ddb7f39""}","{""python"": ""3.12.10"", ""numpy"": ""2.5.1"", ""pandas"": ""3.0.3"", ""statsmodels"": ""0.14.6"", ""scipy"": ""1.18.0""}"
shard0,366001,89,"(366001, 89)",completed,,pooled (real draws),3f4c04e3b0cdcca44c63043566057eb9537182f5,"{""finite_shot_end_to_end.parquet"": ""22b5e761f461c6bfde7a60a4efa7ac13bc59ae003488be84d2f0c1e57ddb7f39""}","{""python"": ""3.12.10"", ""numpy"": ""2.5.1"", ""pandas"": ""3.0.3"", ""statsmodels"": ""0.14.6"", ""scipy"": ""1.18.0""}"
shard0,366001,90,"(366001, 90)",completed,,pooled (real draws),3f4c04e3b0cdcca44c63043566057eb9537182f5,"{""finite_shot_end_to_end.parquet"": ""22b5e761f461c6bfde7a60a4efa7ac13bc59ae003488be84d2f0c1e57ddb7f39""}","{""python"": ""3.12.10"", ""numpy"": ""2.5.1"", ""pandas"": ""3.0.3"", ""statsmodels"": ""0.14.6"", ""scipy"": ""1.18.0""}"
shard0,366001,91,"(366001, 91)",completed,,pooled (real draws),3f4c04e3b0cdcca44c63043566057eb9537182f5,"{""finite_shot_end_to_end.parquet"": ""22b5e761f461c6bfde7a60a4efa7ac13bc59ae003488be84d2f0c1e57ddb7f39""}","{""python"": ""3.12.10"", ""numpy"": ""2.5.1"", ""pandas"": ""3.0.3"", ""statsmodels"": ""0.14.6"", ""scipy"": ""1.18.0""}"
shard0,366001,92,"(366001, 92)",completed,,pooled (real draws),3f4c04e3b0cdcca44c63043566057eb9537182f5,"{""finite_shot_end_to_end.parquet"": ""22b5e761f461c6bfde7a60a4efa7ac13bc59ae003488be84d2f0c1e57ddb7f39""}","{""python"": ""3.12.10"", ""numpy"": ""2.5.1"", ""pandas"": ""3.0.3"", ""statsmodels"": ""0.14.6"", ""scipy"": ""1.18.0""}"
shard0,366001,93,"(366001, 93)",completed,,pooled (real draws),3f4c04e3b0cdcca44c63043566057eb9537182f5,"{""finite_shot_end_to_end.parquet"": ""22b5e761f461c6bfde7a60a4efa7ac13bc59ae003488be84d2f0c1e57ddb7f39""}","{""python"": ""3.12.10"", ""numpy"": ""2.5.1"", ""pandas"": ""3.0.3"", ""statsmodels"": ""0.14.6"", ""scipy"": ""1.18.0""}"
shard0,366001,94,"(366001, 94)",completed,,pooled (real draws),3f4c04e3b0cdcca44c63043566057eb9537182f5,"{""finite_shot_end_to_end.parquet"": ""22b5e761f461c6bfde7a60a4efa7ac13bc59ae003488be84d2f0c1e57ddb7f39""}","{""python"": ""3.12.10"", ""numpy"": ""2.5.1"", ""pandas"": ""3.0.3"", ""statsmodels"": ""0.14.6"", ""scipy"": ""1.18.0""}"
shard0,366001,95,"(366001, 95)",completed,,pooled (real draws),3f4c04e3b0cdcca44c63043566057eb9537182f5,"{""finite_shot_end_to_end.parquet"": ""22b5e761f461c6bfde7a60a4efa7ac13bc59ae003488be84d2f0c1e57ddb7f39""}","{""python"": ""3.12.10"", ""numpy"": ""2.5.1"", ""pandas"": ""3.0.3"", ""statsmodels"": ""0.14.6"", ""scipy"": ""1.18.0""}"
shard0,366001,96,"(366001, 96)",completed,,pooled (real draws),3f4c04e3b0cdcca44c63043566057eb9537182f5,"{""finite_shot_end_to_end.parquet"": ""22b5e761f461c6bfde7a60a4efa7ac13bc59ae003488be84d2f0c1e57ddb7f39""}","{""python"": ""3.12.10"", ""numpy"": ""2.5.1"", ""pandas"": ""3.0.3"", ""statsmodels"": ""0.14.6"", ""scipy"": ""1.18.0""}"
shard0,366001,97,"(366001, 97)",completed,,pooled (real draws),3f4c04e3b0cdcca44c63043566057eb9537182f5,"{""finite_shot_end_to_end.parquet"": ""22b5e761f461c6bfde7a60a4efa7ac13bc59ae003488be84d2f0c1e57ddb7f39""}","{""python"": ""3.12.10"", ""numpy"": ""2.5.1"", ""pandas"": ""3.0.3"", ""statsmodels"": ""0.14.6"", ""scipy"": ""1.18.0""}"
shard0,366001,98,"(366001, 98)",completed,,pooled (real draws),3f4c04e3b0cdcca44c63043566057eb9537182f5,"{""finite_shot_end_to_end.parquet"": ""22b5e761f461c6bfde7a60a4efa7ac13bc59ae003488be84d2f0c1e57ddb7f39""}","{""python"": ""3.12.10"", ""numpy"": ""2.5.1"", ""pandas"": ""3.0.3"", ""statsmodels"": ""0.14.6"", ""scipy"": ""1.18.0""}"
shard0,366001,99,"(366001, 99)",completed,,pooled (real draws),3f4c04e3b0cdcca44c63043566057eb9537182f5,"{""finite_shot_end_to_end.parquet"": ""22b5e761f461c6bfde7a60a4efa7ac13bc59ae003488be84d2f0c1e57ddb7f39""}","{""python"": ""3.12.10"", ""numpy"": ""2.5.1"", ""pandas"": ""3.0.3"", ""statsmodels"": ""0.14.6"", ""scipy"": ""1.18.0""}"
shard0,366001,100,"(366001, 100)",completed,,pooled (real draws),3f4c04e3b0cdcca44c63043566057eb9537182f5,"{""finite_shot_end_to_end.parquet"": ""22b5e761f461c6bfde7a60a4efa7ac13bc59ae003488be84d2f0c1e57ddb7f39""}","{""python"": ""3.12.10"", ""numpy"": ""2.5.1"", ""pandas"": ""3.0.3"", ""statsmodels"": ""0.14.6"", ""scipy"": ""1.18.0""}"
shard0,366001,101,"(366001, 101)",completed,,pooled (real draws),3f4c04e3b0cdcca44c63043566057eb9537182f5,"{""finite_shot_end_to_end.parquet"": ""22b5e761f461c6bfde7a60a4efa7ac13bc59ae003488be84d2f0c1e57ddb7f39""}","{""python"": ""3.12.10"", ""numpy"": ""2.5.1"", ""pandas"": ""3.0.3"", ""statsmodels"": ""0.14.6"", ""scipy"": ""1.18.0""}"
shard0,366001,102,"(366001, 102)",completed,,pooled (real draws),3f4c04e3b0cdcca44c63043566057eb9537182f5,"{""finite_shot_end_to_end.parquet"": ""22b5e761f461c6bfde7a60a4efa7ac13bc59ae003488be84d2f0c1e57ddb7f39""}","{""python"": ""3.12.10"", ""numpy"": ""2.5.1"", ""pandas"": ""3.0.3"", ""statsmodels"": ""0.14.6"", ""scipy"": ""1.18.0""}"
shard0,366001,103,"(366001, 103)",completed,,pooled (real draws),3f4c04e3b0cdcca44c63043566057eb9537182f5,"{""finite_shot_end_to_end.parquet"": ""22b5e761f461c6bfde7a60a4efa7ac13bc59ae003488be84d2f0c1e57ddb7f39""}","{""python"": ""3.12.10"", ""numpy"": ""2.5.1"", ""pandas"": ""3.0.3"", ""statsmodels"": ""0.14.6"", ""scipy"": ""1.18.0""}"
shard0,366001,104,"(366001, 104)",completed,,pooled (real draws),3f4c04e3b0cdcca44c63043566057eb9537182f5,"{""finite_shot_end_to_end.parquet"": ""22b5e761f461c6bfde7a60a4efa7ac13bc59ae003488be84d2f0c1e57ddb7f39""}","{""python"": ""3.12.10"", ""numpy"": ""2.5.1"", ""pandas"": ""3.0.3"", ""statsmodels"": ""0.14.6"", ""scipy"": ""1.18.0""}"
shard0,366001,105,"(366001, 105)",completed,,pooled (real draws),3f4c04e3b0cdcca44c63043566057eb9537182f5,"{""finite_shot_end_to_end.parquet"": ""22b5e761f461c6bfde7a60a4efa7ac13bc59ae003488be84d2f0c1e57ddb7f39""}","{""python"": ""3.12.10"", ""numpy"": ""2.5.1"", ""pandas"": ""3.0.3"", ""statsmodels"": ""0.14.6"", ""scipy"": ""1.18.0""}"
shard0,366001,106,"(366001, 106)",completed,,pooled (real draws),3f4c04e3b0cdcca44c63043566057eb9537182f5,"{""finite_shot_end_to_end.parquet"": ""22b5e761f461c6bfde7a60a4efa7ac13bc59ae003488be84d2f0c1e57ddb7f39""}","{""python"": ""3.12.10"", ""numpy"": ""2.5.1"", ""pandas"": ""3.0.3"", ""statsmodels"": ""0.14.6"", ""scipy"": ""1.18.0""}"
shard0,366001,107,"(366001, 107)",completed,,pooled (real draws),3f4c04e3b0cdcca44c63043566057eb9537182f5,"{""finite_shot_end_to_end.parquet"": ""22b5e761f461c6bfde7a60a4efa7ac13bc59ae003488be84d2f0c1e57ddb7f39""}","{""python"": ""3.12.10"", ""numpy"": ""2.5.1"", ""pandas"": ""3.0.3"", ""statsmodels"": ""0.14.6"", ""scipy"": ""1.18.0""}"
shard0,366001,108,"(366001, 108)",completed,,pooled (real draws),3f4c04e3b0cdcca44c63043566057eb9537182f5,"{""finite_shot_end_to_end.parquet"": ""22b5e761f461c6bfde7a60a4efa7ac13bc59ae003488be84d2f0c1e57ddb7f39""}","{""python"": ""3.12.10"", ""numpy"": ""2.5.1"", ""pandas"": ""3.0.3"", ""statsmodels"": ""0.14.6"", ""scipy"": ""1.18.0""}"
shard0,366001,109,"(366001, 109)",completed,,pooled (real draws),3f4c04e3b0cdcca44c63043566057eb9537182f5,"{""finite_shot_end_to_end.parquet"": ""22b5e761f461c6bfde7a60a4efa7ac13bc59ae003488be84d2f0c1e57ddb7f39""}","{""python"": ""3.12.10"", ""numpy"": ""2.5.1"", ""pandas"": ""3.0.3"", ""statsmodels"": ""0.14.6"", ""scipy"": ""1.18.0""}"
shard0,366001,110,"(366001, 110)",completed,,pooled (real draws),3f4c04e3b0cdcca44c63043566057eb9537182f5,"{""finite_shot_end_to_end.parquet"": ""22b5e761f461c6bfde7a60a4efa7ac13bc59ae003488be84d2f0c1e57ddb7f39""}","{""python"": ""3.12.10"", ""numpy"": ""2.5.1"", ""pandas"": ""3.0.3"", ""statsmodels"": ""0.14.6"", ""scipy"": ""1.18.0""}"
shard0,366001,111,"(366001, 111)",completed,,pooled (real draws),3f4c04e3b0cdcca44c63043566057eb9537182f5,"{""finite_shot_end_to_end.parquet"": ""22b5e761f461c6bfde7a60a4efa7ac13bc59ae003488be84d2f0c1e57ddb7f39""}","{""python"": ""3.12.10"", ""numpy"": ""2.5.1"", ""pandas"": ""3.0.3"", ""statsmodels"": ""0.14.6"", ""scipy"": ""1.18.0""}"
shard0,366001,112,"(366001, 112)",completed,,pooled (real draws),3f4c04e3b0cdcca44c63043566057eb9537182f5,"{""finite_shot_end_to_end.parquet"": ""22b5e761f461c6bfde7a60a4efa7ac13bc59ae003488be84d2f0c1e57ddb7f39""}","{""python"": ""3.12.10"", ""numpy"": ""2.5.1"", ""pandas"": ""3.0.3"", ""statsmodels"": ""0.14.6"", ""scipy"": ""1.18.0""}"
shard0,366001,113,"(366001, 113)",completed,,pooled (real draws),3f4c04e3b0cdcca44c63043566057eb9537182f5,"{""finite_shot_end_to_end.parquet"": ""22b5e761f461c6bfde7a60a4efa7ac13bc59ae003488be84d2f0c1e57ddb7f39""}","{""python"": ""3.12.10"", ""numpy"": ""2.5.1"", ""pandas"": ""3.0.3"", ""statsmodels"": ""0.14.6"", ""scipy"": ""1.18.0""}"
shard0,366001,114,"(366001, 114)",completed,,pooled (real draws),3f4c04e3b0cdcca44c63043566057eb9537182f5,"{""finite_shot_end_to_end.parquet"": ""22b5e761f461c6bfde7a60a4efa7ac13bc59ae003488be84d2f0c1e57ddb7f39""}","{""python"": ""3.12.10"", ""numpy"": ""2.5.1"", ""pandas"": ""3.0.3"", ""statsmodels"": ""0.14.6"", ""scipy"": ""1.18.0""}"
shard0,366001,115,"(366001, 115)",completed,,pooled (real draws),3f4c04e3b0cdcca44c63043566057eb9537182f5,"{""finite_shot_end_to_end.parquet"": ""22b5e761f461c6bfde7a60a4efa7ac13bc59ae003488be84d2f0c1e57ddb7f39""}","{""python"": ""3.12.10"", ""numpy"": ""2.5.1"", ""pandas"": ""3.0.3"", ""statsmodels"": ""0.14.6"", ""scipy"": ""1.18.0""}"
shard0,366001,116,"(366001, 116)",completed,,pooled (real draws),3f4c04e3b0cdcca44c63043566057eb9537182f5,"{""finite_shot_end_to_end.parquet"": ""22b5e761f461c6bfde7a60a4efa7ac13bc59ae003488be84d2f0c1e57ddb7f39""}","{""python"": ""3.12.10"", ""numpy"": ""2.5.1"", ""pandas"": ""3.0.3"", ""statsmodels"": ""0.14.6"", ""scipy"": ""1.18.0""}"
shard0,366001,117,"(366001, 117)",completed,,pooled (real draws),3f4c04e3b0cdcca44c63043566057eb9537182f5,"{""finite_shot_end_to_end.parquet"": ""22b5e761f461c6bfde7a60a4efa7ac13bc59ae003488be84d2f0c1e57ddb7f39""}","{""python"": ""3.12.10"", ""numpy"": ""2.5.1"", ""pandas"": ""3.0.3"", ""statsmodels"": ""0.14.6"", ""scipy"": ""1.18.0""}"
shard0,366001,118,"(366001, 118)",completed,,pooled (real draws),3f4c04e3b0cdcca44c63043566057eb9537182f5,"{""finite_shot_end_to_end.parquet"": ""22b5e761f461c6bfde7a60a4efa7ac13bc59ae003488be84d2f0c1e57ddb7f39""}","{""python"": ""3.12.10"", ""numpy"": ""2.5.1"", ""pandas"": ""3.0.3"", ""statsmodels"": ""0.14.6"", ""scipy"": ""1.18.0""}"
shard0,366001,119,"(366001, 119)",completed,,pooled (real draws),3f4c04e3b0cdcca44c63043566057eb9537182f5,"{""finite_shot_end_to_end.parquet"": ""22b5e761f461c6bfde7a60a4efa7ac13bc59ae003488be84d2f0c1e57ddb7f39""}","{""python"": ""3.12.10"", ""numpy"": ""2.5.1"", ""pandas"": ""3.0.3"", ""statsmodels"": ""0.14.6"", ""scipy"": ""1.18.0""}"
shard0,366001,120,"(366001, 120)",completed,,pooled (real draws),3f4c04e3b0cdcca44c63043566057eb9537182f5,"{""finite_shot_end_to_end.parquet"": ""22b5e761f461c6bfde7a60a4efa7ac13bc59ae003488be84d2f0c1e57ddb7f39""}","{""python"": ""3.12.10"", ""numpy"": ""2.5.1"", ""pandas"": ""3.0.3"", ""statsmodels"": ""0.14.6"", ""scipy"": ""1.18.0""}"
shard0,366001,121,"(366001, 121)",completed,,pooled (real draws),3f4c04e3b0cdcca44c63043566057eb9537182f5,"{""finite_shot_end_to_end.parquet"": ""22b5e761f461c6bfde7a60a4efa7ac13bc59ae003488be84d2f0c1e57ddb7f39""}","{""python"": ""3.12.10"", ""numpy"": ""2.5.1"", ""pandas"": ""3.0.3"", ""statsmodels"": ""0.14.6"", ""scipy"": ""1.18.0""}"
shard0,366001,122,"(366001, 122)",completed,,pooled (real draws),3f4c04e3b0cdcca44c63043566057eb9537182f5,"{""finite_shot_end_to_end.parquet"": ""22b5e761f461c6bfde7a60a4efa7ac13bc59ae003488be84d2f0c1e57ddb7f39""}","{""python"": ""3.12.10"", ""numpy"": ""2.5.1"", ""pandas"": ""3.0.3"", ""statsmodels"": ""0.14.6"", ""scipy"": ""1.18.0""}"
shard0,366001,123,"(366001, 123)",completed,,pooled (real draws),3f4c04e3b0cdcca44c63043566057eb9537182f5,"{""finite_shot_end_to_end.parquet"": ""22b5e761f461c6bfde7a60a4efa7ac13bc59ae003488be84d2f0c1e57ddb7f39""}","{""python"": ""3.12.10"", ""numpy"": ""2.5.1"", ""pandas"": ""3.0.3"", ""statsmodels"": ""0.14.6"", ""scipy"": ""1.18.0""}"
shard0,366001,124,"(366001, 124)",completed,,pooled (real draws),3f4c04e3b0cdcca44c63043566057eb9537182f5,"{""finite_shot_end_to_end.parquet"": ""22b5e761f461c6bfde7a60a4efa7ac13bc59ae003488be84d2f0c1e57ddb7f39""}","{""python"": ""3.12.10"", ""numpy"": ""2.5.1"", ""pandas"": ""3.0.3"", ""statsmodels"": ""0.14.6"", ""scipy"": ""1.18.0""}"
shard0,366001,125,"(366001, 125)",completed,,pooled (real draws),3f4c04e3b0cdcca44c63043566057eb9537182f5,"{""finite_shot_end_to_end.parquet"": ""22b5e761f461c6bfde7a60a4efa7ac13bc59ae003488be84d2f0c1e57ddb7f39""}","{""python"": ""3.12.10"", ""numpy"": ""2.5.1"", ""pandas"": ""3.0.3"", ""statsmodels"": ""0.14.6"", ""scipy"": ""1.18.0""}"
shard0,366001,126,"(366001, 126)",completed,,pooled (real draws),3f4c04e3b0cdcca44c63043566057eb9537182f5,"{""finite_shot_end_to_end.parquet"": ""22b5e761f461c6bfde7a60a4efa7ac13bc59ae003488be84d2f0c1e57ddb7f39""}","{""python"": ""3.12.10"", ""numpy"": ""2.5.1"", ""pandas"": ""3.0.3"", ""statsmodels"": ""0.14.6"", ""scipy"": ""1.18.0""}"
shard0,366001,127,"(366001, 127)",completed,,pooled (real draws),3f4c04e3b0cdcca44c63043566057eb9537182f5,"{""finite_shot_end_to_end.parquet"": ""22b5e761f461c6bfde7a60a4efa7ac13bc59ae003488be84d2f0c1e57ddb7f39""}","{""python"": ""3.12.10"", ""numpy"": ""2.5.1"", ""pandas"": ""3.0.3"", ""statsmodels"": ""0.14.6"", ""scipy"": ""1.18.0""}"
shard0,366001,128,"(366001, 128)",completed,,pooled (real draws),3f4c04e3b0cdcca44c63043566057eb9537182f5,"{""finite_shot_end_to_end.parquet"": ""22b5e761f461c6bfde7a60a4efa7ac13bc59ae003488be84d2f0c1e57ddb7f39""}","{""python"": ""3.12.10"", ""numpy"": ""2.5.1"", ""pandas"": ""3.0.3"", ""statsmodels"": ""0.14.6"", ""scipy"": ""1.18.0""}"
shard0,366001,129,"(366001, 129)",completed,,pooled (real draws),3f4c04e3b0cdcca44c63043566057eb9537182f5,"{""finite_shot_end_to_end.parquet"": ""22b5e761f461c6bfde7a60a4efa7ac13bc59ae003488be84d2f0c1e57ddb7f39""}","{""python"": ""3.12.10"", ""numpy"": ""2.5.1"", ""pandas"": ""3.0.3"", ""statsmodels"": ""0.14.6"", ""scipy"": ""1.18.0""}"
shard0,366001,130,"(366001, 130)",completed,,pooled (real draws),3f4c04e3b0cdcca44c63043566057eb9537182f5,"{""finite_shot_end_to_end.parquet"": ""22b5e761f461c6bfde7a60a4efa7ac13bc59ae003488be84d2f0c1e57ddb7f39""}","{""python"": ""3.12.10"", ""numpy"": ""2.5.1"", ""pandas"": ""3.0.3"", ""statsmodels"": ""0.14.6"", ""scipy"": ""1.18.0""}"
shard0,366001,131,"(366001, 131)",completed,,pooled (real draws),3f4c04e3b0cdcca44c63043566057eb9537182f5,"{""finite_shot_end_to_end.parquet"": ""22b5e761f461c6bfde7a60a4efa7ac13bc59ae003488be84d2f0c1e57ddb7f39""}","{""python"": ""3.12.10"", ""numpy"": ""2.5.1"", ""pandas"": ""3.0.3"", ""statsmodels"": ""0.14.6"", ""scipy"": ""1.18.0""}"
shard0,366001,132,"(366001, 132)",completed,,pooled (real draws),3f4c04e3b0cdcca44c63043566057eb9537182f5,"{""finite_shot_end_to_end.parquet"": ""22b5e761f461c6bfde7a60a4efa7ac13bc59ae003488be84d2f0c1e57ddb7f39""}","{""python"": ""3.12.10"", ""numpy"": ""2.5.1"", ""pandas"": ""3.0.3"", ""statsmodels"": ""0.14.6"", ""scipy"": ""1.18.0""}"
shard0,366001,133,"(366001, 133)",completed,,pooled (real draws),3f4c04e3b0cdcca44c63043566057eb9537182f5,"{""finite_shot_end_to_end.parquet"": ""22b5e761f461c6bfde7a60a4efa7ac13bc59ae003488be84d2f0c1e57ddb7f39""}","{""python"": ""3.12.10"", ""numpy"": ""2.5.1"", ""pandas"": ""3.0.3"", ""statsmodels"": ""0.14.6"", ""scipy"": ""1.18.0""}"
shard0,366001,134,"(366001, 134)",completed,,pooled (real draws),3f4c04e3b0cdcca44c63043566057eb9537182f5,"{""finite_shot_end_to_end.parquet"": ""22b5e761f461c6bfde7a60a4efa7ac13bc59ae003488be84d2f0c1e57ddb7f39""}","{""python"": ""3.12.10"", ""numpy"": ""2.5.1"", ""pandas"": ""3.0.3"", ""statsmodels"": ""0.14.6"", ""scipy"": ""1.18.0""}"
shard0,366001,135,"(366001, 135)",completed,,pooled (real draws),3f4c04e3b0cdcca44c63043566057eb9537182f5,"{""finite_shot_end_to_end.parquet"": ""22b5e761f461c6bfde7a60a4efa7ac13bc59ae003488be84d2f0c1e57ddb7f39""}","{""python"": ""3.12.10"", ""numpy"": ""2.5.1"", ""pandas"": ""3.0.3"", ""statsmodels"": ""0.14.6"", ""scipy"": ""1.18.0""}"
shard0,366001,136,"(366001, 136)",completed,,pooled (real draws),3f4c04e3b0cdcca44c63043566057eb9537182f5,"{""finite_shot_end_to_end.parquet"": ""22b5e761f461c6bfde7a60a4efa7ac13bc59ae003488be84d2f0c1e57ddb7f39""}","{""python"": ""3.12.10"", ""numpy"": ""2.5.1"", ""pandas"": ""3.0.3"", ""statsmodels"": ""0.14.6"", ""scipy"": ""1.18.0""}"
shard0,366001,137,"(366001, 137)",completed,,pooled (real draws),3f4c04e3b0cdcca44c63043566057eb9537182f5,"{""finite_shot_end_to_end.parquet"": ""22b5e761f461c6bfde7a60a4efa7ac13bc59ae003488be84d2f0c1e57ddb7f39""}","{""python"": ""3.12.10"", ""numpy"": ""2.5.1"", ""pandas"": ""3.0.3"", ""statsmodels"": ""0.14.6"", ""scipy"": ""1.18.0""}"
shard0,366001,138,"(366001, 138)",completed,,pooled (real draws),3f4c04e3b0cdcca44c63043566057eb9537182f5,"{""finite_shot_end_to_end.parquet"": ""22b5e761f461c6bfde7a60a4efa7ac13bc59ae003488be84d2f0c1e57ddb7f39""}","{""python"": ""3.12.10"", ""numpy"": ""2.5.1"", ""pandas"": ""3.0.3"", ""statsmodels"": ""0.14.6"", ""scipy"": ""1.18.0""}"
shard0,366001,139,"(366001, 139)",completed,,pooled (real draws),3f4c04e3b0cdcca44c63043566057eb9537182f5,"{""finite_shot_end_to_end.parquet"": ""22b5e761f461c6bfde7a60a4efa7ac13bc59ae003488be84d2f0c1e57ddb7f39""}","{""python"": ""3.12.10"", ""numpy"": ""2.5.1"", ""pandas"": ""3.0.3"", ""statsmodels"": ""0.14.6"", ""scipy"": ""1.18.0""}"
shard0,366001,140,"(366001, 140)",completed,,pooled (real draws),3f4c04e3b0cdcca44c63043566057eb9537182f5,"{""finite_shot_end_to_end.parquet"": ""22b5e761f461c6bfde7a60a4efa7ac13bc59ae003488be84d2f0c1e57ddb7f39""}","{""python"": ""3.12.10"", ""numpy"": ""2.5.1"", ""pandas"": ""3.0.3"", ""statsmodels"": ""0.14.6"", ""scipy"": ""1.18.0""}"
shard0,366001,141,"(366001, 141)",completed,,pooled (real draws),3f4c04e3b0cdcca44c63043566057eb9537182f5,"{""finite_shot_end_to_end.parquet"": ""22b5e761f461c6bfde7a60a4efa7ac13bc59ae003488be84d2f0c1e57ddb7f39""}","{""python"": ""3.12.10"", ""numpy"": ""2.5.1"", ""pandas"": ""3.0.3"", ""statsmodels"": ""0.14.6"", ""scipy"": ""1.18.0""}"
shard0,366001,142,"(366001, 142)",completed,,pooled (real draws),3f4c04e3b0cdcca44c63043566057eb9537182f5,"{""finite_shot_end_to_end.parquet"": ""22b5e761f461c6bfde7a60a4efa7ac13bc59ae003488be84d2f0c1e57ddb7f39""}","{""python"": ""3.12.10"", ""numpy"": ""2.5.1"", ""pandas"": ""3.0.3"", ""statsmodels"": ""0.14.6"", ""scipy"": ""1.18.0""}"
shard0,366001,143,"(366001, 143)",completed,,pooled (real draws),3f4c04e3b0cdcca44c63043566057eb9537182f5,"{""finite_shot_end_to_end.parquet"": ""22b5e761f461c6bfde7a60a4efa7ac13bc59ae003488be84d2f0c1e57ddb7f39""}","{""python"": ""3.12.10"", ""numpy"": ""2.5.1"", ""pandas"": ""3.0.3"", ""statsmodels"": ""0.14.6"", ""scipy"": ""1.18.0""}"
shard0,366001,144,"(366001, 144)",completed,,pooled (real draws),3f4c04e3b0cdcca44c63043566057eb9537182f5,"{""finite_shot_end_to_end.parquet"": ""22b5e761f461c6bfde7a60a4efa7ac13bc59ae003488be84d2f0c1e57ddb7f39""}","{""python"": ""3.12.10"", ""numpy"": ""2.5.1"", ""pandas"": ""3.0.3"", ""statsmodels"": ""0.14.6"", ""scipy"": ""1.18.0""}"
shard1,376001,0,"(376001, 0)",completed,,pooled (real draws),3f4c04e3b0cdcca44c63043566057eb9537182f5,"{""finite_shot_end_to_end.parquet"": ""22b5e761f461c6bfde7a60a4efa7ac13bc59ae003488be84d2f0c1e57ddb7f39""}","{""python"": ""3.12.10"", ""numpy"": ""2.5.1"", ""pandas"": ""3.0.3"", ""statsmodels"": ""0.14.6"", ""scipy"": ""1.18.0""}"
shard1,376001,1,"(376001, 1)",completed,,pooled (real draws),3f4c04e3b0cdcca44c63043566057eb9537182f5,"{""finite_shot_end_to_end.parquet"": ""22b5e761f461c6bfde7a60a4efa7ac13bc59ae003488be84d2f0c1e57ddb7f39""}","{""python"": ""3.12.10"", ""numpy"": ""2.5.1"", ""pandas"": ""3.0.3"", ""statsmodels"": ""0.14.6"", ""scipy"": ""1.18.0""}"
shard1,376001,2,"(376001, 2)",completed,,pooled (real draws),3f4c04e3b0cdcca44c63043566057eb9537182f5,"{""finite_shot_end_to_end.parquet"": ""22b5e761f461c6bfde7a60a4efa7ac13bc59ae003488be84d2f0c1e57ddb7f39""}","{""python"": ""3.12.10"", ""numpy"": ""2.5.1"", ""pandas"": ""3.0.3"", ""statsmodels"": ""0.14.6"", ""scipy"": ""1.18.0""}"
shard1,376001,3,"(376001, 3)",completed,,pooled (real draws),3f4c04e3b0cdcca44c63043566057eb9537182f5,"{""finite_shot_end_to_end.parquet"": ""22b5e761f461c6bfde7a60a4efa7ac13bc59ae003488be84d2f0c1e57ddb7f39""}","{""python"": ""3.12.10"", ""numpy"": ""2.5.1"", ""pandas"": ""3.0.3"", ""statsmodels"": ""0.14.6"", ""scipy"": ""1.18.0""}"
shard1,376001,4,"(376001, 4)",completed,,pooled (real draws),3f4c04e3b0cdcca44c63043566057eb9537182f5,"{""finite_shot_end_to_end.parquet"": ""22b5e761f461c6bfde7a60a4efa7ac13bc59ae003488be84d2f0c1e57ddb7f39""}","{""python"": ""3.12.10"", ""numpy"": ""2.5.1"", ""pandas"": ""3.0.3"", ""statsmodels"": ""0.14.6"", ""scipy"": ""1.18.0""}"
shard1,376001,5,"(376001, 5)",completed,,pooled (real draws),3f4c04e3b0cdcca44c63043566057eb9537182f5,"{""finite_shot_end_to_end.parquet"": ""22b5e761f461c6bfde7a60a4efa7ac13bc59ae003488be84d2f0c1e57ddb7f39""}","{""python"": ""3.12.10"", ""numpy"": ""2.5.1"", ""pandas"": ""3.0.3"", ""statsmodels"": ""0.14.6"", ""scipy"": ""1.18.0""}"
shard1,376001,6,"(376001, 6)",completed,,pooled (real draws),3f4c04e3b0cdcca44c63043566057eb9537182f5,"{""finite_shot_end_to_end.parquet"": ""22b5e761f461c6bfde7a60a4efa7ac13bc59ae003488be84d2f0c1e57ddb7f39""}","{""python"": ""3.12.10"", ""numpy"": ""2.5.1"", ""pandas"": ""3.0.3"", ""statsmodels"": ""0.14.6"", ""scipy"": ""1.18.0""}"
shard1,376001,7,"(376001, 7)",completed,,pooled (real draws),3f4c04e3b0cdcca44c63043566057eb9537182f5,"{""finite_shot_end_to_end.parquet"": ""22b5e761f461c6bfde7a60a4efa7ac13bc59ae003488be84d2f0c1e57ddb7f39""}","{""python"": ""3.12.10"", ""numpy"": ""2.5.1"", ""pandas"": ""3.0.3"", ""statsmodels"": ""0.14.6"", ""scipy"": ""1.18.0""}"
shard1,376001,8,"(376001, 8)",completed,,pooled (real draws),3f4c04e3b0cdcca44c63043566057eb9537182f5,"{""finite_shot_end_to_end.parquet"": ""22b5e761f461c6bfde7a60a4efa7ac13bc59ae003488be84d2f0c1e57ddb7f39""}","{""python"": ""3.12.10"", ""numpy"": ""2.5.1"", ""pandas"": ""3.0.3"", ""statsmodels"": ""0.14.6"", ""scipy"": ""1.18.0""}"
shard1,376001,9,"(376001, 9)",completed,,pooled (real draws),3f4c04e3b0cdcca44c63043566057eb9537182f5,"{""finite_shot_end_to_end.parquet"": ""22b5e761f461c6bfde7a60a4efa7ac13bc59ae003488be84d2f0c1e57ddb7f39""}","{""python"": ""3.12.10"", ""numpy"": ""2.5.1"", ""pandas"": ""3.0.3"", ""statsmodels"": ""0.14.6"", ""scipy"": ""1.18.0""}"
shard1,376001,10,"(376001, 10)",completed,,pooled (real draws),3f4c04e3b0cdcca44c63043566057eb9537182f5,"{""finite_shot_end_to_end.parquet"": ""22b5e761f461c6bfde7a60a4efa7ac13bc59ae003488be84d2f0c1e57ddb7f39""}","{""python"": ""3.12.10"", ""numpy"": ""2.5.1"", ""pandas"": ""3.0.3"", ""statsmodels"": ""0.14.6"", ""scipy"": ""1.18.0""}"
shard1,376001,11,"(376001, 11)",completed,,pooled (real draws),3f4c04e3b0cdcca44c63043566057eb9537182f5,"{""finite_shot_end_to_end.parquet"": ""22b5e761f461c6bfde7a60a4efa7ac13bc59ae003488be84d2f0c1e57ddb7f39""}","{""python"": ""3.12.10"", ""numpy"": ""2.5.1"", ""pandas"": ""3.0.3"", ""statsmodels"": ""0.14.6"", ""scipy"": ""1.18.0""}"
shard1,376001,12,"(376001, 12)",completed,,pooled (real draws),3f4c04e3b0cdcca44c63043566057eb9537182f5,"{""finite_shot_end_to_end.parquet"": ""22b5e761f461c6bfde7a60a4efa7ac13bc59ae003488be84d2f0c1e57ddb7f39""}","{""python"": ""3.12.10"", ""numpy"": ""2.5.1"", ""pandas"": ""3.0.3"", ""statsmodels"": ""0.14.6"", ""scipy"": ""1.18.0""}"
shard1,376001,13,"(376001, 13)",completed,,pooled (real draws),3f4c04e3b0cdcca44c63043566057eb9537182f5,"{""finite_shot_end_to_end.parquet"": ""22b5e761f461c6bfde7a60a4efa7ac13bc59ae003488be84d2f0c1e57ddb7f39""}","{""python"": ""3.12.10"", ""numpy"": ""2.5.1"", ""pandas"": ""3.0.3"", ""statsmodels"": ""0.14.6"", ""scipy"": ""1.18.0""}"
shard1,376001,14,"(376001, 14)",completed,,pooled (real draws),3f4c04e3b0cdcca44c63043566057eb9537182f5,"{""finite_shot_end_to_end.parquet"": ""22b5e761f461c6bfde7a60a4efa7ac13bc59ae003488be84d2f0c1e57ddb7f39""}","{""python"": ""3.12.10"", ""numpy"": ""2.5.1"", ""pandas"": ""3.0.3"", ""statsmodels"": ""0.14.6"", ""scipy"": ""1.18.0""}"
shard1,376001,15,"(376001, 15)",completed,,pooled (real draws),3f4c04e3b0cdcca44c63043566057eb9537182f5,"{""finite_shot_end_to_end.parquet"": ""22b5e761f461c6bfde7a60a4efa7ac13bc59ae003488be84d2f0c1e57ddb7f39""}","{""python"": ""3.12.10"", ""numpy"": ""2.5.1"", ""pandas"": ""3.0.3"", ""statsmodels"": ""0.14.6"", ""scipy"": ""1.18.0""}"
shard1,376001,16,"(376001, 16)",completed,,pooled (real draws),3f4c04e3b0cdcca44c63043566057eb9537182f5,"{""finite_shot_end_to_end.parquet"": ""22b5e761f461c6bfde7a60a4efa7ac13bc59ae003488be84d2f0c1e57ddb7f39""}","{""python"": ""3.12.10"", ""numpy"": ""2.5.1"", ""pandas"": ""3.0.3"", ""statsmodels"": ""0.14.6"", ""scipy"": ""1.18.0""}"
shard1,376001,17,"(376001, 17)",completed,,pooled (real draws),3f4c04e3b0cdcca44c63043566057eb9537182f5,"{""finite_shot_end_to_end.parquet"": ""22b5e761f461c6bfde7a60a4efa7ac13bc59ae003488be84d2f0c1e57ddb7f39""}","{""python"": ""3.12.10"", ""numpy"": ""2.5.1"", ""pandas"": ""3.0.3"", ""statsmodels"": ""0.14.6"", ""scipy"": ""1.18.0""}"
shard1,376001,18,"(376001, 18)",completed,,pooled (real draws),3f4c04e3b0cdcca44c63043566057eb9537182f5,"{""finite_shot_end_to_end.parquet"": ""22b5e761f461c6bfde7a60a4efa7ac13bc59ae003488be84d2f0c1e57ddb7f39""}","{""python"": ""3.12.10"", ""numpy"": ""2.5.1"", ""pandas"": ""3.0.3"", ""statsmodels"": ""0.14.6"", ""scipy"": ""1.18.0""}"
shard1,376001,19,"(376001, 19)",completed,,pooled (real draws),3f4c04e3b0cdcca44c63043566057eb9537182f5,"{""finite_shot_end_to_end.parquet"": ""22b5e761f461c6bfde7a60a4efa7ac13bc59ae003488be84d2f0c1e57ddb7f39""}","{""python"": ""3.12.10"", ""numpy"": ""2.5.1"", ""pandas"": ""3.0.3"", ""statsmodels"": ""0.14.6"", ""scipy"": ""1.18.0""}"
shard1,376001,20,"(376001, 20)",completed,,pooled (real draws),3f4c04e3b0cdcca44c63043566057eb9537182f5,"{""finite_shot_end_to_end.parquet"": ""22b5e761f461c6bfde7a60a4efa7ac13bc59ae003488be84d2f0c1e57ddb7f39""}","{""python"": ""3.12.10"", ""numpy"": ""2.5.1"", ""pandas"": ""3.0.3"", ""statsmodels"": ""0.14.6"", ""scipy"": ""1.18.0""}"
shard1,376001,21,"(376001, 21)",completed,,pooled (real draws),3f4c04e3b0cdcca44c63043566057eb9537182f5,"{""finite_shot_end_to_end.parquet"": ""22b5e761f461c6bfde7a60a4efa7ac13bc59ae003488be84d2f0c1e57ddb7f39""}","{""python"": ""3.12.10"", ""numpy"": ""2.5.1"", ""pandas"": ""3.0.3"", ""statsmodels"": ""0.14.6"", ""scipy"": ""1.18.0""}"
shard1,376001,22,"(376001, 22)",completed,,pooled (real draws),3f4c04e3b0cdcca44c63043566057eb9537182f5,"{""finite_shot_end_to_end.parquet"": ""22b5e761f461c6bfde7a60a4efa7ac13bc59ae003488be84d2f0c1e57ddb7f39""}","{""python"": ""3.12.10"", ""numpy"": ""2.5.1"", ""pandas"": ""3.0.3"", ""statsmodels"": ""0.14.6"", ""scipy"": ""1.18.0""}"
shard1,376001,23,"(376001, 23)",completed,,pooled (real draws),3f4c04e3b0cdcca44c63043566057eb9537182f5,"{""finite_shot_end_to_end.parquet"": ""22b5e761f461c6bfde7a60a4efa7ac13bc59ae003488be84d2f0c1e57ddb7f39""}","{""python"": ""3.12.10"", ""numpy"": ""2.5.1"", ""pandas"": ""3.0.3"", ""statsmodels"": ""0.14.6"", ""scipy"": ""1.18.0""}"
shard1,376001,24,"(376001, 24)",completed,,pooled (real draws),3f4c04e3b0cdcca44c63043566057eb9537182f5,"{""finite_shot_end_to_end.parquet"": ""22b5e761f461c6bfde7a60a4efa7ac13bc59ae003488be84d2f0c1e57ddb7f39""}","{""python"": ""3.12.10"", ""numpy"": ""2.5.1"", ""pandas"": ""3.0.3"", ""statsmodels"": ""0.14.6"", ""scipy"": ""1.18.0""}"
shard1,376001,25,"(376001, 25)",completed,,pooled (real draws),3f4c04e3b0cdcca44c63043566057eb9537182f5,"{""finite_shot_end_to_end.parquet"": ""22b5e761f461c6bfde7a60a4efa7ac13bc59ae003488be84d2f0c1e57ddb7f39""}","{""python"": ""3.12.10"", ""numpy"": ""2.5.1"", ""pandas"": ""3.0.3"", ""statsmodels"": ""0.14.6"", ""scipy"": ""1.18.0""}"
shard1,376001,26,"(376001, 26)",completed,,pooled (real draws),3f4c04e3b0cdcca44c63043566057eb9537182f5,"{""finite_shot_end_to_end.parquet"": ""22b5e761f461c6bfde7a60a4efa7ac13bc59ae003488be84d2f0c1e57ddb7f39""}","{""python"": ""3.12.10"", ""numpy"": ""2.5.1"", ""pandas"": ""3.0.3"", ""statsmodels"": ""0.14.6"", ""scipy"": ""1.18.0""}"
shard1,376001,27,"(376001, 27)",completed,,pooled (real draws),3f4c04e3b0cdcca44c63043566057eb9537182f5,"{""finite_shot_end_to_end.parquet"": ""22b5e761f461c6bfde7a60a4efa7ac13bc59ae003488be84d2f0c1e57ddb7f39""}","{""python"": ""3.12.10"", ""numpy"": ""2.5.1"", ""pandas"": ""3.0.3"", ""statsmodels"": ""0.14.6"", ""scipy"": ""1.18.0""}"
shard1,376001,28,"(376001, 28)",completed,,pooled (real draws),3f4c04e3b0cdcca44c63043566057eb9537182f5,"{""finite_shot_end_to_end.parquet"": ""22b5e761f461c6bfde7a60a4efa7ac13bc59ae003488be84d2f0c1e57ddb7f39""}","{""python"": ""3.12.10"", ""numpy"": ""2.5.1"", ""pandas"": ""3.0.3"", ""statsmodels"": ""0.14.6"", ""scipy"": ""1.18.0""}"
shard1,376001,29,"(376001, 29)",completed,,pooled (real draws),3f4c04e3b0cdcca44c63043566057eb9537182f5,"{""finite_shot_end_to_end.parquet"": ""22b5e761f461c6bfde7a60a4efa7ac13bc59ae003488be84d2f0c1e57ddb7f39""}","{""python"": ""3.12.10"", ""numpy"": ""2.5.1"", ""pandas"": ""3.0.3"", ""statsmodels"": ""0.14.6"", ""scipy"": ""1.18.0""}"
shard1,376001,30,"(376001, 30)",completed,,pooled (real draws),3f4c04e3b0cdcca44c63043566057eb9537182f5,"{""finite_shot_end_to_end.parquet"": ""22b5e761f461c6bfde7a60a4efa7ac13bc59ae003488be84d2f0c1e57ddb7f39""}","{""python"": ""3.12.10"", ""numpy"": ""2.5.1"", ""pandas"": ""3.0.3"", ""statsmodels"": ""0.14.6"", ""scipy"": ""1.18.0""}"
shard1,376001,31,"(376001, 31)",completed,,pooled (real draws),3f4c04e3b0cdcca44c63043566057eb9537182f5,"{""finite_shot_end_to_end.parquet"": ""22b5e761f461c6bfde7a60a4efa7ac13bc59ae003488be84d2f0c1e57ddb7f39""}","{""python"": ""3.12.10"", ""numpy"": ""2.5.1"", ""pandas"": ""3.0.3"", ""statsmodels"": ""0.14.6"", ""scipy"": ""1.18.0""}"
shard1,376001,32,"(376001, 32)",completed,,pooled (real draws),3f4c04e3b0cdcca44c63043566057eb9537182f5,"{""finite_shot_end_to_end.parquet"": ""22b5e761f461c6bfde7a60a4efa7ac13bc59ae003488be84d2f0c1e57ddb7f39""}","{""python"": ""3.12.10"", ""numpy"": ""2.5.1"", ""pandas"": ""3.0.3"", ""statsmodels"": ""0.14.6"", ""scipy"": ""1.18.0""}"
shard1,376001,33,"(376001, 33)",completed,,pooled (real draws),3f4c04e3b0cdcca44c63043566057eb9537182f5,"{""finite_shot_end_to_end.parquet"": ""22b5e761f461c6bfde7a60a4efa7ac13bc59ae003488be84d2f0c1e57ddb7f39""}","{""python"": ""3.12.10"", ""numpy"": ""2.5.1"", ""pandas"": ""3.0.3"", ""statsmodels"": ""0.14.6"", ""scipy"": ""1.18.0""}"
shard1,376001,34,"(376001, 34)",completed,,pooled (real draws),3f4c04e3b0cdcca44c63043566057eb9537182f5,"{""finite_shot_end_to_end.parquet"": ""22b5e761f461c6bfde7a60a4efa7ac13bc59ae003488be84d2f0c1e57ddb7f39""}","{""python"": ""3.12.10"", ""numpy"": ""2.5.1"", ""pandas"": ""3.0.3"", ""statsmodels"": ""0.14.6"", ""scipy"": ""1.18.0""}"
shard1,376001,35,"(376001, 35)",completed,,pooled (real draws),3f4c04e3b0cdcca44c63043566057eb9537182f5,"{""finite_shot_end_to_end.parquet"": ""22b5e761f461c6bfde7a60a4efa7ac13bc59ae003488be84d2f0c1e57ddb7f39""}","{""python"": ""3.12.10"", ""numpy"": ""2.5.1"", ""pandas"": ""3.0.3"", ""statsmodels"": ""0.14.6"", ""scipy"": ""1.18.0""}"
shard1,376001,36,"(376001, 36)",completed,,pooled (real draws),3f4c04e3b0cdcca44c63043566057eb9537182f5,"{""finite_shot_end_to_end.parquet"": ""22b5e761f461c6bfde7a60a4efa7ac13bc59ae003488be84d2f0c1e57ddb7f39""}","{""python"": ""3.12.10"", ""numpy"": ""2.5.1"", ""pandas"": ""3.0.3"", ""statsmodels"": ""0.14.6"", ""scipy"": ""1.18.0""}"
shard1,376001,37,"(376001, 37)",completed,,pooled (real draws),3f4c04e3b0cdcca44c63043566057eb9537182f5,"{""finite_shot_end_to_end.parquet"": ""22b5e761f461c6bfde7a60a4efa7ac13bc59ae003488be84d2f0c1e57ddb7f39""}","{""python"": ""3.12.10"", ""numpy"": ""2.5.1"", ""pandas"": ""3.0.3"", ""statsmodels"": ""0.14.6"", ""scipy"": ""1.18.0""}"
shard1,376001,38,"(376001, 38)",completed,,pooled (real draws),3f4c04e3b0cdcca44c63043566057eb9537182f5,"{""finite_shot_end_to_end.parquet"": ""22b5e761f461c6bfde7a60a4efa7ac13bc59ae003488be84d2f0c1e57ddb7f39""}","{""python"": ""3.12.10"", ""numpy"": ""2.5.1"", ""pandas"": ""3.0.3"", ""statsmodels"": ""0.14.6"", ""scipy"": ""1.18.0""}"
shard1,376001,39,"(376001, 39)",completed,,pooled (real draws),3f4c04e3b0cdcca44c63043566057eb9537182f5,"{""finite_shot_end_to_end.parquet"": ""22b5e761f461c6bfde7a60a4efa7ac13bc59ae003488be84d2f0c1e57ddb7f39""}","{""python"": ""3.12.10"", ""numpy"": ""2.5.1"", ""pandas"": ""3.0.3"", ""statsmodels"": ""0.14.6"", ""scipy"": ""1.18.0""}"
shard1,376001,40,"(376001, 40)",completed,,pooled (real draws),3f4c04e3b0cdcca44c63043566057eb9537182f5,"{""finite_shot_end_to_end.parquet"": ""22b5e761f461c6bfde7a60a4efa7ac13bc59ae003488be84d2f0c1e57ddb7f39""}","{""python"": ""3.12.10"", ""numpy"": ""2.5.1"", ""pandas"": ""3.0.3"", ""statsmodels"": ""0.14.6"", ""scipy"": ""1.18.0""}"
shard1,376001,41,"(376001, 41)",completed,,pooled (real draws),3f4c04e3b0cdcca44c63043566057eb9537182f5,"{""finite_shot_end_to_end.parquet"": ""22b5e761f461c6bfde7a60a4efa7ac13bc59ae003488be84d2f0c1e57ddb7f39""}","{""python"": ""3.12.10"", ""numpy"": ""2.5.1"", ""pandas"": ""3.0.3"", ""statsmodels"": ""0.14.6"", ""scipy"": ""1.18.0""}"
shard1,376001,42,"(376001, 42)",completed,,pooled (real draws),3f4c04e3b0cdcca44c63043566057eb9537182f5,"{""finite_shot_end_to_end.parquet"": ""22b5e761f461c6bfde7a60a4efa7ac13bc59ae003488be84d2f0c1e57ddb7f39""}","{""python"": ""3.12.10"", ""numpy"": ""2.5.1"", ""pandas"": ""3.0.3"", ""statsmodels"": ""0.14.6"", ""scipy"": ""1.18.0""}"
shard1,376001,43,"(376001, 43)",completed,,pooled (real draws),3f4c04e3b0cdcca44c63043566057eb9537182f5,"{""finite_shot_end_to_end.parquet"": ""22b5e761f461c6bfde7a60a4efa7ac13bc59ae003488be84d2f0c1e57ddb7f39""}","{""python"": ""3.12.10"", ""numpy"": ""2.5.1"", ""pandas"": ""3.0.3"", ""statsmodels"": ""0.14.6"", ""scipy"": ""1.18.0""}"
shard1,376001,44,"(376001, 44)",completed,,pooled (real draws),3f4c04e3b0cdcca44c63043566057eb9537182f5,"{""finite_shot_end_to_end.parquet"": ""22b5e761f461c6bfde7a60a4efa7ac13bc59ae003488be84d2f0c1e57ddb7f39""}","{""python"": ""3.12.10"", ""numpy"": ""2.5.1"", ""pandas"": ""3.0.3"", ""statsmodels"": ""0.14.6"", ""scipy"": ""1.18.0""}"
shard1,376001,45,"(376001, 45)",completed,,pooled (real draws),3f4c04e3b0cdcca44c63043566057eb9537182f5,"{""finite_shot_end_to_end.parquet"": ""22b5e761f461c6bfde7a60a4efa7ac13bc59ae003488be84d2f0c1e57ddb7f39""}","{""python"": ""3.12.10"", ""numpy"": ""2.5.1"", ""pandas"": ""3.0.3"", ""statsmodels"": ""0.14.6"", ""scipy"": ""1.18.0""}"
shard1,376001,46,"(376001, 46)",completed,,pooled (real draws),3f4c04e3b0cdcca44c63043566057eb9537182f5,"{""finite_shot_end_to_end.parquet"": ""22b5e761f461c6bfde7a60a4efa7ac13bc59ae003488be84d2f0c1e57ddb7f39""}","{""python"": ""3.12.10"", ""numpy"": ""2.5.1"", ""pandas"": ""3.0.3"", ""statsmodels"": ""0.14.6"", ""scipy"": ""1.18.0""}"
shard1,376001,47,"(376001, 47)",completed,,pooled (real draws),3f4c04e3b0cdcca44c63043566057eb9537182f5,"{""finite_shot_end_to_end.parquet"": ""22b5e761f461c6bfde7a60a4efa7ac13bc59ae003488be84d2f0c1e57ddb7f39""}","{""python"": ""3.12.10"", ""numpy"": ""2.5.1"", ""pandas"": ""3.0.3"", ""statsmodels"": ""0.14.6"", ""scipy"": ""1.18.0""}"
shard1,376001,48,"(376001, 48)",completed,,pooled (real draws),3f4c04e3b0cdcca44c63043566057eb9537182f5,"{""finite_shot_end_to_end.parquet"": ""22b5e761f461c6bfde7a60a4efa7ac13bc59ae003488be84d2f0c1e57ddb7f39""}","{""python"": ""3.12.10"", ""numpy"": ""2.5.1"", ""pandas"": ""3.0.3"", ""statsmodels"": ""0.14.6"", ""scipy"": ""1.18.0""}"
shard1,376001,49,"(376001, 49)",completed,,pooled (real draws),3f4c04e3b0cdcca44c63043566057eb9537182f5,"{""finite_shot_end_to_end.parquet"": ""22b5e761f461c6bfde7a60a4efa7ac13bc59ae003488be84d2f0c1e57ddb7f39""}","{""python"": ""3.12.10"", ""numpy"": ""2.5.1"", ""pandas"": ""3.0.3"", ""statsmodels"": ""0.14.6"", ""scipy"": ""1.18.0""}"
shard1,376001,50,"(376001, 50)",completed,,pooled (real draws),3f4c04e3b0cdcca44c63043566057eb9537182f5,"{""finite_shot_end_to_end.parquet"": ""22b5e761f461c6bfde7a60a4efa7ac13bc59ae003488be84d2f0c1e57ddb7f39""}","{""python"": ""3.12.10"", ""numpy"": ""2.5.1"", ""pandas"": ""3.0.3"", ""statsmodels"": ""0.14.6"", ""scipy"": ""1.18.0""}"
shard1,376001,51,"(376001, 51)",completed,,pooled (real draws),3f4c04e3b0cdcca44c63043566057eb9537182f5,"{""finite_shot_end_to_end.parquet"": ""22b5e761f461c6bfde7a60a4efa7ac13bc59ae003488be84d2f0c1e57ddb7f39""}","{""python"": ""3.12.10"", ""numpy"": ""2.5.1"", ""pandas"": ""3.0.3"", ""statsmodels"": ""0.14.6"", ""scipy"": ""1.18.0""}"
shard1,376001,52,"(376001, 52)",completed,,pooled (real draws),3f4c04e3b0cdcca44c63043566057eb9537182f5,"{""finite_shot_end_to_end.parquet"": ""22b5e761f461c6bfde7a60a4efa7ac13bc59ae003488be84d2f0c1e57ddb7f39""}","{""python"": ""3.12.10"", ""numpy"": ""2.5.1"", ""pandas"": ""3.0.3"", ""statsmodels"": ""0.14.6"", ""scipy"": ""1.18.0""}"
shard1,376001,53,"(376001, 53)",completed,,pooled (real draws),3f4c04e3b0cdcca44c63043566057eb9537182f5,"{""finite_shot_end_to_end.parquet"": ""22b5e761f461c6bfde7a60a4efa7ac13bc59ae003488be84d2f0c1e57ddb7f39""}","{""python"": ""3.12.10"", ""numpy"": ""2.5.1"", ""pandas"": ""3.0.3"", ""statsmodels"": ""0.14.6"", ""scipy"": ""1.18.0""}"
shard1,376001,54,"(376001, 54)",completed,,pooled (real draws),3f4c04e3b0cdcca44c63043566057eb9537182f5,"{""finite_shot_end_to_end.parquet"": ""22b5e761f461c6bfde7a60a4efa7ac13bc59ae003488be84d2f0c1e57ddb7f39""}","{""python"": ""3.12.10"", ""numpy"": ""2.5.1"", ""pandas"": ""3.0.3"", ""statsmodels"": ""0.14.6"", ""scipy"": ""1.18.0""}"
shard1,376001,55,"(376001, 55)",completed,,pooled (real draws),3f4c04e3b0cdcca44c63043566057eb9537182f5,"{""finite_shot_end_to_end.parquet"": ""22b5e761f461c6bfde7a60a4efa7ac13bc59ae003488be84d2f0c1e57ddb7f39""}","{""python"": ""3.12.10"", ""numpy"": ""2.5.1"", ""pandas"": ""3.0.3"", ""statsmodels"": ""0.14.6"", ""scipy"": ""1.18.0""}"
shard1,376001,56,"(376001, 56)",completed,,pooled (real draws),3f4c04e3b0cdcca44c63043566057eb9537182f5,"{""finite_shot_end_to_end.parquet"": ""22b5e761f461c6bfde7a60a4efa7ac13bc59ae003488be84d2f0c1e57ddb7f39""}","{""python"": ""3.12.10"", ""numpy"": ""2.5.1"", ""pandas"": ""3.0.3"", ""statsmodels"": ""0.14.6"", ""scipy"": ""1.18.0""}"
shard1,376001,57,"(376001, 57)",completed,,pooled (real draws),3f4c04e3b0cdcca44c63043566057eb9537182f5,"{""finite_shot_end_to_end.parquet"": ""22b5e761f461c6bfde7a60a4efa7ac13bc59ae003488be84d2f0c1e57ddb7f39""}","{""python"": ""3.12.10"", ""numpy"": ""2.5.1"", ""pandas"": ""3.0.3"", ""statsmodels"": ""0.14.6"", ""scipy"": ""1.18.0""}"
shard1,376001,58,"(376001, 58)",completed,,pooled (real draws),3f4c04e3b0cdcca44c63043566057eb9537182f5,"{""finite_shot_end_to_end.parquet"": ""22b5e761f461c6bfde7a60a4efa7ac13bc59ae003488be84d2f0c1e57ddb7f39""}","{""python"": ""3.12.10"", ""numpy"": ""2.5.1"", ""pandas"": ""3.0.3"", ""statsmodels"": ""0.14.6"", ""scipy"": ""1.18.0""}"
shard1,376001,59,"(376001, 59)",completed,,pooled (real draws),3f4c04e3b0cdcca44c63043566057eb9537182f5,"{""finite_shot_end_to_end.parquet"": ""22b5e761f461c6bfde7a60a4efa7ac13bc59ae003488be84d2f0c1e57ddb7f39""}","{""python"": ""3.12.10"", ""numpy"": ""2.5.1"", ""pandas"": ""3.0.3"", ""statsmodels"": ""0.14.6"", ""scipy"": ""1.18.0""}"
shard1,376001,60,"(376001, 60)",completed,,pooled (real draws),3f4c04e3b0cdcca44c63043566057eb9537182f5,"{""finite_shot_end_to_end.parquet"": ""22b5e761f461c6bfde7a60a4efa7ac13bc59ae003488be84d2f0c1e57ddb7f39""}","{""python"": ""3.12.10"", ""numpy"": ""2.5.1"", ""pandas"": ""3.0.3"", ""statsmodels"": ""0.14.6"", ""scipy"": ""1.18.0""}"
shard1,376001,61,"(376001, 61)",completed,,pooled (real draws),3f4c04e3b0cdcca44c63043566057eb9537182f5,"{""finite_shot_end_to_end.parquet"": ""22b5e761f461c6bfde7a60a4efa7ac13bc59ae003488be84d2f0c1e57ddb7f39""}","{""python"": ""3.12.10"", ""numpy"": ""2.5.1"", ""pandas"": ""3.0.3"", ""statsmodels"": ""0.14.6"", ""scipy"": ""1.18.0""}"
shard1,376001,62,"(376001, 62)",completed,,pooled (real draws),3f4c04e3b0cdcca44c63043566057eb9537182f5,"{""finite_shot_end_to_end.parquet"": ""22b5e761f461c6bfde7a60a4efa7ac13bc59ae003488be84d2f0c1e57ddb7f39""}","{""python"": ""3.12.10"", ""numpy"": ""2.5.1"", ""pandas"": ""3.0.3"", ""statsmodels"": ""0.14.6"", ""scipy"": ""1.18.0""}"
shard1,376001,63,"(376001, 63)",completed,,pooled (real draws),3f4c04e3b0cdcca44c63043566057eb9537182f5,"{""finite_shot_end_to_end.parquet"": ""22b5e761f461c6bfde7a60a4efa7ac13bc59ae003488be84d2f0c1e57ddb7f39""}","{""python"": ""3.12.10"", ""numpy"": ""2.5.1"", ""pandas"": ""3.0.3"", ""statsmodels"": ""0.14.6"", ""scipy"": ""1.18.0""}"
shard1,376001,64,"(376001, 64)",completed,,pooled (real draws),3f4c04e3b0cdcca44c63043566057eb9537182f5,"{""finite_shot_end_to_end.parquet"": ""22b5e761f461c6bfde7a60a4efa7ac13bc59ae003488be84d2f0c1e57ddb7f39""}","{""python"": ""3.12.10"", ""numpy"": ""2.5.1"", ""pandas"": ""3.0.3"", ""statsmodels"": ""0.14.6"", ""scipy"": ""1.18.0""}"
shard1,376001,65,"(376001, 65)",completed,,pooled (real draws),3f4c04e3b0cdcca44c63043566057eb9537182f5,"{""finite_shot_end_to_end.parquet"": ""22b5e761f461c6bfde7a60a4efa7ac13bc59ae003488be84d2f0c1e57ddb7f39""}","{""python"": ""3.12.10"", ""numpy"": ""2.5.1"", ""pandas"": ""3.0.3"", ""statsmodels"": ""0.14.6"", ""scipy"": ""1.18.0""}"
shard1,376001,66,"(376001, 66)",completed,,pooled (real draws),3f4c04e3b0cdcca44c63043566057eb9537182f5,"{""finite_shot_end_to_end.parquet"": ""22b5e761f461c6bfde7a60a4efa7ac13bc59ae003488be84d2f0c1e57ddb7f39""}","{""python"": ""3.12.10"", ""numpy"": ""2.5.1"", ""pandas"": ""3.0.3"", ""statsmodels"": ""0.14.6"", ""scipy"": ""1.18.0""}"
shard1,376001,67,"(376001, 67)",completed,,pooled (real draws),3f4c04e3b0cdcca44c63043566057eb9537182f5,"{""finite_shot_end_to_end.parquet"": ""22b5e761f461c6bfde7a60a4efa7ac13bc59ae003488be84d2f0c1e57ddb7f39""}","{""python"": ""3.12.10"", ""numpy"": ""2.5.1"", ""pandas"": ""3.0.3"", ""statsmodels"": ""0.14.6"", ""scipy"": ""1.18.0""}"
shard1,376001,68,"(376001, 68)",completed,,pooled (real draws),3f4c04e3b0cdcca44c63043566057eb9537182f5,"{""finite_shot_end_to_end.parquet"": ""22b5e761f461c6bfde7a60a4efa7ac13bc59ae003488be84d2f0c1e57ddb7f39""}","{""python"": ""3.12.10"", ""numpy"": ""2.5.1"", ""pandas"": ""3.0.3"", ""statsmodels"": ""0.14.6"", ""scipy"": ""1.18.0""}"
shard1,376001,69,"(376001, 69)",completed,,pooled (real draws),3f4c04e3b0cdcca44c63043566057eb9537182f5,"{""finite_shot_end_to_end.parquet"": ""22b5e761f461c6bfde7a60a4efa7ac13bc59ae003488be84d2f0c1e57ddb7f39""}","{""python"": ""3.12.10"", ""numpy"": ""2.5.1"", ""pandas"": ""3.0.3"", ""statsmodels"": ""0.14.6"", ""scipy"": ""1.18.0""}"
shard1,376001,70,"(376001, 70)",completed,,pooled (real draws),3f4c04e3b0cdcca44c63043566057eb9537182f5,"{""finite_shot_end_to_end.parquet"": ""22b5e761f461c6bfde7a60a4efa7ac13bc59ae003488be84d2f0c1e57ddb7f39""}","{""python"": ""3.12.10"", ""numpy"": ""2.5.1"", ""pandas"": ""3.0.3"", ""statsmodels"": ""0.14.6"", ""scipy"": ""1.18.0""}"
shard1,376001,71,"(376001, 71)",completed,,pooled (real draws),3f4c04e3b0cdcca44c63043566057eb9537182f5,"{""finite_shot_end_to_end.parquet"": ""22b5e761f461c6bfde7a60a4efa7ac13bc59ae003488be84d2f0c1e57ddb7f39""}","{""python"": ""3.12.10"", ""numpy"": ""2.5.1"", ""pandas"": ""3.0.3"", ""statsmodels"": ""0.14.6"", ""scipy"": ""1.18.0""}"
shard1,376001,72,"(376001, 72)",completed,,pooled (real draws),3f4c04e3b0cdcca44c63043566057eb9537182f5,"{""finite_shot_end_to_end.parquet"": ""22b5e761f461c6bfde7a60a4efa7ac13bc59ae003488be84d2f0c1e57ddb7f39""}","{""python"": ""3.12.10"", ""numpy"": ""2.5.1"", ""pandas"": ""3.0.3"", ""statsmodels"": ""0.14.6"", ""scipy"": ""1.18.0""}"
shard1,376001,73,"(376001, 73)",completed,,pooled (real draws),3f4c04e3b0cdcca44c63043566057eb9537182f5,"{""finite_shot_end_to_end.parquet"": ""22b5e761f461c6bfde7a60a4efa7ac13bc59ae003488be84d2f0c1e57ddb7f39""}","{""python"": ""3.12.10"", ""numpy"": ""2.5.1"", ""pandas"": ""3.0.3"", ""statsmodels"": ""0.14.6"", ""scipy"": ""1.18.0""}"
shard1,376001,74,"(376001, 74)",completed,,pooled (real draws),3f4c04e3b0cdcca44c63043566057eb9537182f5,"{""finite_shot_end_to_end.parquet"": ""22b5e761f461c6bfde7a60a4efa7ac13bc59ae003488be84d2f0c1e57ddb7f39""}","{""python"": ""3.12.10"", ""numpy"": ""2.5.1"", ""pandas"": ""3.0.3"", ""statsmodels"": ""0.14.6"", ""scipy"": ""1.18.0""}"
shard1,376001,75,"(376001, 75)",completed,,pooled (real draws),3f4c04e3b0cdcca44c63043566057eb9537182f5,"{""finite_shot_end_to_end.parquet"": ""22b5e761f461c6bfde7a60a4efa7ac13bc59ae003488be84d2f0c1e57ddb7f39""}","{""python"": ""3.12.10"", ""numpy"": ""2.5.1"", ""pandas"": ""3.0.3"", ""statsmodels"": ""0.14.6"", ""scipy"": ""1.18.0""}"
shard1,376001,76,"(376001, 76)",completed,,pooled (real draws),3f4c04e3b0cdcca44c63043566057eb9537182f5,"{""finite_shot_end_to_end.parquet"": ""22b5e761f461c6bfde7a60a4efa7ac13bc59ae003488be84d2f0c1e57ddb7f39""}","{""python"": ""3.12.10"", ""numpy"": ""2.5.1"", ""pandas"": ""3.0.3"", ""statsmodels"": ""0.14.6"", ""scipy"": ""1.18.0""}"
shard1,376001,77,"(376001, 77)",completed,,pooled (real draws),3f4c04e3b0cdcca44c63043566057eb9537182f5,"{""finite_shot_end_to_end.parquet"": ""22b5e761f461c6bfde7a60a4efa7ac13bc59ae003488be84d2f0c1e57ddb7f39""}","{""python"": ""3.12.10"", ""numpy"": ""2.5.1"", ""pandas"": ""3.0.3"", ""statsmodels"": ""0.14.6"", ""scipy"": ""1.18.0""}"
shard1,376001,78,"(376001, 78)",completed,,pooled (real draws),3f4c04e3b0cdcca44c63043566057eb9537182f5,"{""finite_shot_end_to_end.parquet"": ""22b5e761f461c6bfde7a60a4efa7ac13bc59ae003488be84d2f0c1e57ddb7f39""}","{""python"": ""3.12.10"", ""numpy"": ""2.5.1"", ""pandas"": ""3.0.3"", ""statsmodels"": ""0.14.6"", ""scipy"": ""1.18.0""}"
shard1,376001,79,"(376001, 79)",completed,,pooled (real draws),3f4c04e3b0cdcca44c63043566057eb9537182f5,"{""finite_shot_end_to_end.parquet"": ""22b5e761f461c6bfde7a60a4efa7ac13bc59ae003488be84d2f0c1e57ddb7f39""}","{""python"": ""3.12.10"", ""numpy"": ""2.5.1"", ""pandas"": ""3.0.3"", ""statsmodels"": ""0.14.6"", ""scipy"": ""1.18.0""}"
shard1,376001,80,"(376001, 80)",completed,,pooled (real draws),3f4c04e3b0cdcca44c63043566057eb9537182f5,"{""finite_shot_end_to_end.parquet"": ""22b5e761f461c6bfde7a60a4efa7ac13bc59ae003488be84d2f0c1e57ddb7f39""}","{""python"": ""3.12.10"", ""numpy"": ""2.5.1"", ""pandas"": ""3.0.3"", ""statsmodels"": ""0.14.6"", ""scipy"": ""1.18.0""}"
shard1,376001,81,"(376001, 81)",completed,,pooled (real draws),3f4c04e3b0cdcca44c63043566057eb9537182f5,"{""finite_shot_end_to_end.parquet"": ""22b5e761f461c6bfde7a60a4efa7ac13bc59ae003488be84d2f0c1e57ddb7f39""}","{""python"": ""3.12.10"", ""numpy"": ""2.5.1"", ""pandas"": ""3.0.3"", ""statsmodels"": ""0.14.6"", ""scipy"": ""1.18.0""}"
shard1,376001,82,"(376001, 82)",completed,,pooled (real draws),3f4c04e3b0cdcca44c63043566057eb9537182f5,"{""finite_shot_end_to_end.parquet"": ""22b5e761f461c6bfde7a60a4efa7ac13bc59ae003488be84d2f0c1e57ddb7f39""}","{""python"": ""3.12.10"", ""numpy"": ""2.5.1"", ""pandas"": ""3.0.3"", ""statsmodels"": ""0.14.6"", ""scipy"": ""1.18.0""}"
shard1,376001,83,"(376001, 83)",completed,,pooled (real draws),3f4c04e3b0cdcca44c63043566057eb9537182f5,"{""finite_shot_end_to_end.parquet"": ""22b5e761f461c6bfde7a60a4efa7ac13bc59ae003488be84d2f0c1e57ddb7f39""}","{""python"": ""3.12.10"", ""numpy"": ""2.5.1"", ""pandas"": ""3.0.3"", ""statsmodels"": ""0.14.6"", ""scipy"": ""1.18.0""}"
shard1,376001,84,"(376001, 84)",completed,,pooled (real draws),3f4c04e3b0cdcca44c63043566057eb9537182f5,"{""finite_shot_end_to_end.parquet"": ""22b5e761f461c6bfde7a60a4efa7ac13bc59ae003488be84d2f0c1e57ddb7f39""}","{""python"": ""3.12.10"", ""numpy"": ""2.5.1"", ""pandas"": ""3.0.3"", ""statsmodels"": ""0.14.6"", ""scipy"": ""1.18.0""}"
shard1,376001,85,"(376001, 85)",completed,,pooled (real draws),3f4c04e3b0cdcca44c63043566057eb9537182f5,"{""finite_shot_end_to_end.parquet"": ""22b5e761f461c6bfde7a60a4efa7ac13bc59ae003488be84d2f0c1e57ddb7f39""}","{""python"": ""3.12.10"", ""numpy"": ""2.5.1"", ""pandas"": ""3.0.3"", ""statsmodels"": ""0.14.6"", ""scipy"": ""1.18.0""}"
shard1,376001,86,"(376001, 86)",completed,,pooled (real draws),3f4c04e3b0cdcca44c63043566057eb9537182f5,"{""finite_shot_end_to_end.parquet"": ""22b5e761f461c6bfde7a60a4efa7ac13bc59ae003488be84d2f0c1e57ddb7f39""}","{""python"": ""3.12.10"", ""numpy"": ""2.5.1"", ""pandas"": ""3.0.3"", ""statsmodels"": ""0.14.6"", ""scipy"": ""1.18.0""}"
shard1,376001,87,"(376001, 87)",completed,,pooled (real draws),3f4c04e3b0cdcca44c63043566057eb9537182f5,"{""finite_shot_end_to_end.parquet"": ""22b5e761f461c6bfde7a60a4efa7ac13bc59ae003488be84d2f0c1e57ddb7f39""}","{""python"": ""3.12.10"", ""numpy"": ""2.5.1"", ""pandas"": ""3.0.3"", ""statsmodels"": ""0.14.6"", ""scipy"": ""1.18.0""}"
shard1,376001,88,"(376001, 88)",completed,,pooled (real draws),3f4c04e3b0cdcca44c63043566057eb9537182f5,"{""finite_shot_end_to_end.parquet"": ""22b5e761f461c6bfde7a60a4efa7ac13bc59ae003488be84d2f0c1e57ddb7f39""}","{""python"": ""3.12.10"", ""numpy"": ""2.5.1"", ""pandas"": ""3.0.3"", ""statsmodels"": ""0.14.6"", ""scipy"": ""1.18.0""}"
shard1,376001,89,"(376001, 89)",completed,,pooled (real draws),3f4c04e3b0cdcca44c63043566057eb9537182f5,"{""finite_shot_end_to_end.parquet"": ""22b5e761f461c6bfde7a60a4efa7ac13bc59ae003488be84d2f0c1e57ddb7f39""}","{""python"": ""3.12.10"", ""numpy"": ""2.5.1"", ""pandas"": ""3.0.3"", ""statsmodels"": ""0.14.6"", ""scipy"": ""1.18.0""}"
shard1,376001,90,"(376001, 90)",completed,,pooled (real draws),3f4c04e3b0cdcca44c63043566057eb9537182f5,"{""finite_shot_end_to_end.parquet"": ""22b5e761f461c6bfde7a60a4efa7ac13bc59ae003488be84d2f0c1e57ddb7f39""}","{""python"": ""3.12.10"", ""numpy"": ""2.5.1"", ""pandas"": ""3.0.3"", ""statsmodels"": ""0.14.6"", ""scipy"": ""1.18.0""}"
shard1,376001,91,"(376001, 91)",completed,,pooled (real draws),3f4c04e3b0cdcca44c63043566057eb9537182f5,"{""finite_shot_end_to_end.parquet"": ""22b5e761f461c6bfde7a60a4efa7ac13bc59ae003488be84d2f0c1e57ddb7f39""}","{""python"": ""3.12.10"", ""numpy"": ""2.5.1"", ""pandas"": ""3.0.3"", ""statsmodels"": ""0.14.6"", ""scipy"": ""1.18.0""}"
shard1,376001,92,"(376001, 92)",completed,,pooled (real draws),3f4c04e3b0cdcca44c63043566057eb9537182f5,"{""finite_shot_end_to_end.parquet"": ""22b5e761f461c6bfde7a60a4efa7ac13bc59ae003488be84d2f0c1e57ddb7f39""}","{""python"": ""3.12.10"", ""numpy"": ""2.5.1"", ""pandas"": ""3.0.3"", ""statsmodels"": ""0.14.6"", ""scipy"": ""1.18.0""}"
shard1,376001,93,"(376001, 93)",completed,,pooled (real draws),3f4c04e3b0cdcca44c63043566057eb9537182f5,"{""finite_shot_end_to_end.parquet"": ""22b5e761f461c6bfde7a60a4efa7ac13bc59ae003488be84d2f0c1e57ddb7f39""}","{""python"": ""3.12.10"", ""numpy"": ""2.5.1"", ""pandas"": ""3.0.3"", ""statsmodels"": ""0.14.6"", ""scipy"": ""1.18.0""}"
shard1,376001,94,"(376001, 94)",completed,,pooled (real draws),3f4c04e3b0cdcca44c63043566057eb9537182f5,"{""finite_shot_end_to_end.parquet"": ""22b5e761f461c6bfde7a60a4efa7ac13bc59ae003488be84d2f0c1e57ddb7f39""}","{""python"": ""3.12.10"", ""numpy"": ""2.5.1"", ""pandas"": ""3.0.3"", ""statsmodels"": ""0.14.6"", ""scipy"": ""1.18.0""}"
shard1,376001,95,"(376001, 95)",completed,,pooled (real draws),3f4c04e3b0cdcca44c63043566057eb9537182f5,"{""finite_shot_end_to_end.parquet"": ""22b5e761f461c6bfde7a60a4efa7ac13bc59ae003488be84d2f0c1e57ddb7f39""}","{""python"": ""3.12.10"", ""numpy"": ""2.5.1"", ""pandas"": ""3.0.3"", ""statsmodels"": ""0.14.6"", ""scipy"": ""1.18.0""}"
shard1,376001,96,"(376001, 96)",completed,,pooled (real draws),3f4c04e3b0cdcca44c63043566057eb9537182f5,"{""finite_shot_end_to_end.parquet"": ""22b5e761f461c6bfde7a60a4efa7ac13bc59ae003488be84d2f0c1e57ddb7f39""}","{""python"": ""3.12.10"", ""numpy"": ""2.5.1"", ""pandas"": ""3.0.3"", ""statsmodels"": ""0.14.6"", ""scipy"": ""1.18.0""}"
shard1,376001,97,"(376001, 97)",completed,,pooled (real draws),3f4c04e3b0cdcca44c63043566057eb9537182f5,"{""finite_shot_end_to_end.parquet"": ""22b5e761f461c6bfde7a60a4efa7ac13bc59ae003488be84d2f0c1e57ddb7f39""}","{""python"": ""3.12.10"", ""numpy"": ""2.5.1"", ""pandas"": ""3.0.3"", ""statsmodels"": ""0.14.6"", ""scipy"": ""1.18.0""}"
shard1,376001,98,"(376001, 98)",completed,,pooled (real draws),3f4c04e3b0cdcca44c63043566057eb9537182f5,"{""finite_shot_end_to_end.parquet"": ""22b5e761f461c6bfde7a60a4efa7ac13bc59ae003488be84d2f0c1e57ddb7f39""}","{""python"": ""3.12.10"", ""numpy"": ""2.5.1"", ""pandas"": ""3.0.3"", ""statsmodels"": ""0.14.6"", ""scipy"": ""1.18.0""}"
shard1,376001,99,"(376001, 99)",completed,,pooled (real draws),3f4c04e3b0cdcca44c63043566057eb9537182f5,"{""finite_shot_end_to_end.parquet"": ""22b5e761f461c6bfde7a60a4efa7ac13bc59ae003488be84d2f0c1e57ddb7f39""}","{""python"": ""3.12.10"", ""numpy"": ""2.5.1"", ""pandas"": ""3.0.3"", ""statsmodels"": ""0.14.6"", ""scipy"": ""1.18.0""}"
shard1,376001,100,"(376001, 100)",completed,,pooled (real draws),3f4c04e3b0cdcca44c63043566057eb9537182f5,"{""finite_shot_end_to_end.parquet"": ""22b5e761f461c6bfde7a60a4efa7ac13bc59ae003488be84d2f0c1e57ddb7f39""}","{""python"": ""3.12.10"", ""numpy"": ""2.5.1"", ""pandas"": ""3.0.3"", ""statsmodels"": ""0.14.6"", ""scipy"": ""1.18.0""}"
shard1,376001,101,"(376001, 101)",completed,,pooled (real draws),3f4c04e3b0cdcca44c63043566057eb9537182f5,"{""finite_shot_end_to_end.parquet"": ""22b5e761f461c6bfde7a60a4efa7ac13bc59ae003488be84d2f0c1e57ddb7f39""}","{""python"": ""3.12.10"", ""numpy"": ""2.5.1"", ""pandas"": ""3.0.3"", ""statsmodels"": ""0.14.6"", ""scipy"": ""1.18.0""}"
shard1,376001,102,"(376001, 102)",completed,,pooled (real draws),3f4c04e3b0cdcca44c63043566057eb9537182f5,"{""finite_shot_end_to_end.parquet"": ""22b5e761f461c6bfde7a60a4efa7ac13bc59ae003488be84d2f0c1e57ddb7f39""}","{""python"": ""3.12.10"", ""numpy"": ""2.5.1"", ""pandas"": ""3.0.3"", ""statsmodels"": ""0.14.6"", ""scipy"": ""1.18.0""}"
shard1,376001,103,"(376001, 103)",completed,,pooled (real draws),3f4c04e3b0cdcca44c63043566057eb9537182f5,"{""finite_shot_end_to_end.parquet"": ""22b5e761f461c6bfde7a60a4efa7ac13bc59ae003488be84d2f0c1e57ddb7f39""}","{""python"": ""3.12.10"", ""numpy"": ""2.5.1"", ""pandas"": ""3.0.3"", ""statsmodels"": ""0.14.6"", ""scipy"": ""1.18.0""}"
shard1,376001,104,"(376001, 104)",completed,,pooled (real draws),3f4c04e3b0cdcca44c63043566057eb9537182f5,"{""finite_shot_end_to_end.parquet"": ""22b5e761f461c6bfde7a60a4efa7ac13bc59ae003488be84d2f0c1e57ddb7f39""}","{""python"": ""3.12.10"", ""numpy"": ""2.5.1"", ""pandas"": ""3.0.3"", ""statsmodels"": ""0.14.6"", ""scipy"": ""1.18.0""}"
shard1,376001,105,"(376001, 105)",completed,,pooled (real draws),3f4c04e3b0cdcca44c63043566057eb9537182f5,"{""finite_shot_end_to_end.parquet"": ""22b5e761f461c6bfde7a60a4efa7ac13bc59ae003488be84d2f0c1e57ddb7f39""}","{""python"": ""3.12.10"", ""numpy"": ""2.5.1"", ""pandas"": ""3.0.3"", ""statsmodels"": ""0.14.6"", ""scipy"": ""1.18.0""}"
shard1,376001,106,"(376001, 106)",completed,,pooled (real draws),3f4c04e3b0cdcca44c63043566057eb9537182f5,"{""finite_shot_end_to_end.parquet"": ""22b5e761f461c6bfde7a60a4efa7ac13bc59ae003488be84d2f0c1e57ddb7f39""}","{""python"": ""3.12.10"", ""numpy"": ""2.5.1"", ""pandas"": ""3.0.3"", ""statsmodels"": ""0.14.6"", ""scipy"": ""1.18.0""}"
shard1,376001,107,"(376001, 107)",completed,,pooled (real draws),3f4c04e3b0cdcca44c63043566057eb9537182f5,"{""finite_shot_end_to_end.parquet"": ""22b5e761f461c6bfde7a60a4efa7ac13bc59ae003488be84d2f0c1e57ddb7f39""}","{""python"": ""3.12.10"", ""numpy"": ""2.5.1"", ""pandas"": ""3.0.3"", ""statsmodels"": ""0.14.6"", ""scipy"": ""1.18.0""}"
shard1,376001,108,"(376001, 108)",completed,,pooled (real draws),3f4c04e3b0cdcca44c63043566057eb9537182f5,"{""finite_shot_end_to_end.parquet"": ""22b5e761f461c6bfde7a60a4efa7ac13bc59ae003488be84d2f0c1e57ddb7f39""}","{""python"": ""3.12.10"", ""numpy"": ""2.5.1"", ""pandas"": ""3.0.3"", ""statsmodels"": ""0.14.6"", ""scipy"": ""1.18.0""}"
shard1,376001,109,"(376001, 109)",completed,,pooled (real draws),3f4c04e3b0cdcca44c63043566057eb9537182f5,"{""finite_shot_end_to_end.parquet"": ""22b5e761f461c6bfde7a60a4efa7ac13bc59ae003488be84d2f0c1e57ddb7f39""}","{""python"": ""3.12.10"", ""numpy"": ""2.5.1"", ""pandas"": ""3.0.3"", ""statsmodels"": ""0.14.6"", ""scipy"": ""1.18.0""}"
shard1,376001,110,"(376001, 110)",completed,,pooled (real draws),3f4c04e3b0cdcca44c63043566057eb9537182f5,"{""finite_shot_end_to_end.parquet"": ""22b5e761f461c6bfde7a60a4efa7ac13bc59ae003488be84d2f0c1e57ddb7f39""}","{""python"": ""3.12.10"", ""numpy"": ""2.5.1"", ""pandas"": ""3.0.3"", ""statsmodels"": ""0.14.6"", ""scipy"": ""1.18.0""}"
shard1,376001,111,"(376001, 111)",completed,,pooled (real draws),3f4c04e3b0cdcca44c63043566057eb9537182f5,"{""finite_shot_end_to_end.parquet"": ""22b5e761f461c6bfde7a60a4efa7ac13bc59ae003488be84d2f0c1e57ddb7f39""}","{""python"": ""3.12.10"", ""numpy"": ""2.5.1"", ""pandas"": ""3.0.3"", ""statsmodels"": ""0.14.6"", ""scipy"": ""1.18.0""}"
shard1,376001,112,"(376001, 112)",completed,,pooled (real draws),3f4c04e3b0cdcca44c63043566057eb9537182f5,"{""finite_shot_end_to_end.parquet"": ""22b5e761f461c6bfde7a60a4efa7ac13bc59ae003488be84d2f0c1e57ddb7f39""}","{""python"": ""3.12.10"", ""numpy"": ""2.5.1"", ""pandas"": ""3.0.3"", ""statsmodels"": ""0.14.6"", ""scipy"": ""1.18.0""}"
shard1,376001,113,"(376001, 113)",completed,,pooled (real draws),3f4c04e3b0cdcca44c63043566057eb9537182f5,"{""finite_shot_end_to_end.parquet"": ""22b5e761f461c6bfde7a60a4efa7ac13bc59ae003488be84d2f0c1e57ddb7f39""}","{""python"": ""3.12.10"", ""numpy"": ""2.5.1"", ""pandas"": ""3.0.3"", ""statsmodels"": ""0.14.6"", ""scipy"": ""1.18.0""}"
shard1,376001,114,"(376001, 114)",completed,,pooled (real draws),3f4c04e3b0cdcca44c63043566057eb9537182f5,"{""finite_shot_end_to_end.parquet"": ""22b5e761f461c6bfde7a60a4efa7ac13bc59ae003488be84d2f0c1e57ddb7f39""}","{""python"": ""3.12.10"", ""numpy"": ""2.5.1"", ""pandas"": ""3.0.3"", ""statsmodels"": ""0.14.6"", ""scipy"": ""1.18.0""}"
shard1,376001,115,"(376001, 115)",completed,,pooled (real draws),3f4c04e3b0cdcca44c63043566057eb9537182f5,"{""finite_shot_end_to_end.parquet"": ""22b5e761f461c6bfde7a60a4efa7ac13bc59ae003488be84d2f0c1e57ddb7f39""}","{""python"": ""3.12.10"", ""numpy"": ""2.5.1"", ""pandas"": ""3.0.3"", ""statsmodels"": ""0.14.6"", ""scipy"": ""1.18.0""}"
shard1,376001,116,"(376001, 116)",completed,,pooled (real draws),3f4c04e3b0cdcca44c63043566057eb9537182f5,"{""finite_shot_end_to_end.parquet"": ""22b5e761f461c6bfde7a60a4efa7ac13bc59ae003488be84d2f0c1e57ddb7f39""}","{""python"": ""3.12.10"", ""numpy"": ""2.5.1"", ""pandas"": ""3.0.3"", ""statsmodels"": ""0.14.6"", ""scipy"": ""1.18.0""}"
shard1,376001,117,"(376001, 117)",completed,,pooled (real draws),3f4c04e3b0cdcca44c63043566057eb9537182f5,"{""finite_shot_end_to_end.parquet"": ""22b5e761f461c6bfde7a60a4efa7ac13bc59ae003488be84d2f0c1e57ddb7f39""}","{""python"": ""3.12.10"", ""numpy"": ""2.5.1"", ""pandas"": ""3.0.3"", ""statsmodels"": ""0.14.6"", ""scipy"": ""1.18.0""}"
shard1,376001,118,"(376001, 118)",completed,,pooled (real draws),3f4c04e3b0cdcca44c63043566057eb9537182f5,"{""finite_shot_end_to_end.parquet"": ""22b5e761f461c6bfde7a60a4efa7ac13bc59ae003488be84d2f0c1e57ddb7f39""}","{""python"": ""3.12.10"", ""numpy"": ""2.5.1"", ""pandas"": ""3.0.3"", ""statsmodels"": ""0.14.6"", ""scipy"": ""1.18.0""}"
shard1,376001,119,"(376001, 119)",completed,,pooled (real draws),3f4c04e3b0cdcca44c63043566057eb9537182f5,"{""finite_shot_end_to_end.parquet"": ""22b5e761f461c6bfde7a60a4efa7ac13bc59ae003488be84d2f0c1e57ddb7f39""}","{""python"": ""3.12.10"", ""numpy"": ""2.5.1"", ""pandas"": ""3.0.3"", ""statsmodels"": ""0.14.6"", ""scipy"": ""1.18.0""}"
shard1,376001,120,"(376001, 120)",completed,,pooled (real draws),3f4c04e3b0cdcca44c63043566057eb9537182f5,"{""finite_shot_end_to_end.parquet"": ""22b5e761f461c6bfde7a60a4efa7ac13bc59ae003488be84d2f0c1e57ddb7f39""}","{""python"": ""3.12.10"", ""numpy"": ""2.5.1"", ""pandas"": ""3.0.3"", ""statsmodels"": ""0.14.6"", ""scipy"": ""1.18.0""}"
shard1,376001,121,"(376001, 121)",completed,,pooled (real draws),3f4c04e3b0cdcca44c63043566057eb9537182f5,"{""finite_shot_end_to_end.parquet"": ""22b5e761f461c6bfde7a60a4efa7ac13bc59ae003488be84d2f0c1e57ddb7f39""}","{""python"": ""3.12.10"", ""numpy"": ""2.5.1"", ""pandas"": ""3.0.3"", ""statsmodels"": ""0.14.6"", ""scipy"": ""1.18.0""}"
shard1,376001,122,"(376001, 122)",completed,,pooled (real draws),3f4c04e3b0cdcca44c63043566057eb9537182f5,"{""finite_shot_end_to_end.parquet"": ""22b5e761f461c6bfde7a60a4efa7ac13bc59ae003488be84d2f0c1e57ddb7f39""}","{""python"": ""3.12.10"", ""numpy"": ""2.5.1"", ""pandas"": ""3.0.3"", ""statsmodels"": ""0.14.6"", ""scipy"": ""1.18.0""}"
shard1,376001,123,"(376001, 123)",completed,,pooled (real draws),3f4c04e3b0cdcca44c63043566057eb9537182f5,"{""finite_shot_end_to_end.parquet"": ""22b5e761f461c6bfde7a60a4efa7ac13bc59ae003488be84d2f0c1e57ddb7f39""}","{""python"": ""3.12.10"", ""numpy"": ""2.5.1"", ""pandas"": ""3.0.3"", ""statsmodels"": ""0.14.6"", ""scipy"": ""1.18.0""}"
shard1,376001,124,"(376001, 124)",completed,,pooled (real draws),3f4c04e3b0cdcca44c63043566057eb9537182f5,"{""finite_shot_end_to_end.parquet"": ""22b5e761f461c6bfde7a60a4efa7ac13bc59ae003488be84d2f0c1e57ddb7f39""}","{""python"": ""3.12.10"", ""numpy"": ""2.5.1"", ""pandas"": ""3.0.3"", ""statsmodels"": ""0.14.6"", ""scipy"": ""1.18.0""}"
shard1,376001,125,"(376001, 125)",completed,,pooled (real draws),3f4c04e3b0cdcca44c63043566057eb9537182f5,"{""finite_shot_end_to_end.parquet"": ""22b5e761f461c6bfde7a60a4efa7ac13bc59ae003488be84d2f0c1e57ddb7f39""}","{""python"": ""3.12.10"", ""numpy"": ""2.5.1"", ""pandas"": ""3.0.3"", ""statsmodels"": ""0.14.6"", ""scipy"": ""1.18.0""}"
shard1,376001,126,"(376001, 126)",completed,,pooled (real draws),3f4c04e3b0cdcca44c63043566057eb9537182f5,"{""finite_shot_end_to_end.parquet"": ""22b5e761f461c6bfde7a60a4efa7ac13bc59ae003488be84d2f0c1e57ddb7f39""}","{""python"": ""3.12.10"", ""numpy"": ""2.5.1"", ""pandas"": ""3.0.3"", ""statsmodels"": ""0.14.6"", ""scipy"": ""1.18.0""}"
shard1,376001,127,"(376001, 127)",completed,,pooled (real draws),3f4c04e3b0cdcca44c63043566057eb9537182f5,"{""finite_shot_end_to_end.parquet"": ""22b5e761f461c6bfde7a60a4efa7ac13bc59ae003488be84d2f0c1e57ddb7f39""}","{""python"": ""3.12.10"", ""numpy"": ""2.5.1"", ""pandas"": ""3.0.3"", ""statsmodels"": ""0.14.6"", ""scipy"": ""1.18.0""}"
shard1,376001,128,"(376001, 128)",completed,,pooled (real draws),3f4c04e3b0cdcca44c63043566057eb9537182f5,"{""finite_shot_end_to_end.parquet"": ""22b5e761f461c6bfde7a60a4efa7ac13bc59ae003488be84d2f0c1e57ddb7f39""}","{""python"": ""3.12.10"", ""numpy"": ""2.5.1"", ""pandas"": ""3.0.3"", ""statsmodels"": ""0.14.6"", ""scipy"": ""1.18.0""}"
shard1,376001,129,"(376001, 129)",completed,,pooled (real draws),3f4c04e3b0cdcca44c63043566057eb9537182f5,"{""finite_shot_end_to_end.parquet"": ""22b5e761f461c6bfde7a60a4efa7ac13bc59ae003488be84d2f0c1e57ddb7f39""}","{""python"": ""3.12.10"", ""numpy"": ""2.5.1"", ""pandas"": ""3.0.3"", ""statsmodels"": ""0.14.6"", ""scipy"": ""1.18.0""}"
shard1,376001,130,"(376001, 130)",completed,,pooled (real draws),3f4c04e3b0cdcca44c63043566057eb9537182f5,"{""finite_shot_end_to_end.parquet"": ""22b5e761f461c6bfde7a60a4efa7ac13bc59ae003488be84d2f0c1e57ddb7f39""}","{""python"": ""3.12.10"", ""numpy"": ""2.5.1"", ""pandas"": ""3.0.3"", ""statsmodels"": ""0.14.6"", ""scipy"": ""1.18.0""}"
shard1,376001,131,"(376001, 131)",completed,,pooled (real draws),3f4c04e3b0cdcca44c63043566057eb9537182f5,"{""finite_shot_end_to_end.parquet"": ""22b5e761f461c6bfde7a60a4efa7ac13bc59ae003488be84d2f0c1e57ddb7f39""}","{""python"": ""3.12.10"", ""numpy"": ""2.5.1"", ""pandas"": ""3.0.3"", ""statsmodels"": ""0.14.6"", ""scipy"": ""1.18.0""}"
shard1,376001,132,"(376001, 132)",completed,,pooled (real draws),3f4c04e3b0cdcca44c63043566057eb9537182f5,"{""finite_shot_end_to_end.parquet"": ""22b5e761f461c6bfde7a60a4efa7ac13bc59ae003488be84d2f0c1e57ddb7f39""}","{""python"": ""3.12.10"", ""numpy"": ""2.5.1"", ""pandas"": ""3.0.3"", ""statsmodels"": ""0.14.6"", ""scipy"": ""1.18.0""}"
shard1,376001,133,"(376001, 133)",completed,,pooled (real draws),3f4c04e3b0cdcca44c63043566057eb9537182f5,"{""finite_shot_end_to_end.parquet"": ""22b5e761f461c6bfde7a60a4efa7ac13bc59ae003488be84d2f0c1e57ddb7f39""}","{""python"": ""3.12.10"", ""numpy"": ""2.5.1"", ""pandas"": ""3.0.3"", ""statsmodels"": ""0.14.6"", ""scipy"": ""1.18.0""}"
shard1,376001,134,"(376001, 134)",completed,,pooled (real draws),3f4c04e3b0cdcca44c63043566057eb9537182f5,"{""finite_shot_end_to_end.parquet"": ""22b5e761f461c6bfde7a60a4efa7ac13bc59ae003488be84d2f0c1e57ddb7f39""}","{""python"": ""3.12.10"", ""numpy"": ""2.5.1"", ""pandas"": ""3.0.3"", ""statsmodels"": ""0.14.6"", ""scipy"": ""1.18.0""}"
shard1,376001,135,"(376001, 135)",completed,,pooled (real draws),3f4c04e3b0cdcca44c63043566057eb9537182f5,"{""finite_shot_end_to_end.parquet"": ""22b5e761f461c6bfde7a60a4efa7ac13bc59ae003488be84d2f0c1e57ddb7f39""}","{""python"": ""3.12.10"", ""numpy"": ""2.5.1"", ""pandas"": ""3.0.3"", ""statsmodels"": ""0.14.6"", ""scipy"": ""1.18.0""}"
shard1,376001,136,"(376001, 136)",completed,,pooled (real draws),3f4c04e3b0cdcca44c63043566057eb9537182f5,"{""finite_shot_end_to_end.parquet"": ""22b5e761f461c6bfde7a60a4efa7ac13bc59ae003488be84d2f0c1e57ddb7f39""}","{""python"": ""3.12.10"", ""numpy"": ""2.5.1"", ""pandas"": ""3.0.3"", ""statsmodels"": ""0.14.6"", ""scipy"": ""1.18.0""}"
shard1,376001,137,"(376001, 137)",completed,,pooled (real draws),3f4c04e3b0cdcca44c63043566057eb9537182f5,"{""finite_shot_end_to_end.parquet"": ""22b5e761f461c6bfde7a60a4efa7ac13bc59ae003488be84d2f0c1e57ddb7f39""}","{""python"": ""3.12.10"", ""numpy"": ""2.5.1"", ""pandas"": ""3.0.3"", ""statsmodels"": ""0.14.6"", ""scipy"": ""1.18.0""}"
shard1,376001,138,"(376001, 138)",completed,,pooled (real draws),3f4c04e3b0cdcca44c63043566057eb9537182f5,"{""finite_shot_end_to_end.parquet"": ""22b5e761f461c6bfde7a60a4efa7ac13bc59ae003488be84d2f0c1e57ddb7f39""}","{""python"": ""3.12.10"", ""numpy"": ""2.5.1"", ""pandas"": ""3.0.3"", ""statsmodels"": ""0.14.6"", ""scipy"": ""1.18.0""}"
shard1,376001,139,"(376001, 139)",completed,,pooled (real draws),3f4c04e3b0cdcca44c63043566057eb9537182f5,"{""finite_shot_end_to_end.parquet"": ""22b5e761f461c6bfde7a60a4efa7ac13bc59ae003488be84d2f0c1e57ddb7f39""}","{""python"": ""3.12.10"", ""numpy"": ""2.5.1"", ""pandas"": ""3.0.3"", ""statsmodels"": ""0.14.6"", ""scipy"": ""1.18.0""}"
shard1,376001,140,"(376001, 140)",completed,,pooled (real draws),3f4c04e3b0cdcca44c63043566057eb9537182f5,"{""finite_shot_end_to_end.parquet"": ""22b5e761f461c6bfde7a60a4efa7ac13bc59ae003488be84d2f0c1e57ddb7f39""}","{""python"": ""3.12.10"", ""numpy"": ""2.5.1"", ""pandas"": ""3.0.3"", ""statsmodels"": ""0.14.6"", ""scipy"": ""1.18.0""}"
shard1,376001,141,"(376001, 141)",completed,,pooled (real draws),3f4c04e3b0cdcca44c63043566057eb9537182f5,"{""finite_shot_end_to_end.parquet"": ""22b5e761f461c6bfde7a60a4efa7ac13bc59ae003488be84d2f0c1e57ddb7f39""}","{""python"": ""3.12.10"", ""numpy"": ""2.5.1"", ""pandas"": ""3.0.3"", ""statsmodels"": ""0.14.6"", ""scipy"": ""1.18.0""}"
shard1,376001,142,"(376001, 142)",completed,,pooled (real draws),3f4c04e3b0cdcca44c63043566057eb9537182f5,"{""finite_shot_end_to_end.parquet"": ""22b5e761f461c6bfde7a60a4efa7ac13bc59ae003488be84d2f0c1e57ddb7f39""}","{""python"": ""3.12.10"", ""numpy"": ""2.5.1"", ""pandas"": ""3.0.3"", ""statsmodels"": ""0.14.6"", ""scipy"": ""1.18.0""}"
shard1,376001,143,"(376001, 143)",completed,,pooled (real draws),3f4c04e3b0cdcca44c63043566057eb9537182f5,"{""finite_shot_end_to_end.parquet"": ""22b5e761f461c6bfde7a60a4efa7ac13bc59ae003488be84d2f0c1e57ddb7f39""}","{""python"": ""3.12.10"", ""numpy"": ""2.5.1"", ""pandas"": ""3.0.3"", ""statsmodels"": ""0.14.6"", ""scipy"": ""1.18.0""}"
shard1,376001,144,"(376001, 144)",completed,,pooled (real draws),3f4c04e3b0cdcca44c63043566057eb9537182f5,"{""finite_shot_end_to_end.parquet"": ""22b5e761f461c6bfde7a60a4efa7ac13bc59ae003488be84d2f0c1e57ddb7f39""}","{""python"": ""3.12.10"", ""numpy"": ""2.5.1"", ""pandas"": ""3.0.3"", ""statsmodels"": ""0.14.6"", ""scipy"": ""1.18.0""}"
shard2,386001,0,"(386001, 0)",completed,,pooled (real draws),3f4c04e3b0cdcca44c63043566057eb9537182f5,"{""finite_shot_end_to_end.parquet"": ""22b5e761f461c6bfde7a60a4efa7ac13bc59ae003488be84d2f0c1e57ddb7f39""}","{""python"": ""3.12.10"", ""numpy"": ""2.5.1"", ""pandas"": ""3.0.3"", ""statsmodels"": ""0.14.6"", ""scipy"": ""1.18.0""}"
shard2,386001,1,"(386001, 1)",completed,,pooled (real draws),3f4c04e3b0cdcca44c63043566057eb9537182f5,"{""finite_shot_end_to_end.parquet"": ""22b5e761f461c6bfde7a60a4efa7ac13bc59ae003488be84d2f0c1e57ddb7f39""}","{""python"": ""3.12.10"", ""numpy"": ""2.5.1"", ""pandas"": ""3.0.3"", ""statsmodels"": ""0.14.6"", ""scipy"": ""1.18.0""}"
shard2,386001,2,"(386001, 2)",completed,,pooled (real draws),3f4c04e3b0cdcca44c63043566057eb9537182f5,"{""finite_shot_end_to_end.parquet"": ""22b5e761f461c6bfde7a60a4efa7ac13bc59ae003488be84d2f0c1e57ddb7f39""}","{""python"": ""3.12.10"", ""numpy"": ""2.5.1"", ""pandas"": ""3.0.3"", ""statsmodels"": ""0.14.6"", ""scipy"": ""1.18.0""}"
shard2,386001,3,"(386001, 3)",completed,,pooled (real draws),3f4c04e3b0cdcca44c63043566057eb9537182f5,"{""finite_shot_end_to_end.parquet"": ""22b5e761f461c6bfde7a60a4efa7ac13bc59ae003488be84d2f0c1e57ddb7f39""}","{""python"": ""3.12.10"", ""numpy"": ""2.5.1"", ""pandas"": ""3.0.3"", ""statsmodels"": ""0.14.6"", ""scipy"": ""1.18.0""}"
shard2,386001,4,"(386001, 4)",completed,,pooled (real draws),3f4c04e3b0cdcca44c63043566057eb9537182f5,"{""finite_shot_end_to_end.parquet"": ""22b5e761f461c6bfde7a60a4efa7ac13bc59ae003488be84d2f0c1e57ddb7f39""}","{""python"": ""3.12.10"", ""numpy"": ""2.5.1"", ""pandas"": ""3.0.3"", ""statsmodels"": ""0.14.6"", ""scipy"": ""1.18.0""}"
shard2,386001,5,"(386001, 5)",completed,,pooled (real draws),3f4c04e3b0cdcca44c63043566057eb9537182f5,"{""finite_shot_end_to_end.parquet"": ""22b5e761f461c6bfde7a60a4efa7ac13bc59ae003488be84d2f0c1e57ddb7f39""}","{""python"": ""3.12.10"", ""numpy"": ""2.5.1"", ""pandas"": ""3.0.3"", ""statsmodels"": ""0.14.6"", ""scipy"": ""1.18.0""}"
shard2,386001,6,"(386001, 6)",completed,,pooled (real draws),3f4c04e3b0cdcca44c63043566057eb9537182f5,"{""finite_shot_end_to_end.parquet"": ""22b5e761f461c6bfde7a60a4efa7ac13bc59ae003488be84d2f0c1e57ddb7f39""}","{""python"": ""3.12.10"", ""numpy"": ""2.5.1"", ""pandas"": ""3.0.3"", ""statsmodels"": ""0.14.6"", ""scipy"": ""1.18.0""}"
shard2,386001,7,"(386001, 7)",completed,,pooled (real draws),3f4c04e3b0cdcca44c63043566057eb9537182f5,"{""finite_shot_end_to_end.parquet"": ""22b5e761f461c6bfde7a60a4efa7ac13bc59ae003488be84d2f0c1e57ddb7f39""}","{""python"": ""3.12.10"", ""numpy"": ""2.5.1"", ""pandas"": ""3.0.3"", ""statsmodels"": ""0.14.6"", ""scipy"": ""1.18.0""}"
shard2,386001,8,"(386001, 8)",completed,,pooled (real draws),3f4c04e3b0cdcca44c63043566057eb9537182f5,"{""finite_shot_end_to_end.parquet"": ""22b5e761f461c6bfde7a60a4efa7ac13bc59ae003488be84d2f0c1e57ddb7f39""}","{""python"": ""3.12.10"", ""numpy"": ""2.5.1"", ""pandas"": ""3.0.3"", ""statsmodels"": ""0.14.6"", ""scipy"": ""1.18.0""}"
shard2,386001,9,"(386001, 9)",completed,,pooled (real draws),3f4c04e3b0cdcca44c63043566057eb9537182f5,"{""finite_shot_end_to_end.parquet"": ""22b5e761f461c6bfde7a60a4efa7ac13bc59ae003488be84d2f0c1e57ddb7f39""}","{""python"": ""3.12.10"", ""numpy"": ""2.5.1"", ""pandas"": ""3.0.3"", ""statsmodels"": ""0.14.6"", ""scipy"": ""1.18.0""}"
shard2,386001,10,"(386001, 10)",completed,,pooled (real draws),3f4c04e3b0cdcca44c63043566057eb9537182f5,"{""finite_shot_end_to_end.parquet"": ""22b5e761f461c6bfde7a60a4efa7ac13bc59ae003488be84d2f0c1e57ddb7f39""}","{""python"": ""3.12.10"", ""numpy"": ""2.5.1"", ""pandas"": ""3.0.3"", ""statsmodels"": ""0.14.6"", ""scipy"": ""1.18.0""}"
shard2,386001,11,"(386001, 11)",completed,,pooled (real draws),3f4c04e3b0cdcca44c63043566057eb9537182f5,"{""finite_shot_end_to_end.parquet"": ""22b5e761f461c6bfde7a60a4efa7ac13bc59ae003488be84d2f0c1e57ddb7f39""}","{""python"": ""3.12.10"", ""numpy"": ""2.5.1"", ""pandas"": ""3.0.3"", ""statsmodels"": ""0.14.6"", ""scipy"": ""1.18.0""}"
shard2,386001,12,"(386001, 12)",completed,,pooled (real draws),3f4c04e3b0cdcca44c63043566057eb9537182f5,"{""finite_shot_end_to_end.parquet"": ""22b5e761f461c6bfde7a60a4efa7ac13bc59ae003488be84d2f0c1e57ddb7f39""}","{""python"": ""3.12.10"", ""numpy"": ""2.5.1"", ""pandas"": ""3.0.3"", ""statsmodels"": ""0.14.6"", ""scipy"": ""1.18.0""}"
shard2,386001,13,"(386001, 13)",completed,,pooled (real draws),3f4c04e3b0cdcca44c63043566057eb9537182f5,"{""finite_shot_end_to_end.parquet"": ""22b5e761f461c6bfde7a60a4efa7ac13bc59ae003488be84d2f0c1e57ddb7f39""}","{""python"": ""3.12.10"", ""numpy"": ""2.5.1"", ""pandas"": ""3.0.3"", ""statsmodels"": ""0.14.6"", ""scipy"": ""1.18.0""}"
shard2,386001,14,"(386001, 14)",completed,,pooled (real draws),3f4c04e3b0cdcca44c63043566057eb9537182f5,"{""finite_shot_end_to_end.parquet"": ""22b5e761f461c6bfde7a60a4efa7ac13bc59ae003488be84d2f0c1e57ddb7f39""}","{""python"": ""3.12.10"", ""numpy"": ""2.5.1"", ""pandas"": ""3.0.3"", ""statsmodels"": ""0.14.6"", ""scipy"": ""1.18.0""}"
shard2,386001,15,"(386001, 15)",completed,,pooled (real draws),3f4c04e3b0cdcca44c63043566057eb9537182f5,"{""finite_shot_end_to_end.parquet"": ""22b5e761f461c6bfde7a60a4efa7ac13bc59ae003488be84d2f0c1e57ddb7f39""}","{""python"": ""3.12.10"", ""numpy"": ""2.5.1"", ""pandas"": ""3.0.3"", ""statsmodels"": ""0.14.6"", ""scipy"": ""1.18.0""}"
shard2,386001,16,"(386001, 16)",completed,,pooled (real draws),3f4c04e3b0cdcca44c63043566057eb9537182f5,"{""finite_shot_end_to_end.parquet"": ""22b5e761f461c6bfde7a60a4efa7ac13bc59ae003488be84d2f0c1e57ddb7f39""}","{""python"": ""3.12.10"", ""numpy"": ""2.5.1"", ""pandas"": ""3.0.3"", ""statsmodels"": ""0.14.6"", ""scipy"": ""1.18.0""}"
shard2,386001,17,"(386001, 17)",completed,,pooled (real draws),3f4c04e3b0cdcca44c63043566057eb9537182f5,"{""finite_shot_end_to_end.parquet"": ""22b5e761f461c6bfde7a60a4efa7ac13bc59ae003488be84d2f0c1e57ddb7f39""}","{""python"": ""3.12.10"", ""numpy"": ""2.5.1"", ""pandas"": ""3.0.3"", ""statsmodels"": ""0.14.6"", ""scipy"": ""1.18.0""}"
shard2,386001,18,"(386001, 18)",completed,,pooled (real draws),3f4c04e3b0cdcca44c63043566057eb9537182f5,"{""finite_shot_end_to_end.parquet"": ""22b5e761f461c6bfde7a60a4efa7ac13bc59ae003488be84d2f0c1e57ddb7f39""}","{""python"": ""3.12.10"", ""numpy"": ""2.5.1"", ""pandas"": ""3.0.3"", ""statsmodels"": ""0.14.6"", ""scipy"": ""1.18.0""}"
shard2,386001,19,"(386001, 19)",completed,,pooled (real draws),3f4c04e3b0cdcca44c63043566057eb9537182f5,"{""finite_shot_end_to_end.parquet"": ""22b5e761f461c6bfde7a60a4efa7ac13bc59ae003488be84d2f0c1e57ddb7f39""}","{""python"": ""3.12.10"", ""numpy"": ""2.5.1"", ""pandas"": ""3.0.3"", ""statsmodels"": ""0.14.6"", ""scipy"": ""1.18.0""}"
shard2,386001,20,"(386001, 20)",completed,,pooled (real draws),3f4c04e3b0cdcca44c63043566057eb9537182f5,"{""finite_shot_end_to_end.parquet"": ""22b5e761f461c6bfde7a60a4efa7ac13bc59ae003488be84d2f0c1e57ddb7f39""}","{""python"": ""3.12.10"", ""numpy"": ""2.5.1"", ""pandas"": ""3.0.3"", ""statsmodels"": ""0.14.6"", ""scipy"": ""1.18.0""}"
shard2,386001,21,"(386001, 21)",completed,,pooled (real draws),3f4c04e3b0cdcca44c63043566057eb9537182f5,"{""finite_shot_end_to_end.parquet"": ""22b5e761f461c6bfde7a60a4efa7ac13bc59ae003488be84d2f0c1e57ddb7f39""}","{""python"": ""3.12.10"", ""numpy"": ""2.5.1"", ""pandas"": ""3.0.3"", ""statsmodels"": ""0.14.6"", ""scipy"": ""1.18.0""}"
shard2,386001,22,"(386001, 22)",completed,,pooled (real draws),3f4c04e3b0cdcca44c63043566057eb9537182f5,"{""finite_shot_end_to_end.parquet"": ""22b5e761f461c6bfde7a60a4efa7ac13bc59ae003488be84d2f0c1e57ddb7f39""}","{""python"": ""3.12.10"", ""numpy"": ""2.5.1"", ""pandas"": ""3.0.3"", ""statsmodels"": ""0.14.6"", ""scipy"": ""1.18.0""}"
shard2,386001,23,"(386001, 23)",completed,,pooled (real draws),3f4c04e3b0cdcca44c63043566057eb9537182f5,"{""finite_shot_end_to_end.parquet"": ""22b5e761f461c6bfde7a60a4efa7ac13bc59ae003488be84d2f0c1e57ddb7f39""}","{""python"": ""3.12.10"", ""numpy"": ""2.5.1"", ""pandas"": ""3.0.3"", ""statsmodels"": ""0.14.6"", ""scipy"": ""1.18.0""}"
shard2,386001,24,"(386001, 24)",completed,,pooled (real draws),3f4c04e3b0cdcca44c63043566057eb9537182f5,"{""finite_shot_end_to_end.parquet"": ""22b5e761f461c6bfde7a60a4efa7ac13bc59ae003488be84d2f0c1e57ddb7f39""}","{""python"": ""3.12.10"", ""numpy"": ""2.5.1"", ""pandas"": ""3.0.3"", ""statsmodels"": ""0.14.6"", ""scipy"": ""1.18.0""}"
shard2,386001,25,"(386001, 25)",completed,,pooled (real draws),3f4c04e3b0cdcca44c63043566057eb9537182f5,"{""finite_shot_end_to_end.parquet"": ""22b5e761f461c6bfde7a60a4efa7ac13bc59ae003488be84d2f0c1e57ddb7f39""}","{""python"": ""3.12.10"", ""numpy"": ""2.5.1"", ""pandas"": ""3.0.3"", ""statsmodels"": ""0.14.6"", ""scipy"": ""1.18.0""}"
shard2,386001,26,"(386001, 26)",completed,,pooled (real draws),3f4c04e3b0cdcca44c63043566057eb9537182f5,"{""finite_shot_end_to_end.parquet"": ""22b5e761f461c6bfde7a60a4efa7ac13bc59ae003488be84d2f0c1e57ddb7f39""}","{""python"": ""3.12.10"", ""numpy"": ""2.5.1"", ""pandas"": ""3.0.3"", ""statsmodels"": ""0.14.6"", ""scipy"": ""1.18.0""}"
shard2,386001,27,"(386001, 27)",completed,,pooled (real draws),3f4c04e3b0cdcca44c63043566057eb9537182f5,"{""finite_shot_end_to_end.parquet"": ""22b5e761f461c6bfde7a60a4efa7ac13bc59ae003488be84d2f0c1e57ddb7f39""}","{""python"": ""3.12.10"", ""numpy"": ""2.5.1"", ""pandas"": ""3.0.3"", ""statsmodels"": ""0.14.6"", ""scipy"": ""1.18.0""}"
shard2,386001,28,"(386001, 28)",completed,,pooled (real draws),3f4c04e3b0cdcca44c63043566057eb9537182f5,"{""finite_shot_end_to_end.parquet"": ""22b5e761f461c6bfde7a60a4efa7ac13bc59ae003488be84d2f0c1e57ddb7f39""}","{""python"": ""3.12.10"", ""numpy"": ""2.5.1"", ""pandas"": ""3.0.3"", ""statsmodels"": ""0.14.6"", ""scipy"": ""1.18.0""}"
shard2,386001,29,"(386001, 29)",completed,,pooled (real draws),3f4c04e3b0cdcca44c63043566057eb9537182f5,"{""finite_shot_end_to_end.parquet"": ""22b5e761f461c6bfde7a60a4efa7ac13bc59ae003488be84d2f0c1e57ddb7f39""}","{""python"": ""3.12.10"", ""numpy"": ""2.5.1"", ""pandas"": ""3.0.3"", ""statsmodels"": ""0.14.6"", ""scipy"": ""1.18.0""}"
shard2,386001,30,"(386001, 30)",completed,,pooled (real draws),3f4c04e3b0cdcca44c63043566057eb9537182f5,"{""finite_shot_end_to_end.parquet"": ""22b5e761f461c6bfde7a60a4efa7ac13bc59ae003488be84d2f0c1e57ddb7f39""}","{""python"": ""3.12.10"", ""numpy"": ""2.5.1"", ""pandas"": ""3.0.3"", ""statsmodels"": ""0.14.6"", ""scipy"": ""1.18.0""}"
shard2,386001,31,"(386001, 31)",completed,,pooled (real draws),3f4c04e3b0cdcca44c63043566057eb9537182f5,"{""finite_shot_end_to_end.parquet"": ""22b5e761f461c6bfde7a60a4efa7ac13bc59ae003488be84d2f0c1e57ddb7f39""}","{""python"": ""3.12.10"", ""numpy"": ""2.5.1"", ""pandas"": ""3.0.3"", ""statsmodels"": ""0.14.6"", ""scipy"": ""1.18.0""}"
shard2,386001,32,"(386001, 32)",completed,,pooled (real draws),3f4c04e3b0cdcca44c63043566057eb9537182f5,"{""finite_shot_end_to_end.parquet"": ""22b5e761f461c6bfde7a60a4efa7ac13bc59ae003488be84d2f0c1e57ddb7f39""}","{""python"": ""3.12.10"", ""numpy"": ""2.5.1"", ""pandas"": ""3.0.3"", ""statsmodels"": ""0.14.6"", ""scipy"": ""1.18.0""}"
shard2,386001,33,"(386001, 33)",completed,,pooled (real draws),3f4c04e3b0cdcca44c63043566057eb9537182f5,"{""finite_shot_end_to_end.parquet"": ""22b5e761f461c6bfde7a60a4efa7ac13bc59ae003488be84d2f0c1e57ddb7f39""}","{""python"": ""3.12.10"", ""numpy"": ""2.5.1"", ""pandas"": ""3.0.3"", ""statsmodels"": ""0.14.6"", ""scipy"": ""1.18.0""}"
shard2,386001,34,"(386001, 34)",completed,,pooled (real draws),3f4c04e3b0cdcca44c63043566057eb9537182f5,"{""finite_shot_end_to_end.parquet"": ""22b5e761f461c6bfde7a60a4efa7ac13bc59ae003488be84d2f0c1e57ddb7f39""}","{""python"": ""3.12.10"", ""numpy"": ""2.5.1"", ""pandas"": ""3.0.3"", ""statsmodels"": ""0.14.6"", ""scipy"": ""1.18.0""}"
shard2,386001,35,"(386001, 35)",completed,,pooled (real draws),3f4c04e3b0cdcca44c63043566057eb9537182f5,"{""finite_shot_end_to_end.parquet"": ""22b5e761f461c6bfde7a60a4efa7ac13bc59ae003488be84d2f0c1e57ddb7f39""}","{""python"": ""3.12.10"", ""numpy"": ""2.5.1"", ""pandas"": ""3.0.3"", ""statsmodels"": ""0.14.6"", ""scipy"": ""1.18.0""}"
shard2,386001,36,"(386001, 36)",completed,,pooled (real draws),3f4c04e3b0cdcca44c63043566057eb9537182f5,"{""finite_shot_end_to_end.parquet"": ""22b5e761f461c6bfde7a60a4efa7ac13bc59ae003488be84d2f0c1e57ddb7f39""}","{""python"": ""3.12.10"", ""numpy"": ""2.5.1"", ""pandas"": ""3.0.3"", ""statsmodels"": ""0.14.6"", ""scipy"": ""1.18.0""}"
shard2,386001,37,"(386001, 37)",completed,,pooled (real draws),3f4c04e3b0cdcca44c63043566057eb9537182f5,"{""finite_shot_end_to_end.parquet"": ""22b5e761f461c6bfde7a60a4efa7ac13bc59ae003488be84d2f0c1e57ddb7f39""}","{""python"": ""3.12.10"", ""numpy"": ""2.5.1"", ""pandas"": ""3.0.3"", ""statsmodels"": ""0.14.6"", ""scipy"": ""1.18.0""}"
shard2,386001,38,"(386001, 38)",completed,,pooled (real draws),3f4c04e3b0cdcca44c63043566057eb9537182f5,"{""finite_shot_end_to_end.parquet"": ""22b5e761f461c6bfde7a60a4efa7ac13bc59ae003488be84d2f0c1e57ddb7f39""}","{""python"": ""3.12.10"", ""numpy"": ""2.5.1"", ""pandas"": ""3.0.3"", ""statsmodels"": ""0.14.6"", ""scipy"": ""1.18.0""}"
shard2,386001,39,"(386001, 39)",completed,,pooled (real draws),3f4c04e3b0cdcca44c63043566057eb9537182f5,"{""finite_shot_end_to_end.parquet"": ""22b5e761f461c6bfde7a60a4efa7ac13bc59ae003488be84d2f0c1e57ddb7f39""}","{""python"": ""3.12.10"", ""numpy"": ""2.5.1"", ""pandas"": ""3.0.3"", ""statsmodels"": ""0.14.6"", ""scipy"": ""1.18.0""}"
shard2,386001,40,"(386001, 40)",completed,,pooled (real draws),3f4c04e3b0cdcca44c63043566057eb9537182f5,"{""finite_shot_end_to_end.parquet"": ""22b5e761f461c6bfde7a60a4efa7ac13bc59ae003488be84d2f0c1e57ddb7f39""}","{""python"": ""3.12.10"", ""numpy"": ""2.5.1"", ""pandas"": ""3.0.3"", ""statsmodels"": ""0.14.6"", ""scipy"": ""1.18.0""}"
shard2,386001,41,"(386001, 41)",completed,,pooled (real draws),3f4c04e3b0cdcca44c63043566057eb9537182f5,"{""finite_shot_end_to_end.parquet"": ""22b5e761f461c6bfde7a60a4efa7ac13bc59ae003488be84d2f0c1e57ddb7f39""}","{""python"": ""3.12.10"", ""numpy"": ""2.5.1"", ""pandas"": ""3.0.3"", ""statsmodels"": ""0.14.6"", ""scipy"": ""1.18.0""}"
shard2,386001,42,"(386001, 42)",completed,,pooled (real draws),3f4c04e3b0cdcca44c63043566057eb9537182f5,"{""finite_shot_end_to_end.parquet"": ""22b5e761f461c6bfde7a60a4efa7ac13bc59ae003488be84d2f0c1e57ddb7f39""}","{""python"": ""3.12.10"", ""numpy"": ""2.5.1"", ""pandas"": ""3.0.3"", ""statsmodels"": ""0.14.6"", ""scipy"": ""1.18.0""}"
shard2,386001,43,"(386001, 43)",completed,,pooled (real draws),3f4c04e3b0cdcca44c63043566057eb9537182f5,"{""finite_shot_end_to_end.parquet"": ""22b5e761f461c6bfde7a60a4efa7ac13bc59ae003488be84d2f0c1e57ddb7f39""}","{""python"": ""3.12.10"", ""numpy"": ""2.5.1"", ""pandas"": ""3.0.3"", ""statsmodels"": ""0.14.6"", ""scipy"": ""1.18.0""}"
shard2,386001,44,"(386001, 44)",completed,,pooled (real draws),3f4c04e3b0cdcca44c63043566057eb9537182f5,"{""finite_shot_end_to_end.parquet"": ""22b5e761f461c6bfde7a60a4efa7ac13bc59ae003488be84d2f0c1e57ddb7f39""}","{""python"": ""3.12.10"", ""numpy"": ""2.5.1"", ""pandas"": ""3.0.3"", ""statsmodels"": ""0.14.6"", ""scipy"": ""1.18.0""}"
shard2,386001,45,"(386001, 45)",completed,,pooled (real draws),3f4c04e3b0cdcca44c63043566057eb9537182f5,"{""finite_shot_end_to_end.parquet"": ""22b5e761f461c6bfde7a60a4efa7ac13bc59ae003488be84d2f0c1e57ddb7f39""}","{""python"": ""3.12.10"", ""numpy"": ""2.5.1"", ""pandas"": ""3.0.3"", ""statsmodels"": ""0.14.6"", ""scipy"": ""1.18.0""}"
shard2,386001,46,"(386001, 46)",completed,,pooled (real draws),3f4c04e3b0cdcca44c63043566057eb9537182f5,"{""finite_shot_end_to_end.parquet"": ""22b5e761f461c6bfde7a60a4efa7ac13bc59ae003488be84d2f0c1e57ddb7f39""}","{""python"": ""3.12.10"", ""numpy"": ""2.5.1"", ""pandas"": ""3.0.3"", ""statsmodels"": ""0.14.6"", ""scipy"": ""1.18.0""}"
shard2,386001,47,"(386001, 47)",completed,,pooled (real draws),3f4c04e3b0cdcca44c63043566057eb9537182f5,"{""finite_shot_end_to_end.parquet"": ""22b5e761f461c6bfde7a60a4efa7ac13bc59ae003488be84d2f0c1e57ddb7f39""}","{""python"": ""3.12.10"", ""numpy"": ""2.5.1"", ""pandas"": ""3.0.3"", ""statsmodels"": ""0.14.6"", ""scipy"": ""1.18.0""}"
shard2,386001,48,"(386001, 48)",completed,,pooled (real draws),3f4c04e3b0cdcca44c63043566057eb9537182f5,"{""finite_shot_end_to_end.parquet"": ""22b5e761f461c6bfde7a60a4efa7ac13bc59ae003488be84d2f0c1e57ddb7f39""}","{""python"": ""3.12.10"", ""numpy"": ""2.5.1"", ""pandas"": ""3.0.3"", ""statsmodels"": ""0.14.6"", ""scipy"": ""1.18.0""}"
shard2,386001,49,"(386001, 49)",completed,,pooled (real draws),3f4c04e3b0cdcca44c63043566057eb9537182f5,"{""finite_shot_end_to_end.parquet"": ""22b5e761f461c6bfde7a60a4efa7ac13bc59ae003488be84d2f0c1e57ddb7f39""}","{""python"": ""3.12.10"", ""numpy"": ""2.5.1"", ""pandas"": ""3.0.3"", ""statsmodels"": ""0.14.6"", ""scipy"": ""1.18.0""}"
shard2,386001,50,"(386001, 50)",completed,,pooled (real draws),3f4c04e3b0cdcca44c63043566057eb9537182f5,"{""finite_shot_end_to_end.parquet"": ""22b5e761f461c6bfde7a60a4efa7ac13bc59ae003488be84d2f0c1e57ddb7f39""}","{""python"": ""3.12.10"", ""numpy"": ""2.5.1"", ""pandas"": ""3.0.3"", ""statsmodels"": ""0.14.6"", ""scipy"": ""1.18.0""}"
shard2,386001,51,"(386001, 51)",completed,,pooled (real draws),3f4c04e3b0cdcca44c63043566057eb9537182f5,"{""finite_shot_end_to_end.parquet"": ""22b5e761f461c6bfde7a60a4efa7ac13bc59ae003488be84d2f0c1e57ddb7f39""}","{""python"": ""3.12.10"", ""numpy"": ""2.5.1"", ""pandas"": ""3.0.3"", ""statsmodels"": ""0.14.6"", ""scipy"": ""1.18.0""}"
shard2,386001,52,"(386001, 52)",completed,,pooled (real draws),3f4c04e3b0cdcca44c63043566057eb9537182f5,"{""finite_shot_end_to_end.parquet"": ""22b5e761f461c6bfde7a60a4efa7ac13bc59ae003488be84d2f0c1e57ddb7f39""}","{""python"": ""3.12.10"", ""numpy"": ""2.5.1"", ""pandas"": ""3.0.3"", ""statsmodels"": ""0.14.6"", ""scipy"": ""1.18.0""}"
shard2,386001,53,"(386001, 53)",completed,,pooled (real draws),3f4c04e3b0cdcca44c63043566057eb9537182f5,"{""finite_shot_end_to_end.parquet"": ""22b5e761f461c6bfde7a60a4efa7ac13bc59ae003488be84d2f0c1e57ddb7f39""}","{""python"": ""3.12.10"", ""numpy"": ""2.5.1"", ""pandas"": ""3.0.3"", ""statsmodels"": ""0.14.6"", ""scipy"": ""1.18.0""}"
shard2,386001,54,"(386001, 54)",completed,,pooled (real draws),3f4c04e3b0cdcca44c63043566057eb9537182f5,"{""finite_shot_end_to_end.parquet"": ""22b5e761f461c6bfde7a60a4efa7ac13bc59ae003488be84d2f0c1e57ddb7f39""}","{""python"": ""3.12.10"", ""numpy"": ""2.5.1"", ""pandas"": ""3.0.3"", ""statsmodels"": ""0.14.6"", ""scipy"": ""1.18.0""}"
shard2,386001,55,"(386001, 55)",completed,,pooled (real draws),3f4c04e3b0cdcca44c63043566057eb9537182f5,"{""finite_shot_end_to_end.parquet"": ""22b5e761f461c6bfde7a60a4efa7ac13bc59ae003488be84d2f0c1e57ddb7f39""}","{""python"": ""3.12.10"", ""numpy"": ""2.5.1"", ""pandas"": ""3.0.3"", ""statsmodels"": ""0.14.6"", ""scipy"": ""1.18.0""}"
shard2,386001,56,"(386001, 56)",completed,,pooled (real draws),3f4c04e3b0cdcca44c63043566057eb9537182f5,"{""finite_shot_end_to_end.parquet"": ""22b5e761f461c6bfde7a60a4efa7ac13bc59ae003488be84d2f0c1e57ddb7f39""}","{""python"": ""3.12.10"", ""numpy"": ""2.5.1"", ""pandas"": ""3.0.3"", ""statsmodels"": ""0.14.6"", ""scipy"": ""1.18.0""}"
shard2,386001,57,"(386001, 57)",completed,,pooled (real draws),3f4c04e3b0cdcca44c63043566057eb9537182f5,"{""finite_shot_end_to_end.parquet"": ""22b5e761f461c6bfde7a60a4efa7ac13bc59ae003488be84d2f0c1e57ddb7f39""}","{""python"": ""3.12.10"", ""numpy"": ""2.5.1"", ""pandas"": ""3.0.3"", ""statsmodels"": ""0.14.6"", ""scipy"": ""1.18.0""}"
shard2,386001,58,"(386001, 58)",completed,,pooled (real draws),3f4c04e3b0cdcca44c63043566057eb9537182f5,"{""finite_shot_end_to_end.parquet"": ""22b5e761f461c6bfde7a60a4efa7ac13bc59ae003488be84d2f0c1e57ddb7f39""}","{""python"": ""3.12.10"", ""numpy"": ""2.5.1"", ""pandas"": ""3.0.3"", ""statsmodels"": ""0.14.6"", ""scipy"": ""1.18.0""}"
shard2,386001,59,"(386001, 59)",completed,,pooled (real draws),3f4c04e3b0cdcca44c63043566057eb9537182f5,"{""finite_shot_end_to_end.parquet"": ""22b5e761f461c6bfde7a60a4efa7ac13bc59ae003488be84d2f0c1e57ddb7f39""}","{""python"": ""3.12.10"", ""numpy"": ""2.5.1"", ""pandas"": ""3.0.3"", ""statsmodels"": ""0.14.6"", ""scipy"": ""1.18.0""}"
shard2,386001,60,"(386001, 60)",completed,,pooled (real draws),3f4c04e3b0cdcca44c63043566057eb9537182f5,"{""finite_shot_end_to_end.parquet"": ""22b5e761f461c6bfde7a60a4efa7ac13bc59ae003488be84d2f0c1e57ddb7f39""}","{""python"": ""3.12.10"", ""numpy"": ""2.5.1"", ""pandas"": ""3.0.3"", ""statsmodels"": ""0.14.6"", ""scipy"": ""1.18.0""}"
shard2,386001,61,"(386001, 61)",completed,,pooled (real draws),3f4c04e3b0cdcca44c63043566057eb9537182f5,"{""finite_shot_end_to_end.parquet"": ""22b5e761f461c6bfde7a60a4efa7ac13bc59ae003488be84d2f0c1e57ddb7f39""}","{""python"": ""3.12.10"", ""numpy"": ""2.5.1"", ""pandas"": ""3.0.3"", ""statsmodels"": ""0.14.6"", ""scipy"": ""1.18.0""}"
shard2,386001,62,"(386001, 62)",completed,,pooled (real draws),3f4c04e3b0cdcca44c63043566057eb9537182f5,"{""finite_shot_end_to_end.parquet"": ""22b5e761f461c6bfde7a60a4efa7ac13bc59ae003488be84d2f0c1e57ddb7f39""}","{""python"": ""3.12.10"", ""numpy"": ""2.5.1"", ""pandas"": ""3.0.3"", ""statsmodels"": ""0.14.6"", ""scipy"": ""1.18.0""}"
shard2,386001,63,"(386001, 63)",completed,,pooled (real draws),3f4c04e3b0cdcca44c63043566057eb9537182f5,"{""finite_shot_end_to_end.parquet"": ""22b5e761f461c6bfde7a60a4efa7ac13bc59ae003488be84d2f0c1e57ddb7f39""}","{""python"": ""3.12.10"", ""numpy"": ""2.5.1"", ""pandas"": ""3.0.3"", ""statsmodels"": ""0.14.6"", ""scipy"": ""1.18.0""}"
shard2,386001,64,"(386001, 64)",completed,,pooled (real draws),3f4c04e3b0cdcca44c63043566057eb9537182f5,"{""finite_shot_end_to_end.parquet"": ""22b5e761f461c6bfde7a60a4efa7ac13bc59ae003488be84d2f0c1e57ddb7f39""}","{""python"": ""3.12.10"", ""numpy"": ""2.5.1"", ""pandas"": ""3.0.3"", ""statsmodels"": ""0.14.6"", ""scipy"": ""1.18.0""}"
shard2,386001,65,"(386001, 65)",completed,,pooled (real draws),3f4c04e3b0cdcca44c63043566057eb9537182f5,"{""finite_shot_end_to_end.parquet"": ""22b5e761f461c6bfde7a60a4efa7ac13bc59ae003488be84d2f0c1e57ddb7f39""}","{""python"": ""3.12.10"", ""numpy"": ""2.5.1"", ""pandas"": ""3.0.3"", ""statsmodels"": ""0.14.6"", ""scipy"": ""1.18.0""}"
shard2,386001,66,"(386001, 66)",completed,,pooled (real draws),3f4c04e3b0cdcca44c63043566057eb9537182f5,"{""finite_shot_end_to_end.parquet"": ""22b5e761f461c6bfde7a60a4efa7ac13bc59ae003488be84d2f0c1e57ddb7f39""}","{""python"": ""3.12.10"", ""numpy"": ""2.5.1"", ""pandas"": ""3.0.3"", ""statsmodels"": ""0.14.6"", ""scipy"": ""1.18.0""}"
shard2,386001,67,"(386001, 67)",completed,,pooled (real draws),3f4c04e3b0cdcca44c63043566057eb9537182f5,"{""finite_shot_end_to_end.parquet"": ""22b5e761f461c6bfde7a60a4efa7ac13bc59ae003488be84d2f0c1e57ddb7f39""}","{""python"": ""3.12.10"", ""numpy"": ""2.5.1"", ""pandas"": ""3.0.3"", ""statsmodels"": ""0.14.6"", ""scipy"": ""1.18.0""}"
shard2,386001,68,"(386001, 68)",completed,,pooled (real draws),3f4c04e3b0cdcca44c63043566057eb9537182f5,"{""finite_shot_end_to_end.parquet"": ""22b5e761f461c6bfde7a60a4efa7ac13bc59ae003488be84d2f0c1e57ddb7f39""}","{""python"": ""3.12.10"", ""numpy"": ""2.5.1"", ""pandas"": ""3.0.3"", ""statsmodels"": ""0.14.6"", ""scipy"": ""1.18.0""}"
shard2,386001,69,"(386001, 69)",completed,,pooled (real draws),3f4c04e3b0cdcca44c63043566057eb9537182f5,"{""finite_shot_end_to_end.parquet"": ""22b5e761f461c6bfde7a60a4efa7ac13bc59ae003488be84d2f0c1e57ddb7f39""}","{""python"": ""3.12.10"", ""numpy"": ""2.5.1"", ""pandas"": ""3.0.3"", ""statsmodels"": ""0.14.6"", ""scipy"": ""1.18.0""}"
shard2,386001,70,"(386001, 70)",completed,,pooled (real draws),3f4c04e3b0cdcca44c63043566057eb9537182f5,"{""finite_shot_end_to_end.parquet"": ""22b5e761f461c6bfde7a60a4efa7ac13bc59ae003488be84d2f0c1e57ddb7f39""}","{""python"": ""3.12.10"", ""numpy"": ""2.5.1"", ""pandas"": ""3.0.3"", ""statsmodels"": ""0.14.6"", ""scipy"": ""1.18.0""}"
shard2,386001,71,"(386001, 71)",completed,,pooled (real draws),3f4c04e3b0cdcca44c63043566057eb9537182f5,"{""finite_shot_end_to_end.parquet"": ""22b5e761f461c6bfde7a60a4efa7ac13bc59ae003488be84d2f0c1e57ddb7f39""}","{""python"": ""3.12.10"", ""numpy"": ""2.5.1"", ""pandas"": ""3.0.3"", ""statsmodels"": ""0.14.6"", ""scipy"": ""1.18.0""}"
shard2,386001,72,"(386001, 72)",completed,,pooled (real draws),3f4c04e3b0cdcca44c63043566057eb9537182f5,"{""finite_shot_end_to_end.parquet"": ""22b5e761f461c6bfde7a60a4efa7ac13bc59ae003488be84d2f0c1e57ddb7f39""}","{""python"": ""3.12.10"", ""numpy"": ""2.5.1"", ""pandas"": ""3.0.3"", ""statsmodels"": ""0.14.6"", ""scipy"": ""1.18.0""}"
shard2,386001,73,"(386001, 73)",completed,,pooled (real draws),3f4c04e3b0cdcca44c63043566057eb9537182f5,"{""finite_shot_end_to_end.parquet"": ""22b5e761f461c6bfde7a60a4efa7ac13bc59ae003488be84d2f0c1e57ddb7f39""}","{""python"": ""3.12.10"", ""numpy"": ""2.5.1"", ""pandas"": ""3.0.3"", ""statsmodels"": ""0.14.6"", ""scipy"": ""1.18.0""}"
shard2,386001,74,"(386001, 74)",completed,,pooled (real draws),3f4c04e3b0cdcca44c63043566057eb9537182f5,"{""finite_shot_end_to_end.parquet"": ""22b5e761f461c6bfde7a60a4efa7ac13bc59ae003488be84d2f0c1e57ddb7f39""}","{""python"": ""3.12.10"", ""numpy"": ""2.5.1"", ""pandas"": ""3.0.3"", ""statsmodels"": ""0.14.6"", ""scipy"": ""1.18.0""}"
shard2,386001,75,"(386001, 75)",completed,,pooled (real draws),3f4c04e3b0cdcca44c63043566057eb9537182f5,"{""finite_shot_end_to_end.parquet"": ""22b5e761f461c6bfde7a60a4efa7ac13bc59ae003488be84d2f0c1e57ddb7f39""}","{""python"": ""3.12.10"", ""numpy"": ""2.5.1"", ""pandas"": ""3.0.3"", ""statsmodels"": ""0.14.6"", ""scipy"": ""1.18.0""}"
shard2,386001,76,"(386001, 76)",completed,,pooled (real draws),3f4c04e3b0cdcca44c63043566057eb9537182f5,"{""finite_shot_end_to_end.parquet"": ""22b5e761f461c6bfde7a60a4efa7ac13bc59ae003488be84d2f0c1e57ddb7f39""}","{""python"": ""3.12.10"", ""numpy"": ""2.5.1"", ""pandas"": ""3.0.3"", ""statsmodels"": ""0.14.6"", ""scipy"": ""1.18.0""}"
shard2,386001,77,"(386001, 77)",completed,,pooled (real draws),3f4c04e3b0cdcca44c63043566057eb9537182f5,"{""finite_shot_end_to_end.parquet"": ""22b5e761f461c6bfde7a60a4efa7ac13bc59ae003488be84d2f0c1e57ddb7f39""}","{""python"": ""3.12.10"", ""numpy"": ""2.5.1"", ""pandas"": ""3.0.3"", ""statsmodels"": ""0.14.6"", ""scipy"": ""1.18.0""}"
shard2,386001,78,"(386001, 78)",completed,,pooled (real draws),3f4c04e3b0cdcca44c63043566057eb9537182f5,"{""finite_shot_end_to_end.parquet"": ""22b5e761f461c6bfde7a60a4efa7ac13bc59ae003488be84d2f0c1e57ddb7f39""}","{""python"": ""3.12.10"", ""numpy"": ""2.5.1"", ""pandas"": ""3.0.3"", ""statsmodels"": ""0.14.6"", ""scipy"": ""1.18.0""}"
shard2,386001,79,"(386001, 79)",completed,,pooled (real draws),3f4c04e3b0cdcca44c63043566057eb9537182f5,"{""finite_shot_end_to_end.parquet"": ""22b5e761f461c6bfde7a60a4efa7ac13bc59ae003488be84d2f0c1e57ddb7f39""}","{""python"": ""3.12.10"", ""numpy"": ""2.5.1"", ""pandas"": ""3.0.3"", ""statsmodels"": ""0.14.6"", ""scipy"": ""1.18.0""}"
shard2,386001,80,"(386001, 80)",completed,,pooled (real draws),3f4c04e3b0cdcca44c63043566057eb9537182f5,"{""finite_shot_end_to_end.parquet"": ""22b5e761f461c6bfde7a60a4efa7ac13bc59ae003488be84d2f0c1e57ddb7f39""}","{""python"": ""3.12.10"", ""numpy"": ""2.5.1"", ""pandas"": ""3.0.3"", ""statsmodels"": ""0.14.6"", ""scipy"": ""1.18.0""}"
shard2,386001,81,"(386001, 81)",completed,,pooled (real draws),3f4c04e3b0cdcca44c63043566057eb9537182f5,"{""finite_shot_end_to_end.parquet"": ""22b5e761f461c6bfde7a60a4efa7ac13bc59ae003488be84d2f0c1e57ddb7f39""}","{""python"": ""3.12.10"", ""numpy"": ""2.5.1"", ""pandas"": ""3.0.3"", ""statsmodels"": ""0.14.6"", ""scipy"": ""1.18.0""}"
shard2,386001,82,"(386001, 82)",completed,,pooled (real draws),3f4c04e3b0cdcca44c63043566057eb9537182f5,"{""finite_shot_end_to_end.parquet"": ""22b5e761f461c6bfde7a60a4efa7ac13bc59ae003488be84d2f0c1e57ddb7f39""}","{""python"": ""3.12.10"", ""numpy"": ""2.5.1"", ""pandas"": ""3.0.3"", ""statsmodels"": ""0.14.6"", ""scipy"": ""1.18.0""}"
shard2,386001,83,"(386001, 83)",completed,,pooled (real draws),3f4c04e3b0cdcca44c63043566057eb9537182f5,"{""finite_shot_end_to_end.parquet"": ""22b5e761f461c6bfde7a60a4efa7ac13bc59ae003488be84d2f0c1e57ddb7f39""}","{""python"": ""3.12.10"", ""numpy"": ""2.5.1"", ""pandas"": ""3.0.3"", ""statsmodels"": ""0.14.6"", ""scipy"": ""1.18.0""}"
shard2,386001,84,"(386001, 84)",completed,,pooled (real draws),3f4c04e3b0cdcca44c63043566057eb9537182f5,"{""finite_shot_end_to_end.parquet"": ""22b5e761f461c6bfde7a60a4efa7ac13bc59ae003488be84d2f0c1e57ddb7f39""}","{""python"": ""3.12.10"", ""numpy"": ""2.5.1"", ""pandas"": ""3.0.3"", ""statsmodels"": ""0.14.6"", ""scipy"": ""1.18.0""}"
shard2,386001,85,"(386001, 85)",completed,,pooled (real draws),3f4c04e3b0cdcca44c63043566057eb9537182f5,"{""finite_shot_end_to_end.parquet"": ""22b5e761f461c6bfde7a60a4efa7ac13bc59ae003488be84d2f0c1e57ddb7f39""}","{""python"": ""3.12.10"", ""numpy"": ""2.5.1"", ""pandas"": ""3.0.3"", ""statsmodels"": ""0.14.6"", ""scipy"": ""1.18.0""}"
shard2,386001,86,"(386001, 86)",completed,,pooled (real draws),3f4c04e3b0cdcca44c63043566057eb9537182f5,"{""finite_shot_end_to_end.parquet"": ""22b5e761f461c6bfde7a60a4efa7ac13bc59ae003488be84d2f0c1e57ddb7f39""}","{""python"": ""3.12.10"", ""numpy"": ""2.5.1"", ""pandas"": ""3.0.3"", ""statsmodels"": ""0.14.6"", ""scipy"": ""1.18.0""}"
shard2,386001,87,"(386001, 87)",completed,,pooled (real draws),3f4c04e3b0cdcca44c63043566057eb9537182f5,"{""finite_shot_end_to_end.parquet"": ""22b5e761f461c6bfde7a60a4efa7ac13bc59ae003488be84d2f0c1e57ddb7f39""}","{""python"": ""3.12.10"", ""numpy"": ""2.5.1"", ""pandas"": ""3.0.3"", ""statsmodels"": ""0.14.6"", ""scipy"": ""1.18.0""}"
shard2,386001,88,"(386001, 88)",completed,,pooled (real draws),3f4c04e3b0cdcca44c63043566057eb9537182f5,"{""finite_shot_end_to_end.parquet"": ""22b5e761f461c6bfde7a60a4efa7ac13bc59ae003488be84d2f0c1e57ddb7f39""}","{""python"": ""3.12.10"", ""numpy"": ""2.5.1"", ""pandas"": ""3.0.3"", ""statsmodels"": ""0.14.6"", ""scipy"": ""1.18.0""}"
shard2,386001,89,"(386001, 89)",completed,,pooled (real draws),3f4c04e3b0cdcca44c63043566057eb9537182f5,"{""finite_shot_end_to_end.parquet"": ""22b5e761f461c6bfde7a60a4efa7ac13bc59ae003488be84d2f0c1e57ddb7f39""}","{""python"": ""3.12.10"", ""numpy"": ""2.5.1"", ""pandas"": ""3.0.3"", ""statsmodels"": ""0.14.6"", ""scipy"": ""1.18.0""}"
shard2,386001,90,"(386001, 90)",completed,,pooled (real draws),3f4c04e3b0cdcca44c63043566057eb9537182f5,"{""finite_shot_end_to_end.parquet"": ""22b5e761f461c6bfde7a60a4efa7ac13bc59ae003488be84d2f0c1e57ddb7f39""}","{""python"": ""3.12.10"", ""numpy"": ""2.5.1"", ""pandas"": ""3.0.3"", ""statsmodels"": ""0.14.6"", ""scipy"": ""1.18.0""}"
shard2,386001,91,"(386001, 91)",completed,,pooled (real draws),3f4c04e3b0cdcca44c63043566057eb9537182f5,"{""finite_shot_end_to_end.parquet"": ""22b5e761f461c6bfde7a60a4efa7ac13bc59ae003488be84d2f0c1e57ddb7f39""}","{""python"": ""3.12.10"", ""numpy"": ""2.5.1"", ""pandas"": ""3.0.3"", ""statsmodels"": ""0.14.6"", ""scipy"": ""1.18.0""}"
shard2,386001,92,"(386001, 92)",completed,,pooled (real draws),3f4c04e3b0cdcca44c63043566057eb9537182f5,"{""finite_shot_end_to_end.parquet"": ""22b5e761f461c6bfde7a60a4efa7ac13bc59ae003488be84d2f0c1e57ddb7f39""}","{""python"": ""3.12.10"", ""numpy"": ""2.5.1"", ""pandas"": ""3.0.3"", ""statsmodels"": ""0.14.6"", ""scipy"": ""1.18.0""}"
shard2,386001,93,"(386001, 93)",completed,,pooled (real draws),3f4c04e3b0cdcca44c63043566057eb9537182f5,"{""finite_shot_end_to_end.parquet"": ""22b5e761f461c6bfde7a60a4efa7ac13bc59ae003488be84d2f0c1e57ddb7f39""}","{""python"": ""3.12.10"", ""numpy"": ""2.5.1"", ""pandas"": ""3.0.3"", ""statsmodels"": ""0.14.6"", ""scipy"": ""1.18.0""}"
shard2,386001,94,"(386001, 94)",completed,,pooled (real draws),3f4c04e3b0cdcca44c63043566057eb9537182f5,"{""finite_shot_end_to_end.parquet"": ""22b5e761f461c6bfde7a60a4efa7ac13bc59ae003488be84d2f0c1e57ddb7f39""}","{""python"": ""3.12.10"", ""numpy"": ""2.5.1"", ""pandas"": ""3.0.3"", ""statsmodels"": ""0.14.6"", ""scipy"": ""1.18.0""}"
shard2,386001,95,"(386001, 95)",completed,,pooled (real draws),3f4c04e3b0cdcca44c63043566057eb9537182f5,"{""finite_shot_end_to_end.parquet"": ""22b5e761f461c6bfde7a60a4efa7ac13bc59ae003488be84d2f0c1e57ddb7f39""}","{""python"": ""3.12.10"", ""numpy"": ""2.5.1"", ""pandas"": ""3.0.3"", ""statsmodels"": ""0.14.6"", ""scipy"": ""1.18.0""}"
shard2,386001,96,"(386001, 96)",completed,,pooled (real draws),3f4c04e3b0cdcca44c63043566057eb9537182f5,"{""finite_shot_end_to_end.parquet"": ""22b5e761f461c6bfde7a60a4efa7ac13bc59ae003488be84d2f0c1e57ddb7f39""}","{""python"": ""3.12.10"", ""numpy"": ""2.5.1"", ""pandas"": ""3.0.3"", ""statsmodels"": ""0.14.6"", ""scipy"": ""1.18.0""}"
shard2,386001,97,"(386001, 97)",completed,,pooled (real draws),3f4c04e3b0cdcca44c63043566057eb9537182f5,"{""finite_shot_end_to_end.parquet"": ""22b5e761f461c6bfde7a60a4efa7ac13bc59ae003488be84d2f0c1e57ddb7f39""}","{""python"": ""3.12.10"", ""numpy"": ""2.5.1"", ""pandas"": ""3.0.3"", ""statsmodels"": ""0.14.6"", ""scipy"": ""1.18.0""}"
shard2,386001,98,"(386001, 98)",completed,,pooled (real draws),3f4c04e3b0cdcca44c63043566057eb9537182f5,"{""finite_shot_end_to_end.parquet"": ""22b5e761f461c6bfde7a60a4efa7ac13bc59ae003488be84d2f0c1e57ddb7f39""}","{""python"": ""3.12.10"", ""numpy"": ""2.5.1"", ""pandas"": ""3.0.3"", ""statsmodels"": ""0.14.6"", ""scipy"": ""1.18.0""}"
shard2,386001,99,"(386001, 99)",completed,,pooled (real draws),3f4c04e3b0cdcca44c63043566057eb9537182f5,"{""finite_shot_end_to_end.parquet"": ""22b5e761f461c6bfde7a60a4efa7ac13bc59ae003488be84d2f0c1e57ddb7f39""}","{""python"": ""3.12.10"", ""numpy"": ""2.5.1"", ""pandas"": ""3.0.3"", ""statsmodels"": ""0.14.6"", ""scipy"": ""1.18.0""}"
shard2,386001,100,"(386001, 100)",completed,,pooled (real draws),3f4c04e3b0cdcca44c63043566057eb9537182f5,"{""finite_shot_end_to_end.parquet"": ""22b5e761f461c6bfde7a60a4efa7ac13bc59ae003488be84d2f0c1e57ddb7f39""}","{""python"": ""3.12.10"", ""numpy"": ""2.5.1"", ""pandas"": ""3.0.3"", ""statsmodels"": ""0.14.6"", ""scipy"": ""1.18.0""}"
shard2,386001,101,"(386001, 101)",completed,,pooled (real draws),3f4c04e3b0cdcca44c63043566057eb9537182f5,"{""finite_shot_end_to_end.parquet"": ""22b5e761f461c6bfde7a60a4efa7ac13bc59ae003488be84d2f0c1e57ddb7f39""}","{""python"": ""3.12.10"", ""numpy"": ""2.5.1"", ""pandas"": ""3.0.3"", ""statsmodels"": ""0.14.6"", ""scipy"": ""1.18.0""}"
shard2,386001,102,"(386001, 102)",completed,,pooled (real draws),3f4c04e3b0cdcca44c63043566057eb9537182f5,"{""finite_shot_end_to_end.parquet"": ""22b5e761f461c6bfde7a60a4efa7ac13bc59ae003488be84d2f0c1e57ddb7f39""}","{""python"": ""3.12.10"", ""numpy"": ""2.5.1"", ""pandas"": ""3.0.3"", ""statsmodels"": ""0.14.6"", ""scipy"": ""1.18.0""}"
shard2,386001,103,"(386001, 103)",completed,,pooled (real draws),3f4c04e3b0cdcca44c63043566057eb9537182f5,"{""finite_shot_end_to_end.parquet"": ""22b5e761f461c6bfde7a60a4efa7ac13bc59ae003488be84d2f0c1e57ddb7f39""}","{""python"": ""3.12.10"", ""numpy"": ""2.5.1"", ""pandas"": ""3.0.3"", ""statsmodels"": ""0.14.6"", ""scipy"": ""1.18.0""}"
shard2,386001,104,"(386001, 104)",completed,,pooled (real draws),3f4c04e3b0cdcca44c63043566057eb9537182f5,"{""finite_shot_end_to_end.parquet"": ""22b5e761f461c6bfde7a60a4efa7ac13bc59ae003488be84d2f0c1e57ddb7f39""}","{""python"": ""3.12.10"", ""numpy"": ""2.5.1"", ""pandas"": ""3.0.3"", ""statsmodels"": ""0.14.6"", ""scipy"": ""1.18.0""}"
shard2,386001,105,"(386001, 105)",completed,,pooled (real draws),3f4c04e3b0cdcca44c63043566057eb9537182f5,"{""finite_shot_end_to_end.parquet"": ""22b5e761f461c6bfde7a60a4efa7ac13bc59ae003488be84d2f0c1e57ddb7f39""}","{""python"": ""3.12.10"", ""numpy"": ""2.5.1"", ""pandas"": ""3.0.3"", ""statsmodels"": ""0.14.6"", ""scipy"": ""1.18.0""}"
shard2,386001,106,"(386001, 106)",completed,,pooled (real draws),3f4c04e3b0cdcca44c63043566057eb9537182f5,"{""finite_shot_end_to_end.parquet"": ""22b5e761f461c6bfde7a60a4efa7ac13bc59ae003488be84d2f0c1e57ddb7f39""}","{""python"": ""3.12.10"", ""numpy"": ""2.5.1"", ""pandas"": ""3.0.3"", ""statsmodels"": ""0.14.6"", ""scipy"": ""1.18.0""}"
shard2,386001,107,"(386001, 107)",completed,,pooled (real draws),3f4c04e3b0cdcca44c63043566057eb9537182f5,"{""finite_shot_end_to_end.parquet"": ""22b5e761f461c6bfde7a60a4efa7ac13bc59ae003488be84d2f0c1e57ddb7f39""}","{""python"": ""3.12.10"", ""numpy"": ""2.5.1"", ""pandas"": ""3.0.3"", ""statsmodels"": ""0.14.6"", ""scipy"": ""1.18.0""}"
shard2,386001,108,"(386001, 108)",completed,,pooled (real draws),3f4c04e3b0cdcca44c63043566057eb9537182f5,"{""finite_shot_end_to_end.parquet"": ""22b5e761f461c6bfde7a60a4efa7ac13bc59ae003488be84d2f0c1e57ddb7f39""}","{""python"": ""3.12.10"", ""numpy"": ""2.5.1"", ""pandas"": ""3.0.3"", ""statsmodels"": ""0.14.6"", ""scipy"": ""1.18.0""}"
shard2,386001,109,"(386001, 109)",completed,,pooled (real draws),3f4c04e3b0cdcca44c63043566057eb9537182f5,"{""finite_shot_end_to_end.parquet"": ""22b5e761f461c6bfde7a60a4efa7ac13bc59ae003488be84d2f0c1e57ddb7f39""}","{""python"": ""3.12.10"", ""numpy"": ""2.5.1"", ""pandas"": ""3.0.3"", ""statsmodels"": ""0.14.6"", ""scipy"": ""1.18.0""}"
shard2,386001,110,"(386001, 110)",completed,,pooled (real draws),3f4c04e3b0cdcca44c63043566057eb9537182f5,"{""finite_shot_end_to_end.parquet"": ""22b5e761f461c6bfde7a60a4efa7ac13bc59ae003488be84d2f0c1e57ddb7f39""}","{""python"": ""3.12.10"", ""numpy"": ""2.5.1"", ""pandas"": ""3.0.3"", ""statsmodels"": ""0.14.6"", ""scipy"": ""1.18.0""}"
shard2,386001,111,"(386001, 111)",completed,,pooled (real draws),3f4c04e3b0cdcca44c63043566057eb9537182f5,"{""finite_shot_end_to_end.parquet"": ""22b5e761f461c6bfde7a60a4efa7ac13bc59ae003488be84d2f0c1e57ddb7f39""}","{""python"": ""3.12.10"", ""numpy"": ""2.5.1"", ""pandas"": ""3.0.3"", ""statsmodels"": ""0.14.6"", ""scipy"": ""1.18.0""}"
shard2,386001,112,"(386001, 112)",completed,,pooled (real draws),3f4c04e3b0cdcca44c63043566057eb9537182f5,"{""finite_shot_end_to_end.parquet"": ""22b5e761f461c6bfde7a60a4efa7ac13bc59ae003488be84d2f0c1e57ddb7f39""}","{""python"": ""3.12.10"", ""numpy"": ""2.5.1"", ""pandas"": ""3.0.3"", ""statsmodels"": ""0.14.6"", ""scipy"": ""1.18.0""}"
shard2,386001,113,"(386001, 113)",completed,,pooled (real draws),3f4c04e3b0cdcca44c63043566057eb9537182f5,"{""finite_shot_end_to_end.parquet"": ""22b5e761f461c6bfde7a60a4efa7ac13bc59ae003488be84d2f0c1e57ddb7f39""}","{""python"": ""3.12.10"", ""numpy"": ""2.5.1"", ""pandas"": ""3.0.3"", ""statsmodels"": ""0.14.6"", ""scipy"": ""1.18.0""}"
shard2,386001,114,"(386001, 114)",completed,,pooled (real draws),3f4c04e3b0cdcca44c63043566057eb9537182f5,"{""finite_shot_end_to_end.parquet"": ""22b5e761f461c6bfde7a60a4efa7ac13bc59ae003488be84d2f0c1e57ddb7f39""}","{""python"": ""3.12.10"", ""numpy"": ""2.5.1"", ""pandas"": ""3.0.3"", ""statsmodels"": ""0.14.6"", ""scipy"": ""1.18.0""}"
shard2,386001,115,"(386001, 115)",completed,,pooled (real draws),3f4c04e3b0cdcca44c63043566057eb9537182f5,"{""finite_shot_end_to_end.parquet"": ""22b5e761f461c6bfde7a60a4efa7ac13bc59ae003488be84d2f0c1e57ddb7f39""}","{""python"": ""3.12.10"", ""numpy"": ""2.5.1"", ""pandas"": ""3.0.3"", ""statsmodels"": ""0.14.6"", ""scipy"": ""1.18.0""}"
shard2,386001,116,"(386001, 116)",completed,,pooled (real draws),3f4c04e3b0cdcca44c63043566057eb9537182f5,"{""finite_shot_end_to_end.parquet"": ""22b5e761f461c6bfde7a60a4efa7ac13bc59ae003488be84d2f0c1e57ddb7f39""}","{""python"": ""3.12.10"", ""numpy"": ""2.5.1"", ""pandas"": ""3.0.3"", ""statsmodels"": ""0.14.6"", ""scipy"": ""1.18.0""}"
shard2,386001,117,"(386001, 117)",completed,,pooled (real draws),3f4c04e3b0cdcca44c63043566057eb9537182f5,"{""finite_shot_end_to_end.parquet"": ""22b5e761f461c6bfde7a60a4efa7ac13bc59ae003488be84d2f0c1e57ddb7f39""}","{""python"": ""3.12.10"", ""numpy"": ""2.5.1"", ""pandas"": ""3.0.3"", ""statsmodels"": ""0.14.6"", ""scipy"": ""1.18.0""}"
shard2,386001,118,"(386001, 118)",completed,,pooled (real draws),3f4c04e3b0cdcca44c63043566057eb9537182f5,"{""finite_shot_end_to_end.parquet"": ""22b5e761f461c6bfde7a60a4efa7ac13bc59ae003488be84d2f0c1e57ddb7f39""}","{""python"": ""3.12.10"", ""numpy"": ""2.5.1"", ""pandas"": ""3.0.3"", ""statsmodels"": ""0.14.6"", ""scipy"": ""1.18.0""}"
shard2,386001,119,"(386001, 119)",completed,,pooled (real draws),3f4c04e3b0cdcca44c63043566057eb9537182f5,"{""finite_shot_end_to_end.parquet"": ""22b5e761f461c6bfde7a60a4efa7ac13bc59ae003488be84d2f0c1e57ddb7f39""}","{""python"": ""3.12.10"", ""numpy"": ""2.5.1"", ""pandas"": ""3.0.3"", ""statsmodels"": ""0.14.6"", ""scipy"": ""1.18.0""}"
shard2,386001,120,"(386001, 120)",completed,,pooled (real draws),3f4c04e3b0cdcca44c63043566057eb9537182f5,"{""finite_shot_end_to_end.parquet"": ""22b5e761f461c6bfde7a60a4efa7ac13bc59ae003488be84d2f0c1e57ddb7f39""}","{""python"": ""3.12.10"", ""numpy"": ""2.5.1"", ""pandas"": ""3.0.3"", ""statsmodels"": ""0.14.6"", ""scipy"": ""1.18.0""}"
shard2,386001,121,"(386001, 121)",completed,,pooled (real draws),3f4c04e3b0cdcca44c63043566057eb9537182f5,"{""finite_shot_end_to_end.parquet"": ""22b5e761f461c6bfde7a60a4efa7ac13bc59ae003488be84d2f0c1e57ddb7f39""}","{""python"": ""3.12.10"", ""numpy"": ""2.5.1"", ""pandas"": ""3.0.3"", ""statsmodels"": ""0.14.6"", ""scipy"": ""1.18.0""}"
shard2,386001,122,"(386001, 122)",completed,,pooled (real draws),3f4c04e3b0cdcca44c63043566057eb9537182f5,"{""finite_shot_end_to_end.parquet"": ""22b5e761f461c6bfde7a60a4efa7ac13bc59ae003488be84d2f0c1e57ddb7f39""}","{""python"": ""3.12.10"", ""numpy"": ""2.5.1"", ""pandas"": ""3.0.3"", ""statsmodels"": ""0.14.6"", ""scipy"": ""1.18.0""}"
shard2,386001,123,"(386001, 123)",completed,,pooled (real draws),3f4c04e3b0cdcca44c63043566057eb9537182f5,"{""finite_shot_end_to_end.parquet"": ""22b5e761f461c6bfde7a60a4efa7ac13bc59ae003488be84d2f0c1e57ddb7f39""}","{""python"": ""3.12.10"", ""numpy"": ""2.5.1"", ""pandas"": ""3.0.3"", ""statsmodels"": ""0.14.6"", ""scipy"": ""1.18.0""}"
shard2,386001,124,"(386001, 124)",completed,,pooled (real draws),3f4c04e3b0cdcca44c63043566057eb9537182f5,"{""finite_shot_end_to_end.parquet"": ""22b5e761f461c6bfde7a60a4efa7ac13bc59ae003488be84d2f0c1e57ddb7f39""}","{""python"": ""3.12.10"", ""numpy"": ""2.5.1"", ""pandas"": ""3.0.3"", ""statsmodels"": ""0.14.6"", ""scipy"": ""1.18.0""}"
shard2,386001,125,"(386001, 125)",completed,,pooled (real draws),3f4c04e3b0cdcca44c63043566057eb9537182f5,"{""finite_shot_end_to_end.parquet"": ""22b5e761f461c6bfde7a60a4efa7ac13bc59ae003488be84d2f0c1e57ddb7f39""}","{""python"": ""3.12.10"", ""numpy"": ""2.5.1"", ""pandas"": ""3.0.3"", ""statsmodels"": ""0.14.6"", ""scipy"": ""1.18.0""}"
shard2,386001,126,"(386001, 126)",completed,,pooled (real draws),3f4c04e3b0cdcca44c63043566057eb9537182f5,"{""finite_shot_end_to_end.parquet"": ""22b5e761f461c6bfde7a60a4efa7ac13bc59ae003488be84d2f0c1e57ddb7f39""}","{""python"": ""3.12.10"", ""numpy"": ""2.5.1"", ""pandas"": ""3.0.3"", ""statsmodels"": ""0.14.6"", ""scipy"": ""1.18.0""}"
shard2,386001,127,"(386001, 127)",completed,,pooled (real draws),3f4c04e3b0cdcca44c63043566057eb9537182f5,"{""finite_shot_end_to_end.parquet"": ""22b5e761f461c6bfde7a60a4efa7ac13bc59ae003488be84d2f0c1e57ddb7f39""}","{""python"": ""3.12.10"", ""numpy"": ""2.5.1"", ""pandas"": ""3.0.3"", ""statsmodels"": ""0.14.6"", ""scipy"": ""1.18.0""}"
shard2,386001,128,"(386001, 128)",completed,,pooled (real draws),3f4c04e3b0cdcca44c63043566057eb9537182f5,"{""finite_shot_end_to_end.parquet"": ""22b5e761f461c6bfde7a60a4efa7ac13bc59ae003488be84d2f0c1e57ddb7f39""}","{""python"": ""3.12.10"", ""numpy"": ""2.5.1"", ""pandas"": ""3.0.3"", ""statsmodels"": ""0.14.6"", ""scipy"": ""1.18.0""}"
shard2,386001,129,"(386001, 129)",completed,,pooled (real draws),3f4c04e3b0cdcca44c63043566057eb9537182f5,"{""finite_shot_end_to_end.parquet"": ""22b5e761f461c6bfde7a60a4efa7ac13bc59ae003488be84d2f0c1e57ddb7f39""}","{""python"": ""3.12.10"", ""numpy"": ""2.5.1"", ""pandas"": ""3.0.3"", ""statsmodels"": ""0.14.6"", ""scipy"": ""1.18.0""}"
shard2,386001,130,"(386001, 130)",completed,,pooled (real draws),3f4c04e3b0cdcca44c63043566057eb9537182f5,"{""finite_shot_end_to_end.parquet"": ""22b5e761f461c6bfde7a60a4efa7ac13bc59ae003488be84d2f0c1e57ddb7f39""}","{""python"": ""3.12.10"", ""numpy"": ""2.5.1"", ""pandas"": ""3.0.3"", ""statsmodels"": ""0.14.6"", ""scipy"": ""1.18.0""}"
shard2,386001,131,"(386001, 131)",completed,,pooled (real draws),3f4c04e3b0cdcca44c63043566057eb9537182f5,"{""finite_shot_end_to_end.parquet"": ""22b5e761f461c6bfde7a60a4efa7ac13bc59ae003488be84d2f0c1e57ddb7f39""}","{""python"": ""3.12.10"", ""numpy"": ""2.5.1"", ""pandas"": ""3.0.3"", ""statsmodels"": ""0.14.6"", ""scipy"": ""1.18.0""}"
shard2,386001,132,"(386001, 132)",completed,,pooled (real draws),3f4c04e3b0cdcca44c63043566057eb9537182f5,"{""finite_shot_end_to_end.parquet"": ""22b5e761f461c6bfde7a60a4efa7ac13bc59ae003488be84d2f0c1e57ddb7f39""}","{""python"": ""3.12.10"", ""numpy"": ""2.5.1"", ""pandas"": ""3.0.3"", ""statsmodels"": ""0.14.6"", ""scipy"": ""1.18.0""}"
shard2,386001,133,"(386001, 133)",completed,,pooled (real draws),3f4c04e3b0cdcca44c63043566057eb9537182f5,"{""finite_shot_end_to_end.parquet"": ""22b5e761f461c6bfde7a60a4efa7ac13bc59ae003488be84d2f0c1e57ddb7f39""}","{""python"": ""3.12.10"", ""numpy"": ""2.5.1"", ""pandas"": ""3.0.3"", ""statsmodels"": ""0.14.6"", ""scipy"": ""1.18.0""}"
shard2,386001,134,"(386001, 134)",completed,,pooled (real draws),3f4c04e3b0cdcca44c63043566057eb9537182f5,"{""finite_shot_end_to_end.parquet"": ""22b5e761f461c6bfde7a60a4efa7ac13bc59ae003488be84d2f0c1e57ddb7f39""}","{""python"": ""3.12.10"", ""numpy"": ""2.5.1"", ""pandas"": ""3.0.3"", ""statsmodels"": ""0.14.6"", ""scipy"": ""1.18.0""}"
shard2,386001,135,"(386001, 135)",completed,,pooled (real draws),3f4c04e3b0cdcca44c63043566057eb9537182f5,"{""finite_shot_end_to_end.parquet"": ""22b5e761f461c6bfde7a60a4efa7ac13bc59ae003488be84d2f0c1e57ddb7f39""}","{""python"": ""3.12.10"", ""numpy"": ""2.5.1"", ""pandas"": ""3.0.3"", ""statsmodels"": ""0.14.6"", ""scipy"": ""1.18.0""}"
shard2,386001,136,"(386001, 136)",completed,,pooled (real draws),3f4c04e3b0cdcca44c63043566057eb9537182f5,"{""finite_shot_end_to_end.parquet"": ""22b5e761f461c6bfde7a60a4efa7ac13bc59ae003488be84d2f0c1e57ddb7f39""}","{""python"": ""3.12.10"", ""numpy"": ""2.5.1"", ""pandas"": ""3.0.3"", ""statsmodels"": ""0.14.6"", ""scipy"": ""1.18.0""}"
shard2,386001,137,"(386001, 137)",completed,,pooled (real draws),3f4c04e3b0cdcca44c63043566057eb9537182f5,"{""finite_shot_end_to_end.parquet"": ""22b5e761f461c6bfde7a60a4efa7ac13bc59ae003488be84d2f0c1e57ddb7f39""}","{""python"": ""3.12.10"", ""numpy"": ""2.5.1"", ""pandas"": ""3.0.3"", ""statsmodels"": ""0.14.6"", ""scipy"": ""1.18.0""}"
shard2,386001,138,"(386001, 138)",completed,,pooled (real draws),3f4c04e3b0cdcca44c63043566057eb9537182f5,"{""finite_shot_end_to_end.parquet"": ""22b5e761f461c6bfde7a60a4efa7ac13bc59ae003488be84d2f0c1e57ddb7f39""}","{""python"": ""3.12.10"", ""numpy"": ""2.5.1"", ""pandas"": ""3.0.3"", ""statsmodels"": ""0.14.6"", ""scipy"": ""1.18.0""}"
shard2,386001,139,"(386001, 139)",completed,,pooled (real draws),3f4c04e3b0cdcca44c63043566057eb9537182f5,"{""finite_shot_end_to_end.parquet"": ""22b5e761f461c6bfde7a60a4efa7ac13bc59ae003488be84d2f0c1e57ddb7f39""}","{""python"": ""3.12.10"", ""numpy"": ""2.5.1"", ""pandas"": ""3.0.3"", ""statsmodels"": ""0.14.6"", ""scipy"": ""1.18.0""}"
shard2,386001,140,"(386001, 140)",completed,,pooled (real draws),3f4c04e3b0cdcca44c63043566057eb9537182f5,"{""finite_shot_end_to_end.parquet"": ""22b5e761f461c6bfde7a60a4efa7ac13bc59ae003488be84d2f0c1e57ddb7f39""}","{""python"": ""3.12.10"", ""numpy"": ""2.5.1"", ""pandas"": ""3.0.3"", ""statsmodels"": ""0.14.6"", ""scipy"": ""1.18.0""}"
shard2,386001,141,"(386001, 141)",completed,,pooled (real draws),3f4c04e3b0cdcca44c63043566057eb9537182f5,"{""finite_shot_end_to_end.parquet"": ""22b5e761f461c6bfde7a60a4efa7ac13bc59ae003488be84d2f0c1e57ddb7f39""}","{""python"": ""3.12.10"", ""numpy"": ""2.5.1"", ""pandas"": ""3.0.3"", ""statsmodels"": ""0.14.6"", ""scipy"": ""1.18.0""}"
shard2,386001,142,"(386001, 142)",completed,,pooled (real draws),3f4c04e3b0cdcca44c63043566057eb9537182f5,"{""finite_shot_end_to_end.parquet"": ""22b5e761f461c6bfde7a60a4efa7ac13bc59ae003488be84d2f0c1e57ddb7f39""}","{""python"": ""3.12.10"", ""numpy"": ""2.5.1"", ""pandas"": ""3.0.3"", ""statsmodels"": ""0.14.6"", ""scipy"": ""1.18.0""}"
shard2,386001,143,"(386001, 143)",completed,,pooled (real draws),3f4c04e3b0cdcca44c63043566057eb9537182f5,"{""finite_shot_end_to_end.parquet"": ""22b5e761f461c6bfde7a60a4efa7ac13bc59ae003488be84d2f0c1e57ddb7f39""}","{""python"": ""3.12.10"", ""numpy"": ""2.5.1"", ""pandas"": ""3.0.3"", ""statsmodels"": ""0.14.6"", ""scipy"": ""1.18.0""}"
shard2,386001,144,"(386001, 144)",completed,,pooled (real draws),3f4c04e3b0cdcca44c63043566057eb9537182f5,"{""finite_shot_end_to_end.parquet"": ""22b5e761f461c6bfde7a60a4efa7ac13bc59ae003488be84d2f0c1e57ddb7f39""}","{""python"": ""3.12.10"", ""numpy"": ""2.5.1"", ""pandas"": ""3.0.3"", ""statsmodels"": ""0.14.6"", ""scipy"": ""1.18.0""}"
